<?xml version="1.0" encoding="UTF-8"?>
<gpx version="1.1" creator="Gpx-Optimizer" xmlns="http://www.topografix.com/GPX/1/1">
<trk>
  <name>Hochgall/SchnebigerNock</name>
  <type>hike</type>
  <trkseg>
    <trkpt lat="46.94555" lon="12.06407"><ele>1549</ele></trkpt>
    <trkpt lat="46.94527" lon="12.06412"><ele>1548</ele></trkpt>
    <trkpt lat="46.94511" lon="12.06419"><ele>1548</ele></trkpt>
    <trkpt lat="46.94494" lon="12.06431"><ele>1554</ele></trkpt>
    <trkpt lat="46.94479" lon="12.06446"><ele>1560</ele></trkpt>
    <trkpt lat="46.94462" lon="12.06455"><ele>1559</ele></trkpt>
    <trkpt lat="46.94456" lon="12.06470"><ele>1553</ele></trkpt>
    <trkpt lat="46.94436" lon="12.06481"><ele>1552</ele></trkpt>
    <trkpt lat="46.94413" lon="12.06480"><ele>1553</ele></trkpt>
    <trkpt lat="46.94389" lon="12.06488"><ele>1552</ele></trkpt>
    <trkpt lat="46.94364" lon="12.06490"><ele>1553</ele></trkpt>
    <trkpt lat="46.94345" lon="12.06492"><ele>1554</ele></trkpt>
    <trkpt lat="46.94327" lon="12.06486"><ele>1557</ele></trkpt>
    <trkpt lat="46.94313" lon="12.06483"><ele>1554</ele></trkpt>
    <trkpt lat="46.94300" lon="12.06484"><ele>1557</ele></trkpt>
    <trkpt lat="46.94296" lon="12.06498"><ele>1558</ele></trkpt>
    <trkpt lat="46.94282" lon="12.06511"><ele>1563</ele></trkpt>
    <trkpt lat="46.94273" lon="12.06522"><ele>1573</ele></trkpt>
    <trkpt lat="46.94265" lon="12.06543"><ele>1577</ele></trkpt>
    <trkpt lat="46.94253" lon="12.06553"><ele>1581</ele></trkpt>
    <trkpt lat="46.94244" lon="12.06540"><ele>1574</ele></trkpt>
    <trkpt lat="46.94237" lon="12.06551"><ele>1584</ele></trkpt>
    <trkpt lat="46.94235" lon="12.06565"><ele>1595</ele></trkpt>
    <trkpt lat="46.94239" lon="12.06580"><ele>1603</ele></trkpt>
    <trkpt lat="46.94239" lon="12.06612"><ele>1599</ele></trkpt>
    <trkpt lat="46.94239" lon="12.06626"><ele>1601</ele></trkpt>
    <trkpt lat="46.94243" lon="12.06641"><ele>1604</ele></trkpt>
    <trkpt lat="46.94246" lon="12.06656"><ele>1603</ele></trkpt>
    <trkpt lat="46.94245" lon="12.06672"><ele>1604</ele></trkpt>
    <trkpt lat="46.94244" lon="12.06696"><ele>1613</ele></trkpt>
    <trkpt lat="46.94228" lon="12.06677"><ele>1613</ele></trkpt>
    <trkpt lat="46.94221" lon="12.06686"><ele>1616</ele></trkpt>
    <trkpt lat="46.94222" lon="12.06713"><ele>1614</ele></trkpt>
    <trkpt lat="46.94230" lon="12.06728"><ele>1614</ele></trkpt>
    <trkpt lat="46.94213" lon="12.06731"><ele>1625</ele></trkpt>
    <trkpt lat="46.94204" lon="12.06724"><ele>1632</ele></trkpt>
    <trkpt lat="46.94205" lon="12.06709"><ele>1628</ele></trkpt>
    <trkpt lat="46.94203" lon="12.06696"><ele>1629</ele></trkpt>
    <trkpt lat="46.94198" lon="12.06684"><ele>1633</ele></trkpt>
    <trkpt lat="46.94191" lon="12.06673"><ele>1635</ele></trkpt>
    <trkpt lat="46.94184" lon="12.06685"><ele>1632</ele></trkpt>
    <trkpt lat="46.94183" lon="12.06708"><ele>1644</ele></trkpt>
    <trkpt lat="46.94182" lon="12.06727"><ele>1647</ele></trkpt>
    <trkpt lat="46.94180" lon="12.06751"><ele>1656</ele></trkpt>
    <trkpt lat="46.94166" lon="12.06764"><ele>1664</ele></trkpt>
    <trkpt lat="46.94159" lon="12.06779"><ele>1657</ele></trkpt>
    <trkpt lat="46.94155" lon="12.06805"><ele>1666</ele></trkpt>
    <trkpt lat="46.94151" lon="12.06823"><ele>1668</ele></trkpt>
    <trkpt lat="46.94147" lon="12.06847"><ele>1677</ele></trkpt>
    <trkpt lat="46.94144" lon="12.06863"><ele>1677</ele></trkpt>
    <trkpt lat="46.94136" lon="12.06842"><ele>1682</ele></trkpt>
    <trkpt lat="46.94125" lon="12.06845"><ele>1692</ele></trkpt>
    <trkpt lat="46.94122" lon="12.06860"><ele>1701</ele></trkpt>
    <trkpt lat="46.94114" lon="12.06875"><ele>1696</ele></trkpt>
    <trkpt lat="46.94104" lon="12.06883"><ele>1698</ele></trkpt>
    <trkpt lat="46.94094" lon="12.06891"><ele>1698</ele></trkpt>
    <trkpt lat="46.94098" lon="12.06906"><ele>1697</ele></trkpt>
    <trkpt lat="46.94098" lon="12.06932"><ele>1704</ele></trkpt>
    <trkpt lat="46.94089" lon="12.06959"><ele>1711</ele></trkpt>
    <trkpt lat="46.94079" lon="12.06978"><ele>1729</ele></trkpt>
    <trkpt lat="46.94077" lon="12.06997"><ele>1727</ele></trkpt>
    <trkpt lat="46.94069" lon="12.07008"><ele>1729</ele></trkpt>
    <trkpt lat="46.94061" lon="12.07022"><ele>1732</ele></trkpt>
    <trkpt lat="46.94058" lon="12.07037"><ele>1737</ele></trkpt>
    <trkpt lat="46.94058" lon="12.07051"><ele>1743</ele></trkpt>
    <trkpt lat="46.94047" lon="12.07054"><ele>1740</ele></trkpt>
    <trkpt lat="46.94040" lon="12.07067"><ele>1742</ele></trkpt>
    <trkpt lat="46.94036" lon="12.07090"><ele>1736</ele></trkpt>
    <trkpt lat="46.94030" lon="12.07112"><ele>1737</ele></trkpt>
    <trkpt lat="46.94026" lon="12.07125"><ele>1739</ele></trkpt>
    <trkpt lat="46.94018" lon="12.07137"><ele>1740</ele></trkpt>
    <trkpt lat="46.94014" lon="12.07151"><ele>1748</ele></trkpt>
    <trkpt lat="46.94010" lon="12.07163"><ele>1745</ele></trkpt>
    <trkpt lat="46.94005" lon="12.07177"><ele>1745</ele></trkpt>
    <trkpt lat="46.94010" lon="12.07206"><ele>1760</ele></trkpt>
    <trkpt lat="46.93998" lon="12.07224"><ele>1763</ele></trkpt>
    <trkpt lat="46.93996" lon="12.07241"><ele>1753</ele></trkpt>
    <trkpt lat="46.93992" lon="12.07253"><ele>1761</ele></trkpt>
    <trkpt lat="46.93977" lon="12.07268"><ele>1765</ele></trkpt>
    <trkpt lat="46.93972" lon="12.07279"><ele>1774</ele></trkpt>
    <trkpt lat="46.93971" lon="12.07297"><ele>1777</ele></trkpt>
    <trkpt lat="46.93965" lon="12.07320"><ele>1783</ele></trkpt>
    <trkpt lat="46.93949" lon="12.07342"><ele>1783</ele></trkpt>
    <trkpt lat="46.93946" lon="12.07364"><ele>1782</ele></trkpt>
    <trkpt lat="46.93941" lon="12.07375"><ele>1785</ele></trkpt>
    <trkpt lat="46.93935" lon="12.07398"><ele>1797</ele></trkpt>
    <trkpt lat="46.93926" lon="12.07419"><ele>1811</ele></trkpt>
    <trkpt lat="46.93918" lon="12.07436"><ele>1820</ele></trkpt>
    <trkpt lat="46.93916" lon="12.07458"><ele>1825</ele></trkpt>
    <trkpt lat="46.93906" lon="12.07467"><ele>1827</ele></trkpt>
    <trkpt lat="46.93896" lon="12.07480"><ele>1779</ele></trkpt>
    <trkpt lat="46.93892" lon="12.07496"><ele>1815</ele></trkpt>
    <trkpt lat="46.93886" lon="12.07516"><ele>1827</ele></trkpt>
    <trkpt lat="46.93874" lon="12.07529"><ele>1833</ele></trkpt>
    <trkpt lat="46.93881" lon="12.07552"><ele>1835</ele></trkpt>
    <trkpt lat="46.93871" lon="12.07562"><ele>1841</ele></trkpt>
    <trkpt lat="46.93860" lon="12.07579"><ele>1840</ele></trkpt>
    <trkpt lat="46.93847" lon="12.07599"><ele>1852</ele></trkpt>
    <trkpt lat="46.93835" lon="12.07606"><ele>1847</ele></trkpt>
    <trkpt lat="46.93824" lon="12.07618"><ele>1846</ele></trkpt>
    <trkpt lat="46.93815" lon="12.07630"><ele>1846</ele></trkpt>
    <trkpt lat="46.93805" lon="12.07638"><ele>1848</ele></trkpt>
    <trkpt lat="46.93791" lon="12.07654"><ele>1854</ele></trkpt>
    <trkpt lat="46.93786" lon="12.07668"><ele>1857</ele></trkpt>
    <trkpt lat="46.93782" lon="12.07682"><ele>1845</ele></trkpt>
    <trkpt lat="46.93775" lon="12.07703"><ele>1855</ele></trkpt>
    <trkpt lat="46.93769" lon="12.07717"><ele>1858</ele></trkpt>
    <trkpt lat="46.93753" lon="12.07735"><ele>1858</ele></trkpt>
    <trkpt lat="46.93744" lon="12.07755"><ele>1866</ele></trkpt>
    <trkpt lat="46.93736" lon="12.07768"><ele>1869</ele></trkpt>
    <trkpt lat="46.93722" lon="12.07786"><ele>1832</ele></trkpt>
    <trkpt lat="46.93716" lon="12.07801"><ele>1877</ele></trkpt>
    <trkpt lat="46.93712" lon="12.07777"><ele>1887</ele></trkpt>
    <trkpt lat="46.93702" lon="12.07765"><ele>1884</ele></trkpt>
    <trkpt lat="46.93694" lon="12.07775"><ele>1884</ele></trkpt>
    <trkpt lat="46.93677" lon="12.07796"><ele>1898</ele></trkpt>
    <trkpt lat="46.93670" lon="12.07804"><ele>1898</ele></trkpt>
    <trkpt lat="46.93655" lon="12.07821"><ele>1904</ele></trkpt>
    <trkpt lat="46.93635" lon="12.07841"><ele>1898</ele></trkpt>
    <trkpt lat="46.93621" lon="12.07860"><ele>1899</ele></trkpt>
    <trkpt lat="46.93618" lon="12.07879"><ele>1906</ele></trkpt>
    <trkpt lat="46.93606" lon="12.07887"><ele>1908</ele></trkpt>
    <trkpt lat="46.93598" lon="12.07907"><ele>1922</ele></trkpt>
    <trkpt lat="46.93587" lon="12.07913"><ele>1916</ele></trkpt>
    <trkpt lat="46.93569" lon="12.07927"><ele>1917</ele></trkpt>
    <trkpt lat="46.93559" lon="12.07946"><ele>1925</ele></trkpt>
    <trkpt lat="46.93558" lon="12.07964"><ele>1934</ele></trkpt>
    <trkpt lat="46.93565" lon="12.07991"><ele>1924</ele></trkpt>
    <trkpt lat="46.93554" lon="12.08008"><ele>1948</ele></trkpt>
    <trkpt lat="46.93542" lon="12.08027"><ele>1951</ele></trkpt>
    <trkpt lat="46.93535" lon="12.08049"><ele>1958</ele></trkpt>
    <trkpt lat="46.93516" lon="12.08061"><ele>1966</ele></trkpt>
    <trkpt lat="46.93505" lon="12.08062"><ele>1965</ele></trkpt>
    <trkpt lat="46.93481" lon="12.08074"><ele>1965</ele></trkpt>
    <trkpt lat="46.93466" lon="12.08074"><ele>1971</ele></trkpt>
    <trkpt lat="46.93454" lon="12.08083"><ele>1976</ele></trkpt>
    <trkpt lat="46.93441" lon="12.08096"><ele>1973</ele></trkpt>
    <trkpt lat="46.93430" lon="12.08111"><ele>1970</ele></trkpt>
    <trkpt lat="46.93430" lon="12.08133"><ele>1970</ele></trkpt>
    <trkpt lat="46.93422" lon="12.08153"><ele>1977</ele></trkpt>
    <trkpt lat="46.93414" lon="12.08167"><ele>1976</ele></trkpt>
    <trkpt lat="46.93408" lon="12.08193"><ele>1977</ele></trkpt>
    <trkpt lat="46.93400" lon="12.08202"><ele>1979</ele></trkpt>
    <trkpt lat="46.93391" lon="12.08206"><ele>1980</ele></trkpt>
    <trkpt lat="46.93380" lon="12.08232"><ele>1985</ele></trkpt>
    <trkpt lat="46.93374" lon="12.08256"><ele>1986</ele></trkpt>
    <trkpt lat="46.93372" lon="12.08271"><ele>1995</ele></trkpt>
    <trkpt lat="46.93364" lon="12.08286"><ele>1993</ele></trkpt>
    <trkpt lat="46.93363" lon="12.08305"><ele>1996</ele></trkpt>
    <trkpt lat="46.93361" lon="12.08319"><ele>1992</ele></trkpt>
    <trkpt lat="46.93357" lon="12.08342"><ele>2003</ele></trkpt>
    <trkpt lat="46.93358" lon="12.08359"><ele>1999</ele></trkpt>
    <trkpt lat="46.93361" lon="12.08373"><ele>1998</ele></trkpt>
    <trkpt lat="46.93366" lon="12.08396"><ele>2002</ele></trkpt>
    <trkpt lat="46.93354" lon="12.08379"><ele>2005</ele></trkpt>
    <trkpt lat="46.93341" lon="12.08381"><ele>2005</ele></trkpt>
    <trkpt lat="46.93344" lon="12.08395"><ele>2007</ele></trkpt>
    <trkpt lat="46.93350" lon="12.08419"><ele>2009</ele></trkpt>
    <trkpt lat="46.93356" lon="12.08443"><ele>2009</ele></trkpt>
    <trkpt lat="46.93366" lon="12.08464"><ele>2028</ele></trkpt>
    <trkpt lat="46.93367" lon="12.08490"><ele>2029</ele></trkpt>
    <trkpt lat="46.93368" lon="12.08518"><ele>2033</ele></trkpt>
    <trkpt lat="46.93371" lon="12.08542"><ele>2031</ele></trkpt>
    <trkpt lat="46.93372" lon="12.08579"><ele>2033</ele></trkpt>
    <trkpt lat="46.93376" lon="12.08603"><ele>2034</ele></trkpt>
    <trkpt lat="46.93376" lon="12.08625"><ele>2036</ele></trkpt>
    <trkpt lat="46.93375" lon="12.08649"><ele>2036</ele></trkpt>
    <trkpt lat="46.93378" lon="12.08666"><ele>2043</ele></trkpt>
    <trkpt lat="46.93378" lon="12.08692"><ele>2051</ele></trkpt>
    <trkpt lat="46.93372" lon="12.08714"><ele>2056</ele></trkpt>
    <trkpt lat="46.93354" lon="12.08737"><ele>2062</ele></trkpt>
    <trkpt lat="46.93342" lon="12.08758"><ele>2067</ele></trkpt>
    <trkpt lat="46.93339" lon="12.08779"><ele>2072</ele></trkpt>
    <trkpt lat="46.93331" lon="12.08801"><ele>2071</ele></trkpt>
    <trkpt lat="46.93326" lon="12.08826"><ele>2067</ele></trkpt>
    <trkpt lat="46.93317" lon="12.08845"><ele>2066</ele></trkpt>
    <trkpt lat="46.93310" lon="12.08868"><ele>2070</ele></trkpt>
    <trkpt lat="46.93308" lon="12.08891"><ele>2070</ele></trkpt>
    <trkpt lat="46.93299" lon="12.08916"><ele>2066</ele></trkpt>
    <trkpt lat="46.93290" lon="12.08940"><ele>2069</ele></trkpt>
    <trkpt lat="46.93281" lon="12.08963"><ele>2045</ele></trkpt>
    <trkpt lat="46.93272" lon="12.08981"><ele>2075</ele></trkpt>
    <trkpt lat="46.93259" lon="12.09007"><ele>2072</ele></trkpt>
    <trkpt lat="46.93245" lon="12.09020"><ele>2067</ele></trkpt>
    <trkpt lat="46.93234" lon="12.09036"><ele>2069</ele></trkpt>
    <trkpt lat="46.93218" lon="12.09051"><ele>2065</ele></trkpt>
    <trkpt lat="46.93206" lon="12.09070"><ele>2069</ele></trkpt>
    <trkpt lat="46.93195" lon="12.09093"><ele>2064</ele></trkpt>
    <trkpt lat="46.93192" lon="12.09120"><ele>2055</ele></trkpt>
    <trkpt lat="46.93186" lon="12.09142"><ele>2054</ele></trkpt>
    <trkpt lat="46.93183" lon="12.09163"><ele>2065</ele></trkpt>
    <trkpt lat="46.93180" lon="12.09191"><ele>2067</ele></trkpt>
    <trkpt lat="46.93172" lon="12.09210"><ele>2069</ele></trkpt>
    <trkpt lat="46.93176" lon="12.09228"><ele>2070</ele></trkpt>
    <trkpt lat="46.93187" lon="12.09248"><ele>2073</ele></trkpt>
    <trkpt lat="46.93168" lon="12.09276"><ele>2074</ele></trkpt>
    <trkpt lat="46.93154" lon="12.09287"><ele>2080</ele></trkpt>
    <trkpt lat="46.93146" lon="12.09302"><ele>2078</ele></trkpt>
    <trkpt lat="46.93132" lon="12.09312"><ele>2087</ele></trkpt>
    <trkpt lat="46.93118" lon="12.09331"><ele>2078</ele></trkpt>
    <trkpt lat="46.93106" lon="12.09344"><ele>2080</ele></trkpt>
    <trkpt lat="46.93090" lon="12.09356"><ele>2082</ele></trkpt>
    <trkpt lat="46.93077" lon="12.09371"><ele>2077</ele></trkpt>
    <trkpt lat="46.93066" lon="12.09387"><ele>2080</ele></trkpt>
    <trkpt lat="46.93061" lon="12.09402"><ele>2088</ele></trkpt>
    <trkpt lat="46.93049" lon="12.09411"><ele>2084</ele></trkpt>
    <trkpt lat="46.93039" lon="12.09420"><ele>2092</ele></trkpt>
    <trkpt lat="46.93028" lon="12.09429"><ele>2096</ele></trkpt>
    <trkpt lat="46.93015" lon="12.09440"><ele>2095</ele></trkpt>
    <trkpt lat="46.93005" lon="12.09450"><ele>2096</ele></trkpt>
    <trkpt lat="46.92996" lon="12.09463"><ele>2096</ele></trkpt>
    <trkpt lat="46.92987" lon="12.09476"><ele>2100</ele></trkpt>
    <trkpt lat="46.92981" lon="12.09491"><ele>2100</ele></trkpt>
    <trkpt lat="46.92974" lon="12.09505"><ele>2100</ele></trkpt>
    <trkpt lat="46.92971" lon="12.09524"><ele>2101</ele></trkpt>
    <trkpt lat="46.92965" lon="12.09534"><ele>2098</ele></trkpt>
    <trkpt lat="46.92956" lon="12.09545"><ele>2101</ele></trkpt>
    <trkpt lat="46.92955" lon="12.09561"><ele>2101</ele></trkpt>
    <trkpt lat="46.92938" lon="12.09579"><ele>2107</ele></trkpt>
    <trkpt lat="46.92930" lon="12.09590"><ele>2111</ele></trkpt>
    <trkpt lat="46.92919" lon="12.09606"><ele>2114</ele></trkpt>
    <trkpt lat="46.92911" lon="12.09619"><ele>2113</ele></trkpt>
    <trkpt lat="46.92897" lon="12.09628"><ele>2107</ele></trkpt>
    <trkpt lat="46.92892" lon="12.09641"><ele>2109</ele></trkpt>
    <trkpt lat="46.92905" lon="12.09648"><ele>2107</ele></trkpt>
    <trkpt lat="46.92884" lon="12.09652"><ele>2107</ele></trkpt>
    <trkpt lat="46.92869" lon="12.09657"><ele>2109</ele></trkpt>
    <trkpt lat="46.92858" lon="12.09659"><ele>2120</ele></trkpt>
    <trkpt lat="46.92866" lon="12.09675"><ele>2122</ele></trkpt>
    <trkpt lat="46.92876" lon="12.09706"><ele>2121</ele></trkpt>
    <trkpt lat="46.92880" lon="12.09728"><ele>2118</ele></trkpt>
    <trkpt lat="46.92885" lon="12.09747"><ele>2097</ele></trkpt>
    <trkpt lat="46.92895" lon="12.09766"><ele>2118</ele></trkpt>
    <trkpt lat="46.92899" lon="12.09782"><ele>2018</ele></trkpt>
    <trkpt lat="46.92907" lon="12.09795"><ele>2117</ele></trkpt>
    <trkpt lat="46.92919" lon="12.09803"><ele>2122</ele></trkpt>
    <trkpt lat="46.92926" lon="12.09827"><ele>2136</ele></trkpt>
    <trkpt lat="46.92909" lon="12.09829"><ele>2151</ele></trkpt>
    <trkpt lat="46.92890" lon="12.09831"><ele>2161</ele></trkpt>
    <trkpt lat="46.92871" lon="12.09838"><ele>2162</ele></trkpt>
    <trkpt lat="46.92859" lon="12.09838"><ele>2167</ele></trkpt>
    <trkpt lat="46.92846" lon="12.09838"><ele>2168</ele></trkpt>
    <trkpt lat="46.92841" lon="12.09853"><ele>2162</ele></trkpt>
    <trkpt lat="46.92849" lon="12.09876"><ele>2164</ele></trkpt>
    <trkpt lat="46.92855" lon="12.09889"><ele>2166</ele></trkpt>
    <trkpt lat="46.92864" lon="12.09914"><ele>2174</ele></trkpt>
    <trkpt lat="46.92870" lon="12.09931"><ele>2176</ele></trkpt>
    <trkpt lat="46.92876" lon="12.09956"><ele>2182</ele></trkpt>
    <trkpt lat="46.92882" lon="12.09968"><ele>2182</ele></trkpt>
    <trkpt lat="46.92886" lon="12.09981"><ele>2184</ele></trkpt>
    <trkpt lat="46.92891" lon="12.09995"><ele>2189</ele></trkpt>
    <trkpt lat="46.92884" lon="12.10013"><ele>2197</ele></trkpt>
    <trkpt lat="46.92875" lon="12.10005"><ele>2199</ele></trkpt>
    <trkpt lat="46.92865" lon="12.10029"><ele>2205</ele></trkpt>
    <trkpt lat="46.92859" lon="12.10041"><ele>2205</ele></trkpt>
    <trkpt lat="46.92856" lon="12.10056"><ele>2207</ele></trkpt>
    <trkpt lat="46.92853" lon="12.10073"><ele>2210</ele></trkpt>
    <trkpt lat="46.92854" lon="12.10086"><ele>2212</ele></trkpt>
    <trkpt lat="46.92856" lon="12.10118"><ele>2211</ele></trkpt>
    <trkpt lat="46.92864" lon="12.10129"><ele>2217</ele></trkpt>
    <trkpt lat="46.92877" lon="12.10151"><ele>2228</ele></trkpt>
    <trkpt lat="46.92883" lon="12.10161"><ele>2231</ele></trkpt>
    <trkpt lat="46.92897" lon="12.10180"><ele>2229</ele></trkpt>
    <trkpt lat="46.92906" lon="12.10191"><ele>2238</ele></trkpt>
    <trkpt lat="46.92921" lon="12.10213"><ele>2236</ele></trkpt>
    <trkpt lat="46.92912" lon="12.10223"><ele>2244</ele></trkpt>
    <trkpt lat="46.92896" lon="12.10234"><ele>2254</ele></trkpt>
    <trkpt lat="46.92880" lon="12.10239"><ele>2259</ele></trkpt>
    <trkpt lat="46.92870" lon="12.10242"><ele>2261</ele></trkpt>
    <trkpt lat="46.92878" lon="12.10265"><ele>2264</ele></trkpt>
    <trkpt lat="46.92884" lon="12.10277"><ele>2269</ele></trkpt>
    <trkpt lat="46.92895" lon="12.10301"><ele>2149</ele></trkpt>
    <trkpt lat="46.92900" lon="12.10326"><ele>2285</ele></trkpt>
    <trkpt lat="46.92905" lon="12.10307"><ele>2502</ele></trkpt>
    <trkpt lat="46.92908" lon="12.10307"><ele>2270</ele></trkpt>
  </trkseg>
  <trkseg>
    <trkpt lat="46.92908" lon="12.10307"><ele>2270</ele></trkpt>
    <trkpt lat="46.92902" lon="12.10330"><ele>2291</ele></trkpt>
    <trkpt lat="46.92897" lon="12.10345"><ele>2283</ele></trkpt>
    <trkpt lat="46.92892" lon="12.10376"><ele>2285</ele></trkpt>
    <trkpt lat="46.92887" lon="12.10388"><ele>2282</ele></trkpt>
    <trkpt lat="46.92888" lon="12.10405"><ele>2282</ele></trkpt>
    <trkpt lat="46.92889" lon="12.10429"><ele>2284</ele></trkpt>
    <trkpt lat="46.92879" lon="12.10443"><ele>2284</ele></trkpt>
    <trkpt lat="46.92870" lon="12.10452"><ele>2285</ele></trkpt>
    <trkpt lat="46.92875" lon="12.10468"><ele>2286</ele></trkpt>
    <trkpt lat="46.92868" lon="12.10482"><ele>2293</ele></trkpt>
    <trkpt lat="46.92861" lon="12.10495"><ele>2296</ele></trkpt>
    <trkpt lat="46.92853" lon="12.10523"><ele>2294</ele></trkpt>
    <trkpt lat="46.92858" lon="12.10540"><ele>2294</ele></trkpt>
    <trkpt lat="46.92860" lon="12.10561"><ele>2294</ele></trkpt>
    <trkpt lat="46.92865" lon="12.10576"><ele>2296</ele></trkpt>
    <trkpt lat="46.92860" lon="12.10594"><ele>2295</ele></trkpt>
    <trkpt lat="46.92852" lon="12.10602"><ele>2296</ele></trkpt>
    <trkpt lat="46.92839" lon="12.10608"><ele>2301</ele></trkpt>
    <trkpt lat="46.92828" lon="12.10616"><ele>2300</ele></trkpt>
    <trkpt lat="46.92812" lon="12.10623"><ele>2301</ele></trkpt>
    <trkpt lat="46.92800" lon="12.10624"><ele>2297</ele></trkpt>
    <trkpt lat="46.92789" lon="12.10626"><ele>2300</ele></trkpt>
    <trkpt lat="46.92773" lon="12.10630"><ele>2295</ele></trkpt>
    <trkpt lat="46.92758" lon="12.10630"><ele>2301</ele></trkpt>
    <trkpt lat="46.92741" lon="12.10630"><ele>2300</ele></trkpt>
    <trkpt lat="46.92725" lon="12.10635"><ele>2298</ele></trkpt>
    <trkpt lat="46.92707" lon="12.10629"><ele>2298</ele></trkpt>
    <trkpt lat="46.92692" lon="12.10624"><ele>2302</ele></trkpt>
    <trkpt lat="46.92670" lon="12.10619"><ele>2308</ele></trkpt>
    <trkpt lat="46.92654" lon="12.10632"><ele>2310</ele></trkpt>
    <trkpt lat="46.92643" lon="12.10637"><ele>2306</ele></trkpt>
    <trkpt lat="46.92625" lon="12.10658"><ele>2301</ele></trkpt>
    <trkpt lat="46.92612" lon="12.10678"><ele>2301</ele></trkpt>
    <trkpt lat="46.92601" lon="12.10688"><ele>2296</ele></trkpt>
    <trkpt lat="46.92590" lon="12.10702"><ele>2295</ele></trkpt>
    <trkpt lat="46.92581" lon="12.10723"><ele>2299</ele></trkpt>
    <trkpt lat="46.92570" lon="12.10730"><ele>2301</ele></trkpt>
    <trkpt lat="46.92567" lon="12.10752"><ele>2304</ele></trkpt>
    <trkpt lat="46.92562" lon="12.10765"><ele>2311</ele></trkpt>
    <trkpt lat="46.92552" lon="12.10771"><ele>2304</ele></trkpt>
    <trkpt lat="46.92542" lon="12.10791"><ele>2309</ele></trkpt>
    <trkpt lat="46.92531" lon="12.10798"><ele>2305</ele></trkpt>
    <trkpt lat="46.92533" lon="12.10821"><ele>2309</ele></trkpt>
    <trkpt lat="46.92526" lon="12.10835"><ele>2304</ele></trkpt>
    <trkpt lat="46.92508" lon="12.10853"><ele>2299</ele></trkpt>
    <trkpt lat="46.92501" lon="12.10874"><ele>2300</ele></trkpt>
    <trkpt lat="46.92490" lon="12.10885"><ele>2303</ele></trkpt>
    <trkpt lat="46.92476" lon="12.10896"><ele>2303</ele></trkpt>
    <trkpt lat="46.92465" lon="12.10912"><ele>2303</ele></trkpt>
    <trkpt lat="46.92457" lon="12.10925"><ele>2297</ele></trkpt>
    <trkpt lat="46.92447" lon="12.10940"><ele>2294</ele></trkpt>
    <trkpt lat="46.92434" lon="12.10960"><ele>2294</ele></trkpt>
    <trkpt lat="46.92427" lon="12.10985"><ele>2296</ele></trkpt>
    <trkpt lat="46.92418" lon="12.11010"><ele>2298</ele></trkpt>
    <trkpt lat="46.92414" lon="12.11039"><ele>2296</ele></trkpt>
    <trkpt lat="46.92419" lon="12.11057"><ele>2303</ele></trkpt>
    <trkpt lat="46.92416" lon="12.11070"><ele>2301</ele></trkpt>
    <trkpt lat="46.92405" lon="12.11092"><ele>2297</ele></trkpt>
    <trkpt lat="46.92399" lon="12.11102"><ele>2295</ele></trkpt>
    <trkpt lat="46.92395" lon="12.11124"><ele>2303</ele></trkpt>
    <trkpt lat="46.92393" lon="12.11148"><ele>2317</ele></trkpt>
    <trkpt lat="46.92386" lon="12.11164"><ele>2323</ele></trkpt>
    <trkpt lat="46.92373" lon="12.11178"><ele>2334</ele></trkpt>
    <trkpt lat="46.92359" lon="12.11192"><ele>2343</ele></trkpt>
    <trkpt lat="46.92350" lon="12.11212"><ele>2344</ele></trkpt>
    <trkpt lat="46.92337" lon="12.11220"><ele>2346</ele></trkpt>
    <trkpt lat="46.92326" lon="12.11237"><ele>2356</ele></trkpt>
    <trkpt lat="46.92321" lon="12.11257"><ele>2368</ele></trkpt>
    <trkpt lat="46.92317" lon="12.11273"><ele>2369</ele></trkpt>
    <trkpt lat="46.92317" lon="12.11286"><ele>2372</ele></trkpt>
    <trkpt lat="46.92303" lon="12.11298"><ele>2378</ele></trkpt>
    <trkpt lat="46.92297" lon="12.11308"><ele>2379</ele></trkpt>
    <trkpt lat="46.92281" lon="12.11316"><ele>2385</ele></trkpt>
    <trkpt lat="46.92271" lon="12.11316"><ele>2388</ele></trkpt>
    <trkpt lat="46.92259" lon="12.11318"><ele>2390</ele></trkpt>
    <trkpt lat="46.92243" lon="12.11316"><ele>2399</ele></trkpt>
    <trkpt lat="46.92226" lon="12.11318"><ele>2403</ele></trkpt>
    <trkpt lat="46.92210" lon="12.11321"><ele>2409</ele></trkpt>
    <trkpt lat="46.92193" lon="12.11321"><ele>2421</ele></trkpt>
    <trkpt lat="46.92178" lon="12.11320"><ele>2425</ele></trkpt>
    <trkpt lat="46.92170" lon="12.11307"><ele>2426</ele></trkpt>
    <trkpt lat="46.92177" lon="12.11325"><ele>2425</ele></trkpt>
    <trkpt lat="46.92167" lon="12.11349"><ele>2424</ele></trkpt>
    <trkpt lat="46.92163" lon="12.11366"><ele>2435</ele></trkpt>
    <trkpt lat="46.92160" lon="12.11381"><ele>2436</ele></trkpt>
    <trkpt lat="46.92149" lon="12.11392"><ele>2438</ele></trkpt>
    <trkpt lat="46.92140" lon="12.11396"><ele>2431</ele></trkpt>
    <trkpt lat="46.92119" lon="12.11401"><ele>2440</ele></trkpt>
    <trkpt lat="46.92106" lon="12.11403"><ele>2441</ele></trkpt>
    <trkpt lat="46.92091" lon="12.11413"><ele>2448</ele></trkpt>
    <trkpt lat="46.92081" lon="12.11416"><ele>2451</ele></trkpt>
    <trkpt lat="46.92070" lon="12.11417"><ele>2452</ele></trkpt>
    <trkpt lat="46.92060" lon="12.11423"><ele>2454</ele></trkpt>
    <trkpt lat="46.92044" lon="12.11430"><ele>2459</ele></trkpt>
    <trkpt lat="46.92028" lon="12.11430"><ele>2465</ele></trkpt>
    <trkpt lat="46.92011" lon="12.11435"><ele>2471</ele></trkpt>
    <trkpt lat="46.91993" lon="12.11439"><ele>2479</ele></trkpt>
    <trkpt lat="46.91977" lon="12.11437"><ele>2487</ele></trkpt>
    <trkpt lat="46.91959" lon="12.11441"><ele>2492</ele></trkpt>
    <trkpt lat="46.91943" lon="12.11456"><ele>2493</ele></trkpt>
    <trkpt lat="46.91945" lon="12.11472"><ele>2472</ele></trkpt>
    <trkpt lat="46.91939" lon="12.11495"><ele>2500</ele></trkpt>
    <trkpt lat="46.91925" lon="12.11500"><ele>2503</ele></trkpt>
    <trkpt lat="46.91916" lon="12.11510"><ele>2503</ele></trkpt>
    <trkpt lat="46.91904" lon="12.11516"><ele>2511</ele></trkpt>
    <trkpt lat="46.91894" lon="12.11511"><ele>2516</ele></trkpt>
    <trkpt lat="46.91884" lon="12.11509"><ele>2506</ele></trkpt>
    <trkpt lat="46.91874" lon="12.11511"><ele>2500</ele></trkpt>
    <trkpt lat="46.91863" lon="12.11508"><ele>2521</ele></trkpt>
    <trkpt lat="46.91853" lon="12.11505"><ele>2516</ele></trkpt>
    <trkpt lat="46.91843" lon="12.11508"><ele>2524</ele></trkpt>
    <trkpt lat="46.91836" lon="12.11524"><ele>2524</ele></trkpt>
    <trkpt lat="46.91828" lon="12.11540"><ele>2522</ele></trkpt>
    <trkpt lat="46.91816" lon="12.11551"><ele>2522</ele></trkpt>
    <trkpt lat="46.91811" lon="12.11564"><ele>2523</ele></trkpt>
    <trkpt lat="46.91806" lon="12.11575"><ele>2526</ele></trkpt>
    <trkpt lat="46.91801" lon="12.11598"><ele>2524</ele></trkpt>
    <trkpt lat="46.91793" lon="12.11620"><ele>2527</ele></trkpt>
    <trkpt lat="46.91786" lon="12.11632"><ele>2527</ele></trkpt>
    <trkpt lat="46.91786" lon="12.11656"><ele>2536</ele></trkpt>
    <trkpt lat="46.91783" lon="12.11672"><ele>2538</ele></trkpt>
    <trkpt lat="46.91768" lon="12.11692"><ele>2539</ele></trkpt>
    <trkpt lat="46.91759" lon="12.11710"><ele>2548</ele></trkpt>
    <trkpt lat="46.91761" lon="12.11729"><ele>2550</ele></trkpt>
    <trkpt lat="46.91750" lon="12.11734"><ele>2556</ele></trkpt>
    <trkpt lat="46.91742" lon="12.11743"><ele>2562</ele></trkpt>
    <trkpt lat="46.91730" lon="12.11743"><ele>2559</ele></trkpt>
    <trkpt lat="46.91717" lon="12.11756"><ele>2556</ele></trkpt>
    <trkpt lat="46.91709" lon="12.11765"><ele>2556</ele></trkpt>
    <trkpt lat="46.91698" lon="12.11766"><ele>2563</ele></trkpt>
    <trkpt lat="46.91687" lon="12.11779"><ele>2563</ele></trkpt>
    <trkpt lat="46.91678" lon="12.11786"><ele>2564</ele></trkpt>
    <trkpt lat="46.91670" lon="12.11796"><ele>2560</ele></trkpt>
    <trkpt lat="46.91658" lon="12.11805"><ele>2567</ele></trkpt>
    <trkpt lat="46.91652" lon="12.11820"><ele>2569</ele></trkpt>
    <trkpt lat="46.91641" lon="12.11832"><ele>2572</ele></trkpt>
    <trkpt lat="46.91635" lon="12.11845"><ele>2574</ele></trkpt>
    <trkpt lat="46.91629" lon="12.11859"><ele>2576</ele></trkpt>
    <trkpt lat="46.91617" lon="12.11869"><ele>2577</ele></trkpt>
    <trkpt lat="46.91609" lon="12.11884"><ele>2577</ele></trkpt>
    <trkpt lat="46.91604" lon="12.11901"><ele>2581</ele></trkpt>
    <trkpt lat="46.91596" lon="12.11914"><ele>2582</ele></trkpt>
    <trkpt lat="46.91584" lon="12.11922"><ele>2584</ele></trkpt>
    <trkpt lat="46.91570" lon="12.11927"><ele>2584</ele></trkpt>
    <trkpt lat="46.91555" lon="12.11938"><ele>2591</ele></trkpt>
    <trkpt lat="46.91545" lon="12.11946"><ele>2592</ele></trkpt>
    <trkpt lat="46.91521" lon="12.11950"><ele>2569</ele></trkpt>
    <trkpt lat="46.91504" lon="12.11944"><ele>2602</ele></trkpt>
    <trkpt lat="46.91492" lon="12.11963"><ele>2595</ele></trkpt>
    <trkpt lat="46.91480" lon="12.11972"><ele>2592</ele></trkpt>
    <trkpt lat="46.91468" lon="12.11980"><ele>2594</ele></trkpt>
    <trkpt lat="46.91463" lon="12.11996"><ele>2592</ele></trkpt>
    <trkpt lat="46.91460" lon="12.12016"><ele>2592</ele></trkpt>
    <trkpt lat="46.91452" lon="12.12039"><ele>2593</ele></trkpt>
    <trkpt lat="46.91445" lon="12.12058"><ele>2594</ele></trkpt>
    <trkpt lat="46.91439" lon="12.12068"><ele>2595</ele></trkpt>
    <trkpt lat="46.91431" lon="12.12079"><ele>2595</ele></trkpt>
    <trkpt lat="46.91426" lon="12.12093"><ele>2595</ele></trkpt>
    <trkpt lat="46.91426" lon="12.12110"><ele>2597</ele></trkpt>
    <trkpt lat="46.91418" lon="12.12127"><ele>2599</ele></trkpt>
    <trkpt lat="46.91410" lon="12.12138"><ele>2601</ele></trkpt>
    <trkpt lat="46.91403" lon="12.12148"><ele>2604</ele></trkpt>
    <trkpt lat="46.91395" lon="12.12159"><ele>2608</ele></trkpt>
    <trkpt lat="46.91384" lon="12.12178"><ele>2612</ele></trkpt>
    <trkpt lat="46.91372" lon="12.12201"><ele>2619</ele></trkpt>
    <trkpt lat="46.91362" lon="12.12209"><ele>2616</ele></trkpt>
    <trkpt lat="46.91352" lon="12.12217"><ele>2619</ele></trkpt>
    <trkpt lat="46.91344" lon="12.12224"><ele>2623</ele></trkpt>
    <trkpt lat="46.91336" lon="12.12233"><ele>2625</ele></trkpt>
    <trkpt lat="46.91325" lon="12.12242"><ele>2627</ele></trkpt>
    <trkpt lat="46.91319" lon="12.12252"><ele>2628</ele></trkpt>
    <trkpt lat="46.91312" lon="12.12275"><ele>2632</ele></trkpt>
    <trkpt lat="46.91305" lon="12.12297"><ele>2641</ele></trkpt>
    <trkpt lat="46.91306" lon="12.12320"><ele>2651</ele></trkpt>
    <trkpt lat="46.91310" lon="12.12343"><ele>2658</ele></trkpt>
    <trkpt lat="46.91303" lon="12.12364"><ele>2667</ele></trkpt>
    <trkpt lat="46.91304" lon="12.12378"><ele>2678</ele></trkpt>
    <trkpt lat="46.91295" lon="12.12394"><ele>2685</ele></trkpt>
    <trkpt lat="46.91281" lon="12.12407"><ele>2694</ele></trkpt>
    <trkpt lat="46.91265" lon="12.12415"><ele>2701</ele></trkpt>
    <trkpt lat="46.91257" lon="12.12436"><ele>2699</ele></trkpt>
    <trkpt lat="46.91262" lon="12.12457"><ele>2716</ele></trkpt>
    <trkpt lat="46.91258" lon="12.12480"><ele>2726</ele></trkpt>
    <trkpt lat="46.91270" lon="12.12497"><ele>2734</ele></trkpt>
    <trkpt lat="46.91263" lon="12.12520"><ele>2732</ele></trkpt>
    <trkpt lat="46.91253" lon="12.12538"><ele>2750</ele></trkpt>
    <trkpt lat="46.91250" lon="12.12561"><ele>2764</ele></trkpt>
    <trkpt lat="46.91246" lon="12.12586"><ele>2767</ele></trkpt>
    <trkpt lat="46.91252" lon="12.12608"><ele>2780</ele></trkpt>
    <trkpt lat="46.91264" lon="12.12623"><ele>2779</ele></trkpt>
    <trkpt lat="46.91261" lon="12.12635"><ele>2785</ele></trkpt>
    <trkpt lat="46.91260" lon="12.12660"><ele>2741</ele></trkpt>
    <trkpt lat="46.91258" lon="12.12674"><ele>2780</ele></trkpt>
    <trkpt lat="46.91264" lon="12.12694"><ele>2793</ele></trkpt>
    <trkpt lat="46.91271" lon="12.12714"><ele>2799</ele></trkpt>
    <trkpt lat="46.91277" lon="12.12731"><ele>2815</ele></trkpt>
    <trkpt lat="46.91292" lon="12.12742"><ele>2820</ele></trkpt>
    <trkpt lat="46.91297" lon="12.12753"><ele>2823</ele></trkpt>
    <trkpt lat="46.91311" lon="12.12767"><ele>2828</ele></trkpt>
    <trkpt lat="46.91320" lon="12.12771"><ele>2821</ele></trkpt>
    <trkpt lat="46.91328" lon="12.12785"><ele>2846</ele></trkpt>
    <trkpt lat="46.91324" lon="12.12809"><ele>2820</ele></trkpt>
    <trkpt lat="46.91328" lon="12.12832"><ele>2846</ele></trkpt>
    <trkpt lat="46.91334" lon="12.12848"><ele>2839</ele></trkpt>
    <trkpt lat="46.91348" lon="12.12847"><ele>2857</ele></trkpt>
    <trkpt lat="46.91359" lon="12.12853"><ele>2857</ele></trkpt>
    <trkpt lat="46.91369" lon="12.12870"><ele>2867</ele></trkpt>
    <trkpt lat="46.91384" lon="12.12874"><ele>2883</ele></trkpt>
    <trkpt lat="46.91392" lon="12.12896"><ele>2897</ele></trkpt>
    <trkpt lat="46.91400" lon="12.12918"><ele>2904</ele></trkpt>
    <trkpt lat="46.91411" lon="12.12933"><ele>2923</ele></trkpt>
    <trkpt lat="46.91421" lon="12.12951"><ele>2934</ele></trkpt>
    <trkpt lat="46.91423" lon="12.12975"><ele>2947</ele></trkpt>
    <trkpt lat="46.91427" lon="12.12998"><ele>2963</ele></trkpt>
    <trkpt lat="46.91434" lon="12.13015"><ele>2979</ele></trkpt>
    <trkpt lat="46.91445" lon="12.13033"><ele>2988</ele></trkpt>
    <trkpt lat="46.91452" lon="12.13054"><ele>2996</ele></trkpt>
    <trkpt lat="46.91453" lon="12.13078"><ele>3010</ele></trkpt>
    <trkpt lat="46.91453" lon="12.13102"><ele>3024</ele></trkpt>
    <trkpt lat="46.91458" lon="12.13123"><ele>3030</ele></trkpt>
    <trkpt lat="46.91451" lon="12.13145"><ele>3041</ele></trkpt>
    <trkpt lat="46.91452" lon="12.13167"><ele>3051</ele></trkpt>
    <trkpt lat="46.91452" lon="12.13191"><ele>3055</ele></trkpt>
    <trkpt lat="46.91451" lon="12.13215"><ele>3063</ele></trkpt>
    <trkpt lat="46.91450" lon="12.13239"><ele>3072</ele></trkpt>
    <trkpt lat="46.91444" lon="12.13263"><ele>3074</ele></trkpt>
    <trkpt lat="46.91431" lon="12.13274"><ele>3075</ele></trkpt>
    <trkpt lat="46.91420" lon="12.13293"><ele>3070</ele></trkpt>
    <trkpt lat="46.91407" lon="12.13308"><ele>3073</ele></trkpt>
    <trkpt lat="46.91398" lon="12.13327"><ele>3078</ele></trkpt>
    <trkpt lat="46.91389" lon="12.13348"><ele>3083</ele></trkpt>
    <trkpt lat="46.91377" lon="12.13365"><ele>3092</ele></trkpt>
    <trkpt lat="46.91366" lon="12.13382"><ele>3095</ele></trkpt>
    <trkpt lat="46.91353" lon="12.13397"><ele>3046</ele></trkpt>
    <trkpt lat="46.91343" lon="12.13417"><ele>3104</ele></trkpt>
    <trkpt lat="46.91334" lon="12.13437"><ele>3115</ele></trkpt>
    <trkpt lat="46.91325" lon="12.13457"><ele>3128</ele></trkpt>
    <trkpt lat="46.91313" lon="12.13475"><ele>3137</ele></trkpt>
    <trkpt lat="46.91304" lon="12.13494"><ele>3139</ele></trkpt>
    <trkpt lat="46.91295" lon="12.13514"><ele>3158</ele></trkpt>
    <trkpt lat="46.91287" lon="12.13535"><ele>3146</ele></trkpt>
    <trkpt lat="46.91278" lon="12.13555"><ele>3179</ele></trkpt>
    <trkpt lat="46.91273" lon="12.13578"><ele>3192</ele></trkpt>
    <trkpt lat="46.91266" lon="12.13599"><ele>3203</ele></trkpt>
    <trkpt lat="46.91256" lon="12.13619"><ele>3204</ele></trkpt>
    <trkpt lat="46.91252" lon="12.13642"><ele>3166</ele></trkpt>
    <trkpt lat="46.91245" lon="12.13664"><ele>3234</ele></trkpt>
    <trkpt lat="46.91236" lon="12.13683"><ele>3248</ele></trkpt>
    <trkpt lat="46.91225" lon="12.13701"><ele>3258</ele></trkpt>
    <trkpt lat="46.91215" lon="12.13719"><ele>3266</ele></trkpt>
    <trkpt lat="46.91201" lon="12.13731"><ele>3256</ele></trkpt>
    <trkpt lat="46.91187" lon="12.13743"><ele>3278</ele></trkpt>
    <trkpt lat="46.91181" lon="12.13764"><ele>3282</ele></trkpt>
    <trkpt lat="46.91172" lon="12.13783"><ele>3310</ele></trkpt>
    <trkpt lat="46.91161" lon="12.13801"><ele>3323</ele></trkpt>
    <trkpt lat="46.91155" lon="12.13823"><ele>3339</ele></trkpt>
    <trkpt lat="46.91145" lon="12.13843"><ele>3350</ele></trkpt>
    <trkpt lat="46.91135" lon="12.13862"><ele>3368</ele></trkpt>
    <trkpt lat="46.91129" lon="12.13884"><ele>3384</ele></trkpt>
    <trkpt lat="46.91120" lon="12.13904"><ele>3238</ele></trkpt>
    <trkpt lat="46.91109" lon="12.13921"><ele>3413</ele></trkpt>
    <trkpt lat="46.91098" lon="12.13936"><ele>3338</ele></trkpt>
    <trkpt lat="46.91088" lon="12.13955"><ele>3432</ele></trkpt>
    <trkpt lat="46.91079" lon="12.13980"><ele>3436</ele></trkpt>
    <trkpt lat="46.91086" lon="12.14001"><ele>3435</ele></trkpt>
    <trkpt lat="46.91089" lon="12.14025"><ele>3441</ele></trkpt>
    <trkpt lat="46.91088" lon="12.14001"><ele>3443</ele></trkpt>
    <trkpt lat="46.91089" lon="12.13972"><ele>3428</ele></trkpt>
    <trkpt lat="46.91093" lon="12.13960"><ele>3439</ele></trkpt>
    <trkpt lat="46.91100" lon="12.13937"><ele>3396</ele></trkpt>
    <trkpt lat="46.91111" lon="12.13921"><ele>3426</ele></trkpt>
    <trkpt lat="46.91124" lon="12.13905"><ele>3409</ele></trkpt>
    <trkpt lat="46.91132" lon="12.13885"><ele>3387</ele></trkpt>
    <trkpt lat="46.91138" lon="12.13862"><ele>3373</ele></trkpt>
    <trkpt lat="46.91149" lon="12.13846"><ele>3361</ele></trkpt>
    <trkpt lat="46.91157" lon="12.13825"><ele>3343</ele></trkpt>
    <trkpt lat="46.91165" lon="12.13804"><ele>3338</ele></trkpt>
    <trkpt lat="46.91176" lon="12.13787"><ele>3325</ele></trkpt>
    <trkpt lat="46.91181" lon="12.13764"><ele>3318</ele></trkpt>
    <trkpt lat="46.91191" lon="12.13744"><ele>3307</ele></trkpt>
    <trkpt lat="46.91202" lon="12.13730"><ele>3290</ele></trkpt>
    <trkpt lat="46.91217" lon="12.13720"><ele>3278</ele></trkpt>
    <trkpt lat="46.91229" lon="12.13704"><ele>3272</ele></trkpt>
    <trkpt lat="46.91239" lon="12.13685"><ele>3260</ele></trkpt>
    <trkpt lat="46.91246" lon="12.13664"><ele>3245</ele></trkpt>
    <trkpt lat="46.91254" lon="12.13638"><ele>3240</ele></trkpt>
    <trkpt lat="46.91260" lon="12.13615"><ele>3211</ele></trkpt>
    <trkpt lat="46.91269" lon="12.13594"><ele>3214</ele></trkpt>
    <trkpt lat="46.91277" lon="12.13572"><ele>3206</ele></trkpt>
    <trkpt lat="46.91286" lon="12.13551"><ele>3192</ele></trkpt>
    <trkpt lat="46.91293" lon="12.13530"><ele>3178</ele></trkpt>
    <trkpt lat="46.91302" lon="12.13508"><ele>3166</ele></trkpt>
    <trkpt lat="46.91312" lon="12.13488"><ele>3151</ele></trkpt>
    <trkpt lat="46.91324" lon="12.13471"><ele>3108</ele></trkpt>
    <trkpt lat="46.91331" lon="12.13448"><ele>3129</ele></trkpt>
    <trkpt lat="46.91341" lon="12.13429"><ele>3124</ele></trkpt>
    <trkpt lat="46.91350" lon="12.13410"><ele>3105</ele></trkpt>
    <trkpt lat="46.91355" lon="12.13400"><ele>3104</ele></trkpt>
    <trkpt lat="46.91367" lon="12.13387"><ele>3103</ele></trkpt>
    <trkpt lat="46.91378" lon="12.13369"><ele>3080</ele></trkpt>
    <trkpt lat="46.91392" lon="12.13358"><ele>3088</ele></trkpt>
    <trkpt lat="46.91397" lon="12.13336"><ele>3079</ele></trkpt>
    <trkpt lat="46.91403" lon="12.13314"><ele>3077</ele></trkpt>
    <trkpt lat="46.91407" lon="12.13290"><ele>3074</ele></trkpt>
    <trkpt lat="46.91420" lon="12.13283"><ele>3077</ele></trkpt>
    <trkpt lat="46.91433" lon="12.13268"><ele>3080</ele></trkpt>
    <trkpt lat="46.91445" lon="12.13252"><ele>3087</ele></trkpt>
    <trkpt lat="46.91450" lon="12.13231"><ele>3075</ele></trkpt>
    <trkpt lat="46.91449" lon="12.13208"><ele>3071</ele></trkpt>
    <trkpt lat="46.91449" lon="12.13184"><ele>3066</ele></trkpt>
    <trkpt lat="46.91454" lon="12.13161"><ele>3060</ele></trkpt>
    <trkpt lat="46.91456" lon="12.13139"><ele>3044</ele></trkpt>
    <trkpt lat="46.91457" lon="12.13115"><ele>3036</ele></trkpt>
    <trkpt lat="46.91455" lon="12.13093"><ele>3028</ele></trkpt>
    <trkpt lat="46.91452" lon="12.13071"><ele>3018</ele></trkpt>
    <trkpt lat="46.91439" lon="12.13057"><ele>3007</ele></trkpt>
    <trkpt lat="46.91441" lon="12.13033"><ele>2997</ele></trkpt>
    <trkpt lat="46.91437" lon="12.13016"><ele>2976</ele></trkpt>
    <trkpt lat="46.91430" lon="12.12993"><ele>2968</ele></trkpt>
    <trkpt lat="46.91424" lon="12.12971"><ele>2839</ele></trkpt>
    <trkpt lat="46.91423" lon="12.12948"><ele>2937</ele></trkpt>
    <trkpt lat="46.91415" lon="12.12927"><ele>2922</ele></trkpt>
    <trkpt lat="46.91406" lon="12.12922"><ele>2912</ele></trkpt>
    <trkpt lat="46.91401" lon="12.12899"><ele>2906</ele></trkpt>
    <trkpt lat="46.91393" lon="12.12878"><ele>2897</ele></trkpt>
    <trkpt lat="46.91379" lon="12.12865"><ele>2884</ele></trkpt>
    <trkpt lat="46.91371" lon="12.12847"><ele>2878</ele></trkpt>
    <trkpt lat="46.91356" lon="12.12836"><ele>2869</ele></trkpt>
    <trkpt lat="46.91345" lon="12.12835"><ele>2843</ele></trkpt>
    <trkpt lat="46.91328" lon="12.12834"><ele>2858</ele></trkpt>
    <trkpt lat="46.91311" lon="12.12838"><ele>2847</ele></trkpt>
    <trkpt lat="46.91304" lon="12.12828"><ele>2847</ele></trkpt>
    <trkpt lat="46.91294" lon="12.12825"><ele>2843</ele></trkpt>
    <trkpt lat="46.91282" lon="12.12808"><ele>2833</ele></trkpt>
    <trkpt lat="46.91273" lon="12.12803"><ele>2827</ele></trkpt>
    <trkpt lat="46.91260" lon="12.12788"><ele>2823</ele></trkpt>
    <trkpt lat="46.91251" lon="12.12783"><ele>2822</ele></trkpt>
    <trkpt lat="46.91239" lon="12.12766"><ele>2815</ele></trkpt>
    <trkpt lat="46.91230" lon="12.12755"><ele>2807</ele></trkpt>
    <trkpt lat="46.91224" lon="12.12732"><ele>2803</ele></trkpt>
    <trkpt lat="46.91223" lon="12.12709"><ele>2801</ele></trkpt>
    <trkpt lat="46.91218" lon="12.12696"><ele>2795</ele></trkpt>
    <trkpt lat="46.91221" lon="12.12683"><ele>2794</ele></trkpt>
    <trkpt lat="46.91225" lon="12.12660"><ele>2790</ele></trkpt>
    <trkpt lat="46.91225" lon="12.12644"><ele>2785</ele></trkpt>
    <trkpt lat="46.91228" lon="12.12631"><ele>2778</ele></trkpt>
    <trkpt lat="46.91229" lon="12.12616"><ele>2777</ele></trkpt>
    <trkpt lat="46.91238" lon="12.12593"><ele>2774</ele></trkpt>
    <trkpt lat="46.91240" lon="12.12569"><ele>2757</ele></trkpt>
    <trkpt lat="46.91232" lon="12.12548"><ele>2746</ele></trkpt>
    <trkpt lat="46.91241" lon="12.12526"><ele>2743</ele></trkpt>
    <trkpt lat="46.91248" lon="12.12502"><ele>2746</ele></trkpt>
    <trkpt lat="46.91255" lon="12.12479"><ele>2730</ele></trkpt>
    <trkpt lat="46.91260" lon="12.12467"><ele>2713</ele></trkpt>
    <trkpt lat="46.91265" lon="12.12444"><ele>2708</ele></trkpt>
    <trkpt lat="46.91280" lon="12.12432"><ele>2710</ele></trkpt>
    <trkpt lat="46.91286" lon="12.12412"><ele>2699</ele></trkpt>
    <trkpt lat="46.91290" lon="12.12401"><ele>2694</ele></trkpt>
    <trkpt lat="46.91310" lon="12.12389"><ele>2678</ele></trkpt>
    <trkpt lat="46.91313" lon="12.12367"><ele>2657</ele></trkpt>
    <trkpt lat="46.91313" lon="12.12343"><ele>2655</ele></trkpt>
    <trkpt lat="46.91309" lon="12.12330"><ele>2635</ele></trkpt>
    <trkpt lat="46.91309" lon="12.12306"><ele>2640</ele></trkpt>
    <trkpt lat="46.91309" lon="12.12292"><ele>2633</ele></trkpt>
    <trkpt lat="46.91314" lon="12.12268"><ele>2623</ele></trkpt>
    <trkpt lat="46.91319" lon="12.12255"><ele>2619</ele></trkpt>
    <trkpt lat="46.91331" lon="12.12238"><ele>2616</ele></trkpt>
    <trkpt lat="46.91338" lon="12.12225"><ele>2612</ele></trkpt>
    <trkpt lat="46.91350" lon="12.12220"><ele>2610</ele></trkpt>
    <trkpt lat="46.91362" lon="12.12211"><ele>2609</ele></trkpt>
    <trkpt lat="46.91379" lon="12.12193"><ele>2608</ele></trkpt>
    <trkpt lat="46.91384" lon="12.12177"><ele>2603</ele></trkpt>
    <trkpt lat="46.91395" lon="12.12162"><ele>2602</ele></trkpt>
    <trkpt lat="46.91403" lon="12.12147"><ele>2599</ele></trkpt>
    <trkpt lat="46.91413" lon="12.12131"><ele>2593</ele></trkpt>
    <trkpt lat="46.91423" lon="12.12112"><ele>2591</ele></trkpt>
    <trkpt lat="46.91435" lon="12.12100"><ele>2588</ele></trkpt>
    <trkpt lat="46.91446" lon="12.12077"><ele>2589</ele></trkpt>
    <trkpt lat="46.91447" lon="12.12057"><ele>2588</ele></trkpt>
    <trkpt lat="46.91451" lon="12.12040"><ele>2588</ele></trkpt>
    <trkpt lat="46.91460" lon="12.12019"><ele>2587</ele></trkpt>
    <trkpt lat="46.91463" lon="12.12002"><ele>2588</ele></trkpt>
    <trkpt lat="46.91468" lon="12.11988"><ele>2587</ele></trkpt>
    <trkpt lat="46.91482" lon="12.11977"><ele>2587</ele></trkpt>
    <trkpt lat="46.91495" lon="12.11969"><ele>2575</ele></trkpt>
    <trkpt lat="46.91510" lon="12.11966"><ele>2572</ele></trkpt>
    <trkpt lat="46.91520" lon="12.11960"><ele>2582</ele></trkpt>
    <trkpt lat="46.91535" lon="12.11945"><ele>2587</ele></trkpt>
    <trkpt lat="46.91556" lon="12.11935"><ele>2585</ele></trkpt>
    <trkpt lat="46.91565" lon="12.11916"><ele>2578</ele></trkpt>
    <trkpt lat="46.91577" lon="12.11906"><ele>2576</ele></trkpt>
    <trkpt lat="46.91590" lon="12.11896"><ele>2571</ele></trkpt>
    <trkpt lat="46.91603" lon="12.11889"><ele>2570</ele></trkpt>
    <trkpt lat="46.91615" lon="12.11872"><ele>2565</ele></trkpt>
    <trkpt lat="46.91629" lon="12.11860"><ele>2566</ele></trkpt>
    <trkpt lat="46.91635" lon="12.11841"><ele>2562</ele></trkpt>
    <trkpt lat="46.91648" lon="12.11827"><ele>2559</ele></trkpt>
    <trkpt lat="46.91661" lon="12.11809"><ele>2557</ele></trkpt>
    <trkpt lat="46.91673" lon="12.11797"><ele>2555</ele></trkpt>
    <trkpt lat="46.91681" lon="12.11779"><ele>2553</ele></trkpt>
    <trkpt lat="46.91685" lon="12.11762"><ele>2551</ele></trkpt>
    <trkpt lat="46.91698" lon="12.11758"><ele>2549</ele></trkpt>
    <trkpt lat="46.91711" lon="12.11753"><ele>2549</ele></trkpt>
    <trkpt lat="46.91725" lon="12.11747"><ele>2548</ele></trkpt>
    <trkpt lat="46.91738" lon="12.11741"><ele>2548</ele></trkpt>
    <trkpt lat="46.91752" lon="12.11737"><ele>2538</ele></trkpt>
    <trkpt lat="46.91761" lon="12.11728"><ele>2540</ele></trkpt>
    <trkpt lat="46.91762" lon="12.11713"><ele>2536</ele></trkpt>
    <trkpt lat="46.91773" lon="12.11685"><ele>2529</ele></trkpt>
    <trkpt lat="46.91783" lon="12.11667"><ele>2528</ele></trkpt>
    <trkpt lat="46.91788" lon="12.11646"><ele>2529</ele></trkpt>
    <trkpt lat="46.91787" lon="12.11631"><ele>2522</ele></trkpt>
    <trkpt lat="46.91798" lon="12.11610"><ele>2517</ele></trkpt>
    <trkpt lat="46.91810" lon="12.11585"><ele>2517</ele></trkpt>
    <trkpt lat="46.91813" lon="12.11572"><ele>2517</ele></trkpt>
    <trkpt lat="46.91819" lon="12.11549"><ele>2514</ele></trkpt>
    <trkpt lat="46.91830" lon="12.11534"><ele>2515</ele></trkpt>
    <trkpt lat="46.91838" lon="12.11519"><ele>2515</ele></trkpt>
    <trkpt lat="46.91845" lon="12.11509"><ele>2514</ele></trkpt>
    <trkpt lat="46.91862" lon="12.11512"><ele>2514</ele></trkpt>
    <trkpt lat="46.91875" lon="12.11512"><ele>2512</ele></trkpt>
    <trkpt lat="46.91889" lon="12.11515"><ele>2507</ele></trkpt>
    <trkpt lat="46.91903" lon="12.11520"><ele>2506</ele></trkpt>
    <trkpt lat="46.91913" lon="12.11516"><ele>2504</ele></trkpt>
    <trkpt lat="46.91924" lon="12.11501"><ele>2501</ele></trkpt>
    <trkpt lat="46.91933" lon="12.11486"><ele>2496</ele></trkpt>
    <trkpt lat="46.91946" lon="12.11473"><ele>2492</ele></trkpt>
    <trkpt lat="46.91941" lon="12.11453"><ele>2487</ele></trkpt>
    <trkpt lat="46.91961" lon="12.11443"><ele>2480</ele></trkpt>
    <trkpt lat="46.91977" lon="12.11439"><ele>2480</ele></trkpt>
    <trkpt lat="46.91990" lon="12.11439"><ele>2475</ele></trkpt>
    <trkpt lat="46.92004" lon="12.11443"><ele>2471</ele></trkpt>
    <trkpt lat="46.92015" lon="12.11440"><ele>2468</ele></trkpt>
    <trkpt lat="46.92022" lon="12.11432"><ele>2466</ele></trkpt>
    <trkpt lat="46.92034" lon="12.11432"><ele>2458</ele></trkpt>
    <trkpt lat="46.92043" lon="12.11435"><ele>2455</ele></trkpt>
    <trkpt lat="46.92065" lon="12.11426"><ele>2445</ele></trkpt>
    <trkpt lat="46.92078" lon="12.11418"><ele>2441</ele></trkpt>
    <trkpt lat="46.92093" lon="12.11413"><ele>2440</ele></trkpt>
    <trkpt lat="46.92101" lon="12.11408"><ele>2434</ele></trkpt>
    <trkpt lat="46.92113" lon="12.11395"><ele>2430</ele></trkpt>
    <trkpt lat="46.92135" lon="12.11390"><ele>2431</ele></trkpt>
    <trkpt lat="46.92149" lon="12.11394"><ele>2430</ele></trkpt>
    <trkpt lat="46.92161" lon="12.11385"><ele>2422</ele></trkpt>
    <trkpt lat="46.92164" lon="12.11367"><ele>2424</ele></trkpt>
    <trkpt lat="46.92163" lon="12.11346"><ele>2422</ele></trkpt>
    <trkpt lat="46.92175" lon="12.11342"><ele>2418</ele></trkpt>
    <trkpt lat="46.92182" lon="12.11333"><ele>2398</ele></trkpt>
    <trkpt lat="46.92198" lon="12.11326"><ele>2412</ele></trkpt>
    <trkpt lat="46.92209" lon="12.11322"><ele>2404</ele></trkpt>
    <trkpt lat="46.92218" lon="12.11325"><ele>2400</ele></trkpt>
    <trkpt lat="46.92227" lon="12.11319"><ele>2398</ele></trkpt>
    <trkpt lat="46.92243" lon="12.11321"><ele>2396</ele></trkpt>
    <trkpt lat="46.92259" lon="12.11323"><ele>2388</ele></trkpt>
    <trkpt lat="46.92273" lon="12.11316"><ele>2384</ele></trkpt>
    <trkpt lat="46.92287" lon="12.11309"><ele>2382</ele></trkpt>
    <trkpt lat="46.92296" lon="12.11307"><ele>2381</ele></trkpt>
    <trkpt lat="46.92305" lon="12.11296"><ele>2378</ele></trkpt>
    <trkpt lat="46.92309" lon="12.11276"><ele>2370</ele></trkpt>
    <trkpt lat="46.92316" lon="12.11264"><ele>2365</ele></trkpt>
    <trkpt lat="46.92324" lon="12.11247"><ele>2356</ele></trkpt>
    <trkpt lat="46.92334" lon="12.11228"><ele>2339</ele></trkpt>
    <trkpt lat="46.92346" lon="12.11219"><ele>2335</ele></trkpt>
    <trkpt lat="46.92352" lon="12.11200"><ele>2333</ele></trkpt>
    <trkpt lat="46.92364" lon="12.11189"><ele>2330</ele></trkpt>
    <trkpt lat="46.92375" lon="12.11179"><ele>2328</ele></trkpt>
    <trkpt lat="46.92388" lon="12.11169"><ele>2322</ele></trkpt>
    <trkpt lat="46.92395" lon="12.11148"><ele>2317</ele></trkpt>
    <trkpt lat="46.92397" lon="12.11123"><ele>2305</ele></trkpt>
    <trkpt lat="46.92400" lon="12.11100"><ele>2300</ele></trkpt>
    <trkpt lat="46.92409" lon="12.11095"><ele>2299</ele></trkpt>
    <trkpt lat="46.92419" lon="12.11074"><ele>2306</ele></trkpt>
    <trkpt lat="46.92421" lon="12.11054"><ele>2306</ele></trkpt>
    <trkpt lat="46.92418" lon="12.11034"><ele>2307</ele></trkpt>
    <trkpt lat="46.92419" lon="12.11013"><ele>2307</ele></trkpt>
    <trkpt lat="46.92427" lon="12.10990"><ele>2307</ele></trkpt>
    <trkpt lat="46.92433" lon="12.10971"><ele>2308</ele></trkpt>
    <trkpt lat="46.92444" lon="12.10951"><ele>2307</ele></trkpt>
    <trkpt lat="46.92457" lon="12.10932"><ele>2306</ele></trkpt>
    <trkpt lat="46.92463" lon="12.10921"><ele>2305</ele></trkpt>
    <trkpt lat="46.92472" lon="12.10903"><ele>2307</ele></trkpt>
    <trkpt lat="46.92489" lon="12.10892"><ele>2311</ele></trkpt>
    <trkpt lat="46.92501" lon="12.10870"><ele>2309</ele></trkpt>
    <trkpt lat="46.92513" lon="12.10859"><ele>2310</ele></trkpt>
    <trkpt lat="46.92527" lon="12.10849"><ele>2304</ele></trkpt>
    <trkpt lat="46.92531" lon="12.10822"><ele>2312</ele></trkpt>
    <trkpt lat="46.92545" lon="12.10799"><ele>2309</ele></trkpt>
    <trkpt lat="46.92550" lon="12.10780"><ele>2311</ele></trkpt>
    <trkpt lat="46.92559" lon="12.10781"><ele>2309</ele></trkpt>
    <trkpt lat="46.92568" lon="12.10754"><ele>2310</ele></trkpt>
    <trkpt lat="46.92571" lon="12.10733"><ele>2312</ele></trkpt>
    <trkpt lat="46.92583" lon="12.10723"><ele>2312</ele></trkpt>
    <trkpt lat="46.92593" lon="12.10703"><ele>2313</ele></trkpt>
    <trkpt lat="46.92606" lon="12.10691"><ele>2311</ele></trkpt>
    <trkpt lat="46.92619" lon="12.10672"><ele>2307</ele></trkpt>
    <trkpt lat="46.92632" lon="12.10653"><ele>2303</ele></trkpt>
    <trkpt lat="46.92647" lon="12.10640"><ele>2300</ele></trkpt>
    <trkpt lat="46.92663" lon="12.10632"><ele>2301</ele></trkpt>
    <trkpt lat="46.92676" lon="12.10623"><ele>2304</ele></trkpt>
    <trkpt lat="46.92687" lon="12.10617"><ele>2304</ele></trkpt>
    <trkpt lat="46.92699" lon="12.10622"><ele>2303</ele></trkpt>
    <trkpt lat="46.92715" lon="12.10630"><ele>2302</ele></trkpt>
    <trkpt lat="46.92732" lon="12.10640"><ele>2302</ele></trkpt>
    <trkpt lat="46.92744" lon="12.10638"><ele>2303</ele></trkpt>
    <trkpt lat="46.92763" lon="12.10635"><ele>2302</ele></trkpt>
    <trkpt lat="46.92781" lon="12.10629"><ele>2303</ele></trkpt>
    <trkpt lat="46.92797" lon="12.10633"><ele>2302</ele></trkpt>
    <trkpt lat="46.92814" lon="12.10630"><ele>2295</ele></trkpt>
    <trkpt lat="46.92833" lon="12.10618"><ele>2295</ele></trkpt>
    <trkpt lat="46.92849" lon="12.10606"><ele>2289</ele></trkpt>
    <trkpt lat="46.92862" lon="12.10599"><ele>2290</ele></trkpt>
    <trkpt lat="46.92866" lon="12.10576"><ele>2292</ele></trkpt>
    <trkpt lat="46.92860" lon="12.10551"><ele>2296</ele></trkpt>
    <trkpt lat="46.92855" lon="12.10531"><ele>2297</ele></trkpt>
    <trkpt lat="46.92857" lon="12.10507"><ele>2295</ele></trkpt>
    <trkpt lat="46.92865" lon="12.10492"><ele>2290</ele></trkpt>
    <trkpt lat="46.92872" lon="12.10475"><ele>2290</ele></trkpt>
    <trkpt lat="46.92873" lon="12.10454"><ele>2286</ele></trkpt>
    <trkpt lat="46.92886" lon="12.10438"><ele>2281</ele></trkpt>
    <trkpt lat="46.92889" lon="12.10414"><ele>2282</ele></trkpt>
    <trkpt lat="46.92886" lon="12.10392"><ele>2282</ele></trkpt>
    <trkpt lat="46.92894" lon="12.10377"><ele>2281</ele></trkpt>
    <trkpt lat="46.92897" lon="12.10359"><ele>2282</ele></trkpt>
    <trkpt lat="46.92900" lon="12.10339"><ele>2280</ele></trkpt>
    <trkpt lat="46.92903" lon="12.10322"><ele>2277</ele></trkpt>
    <trkpt lat="46.92906" lon="12.10312"><ele>2276</ele></trkpt>
  </trkseg>
  <trkseg>
    <trkpt lat="46.92906" lon="12.10312"><ele>2276</ele></trkpt>
    <trkpt lat="46.92899" lon="12.10325"><ele>2279</ele></trkpt>
    <trkpt lat="46.92895" lon="12.10314"><ele>2281</ele></trkpt>
    <trkpt lat="46.92887" lon="12.10302"><ele>2280</ele></trkpt>
    <trkpt lat="46.92875" lon="12.10292"><ele>2285</ele></trkpt>
    <trkpt lat="46.92855" lon="12.10268"><ele>2281</ele></trkpt>
    <trkpt lat="46.92841" lon="12.10254"><ele>2282</ele></trkpt>
    <trkpt lat="46.92833" lon="12.10236"><ele>2273</ele></trkpt>
    <trkpt lat="46.92845" lon="12.10254"><ele>2273</ele></trkpt>
    <trkpt lat="46.92860" lon="12.10268"><ele>2275</ele></trkpt>
    <trkpt lat="46.92878" lon="12.10282"><ele>2276</ele></trkpt>
    <trkpt lat="46.92895" lon="12.10300"><ele>2278</ele></trkpt>
    <trkpt lat="46.92905" lon="12.10323"><ele>2276</ele></trkpt>
    <trkpt lat="46.92893" lon="12.10307"><ele>2269</ele></trkpt>
    <trkpt lat="46.92879" lon="12.10295"><ele>2274</ele></trkpt>
    <trkpt lat="46.92867" lon="12.10282"><ele>2274</ele></trkpt>
    <trkpt lat="46.92856" lon="12.10259"><ele>2274</ele></trkpt>
    <trkpt lat="46.92834" lon="12.10237"><ele>2277</ele></trkpt>
    <trkpt lat="46.92819" lon="12.10221"><ele>2276</ele></trkpt>
    <trkpt lat="46.92805" lon="12.10213"><ele>2278</ele></trkpt>
    <trkpt lat="46.92784" lon="12.10201"><ele>2270</ele></trkpt>
    <trkpt lat="46.92766" lon="12.10192"><ele>2265</ele></trkpt>
    <trkpt lat="46.92754" lon="12.10179"><ele>2264</ele></trkpt>
    <trkpt lat="46.92742" lon="12.10170"><ele>2264</ele></trkpt>
    <trkpt lat="46.92737" lon="12.10152"><ele>2270</ele></trkpt>
    <trkpt lat="46.92723" lon="12.10138"><ele>2272</ele></trkpt>
    <trkpt lat="46.92708" lon="12.10122"><ele>2271</ele></trkpt>
    <trkpt lat="46.92697" lon="12.10096"><ele>2271</ele></trkpt>
    <trkpt lat="46.92688" lon="12.10084"><ele>2273</ele></trkpt>
    <trkpt lat="46.92681" lon="12.10067"><ele>2275</ele></trkpt>
    <trkpt lat="46.92665" lon="12.10048"><ele>2280</ele></trkpt>
    <trkpt lat="46.92657" lon="12.10035"><ele>2276</ele></trkpt>
    <trkpt lat="46.92655" lon="12.10019"><ele>2286</ele></trkpt>
    <trkpt lat="46.92649" lon="12.10000"><ele>2285</ele></trkpt>
    <trkpt lat="46.92640" lon="12.09981"><ele>2283</ele></trkpt>
    <trkpt lat="46.92627" lon="12.09972"><ele>2278</ele></trkpt>
    <trkpt lat="46.92617" lon="12.09967"><ele>2276</ele></trkpt>
    <trkpt lat="46.92593" lon="12.09949"><ele>2269</ele></trkpt>
    <trkpt lat="46.92585" lon="12.09937"><ele>2265</ele></trkpt>
    <trkpt lat="46.92585" lon="12.09913"><ele>2255</ele></trkpt>
    <trkpt lat="46.92600" lon="12.09894"><ele>2263</ele></trkpt>
    <trkpt lat="46.92591" lon="12.09900"><ele>2261</ele></trkpt>
    <trkpt lat="46.92582" lon="12.09911"><ele>2262</ele></trkpt>
    <trkpt lat="46.92558" lon="12.09902"><ele>2255</ele></trkpt>
    <trkpt lat="46.92545" lon="12.09904"><ele>2258</ele></trkpt>
    <trkpt lat="46.92537" lon="12.09911"><ele>2259</ele></trkpt>
    <trkpt lat="46.92532" lon="12.09934"><ele>2272</ele></trkpt>
    <trkpt lat="46.92520" lon="12.09950"><ele>2279</ele></trkpt>
    <trkpt lat="46.92519" lon="12.09964"><ele>2282</ele></trkpt>
    <trkpt lat="46.92504" lon="12.09982"><ele>2291</ele></trkpt>
    <trkpt lat="46.92486" lon="12.09990"><ele>2293</ele></trkpt>
    <trkpt lat="46.92470" lon="12.09996"><ele>2305</ele></trkpt>
    <trkpt lat="46.92454" lon="12.09995"><ele>2312</ele></trkpt>
    <trkpt lat="46.92438" lon="12.10000"><ele>2322</ele></trkpt>
    <trkpt lat="46.92423" lon="12.09989"><ele>2327</ele></trkpt>
    <trkpt lat="46.92413" lon="12.09991"><ele>2334</ele></trkpt>
    <trkpt lat="46.92413" lon="12.10008"><ele>2334</ele></trkpt>
    <trkpt lat="46.92414" lon="12.10034"><ele>2332</ele></trkpt>
    <trkpt lat="46.92413" lon="12.10050"><ele>2333</ele></trkpt>
    <trkpt lat="46.92415" lon="12.10064"><ele>2337</ele></trkpt>
    <trkpt lat="46.92414" lon="12.10080"><ele>2330</ele></trkpt>
    <trkpt lat="46.92399" lon="12.10093"><ele>2345</ele></trkpt>
    <trkpt lat="46.92390" lon="12.10094"><ele>2347</ele></trkpt>
    <trkpt lat="46.92374" lon="12.10100"><ele>2352</ele></trkpt>
    <trkpt lat="46.92355" lon="12.10085"><ele>2365</ele></trkpt>
    <trkpt lat="46.92354" lon="12.10065"><ele>2364</ele></trkpt>
    <trkpt lat="46.92358" lon="12.10051"><ele>2360</ele></trkpt>
    <trkpt lat="46.92355" lon="12.10029"><ele>2364</ele></trkpt>
    <trkpt lat="46.92352" lon="12.10012"><ele>2370</ele></trkpt>
    <trkpt lat="46.92350" lon="12.09994"><ele>2370</ele></trkpt>
    <trkpt lat="46.92345" lon="12.09978"><ele>2372</ele></trkpt>
    <trkpt lat="46.92343" lon="12.09960"><ele>2369</ele></trkpt>
    <trkpt lat="46.92337" lon="12.09941"><ele>2373</ele></trkpt>
    <trkpt lat="46.92327" lon="12.09922"><ele>2375</ele></trkpt>
    <trkpt lat="46.92324" lon="12.09905"><ele>2381</ele></trkpt>
    <trkpt lat="46.92317" lon="12.09889"><ele>2385</ele></trkpt>
    <trkpt lat="46.92323" lon="12.09869"><ele>2393</ele></trkpt>
    <trkpt lat="46.92315" lon="12.09852"><ele>2390</ele></trkpt>
    <trkpt lat="46.92312" lon="12.09839"><ele>2397</ele></trkpt>
    <trkpt lat="46.92310" lon="12.09823"><ele>2399</ele></trkpt>
    <trkpt lat="46.92302" lon="12.09810"><ele>2401</ele></trkpt>
    <trkpt lat="46.92292" lon="12.09801"><ele>2402</ele></trkpt>
    <trkpt lat="46.92282" lon="12.09787"><ele>2405</ele></trkpt>
    <trkpt lat="46.92277" lon="12.09772"><ele>2413</ele></trkpt>
    <trkpt lat="46.92275" lon="12.09758"><ele>2416</ele></trkpt>
    <trkpt lat="46.92268" lon="12.09743"><ele>2415</ele></trkpt>
    <trkpt lat="46.92264" lon="12.09723"><ele>2413</ele></trkpt>
    <trkpt lat="46.92261" lon="12.09704"><ele>2413</ele></trkpt>
    <trkpt lat="46.92253" lon="12.09690"><ele>2417</ele></trkpt>
    <trkpt lat="46.92244" lon="12.09682"><ele>2418</ele></trkpt>
    <trkpt lat="46.92237" lon="12.09670"><ele>2425</ele></trkpt>
    <trkpt lat="46.92227" lon="12.09661"><ele>2425</ele></trkpt>
    <trkpt lat="46.92221" lon="12.09647"><ele>2427</ele></trkpt>
    <trkpt lat="46.92216" lon="12.09634"><ele>2432</ele></trkpt>
    <trkpt lat="46.92216" lon="12.09620"><ele>2431</ele></trkpt>
    <trkpt lat="46.92213" lon="12.09605"><ele>2436</ele></trkpt>
    <trkpt lat="46.92208" lon="12.09593"><ele>2434</ele></trkpt>
    <trkpt lat="46.92206" lon="12.09577"><ele>2439</ele></trkpt>
    <trkpt lat="46.92207" lon="12.09558"><ele>2445</ele></trkpt>
    <trkpt lat="46.92202" lon="12.09542"><ele>2445</ele></trkpt>
    <trkpt lat="46.92198" lon="12.09530"><ele>2445</ele></trkpt>
    <trkpt lat="46.92200" lon="12.09512"><ele>2450</ele></trkpt>
    <trkpt lat="46.92198" lon="12.09496"><ele>2450</ele></trkpt>
    <trkpt lat="46.92199" lon="12.09480"><ele>2453</ele></trkpt>
    <trkpt lat="46.92206" lon="12.09454"><ele>2450</ele></trkpt>
    <trkpt lat="46.92212" lon="12.09432"><ele>2437</ele></trkpt>
    <trkpt lat="46.92212" lon="12.09414"><ele>2455</ele></trkpt>
    <trkpt lat="46.92212" lon="12.09399"><ele>2463</ele></trkpt>
    <trkpt lat="46.92202" lon="12.09376"><ele>2473</ele></trkpt>
    <trkpt lat="46.92194" lon="12.09355"><ele>2479</ele></trkpt>
    <trkpt lat="46.92179" lon="12.09349"><ele>2485</ele></trkpt>
    <trkpt lat="46.92163" lon="12.09345"><ele>2483</ele></trkpt>
    <trkpt lat="46.92148" lon="12.09341"><ele>2507</ele></trkpt>
    <trkpt lat="46.92135" lon="12.09333"><ele>2505</ele></trkpt>
    <trkpt lat="46.92120" lon="12.09330"><ele>2508</ele></trkpt>
    <trkpt lat="46.92109" lon="12.09313"><ele>2487</ele></trkpt>
    <trkpt lat="46.92103" lon="12.09299"><ele>2510</ele></trkpt>
    <trkpt lat="46.92097" lon="12.09285"><ele>2514</ele></trkpt>
    <trkpt lat="46.92089" lon="12.09279"><ele>2517</ele></trkpt>
    <trkpt lat="46.92083" lon="12.09262"><ele>2514</ele></trkpt>
    <trkpt lat="46.92087" lon="12.09230"><ele>2517</ele></trkpt>
    <trkpt lat="46.92082" lon="12.09213"><ele>2520</ele></trkpt>
    <trkpt lat="46.92085" lon="12.09196"><ele>2506</ele></trkpt>
    <trkpt lat="46.92094" lon="12.09177"><ele>2520</ele></trkpt>
    <trkpt lat="46.92099" lon="12.09154"><ele>2528</ele></trkpt>
    <trkpt lat="46.92086" lon="12.09141"><ele>2527</ele></trkpt>
    <trkpt lat="46.92077" lon="12.09133"><ele>2535</ele></trkpt>
    <trkpt lat="46.92063" lon="12.09108"><ele>2493</ele></trkpt>
    <trkpt lat="46.92054" lon="12.09107"><ele>2529</ele></trkpt>
    <trkpt lat="46.92043" lon="12.09106"><ele>2537</ele></trkpt>
    <trkpt lat="46.92032" lon="12.09112"><ele>2549</ele></trkpt>
    <trkpt lat="46.92016" lon="12.09108"><ele>2562</ele></trkpt>
    <trkpt lat="46.92000" lon="12.09105"><ele>2576</ele></trkpt>
    <trkpt lat="46.91990" lon="12.09103"><ele>2577</ele></trkpt>
    <trkpt lat="46.91977" lon="12.09091"><ele>2584</ele></trkpt>
    <trkpt lat="46.91964" lon="12.09078"><ele>2592</ele></trkpt>
    <trkpt lat="46.91959" lon="12.09067"><ele>2594</ele></trkpt>
    <trkpt lat="46.91953" lon="12.09054"><ele>2598</ele></trkpt>
    <trkpt lat="46.91939" lon="12.09069"><ele>2607</ele></trkpt>
    <trkpt lat="46.91922" lon="12.09062"><ele>2624</ele></trkpt>
    <trkpt lat="46.91907" lon="12.09054"><ele>2622</ele></trkpt>
    <trkpt lat="46.91892" lon="12.09046"><ele>2634</ele></trkpt>
    <trkpt lat="46.91879" lon="12.09048"><ele>2642</ele></trkpt>
    <trkpt lat="46.91871" lon="12.09027"><ele>2646</ele></trkpt>
    <trkpt lat="46.91863" lon="12.09007"><ele>2656</ele></trkpt>
    <trkpt lat="46.91849" lon="12.09019"><ele>2665</ele></trkpt>
    <trkpt lat="46.91833" lon="12.09012"><ele>2665</ele></trkpt>
    <trkpt lat="46.91822" lon="12.08994"><ele>2672</ele></trkpt>
    <trkpt lat="46.91820" lon="12.08970"><ele>2675</ele></trkpt>
    <trkpt lat="46.91823" lon="12.08947"><ele>2679</ele></trkpt>
    <trkpt lat="46.91825" lon="12.08933"><ele>2683</ele></trkpt>
    <trkpt lat="46.91827" lon="12.08907"><ele>2692</ele></trkpt>
    <trkpt lat="46.91824" lon="12.08885"><ele>2697</ele></trkpt>
    <trkpt lat="46.91816" lon="12.08863"><ele>2573</ele></trkpt>
    <trkpt lat="46.91819" lon="12.08847"><ele>2465</ele></trkpt>
    <trkpt lat="46.91818" lon="12.08830"><ele>2704</ele></trkpt>
    <trkpt lat="46.91800" lon="12.08828"><ele>2721</ele></trkpt>
    <trkpt lat="46.91799" lon="12.08806"><ele>2719</ele></trkpt>
    <trkpt lat="46.91784" lon="12.08799"><ele>2596</ele></trkpt>
    <trkpt lat="46.91773" lon="12.08801"><ele>2727</ele></trkpt>
    <trkpt lat="46.91757" lon="12.08807"><ele>2734</ele></trkpt>
    <trkpt lat="46.91745" lon="12.08803"><ele>2727</ele></trkpt>
    <trkpt lat="46.91729" lon="12.08813"><ele>2739</ele></trkpt>
    <trkpt lat="46.91712" lon="12.08809"><ele>2749</ele></trkpt>
    <trkpt lat="46.91703" lon="12.08813"><ele>2753</ele></trkpt>
    <trkpt lat="46.91693" lon="12.08811"><ele>2749</ele></trkpt>
    <trkpt lat="46.91677" lon="12.08822"><ele>2747</ele></trkpt>
    <trkpt lat="46.91660" lon="12.08820"><ele>2759</ele></trkpt>
    <trkpt lat="46.91641" lon="12.08816"><ele>2755</ele></trkpt>
    <trkpt lat="46.91625" lon="12.08817"><ele>2758</ele></trkpt>
    <trkpt lat="46.91611" lon="12.08807"><ele>2765</ele></trkpt>
    <trkpt lat="46.91598" lon="12.08793"><ele>2780</ele></trkpt>
    <trkpt lat="46.91590" lon="12.08774"><ele>2789</ele></trkpt>
    <trkpt lat="46.91583" lon="12.08766"><ele>2788</ele></trkpt>
    <trkpt lat="46.91569" lon="12.08755"><ele>2794</ele></trkpt>
    <trkpt lat="46.91558" lon="12.08737"><ele>2804</ele></trkpt>
    <trkpt lat="46.91549" lon="12.08729"><ele>2807</ele></trkpt>
    <trkpt lat="46.91540" lon="12.08707"><ele>2808</ele></trkpt>
    <trkpt lat="46.91522" lon="12.08693"><ele>2815</ele></trkpt>
    <trkpt lat="46.91513" lon="12.08685"><ele>2817</ele></trkpt>
    <trkpt lat="46.91497" lon="12.08681"><ele>2826</ele></trkpt>
    <trkpt lat="46.91497" lon="12.08668"><ele>2836</ele></trkpt>
    <trkpt lat="46.91499" lon="12.08644"><ele>2840</ele></trkpt>
    <trkpt lat="46.91506" lon="12.08621"><ele>2850</ele></trkpt>
    <trkpt lat="46.91495" lon="12.08602"><ele>2859</ele></trkpt>
    <trkpt lat="46.91493" lon="12.08579"><ele>2863</ele></trkpt>
    <trkpt lat="46.91479" lon="12.08564"><ele>2874</ele></trkpt>
    <trkpt lat="46.91466" lon="12.08553"><ele>2879</ele></trkpt>
    <trkpt lat="46.91466" lon="12.08533"><ele>2899</ele></trkpt>
    <trkpt lat="46.91466" lon="12.08511"><ele>2906</ele></trkpt>
    <trkpt lat="46.91450" lon="12.08518"><ele>2915</ele></trkpt>
    <trkpt lat="46.91434" lon="12.08509"><ele>2917</ele></trkpt>
    <trkpt lat="46.91419" lon="12.08499"><ele>2930</ele></trkpt>
    <trkpt lat="46.91403" lon="12.08495"><ele>2936</ele></trkpt>
    <trkpt lat="46.91392" lon="12.08484"><ele>2940</ele></trkpt>
    <trkpt lat="46.91386" lon="12.08463"><ele>2952</ele></trkpt>
    <trkpt lat="46.91377" lon="12.08449"><ele>2967</ele></trkpt>
    <trkpt lat="46.91369" lon="12.08428"><ele>2984</ele></trkpt>
    <trkpt lat="46.91361" lon="12.08407"><ele>2990</ele></trkpt>
    <trkpt lat="46.91345" lon="12.08409"><ele>2999</ele></trkpt>
    <trkpt lat="46.91333" lon="12.08396"><ele>3007</ele></trkpt>
    <trkpt lat="46.91339" lon="12.08383"><ele>3009</ele></trkpt>
    <trkpt lat="46.91326" lon="12.08398"><ele>3014</ele></trkpt>
    <trkpt lat="46.91314" lon="12.08397"><ele>3025</ele></trkpt>
    <trkpt lat="46.91299" lon="12.08393"><ele>3031</ele></trkpt>
    <trkpt lat="46.91289" lon="12.08381"><ele>3039</ele></trkpt>
    <trkpt lat="46.91273" lon="12.08378"><ele>3042</ele></trkpt>
    <trkpt lat="46.91257" lon="12.08370"><ele>3046</ele></trkpt>
    <trkpt lat="46.91241" lon="12.08376"><ele>3048</ele></trkpt>
    <trkpt lat="46.91226" lon="12.08369"><ele>3060</ele></trkpt>
    <trkpt lat="46.91209" lon="12.08367"><ele>3068</ele></trkpt>
    <trkpt lat="46.91194" lon="12.08371"><ele>3070</ele></trkpt>
    <trkpt lat="46.91178" lon="12.08376"><ele>3071</ele></trkpt>
    <trkpt lat="46.91168" lon="12.08395"><ele>3077</ele></trkpt>
    <trkpt lat="46.91159" lon="12.08415"><ele>3083</ele></trkpt>
    <trkpt lat="46.91143" lon="12.08413"><ele>3090</ele></trkpt>
    <trkpt lat="46.91126" lon="12.08411"><ele>3099</ele></trkpt>
    <trkpt lat="46.91114" lon="12.08427"><ele>3106</ele></trkpt>
    <trkpt lat="46.91105" lon="12.08425"><ele>3103</ele></trkpt>
    <trkpt lat="46.91092" lon="12.08428"><ele>3107</ele></trkpt>
    <trkpt lat="46.91081" lon="12.08435"><ele>3111</ele></trkpt>
    <trkpt lat="46.91069" lon="12.08441"><ele>3112</ele></trkpt>
    <trkpt lat="46.91057" lon="12.08453"><ele>3114</ele></trkpt>
    <trkpt lat="46.91044" lon="12.08467"><ele>3120</ele></trkpt>
    <trkpt lat="46.91032" lon="12.08484"><ele>3120</ele></trkpt>
    <trkpt lat="46.91018" lon="12.08474"><ele>3128</ele></trkpt>
    <trkpt lat="46.91003" lon="12.08462"><ele>3133</ele></trkpt>
    <trkpt lat="46.90996" lon="12.08475"><ele>3138</ele></trkpt>
    <trkpt lat="46.90981" lon="12.08470"><ele>3148</ele></trkpt>
    <trkpt lat="46.90967" lon="12.08483"><ele>3156</ele></trkpt>
    <trkpt lat="46.90963" lon="12.08506"><ele>3165</ele></trkpt>
    <trkpt lat="46.90966" lon="12.08520"><ele>3163</ele></trkpt>
    <trkpt lat="46.90968" lon="12.08533"><ele>3165</ele></trkpt>
    <trkpt lat="46.90968" lon="12.08555"><ele>3173</ele></trkpt>
    <trkpt lat="46.90963" lon="12.08567"><ele>3177</ele></trkpt>
    <trkpt lat="46.90956" lon="12.08593"><ele>3176</ele></trkpt>
    <trkpt lat="46.90949" lon="12.08604"><ele>3176</ele></trkpt>
    <trkpt lat="46.90939" lon="12.08592"><ele>3186</ele></trkpt>
    <trkpt lat="46.90938" lon="12.08567"><ele>3198</ele></trkpt>
    <trkpt lat="46.90922" lon="12.08582"><ele>3204</ele></trkpt>
    <trkpt lat="46.90913" lon="12.08572"><ele>3213</ele></trkpt>
    <trkpt lat="46.90898" lon="12.08560"><ele>3228</ele></trkpt>
    <trkpt lat="46.90884" lon="12.08552"><ele>3235</ele></trkpt>
    <trkpt lat="46.90870" lon="12.08558"><ele>3245</ele></trkpt>
    <trkpt lat="46.90856" lon="12.08546"><ele>3249</ele></trkpt>
    <trkpt lat="46.90846" lon="12.08532"><ele>3256</ele></trkpt>
    <trkpt lat="46.90839" lon="12.08512"><ele>3263</ele></trkpt>
    <trkpt lat="46.90824" lon="12.08500"><ele>3268</ele></trkpt>
    <trkpt lat="46.90817" lon="12.08491"><ele>3274</ele></trkpt>
    <trkpt lat="46.90808" lon="12.08469"><ele>3276</ele></trkpt>
    <trkpt lat="46.90797" lon="12.08463"><ele>3276</ele></trkpt>
    <trkpt lat="46.90786" lon="12.08463"><ele>3276</ele></trkpt>
    <trkpt lat="46.90770" lon="12.08453"><ele>3279</ele></trkpt>
    <trkpt lat="46.90757" lon="12.08449"><ele>3281</ele></trkpt>
    <trkpt lat="46.90746" lon="12.08448"><ele>3282</ele></trkpt>
    <trkpt lat="46.90729" lon="12.08438"><ele>3289</ele></trkpt>
    <trkpt lat="46.90720" lon="12.08431"><ele>3293</ele></trkpt>
    <trkpt lat="46.90701" lon="12.08430"><ele>3297</ele></trkpt>
    <trkpt lat="46.90685" lon="12.08424"><ele>3302</ele></trkpt>
    <trkpt lat="46.90670" lon="12.08415"><ele>3308</ele></trkpt>
    <trkpt lat="46.90655" lon="12.08406"><ele>3317</ele></trkpt>
    <trkpt lat="46.90644" lon="12.08389"><ele>3327</ele></trkpt>
    <trkpt lat="46.90630" lon="12.08375"><ele>3333</ele></trkpt>
    <trkpt lat="46.90619" lon="12.08378"><ele>3334</ele></trkpt>
    <trkpt lat="46.90610" lon="12.08383"><ele>3339</ele></trkpt>
    <trkpt lat="46.90593" lon="12.08381"><ele>3348</ele></trkpt>
    <trkpt lat="46.90579" lon="12.08392"><ele>3355</ele></trkpt>
    <trkpt lat="46.90565" lon="12.08406"><ele>3361</ele></trkpt>
    <trkpt lat="46.90549" lon="12.08410"><ele>3364</ele></trkpt>
    <trkpt lat="46.90532" lon="12.08415"><ele>3365</ele></trkpt>
    <trkpt lat="46.90553" lon="12.08410"><ele>3363</ele></trkpt>
    <trkpt lat="46.90529" lon="12.08420"><ele>3367</ele></trkpt>
    <trkpt lat="46.90545" lon="12.08411"><ele>3366</ele></trkpt>
    <trkpt lat="46.90563" lon="12.08407"><ele>3363</ele></trkpt>
    <trkpt lat="46.90575" lon="12.08401"><ele>3361</ele></trkpt>
    <trkpt lat="46.90582" lon="12.08390"><ele>3357</ele></trkpt>
    <trkpt lat="46.90591" lon="12.08381"><ele>3357</ele></trkpt>
    <trkpt lat="46.90601" lon="12.08387"><ele>3353</ele></trkpt>
    <trkpt lat="46.90617" lon="12.08377"><ele>3342</ele></trkpt>
    <trkpt lat="46.90631" lon="12.08388"><ele>3336</ele></trkpt>
    <trkpt lat="46.90640" lon="12.08409"><ele>3335</ele></trkpt>
    <trkpt lat="46.90653" lon="12.08400"><ele>3324</ele></trkpt>
    <trkpt lat="46.90658" lon="12.08414"><ele>3319</ele></trkpt>
    <trkpt lat="46.90673" lon="12.08420"><ele>3318</ele></trkpt>
    <trkpt lat="46.90694" lon="12.08427"><ele>3310</ele></trkpt>
    <trkpt lat="46.90714" lon="12.08435"><ele>3299</ele></trkpt>
    <trkpt lat="46.90729" lon="12.08438"><ele>3294</ele></trkpt>
    <trkpt lat="46.90740" lon="12.08447"><ele>3291</ele></trkpt>
    <trkpt lat="46.90751" lon="12.08451"><ele>3289</ele></trkpt>
    <trkpt lat="46.90763" lon="12.08451"><ele>3286</ele></trkpt>
    <trkpt lat="46.90776" lon="12.08458"><ele>3283</ele></trkpt>
    <trkpt lat="46.90791" lon="12.08461"><ele>3284</ele></trkpt>
    <trkpt lat="46.90807" lon="12.08469"><ele>3282</ele></trkpt>
    <trkpt lat="46.90815" lon="12.08481"><ele>3278</ele></trkpt>
    <trkpt lat="46.90812" lon="12.08494"><ele>3276</ele></trkpt>
    <trkpt lat="46.90822" lon="12.08501"><ele>3273</ele></trkpt>
    <trkpt lat="46.90838" lon="12.08516"><ele>3266</ele></trkpt>
    <trkpt lat="46.90852" lon="12.08532"><ele>3262</ele></trkpt>
    <trkpt lat="46.90863" lon="12.08552"><ele>3251</ele></trkpt>
    <trkpt lat="46.90871" lon="12.08562"><ele>3250</ele></trkpt>
    <trkpt lat="46.90882" lon="12.08550"><ele>3243</ele></trkpt>
    <trkpt lat="46.90885" lon="12.08567"><ele>3237</ele></trkpt>
    <trkpt lat="46.90894" lon="12.08561"><ele>3239</ele></trkpt>
    <trkpt lat="46.90908" lon="12.08571"><ele>3226</ele></trkpt>
    <trkpt lat="46.90924" lon="12.08562"><ele>3210</ele></trkpt>
    <trkpt lat="46.90939" lon="12.08578"><ele>3201</ele></trkpt>
    <trkpt lat="46.90938" lon="12.08601"><ele>3190</ele></trkpt>
    <trkpt lat="46.90956" lon="12.08594"><ele>3177</ele></trkpt>
    <trkpt lat="46.90967" lon="12.08598"><ele>3175</ele></trkpt>
    <trkpt lat="46.90976" lon="12.08583"><ele>3169</ele></trkpt>
    <trkpt lat="46.90987" lon="12.08576"><ele>3169</ele></trkpt>
    <trkpt lat="46.90986" lon="12.08557"><ele>3160</ele></trkpt>
    <trkpt lat="46.90986" lon="12.08541"><ele>3161</ele></trkpt>
    <trkpt lat="46.90988" lon="12.08526"><ele>3161</ele></trkpt>
    <trkpt lat="46.90983" lon="12.08502"><ele>3151</ele></trkpt>
    <trkpt lat="46.90984" lon="12.08489"><ele>3146</ele></trkpt>
    <trkpt lat="46.91004" lon="12.08498"><ele>3143</ele></trkpt>
    <trkpt lat="46.91019" lon="12.08491"><ele>3134</ele></trkpt>
    <trkpt lat="46.91033" lon="12.08480"><ele>3125</ele></trkpt>
    <trkpt lat="46.91043" lon="12.08466"><ele>3119</ele></trkpt>
    <trkpt lat="46.91054" lon="12.08455"><ele>3112</ele></trkpt>
    <trkpt lat="46.91064" lon="12.08442"><ele>3113</ele></trkpt>
    <trkpt lat="46.91072" lon="12.08428"><ele>3112</ele></trkpt>
    <trkpt lat="46.91098" lon="12.08429"><ele>3110</ele></trkpt>
    <trkpt lat="46.91114" lon="12.08417"><ele>3107</ele></trkpt>
    <trkpt lat="46.91135" lon="12.08416"><ele>3101</ele></trkpt>
    <trkpt lat="46.91150" lon="12.08411"><ele>3088</ele></trkpt>
    <trkpt lat="46.91167" lon="12.08409"><ele>3082</ele></trkpt>
    <trkpt lat="46.91183" lon="12.08399"><ele>3075</ele></trkpt>
    <trkpt lat="46.91197" lon="12.08389"><ele>3068</ele></trkpt>
    <trkpt lat="46.91210" lon="12.08384"><ele>3066</ele></trkpt>
    <trkpt lat="46.91218" lon="12.08376"><ele>3062</ele></trkpt>
    <trkpt lat="46.91229" lon="12.08379"><ele>3060</ele></trkpt>
    <trkpt lat="46.91245" lon="12.08384"><ele>3056</ele></trkpt>
    <trkpt lat="46.91254" lon="12.08387"><ele>3051</ele></trkpt>
    <trkpt lat="46.91263" lon="12.08383"><ele>3047</ele></trkpt>
    <trkpt lat="46.91275" lon="12.08383"><ele>3043</ele></trkpt>
    <trkpt lat="46.91288" lon="12.08374"><ele>3042</ele></trkpt>
    <trkpt lat="46.91291" lon="12.08387"><ele>3037</ele></trkpt>
    <trkpt lat="46.91298" lon="12.08396"><ele>3037</ele></trkpt>
    <trkpt lat="46.91307" lon="12.08402"><ele>3032</ele></trkpt>
    <trkpt lat="46.91317" lon="12.08402"><ele>3029</ele></trkpt>
    <trkpt lat="46.91330" lon="12.08390"><ele>3018</ele></trkpt>
    <trkpt lat="46.91341" lon="12.08407"><ele>3012</ele></trkpt>
    <trkpt lat="46.91358" lon="12.08404"><ele>3007</ele></trkpt>
    <trkpt lat="46.91370" lon="12.08423"><ele>2989</ele></trkpt>
    <trkpt lat="46.91372" lon="12.08446"><ele>2980</ele></trkpt>
    <trkpt lat="46.91377" lon="12.08468"><ele>2968</ele></trkpt>
    <trkpt lat="46.91386" lon="12.08461"><ele>2957</ele></trkpt>
    <trkpt lat="46.91389" lon="12.08485"><ele>2963</ele></trkpt>
    <trkpt lat="46.91403" lon="12.08497"><ele>2946</ele></trkpt>
    <trkpt lat="46.91423" lon="12.08494"><ele>2930</ele></trkpt>
    <trkpt lat="46.91424" lon="12.08511"><ele>2928</ele></trkpt>
    <trkpt lat="46.91439" lon="12.08519"><ele>2920</ele></trkpt>
    <trkpt lat="46.91458" lon="12.08508"><ele>2910</ele></trkpt>
    <trkpt lat="46.91467" lon="12.08512"><ele>2913</ele></trkpt>
    <trkpt lat="46.91462" lon="12.08525"><ele>2907</ele></trkpt>
    <trkpt lat="46.91469" lon="12.08548"><ele>2900</ele></trkpt>
    <trkpt lat="46.91473" lon="12.08565"><ele>2888</ele></trkpt>
    <trkpt lat="46.91479" lon="12.08578"><ele>2896</ele></trkpt>
    <trkpt lat="46.91496" lon="12.08592"><ele>2872</ele></trkpt>
    <trkpt lat="46.91498" lon="12.08615"><ele>2858</ele></trkpt>
    <trkpt lat="46.91505" lon="12.08637"><ele>2851</ele></trkpt>
    <trkpt lat="46.91497" lon="12.08655"><ele>2844</ele></trkpt>
    <trkpt lat="46.91490" lon="12.08670"><ele>2849</ele></trkpt>
    <trkpt lat="46.91495" lon="12.08685"><ele>2837</ele></trkpt>
    <trkpt lat="46.91511" lon="12.08692"><ele>2824</ele></trkpt>
    <trkpt lat="46.91523" lon="12.08709"><ele>2822</ele></trkpt>
    <trkpt lat="46.91532" lon="12.08718"><ele>2821</ele></trkpt>
    <trkpt lat="46.91546" lon="12.08731"><ele>2812</ele></trkpt>
    <trkpt lat="46.91551" lon="12.08743"><ele>2813</ele></trkpt>
    <trkpt lat="46.91559" lon="12.08769"><ele>2811</ele></trkpt>
    <trkpt lat="46.91564" lon="12.08780"><ele>2815</ele></trkpt>
    <trkpt lat="46.91580" lon="12.08774"><ele>2806</ele></trkpt>
    <trkpt lat="46.91574" lon="12.08789"><ele>2801</ele></trkpt>
    <trkpt lat="46.91587" lon="12.08777"><ele>2792</ele></trkpt>
    <trkpt lat="46.91591" lon="12.08789"><ele>2790</ele></trkpt>
    <trkpt lat="46.91599" lon="12.08806"><ele>2784</ele></trkpt>
    <trkpt lat="46.91616" lon="12.08810"><ele>2785</ele></trkpt>
    <trkpt lat="46.91631" lon="12.08823"><ele>2770</ele></trkpt>
    <trkpt lat="46.91654" lon="12.08828"><ele>2769</ele></trkpt>
    <trkpt lat="46.91676" lon="12.08834"><ele>2768</ele></trkpt>
    <trkpt lat="46.91690" lon="12.08836"><ele>2767</ele></trkpt>
    <trkpt lat="46.91700" lon="12.08831"><ele>2766</ele></trkpt>
    <trkpt lat="46.91712" lon="12.08827"><ele>2765</ele></trkpt>
    <trkpt lat="46.91724" lon="12.08827"><ele>2759</ele></trkpt>
    <trkpt lat="46.91735" lon="12.08816"><ele>2745</ele></trkpt>
    <trkpt lat="46.91744" lon="12.08812"><ele>2744</ele></trkpt>
    <trkpt lat="46.91761" lon="12.08807"><ele>2741</ele></trkpt>
    <trkpt lat="46.91776" lon="12.08808"><ele>2742</ele></trkpt>
    <trkpt lat="46.91789" lon="12.08804"><ele>2742</ele></trkpt>
    <trkpt lat="46.91805" lon="12.08807"><ele>2730</ele></trkpt>
    <trkpt lat="46.91816" lon="12.08819"><ele>2719</ele></trkpt>
    <trkpt lat="46.91824" lon="12.08827"><ele>2718</ele></trkpt>
    <trkpt lat="46.91820" lon="12.08857"><ele>2708</ele></trkpt>
    <trkpt lat="46.91822" lon="12.08870"><ele>2709</ele></trkpt>
    <trkpt lat="46.91824" lon="12.08885"><ele>2708</ele></trkpt>
    <trkpt lat="46.91831" lon="12.08897"><ele>2708</ele></trkpt>
    <trkpt lat="46.91833" lon="12.08926"><ele>2706</ele></trkpt>
    <trkpt lat="46.91831" lon="12.08939"><ele>2694</ele></trkpt>
    <trkpt lat="46.91825" lon="12.08955"><ele>2687</ele></trkpt>
    <trkpt lat="46.91824" lon="12.08977"><ele>2682</ele></trkpt>
    <trkpt lat="46.91823" lon="12.09001"><ele>2675</ele></trkpt>
    <trkpt lat="46.91838" lon="12.09001"><ele>2676</ele></trkpt>
    <trkpt lat="46.91849" lon="12.09018"><ele>2668</ele></trkpt>
    <trkpt lat="46.91858" lon="12.09011"><ele>2664</ele></trkpt>
    <trkpt lat="46.91868" lon="12.09006"><ele>2666</ele></trkpt>
    <trkpt lat="46.91873" lon="12.09016"><ele>2662</ele></trkpt>
    <trkpt lat="46.91873" lon="12.09036"><ele>2656</ele></trkpt>
    <trkpt lat="46.91881" lon="12.09061"><ele>2654</ele></trkpt>
    <trkpt lat="46.91891" lon="12.09050"><ele>2648</ele></trkpt>
    <trkpt lat="46.91903" lon="12.09059"><ele>2639</ele></trkpt>
    <trkpt lat="46.91916" lon="12.09056"><ele>2632</ele></trkpt>
    <trkpt lat="46.91930" lon="12.09068"><ele>2622</ele></trkpt>
    <trkpt lat="46.91942" lon="12.09077"><ele>2613</ele></trkpt>
    <trkpt lat="46.91950" lon="12.09063"><ele>2608</ele></trkpt>
    <trkpt lat="46.91961" lon="12.09053"><ele>2609</ele></trkpt>
    <trkpt lat="46.91960" lon="12.09071"><ele>2598</ele></trkpt>
    <trkpt lat="46.91964" lon="12.09087"><ele>2594</ele></trkpt>
    <trkpt lat="46.91985" lon="12.09089"><ele>2586</ele></trkpt>
    <trkpt lat="46.91999" lon="12.09106"><ele>2578</ele></trkpt>
    <trkpt lat="46.92023" lon="12.09116"><ele>2566</ele></trkpt>
    <trkpt lat="46.92036" lon="12.09124"><ele>2559</ele></trkpt>
    <trkpt lat="46.92047" lon="12.09128"><ele>2551</ele></trkpt>
    <trkpt lat="46.92064" lon="12.09129"><ele>2547</ele></trkpt>
    <trkpt lat="46.92079" lon="12.09140"><ele>2543</ele></trkpt>
    <trkpt lat="46.92091" lon="12.09140"><ele>2547</ele></trkpt>
    <trkpt lat="46.92104" lon="12.09146"><ele>2538</ele></trkpt>
    <trkpt lat="46.92091" lon="12.09179"><ele>2533</ele></trkpt>
    <trkpt lat="46.92086" lon="12.09208"><ele>2528</ele></trkpt>
    <trkpt lat="46.92085" lon="12.09228"><ele>2524</ele></trkpt>
    <trkpt lat="46.92080" lon="12.09256"><ele>2523</ele></trkpt>
    <trkpt lat="46.92082" lon="12.09274"><ele>2522</ele></trkpt>
    <trkpt lat="46.92092" lon="12.09286"><ele>2525</ele></trkpt>
    <trkpt lat="46.92101" lon="12.09296"><ele>2520</ele></trkpt>
    <trkpt lat="46.92120" lon="12.09319"><ele>2513</ele></trkpt>
    <trkpt lat="46.92134" lon="12.09329"><ele>2512</ele></trkpt>
    <trkpt lat="46.92148" lon="12.09342"><ele>2507</ele></trkpt>
    <trkpt lat="46.92167" lon="12.09344"><ele>2492</ele></trkpt>
    <trkpt lat="46.92176" lon="12.09345"><ele>2492</ele></trkpt>
    <trkpt lat="46.92186" lon="12.09343"><ele>2496</ele></trkpt>
    <trkpt lat="46.92197" lon="12.09362"><ele>2478</ele></trkpt>
    <trkpt lat="46.92206" lon="12.09388"><ele>2472</ele></trkpt>
    <trkpt lat="46.92208" lon="12.09405"><ele>2467</ele></trkpt>
    <trkpt lat="46.92206" lon="12.09429"><ele>2459</ele></trkpt>
    <trkpt lat="46.92215" lon="12.09440"><ele>2457</ele></trkpt>
    <trkpt lat="46.92210" lon="12.09455"><ele>2452</ele></trkpt>
    <trkpt lat="46.92195" lon="12.09465"><ele>2444</ele></trkpt>
    <trkpt lat="46.92195" lon="12.09482"><ele>2437</ele></trkpt>
    <trkpt lat="46.92194" lon="12.09507"><ele>2443</ele></trkpt>
    <trkpt lat="46.92209" lon="12.09526"><ele>2455</ele></trkpt>
    <trkpt lat="46.92214" lon="12.09544"><ele>2454</ele></trkpt>
    <trkpt lat="46.92214" lon="12.09565"><ele>2455</ele></trkpt>
    <trkpt lat="46.92213" lon="12.09589"><ele>2450</ele></trkpt>
    <trkpt lat="46.92216" lon="12.09606"><ele>2448</ele></trkpt>
    <trkpt lat="46.92220" lon="12.09625"><ele>2442</ele></trkpt>
    <trkpt lat="46.92225" lon="12.09647"><ele>2438</ele></trkpt>
    <trkpt lat="46.92237" lon="12.09664"><ele>2434</ele></trkpt>
    <trkpt lat="46.92247" lon="12.09680"><ele>2428</ele></trkpt>
    <trkpt lat="46.92255" lon="12.09722"><ele>2414</ele></trkpt>
    <trkpt lat="46.92261" lon="12.09744"><ele>2414</ele></trkpt>
    <trkpt lat="46.92271" lon="12.09763"><ele>2416</ele></trkpt>
    <trkpt lat="46.92279" lon="12.09787"><ele>2409</ele></trkpt>
    <trkpt lat="46.92287" lon="12.09805"><ele>2402</ele></trkpt>
    <trkpt lat="46.92296" lon="12.09823"><ele>2402</ele></trkpt>
    <trkpt lat="46.92300" lon="12.09840"><ele>2400</ele></trkpt>
    <trkpt lat="46.92309" lon="12.09858"><ele>2400</ele></trkpt>
    <trkpt lat="46.92317" lon="12.09880"><ele>2394</ele></trkpt>
    <trkpt lat="46.92326" lon="12.09898"><ele>2394</ele></trkpt>
    <trkpt lat="46.92340" lon="12.09926"><ele>2397</ele></trkpt>
    <trkpt lat="46.92338" lon="12.09954"><ele>2375</ele></trkpt>
    <trkpt lat="46.92342" lon="12.09979"><ele>2373</ele></trkpt>
    <trkpt lat="46.92350" lon="12.09994"><ele>2367</ele></trkpt>
    <trkpt lat="46.92354" lon="12.10015"><ele>2371</ele></trkpt>
    <trkpt lat="46.92353" lon="12.10042"><ele>2372</ele></trkpt>
    <trkpt lat="46.92354" lon="12.10066"><ele>2365</ele></trkpt>
    <trkpt lat="46.92354" lon="12.10085"><ele>2365</ele></trkpt>
    <trkpt lat="46.92364" lon="12.10103"><ele>2364</ele></trkpt>
    <trkpt lat="46.92377" lon="12.10100"><ele>2362</ele></trkpt>
    <trkpt lat="46.92386" lon="12.10109"><ele>2358</ele></trkpt>
    <trkpt lat="46.92397" lon="12.10102"><ele>2360</ele></trkpt>
    <trkpt lat="46.92407" lon="12.10091"><ele>2358</ele></trkpt>
    <trkpt lat="46.92418" lon="12.10080"><ele>2351</ele></trkpt>
    <trkpt lat="46.92423" lon="12.10058"><ele>2348</ele></trkpt>
    <trkpt lat="46.92424" lon="12.10038"><ele>2347</ele></trkpt>
    <trkpt lat="46.92423" lon="12.10017"><ele>2347</ele></trkpt>
    <trkpt lat="46.92422" lon="12.09997"><ele>2346</ele></trkpt>
    <trkpt lat="46.92432" lon="12.09990"><ele>2341</ele></trkpt>
    <trkpt lat="46.92440" lon="12.10000"><ele>2332</ele></trkpt>
    <trkpt lat="46.92452" lon="12.09994"><ele>2329</ele></trkpt>
    <trkpt lat="46.92467" lon="12.09995"><ele>2319</ele></trkpt>
    <trkpt lat="46.92483" lon="12.09983"><ele>2326</ele></trkpt>
    <trkpt lat="46.92502" lon="12.09992"><ele>2302</ele></trkpt>
    <trkpt lat="46.92513" lon="12.09982"><ele>2301</ele></trkpt>
    <trkpt lat="46.92517" lon="12.09969"><ele>2295</ele></trkpt>
    <trkpt lat="46.92525" lon="12.09955"><ele>2294</ele></trkpt>
    <trkpt lat="46.92535" lon="12.09939"><ele>2292</ele></trkpt>
    <trkpt lat="46.92548" lon="12.09925"><ele>2290</ele></trkpt>
    <trkpt lat="46.92527" lon="12.09915"><ele>2279</ele></trkpt>
    <trkpt lat="46.92541" lon="12.09909"><ele>2277</ele></trkpt>
    <trkpt lat="46.92550" lon="12.09902"><ele>2277</ele></trkpt>
    <trkpt lat="46.92563" lon="12.09904"><ele>2276</ele></trkpt>
    <trkpt lat="46.92583" lon="12.09908"><ele>2277</ele></trkpt>
    <trkpt lat="46.92590" lon="12.09916"><ele>2266</ele></trkpt>
    <trkpt lat="46.92590" lon="12.09930"><ele>2258</ele></trkpt>
    <trkpt lat="46.92577" lon="12.09936"><ele>2262</ele></trkpt>
    <trkpt lat="46.92583" lon="12.09948"><ele>2267</ele></trkpt>
    <trkpt lat="46.92594" lon="12.09955"><ele>2269</ele></trkpt>
    <trkpt lat="46.92604" lon="12.09966"><ele>2273</ele></trkpt>
    <trkpt lat="46.92614" lon="12.09972"><ele>2273</ele></trkpt>
    <trkpt lat="46.92620" lon="12.09985"><ele>2276</ele></trkpt>
    <trkpt lat="46.92633" lon="12.09990"><ele>2274</ele></trkpt>
    <trkpt lat="46.92644" lon="12.09996"><ele>2281</ele></trkpt>
    <trkpt lat="46.92653" lon="12.10007"><ele>2278</ele></trkpt>
    <trkpt lat="46.92652" lon="12.10028"><ele>2281</ele></trkpt>
    <trkpt lat="46.92654" lon="12.10047"><ele>2280</ele></trkpt>
    <trkpt lat="46.92668" lon="12.10059"><ele>2279</ele></trkpt>
    <trkpt lat="46.92684" lon="12.10075"><ele>2285</ele></trkpt>
    <trkpt lat="46.92690" lon="12.10098"><ele>2280</ele></trkpt>
    <trkpt lat="46.92699" lon="12.10117"><ele>2274</ele></trkpt>
    <trkpt lat="46.92705" lon="12.10129"><ele>2266</ele></trkpt>
    <trkpt lat="46.92718" lon="12.10146"><ele>2278</ele></trkpt>
    <trkpt lat="46.92729" lon="12.10160"><ele>2278</ele></trkpt>
    <trkpt lat="46.92739" lon="12.10173"><ele>2274</ele></trkpt>
    <trkpt lat="46.92751" lon="12.10191"><ele>2272</ele></trkpt>
    <trkpt lat="46.92765" lon="12.10199"><ele>2272</ele></trkpt>
    <trkpt lat="46.92787" lon="12.10209"><ele>2280</ele></trkpt>
    <trkpt lat="46.92800" lon="12.10220"><ele>2285</ele></trkpt>
    <trkpt lat="46.92815" lon="12.10228"><ele>2281</ele></trkpt>
    <trkpt lat="46.92826" lon="12.10241"><ele>2275</ele></trkpt>
    <trkpt lat="46.92838" lon="12.10256"><ele>2272</ele></trkpt>
    <trkpt lat="46.92855" lon="12.10271"><ele>2281</ele></trkpt>
    <trkpt lat="46.92859" lon="12.10283"><ele>2280</ele></trkpt>
    <trkpt lat="46.92873" lon="12.10297"><ele>2281</ele></trkpt>
    <trkpt lat="46.92893" lon="12.10306"><ele>2291</ele></trkpt>
    <trkpt lat="46.92899" lon="12.10316"><ele>2281</ele></trkpt>
    <trkpt lat="46.92931" lon="12.10315"><ele>2275</ele></trkpt>
    <trkpt lat="46.92951" lon="12.10270"><ele>2281</ele></trkpt>
    <trkpt lat="46.92924" lon="12.10313"><ele>2276</ele></trkpt>
    <trkpt lat="46.92913" lon="12.10309"><ele>2272</ele></trkpt>
    <trkpt lat="46.92899" lon="12.10306"><ele>2275</ele></trkpt>
    <trkpt lat="46.92887" lon="12.10278"><ele>2281</ele></trkpt>
    <trkpt lat="46.92879" lon="12.10266"><ele>2279</ele></trkpt>
    <trkpt lat="46.92869" lon="12.10249"><ele>2274</ele></trkpt>
    <trkpt lat="46.92890" lon="12.10245"><ele>2265</ele></trkpt>
    <trkpt lat="46.92902" lon="12.10249"><ele>2264</ele></trkpt>
    <trkpt lat="46.92916" lon="12.10229"><ele>2260</ele></trkpt>
    <trkpt lat="46.92927" lon="12.10223"><ele>2249</ele></trkpt>
    <trkpt lat="46.92912" lon="12.10198"><ele>2240</ele></trkpt>
    <trkpt lat="46.92908" lon="12.10183"><ele>2239</ele></trkpt>
    <trkpt lat="46.92892" lon="12.10165"><ele>2244</ele></trkpt>
    <trkpt lat="46.92886" lon="12.10148"><ele>2243</ele></trkpt>
    <trkpt lat="46.92880" lon="12.10132"><ele>2241</ele></trkpt>
    <trkpt lat="46.92862" lon="12.10120"><ele>2229</ele></trkpt>
    <trkpt lat="46.92856" lon="12.10101"><ele>2230</ele></trkpt>
    <trkpt lat="46.92858" lon="12.10081"><ele>2228</ele></trkpt>
    <trkpt lat="46.92858" lon="12.10064"><ele>2225</ele></trkpt>
    <trkpt lat="46.92865" lon="12.10047"><ele>2219</ele></trkpt>
    <trkpt lat="46.92872" lon="12.10037"><ele>2215</ele></trkpt>
    <trkpt lat="46.92877" lon="12.10020"><ele>2217</ele></trkpt>
    <trkpt lat="46.92897" lon="12.10018"><ele>2201</ele></trkpt>
    <trkpt lat="46.92894" lon="12.09995"><ele>2196</ele></trkpt>
    <trkpt lat="46.92887" lon="12.09977"><ele>2194</ele></trkpt>
    <trkpt lat="46.92879" lon="12.09953"><ele>2194</ele></trkpt>
    <trkpt lat="46.92873" lon="12.09935"><ele>2193</ele></trkpt>
    <trkpt lat="46.92863" lon="12.09910"><ele>2189</ele></trkpt>
    <trkpt lat="46.92859" lon="12.09888"><ele>2187</ele></trkpt>
    <trkpt lat="46.92852" lon="12.09871"><ele>2184</ele></trkpt>
    <trkpt lat="46.92847" lon="12.09848"><ele>2179</ele></trkpt>
    <trkpt lat="46.92868" lon="12.09842"><ele>2165</ele></trkpt>
    <trkpt lat="46.92884" lon="12.09844"><ele>2167</ele></trkpt>
    <trkpt lat="46.92903" lon="12.09845"><ele>2166</ele></trkpt>
    <trkpt lat="46.92924" lon="12.09834"><ele>2164</ele></trkpt>
    <trkpt lat="46.92935" lon="12.09838"><ele>2157</ele></trkpt>
    <trkpt lat="46.92936" lon="12.09816"><ele>2163</ele></trkpt>
    <trkpt lat="46.92929" lon="12.09803"><ele>2154</ele></trkpt>
    <trkpt lat="46.92915" lon="12.09789"><ele>2155</ele></trkpt>
    <trkpt lat="46.92902" lon="12.09775"><ele>2237</ele></trkpt>
    <trkpt lat="46.92899" lon="12.09757"><ele>2158</ele></trkpt>
    <trkpt lat="46.92891" lon="12.09734"><ele>2142</ele></trkpt>
    <trkpt lat="46.92882" lon="12.09718"><ele>2142</ele></trkpt>
    <trkpt lat="46.92878" lon="12.09691"><ele>2142</ele></trkpt>
    <trkpt lat="46.92868" lon="12.09670"><ele>2135</ele></trkpt>
    <trkpt lat="46.92891" lon="12.09652"><ele>2132</ele></trkpt>
    <trkpt lat="46.92903" lon="12.09650"><ele>2132</ele></trkpt>
    <trkpt lat="46.92908" lon="12.09638"><ele>2130</ele></trkpt>
    <trkpt lat="46.92897" lon="12.09627"><ele>2125</ele></trkpt>
    <trkpt lat="46.92915" lon="12.09622"><ele>2120</ele></trkpt>
    <trkpt lat="46.92923" lon="12.09606"><ele>2115</ele></trkpt>
    <trkpt lat="46.92939" lon="12.09591"><ele>2118</ele></trkpt>
    <trkpt lat="46.92952" lon="12.09581"><ele>2119</ele></trkpt>
    <trkpt lat="46.92960" lon="12.09561"><ele>2113</ele></trkpt>
    <trkpt lat="46.92971" lon="12.09543"><ele>2109</ele></trkpt>
    <trkpt lat="46.92977" lon="12.09525"><ele>2109</ele></trkpt>
    <trkpt lat="46.92983" lon="12.09505"><ele>2110</ele></trkpt>
    <trkpt lat="46.92990" lon="12.09485"><ele>2107</ele></trkpt>
    <trkpt lat="46.93002" lon="12.09474"><ele>2101</ele></trkpt>
    <trkpt lat="46.93015" lon="12.09456"><ele>2101</ele></trkpt>
    <trkpt lat="46.93031" lon="12.09443"><ele>2096</ele></trkpt>
    <trkpt lat="46.93045" lon="12.09431"><ele>2094</ele></trkpt>
    <trkpt lat="46.93059" lon="12.09410"><ele>2092</ele></trkpt>
    <trkpt lat="46.93071" lon="12.09396"><ele>2093</ele></trkpt>
    <trkpt lat="46.93082" lon="12.09380"><ele>2093</ele></trkpt>
    <trkpt lat="46.93097" lon="12.09367"><ele>2152</ele></trkpt>
    <trkpt lat="46.93110" lon="12.09353"><ele>2090</ele></trkpt>
    <trkpt lat="46.93122" lon="12.09341"><ele>2093</ele></trkpt>
    <trkpt lat="46.93138" lon="12.09325"><ele>2085</ele></trkpt>
    <trkpt lat="46.93150" lon="12.09308"><ele>2082</ele></trkpt>
    <trkpt lat="46.93162" lon="12.09289"><ele>2078</ele></trkpt>
    <trkpt lat="46.93183" lon="12.09272"><ele>2071</ele></trkpt>
    <trkpt lat="46.93194" lon="12.09260"><ele>2076</ele></trkpt>
    <trkpt lat="46.93204" lon="12.09250"><ele>2081</ele></trkpt>
    <trkpt lat="46.93223" lon="12.09254"><ele>2072</ele></trkpt>
    <trkpt lat="46.93233" lon="12.09252"><ele>2066</ele></trkpt>
    <trkpt lat="46.93248" lon="12.09257"><ele>2065</ele></trkpt>
    <trkpt lat="46.93258" lon="12.09260"><ele>2058</ele></trkpt>
    <trkpt lat="46.93271" lon="12.09267"><ele>2065</ele></trkpt>
    <trkpt lat="46.93286" lon="12.09266"><ele>2050</ele></trkpt>
    <trkpt lat="46.93300" lon="12.09270"><ele>2050</ele></trkpt>
    <trkpt lat="46.93314" lon="12.09276"><ele>2042</ele></trkpt>
    <trkpt lat="46.93324" lon="12.09283"><ele>2039</ele></trkpt>
    <trkpt lat="46.93312" lon="12.09296"><ele>2034</ele></trkpt>
    <trkpt lat="46.93296" lon="12.09298"><ele>2039</ele></trkpt>
    <trkpt lat="46.93284" lon="12.09304"><ele>2034</ele></trkpt>
    <trkpt lat="46.93275" lon="12.09316"><ele>2030</ele></trkpt>
    <trkpt lat="46.93275" lon="12.09335"><ele>2180</ele></trkpt>
    <trkpt lat="46.93287" lon="12.09344"><ele>2086</ele></trkpt>
    <trkpt lat="46.93301" lon="12.09359"><ele>2026</ele></trkpt>
    <trkpt lat="46.93316" lon="12.09366"><ele>2024</ele></trkpt>
    <trkpt lat="46.93328" lon="12.09370"><ele>2020</ele></trkpt>
    <trkpt lat="46.93345" lon="12.09371"><ele>2016</ele></trkpt>
    <trkpt lat="46.93355" lon="12.09366"><ele>2009</ele></trkpt>
    <trkpt lat="46.93376" lon="12.09373"><ele>1985</ele></trkpt>
    <trkpt lat="46.93386" lon="12.09361"><ele>1983</ele></trkpt>
    <trkpt lat="46.93390" lon="12.09376"><ele>2005</ele></trkpt>
    <trkpt lat="46.93397" lon="12.09398"><ele>1973</ele></trkpt>
    <trkpt lat="46.93409" lon="12.09400"><ele>2203</ele></trkpt>
    <trkpt lat="46.93427" lon="12.09390"><ele>1991</ele></trkpt>
    <trkpt lat="46.93435" lon="12.09380"><ele>1955</ele></trkpt>
    <trkpt lat="46.93445" lon="12.09368"><ele>1942</ele></trkpt>
    <trkpt lat="46.93464" lon="12.09352"><ele>1946</ele></trkpt>
    <trkpt lat="46.93471" lon="12.09333"><ele>1946</ele></trkpt>
    <trkpt lat="46.93473" lon="12.09314"><ele>1944</ele></trkpt>
    <trkpt lat="46.93473" lon="12.09292"><ele>1941</ele></trkpt>
    <trkpt lat="46.93474" lon="12.09321"><ele>1924</ele></trkpt>
    <trkpt lat="46.93485" lon="12.09322"><ele>1917</ele></trkpt>
    <trkpt lat="46.93480" lon="12.09336"><ele>1912</ele></trkpt>
    <trkpt lat="46.93492" lon="12.09343"><ele>1907</ele></trkpt>
    <trkpt lat="46.93503" lon="12.09363"><ele>1896</ele></trkpt>
    <trkpt lat="46.93506" lon="12.09337"><ele>1895</ele></trkpt>
    <trkpt lat="46.93519" lon="12.09326"><ele>1895</ele></trkpt>
    <trkpt lat="46.93521" lon="12.09313"><ele>1886</ele></trkpt>
    <trkpt lat="46.93520" lon="12.09295"><ele>1881</ele></trkpt>
    <trkpt lat="46.93536" lon="12.09286"><ele>1870</ele></trkpt>
    <trkpt lat="46.93527" lon="12.09261"><ele>1855</ele></trkpt>
    <trkpt lat="46.93526" lon="12.09245"><ele>1855</ele></trkpt>
    <trkpt lat="46.93534" lon="12.09221"><ele>1862</ele></trkpt>
    <trkpt lat="46.93541" lon="12.09205"><ele>1860</ele></trkpt>
    <trkpt lat="46.93542" lon="12.09189"><ele>1855</ele></trkpt>
    <trkpt lat="46.93535" lon="12.09175"><ele>1851</ele></trkpt>
    <trkpt lat="46.93532" lon="12.09155"><ele>1847</ele></trkpt>
    <trkpt lat="46.93550" lon="12.09144"><ele>1848</ele></trkpt>
    <trkpt lat="46.93559" lon="12.09132"><ele>1837</ele></trkpt>
    <trkpt lat="46.93565" lon="12.09114"><ele>1830</ele></trkpt>
    <trkpt lat="46.93576" lon="12.09106"><ele>1830</ele></trkpt>
    <trkpt lat="46.93591" lon="12.09082"><ele>1817</ele></trkpt>
    <trkpt lat="46.93588" lon="12.09059"><ele>1817</ele></trkpt>
    <trkpt lat="46.93596" lon="12.09044"><ele>1819</ele></trkpt>
    <trkpt lat="46.93607" lon="12.09041"><ele>1815</ele></trkpt>
    <trkpt lat="46.93611" lon="12.09022"><ele>1810</ele></trkpt>
    <trkpt lat="46.93610" lon="12.08999"><ele>1804</ele></trkpt>
    <trkpt lat="46.93608" lon="12.08971"><ele>1800</ele></trkpt>
    <trkpt lat="46.93620" lon="12.08963"><ele>1793</ele></trkpt>
    <trkpt lat="46.93627" lon="12.08982"><ele>1788</ele></trkpt>
    <trkpt lat="46.93629" lon="12.08969"><ele>1780</ele></trkpt>
    <trkpt lat="46.93638" lon="12.08972"><ele>1777</ele></trkpt>
    <trkpt lat="46.93654" lon="12.08963"><ele>1770</ele></trkpt>
    <trkpt lat="46.93661" lon="12.08941"><ele>1771</ele></trkpt>
    <trkpt lat="46.93661" lon="12.08925"><ele>1770</ele></trkpt>
    <trkpt lat="46.93677" lon="12.08924"><ele>1744</ele></trkpt>
    <trkpt lat="46.93695" lon="12.08930"><ele>1739</ele></trkpt>
    <trkpt lat="46.93712" lon="12.08924"><ele>1724</ele></trkpt>
    <trkpt lat="46.93730" lon="12.08902"><ele>1730</ele></trkpt>
    <trkpt lat="46.93737" lon="12.08886"><ele>1704</ele></trkpt>
    <trkpt lat="46.93755" lon="12.08878"><ele>1691</ele></trkpt>
    <trkpt lat="46.93764" lon="12.08871"><ele>1688</ele></trkpt>
    <trkpt lat="46.93774" lon="12.08869"><ele>1684</ele></trkpt>
    <trkpt lat="46.93794" lon="12.08867"><ele>1673</ele></trkpt>
    <trkpt lat="46.93810" lon="12.08849"><ele>1662</ele></trkpt>
    <trkpt lat="46.93827" lon="12.08852"><ele>1653</ele></trkpt>
    <trkpt lat="46.93829" lon="12.08836"><ele>1645</ele></trkpt>
    <trkpt lat="46.93846" lon="12.08832"><ele>1636</ele></trkpt>
    <trkpt lat="46.93863" lon="12.08822"><ele>1639</ele></trkpt>
    <trkpt lat="46.93874" lon="12.08812"><ele>1631</ele></trkpt>
    <trkpt lat="46.93889" lon="12.08801"><ele>1627</ele></trkpt>
    <trkpt lat="46.93904" lon="12.08790"><ele>1630</ele></trkpt>
    <trkpt lat="46.93915" lon="12.08790"><ele>1628</ele></trkpt>
    <trkpt lat="46.93921" lon="12.08778"><ele>1625</ele></trkpt>
    <trkpt lat="46.93937" lon="12.08794"><ele>1617</ele></trkpt>
    <trkpt lat="46.93953" lon="12.08791"><ele>1614</ele></trkpt>
    <trkpt lat="46.93972" lon="12.08775"><ele>1613</ele></trkpt>
    <trkpt lat="46.93986" lon="12.08756"><ele>1614</ele></trkpt>
    <trkpt lat="46.93992" lon="12.08740"><ele>1614</ele></trkpt>
    <trkpt lat="46.94009" lon="12.08730"><ele>1607</ele></trkpt>
    <trkpt lat="46.94033" lon="12.08701"><ele>1608</ele></trkpt>
    <trkpt lat="46.94052" lon="12.08686"><ele>1608</ele></trkpt>
    <trkpt lat="46.94067" lon="12.08662"><ele>1606</ele></trkpt>
    <trkpt lat="46.94071" lon="12.08634"><ele>1603</ele></trkpt>
    <trkpt lat="46.94079" lon="12.08607"><ele>1602</ele></trkpt>
    <trkpt lat="46.94091" lon="12.08587"><ele>1603</ele></trkpt>
    <trkpt lat="46.94107" lon="12.08567"><ele>1599</ele></trkpt>
    <trkpt lat="46.94123" lon="12.08547"><ele>1591</ele></trkpt>
    <trkpt lat="46.94131" lon="12.08517"><ele>1594</ele></trkpt>
    <trkpt lat="46.94142" lon="12.08490"><ele>1595</ele></trkpt>
    <trkpt lat="46.94154" lon="12.08463"><ele>1597</ele></trkpt>
    <trkpt lat="46.94154" lon="12.08430"><ele>1593</ele></trkpt>
    <trkpt lat="46.94155" lon="12.08397"><ele>1598</ele></trkpt>
    <trkpt lat="46.94152" lon="12.08364"><ele>1594</ele></trkpt>
    <trkpt lat="46.94154" lon="12.08333"><ele>1595</ele></trkpt>
    <trkpt lat="46.94163" lon="12.08309"><ele>1598</ele></trkpt>
    <trkpt lat="46.94185" lon="12.08290"><ele>1595</ele></trkpt>
    <trkpt lat="46.94209" lon="12.08271"><ele>1584</ele></trkpt>
    <trkpt lat="46.94225" lon="12.08253"><ele>1576</ele></trkpt>
    <trkpt lat="46.94246" lon="12.08236"><ele>1581</ele></trkpt>
    <trkpt lat="46.94254" lon="12.08213"><ele>1575</ele></trkpt>
    <trkpt lat="46.94253" lon="12.08186"><ele>1574</ele></trkpt>
    <trkpt lat="46.94259" lon="12.08162"><ele>1571</ele></trkpt>
    <trkpt lat="46.94275" lon="12.08140"><ele>1571</ele></trkpt>
    <trkpt lat="46.94290" lon="12.08117"><ele>1573</ele></trkpt>
    <trkpt lat="46.94306" lon="12.08092"><ele>1573</ele></trkpt>
    <trkpt lat="46.94326" lon="12.08064"><ele>1582</ele></trkpt>
    <trkpt lat="46.94340" lon="12.08034"><ele>1584</ele></trkpt>
    <trkpt lat="46.94344" lon="12.08004"><ele>1583</ele></trkpt>
    <trkpt lat="46.94359" lon="12.07976"><ele>1582</ele></trkpt>
    <trkpt lat="46.94363" lon="12.07949"><ele>1571</ele></trkpt>
    <trkpt lat="46.94365" lon="12.07923"><ele>1567</ele></trkpt>
    <trkpt lat="46.94375" lon="12.07895"><ele>1568</ele></trkpt>
    <trkpt lat="46.94382" lon="12.07867"><ele>1565</ele></trkpt>
    <trkpt lat="46.94394" lon="12.07841"><ele>1563</ele></trkpt>
    <trkpt lat="46.94395" lon="12.07813"><ele>1563</ele></trkpt>
    <trkpt lat="46.94396" lon="12.07782"><ele>1571</ele></trkpt>
    <trkpt lat="46.94393" lon="12.07747"><ele>1573</ele></trkpt>
    <trkpt lat="46.94391" lon="12.07726"><ele>1571</ele></trkpt>
    <trkpt lat="46.94389" lon="12.07703"><ele>1570</ele></trkpt>
    <trkpt lat="46.94384" lon="12.07676"><ele>1566</ele></trkpt>
    <trkpt lat="46.94383" lon="12.07640"><ele>1559</ele></trkpt>
    <trkpt lat="46.94377" lon="12.07605"><ele>1682</ele></trkpt>
    <trkpt lat="46.94372" lon="12.07571"><ele>1582</ele></trkpt>
    <trkpt lat="46.94369" lon="12.07534"><ele>1577</ele></trkpt>
    <trkpt lat="46.94365" lon="12.07502"><ele>1575</ele></trkpt>
    <trkpt lat="46.94362" lon="12.07469"><ele>1608</ele></trkpt>
    <trkpt lat="46.94359" lon="12.07440"><ele>1574</ele></trkpt>
    <trkpt lat="46.94358" lon="12.07414"><ele>1581</ele></trkpt>
    <trkpt lat="46.94351" lon="12.07387"><ele>1584</ele></trkpt>
    <trkpt lat="46.94351" lon="12.07372"><ele>1573</ele></trkpt>
    <trkpt lat="46.94360" lon="12.07348"><ele>1566</ele></trkpt>
    <trkpt lat="46.94373" lon="12.07317"><ele>1561</ele></trkpt>
    <trkpt lat="46.94384" lon="12.07287"><ele>1741</ele></trkpt>
    <trkpt lat="46.94397" lon="12.07258"><ele>1602</ele></trkpt>
    <trkpt lat="46.94408" lon="12.07230"><ele>1572</ele></trkpt>
    <trkpt lat="46.94418" lon="12.07204"><ele>1561</ele></trkpt>
    <trkpt lat="46.94427" lon="12.07177"><ele>1560</ele></trkpt>
    <trkpt lat="46.94433" lon="12.07152"><ele>1565</ele></trkpt>
    <trkpt lat="46.94443" lon="12.07120"><ele>1566</ele></trkpt>
    <trkpt lat="46.94446" lon="12.07096"><ele>1562</ele></trkpt>
    <trkpt lat="46.94448" lon="12.07066"><ele>1561</ele></trkpt>
    <trkpt lat="46.94449" lon="12.07036"><ele>1560</ele></trkpt>
    <trkpt lat="46.94448" lon="12.07003"><ele>1562</ele></trkpt>
    <trkpt lat="46.94449" lon="12.06972"><ele>1558</ele></trkpt>
    <trkpt lat="46.94452" lon="12.06940"><ele>1553</ele></trkpt>
    <trkpt lat="46.94454" lon="12.06913"><ele>1550</ele></trkpt>
    <trkpt lat="46.94468" lon="12.06883"><ele>1552</ele></trkpt>
    <trkpt lat="46.94476" lon="12.06853"><ele>1555</ele></trkpt>
    <trkpt lat="46.94477" lon="12.06820"><ele>1556</ele></trkpt>
    <trkpt lat="46.94477" lon="12.06787"><ele>1559</ele></trkpt>
    <trkpt lat="46.94476" lon="12.06760"><ele>1551</ele></trkpt>
    <trkpt lat="46.94473" lon="12.06733"><ele>1551</ele></trkpt>
    <trkpt lat="46.94486" lon="12.06704"><ele>1552</ele></trkpt>
    <trkpt lat="46.94496" lon="12.06673"><ele>1550</ele></trkpt>
    <trkpt lat="46.94500" lon="12.06644"><ele>1551</ele></trkpt>
    <trkpt lat="46.94501" lon="12.06610"><ele>1551</ele></trkpt>
    <trkpt lat="46.94494" lon="12.06574"><ele>1553</ele></trkpt>
    <trkpt lat="46.94490" lon="12.06531"><ele>1563</ele></trkpt>
    <trkpt lat="46.94483" lon="12.06501"><ele>1559</ele></trkpt>
    <trkpt lat="46.94476" lon="12.06479"><ele>1554</ele></trkpt>
    <trkpt lat="46.94479" lon="12.06457"><ele>1552</ele></trkpt>
    <trkpt lat="46.94497" lon="12.06438"><ele>1551</ele></trkpt>
    <trkpt lat="46.94512" lon="12.06425"><ele>1546</ele></trkpt>
    <trkpt lat="46.94534" lon="12.06412"><ele>1543</ele></trkpt>
    <trkpt lat="46.94551" lon="12.06409"><ele>1545</ele></trkpt>
  </trkseg>
</trk>
</gpx>