<?xml version="1.0" encoding="UTF-8"?>
<gpx version="1.1" creator="Gpx-Optimizer" xmlns="http://www.topografix.com/GPX/1/1">
<trk>
  <name>Mtb_Torhelm_Kelchsau</name>
  <trkseg>
    <trkpt lat="47.46793" lon="12.14190"><ele>566</ele><time>2023-08-22T06:11:03Z</time></trkpt>
    <trkpt lat="47.46781" lon="12.14158"><ele>596</ele><time>2023-08-22T06:11:15Z</time></trkpt>
    <trkpt lat="47.46762" lon="12.14118"><ele>596</ele><time>2023-08-22T06:11:34Z</time></trkpt>
    <trkpt lat="47.46749" lon="12.14005"><ele>588</ele><time>2023-08-22T06:11:52Z</time></trkpt>
    <trkpt lat="47.46665" lon="12.13978"><ele>582</ele><time>2023-08-22T06:12:11Z</time></trkpt>
    <trkpt lat="47.46633" lon="12.13936"><ele>585</ele><time>2023-08-22T06:12:29Z</time></trkpt>
    <trkpt lat="47.46629" lon="12.13923"><ele>585</ele><time>2023-08-22T06:12:54Z</time></trkpt>
    <trkpt lat="47.46564" lon="12.13918"><ele>584</ele><time>2023-08-22T06:13:12Z</time></trkpt>
    <trkpt lat="47.46471" lon="12.13911"><ele>584</ele><time>2023-08-22T06:13:31Z</time></trkpt>
    <trkpt lat="47.46395" lon="12.13873"><ele>583</ele><time>2023-08-22T06:13:49Z</time></trkpt>
    <trkpt lat="47.46368" lon="12.13925"><ele>582</ele><time>2023-08-22T06:14:08Z</time></trkpt>
    <trkpt lat="47.46313" lon="12.14000"><ele>586</ele><time>2023-08-22T06:14:26Z</time></trkpt>
    <trkpt lat="47.46248" lon="12.14046"><ele>606</ele><time>2023-08-22T06:14:45Z</time></trkpt>
    <trkpt lat="47.46188" lon="12.14088"><ele>591</ele><time>2023-08-22T06:15:04Z</time></trkpt>
    <trkpt lat="47.46137" lon="12.14138"><ele>686</ele><time>2023-08-22T06:15:21Z</time></trkpt>
    <trkpt lat="47.46082" lon="12.14217"><ele>601</ele><time>2023-08-22T06:15:40Z</time></trkpt>
    <trkpt lat="47.46042" lon="12.14301"><ele>599</ele><time>2023-08-22T06:15:58Z</time></trkpt>
    <trkpt lat="47.45997" lon="12.14386"><ele>599</ele><time>2023-08-22T06:16:17Z</time></trkpt>
    <trkpt lat="47.45955" lon="12.14448"><ele>600</ele><time>2023-08-22T06:16:35Z</time></trkpt>
    <trkpt lat="47.45903" lon="12.14517"><ele>603</ele><time>2023-08-22T06:16:54Z</time></trkpt>
    <trkpt lat="47.45884" lon="12.14529"><ele>596</ele><time>2023-08-22T06:17:12Z</time></trkpt>
    <trkpt lat="47.45867" lon="12.14498"><ele>591</ele><time>2023-08-22T06:17:30Z</time></trkpt>
    <trkpt lat="47.45806" lon="12.14536"><ele>593</ele><time>2023-08-22T06:17:48Z</time></trkpt>
    <trkpt lat="47.45727" lon="12.14584"><ele>587</ele><time>2023-08-22T06:18:07Z</time></trkpt>
    <trkpt lat="47.45665" lon="12.14633"><ele>584</ele><time>2023-08-22T06:18:25Z</time></trkpt>
    <trkpt lat="47.45596" lon="12.14686"><ele>583</ele><time>2023-08-22T06:18:44Z</time></trkpt>
    <trkpt lat="47.45539" lon="12.14761"><ele>592</ele><time>2023-08-22T06:19:02Z</time></trkpt>
    <trkpt lat="47.45482" lon="12.14839"><ele>596</ele><time>2023-08-22T06:19:21Z</time></trkpt>
    <trkpt lat="47.45410" lon="12.14864"><ele>589</ele><time>2023-08-22T06:19:39Z</time></trkpt>
    <trkpt lat="47.45363" lon="12.14866"><ele>594</ele><time>2023-08-22T06:19:57Z</time></trkpt>
    <trkpt lat="47.45341" lon="12.14877"><ele>590</ele><time>2023-08-22T06:20:16Z</time></trkpt>
    <trkpt lat="47.45310" lon="12.14894"><ele>596</ele><time>2023-08-22T06:20:34Z</time></trkpt>
    <trkpt lat="47.45284" lon="12.14914"><ele>603</ele><time>2023-08-22T06:20:52Z</time></trkpt>
    <trkpt lat="47.45245" lon="12.14941"><ele>596</ele><time>2023-08-22T06:21:11Z</time></trkpt>
    <trkpt lat="47.45156" lon="12.15040"><ele>598</ele><time>2023-08-22T06:21:30Z</time></trkpt>
    <trkpt lat="47.45069" lon="12.15061"><ele>591</ele><time>2023-08-22T06:21:48Z</time></trkpt>
    <trkpt lat="47.45016" lon="12.15126"><ele>597</ele><time>2023-08-22T06:22:06Z</time></trkpt>
    <trkpt lat="47.44959" lon="12.15210"><ele>599</ele><time>2023-08-22T06:22:25Z</time></trkpt>
    <trkpt lat="47.44925" lon="12.15290"><ele>605</ele><time>2023-08-22T06:22:43Z</time></trkpt>
    <trkpt lat="47.44909" lon="12.15332"><ele>602</ele><time>2023-08-22T06:23:02Z</time></trkpt>
    <trkpt lat="47.44901" lon="12.15353"><ele>602</ele><time>2023-08-22T06:23:20Z</time></trkpt>
    <trkpt lat="47.44857" lon="12.15426"><ele>604</ele><time>2023-08-22T06:23:38Z</time></trkpt>
    <trkpt lat="47.44800" lon="12.15486"><ele>605</ele><time>2023-08-22T06:23:56Z</time></trkpt>
    <trkpt lat="47.44748" lon="12.15572"><ele>604</ele><time>2023-08-22T06:24:15Z</time></trkpt>
    <trkpt lat="47.44715" lon="12.15670"><ele>608</ele><time>2023-08-22T06:24:33Z</time></trkpt>
    <trkpt lat="47.44652" lon="12.15753"><ele>605</ele><time>2023-08-22T06:24:52Z</time></trkpt>
    <trkpt lat="47.44574" lon="12.15779"><ele>605</ele><time>2023-08-22T06:25:10Z</time></trkpt>
    <trkpt lat="47.44504" lon="12.15811"><ele>624</ele><time>2023-08-22T06:25:29Z</time></trkpt>
    <trkpt lat="47.44484" lon="12.15828"><ele>605</ele><time>2023-08-22T06:25:48Z</time></trkpt>
    <trkpt lat="47.44478" lon="12.15840"><ele>605</ele><time>2023-08-22T06:26:22Z</time></trkpt>
    <trkpt lat="47.44452" lon="12.15864"><ele>606</ele><time>2023-08-22T06:26:41Z</time></trkpt>
    <trkpt lat="47.44445" lon="12.15875"><ele>602</ele><time>2023-08-22T06:28:45Z</time></trkpt>
    <trkpt lat="47.44385" lon="12.15927"><ele>601</ele><time>2023-08-22T06:29:03Z</time></trkpt>
    <trkpt lat="47.44319" lon="12.15974"><ele>601</ele><time>2023-08-22T06:29:22Z</time></trkpt>
    <trkpt lat="47.44257" lon="12.15979"><ele>604</ele><time>2023-08-22T06:29:41Z</time></trkpt>
    <trkpt lat="47.44191" lon="12.15969"><ele>608</ele><time>2023-08-22T06:29:59Z</time></trkpt>
    <trkpt lat="47.44125" lon="12.15963"><ele>609</ele><time>2023-08-22T06:30:17Z</time></trkpt>
    <trkpt lat="47.44060" lon="12.15932"><ele>610</ele><time>2023-08-22T06:30:35Z</time></trkpt>
    <trkpt lat="47.43987" lon="12.15865"><ele>611</ele><time>2023-08-22T06:30:53Z</time></trkpt>
    <trkpt lat="47.43929" lon="12.15804"><ele>612</ele><time>2023-08-22T06:31:12Z</time></trkpt>
    <trkpt lat="47.43911" lon="12.15785"><ele>613</ele><time>2023-08-22T06:31:31Z</time></trkpt>
    <trkpt lat="47.43902" lon="12.15790"><ele>614</ele><time>2023-08-22T06:32:07Z</time></trkpt>
    <trkpt lat="47.43866" lon="12.15832"><ele>612</ele><time>2023-08-22T06:32:25Z</time></trkpt>
    <trkpt lat="47.43794" lon="12.15780"><ele>617</ele><time>2023-08-22T06:32:43Z</time></trkpt>
    <trkpt lat="47.43752" lon="12.15681"><ele>618</ele><time>2023-08-22T06:33:01Z</time></trkpt>
    <trkpt lat="47.43683" lon="12.15651"><ele>620</ele><time>2023-08-22T06:33:20Z</time></trkpt>
    <trkpt lat="47.43618" lon="12.15674"><ele>619</ele><time>2023-08-22T06:33:39Z</time></trkpt>
    <trkpt lat="47.43554" lon="12.15670"><ele>621</ele><time>2023-08-22T06:33:57Z</time></trkpt>
    <trkpt lat="47.43497" lon="12.15618"><ele>622</ele><time>2023-08-22T06:34:16Z</time></trkpt>
    <trkpt lat="47.43461" lon="12.15536"><ele>626</ele><time>2023-08-22T06:34:35Z</time></trkpt>
    <trkpt lat="47.43445" lon="12.15455"><ele>630</ele><time>2023-08-22T06:34:53Z</time></trkpt>
    <trkpt lat="47.43417" lon="12.15379"><ele>624</ele><time>2023-08-22T06:35:12Z</time></trkpt>
    <trkpt lat="47.43352" lon="12.15350"><ele>626</ele><time>2023-08-22T06:35:31Z</time></trkpt>
    <trkpt lat="47.43290" lon="12.15366"><ele>626</ele><time>2023-08-22T06:35:49Z</time></trkpt>
    <trkpt lat="47.43220" lon="12.15345"><ele>627</ele><time>2023-08-22T06:36:08Z</time></trkpt>
    <trkpt lat="47.43168" lon="12.15278"><ele>625</ele><time>2023-08-22T06:36:26Z</time></trkpt>
    <trkpt lat="47.43116" lon="12.15214"><ele>622</ele><time>2023-08-22T06:36:45Z</time></trkpt>
    <trkpt lat="47.43058" lon="12.15175"><ele>623</ele><time>2023-08-22T06:37:03Z</time></trkpt>
    <trkpt lat="47.43001" lon="12.15135"><ele>625</ele><time>2023-08-22T06:37:21Z</time></trkpt>
    <trkpt lat="47.42954" lon="12.15076"><ele>633</ele><time>2023-08-22T06:37:40Z</time></trkpt>
    <trkpt lat="47.42931" lon="12.14998"><ele>635</ele><time>2023-08-22T06:37:58Z</time></trkpt>
    <trkpt lat="47.42929" lon="12.14913"><ele>631</ele><time>2023-08-22T06:38:17Z</time></trkpt>
    <trkpt lat="47.42927" lon="12.14832"><ele>631</ele><time>2023-08-22T06:39:12Z</time></trkpt>
    <trkpt lat="47.42914" lon="12.14746"><ele>638</ele><time>2023-08-22T06:39:31Z</time></trkpt>
    <trkpt lat="47.42895" lon="12.14675"><ele>644</ele><time>2023-08-22T06:39:49Z</time></trkpt>
    <trkpt lat="47.42861" lon="12.14604"><ele>638</ele><time>2023-08-22T06:40:08Z</time></trkpt>
    <trkpt lat="47.42816" lon="12.14537"><ele>643</ele><time>2023-08-22T06:40:26Z</time></trkpt>
    <trkpt lat="47.42761" lon="12.14483"><ele>649</ele><time>2023-08-22T06:40:45Z</time></trkpt>
    <trkpt lat="47.42703" lon="12.14453"><ele>646</ele><time>2023-08-22T06:41:03Z</time></trkpt>
    <trkpt lat="47.42644" lon="12.14436"><ele>649</ele><time>2023-08-22T06:41:21Z</time></trkpt>
    <trkpt lat="47.42584" lon="12.14429"><ele>645</ele><time>2023-08-22T06:41:40Z</time></trkpt>
    <trkpt lat="47.42534" lon="12.14411"><ele>643</ele><time>2023-08-22T06:41:58Z</time></trkpt>
    <trkpt lat="47.42478" lon="12.14377"><ele>646</ele><time>2023-08-22T06:42:16Z</time></trkpt>
    <trkpt lat="47.42427" lon="12.14402"><ele>648</ele><time>2023-08-22T06:42:35Z</time></trkpt>
    <trkpt lat="47.42365" lon="12.14389"><ele>650</ele><time>2023-08-22T06:42:53Z</time></trkpt>
    <trkpt lat="47.42324" lon="12.14312"><ele>648</ele><time>2023-08-22T06:43:11Z</time></trkpt>
    <trkpt lat="47.42314" lon="12.14224"><ele>645</ele><time>2023-08-22T06:43:30Z</time></trkpt>
    <trkpt lat="47.42281" lon="12.14161"><ele>651</ele><time>2023-08-22T06:43:48Z</time></trkpt>
    <trkpt lat="47.42230" lon="12.14125"><ele>653</ele><time>2023-08-22T06:44:07Z</time></trkpt>
    <trkpt lat="47.42186" lon="12.14101"><ele>653</ele><time>2023-08-22T06:44:25Z</time></trkpt>
    <trkpt lat="47.42130" lon="12.14061"><ele>660</ele><time>2023-08-22T06:44:44Z</time></trkpt>
    <trkpt lat="47.42076" lon="12.14013"><ele>662</ele><time>2023-08-22T06:45:02Z</time></trkpt>
    <trkpt lat="47.42023" lon="12.13974"><ele>664</ele><time>2023-08-22T06:45:21Z</time></trkpt>
    <trkpt lat="47.41973" lon="12.13950"><ele>681</ele><time>2023-08-22T06:45:39Z</time></trkpt>
    <trkpt lat="47.41921" lon="12.13921"><ele>666</ele><time>2023-08-22T06:45:58Z</time></trkpt>
    <trkpt lat="47.41877" lon="12.13877"><ele>663</ele><time>2023-08-22T06:46:16Z</time></trkpt>
    <trkpt lat="47.41849" lon="12.13796"><ele>675</ele><time>2023-08-22T06:46:34Z</time></trkpt>
    <trkpt lat="47.41822" lon="12.13705"><ele>669</ele><time>2023-08-22T06:46:53Z</time></trkpt>
    <trkpt lat="47.41789" lon="12.13631"><ele>668</ele><time>2023-08-22T06:47:11Z</time></trkpt>
    <trkpt lat="47.41737" lon="12.13582"><ele>667</ele><time>2023-08-22T06:47:30Z</time></trkpt>
    <trkpt lat="47.41719" lon="12.13560"><ele>670</ele><time>2023-08-22T06:47:49Z</time></trkpt>
    <trkpt lat="47.41739" lon="12.13521"><ele>671</ele><time>2023-08-22T06:48:58Z</time></trkpt>
    <trkpt lat="47.41724" lon="12.13463"><ele>672</ele><time>2023-08-22T06:49:16Z</time></trkpt>
    <trkpt lat="47.41690" lon="12.13387"><ele>674</ele><time>2023-08-22T06:49:34Z</time></trkpt>
    <trkpt lat="47.41632" lon="12.13337"><ele>673</ele><time>2023-08-22T06:49:53Z</time></trkpt>
    <trkpt lat="47.41567" lon="12.13334"><ele>672</ele><time>2023-08-22T06:50:11Z</time></trkpt>
    <trkpt lat="47.41509" lon="12.13367"><ele>672</ele><time>2023-08-22T06:50:30Z</time></trkpt>
    <trkpt lat="47.41467" lon="12.13423"><ele>684</ele><time>2023-08-22T06:50:49Z</time></trkpt>
    <trkpt lat="47.41426" lon="12.13471"><ele>781</ele><time>2023-08-22T06:51:08Z</time></trkpt>
    <trkpt lat="47.41378" lon="12.13501"><ele>694</ele><time>2023-08-22T06:51:28Z</time></trkpt>
    <trkpt lat="47.41369" lon="12.13508"><ele>697</ele><time>2023-08-22T06:52:02Z</time></trkpt>
    <trkpt lat="47.41319" lon="12.13519"><ele>696</ele><time>2023-08-22T06:52:20Z</time></trkpt>
    <trkpt lat="47.41241" lon="12.13486"><ele>685</ele><time>2023-08-22T06:52:39Z</time></trkpt>
    <trkpt lat="47.41169" lon="12.13424"><ele>689</ele><time>2023-08-22T06:52:57Z</time></trkpt>
    <trkpt lat="47.41092" lon="12.13415"><ele>687</ele><time>2023-08-22T06:53:15Z</time></trkpt>
    <trkpt lat="47.41032" lon="12.13473"><ele>695</ele><time>2023-08-22T06:53:34Z</time></trkpt>
    <trkpt lat="47.40985" lon="12.13526"><ele>689</ele><time>2023-08-22T06:53:53Z</time></trkpt>
    <trkpt lat="47.40932" lon="12.13554"><ele>707</ele><time>2023-08-22T06:54:11Z</time></trkpt>
    <trkpt lat="47.40879" lon="12.13507"><ele>701</ele><time>2023-08-22T06:54:29Z</time></trkpt>
    <trkpt lat="47.40813" lon="12.13487"><ele>697</ele><time>2023-08-22T06:54:48Z</time></trkpt>
    <trkpt lat="47.40754" lon="12.13497"><ele>700</ele><time>2023-08-22T06:55:07Z</time></trkpt>
    <trkpt lat="47.40698" lon="12.13487"><ele>705</ele><time>2023-08-22T06:55:26Z</time></trkpt>
    <trkpt lat="47.40639" lon="12.13441"><ele>703</ele><time>2023-08-22T06:55:44Z</time></trkpt>
    <trkpt lat="47.40581" lon="12.13472"><ele>706</ele><time>2023-08-22T06:56:03Z</time></trkpt>
    <trkpt lat="47.40528" lon="12.13496"><ele>710</ele><time>2023-08-22T06:56:21Z</time></trkpt>
    <trkpt lat="47.40479" lon="12.13505"><ele>713</ele><time>2023-08-22T06:56:39Z</time></trkpt>
    <trkpt lat="47.40441" lon="12.13554"><ele>714</ele><time>2023-08-22T06:56:58Z</time></trkpt>
    <trkpt lat="47.40405" lon="12.13605"><ele>710</ele><time>2023-08-22T06:57:16Z</time></trkpt>
    <trkpt lat="47.40359" lon="12.13674"><ele>711</ele><time>2023-08-22T06:57:35Z</time></trkpt>
    <trkpt lat="47.40355" lon="12.13752"><ele>726</ele><time>2023-08-22T06:57:53Z</time></trkpt>
    <trkpt lat="47.40360" lon="12.13828"><ele>726</ele><time>2023-08-22T06:58:12Z</time></trkpt>
    <trkpt lat="47.40299" lon="12.13819"><ele>725</ele><time>2023-08-22T06:58:31Z</time></trkpt>
    <trkpt lat="47.40249" lon="12.13832"><ele>732</ele><time>2023-08-22T06:58:50Z</time></trkpt>
    <trkpt lat="47.40208" lon="12.13800"><ele>732</ele><time>2023-08-22T06:59:08Z</time></trkpt>
    <trkpt lat="47.40159" lon="12.13750"><ele>733</ele><time>2023-08-22T06:59:27Z</time></trkpt>
    <trkpt lat="47.40119" lon="12.13709"><ele>735</ele><time>2023-08-22T06:59:45Z</time></trkpt>
    <trkpt lat="47.40110" lon="12.13636"><ele>733</ele><time>2023-08-22T07:00:03Z</time></trkpt>
    <trkpt lat="47.40059" lon="12.13591"><ele>735</ele><time>2023-08-22T07:00:22Z</time></trkpt>
    <trkpt lat="47.40013" lon="12.13534"><ele>740</ele><time>2023-08-22T07:00:41Z</time></trkpt>
    <trkpt lat="47.39954" lon="12.13545"><ele>739</ele><time>2023-08-22T07:00:59Z</time></trkpt>
    <trkpt lat="47.39942" lon="12.13550"><ele>740</ele><time>2023-08-22T07:01:18Z</time></trkpt>
    <trkpt lat="47.39940" lon="12.13569"><ele>759</ele><time>2023-08-22T07:03:22Z</time></trkpt>
    <trkpt lat="47.39934" lon="12.13579"><ele>762</ele><time>2023-08-22T07:04:42Z</time></trkpt>
    <trkpt lat="47.39888" lon="12.13570"><ele>753</ele><time>2023-08-22T07:05:01Z</time></trkpt>
    <trkpt lat="47.39851" lon="12.13538"><ele>750</ele><time>2023-08-22T07:05:19Z</time></trkpt>
    <trkpt lat="47.39842" lon="12.13543"><ele>748</ele><time>2023-08-22T07:05:48Z</time></trkpt>
    <trkpt lat="47.39809" lon="12.13546"><ele>750</ele><time>2023-08-22T07:06:06Z</time></trkpt>
    <trkpt lat="47.39767" lon="12.13553"><ele>758</ele><time>2023-08-22T07:06:25Z</time></trkpt>
    <trkpt lat="47.39721" lon="12.13564"><ele>758</ele><time>2023-08-22T07:06:44Z</time></trkpt>
    <trkpt lat="47.39690" lon="12.13592"><ele>761</ele><time>2023-08-22T07:07:03Z</time></trkpt>
    <trkpt lat="47.39656" lon="12.13588"><ele>754</ele><time>2023-08-22T07:07:21Z</time></trkpt>
    <trkpt lat="47.39647" lon="12.13579"><ele>758</ele><time>2023-08-22T07:07:55Z</time></trkpt>
    <trkpt lat="47.39598" lon="12.13583"><ele>759</ele><time>2023-08-22T07:08:13Z</time></trkpt>
    <trkpt lat="47.39555" lon="12.13555"><ele>761</ele><time>2023-08-22T07:08:32Z</time></trkpt>
    <trkpt lat="47.39514" lon="12.13502"><ele>759</ele><time>2023-08-22T07:08:50Z</time></trkpt>
    <trkpt lat="47.39468" lon="12.13464"><ele>764</ele><time>2023-08-22T07:09:09Z</time></trkpt>
    <trkpt lat="47.39417" lon="12.13446"><ele>767</ele><time>2023-08-22T07:09:28Z</time></trkpt>
    <trkpt lat="47.39369" lon="12.13445"><ele>772</ele><time>2023-08-22T07:09:47Z</time></trkpt>
    <trkpt lat="47.39317" lon="12.13463"><ele>774</ele><time>2023-08-22T07:10:06Z</time></trkpt>
    <trkpt lat="47.39275" lon="12.13506"><ele>772</ele><time>2023-08-22T07:10:24Z</time></trkpt>
    <trkpt lat="47.39231" lon="12.13530"><ele>773</ele><time>2023-08-22T07:10:42Z</time></trkpt>
    <trkpt lat="47.39219" lon="12.13571"><ele>776</ele><time>2023-08-22T07:11:00Z</time></trkpt>
    <trkpt lat="47.39223" lon="12.13589"><ele>777</ele><time>2023-08-22T07:11:18Z</time></trkpt>
    <trkpt lat="47.39215" lon="12.13598"><ele>779</ele><time>2023-08-22T07:11:54Z</time></trkpt>
    <trkpt lat="47.39160" lon="12.13630"><ele>782</ele><time>2023-08-22T07:12:13Z</time></trkpt>
    <trkpt lat="47.39134" lon="12.13686"><ele>783</ele><time>2023-08-22T07:12:31Z</time></trkpt>
    <trkpt lat="47.39091" lon="12.13738"><ele>783</ele><time>2023-08-22T07:12:50Z</time></trkpt>
    <trkpt lat="47.39081" lon="12.13741"><ele>775</ele><time>2023-08-22T07:14:15Z</time></trkpt>
    <trkpt lat="47.39026" lon="12.13748"><ele>777</ele><time>2023-08-22T07:14:33Z</time></trkpt>
    <trkpt lat="47.38985" lon="12.13766"><ele>785</ele><time>2023-08-22T07:14:52Z</time></trkpt>
    <trkpt lat="47.38933" lon="12.13753"><ele>782</ele><time>2023-08-22T07:15:11Z</time></trkpt>
    <trkpt lat="47.38871" lon="12.13732"><ele>779</ele><time>2023-08-22T07:15:29Z</time></trkpt>
    <trkpt lat="47.38847" lon="12.13721"><ele>792</ele><time>2023-08-22T07:15:47Z</time></trkpt>
    <trkpt lat="47.38785" lon="12.13709"><ele>789</ele><time>2023-08-22T07:16:32Z</time></trkpt>
    <trkpt lat="47.38753" lon="12.13709"><ele>793</ele><time>2023-08-22T07:16:51Z</time></trkpt>
    <trkpt lat="47.38742" lon="12.13748"><ele>797</ele><time>2023-08-22T07:17:10Z</time></trkpt>
    <trkpt lat="47.38718" lon="12.13785"><ele>803</ele><time>2023-08-22T07:17:28Z</time></trkpt>
    <trkpt lat="47.38707" lon="12.13829"><ele>807</ele><time>2023-08-22T07:17:47Z</time></trkpt>
    <trkpt lat="47.38646" lon="12.13818"><ele>806</ele><time>2023-08-22T07:18:05Z</time></trkpt>
    <trkpt lat="47.38563" lon="12.13740"><ele>799</ele><time>2023-08-22T07:18:23Z</time></trkpt>
    <trkpt lat="47.38514" lon="12.13702"><ele>798</ele><time>2023-08-22T07:18:42Z</time></trkpt>
    <trkpt lat="47.38476" lon="12.13676"><ele>798</ele><time>2023-08-22T07:19:00Z</time></trkpt>
    <trkpt lat="47.38432" lon="12.13651"><ele>803</ele><time>2023-08-22T07:19:19Z</time></trkpt>
    <trkpt lat="47.38404" lon="12.13604"><ele>800</ele><time>2023-08-22T07:19:37Z</time></trkpt>
    <trkpt lat="47.38378" lon="12.13534"><ele>802</ele><time>2023-08-22T07:19:56Z</time></trkpt>
    <trkpt lat="47.38340" lon="12.13513"><ele>807</ele><time>2023-08-22T07:20:15Z</time></trkpt>
    <trkpt lat="47.38306" lon="12.13517"><ele>813</ele><time>2023-08-22T07:20:33Z</time></trkpt>
    <trkpt lat="47.38269" lon="12.13507"><ele>814</ele><time>2023-08-22T07:20:52Z</time></trkpt>
    <trkpt lat="47.38243" lon="12.13482"><ele>819</ele><time>2023-08-22T07:21:11Z</time></trkpt>
    <trkpt lat="47.38222" lon="12.13449"><ele>817</ele><time>2023-08-22T07:21:29Z</time></trkpt>
    <trkpt lat="47.38192" lon="12.13420"><ele>818</ele><time>2023-08-22T07:21:47Z</time></trkpt>
    <trkpt lat="47.38162" lon="12.13388"><ele>819</ele><time>2023-08-22T07:22:06Z</time></trkpt>
    <trkpt lat="47.38135" lon="12.13365"><ele>823</ele><time>2023-08-22T07:22:24Z</time></trkpt>
    <trkpt lat="47.38088" lon="12.13311"><ele>821</ele><time>2023-08-22T07:22:43Z</time></trkpt>
    <trkpt lat="47.38054" lon="12.13225"><ele>818</ele><time>2023-08-22T07:23:02Z</time></trkpt>
    <trkpt lat="47.38062" lon="12.13169"><ele>815</ele><time>2023-08-22T07:24:08Z</time></trkpt>
    <trkpt lat="47.38047" lon="12.13165"><ele>817</ele><time>2023-08-22T07:24:26Z</time></trkpt>
    <trkpt lat="47.38001" lon="12.13157"><ele>816</ele><time>2023-08-22T07:24:45Z</time></trkpt>
    <trkpt lat="47.37950" lon="12.13147"><ele>819</ele><time>2023-08-22T07:25:04Z</time></trkpt>
    <trkpt lat="47.37894" lon="12.13135"><ele>821</ele><time>2023-08-22T07:25:23Z</time></trkpt>
    <trkpt lat="47.37834" lon="12.13120"><ele>823</ele><time>2023-08-22T07:25:41Z</time></trkpt>
    <trkpt lat="47.37770" lon="12.13111"><ele>823</ele><time>2023-08-22T07:25:59Z</time></trkpt>
    <trkpt lat="47.37719" lon="12.13087"><ele>825</ele><time>2023-08-22T07:26:17Z</time></trkpt>
    <trkpt lat="47.37661" lon="12.13085"><ele>823</ele><time>2023-08-22T07:26:36Z</time></trkpt>
    <trkpt lat="47.37617" lon="12.13074"><ele>822</ele><time>2023-08-22T07:26:55Z</time></trkpt>
    <trkpt lat="47.37568" lon="12.13083"><ele>825</ele><time>2023-08-22T07:27:13Z</time></trkpt>
    <trkpt lat="47.37504" lon="12.13091"><ele>823</ele><time>2023-08-22T07:27:31Z</time></trkpt>
    <trkpt lat="47.37445" lon="12.13083"><ele>826</ele><time>2023-08-22T07:27:49Z</time></trkpt>
    <trkpt lat="47.37390" lon="12.13063"><ele>829</ele><time>2023-08-22T07:28:08Z</time></trkpt>
    <trkpt lat="47.37341" lon="12.13047"><ele>831</ele><time>2023-08-22T07:28:26Z</time></trkpt>
    <trkpt lat="47.37296" lon="12.13033"><ele>833</ele><time>2023-08-22T07:28:44Z</time></trkpt>
    <trkpt lat="47.37255" lon="12.13025"><ele>838</ele><time>2023-08-22T07:29:03Z</time></trkpt>
    <trkpt lat="47.37208" lon="12.13014"><ele>838</ele><time>2023-08-22T07:29:22Z</time></trkpt>
    <trkpt lat="47.37146" lon="12.13000"><ele>837</ele><time>2023-08-22T07:29:40Z</time></trkpt>
    <trkpt lat="47.37092" lon="12.12998"><ele>826</ele><time>2023-08-22T07:29:58Z</time></trkpt>
    <trkpt lat="47.37067" lon="12.12986"><ele>831</ele><time>2023-08-22T07:30:17Z</time></trkpt>
    <trkpt lat="47.37059" lon="12.12992"><ele>840</ele><time>2023-08-22T07:31:21Z</time></trkpt>
    <trkpt lat="47.37051" lon="12.12981"><ele>841</ele><time>2023-08-22T07:36:27Z</time></trkpt>
    <trkpt lat="47.37005" lon="12.12936"><ele>843</ele><time>2023-08-22T07:36:46Z</time></trkpt>
    <trkpt lat="47.36969" lon="12.12897"><ele>843</ele><time>2023-08-22T07:37:04Z</time></trkpt>
    <trkpt lat="47.36924" lon="12.12852"><ele>847</ele><time>2023-08-22T07:37:22Z</time></trkpt>
    <trkpt lat="47.36873" lon="12.12824"><ele>844</ele><time>2023-08-22T07:37:41Z</time></trkpt>
    <trkpt lat="47.36827" lon="12.12805"><ele>852</ele><time>2023-08-22T07:37:59Z</time></trkpt>
    <trkpt lat="47.36785" lon="12.12780"><ele>857</ele><time>2023-08-22T07:38:18Z</time></trkpt>
    <trkpt lat="47.36750" lon="12.12745"><ele>859</ele><time>2023-08-22T07:38:37Z</time></trkpt>
    <trkpt lat="47.36721" lon="12.12710"><ele>841</ele><time>2023-08-22T07:38:55Z</time></trkpt>
    <trkpt lat="47.36695" lon="12.12679"><ele>861</ele><time>2023-08-22T07:39:13Z</time></trkpt>
    <trkpt lat="47.36666" lon="12.12644"><ele>860</ele><time>2023-08-22T07:39:32Z</time></trkpt>
    <trkpt lat="47.36635" lon="12.12608"><ele>866</ele><time>2023-08-22T07:39:51Z</time></trkpt>
    <trkpt lat="47.36607" lon="12.12570"><ele>868</ele><time>2023-08-22T07:40:09Z</time></trkpt>
    <trkpt lat="47.36586" lon="12.12521"><ele>868</ele><time>2023-08-22T07:40:28Z</time></trkpt>
    <trkpt lat="47.36577" lon="12.12464"><ele>876</ele><time>2023-08-22T07:40:47Z</time></trkpt>
    <trkpt lat="47.36571" lon="12.12410"><ele>880</ele><time>2023-08-22T07:41:06Z</time></trkpt>
    <trkpt lat="47.36559" lon="12.12361"><ele>888</ele><time>2023-08-22T07:41:25Z</time></trkpt>
    <trkpt lat="47.36532" lon="12.12315"><ele>897</ele><time>2023-08-22T07:41:44Z</time></trkpt>
    <trkpt lat="47.36518" lon="12.12272"><ele>897</ele><time>2023-08-22T07:42:02Z</time></trkpt>
    <trkpt lat="47.36519" lon="12.12223"><ele>899</ele><time>2023-08-22T07:42:21Z</time></trkpt>
    <trkpt lat="47.36497" lon="12.12176"><ele>894</ele><time>2023-08-22T07:42:40Z</time></trkpt>
    <trkpt lat="47.36460" lon="12.12147"><ele>897</ele><time>2023-08-22T07:42:58Z</time></trkpt>
    <trkpt lat="47.36429" lon="12.12130"><ele>902</ele><time>2023-08-22T07:43:17Z</time></trkpt>
    <trkpt lat="47.36402" lon="12.12113"><ele>906</ele><time>2023-08-22T07:43:36Z</time></trkpt>
    <trkpt lat="47.36377" lon="12.12087"><ele>906</ele><time>2023-08-22T07:43:54Z</time></trkpt>
    <trkpt lat="47.36356" lon="12.12057"><ele>903</ele><time>2023-08-22T07:44:12Z</time></trkpt>
    <trkpt lat="47.36335" lon="12.12021"><ele>900</ele><time>2023-08-22T07:44:31Z</time></trkpt>
    <trkpt lat="47.36315" lon="12.11973"><ele>902</ele><time>2023-08-22T07:44:49Z</time></trkpt>
    <trkpt lat="47.36291" lon="12.11908"><ele>903</ele><time>2023-08-22T07:45:08Z</time></trkpt>
    <trkpt lat="47.36266" lon="12.11857"><ele>908</ele><time>2023-08-22T07:45:27Z</time></trkpt>
    <trkpt lat="47.36242" lon="12.11808"><ele>910</ele><time>2023-08-22T07:45:46Z</time></trkpt>
    <trkpt lat="47.36212" lon="12.11751"><ele>916</ele><time>2023-08-22T07:46:05Z</time></trkpt>
    <trkpt lat="47.36192" lon="12.11693"><ele>921</ele><time>2023-08-22T07:46:23Z</time></trkpt>
    <trkpt lat="47.36184" lon="12.11635"><ele>925</ele><time>2023-08-22T07:46:42Z</time></trkpt>
    <trkpt lat="47.36170" lon="12.11574"><ele>928</ele><time>2023-08-22T07:47:01Z</time></trkpt>
    <trkpt lat="47.36139" lon="12.11534"><ele>929</ele><time>2023-08-22T07:47:19Z</time></trkpt>
    <trkpt lat="47.36107" lon="12.11491"><ele>932</ele><time>2023-08-22T07:47:38Z</time></trkpt>
    <trkpt lat="47.36084" lon="12.11444"><ele>936</ele><time>2023-08-22T07:47:56Z</time></trkpt>
    <trkpt lat="47.36061" lon="12.11404"><ele>940</ele><time>2023-08-22T07:48:15Z</time></trkpt>
    <trkpt lat="47.36034" lon="12.11367"><ele>940</ele><time>2023-08-22T07:48:34Z</time></trkpt>
    <trkpt lat="47.36002" lon="12.11343"><ele>942</ele><time>2023-08-22T07:48:52Z</time></trkpt>
    <trkpt lat="47.35977" lon="12.11307"><ele>941</ele><time>2023-08-22T07:49:11Z</time></trkpt>
    <trkpt lat="47.35956" lon="12.11255"><ele>943</ele><time>2023-08-22T07:49:29Z</time></trkpt>
    <trkpt lat="47.35930" lon="12.11206"><ele>949</ele><time>2023-08-22T07:49:48Z</time></trkpt>
    <trkpt lat="47.35908" lon="12.11167"><ele>951</ele><time>2023-08-22T07:50:07Z</time></trkpt>
    <trkpt lat="47.35886" lon="12.11133"><ele>951</ele><time>2023-08-22T07:50:25Z</time></trkpt>
    <trkpt lat="47.35857" lon="12.11104"><ele>953</ele><time>2023-08-22T07:50:44Z</time></trkpt>
    <trkpt lat="47.35836" lon="12.11084"><ele>958</ele><time>2023-08-22T07:51:03Z</time></trkpt>
    <trkpt lat="47.35820" lon="12.11079"><ele>964</ele><time>2023-08-22T07:53:45Z</time></trkpt>
    <trkpt lat="47.35811" lon="12.11067"><ele>961</ele><time>2023-08-22T07:54:03Z</time></trkpt>
    <trkpt lat="47.35802" lon="12.11064"><ele>971</ele><time>2023-08-22T08:03:22Z</time></trkpt>
    <trkpt lat="47.35770" lon="12.11038"><ele>974</ele><time>2023-08-22T08:03:40Z</time></trkpt>
    <trkpt lat="47.35736" lon="12.10998"><ele>975</ele><time>2023-08-22T08:03:59Z</time></trkpt>
    <trkpt lat="47.35683" lon="12.10979"><ele>975</ele><time>2023-08-22T08:04:17Z</time></trkpt>
    <trkpt lat="47.35614" lon="12.10947"><ele>974</ele><time>2023-08-22T08:04:36Z</time></trkpt>
    <trkpt lat="47.35550" lon="12.10907"><ele>974</ele><time>2023-08-22T08:04:55Z</time></trkpt>
    <trkpt lat="47.35506" lon="12.10846"><ele>978</ele><time>2023-08-22T08:05:13Z</time></trkpt>
    <trkpt lat="47.35468" lon="12.10761"><ele>982</ele><time>2023-08-22T08:05:32Z</time></trkpt>
    <trkpt lat="47.35435" lon="12.10673"><ele>985</ele><time>2023-08-22T08:05:51Z</time></trkpt>
    <trkpt lat="47.35395" lon="12.10614"><ele>986</ele><time>2023-08-22T08:06:09Z</time></trkpt>
    <trkpt lat="47.35372" lon="12.10557"><ele>989</ele><time>2023-08-22T08:06:27Z</time></trkpt>
    <trkpt lat="47.35351" lon="12.10507"><ele>992</ele><time>2023-08-22T08:06:46Z</time></trkpt>
    <trkpt lat="47.35329" lon="12.10463"><ele>993</ele><time>2023-08-22T08:07:05Z</time></trkpt>
    <trkpt lat="47.35322" lon="12.10420"><ele>994</ele><time>2023-08-22T08:07:24Z</time></trkpt>
    <trkpt lat="47.35309" lon="12.10366"><ele>998</ele><time>2023-08-22T08:07:42Z</time></trkpt>
    <trkpt lat="47.35276" lon="12.10303"><ele>997</ele><time>2023-08-22T08:08:00Z</time></trkpt>
    <trkpt lat="47.35225" lon="12.10234"><ele>1000</ele><time>2023-08-22T08:08:19Z</time></trkpt>
    <trkpt lat="47.35173" lon="12.10166"><ele>1002</ele><time>2023-08-22T08:08:38Z</time></trkpt>
    <trkpt lat="47.35119" lon="12.10110"><ele>1004</ele><time>2023-08-22T08:08:56Z</time></trkpt>
    <trkpt lat="47.35076" lon="12.10048"><ele>961</ele><time>2023-08-22T08:09:15Z</time></trkpt>
    <trkpt lat="47.35046" lon="12.09987"><ele>987</ele><time>2023-08-22T08:09:33Z</time></trkpt>
    <trkpt lat="47.35016" lon="12.09914"><ele>924</ele><time>2023-08-22T08:09:52Z</time></trkpt>
    <trkpt lat="47.34981" lon="12.09857"><ele>1013</ele><time>2023-08-22T08:10:11Z</time></trkpt>
    <trkpt lat="47.34953" lon="12.09794"><ele>1019</ele><time>2023-08-22T08:10:30Z</time></trkpt>
    <trkpt lat="47.34910" lon="12.09756"><ele>1023</ele><time>2023-08-22T08:10:49Z</time></trkpt>
    <trkpt lat="47.34875" lon="12.09715"><ele>1024</ele><time>2023-08-22T08:11:08Z</time></trkpt>
    <trkpt lat="47.34847" lon="12.09672"><ele>1024</ele><time>2023-08-22T08:11:26Z</time></trkpt>
    <trkpt lat="47.34820" lon="12.09623"><ele>1029</ele><time>2023-08-22T08:11:45Z</time></trkpt>
    <trkpt lat="47.34797" lon="12.09572"><ele>1032</ele><time>2023-08-22T08:12:03Z</time></trkpt>
    <trkpt lat="47.34773" lon="12.09514"><ele>1033</ele><time>2023-08-22T08:12:21Z</time></trkpt>
    <trkpt lat="47.34739" lon="12.09457"><ele>1039</ele><time>2023-08-22T08:12:40Z</time></trkpt>
    <trkpt lat="47.34699" lon="12.09424"><ele>953</ele><time>2023-08-22T08:12:59Z</time></trkpt>
    <trkpt lat="47.34660" lon="12.09400"><ele>1038</ele><time>2023-08-22T08:13:18Z</time></trkpt>
    <trkpt lat="47.34622" lon="12.09382"><ele>1042</ele><time>2023-08-22T08:13:37Z</time></trkpt>
    <trkpt lat="47.34583" lon="12.09355"><ele>1032</ele><time>2023-08-22T08:13:55Z</time></trkpt>
    <trkpt lat="47.34558" lon="12.09324"><ele>1010</ele><time>2023-08-22T08:14:13Z</time></trkpt>
    <trkpt lat="47.34528" lon="12.09303"><ele>1048</ele><time>2023-08-22T08:14:31Z</time></trkpt>
    <trkpt lat="47.34501" lon="12.09275"><ele>1054</ele><time>2023-08-22T08:14:50Z</time></trkpt>
    <trkpt lat="47.34483" lon="12.09249"><ele>1055</ele><time>2023-08-22T08:15:08Z</time></trkpt>
    <trkpt lat="47.34466" lon="12.09217"><ele>1057</ele><time>2023-08-22T08:15:26Z</time></trkpt>
    <trkpt lat="47.34445" lon="12.09183"><ele>1039</ele><time>2023-08-22T08:15:45Z</time></trkpt>
    <trkpt lat="47.34411" lon="12.09151"><ele>1058</ele><time>2023-08-22T08:16:04Z</time></trkpt>
    <trkpt lat="47.34385" lon="12.09143"><ele>1066</ele><time>2023-08-22T08:16:22Z</time></trkpt>
    <trkpt lat="47.34349" lon="12.09136"><ele>1067</ele><time>2023-08-22T08:16:40Z</time></trkpt>
    <trkpt lat="47.34312" lon="12.09106"><ele>1071</ele><time>2023-08-22T08:16:58Z</time></trkpt>
    <trkpt lat="47.34279" lon="12.09066"><ele>1077</ele><time>2023-08-22T08:17:17Z</time></trkpt>
    <trkpt lat="47.34256" lon="12.09015"><ele>1069</ele><time>2023-08-22T08:17:36Z</time></trkpt>
    <trkpt lat="47.34228" lon="12.08945"><ele>1076</ele><time>2023-08-22T08:17:55Z</time></trkpt>
    <trkpt lat="47.34188" lon="12.08917"><ele>1043</ele><time>2023-08-22T08:18:14Z</time></trkpt>
    <trkpt lat="47.34130" lon="12.08892"><ele>988</ele><time>2023-08-22T08:18:32Z</time></trkpt>
    <trkpt lat="47.34086" lon="12.08885"><ele>1063</ele><time>2023-08-22T08:18:50Z</time></trkpt>
    <trkpt lat="47.34046" lon="12.08878"><ele>1087</ele><time>2023-08-22T08:19:09Z</time></trkpt>
    <trkpt lat="47.34004" lon="12.08847"><ele>1017</ele><time>2023-08-22T08:19:27Z</time></trkpt>
    <trkpt lat="47.33987" lon="12.08791"><ele>1096</ele><time>2023-08-22T08:19:46Z</time></trkpt>
    <trkpt lat="47.33961" lon="12.08724"><ele>1099</ele><time>2023-08-22T08:20:05Z</time></trkpt>
    <trkpt lat="47.33911" lon="12.08677"><ele>1098</ele><time>2023-08-22T08:20:23Z</time></trkpt>
    <trkpt lat="47.33864" lon="12.08654"><ele>1096</ele><time>2023-08-22T08:20:41Z</time></trkpt>
    <trkpt lat="47.33814" lon="12.08609"><ele>1099</ele><time>2023-08-22T08:20:59Z</time></trkpt>
    <trkpt lat="47.33760" lon="12.08574"><ele>1005</ele><time>2023-08-22T08:21:18Z</time></trkpt>
    <trkpt lat="47.33710" lon="12.08559"><ele>1100</ele><time>2023-08-22T08:21:36Z</time></trkpt>
    <trkpt lat="47.33676" lon="12.08507"><ele>1010</ele><time>2023-08-22T08:21:55Z</time></trkpt>
    <trkpt lat="47.33638" lon="12.08461"><ele>1100</ele><time>2023-08-22T08:22:13Z</time></trkpt>
    <trkpt lat="47.33590" lon="12.08435"><ele>1118</ele><time>2023-08-22T08:22:31Z</time></trkpt>
    <trkpt lat="47.33549" lon="12.08431"><ele>985</ele><time>2023-08-22T08:22:50Z</time></trkpt>
    <trkpt lat="47.33516" lon="12.08429"><ele>1118</ele><time>2023-08-22T08:23:08Z</time></trkpt>
    <trkpt lat="47.33479" lon="12.08399"><ele>1124</ele><time>2023-08-22T08:23:27Z</time></trkpt>
    <trkpt lat="47.33454" lon="12.08345"><ele>1127</ele><time>2023-08-22T08:23:46Z</time></trkpt>
    <trkpt lat="47.33418" lon="12.08329"><ele>1129</ele><time>2023-08-22T08:24:05Z</time></trkpt>
    <trkpt lat="47.33393" lon="12.08308"><ele>1131</ele><time>2023-08-22T08:24:23Z</time></trkpt>
    <trkpt lat="47.33365" lon="12.08251"><ele>1135</ele><time>2023-08-22T08:24:42Z</time></trkpt>
    <trkpt lat="47.33325" lon="12.08203"><ele>1123</ele><time>2023-08-22T08:25:00Z</time></trkpt>
    <trkpt lat="47.33265" lon="12.08173"><ele>1135</ele><time>2023-08-22T08:25:19Z</time></trkpt>
    <trkpt lat="47.33211" lon="12.08153"><ele>1140</ele><time>2023-08-22T08:25:37Z</time></trkpt>
    <trkpt lat="47.33164" lon="12.08126"><ele>1145</ele><time>2023-08-22T08:25:55Z</time></trkpt>
    <trkpt lat="47.33127" lon="12.08120"><ele>1149</ele><time>2023-08-22T08:26:14Z</time></trkpt>
    <trkpt lat="47.33093" lon="12.08126"><ele>1150</ele><time>2023-08-22T08:26:32Z</time></trkpt>
    <trkpt lat="47.33054" lon="12.08111"><ele>1148</ele><time>2023-08-22T08:26:51Z</time></trkpt>
    <trkpt lat="47.33017" lon="12.08085"><ele>1144</ele><time>2023-08-22T08:27:09Z</time></trkpt>
    <trkpt lat="47.32978" lon="12.08053"><ele>1143</ele><time>2023-08-22T08:27:27Z</time></trkpt>
    <trkpt lat="47.32943" lon="12.08023"><ele>1143</ele><time>2023-08-22T08:27:46Z</time></trkpt>
    <trkpt lat="47.32914" lon="12.07993"><ele>1147</ele><time>2023-08-22T08:28:04Z</time></trkpt>
    <trkpt lat="47.32891" lon="12.07968"><ele>1152</ele><time>2023-08-22T08:28:23Z</time></trkpt>
    <trkpt lat="47.32854" lon="12.07945"><ele>1158</ele><time>2023-08-22T08:28:42Z</time></trkpt>
    <trkpt lat="47.32816" lon="12.07913"><ele>1153</ele><time>2023-08-22T08:29:00Z</time></trkpt>
    <trkpt lat="47.32790" lon="12.07861"><ele>1164</ele><time>2023-08-22T08:29:18Z</time></trkpt>
    <trkpt lat="47.32752" lon="12.07830"><ele>1167</ele><time>2023-08-22T08:29:36Z</time></trkpt>
    <trkpt lat="47.32713" lon="12.07809"><ele>1171</ele><time>2023-08-22T08:29:55Z</time></trkpt>
    <trkpt lat="47.32674" lon="12.07778"><ele>1172</ele><time>2023-08-22T08:30:13Z</time></trkpt>
    <trkpt lat="47.32632" lon="12.07749"><ele>1172</ele><time>2023-08-22T08:30:32Z</time></trkpt>
    <trkpt lat="47.32602" lon="12.07719"><ele>1170</ele><time>2023-08-22T08:30:50Z</time></trkpt>
    <trkpt lat="47.32590" lon="12.07650"><ele>1176</ele><time>2023-08-22T08:31:09Z</time></trkpt>
    <trkpt lat="47.32561" lon="12.07612"><ele>1177</ele><time>2023-08-22T08:31:28Z</time></trkpt>
    <trkpt lat="47.32526" lon="12.07601"><ele>1183</ele><time>2023-08-22T08:31:47Z</time></trkpt>
    <trkpt lat="47.32492" lon="12.07584"><ele>1186</ele><time>2023-08-22T08:32:06Z</time></trkpt>
    <trkpt lat="47.32475" lon="12.07540"><ele>1170</ele><time>2023-08-22T08:32:24Z</time></trkpt>
    <trkpt lat="47.32448" lon="12.07492"><ele>1299</ele><time>2023-08-22T08:32:42Z</time></trkpt>
    <trkpt lat="47.32413" lon="12.07453"><ele>1208</ele><time>2023-08-22T08:33:01Z</time></trkpt>
    <trkpt lat="47.32371" lon="12.07436"><ele>1187</ele><time>2023-08-22T08:33:19Z</time></trkpt>
    <trkpt lat="47.32341" lon="12.07393"><ele>1303</ele><time>2023-08-22T08:33:38Z</time></trkpt>
    <trkpt lat="47.32349" lon="12.07331"><ele>1216</ele><time>2023-08-22T08:33:56Z</time></trkpt>
    <trkpt lat="47.32343" lon="12.07279"><ele>1193</ele><time>2023-08-22T08:34:14Z</time></trkpt>
    <trkpt lat="47.32310" lon="12.07260"><ele>1215</ele><time>2023-08-22T08:34:33Z</time></trkpt>
    <trkpt lat="47.32278" lon="12.07242"><ele>1213</ele><time>2023-08-22T08:34:52Z</time></trkpt>
    <trkpt lat="47.32254" lon="12.07242"><ele>1219</ele><time>2023-08-22T08:35:11Z</time></trkpt>
    <trkpt lat="47.32245" lon="12.07232"><ele>1222</ele><time>2023-08-22T08:36:11Z</time></trkpt>
    <trkpt lat="47.32194" lon="12.07211"><ele>1221</ele><time>2023-08-22T08:36:29Z</time></trkpt>
    <trkpt lat="47.32139" lon="12.07205"><ele>1220</ele><time>2023-08-22T08:36:48Z</time></trkpt>
    <trkpt lat="47.32092" lon="12.07175"><ele>1217</ele><time>2023-08-22T08:37:06Z</time></trkpt>
    <trkpt lat="47.32054" lon="12.07167"><ele>1224</ele><time>2023-08-22T08:37:25Z</time></trkpt>
    <trkpt lat="47.32018" lon="12.07153"><ele>1221</ele><time>2023-08-22T08:37:44Z</time></trkpt>
    <trkpt lat="47.31988" lon="12.07139"><ele>1226</ele><time>2023-08-22T08:38:02Z</time></trkpt>
    <trkpt lat="47.31961" lon="12.07111"><ele>1222</ele><time>2023-08-22T08:38:21Z</time></trkpt>
    <trkpt lat="47.31940" lon="12.07085"><ele>1232</ele><time>2023-08-22T08:38:40Z</time></trkpt>
    <trkpt lat="47.31921" lon="12.07061"><ele>1237</ele><time>2023-08-22T08:38:59Z</time></trkpt>
    <trkpt lat="47.31906" lon="12.07026"><ele>1237</ele><time>2023-08-22T08:39:18Z</time></trkpt>
    <trkpt lat="47.31907" lon="12.06987"><ele>1238</ele><time>2023-08-22T08:39:36Z</time></trkpt>
    <trkpt lat="47.31903" lon="12.06946"><ele>1240</ele><time>2023-08-22T08:39:54Z</time></trkpt>
    <trkpt lat="47.31887" lon="12.06904"><ele>1301</ele><time>2023-08-22T08:40:13Z</time></trkpt>
    <trkpt lat="47.31869" lon="12.06872"><ele>1250</ele><time>2023-08-22T08:40:31Z</time></trkpt>
    <trkpt lat="47.31840" lon="12.06856"><ele>1247</ele><time>2023-08-22T08:40:50Z</time></trkpt>
    <trkpt lat="47.31811" lon="12.06832"><ele>1252</ele><time>2023-08-22T08:41:08Z</time></trkpt>
    <trkpt lat="47.31797" lon="12.06798"><ele>1262</ele><time>2023-08-22T08:41:26Z</time></trkpt>
    <trkpt lat="47.31797" lon="12.06758"><ele>1261</ele><time>2023-08-22T08:41:44Z</time></trkpt>
    <trkpt lat="47.31802" lon="12.06718"><ele>1261</ele><time>2023-08-22T08:42:03Z</time></trkpt>
    <trkpt lat="47.31789" lon="12.06678"><ele>1260</ele><time>2023-08-22T08:42:21Z</time></trkpt>
    <trkpt lat="47.31755" lon="12.06659"><ele>1265</ele><time>2023-08-22T08:42:39Z</time></trkpt>
    <trkpt lat="47.31716" lon="12.06643"><ele>1270</ele><time>2023-08-22T08:42:57Z</time></trkpt>
    <trkpt lat="47.31673" lon="12.06612"><ele>1267</ele><time>2023-08-22T08:43:16Z</time></trkpt>
    <trkpt lat="47.31659" lon="12.06550"><ele>1272</ele><time>2023-08-22T08:43:34Z</time></trkpt>
    <trkpt lat="47.31635" lon="12.06490"><ele>1274</ele><time>2023-08-22T08:43:53Z</time></trkpt>
    <trkpt lat="47.31610" lon="12.06431"><ele>1276</ele><time>2023-08-22T08:44:12Z</time></trkpt>
    <trkpt lat="47.31580" lon="12.06391"><ele>1281</ele><time>2023-08-22T08:44:30Z</time></trkpt>
    <trkpt lat="47.31553" lon="12.06348"><ele>1284</ele><time>2023-08-22T08:44:48Z</time></trkpt>
    <trkpt lat="47.31516" lon="12.06320"><ele>1284</ele><time>2023-08-22T08:45:06Z</time></trkpt>
    <trkpt lat="47.31485" lon="12.06277"><ele>1288</ele><time>2023-08-22T08:45:25Z</time></trkpt>
    <trkpt lat="47.31454" lon="12.06230"><ele>1294</ele><time>2023-08-22T08:45:44Z</time></trkpt>
    <trkpt lat="47.31423" lon="12.06188"><ele>1299</ele><time>2023-08-22T08:46:03Z</time></trkpt>
    <trkpt lat="47.31400" lon="12.06151"><ele>1300</ele><time>2023-08-22T08:46:22Z</time></trkpt>
    <trkpt lat="47.31370" lon="12.06103"><ele>1302</ele><time>2023-08-22T08:46:40Z</time></trkpt>
    <trkpt lat="47.31333" lon="12.06071"><ele>1302</ele><time>2023-08-22T08:46:58Z</time></trkpt>
    <trkpt lat="47.31287" lon="12.06057"><ele>1304</ele><time>2023-08-22T08:47:17Z</time></trkpt>
    <trkpt lat="47.31267" lon="12.05997"><ele>1305</ele><time>2023-08-22T08:47:35Z</time></trkpt>
    <trkpt lat="47.31250" lon="12.05945"><ele>1309</ele><time>2023-08-22T08:47:54Z</time></trkpt>
    <trkpt lat="47.31231" lon="12.05897"><ele>1311</ele><time>2023-08-22T08:48:13Z</time></trkpt>
    <trkpt lat="47.31210" lon="12.05847"><ele>1313</ele><time>2023-08-22T08:48:31Z</time></trkpt>
    <trkpt lat="47.31185" lon="12.05799"><ele>1316</ele><time>2023-08-22T08:48:49Z</time></trkpt>
    <trkpt lat="47.31170" lon="12.05715"><ele>1315</ele><time>2023-08-22T08:49:07Z</time></trkpt>
    <trkpt lat="47.31120" lon="12.05650"><ele>1320</ele><time>2023-08-22T08:49:26Z</time></trkpt>
    <trkpt lat="47.31054" lon="12.05625"><ele>1322</ele><time>2023-08-22T08:49:45Z</time></trkpt>
    <trkpt lat="47.31006" lon="12.05573"><ele>1326</ele><time>2023-08-22T08:50:03Z</time></trkpt>
    <trkpt lat="47.30960" lon="12.05509"><ele>1327</ele><time>2023-08-22T08:50:22Z</time></trkpt>
    <trkpt lat="47.30909" lon="12.05424"><ele>1327</ele><time>2023-08-22T08:50:40Z</time></trkpt>
    <trkpt lat="47.30877" lon="12.05313"><ele>1326</ele><time>2023-08-22T08:50:59Z</time></trkpt>
    <trkpt lat="47.30840" lon="12.05231"><ele>1327</ele><time>2023-08-22T08:51:17Z</time></trkpt>
    <trkpt lat="47.30765" lon="12.05145"><ele>1324</ele><time>2023-08-22T08:51:36Z</time></trkpt>
    <trkpt lat="47.30713" lon="12.05044"><ele>1327</ele><time>2023-08-22T08:51:55Z</time></trkpt>
    <trkpt lat="47.30653" lon="12.04978"><ele>1330</ele><time>2023-08-22T08:52:14Z</time></trkpt>
    <trkpt lat="47.30622" lon="12.04912"><ele>1336</ele><time>2023-08-22T08:52:32Z</time></trkpt>
    <trkpt lat="47.30571" lon="12.04893"><ele>1336</ele><time>2023-08-22T08:52:50Z</time></trkpt>
    <trkpt lat="47.30527" lon="12.04858"><ele>1336</ele><time>2023-08-22T08:53:08Z</time></trkpt>
    <trkpt lat="47.30492" lon="12.04787"><ele>1339</ele><time>2023-08-22T08:53:27Z</time></trkpt>
    <trkpt lat="47.30459" lon="12.04721"><ele>1343</ele><time>2023-08-22T08:53:45Z</time></trkpt>
    <trkpt lat="47.30417" lon="12.04690"><ele>1344</ele><time>2023-08-22T08:54:04Z</time></trkpt>
    <trkpt lat="47.30385" lon="12.04654"><ele>1344</ele><time>2023-08-22T08:54:22Z</time></trkpt>
    <trkpt lat="47.30365" lon="12.04595"><ele>1346</ele><time>2023-08-22T08:54:41Z</time></trkpt>
    <trkpt lat="47.30343" lon="12.04578"><ele>1346</ele><time>2023-08-22T08:55:00Z</time></trkpt>
    <trkpt lat="47.30347" lon="12.04564"><ele>1352</ele><time>2023-08-22T08:56:22Z</time></trkpt>
    <trkpt lat="47.30386" lon="12.04530"><ele>1350</ele><time>2023-08-22T08:56:40Z</time></trkpt>
    <trkpt lat="47.30424" lon="12.04534"><ele>1353</ele><time>2023-08-22T08:56:59Z</time></trkpt>
    <trkpt lat="47.30408" lon="12.04489"><ele>1357</ele><time>2023-08-22T08:57:18Z</time></trkpt>
    <trkpt lat="47.30391" lon="12.04454"><ele>1366</ele><time>2023-08-22T08:57:36Z</time></trkpt>
    <trkpt lat="47.30387" lon="12.04410"><ele>1366</ele><time>2023-08-22T08:57:54Z</time></trkpt>
    <trkpt lat="47.30369" lon="12.04375"><ele>1359</ele><time>2023-08-22T08:58:13Z</time></trkpt>
    <trkpt lat="47.30348" lon="12.04344"><ele>1370</ele><time>2023-08-22T08:58:32Z</time></trkpt>
    <trkpt lat="47.30323" lon="12.04323"><ele>1375</ele><time>2023-08-22T08:58:50Z</time></trkpt>
    <trkpt lat="47.30297" lon="12.04309"><ele>1378</ele><time>2023-08-22T08:59:09Z</time></trkpt>
    <trkpt lat="47.30267" lon="12.04294"><ele>1386</ele><time>2023-08-22T08:59:28Z</time></trkpt>
    <trkpt lat="47.30239" lon="12.04276"><ele>1386</ele><time>2023-08-22T08:59:47Z</time></trkpt>
    <trkpt lat="47.30219" lon="12.04263"><ele>1391</ele><time>2023-08-22T09:00:05Z</time></trkpt>
    <trkpt lat="47.30200" lon="12.04241"><ele>1398</ele><time>2023-08-22T09:00:24Z</time></trkpt>
    <trkpt lat="47.30185" lon="12.04213"><ele>1398</ele><time>2023-08-22T09:00:42Z</time></trkpt>
    <trkpt lat="47.30165" lon="12.04183"><ele>1395</ele><time>2023-08-22T09:01:01Z</time></trkpt>
    <trkpt lat="47.30146" lon="12.04155"><ele>1399</ele><time>2023-08-22T09:01:19Z</time></trkpt>
    <trkpt lat="47.30124" lon="12.04134"><ele>1398</ele><time>2023-08-22T09:01:38Z</time></trkpt>
    <trkpt lat="47.30105" lon="12.04111"><ele>1404</ele><time>2023-08-22T09:01:56Z</time></trkpt>
    <trkpt lat="47.30091" lon="12.04082"><ele>1408</ele><time>2023-08-22T09:02:15Z</time></trkpt>
    <trkpt lat="47.30074" lon="12.04057"><ele>1412</ele><time>2023-08-22T09:02:33Z</time></trkpt>
    <trkpt lat="47.30055" lon="12.04035"><ele>1416</ele><time>2023-08-22T09:02:51Z</time></trkpt>
    <trkpt lat="47.30036" lon="12.04013"><ele>1420</ele><time>2023-08-22T09:03:09Z</time></trkpt>
    <trkpt lat="47.30008" lon="12.03999"><ele>1419</ele><time>2023-08-22T09:03:28Z</time></trkpt>
    <trkpt lat="47.29978" lon="12.03988"><ele>1421</ele><time>2023-08-22T09:03:46Z</time></trkpt>
    <trkpt lat="47.29952" lon="12.03962"><ele>1423</ele><time>2023-08-22T09:04:05Z</time></trkpt>
    <trkpt lat="47.29937" lon="12.03929"><ele>1426</ele><time>2023-08-22T09:04:23Z</time></trkpt>
    <trkpt lat="47.29924" lon="12.03893"><ele>1431</ele><time>2023-08-22T09:04:42Z</time></trkpt>
    <trkpt lat="47.29915" lon="12.03859"><ele>1434</ele><time>2023-08-22T09:05:00Z</time></trkpt>
    <trkpt lat="47.29898" lon="12.03825"><ele>1441</ele><time>2023-08-22T09:05:19Z</time></trkpt>
    <trkpt lat="47.29879" lon="12.03799"><ele>1441</ele><time>2023-08-22T09:05:37Z</time></trkpt>
    <trkpt lat="47.29874" lon="12.03776"><ele>1441</ele><time>2023-08-22T09:05:55Z</time></trkpt>
    <trkpt lat="47.29862" lon="12.03768"><ele>1441</ele><time>2023-08-22T09:06:14Z</time></trkpt>
    <trkpt lat="47.29848" lon="12.03757"><ele>1447</ele><time>2023-08-22T09:06:33Z</time></trkpt>
    <trkpt lat="47.29838" lon="12.03744"><ele>1450</ele><time>2023-08-22T09:06:51Z</time></trkpt>
    <trkpt lat="47.29825" lon="12.03738"><ele>1451</ele><time>2023-08-22T09:07:10Z</time></trkpt>
    <trkpt lat="47.29792" lon="12.03740"><ele>1447</ele><time>2023-08-22T09:08:16Z</time></trkpt>
    <trkpt lat="47.29765" lon="12.03724"><ele>1454</ele><time>2023-08-22T09:08:34Z</time></trkpt>
    <trkpt lat="47.29743" lon="12.03693"><ele>1458</ele><time>2023-08-22T09:08:52Z</time></trkpt>
    <trkpt lat="47.29719" lon="12.03648"><ele>1459</ele><time>2023-08-22T09:09:11Z</time></trkpt>
    <trkpt lat="47.29708" lon="12.03611"><ele>1465</ele><time>2023-08-22T09:09:30Z</time></trkpt>
    <trkpt lat="47.29683" lon="12.03596"><ele>1468</ele><time>2023-08-22T09:09:49Z</time></trkpt>
    <trkpt lat="47.29653" lon="12.03592"><ele>1470</ele><time>2023-08-22T09:10:07Z</time></trkpt>
    <trkpt lat="47.29626" lon="12.03581"><ele>1475</ele><time>2023-08-22T09:10:26Z</time></trkpt>
    <trkpt lat="47.29604" lon="12.03560"><ele>1475</ele><time>2023-08-22T09:10:45Z</time></trkpt>
    <trkpt lat="47.29577" lon="12.03543"><ele>1478</ele><time>2023-08-22T09:11:04Z</time></trkpt>
    <trkpt lat="47.29552" lon="12.03534"><ele>1481</ele><time>2023-08-22T09:11:22Z</time></trkpt>
    <trkpt lat="47.29527" lon="12.03522"><ele>1479</ele><time>2023-08-22T09:11:40Z</time></trkpt>
    <trkpt lat="47.29499" lon="12.03509"><ele>1477</ele><time>2023-08-22T09:11:59Z</time></trkpt>
    <trkpt lat="47.29474" lon="12.03513"><ele>1484</ele><time>2023-08-22T09:12:18Z</time></trkpt>
    <trkpt lat="47.29450" lon="12.03532"><ele>1488</ele><time>2023-08-22T09:12:37Z</time></trkpt>
    <trkpt lat="47.29427" lon="12.03544"><ele>1491</ele><time>2023-08-22T09:12:56Z</time></trkpt>
    <trkpt lat="47.29398" lon="12.03539"><ele>1490</ele><time>2023-08-22T09:13:15Z</time></trkpt>
    <trkpt lat="47.29371" lon="12.03537"><ele>1492</ele><time>2023-08-22T09:13:34Z</time></trkpt>
    <trkpt lat="47.29330" lon="12.03529"><ele>1493</ele><time>2023-08-22T09:13:52Z</time></trkpt>
    <trkpt lat="47.29296" lon="12.03512"><ele>1497</ele><time>2023-08-22T09:14:11Z</time></trkpt>
    <trkpt lat="47.29285" lon="12.03467"><ele>1490</ele><time>2023-08-22T09:14:30Z</time></trkpt>
    <trkpt lat="47.29268" lon="12.03434"><ele>1500</ele><time>2023-08-22T09:14:49Z</time></trkpt>
    <trkpt lat="47.29248" lon="12.03407"><ele>1504</ele><time>2023-08-22T09:15:07Z</time></trkpt>
    <trkpt lat="47.29237" lon="12.03371"><ele>1506</ele><time>2023-08-22T09:15:25Z</time></trkpt>
    <trkpt lat="47.29234" lon="12.03331"><ele>1501</ele><time>2023-08-22T09:15:44Z</time></trkpt>
    <trkpt lat="47.29226" lon="12.03297"><ele>1506</ele><time>2023-08-22T09:16:02Z</time></trkpt>
    <trkpt lat="47.29218" lon="12.03267"><ele>1510</ele><time>2023-08-22T09:16:20Z</time></trkpt>
    <trkpt lat="47.29200" lon="12.03243"><ele>1515</ele><time>2023-08-22T09:16:39Z</time></trkpt>
    <trkpt lat="47.29183" lon="12.03230"><ele>1514</ele><time>2023-08-22T09:16:58Z</time></trkpt>
    <trkpt lat="47.29156" lon="12.03219"><ele>1519</ele><time>2023-08-22T09:17:16Z</time></trkpt>
    <trkpt lat="47.29134" lon="12.03203"><ele>1523</ele><time>2023-08-22T09:17:35Z</time></trkpt>
    <trkpt lat="47.29118" lon="12.03185"><ele>1527</ele><time>2023-08-22T09:17:53Z</time></trkpt>
    <trkpt lat="47.29104" lon="12.03157"><ele>1529</ele><time>2023-08-22T09:18:11Z</time></trkpt>
    <trkpt lat="47.29092" lon="12.03141"><ele>1533</ele><time>2023-08-22T09:19:02Z</time></trkpt>
    <trkpt lat="47.29078" lon="12.03124"><ele>1535</ele><time>2023-08-22T09:19:21Z</time></trkpt>
    <trkpt lat="47.29063" lon="12.03110"><ele>1540</ele><time>2023-08-22T09:19:40Z</time></trkpt>
    <trkpt lat="47.29048" lon="12.03102"><ele>1542</ele><time>2023-08-22T09:19:59Z</time></trkpt>
    <trkpt lat="47.29036" lon="12.03093"><ele>1544</ele><time>2023-08-22T09:20:17Z</time></trkpt>
    <trkpt lat="47.29026" lon="12.03094"><ele>1542</ele><time>2023-08-22T09:22:15Z</time></trkpt>
    <trkpt lat="47.28999" lon="12.03093"><ele>1537</ele><time>2023-08-22T09:22:33Z</time></trkpt>
    <trkpt lat="47.28965" lon="12.03091"><ele>1548</ele><time>2023-08-22T09:23:38Z</time></trkpt>
    <trkpt lat="47.28941" lon="12.03076"><ele>1551</ele><time>2023-08-22T09:23:57Z</time></trkpt>
    <trkpt lat="47.28916" lon="12.03075"><ele>1554</ele><time>2023-08-22T09:24:15Z</time></trkpt>
    <trkpt lat="47.28897" lon="12.03112"><ele>1556</ele><time>2023-08-22T09:24:33Z</time></trkpt>
    <trkpt lat="47.28877" lon="12.03146"><ele>1559</ele><time>2023-08-22T09:24:52Z</time></trkpt>
    <trkpt lat="47.28860" lon="12.03163"><ele>1563</ele><time>2023-08-22T09:25:11Z</time></trkpt>
    <trkpt lat="47.28838" lon="12.03164"><ele>1566</ele><time>2023-08-22T09:25:30Z</time></trkpt>
    <trkpt lat="47.28819" lon="12.03164"><ele>1567</ele><time>2023-08-22T09:25:48Z</time></trkpt>
    <trkpt lat="47.28793" lon="12.03165"><ele>1570</ele><time>2023-08-22T09:26:07Z</time></trkpt>
    <trkpt lat="47.28772" lon="12.03161"><ele>1567</ele><time>2023-08-22T09:26:25Z</time></trkpt>
    <trkpt lat="47.28765" lon="12.03190"><ele>1569</ele><time>2023-08-22T09:26:43Z</time></trkpt>
    <trkpt lat="47.28746" lon="12.03212"><ele>1572</ele><time>2023-08-22T09:27:02Z</time></trkpt>
    <trkpt lat="47.28723" lon="12.03215"><ele>1576</ele><time>2023-08-22T09:27:20Z</time></trkpt>
    <trkpt lat="47.28699" lon="12.03218"><ele>1578</ele><time>2023-08-22T09:27:38Z</time></trkpt>
    <trkpt lat="47.28707" lon="12.03198"><ele>1580</ele><time>2023-08-22T09:27:57Z</time></trkpt>
    <trkpt lat="47.28724" lon="12.03171"><ele>1582</ele><time>2023-08-22T09:28:16Z</time></trkpt>
    <trkpt lat="47.28712" lon="12.03163"><ele>1589</ele><time>2023-08-22T09:28:35Z</time></trkpt>
    <trkpt lat="47.28694" lon="12.03177"><ele>1592</ele><time>2023-08-22T09:28:54Z</time></trkpt>
    <trkpt lat="47.28668" lon="12.03180"><ele>1592</ele><time>2023-08-22T09:33:29Z</time></trkpt>
    <trkpt lat="47.28655" lon="12.03175"><ele>1597</ele><time>2023-08-22T09:33:47Z</time></trkpt>
    <trkpt lat="47.28633" lon="12.03158"><ele>1600</ele><time>2023-08-22T09:34:05Z</time></trkpt>
    <trkpt lat="47.28548" lon="12.03124"><ele>1597</ele><time>2023-08-22T09:34:24Z</time></trkpt>
    <trkpt lat="47.28512" lon="12.03103"><ele>1596</ele><time>2023-08-22T09:34:43Z</time></trkpt>
    <trkpt lat="47.28481" lon="12.03094"><ele>1601</ele><time>2023-08-22T09:35:02Z</time></trkpt>
    <trkpt lat="47.28460" lon="12.03078"><ele>1605</ele><time>2023-08-22T09:35:20Z</time></trkpt>
    <trkpt lat="47.28440" lon="12.03070"><ele>1608</ele><time>2023-08-22T09:35:38Z</time></trkpt>
    <trkpt lat="47.28417" lon="12.03062"><ele>1607</ele><time>2023-08-22T09:35:57Z</time></trkpt>
    <trkpt lat="47.28396" lon="12.03053"><ele>1613</ele><time>2023-08-22T09:36:15Z</time></trkpt>
    <trkpt lat="47.28380" lon="12.03037"><ele>1615</ele><time>2023-08-22T09:36:34Z</time></trkpt>
    <trkpt lat="47.28374" lon="12.03024"><ele>1614</ele><time>2023-08-22T09:36:52Z</time></trkpt>
    <trkpt lat="47.28322" lon="12.02994"><ele>1610</ele><time>2023-08-22T09:37:11Z</time></trkpt>
    <trkpt lat="47.28295" lon="12.02986"><ele>1591</ele><time>2023-08-22T09:37:29Z</time></trkpt>
    <trkpt lat="47.28281" lon="12.02982"><ele>1613</ele><time>2023-08-22T09:37:46Z</time></trkpt>
    <trkpt lat="47.28278" lon="12.02953"><ele>1621</ele><time>2023-08-22T09:38:31Z</time></trkpt>
    <trkpt lat="47.28278" lon="12.02940"><ele>1629</ele><time>2023-08-22T09:38:50Z</time></trkpt>
    <trkpt lat="47.28256" lon="12.02921"><ele>1633</ele><time>2023-08-22T09:44:15Z</time></trkpt>
    <trkpt lat="47.28249" lon="12.02897"><ele>1632</ele><time>2023-08-22T09:44:33Z</time></trkpt>
    <trkpt lat="47.28235" lon="12.02882"><ele>1634</ele><time>2023-08-22T09:44:51Z</time></trkpt>
    <trkpt lat="47.28222" lon="12.02876"><ele>1630</ele><time>2023-08-22T09:45:09Z</time></trkpt>
    <trkpt lat="47.28208" lon="12.02869"><ele>1633</ele><time>2023-08-22T09:45:28Z</time></trkpt>
    <trkpt lat="47.28205" lon="12.02855"><ele>1638</ele><time>2023-08-22T09:45:46Z</time></trkpt>
    <trkpt lat="47.28195" lon="12.02850"><ele>1641</ele><time>2023-08-22T09:46:05Z</time></trkpt>
    <trkpt lat="47.28180" lon="12.02849"><ele>1643</ele><time>2023-08-22T09:46:23Z</time></trkpt>
    <trkpt lat="47.28167" lon="12.02840"><ele>1641</ele><time>2023-08-22T09:46:42Z</time></trkpt>
    <trkpt lat="47.28155" lon="12.02831"><ele>1643</ele><time>2023-08-22T09:47:01Z</time></trkpt>
    <trkpt lat="47.28144" lon="12.02816"><ele>1646</ele><time>2023-08-22T09:47:20Z</time></trkpt>
    <trkpt lat="47.28133" lon="12.02806"><ele>1650</ele><time>2023-08-22T09:47:38Z</time></trkpt>
    <trkpt lat="47.28129" lon="12.02794"><ele>1653</ele><time>2023-08-22T09:47:57Z</time></trkpt>
    <trkpt lat="47.28116" lon="12.02784"><ele>1662</ele><time>2023-08-22T09:48:15Z</time></trkpt>
    <trkpt lat="47.28112" lon="12.02772"><ele>1666</ele><time>2023-08-22T09:48:34Z</time></trkpt>
    <trkpt lat="47.28102" lon="12.02763"><ele>1677</ele><time>2023-08-22T09:48:53Z</time></trkpt>
    <trkpt lat="47.28092" lon="12.02755"><ele>1684</ele><time>2023-08-22T09:49:12Z</time></trkpt>
    <trkpt lat="47.28080" lon="12.02739"><ele>1690</ele><time>2023-08-22T09:49:53Z</time></trkpt>
    <trkpt lat="47.28070" lon="12.02734"><ele>1696</ele><time>2023-08-22T09:50:12Z</time></trkpt>
    <trkpt lat="47.28061" lon="12.02720"><ele>1602</ele><time>2023-08-22T09:50:30Z</time></trkpt>
    <trkpt lat="47.28053" lon="12.02707"><ele>1673</ele><time>2023-08-22T09:50:49Z</time></trkpt>
    <trkpt lat="47.28044" lon="12.02695"><ele>1695</ele><time>2023-08-22T09:51:07Z</time></trkpt>
    <trkpt lat="47.28031" lon="12.02687"><ele>1706</ele><time>2023-08-22T09:51:25Z</time></trkpt>
    <trkpt lat="47.28020" lon="12.02678"><ele>1596</ele><time>2023-08-22T09:51:44Z</time></trkpt>
    <trkpt lat="47.28008" lon="12.02666"><ele>1702</ele><time>2023-08-22T09:52:03Z</time></trkpt>
    <trkpt lat="47.27999" lon="12.02646"><ele>1724</ele><time>2023-08-22T09:52:43Z</time></trkpt>
    <trkpt lat="47.27990" lon="12.02641"><ele>1722</ele><time>2023-08-22T09:53:01Z</time></trkpt>
    <trkpt lat="47.27979" lon="12.02616"><ele>1716</ele><time>2023-08-22T09:53:44Z</time></trkpt>
    <trkpt lat="47.27963" lon="12.02608"><ele>1698</ele><time>2023-08-22T09:54:30Z</time></trkpt>
    <trkpt lat="47.27951" lon="12.02600"><ele>1703</ele><time>2023-08-22T09:54:49Z</time></trkpt>
    <trkpt lat="47.27941" lon="12.02590"><ele>1709</ele><time>2023-08-22T09:55:07Z</time></trkpt>
    <trkpt lat="47.27932" lon="12.02579"><ele>1507</ele><time>2023-08-22T09:55:26Z</time></trkpt>
    <trkpt lat="47.27918" lon="12.02585"><ele>1667</ele><time>2023-08-22T09:55:45Z</time></trkpt>
    <trkpt lat="47.27907" lon="12.02578"><ele>1421</ele><time>2023-08-22T09:56:04Z</time></trkpt>
    <trkpt lat="47.27898" lon="12.02583"><ele>1704</ele><time>2023-08-22T09:58:07Z</time></trkpt>
    <trkpt lat="47.27882" lon="12.02582"><ele>1702</ele><time>2023-08-22T09:58:26Z</time></trkpt>
    <trkpt lat="47.27868" lon="12.02564"><ele>1641</ele><time>2023-08-22T09:58:45Z</time></trkpt>
    <trkpt lat="47.27855" lon="12.02552"><ele>1683</ele><time>2023-08-22T09:59:04Z</time></trkpt>
    <trkpt lat="47.27841" lon="12.02539"><ele>1717</ele><time>2023-08-22T10:00:07Z</time></trkpt>
    <trkpt lat="47.27824" lon="12.02533"><ele>1723</ele><time>2023-08-22T10:00:53Z</time></trkpt>
    <trkpt lat="47.27823" lon="12.02508"><ele>1738</ele><time>2023-08-22T10:01:51Z</time></trkpt>
    <trkpt lat="47.27820" lon="12.02488"><ele>1737</ele><time>2023-08-22T10:02:41Z</time></trkpt>
    <trkpt lat="47.27808" lon="12.02487"><ele>1746</ele><time>2023-08-22T10:02:59Z</time></trkpt>
    <trkpt lat="47.27800" lon="12.02479"><ele>1753</ele><time>2023-08-22T10:03:17Z</time></trkpt>
    <trkpt lat="47.27792" lon="12.02472"><ele>1761</ele><time>2023-08-22T10:03:36Z</time></trkpt>
    <trkpt lat="47.27791" lon="12.02457"><ele>1763</ele><time>2023-08-22T10:04:13Z</time></trkpt>
    <trkpt lat="47.27782" lon="12.02436"><ele>1767</ele><time>2023-08-22T10:05:02Z</time></trkpt>
    <trkpt lat="47.27789" lon="12.02427"><ele>1772</ele><time>2023-08-22T10:05:21Z</time></trkpt>
    <trkpt lat="47.27772" lon="12.02407"><ele>1782</ele><time>2023-08-22T10:06:01Z</time></trkpt>
    <trkpt lat="47.27759" lon="12.02405"><ele>1674</ele><time>2023-08-22T10:06:20Z</time></trkpt>
    <trkpt lat="47.27749" lon="12.02386"><ele>1786</ele><time>2023-08-22T10:07:05Z</time></trkpt>
    <trkpt lat="47.27740" lon="12.02381"><ele>1793</ele><time>2023-08-22T10:07:24Z</time></trkpt>
    <trkpt lat="47.27731" lon="12.02359"><ele>1805</ele><time>2023-08-22T10:08:02Z</time></trkpt>
    <trkpt lat="47.27733" lon="12.02341"><ele>1810</ele><time>2023-08-22T10:08:48Z</time></trkpt>
    <trkpt lat="47.27726" lon="12.02332"><ele>1772</ele><time>2023-08-22T10:09:06Z</time></trkpt>
    <trkpt lat="47.27720" lon="12.02310"><ele>1815</ele><time>2023-08-22T10:09:57Z</time></trkpt>
    <trkpt lat="47.27712" lon="12.02303"><ele>1816</ele><time>2023-08-22T10:10:15Z</time></trkpt>
    <trkpt lat="47.27696" lon="12.02290"><ele>1825</ele><time>2023-08-22T10:10:53Z</time></trkpt>
    <trkpt lat="47.27685" lon="12.02277"><ele>1826</ele><time>2023-08-22T10:11:46Z</time></trkpt>
    <trkpt lat="47.27676" lon="12.02268"><ele>1832</ele><time>2023-08-22T10:12:05Z</time></trkpt>
    <trkpt lat="47.27665" lon="12.02247"><ele>1848</ele><time>2023-08-22T10:12:42Z</time></trkpt>
    <trkpt lat="47.27660" lon="12.02231"><ele>1840</ele><time>2023-08-22T10:13:21Z</time></trkpt>
    <trkpt lat="47.27649" lon="12.02225"><ele>1844</ele><time>2023-08-22T10:13:40Z</time></trkpt>
    <trkpt lat="47.27634" lon="12.02211"><ele>1850</ele><time>2023-08-22T10:13:59Z</time></trkpt>
    <trkpt lat="47.27626" lon="12.02193"><ele>1845</ele><time>2023-08-22T10:14:18Z</time></trkpt>
    <trkpt lat="47.27618" lon="12.02180"><ele>1844</ele><time>2023-08-22T10:14:37Z</time></trkpt>
    <trkpt lat="47.27613" lon="12.02164"><ele>1841</ele><time>2023-08-22T10:14:56Z</time></trkpt>
    <trkpt lat="47.27613" lon="12.02149"><ele>1666</ele><time>2023-08-22T10:15:14Z</time></trkpt>
    <trkpt lat="47.27609" lon="12.02136"><ele>1827</ele><time>2023-08-22T10:15:33Z</time></trkpt>
    <trkpt lat="47.27625" lon="12.02134"><ele>1849</ele><time>2023-08-22T10:15:52Z</time></trkpt>
    <trkpt lat="47.27640" lon="12.02135"><ele>1867</ele><time>2023-08-22T10:16:11Z</time></trkpt>
    <trkpt lat="47.27656" lon="12.02142"><ele>1688</ele><time>2023-08-22T10:16:51Z</time></trkpt>
    <trkpt lat="47.27665" lon="12.02139"><ele>1867</ele><time>2023-08-22T10:17:09Z</time></trkpt>
    <trkpt lat="47.27662" lon="12.02118"><ele>1852</ele><time>2023-08-22T10:18:07Z</time></trkpt>
    <trkpt lat="47.27675" lon="12.02113"><ele>1887</ele><time>2023-08-22T10:18:26Z</time></trkpt>
    <trkpt lat="47.27691" lon="12.02110"><ele>1896</ele><time>2023-08-22T10:19:14Z</time></trkpt>
    <trkpt lat="47.27702" lon="12.02110"><ele>1902</ele><time>2023-08-22T10:19:33Z</time></trkpt>
    <trkpt lat="47.27693" lon="12.02090"><ele>1908</ele><time>2023-08-22T10:21:06Z</time></trkpt>
    <trkpt lat="47.27683" lon="12.02079"><ele>1905</ele><time>2023-08-22T10:21:24Z</time></trkpt>
    <trkpt lat="47.27680" lon="12.02067"><ele>1907</ele><time>2023-08-22T10:21:42Z</time></trkpt>
    <trkpt lat="47.27676" lon="12.02048"><ele>1906</ele><time>2023-08-22T10:22:01Z</time></trkpt>
    <trkpt lat="47.27673" lon="12.02021"><ele>1908</ele><time>2023-08-22T10:22:39Z</time></trkpt>
    <trkpt lat="47.27677" lon="12.01999"><ele>1918</ele><time>2023-08-22T10:23:20Z</time></trkpt>
    <trkpt lat="47.27684" lon="12.01972"><ele>1921</ele><time>2023-08-22T10:23:57Z</time></trkpt>
    <trkpt lat="47.27680" lon="12.01960"><ele>1927</ele><time>2023-08-22T10:24:16Z</time></trkpt>
    <trkpt lat="47.27676" lon="12.01946"><ele>1932</ele><time>2023-08-22T10:24:34Z</time></trkpt>
    <trkpt lat="47.27676" lon="12.01917"><ele>1732</ele><time>2023-08-22T10:25:13Z</time></trkpt>
    <trkpt lat="47.27677" lon="12.01902"><ele>1540</ele><time>2023-08-22T10:25:32Z</time></trkpt>
    <trkpt lat="47.27681" lon="12.01882"><ele>1922</ele><time>2023-08-22T10:25:51Z</time></trkpt>
    <trkpt lat="47.27675" lon="12.01862"><ele>1949</ele><time>2023-08-22T10:26:10Z</time></trkpt>
    <trkpt lat="47.27684" lon="12.01828"><ele>1959</ele><time>2023-08-22T10:26:52Z</time></trkpt>
    <trkpt lat="47.27695" lon="12.01822"><ele>1961</ele><time>2023-08-22T10:27:10Z</time></trkpt>
    <trkpt lat="47.27704" lon="12.01813"><ele>1971</ele><time>2023-08-22T10:27:28Z</time></trkpt>
    <trkpt lat="47.27714" lon="12.01794"><ele>1980</ele><time>2023-08-22T10:28:11Z</time></trkpt>
    <trkpt lat="47.27726" lon="12.01780"><ele>1991</ele><time>2023-08-22T10:29:03Z</time></trkpt>
    <trkpt lat="47.27737" lon="12.01761"><ele>1992</ele><time>2023-08-22T10:29:21Z</time></trkpt>
    <trkpt lat="47.27754" lon="12.01733"><ele>1989</ele><time>2023-08-22T10:30:26Z</time></trkpt>
    <trkpt lat="47.27763" lon="12.01715"><ele>1983</ele><time>2023-08-22T10:30:44Z</time></trkpt>
    <trkpt lat="47.27771" lon="12.01701"><ele>1990</ele><time>2023-08-22T10:31:03Z</time></trkpt>
    <trkpt lat="47.27777" lon="12.01670"><ele>1994</ele><time>2023-08-22T10:31:48Z</time></trkpt>
    <trkpt lat="47.27772" lon="12.01657"><ele>2000</ele><time>2023-08-22T10:32:06Z</time></trkpt>
    <trkpt lat="47.27779" lon="12.01641"><ele>1998</ele><time>2023-08-22T10:32:25Z</time></trkpt>
    <trkpt lat="47.27784" lon="12.01628"><ele>2005</ele><time>2023-08-22T10:32:43Z</time></trkpt>
    <trkpt lat="47.27796" lon="12.01604"><ele>2011</ele><time>2023-08-22T10:33:24Z</time></trkpt>
    <trkpt lat="47.27804" lon="12.01590"><ele>2013</ele><time>2023-08-22T10:33:43Z</time></trkpt>
    <trkpt lat="47.27806" lon="12.01577"><ele>2028</ele><time>2023-08-22T10:34:02Z</time></trkpt>
    <trkpt lat="47.27811" lon="12.01564"><ele>2035</ele><time>2023-08-22T10:34:21Z</time></trkpt>
    <trkpt lat="47.27819" lon="12.01537"><ele>2032</ele><time>2023-08-22T10:35:15Z</time></trkpt>
    <trkpt lat="47.27826" lon="12.01523"><ele>2036</ele><time>2023-08-22T10:35:34Z</time></trkpt>
    <trkpt lat="47.27826" lon="12.01495"><ele>2038</ele><time>2023-08-22T10:36:18Z</time></trkpt>
    <trkpt lat="47.27819" lon="12.01473"><ele>2049</ele><time>2023-08-22T10:37:23Z</time></trkpt>
    <trkpt lat="47.27822" lon="12.01460"><ele>2054</ele><time>2023-08-22T10:37:42Z</time></trkpt>
    <trkpt lat="47.27824" lon="12.01443"><ele>2054</ele><time>2023-08-22T10:38:01Z</time></trkpt>
    <trkpt lat="47.27822" lon="12.01424"><ele>2053</ele><time>2023-08-22T10:38:19Z</time></trkpt>
    <trkpt lat="47.27823" lon="12.01410"><ele>2059</ele><time>2023-08-22T10:38:37Z</time></trkpt>
    <trkpt lat="47.27833" lon="12.01411"><ele>2062</ele><time>2023-08-22T10:38:56Z</time></trkpt>
    <trkpt lat="47.27848" lon="12.01401"><ele>2071</ele><time>2023-08-22T10:39:52Z</time></trkpt>
    <trkpt lat="47.27865" lon="12.01404"><ele>2078</ele><time>2023-08-22T10:40:49Z</time></trkpt>
    <trkpt lat="47.27864" lon="12.01380"><ele>2083</ele><time>2023-08-22T10:41:33Z</time></trkpt>
    <trkpt lat="47.27865" lon="12.01356"><ele>2088</ele><time>2023-08-22T10:42:26Z</time></trkpt>
    <trkpt lat="47.27857" lon="12.01331"><ele>2084</ele><time>2023-08-22T10:43:05Z</time></trkpt>
    <trkpt lat="47.27856" lon="12.01313"><ele>2093</ele><time>2023-08-22T10:43:23Z</time></trkpt>
    <trkpt lat="47.27866" lon="12.01300"><ele>2092</ele><time>2023-08-22T10:44:04Z</time></trkpt>
    <trkpt lat="47.27874" lon="12.01291"><ele>2104</ele><time>2023-08-22T10:44:22Z</time></trkpt>
    <trkpt lat="47.27881" lon="12.01277"><ele>2106</ele><time>2023-08-22T10:44:41Z</time></trkpt>
    <trkpt lat="47.27878" lon="12.01254"><ele>2107</ele><time>2023-08-22T10:44:59Z</time></trkpt>
    <trkpt lat="47.27873" lon="12.01235"><ele>2066</ele><time>2023-08-22T10:45:18Z</time></trkpt>
    <trkpt lat="47.27871" lon="12.01220"><ele>2112</ele><time>2023-08-22T10:45:37Z</time></trkpt>
    <trkpt lat="47.27878" lon="12.01206"><ele>2116</ele><time>2023-08-22T10:45:56Z</time></trkpt>
    <trkpt lat="47.27895" lon="12.01221"><ele>2134</ele><time>2023-08-22T10:46:40Z</time></trkpt>
    <trkpt lat="47.27903" lon="12.01232"><ele>2085</ele><time>2023-08-22T10:46:58Z</time></trkpt>
    <trkpt lat="47.27911" lon="12.01238"><ele>2135</ele><time>2023-08-22T10:47:17Z</time></trkpt>
    <trkpt lat="47.27919" lon="12.01247"><ele>2141</ele><time>2023-08-22T10:47:35Z</time></trkpt>
    <trkpt lat="47.27925" lon="12.01257"><ele>2139</ele><time>2023-08-22T10:47:53Z</time></trkpt>
    <trkpt lat="47.27935" lon="12.01262"><ele>2150</ele><time>2023-08-22T10:48:12Z</time></trkpt>
    <trkpt lat="47.27949" lon="12.01275"><ele>2142</ele><time>2023-08-22T10:49:03Z</time></trkpt>
    <trkpt lat="47.27959" lon="12.01281"><ele>2155</ele><time>2023-08-22T10:49:21Z</time></trkpt>
    <trkpt lat="47.27975" lon="12.01295"><ele>2162</ele><time>2023-08-22T10:49:59Z</time></trkpt>
    <trkpt lat="47.27977" lon="12.01272"><ele>2168</ele><time>2023-08-22T10:50:51Z</time></trkpt>
    <trkpt lat="47.27971" lon="12.01243"><ele>2171</ele><time>2023-08-22T10:51:47Z</time></trkpt>
    <trkpt lat="47.27967" lon="12.01229"><ele>2172</ele><time>2023-08-22T10:52:05Z</time></trkpt>
    <trkpt lat="47.27970" lon="12.01214"><ele>2174</ele><time>2023-08-22T10:52:23Z</time></trkpt>
    <trkpt lat="47.27970" lon="12.01193"><ele>2172</ele><time>2023-08-22T10:52:42Z</time></trkpt>
    <trkpt lat="47.27968" lon="12.01163"><ele>2175</ele><time>2023-08-22T10:53:00Z</time></trkpt>
    <trkpt lat="47.27969" lon="12.01136"><ele>2174</ele><time>2023-08-22T10:53:19Z</time></trkpt>
    <trkpt lat="47.27963" lon="12.01109"><ele>2171</ele><time>2023-08-22T10:53:38Z</time></trkpt>
    <trkpt lat="47.27967" lon="12.01080"><ele>2176</ele><time>2023-08-22T10:54:17Z</time></trkpt>
    <trkpt lat="47.27962" lon="12.01058"><ele>2179</ele><time>2023-08-22T10:54:36Z</time></trkpt>
    <trkpt lat="47.27951" lon="12.01039"><ele>2178</ele><time>2023-08-22T10:54:55Z</time></trkpt>
    <trkpt lat="47.27942" lon="12.01025"><ele>2120</ele><time>2023-08-22T10:55:14Z</time></trkpt>
    <trkpt lat="47.27933" lon="12.01010"><ele>2182</ele><time>2023-08-22T10:55:33Z</time></trkpt>
    <trkpt lat="47.27929" lon="12.00992"><ele>2186</ele><time>2023-08-22T10:55:52Z</time></trkpt>
    <trkpt lat="47.27927" lon="12.00979"><ele>2153</ele><time>2023-08-22T10:56:07Z</time></trkpt>
    <trkpt lat="47.27920" lon="12.00962"><ele>2187</ele><time>2023-08-22T10:56:30Z</time></trkpt>
    <trkpt lat="47.27912" lon="12.00946"><ele>2196</ele><time>2023-08-22T10:56:49Z</time></trkpt>
    <trkpt lat="47.27904" lon="12.00934"><ele>2195</ele><time>2023-08-22T10:57:07Z</time></trkpt>
    <trkpt lat="47.27894" lon="12.00913"><ele>2192</ele><time>2023-08-22T10:57:25Z</time></trkpt>
    <trkpt lat="47.27890" lon="12.00895"><ele>2187</ele><time>2023-08-22T10:57:43Z</time></trkpt>
    <trkpt lat="47.27875" lon="12.00885"><ele>2096</ele><time>2023-08-22T10:58:22Z</time></trkpt>
    <trkpt lat="47.27867" lon="12.00867"><ele>2205</ele><time>2023-08-22T10:58:41Z</time></trkpt>
    <trkpt lat="47.27859" lon="12.00842"><ele>2189</ele><time>2023-08-22T10:58:59Z</time></trkpt>
    <trkpt lat="47.27851" lon="12.00827"><ele>2204</ele><time>2023-08-22T10:59:17Z</time></trkpt>
    <trkpt lat="47.27838" lon="12.00801"><ele>2184</ele><time>2023-08-22T10:59:54Z</time></trkpt>
    <trkpt lat="47.27833" lon="12.00789"><ele>2203</ele><time>2023-08-22T11:00:13Z</time></trkpt>
    <trkpt lat="47.27821" lon="12.00772"><ele>2142</ele><time>2023-08-22T11:00:31Z</time></trkpt>
    <trkpt lat="47.27804" lon="12.00757"><ele>2218</ele><time>2023-08-22T11:01:17Z</time></trkpt>
    <trkpt lat="47.27795" lon="12.00750"><ele>2223</ele><time>2023-08-22T11:01:35Z</time></trkpt>
    <trkpt lat="47.27786" lon="12.00738"><ele>2227</ele><time>2023-08-22T11:01:54Z</time></trkpt>
    <trkpt lat="47.27772" lon="12.00739"><ele>2225</ele><time>2023-08-22T11:03:08Z</time></trkpt>
    <trkpt lat="47.27761" lon="12.00736"><ele>1972</ele><time>2023-08-22T11:03:29Z</time></trkpt>
    <trkpt lat="47.27751" lon="12.00734"><ele>2189</ele><time>2023-08-22T11:03:48Z</time></trkpt>
    <trkpt lat="47.27736" lon="12.00724"><ele>2241</ele><time>2023-08-22T11:04:31Z</time></trkpt>
    <trkpt lat="47.27718" lon="12.00726"><ele>2260</ele><time>2023-08-22T11:05:22Z</time></trkpt>
    <trkpt lat="47.27706" lon="12.00718"><ele>2173</ele><time>2023-08-22T11:05:40Z</time></trkpt>
    <trkpt lat="47.27696" lon="12.00706"><ele>2248</ele><time>2023-08-22T11:05:59Z</time></trkpt>
    <trkpt lat="47.27685" lon="12.00708"><ele>2241</ele><time>2023-08-22T11:06:17Z</time></trkpt>
    <trkpt lat="47.27675" lon="12.00710"><ele>2256</ele><time>2023-08-22T11:06:35Z</time></trkpt>
    <trkpt lat="47.27664" lon="12.00711"><ele>2261</ele><time>2023-08-22T11:06:54Z</time></trkpt>
    <trkpt lat="47.27650" lon="12.00719"><ele>2266</ele><time>2023-08-22T11:07:13Z</time></trkpt>
    <trkpt lat="47.27640" lon="12.00723"><ele>2257</ele><time>2023-08-22T11:07:32Z</time></trkpt>
    <trkpt lat="47.27627" lon="12.00729"><ele>2271</ele><time>2023-08-22T11:07:51Z</time></trkpt>
    <trkpt lat="47.27615" lon="12.00731"><ele>2275</ele><time>2023-08-22T11:08:09Z</time></trkpt>
    <trkpt lat="47.27605" lon="12.00735"><ele>2039</ele><time>2023-08-22T11:08:28Z</time></trkpt>
    <trkpt lat="47.27595" lon="12.00740"><ele>1783</ele><time>2023-08-22T11:08:47Z</time></trkpt>
    <trkpt lat="47.27577" lon="12.00736"><ele>2278</ele><time>2023-08-22T11:09:35Z</time></trkpt>
    <trkpt lat="47.27565" lon="12.00732"><ele>2283</ele><time>2023-08-22T11:09:54Z</time></trkpt>
    <trkpt lat="47.27554" lon="12.00729"><ele>2211</ele><time>2023-08-22T11:10:13Z</time></trkpt>
    <trkpt lat="47.27539" lon="12.00721"><ele>2187</ele><time>2023-08-22T11:10:31Z</time></trkpt>
    <trkpt lat="47.27530" lon="12.00713"><ele>2287</ele><time>2023-08-22T11:10:50Z</time></trkpt>
    <trkpt lat="47.27519" lon="12.00713"><ele>2292</ele><time>2023-08-22T11:11:09Z</time></trkpt>
    <trkpt lat="47.27509" lon="12.00715"><ele>2296</ele><time>2023-08-22T11:11:28Z</time></trkpt>
    <trkpt lat="47.27492" lon="12.00706"><ele>2298</ele><time>2023-08-22T11:12:05Z</time></trkpt>
    <trkpt lat="47.27476" lon="12.00699"><ele>2036</ele><time>2023-08-22T11:12:25Z</time></trkpt>
    <trkpt lat="47.27465" lon="12.00696"><ele>2303</ele><time>2023-08-22T11:12:43Z</time></trkpt>
    <trkpt lat="47.27452" lon="12.00682"><ele>2099</ele><time>2023-08-22T11:22:07Z</time></trkpt>
    <trkpt lat="47.27441" lon="12.00682"><ele>2299</ele><time>2023-08-22T11:22:25Z</time></trkpt>
    <trkpt lat="47.27428" lon="12.00687"><ele>2310</ele><time>2023-08-22T11:22:44Z</time></trkpt>
    <trkpt lat="47.27417" lon="12.00688"><ele>2320</ele><time>2023-08-22T11:23:02Z</time></trkpt>
    <trkpt lat="47.27400" lon="12.00697"><ele>2335</ele><time>2023-08-22T11:23:43Z</time></trkpt>
    <trkpt lat="47.27391" lon="12.00692"><ele>2333</ele><time>2023-08-22T11:24:01Z</time></trkpt>
    <trkpt lat="47.27382" lon="12.00672"><ele>2006</ele><time>2023-08-22T11:25:50Z</time></trkpt>
    <trkpt lat="47.27367" lon="12.00665"><ele>2342</ele><time>2023-08-22T11:26:31Z</time></trkpt>
    <trkpt lat="47.27351" lon="12.00648"><ele>2353</ele><time>2023-08-22T11:27:18Z</time></trkpt>
    <trkpt lat="47.27335" lon="12.00637"><ele>2354</ele><time>2023-08-22T11:28:11Z</time></trkpt>
    <trkpt lat="47.27320" lon="12.00648"><ele>2207</ele><time>2023-08-22T11:28:49Z</time></trkpt>
    <trkpt lat="47.27306" lon="12.00651"><ele>2366</ele><time>2023-08-22T11:29:30Z</time></trkpt>
    <trkpt lat="47.27293" lon="12.00634"><ele>2302</ele><time>2023-08-22T11:30:21Z</time></trkpt>
    <trkpt lat="47.27286" lon="12.00614"><ele>2336</ele><time>2023-08-22T11:31:07Z</time></trkpt>
    <trkpt lat="47.27273" lon="12.00602"><ele>2366</ele><time>2023-08-22T11:32:04Z</time></trkpt>
    <trkpt lat="47.27259" lon="12.00589"><ele>2343</ele><time>2023-08-22T11:32:52Z</time></trkpt>
    <trkpt lat="47.27244" lon="12.00579"><ele>2145</ele><time>2023-08-22T11:33:38Z</time></trkpt>
    <trkpt lat="47.27228" lon="12.00582"><ele>2337</ele><time>2023-08-22T11:34:31Z</time></trkpt>
    <trkpt lat="47.27212" lon="12.00577"><ele>2408</ele><time>2023-08-22T11:35:40Z</time></trkpt>
    <trkpt lat="47.27197" lon="12.00575"><ele>2416</ele><time>2023-08-22T11:36:50Z</time></trkpt>
    <trkpt lat="47.27188" lon="12.00555"><ele>2418</ele><time>2023-08-22T11:38:06Z</time></trkpt>
    <trkpt lat="47.27176" lon="12.00542"><ele>2320</ele><time>2023-08-22T11:39:13Z</time></trkpt>
    <trkpt lat="47.27164" lon="12.00527"><ele>2452</ele><time>2023-08-22T11:40:28Z</time></trkpt>
    <trkpt lat="47.27161" lon="12.00514"><ele>2459</ele><time>2023-08-22T11:40:47Z</time></trkpt>
    <trkpt lat="47.27153" lon="12.00491"><ele>2463</ele><time>2023-08-22T11:41:28Z</time></trkpt>
    <trkpt lat="47.27151" lon="12.00468"><ele>2463</ele><time>2023-08-22T11:42:21Z</time></trkpt>
    <trkpt lat="47.27140" lon="12.00450"><ele>2473</ele><time>2023-08-22T11:43:35Z</time></trkpt>
    <trkpt lat="47.27151" lon="12.00431"><ele>2479</ele><time>2023-08-22T11:44:26Z</time></trkpt>
    <trkpt lat="47.27156" lon="12.00418"><ele>2489</ele><time>2023-08-22T11:44:44Z</time></trkpt>
    <trkpt lat="47.27140" lon="12.00409"><ele>2493</ele><time>2023-08-22T11:45:39Z</time></trkpt>
    <trkpt lat="47.27147" lon="12.00419"><ele>2221</ele><time>2023-08-22T12:02:45Z</time></trkpt>
    <trkpt lat="47.27150" lon="12.00433"><ele>2367</ele><time>2023-08-22T12:03:03Z</time></trkpt>
    <trkpt lat="47.27138" lon="12.00451"><ele>2395</ele><time>2023-08-22T12:03:44Z</time></trkpt>
    <trkpt lat="47.27145" lon="12.00467"><ele>2344</ele><time>2023-08-22T12:04:03Z</time></trkpt>
    <trkpt lat="47.27155" lon="12.00485"><ele>2371</ele><time>2023-08-22T12:05:03Z</time></trkpt>
    <trkpt lat="47.27155" lon="12.00512"><ele>2461</ele><time>2023-08-22T12:05:42Z</time></trkpt>
    <trkpt lat="47.27153" lon="12.00526"><ele>2448</ele><time>2023-08-22T12:06:01Z</time></trkpt>
    <trkpt lat="47.27163" lon="12.00539"><ele>2457</ele><time>2023-08-22T12:06:20Z</time></trkpt>
    <trkpt lat="47.27177" lon="12.00548"><ele>2338</ele><time>2023-08-22T12:07:18Z</time></trkpt>
    <trkpt lat="47.27191" lon="12.00559"><ele>2415</ele><time>2023-08-22T12:08:17Z</time></trkpt>
    <trkpt lat="47.27190" lon="12.00575"><ele>2419</ele><time>2023-08-22T12:08:36Z</time></trkpt>
    <trkpt lat="47.27206" lon="12.00581"><ele>2294</ele><time>2023-08-22T12:09:27Z</time></trkpt>
    <trkpt lat="47.27222" lon="12.00587"><ele>2399</ele><time>2023-08-22T12:10:06Z</time></trkpt>
    <trkpt lat="47.27235" lon="12.00597"><ele>2215</ele><time>2023-08-22T12:10:50Z</time></trkpt>
    <trkpt lat="47.27254" lon="12.00591"><ele>2392</ele><time>2023-08-22T12:11:31Z</time></trkpt>
    <trkpt lat="47.27264" lon="12.00603"><ele>2388</ele><time>2023-08-22T12:11:50Z</time></trkpt>
    <trkpt lat="47.27281" lon="12.00613"><ele>2324</ele><time>2023-08-22T12:12:41Z</time></trkpt>
    <trkpt lat="47.27285" lon="12.00625"><ele>2361</ele><time>2023-08-22T12:13:00Z</time></trkpt>
    <trkpt lat="47.27298" lon="12.00641"><ele>2240</ele><time>2023-08-22T12:13:41Z</time></trkpt>
    <trkpt lat="47.27306" lon="12.00648"><ele>2296</ele><time>2023-08-22T12:13:59Z</time></trkpt>
    <trkpt lat="47.27315" lon="12.00654"><ele>2352</ele><time>2023-08-22T12:14:17Z</time></trkpt>
    <trkpt lat="47.27329" lon="12.00641"><ele>2322</ele><time>2023-08-22T12:14:56Z</time></trkpt>
    <trkpt lat="47.27347" lon="12.00651"><ele>2349</ele><time>2023-08-22T12:15:35Z</time></trkpt>
    <trkpt lat="47.27359" lon="12.00663"><ele>2303</ele><time>2023-08-22T12:15:54Z</time></trkpt>
    <trkpt lat="47.27373" lon="12.00676"><ele>2345</ele><time>2023-08-22T12:16:34Z</time></trkpt>
    <trkpt lat="47.27383" lon="12.00675"><ele>2345</ele><time>2023-08-22T12:16:52Z</time></trkpt>
    <trkpt lat="47.27392" lon="12.00696"><ele>2328</ele><time>2023-08-22T12:17:29Z</time></trkpt>
    <trkpt lat="47.27405" lon="12.00694"><ele>2326</ele><time>2023-08-22T12:17:48Z</time></trkpt>
    <trkpt lat="47.27415" lon="12.00694"><ele>2322</ele><time>2023-08-22T12:18:06Z</time></trkpt>
    <trkpt lat="47.27431" lon="12.00696"><ele>2317</ele><time>2023-08-22T12:19:54Z</time></trkpt>
    <trkpt lat="47.27441" lon="12.00695"><ele>2314</ele><time>2023-08-22T12:20:13Z</time></trkpt>
    <trkpt lat="47.27465" lon="12.00699"><ele>2304</ele><time>2023-08-22T12:20:32Z</time></trkpt>
    <trkpt lat="47.27480" lon="12.00704"><ele>2301</ele><time>2023-08-22T12:20:51Z</time></trkpt>
    <trkpt lat="47.27497" lon="12.00714"><ele>2294</ele><time>2023-08-22T12:21:10Z</time></trkpt>
    <trkpt lat="47.27508" lon="12.00723"><ele>2290</ele><time>2023-08-22T12:21:29Z</time></trkpt>
    <trkpt lat="47.27519" lon="12.00721"><ele>2288</ele><time>2023-08-22T12:21:47Z</time></trkpt>
    <trkpt lat="47.27533" lon="12.00725"><ele>2281</ele><time>2023-08-22T12:22:05Z</time></trkpt>
    <trkpt lat="47.27553" lon="12.00733"><ele>2283</ele><time>2023-08-22T12:22:24Z</time></trkpt>
    <trkpt lat="47.27571" lon="12.00738"><ele>2288</ele><time>2023-08-22T12:22:43Z</time></trkpt>
    <trkpt lat="47.27588" lon="12.00739"><ele>2279</ele><time>2023-08-22T12:23:02Z</time></trkpt>
    <trkpt lat="47.27600" lon="12.00731"><ele>2277</ele><time>2023-08-22T12:23:20Z</time></trkpt>
    <trkpt lat="47.27614" lon="12.00725"><ele>2273</ele><time>2023-08-22T12:23:39Z</time></trkpt>
    <trkpt lat="47.27629" lon="12.00725"><ele>2274</ele><time>2023-08-22T12:23:57Z</time></trkpt>
    <trkpt lat="47.27642" lon="12.00722"><ele>2273</ele><time>2023-08-22T12:24:16Z</time></trkpt>
    <trkpt lat="47.27656" lon="12.00711"><ele>2269</ele><time>2023-08-22T12:24:34Z</time></trkpt>
    <trkpt lat="47.27669" lon="12.00707"><ele>2266</ele><time>2023-08-22T12:24:53Z</time></trkpt>
    <trkpt lat="47.27682" lon="12.00704"><ele>2267</ele><time>2023-08-22T12:25:11Z</time></trkpt>
    <trkpt lat="47.27692" lon="12.00711"><ele>2260</ele><time>2023-08-22T12:25:29Z</time></trkpt>
    <trkpt lat="47.27705" lon="12.00719"><ele>2246</ele><time>2023-08-22T12:25:48Z</time></trkpt>
    <trkpt lat="47.27718" lon="12.00721"><ele>2250</ele><time>2023-08-22T12:26:06Z</time></trkpt>
    <trkpt lat="47.27726" lon="12.00711"><ele>2255</ele><time>2023-08-22T12:26:24Z</time></trkpt>
    <trkpt lat="47.27733" lon="12.00726"><ele>2235</ele><time>2023-08-22T12:26:43Z</time></trkpt>
    <trkpt lat="47.27741" lon="12.00735"><ele>2247</ele><time>2023-08-22T12:27:02Z</time></trkpt>
    <trkpt lat="47.27761" lon="12.00747"><ele>1993</ele><time>2023-08-22T12:27:41Z</time></trkpt>
    <trkpt lat="47.27773" lon="12.00753"><ele>2247</ele><time>2023-08-22T12:27:59Z</time></trkpt>
    <trkpt lat="47.27784" lon="12.00759"><ele>1837</ele><time>2023-08-22T12:28:18Z</time></trkpt>
    <trkpt lat="47.27799" lon="12.00766"><ele>2140</ele><time>2023-08-22T12:28:37Z</time></trkpt>
    <trkpt lat="47.27809" lon="12.00770"><ele>2223</ele><time>2023-08-22T12:28:56Z</time></trkpt>
    <trkpt lat="47.27819" lon="12.00782"><ele>2217</ele><time>2023-08-22T12:29:14Z</time></trkpt>
    <trkpt lat="47.27828" lon="12.00787"><ele>2218</ele><time>2023-08-22T12:29:33Z</time></trkpt>
    <trkpt lat="47.27838" lon="12.00802"><ele>2216</ele><time>2023-08-22T12:29:51Z</time></trkpt>
    <trkpt lat="47.27851" lon="12.00827"><ele>2211</ele><time>2023-08-22T12:30:10Z</time></trkpt>
    <trkpt lat="47.27857" lon="12.00841"><ele>2204</ele><time>2023-08-22T12:30:29Z</time></trkpt>
    <trkpt lat="47.27869" lon="12.00857"><ele>2192</ele><time>2023-08-22T12:30:47Z</time></trkpt>
    <trkpt lat="47.27877" lon="12.00875"><ele>2200</ele><time>2023-08-22T12:31:06Z</time></trkpt>
    <trkpt lat="47.27886" lon="12.00884"><ele>2200</ele><time>2023-08-22T12:31:24Z</time></trkpt>
    <trkpt lat="47.27892" lon="12.00906"><ele>2189</ele><time>2023-08-22T12:31:42Z</time></trkpt>
    <trkpt lat="47.27898" lon="12.00927"><ele>2192</ele><time>2023-08-22T12:32:01Z</time></trkpt>
    <trkpt lat="47.27909" lon="12.00945"><ele>2189</ele><time>2023-08-22T12:32:20Z</time></trkpt>
    <trkpt lat="47.27914" lon="12.00958"><ele>2189</ele><time>2023-08-22T12:32:38Z</time></trkpt>
    <trkpt lat="47.27927" lon="12.00988"><ele>2186</ele><time>2023-08-22T12:33:45Z</time></trkpt>
    <trkpt lat="47.27933" lon="12.01009"><ele>2184</ele><time>2023-08-22T12:34:04Z</time></trkpt>
    <trkpt lat="47.27936" lon="12.01024"><ele>2184</ele><time>2023-08-22T12:34:22Z</time></trkpt>
    <trkpt lat="47.27951" lon="12.01046"><ele>2179</ele><time>2023-08-22T12:34:41Z</time></trkpt>
    <trkpt lat="47.27964" lon="12.01063"><ele>2180</ele><time>2023-08-22T12:34:59Z</time></trkpt>
    <trkpt lat="47.27969" lon="12.01085"><ele>2174</ele><time>2023-08-22T12:35:13Z</time></trkpt>
    <trkpt lat="47.27971" lon="12.01105"><ele>2176</ele><time>2023-08-22T12:35:36Z</time></trkpt>
    <trkpt lat="47.27968" lon="12.01122"><ele>2174</ele><time>2023-08-22T12:35:54Z</time></trkpt>
    <trkpt lat="47.27973" lon="12.01151"><ele>2170</ele><time>2023-08-22T12:36:13Z</time></trkpt>
    <trkpt lat="47.27972" lon="12.01173"><ele>1939</ele><time>2023-08-22T12:36:31Z</time></trkpt>
    <trkpt lat="47.27973" lon="12.01187"><ele>2172</ele><time>2023-08-22T12:36:50Z</time></trkpt>
    <trkpt lat="47.27973" lon="12.01206"><ele>2175</ele><time>2023-08-22T12:37:09Z</time></trkpt>
    <trkpt lat="47.27972" lon="12.01233"><ele>2155</ele><time>2023-08-22T12:37:27Z</time></trkpt>
    <trkpt lat="47.27977" lon="12.01256"><ele>1814</ele><time>2023-08-22T12:37:46Z</time></trkpt>
    <trkpt lat="47.27985" lon="12.01285"><ele>2167</ele><time>2023-08-22T12:39:10Z</time></trkpt>
    <trkpt lat="47.27984" lon="12.01301"><ele>2160</ele><time>2023-08-22T12:39:29Z</time></trkpt>
    <trkpt lat="47.27972" lon="12.01295"><ele>2123</ele><time>2023-08-22T12:39:47Z</time></trkpt>
    <trkpt lat="47.27954" lon="12.01283"><ele>2139</ele><time>2023-08-22T12:40:06Z</time></trkpt>
    <trkpt lat="47.27943" lon="12.01270"><ele>2146</ele><time>2023-08-22T12:40:25Z</time></trkpt>
    <trkpt lat="47.27934" lon="12.01264"><ele>2104</ele><time>2023-08-22T12:40:43Z</time></trkpt>
    <trkpt lat="47.27917" lon="12.01245"><ele>2136</ele><time>2023-08-22T12:41:22Z</time></trkpt>
    <trkpt lat="47.27908" lon="12.01234"><ele>2133</ele><time>2023-08-22T12:41:41Z</time></trkpt>
    <trkpt lat="47.27900" lon="12.01222"><ele>2129</ele><time>2023-08-22T12:41:59Z</time></trkpt>
    <trkpt lat="47.27890" lon="12.01212"><ele>2120</ele><time>2023-08-22T12:42:18Z</time></trkpt>
    <trkpt lat="47.27880" lon="12.01207"><ele>2120</ele><time>2023-08-22T12:42:36Z</time></trkpt>
    <trkpt lat="47.27874" lon="12.01232"><ele>2121</ele><time>2023-08-22T12:42:54Z</time></trkpt>
    <trkpt lat="47.27875" lon="12.01251"><ele>2110</ele><time>2023-08-22T12:43:13Z</time></trkpt>
    <trkpt lat="47.27879" lon="12.01276"><ele>2107</ele><time>2023-08-22T12:43:31Z</time></trkpt>
    <trkpt lat="47.27871" lon="12.01294"><ele>2104</ele><time>2023-08-22T12:43:50Z</time></trkpt>
    <trkpt lat="47.27861" lon="12.01300"><ele>2097</ele><time>2023-08-22T12:44:08Z</time></trkpt>
    <trkpt lat="47.27859" lon="12.01315"><ele>2093</ele><time>2023-08-22T12:44:26Z</time></trkpt>
    <trkpt lat="47.27868" lon="12.01337"><ele>2086</ele><time>2023-08-22T12:44:45Z</time></trkpt>
    <trkpt lat="47.27869" lon="12.01355"><ele>2084</ele><time>2023-08-22T12:45:04Z</time></trkpt>
    <trkpt lat="47.27862" lon="12.01381"><ele>2083</ele><time>2023-08-22T12:45:41Z</time></trkpt>
    <trkpt lat="47.27857" lon="12.01403"><ele>2070</ele><time>2023-08-22T12:46:26Z</time></trkpt>
    <trkpt lat="47.27839" lon="12.01396"><ele>2066</ele><time>2023-08-22T12:47:15Z</time></trkpt>
    <trkpt lat="47.27825" lon="12.01410"><ele>2055</ele><time>2023-08-22T12:47:53Z</time></trkpt>
    <trkpt lat="47.27823" lon="12.01427"><ele>2052</ele><time>2023-08-22T12:48:12Z</time></trkpt>
    <trkpt lat="47.27827" lon="12.01446"><ele>2047</ele><time>2023-08-22T12:48:30Z</time></trkpt>
    <trkpt lat="47.27827" lon="12.01462"><ele>2030</ele><time>2023-08-22T12:48:48Z</time></trkpt>
    <trkpt lat="47.27826" lon="12.01478"><ele>2038</ele><time>2023-08-22T12:49:07Z</time></trkpt>
    <trkpt lat="47.27830" lon="12.01493"><ele>2033</ele><time>2023-08-22T12:49:26Z</time></trkpt>
    <trkpt lat="47.27828" lon="12.01510"><ele>2030</ele><time>2023-08-22T12:49:44Z</time></trkpt>
    <trkpt lat="47.27826" lon="12.01529"><ele>2029</ele><time>2023-08-22T12:50:03Z</time></trkpt>
    <trkpt lat="47.27819" lon="12.01548"><ele>2028</ele><time>2023-08-22T12:50:21Z</time></trkpt>
    <trkpt lat="47.27815" lon="12.01566"><ele>2025</ele><time>2023-08-22T12:50:40Z</time></trkpt>
    <trkpt lat="47.27807" lon="12.01577"><ele>2019</ele><time>2023-08-22T12:50:59Z</time></trkpt>
    <trkpt lat="47.27802" lon="12.01597"><ele>1963</ele><time>2023-08-22T12:51:17Z</time></trkpt>
    <trkpt lat="47.27794" lon="12.01611"><ele>1928</ele><time>2023-08-22T12:51:35Z</time></trkpt>
    <trkpt lat="47.27783" lon="12.01622"><ele>2003</ele><time>2023-08-22T12:51:53Z</time></trkpt>
    <trkpt lat="47.27778" lon="12.01641"><ele>2004</ele><time>2023-08-22T12:52:11Z</time></trkpt>
    <trkpt lat="47.27774" lon="12.01663"><ele>2003</ele><time>2023-08-22T12:52:30Z</time></trkpt>
    <trkpt lat="47.27775" lon="12.01683"><ele>2000</ele><time>2023-08-22T12:52:49Z</time></trkpt>
    <trkpt lat="47.27767" lon="12.01702"><ele>1998</ele><time>2023-08-22T12:53:07Z</time></trkpt>
    <trkpt lat="47.27762" lon="12.01716"><ele>1727</ele><time>2023-08-22T12:53:26Z</time></trkpt>
    <trkpt lat="47.27757" lon="12.01733"><ele>1926</ele><time>2023-08-22T12:53:45Z</time></trkpt>
    <trkpt lat="47.27742" lon="12.01756"><ele>1973</ele><time>2023-08-22T12:54:04Z</time></trkpt>
    <trkpt lat="47.27728" lon="12.01775"><ele>1982</ele><time>2023-08-22T12:54:22Z</time></trkpt>
    <trkpt lat="47.27719" lon="12.01787"><ele>1978</ele><time>2023-08-22T12:54:41Z</time></trkpt>
    <trkpt lat="47.27708" lon="12.01789"><ele>1977</ele><time>2023-08-22T12:54:59Z</time></trkpt>
    <trkpt lat="47.27705" lon="12.01804"><ele>1978</ele><time>2023-08-22T12:55:18Z</time></trkpt>
    <trkpt lat="47.27701" lon="12.01818"><ele>1975</ele><time>2023-08-22T12:55:37Z</time></trkpt>
    <trkpt lat="47.27689" lon="12.01827"><ele>1966</ele><time>2023-08-22T12:55:56Z</time></trkpt>
    <trkpt lat="47.27684" lon="12.01850"><ele>1962</ele><time>2023-08-22T12:56:15Z</time></trkpt>
    <trkpt lat="47.27683" lon="12.01870"><ele>1961</ele><time>2023-08-22T12:56:34Z</time></trkpt>
    <trkpt lat="47.27681" lon="12.01898"><ele>1961</ele><time>2023-08-22T12:56:54Z</time></trkpt>
    <trkpt lat="47.27682" lon="12.01918"><ele>1951</ele><time>2023-08-22T12:57:12Z</time></trkpt>
    <trkpt lat="47.27682" lon="12.01942"><ele>1948</ele><time>2023-08-22T12:57:53Z</time></trkpt>
    <trkpt lat="47.27682" lon="12.01972"><ele>1942</ele><time>2023-08-22T12:58:32Z</time></trkpt>
    <trkpt lat="47.27680" lon="12.01990"><ele>1935</ele><time>2023-08-22T12:58:51Z</time></trkpt>
    <trkpt lat="47.27684" lon="12.02005"><ele>1935</ele><time>2023-08-22T12:59:09Z</time></trkpt>
    <trkpt lat="47.27676" lon="12.02037"><ele>1932</ele><time>2023-08-22T12:59:47Z</time></trkpt>
    <trkpt lat="47.27679" lon="12.02052"><ele>1927</ele><time>2023-08-22T13:00:05Z</time></trkpt>
    <trkpt lat="47.27680" lon="12.02071"><ele>1923</ele><time>2023-08-22T13:00:24Z</time></trkpt>
    <trkpt lat="47.27686" lon="12.02084"><ele>1918</ele><time>2023-08-22T13:00:42Z</time></trkpt>
    <trkpt lat="47.27694" lon="12.02098"><ele>1915</ele><time>2023-08-22T13:01:01Z</time></trkpt>
    <trkpt lat="47.27706" lon="12.02112"><ele>1912</ele><time>2023-08-22T13:01:19Z</time></trkpt>
    <trkpt lat="47.27696" lon="12.02116"><ele>1907</ele><time>2023-08-22T13:01:38Z</time></trkpt>
    <trkpt lat="47.27685" lon="12.02110"><ele>1900</ele><time>2023-08-22T13:01:57Z</time></trkpt>
    <trkpt lat="47.27665" lon="12.02114"><ele>1891</ele><time>2023-08-22T13:02:34Z</time></trkpt>
    <trkpt lat="47.27668" lon="12.02134"><ele>1888</ele><time>2023-08-22T13:02:53Z</time></trkpt>
    <trkpt lat="47.27650" lon="12.02146"><ele>1878</ele><time>2023-08-22T13:03:36Z</time></trkpt>
    <trkpt lat="47.27624" lon="12.02136"><ele>1872</ele><time>2023-08-22T13:04:13Z</time></trkpt>
    <trkpt lat="47.27608" lon="12.02137"><ele>1869</ele><time>2023-08-22T13:04:32Z</time></trkpt>
    <trkpt lat="47.27617" lon="12.02158"><ele>1867</ele><time>2023-08-22T13:04:51Z</time></trkpt>
    <trkpt lat="47.27620" lon="12.02174"><ele>1864</ele><time>2023-08-22T13:05:09Z</time></trkpt>
    <trkpt lat="47.27626" lon="12.02191"><ele>1859</ele><time>2023-08-22T13:05:28Z</time></trkpt>
    <trkpt lat="47.27641" lon="12.02209"><ele>1853</ele><time>2023-08-22T13:05:46Z</time></trkpt>
    <trkpt lat="47.27651" lon="12.02226"><ele>1851</ele><time>2023-08-22T13:06:05Z</time></trkpt>
    <trkpt lat="47.27661" lon="12.02243"><ele>1844</ele><time>2023-08-22T13:09:22Z</time></trkpt>
    <trkpt lat="47.27666" lon="12.02260"><ele>1796</ele><time>2023-08-22T13:09:41Z</time></trkpt>
    <trkpt lat="47.27674" lon="12.02264"><ele>1826</ele><time>2023-08-22T13:09:59Z</time></trkpt>
    <trkpt lat="47.27685" lon="12.02273"><ele>1825</ele><time>2023-08-22T13:10:18Z</time></trkpt>
    <trkpt lat="47.27695" lon="12.02285"><ele>1827</ele><time>2023-08-22T13:10:36Z</time></trkpt>
    <trkpt lat="47.27704" lon="12.02295"><ele>1824</ele><time>2023-08-22T13:10:55Z</time></trkpt>
    <trkpt lat="47.27715" lon="12.02307"><ele>1819</ele><time>2023-08-22T13:11:13Z</time></trkpt>
    <trkpt lat="47.27721" lon="12.02321"><ele>1813</ele><time>2023-08-22T13:11:31Z</time></trkpt>
    <trkpt lat="47.27726" lon="12.02335"><ele>1810</ele><time>2023-08-22T13:11:50Z</time></trkpt>
    <trkpt lat="47.27732" lon="12.02357"><ele>1802</ele><time>2023-08-22T13:12:28Z</time></trkpt>
    <trkpt lat="47.27740" lon="12.02367"><ele>1797</ele><time>2023-08-22T13:12:46Z</time></trkpt>
    <trkpt lat="47.27744" lon="12.02380"><ele>1794</ele><time>2023-08-22T13:13:05Z</time></trkpt>
    <trkpt lat="47.27751" lon="12.02389"><ele>1792</ele><time>2023-08-22T13:13:24Z</time></trkpt>
    <trkpt lat="47.27771" lon="12.02402"><ele>1780</ele><time>2023-08-22T13:14:43Z</time></trkpt>
    <trkpt lat="47.27779" lon="12.02418"><ele>1778</ele><time>2023-08-22T13:15:01Z</time></trkpt>
    <trkpt lat="47.27790" lon="12.02443"><ele>1771</ele><time>2023-08-22T13:15:43Z</time></trkpt>
    <trkpt lat="47.27791" lon="12.02457"><ele>1769</ele><time>2023-08-22T13:16:02Z</time></trkpt>
    <trkpt lat="47.27804" lon="12.02472"><ele>1736</ele><time>2023-08-22T13:16:44Z</time></trkpt>
    <trkpt lat="47.27819" lon="12.02486"><ele>1757</ele><time>2023-08-22T13:17:03Z</time></trkpt>
    <trkpt lat="47.27831" lon="12.02495"><ele>1756</ele><time>2023-08-22T13:17:22Z</time></trkpt>
    <trkpt lat="47.27831" lon="12.02510"><ele>1756</ele><time>2023-08-22T13:17:41Z</time></trkpt>
    <trkpt lat="47.27821" lon="12.02533"><ele>1700</ele><time>2023-08-22T13:18:25Z</time></trkpt>
    <trkpt lat="47.27844" lon="12.02537"><ele>1729</ele><time>2023-08-22T13:19:03Z</time></trkpt>
    <trkpt lat="47.27860" lon="12.02544"><ele>1722</ele><time>2023-08-22T13:19:44Z</time></trkpt>
    <trkpt lat="47.27872" lon="12.02565"><ele>1721</ele><time>2023-08-22T13:20:02Z</time></trkpt>
    <trkpt lat="47.27886" lon="12.02583"><ele>1712</ele><time>2023-08-22T13:20:21Z</time></trkpt>
    <trkpt lat="47.27903" lon="12.02576"><ele>1707</ele><time>2023-08-22T13:20:39Z</time></trkpt>
    <trkpt lat="47.27921" lon="12.02581"><ele>1713</ele><time>2023-08-22T13:20:58Z</time></trkpt>
    <trkpt lat="47.27937" lon="12.02569"><ele>1704</ele><time>2023-08-22T13:21:17Z</time></trkpt>
    <trkpt lat="47.27950" lon="12.02579"><ele>1698</ele><time>2023-08-22T13:21:36Z</time></trkpt>
    <trkpt lat="47.27968" lon="12.02589"><ele>1695</ele><time>2023-08-22T13:21:55Z</time></trkpt>
    <trkpt lat="47.27983" lon="12.02595"><ele>1694</ele><time>2023-08-22T13:22:14Z</time></trkpt>
    <trkpt lat="47.27999" lon="12.02607"><ele>1693</ele><time>2023-08-22T13:22:32Z</time></trkpt>
    <trkpt lat="47.28003" lon="12.02620"><ele>1691</ele><time>2023-08-22T13:22:50Z</time></trkpt>
    <trkpt lat="47.28011" lon="12.02631"><ele>1691</ele><time>2023-08-22T13:23:09Z</time></trkpt>
    <trkpt lat="47.28025" lon="12.02642"><ele>1685</ele><time>2023-08-22T13:23:28Z</time></trkpt>
    <trkpt lat="47.28033" lon="12.02654"><ele>1679</ele><time>2023-08-22T13:23:46Z</time></trkpt>
    <trkpt lat="47.28050" lon="12.02669"><ele>1679</ele><time>2023-08-22T13:24:04Z</time></trkpt>
    <trkpt lat="47.28060" lon="12.02682"><ele>1799</ele><time>2023-08-22T13:24:22Z</time></trkpt>
    <trkpt lat="47.28060" lon="12.02705"><ele>1689</ele><time>2023-08-22T13:24:41Z</time></trkpt>
    <trkpt lat="47.28074" lon="12.02720"><ele>1683</ele><time>2023-08-22T13:25:00Z</time></trkpt>
    <trkpt lat="47.28090" lon="12.02722"><ele>1681</ele><time>2023-08-22T13:25:19Z</time></trkpt>
    <trkpt lat="47.28096" lon="12.02740"><ele>1668</ele><time>2023-08-22T13:25:37Z</time></trkpt>
    <trkpt lat="47.28107" lon="12.02743"><ele>1663</ele><time>2023-08-22T13:25:55Z</time></trkpt>
    <trkpt lat="47.28113" lon="12.02754"><ele>1657</ele><time>2023-08-22T13:26:13Z</time></trkpt>
    <trkpt lat="47.28120" lon="12.02772"><ele>1658</ele><time>2023-08-22T13:26:32Z</time></trkpt>
    <trkpt lat="47.28133" lon="12.02787"><ele>1656</ele><time>2023-08-22T13:26:50Z</time></trkpt>
    <trkpt lat="47.28140" lon="12.02803"><ele>1647</ele><time>2023-08-22T13:27:09Z</time></trkpt>
    <trkpt lat="47.28154" lon="12.02813"><ele>1645</ele><time>2023-08-22T13:27:27Z</time></trkpt>
    <trkpt lat="47.28168" lon="12.02818"><ele>1647</ele><time>2023-08-22T13:27:45Z</time></trkpt>
    <trkpt lat="47.28181" lon="12.02831"><ele>1642</ele><time>2023-08-22T13:28:03Z</time></trkpt>
    <trkpt lat="47.28194" lon="12.02836"><ele>1641</ele><time>2023-08-22T13:28:22Z</time></trkpt>
    <trkpt lat="47.28211" lon="12.02852"><ele>1640</ele><time>2023-08-22T13:28:40Z</time></trkpt>
    <trkpt lat="47.28234" lon="12.02868"><ele>1632</ele><time>2023-08-22T13:29:23Z</time></trkpt>
    <trkpt lat="47.28246" lon="12.02880"><ele>1629</ele><time>2023-08-22T13:29:41Z</time></trkpt>
    <trkpt lat="47.28255" lon="12.02903"><ele>1628</ele><time>2023-08-22T13:29:59Z</time></trkpt>
    <trkpt lat="47.28264" lon="12.02921"><ele>1620</ele><time>2023-08-22T13:30:18Z</time></trkpt>
    <trkpt lat="47.28280" lon="12.02928"><ele>1621</ele><time>2023-08-22T13:30:37Z</time></trkpt>
    <trkpt lat="47.28281" lon="12.02951"><ele>1625</ele><time>2023-08-22T13:43:30Z</time></trkpt>
    <trkpt lat="47.28309" lon="12.02981"><ele>1618</ele><time>2023-08-22T13:43:48Z</time></trkpt>
    <trkpt lat="47.28364" lon="12.03016"><ele>1614</ele><time>2023-08-22T13:44:06Z</time></trkpt>
    <trkpt lat="47.28385" lon="12.03026"><ele>1615</ele><time>2023-08-22T13:44:25Z</time></trkpt>
    <trkpt lat="47.28385" lon="12.03040"><ele>1602</ele><time>2023-08-22T14:06:36Z</time></trkpt>
    <trkpt lat="47.28382" lon="12.03053"><ele>1600</ele><time>2023-08-22T14:06:54Z</time></trkpt>
    <trkpt lat="47.28463" lon="12.03085"><ele>1601</ele><time>2023-08-22T14:08:28Z</time></trkpt>
    <trkpt lat="47.28609" lon="12.03145"><ele>1588</ele><time>2023-08-22T14:08:46Z</time></trkpt>
    <trkpt lat="47.28646" lon="12.03157"><ele>1590</ele><time>2023-08-22T14:09:05Z</time></trkpt>
    <trkpt lat="47.28661" lon="12.03171"><ele>1590</ele><time>2023-08-22T14:09:23Z</time></trkpt>
    <trkpt lat="47.28675" lon="12.03186"><ele>1583</ele><time>2023-08-22T14:12:06Z</time></trkpt>
    <trkpt lat="47.28722" lon="12.03180"><ele>1583</ele><time>2023-08-22T14:15:29Z</time></trkpt>
    <trkpt lat="47.28765" lon="12.03208"><ele>1573</ele><time>2023-08-22T14:15:48Z</time></trkpt>
    <trkpt lat="47.28839" lon="12.03174"><ele>1560</ele><time>2023-08-22T14:16:06Z</time></trkpt>
    <trkpt lat="47.28924" lon="12.03074"><ele>1544</ele><time>2023-08-22T14:16:25Z</time></trkpt>
    <trkpt lat="47.28996" lon="12.03098"><ele>1541</ele><time>2023-08-22T14:16:43Z</time></trkpt>
    <trkpt lat="47.29005" lon="12.03093"><ele>1544</ele><time>2023-08-22T14:17:24Z</time></trkpt>
    <trkpt lat="47.29084" lon="12.03125"><ele>1468</ele><time>2023-08-22T14:17:42Z</time></trkpt>
    <trkpt lat="47.29194" lon="12.03231"><ele>1517</ele><time>2023-08-22T14:18:01Z</time></trkpt>
    <trkpt lat="47.29262" lon="12.03418"><ele>1500</ele><time>2023-08-22T14:18:19Z</time></trkpt>
    <trkpt lat="47.29328" lon="12.03524"><ele>1490</ele><time>2023-08-22T14:18:37Z</time></trkpt>
    <trkpt lat="47.29322" lon="12.03539"><ele>1486</ele><time>2023-08-22T14:18:56Z</time></trkpt>
    <trkpt lat="47.29298" lon="12.03537"><ele>1484</ele><time>2023-08-22T14:19:15Z</time></trkpt>
    <trkpt lat="47.29361" lon="12.03534"><ele>1478</ele><time>2023-08-22T14:22:02Z</time></trkpt>
    <trkpt lat="47.29431" lon="12.03546"><ele>1481</ele><time>2023-08-22T14:22:20Z</time></trkpt>
    <trkpt lat="47.29565" lon="12.03538"><ele>1468</ele><time>2023-08-22T14:22:39Z</time></trkpt>
    <trkpt lat="47.29709" lon="12.03638"><ele>1457</ele><time>2023-08-22T14:22:58Z</time></trkpt>
    <trkpt lat="47.29826" lon="12.03742"><ele>1448</ele><time>2023-08-22T14:23:16Z</time></trkpt>
    <trkpt lat="47.29912" lon="12.03837"><ele>1428</ele><time>2023-08-22T14:23:35Z</time></trkpt>
    <trkpt lat="47.30039" lon="12.04013"><ele>1417</ele><time>2023-08-22T14:23:53Z</time></trkpt>
    <trkpt lat="47.30191" lon="12.04214"><ele>1400</ele><time>2023-08-22T14:24:12Z</time></trkpt>
    <trkpt lat="47.30369" lon="12.04359"><ele>1390</ele><time>2023-08-22T14:24:31Z</time></trkpt>
    <trkpt lat="47.30426" lon="12.04537"><ele>1354</ele><time>2023-08-22T14:24:49Z</time></trkpt>
    <trkpt lat="47.30387" lon="12.04627"><ele>1496</ele><time>2023-08-22T14:25:12Z</time></trkpt>
    <trkpt lat="47.30491" lon="12.04764"><ele>1331</ele><time>2023-08-22T14:25:31Z</time></trkpt>
    <trkpt lat="47.30586" lon="12.04885"><ele>1341</ele><time>2023-08-22T14:25:50Z</time></trkpt>
    <trkpt lat="47.30674" lon="12.05001"><ele>1317</ele><time>2023-08-22T14:26:08Z</time></trkpt>
    <trkpt lat="47.30766" lon="12.05108"><ele>1322</ele><time>2023-08-22T14:26:27Z</time></trkpt>
    <trkpt lat="47.30841" lon="12.05213"><ele>1319</ele><time>2023-08-22T14:26:46Z</time></trkpt>
    <trkpt lat="47.30893" lon="12.05330"><ele>1317</ele><time>2023-08-22T14:27:05Z</time></trkpt>
    <trkpt lat="47.30937" lon="12.05463"><ele>1321</ele><time>2023-08-22T14:27:23Z</time></trkpt>
    <trkpt lat="47.30996" lon="12.05549"><ele>1319</ele><time>2023-08-22T14:27:42Z</time></trkpt>
    <trkpt lat="47.31094" lon="12.05642"><ele>1314</ele><time>2023-08-22T14:28:01Z</time></trkpt>
    <trkpt lat="47.31184" lon="12.05773"><ele>1281</ele><time>2023-08-22T14:28:19Z</time></trkpt>
    <trkpt lat="47.31248" lon="12.05936"><ele>1290</ele><time>2023-08-22T14:28:37Z</time></trkpt>
    <trkpt lat="47.31348" lon="12.06085"><ele>1299</ele><time>2023-08-22T14:28:56Z</time></trkpt>
    <trkpt lat="47.31437" lon="12.06204"><ele>1290</ele><time>2023-08-22T14:29:14Z</time></trkpt>
    <trkpt lat="47.31568" lon="12.06363"><ele>1278</ele><time>2023-08-22T14:29:33Z</time></trkpt>
    <trkpt lat="47.31671" lon="12.06579"><ele>1269</ele><time>2023-08-22T14:29:52Z</time></trkpt>
    <trkpt lat="47.31795" lon="12.06678"><ele>1262</ele><time>2023-08-22T14:30:11Z</time></trkpt>
    <trkpt lat="47.31867" lon="12.06871"><ele>1251</ele><time>2023-08-22T14:30:29Z</time></trkpt>
    <trkpt lat="47.31950" lon="12.07086"><ele>1235</ele><time>2023-08-22T14:30:48Z</time></trkpt>
    <trkpt lat="47.32066" lon="12.07165"><ele>1221</ele><time>2023-08-22T14:31:06Z</time></trkpt>
    <trkpt lat="47.32150" lon="12.07203"><ele>1214</ele><time>2023-08-22T14:31:24Z</time></trkpt>
    <trkpt lat="47.32250" lon="12.07218"><ele>1205</ele><time>2023-08-22T14:31:43Z</time></trkpt>
    <trkpt lat="47.32353" lon="12.07328"><ele>1200</ele><time>2023-08-22T14:32:02Z</time></trkpt>
    <trkpt lat="47.32434" lon="12.07461"><ele>1197</ele><time>2023-08-22T14:32:20Z</time></trkpt>
    <trkpt lat="47.32562" lon="12.07604"><ele>1187</ele><time>2023-08-22T14:32:39Z</time></trkpt>
    <trkpt lat="47.32654" lon="12.07758"><ele>1175</ele><time>2023-08-22T14:32:57Z</time></trkpt>
    <trkpt lat="47.32798" lon="12.07862"><ele>1173</ele><time>2023-08-22T14:33:16Z</time></trkpt>
    <trkpt lat="47.32929" lon="12.07991"><ele>1165</ele><time>2023-08-22T14:33:34Z</time></trkpt>
    <trkpt lat="47.33085" lon="12.08115"><ele>1157</ele><time>2023-08-22T14:33:53Z</time></trkpt>
    <trkpt lat="47.33257" lon="12.08169"><ele>1142</ele><time>2023-08-22T14:34:12Z</time></trkpt>
    <trkpt lat="47.33376" lon="12.08265"><ele>1133</ele><time>2023-08-22T14:34:30Z</time></trkpt>
    <trkpt lat="47.33508" lon="12.08406"><ele>1127</ele><time>2023-08-22T14:34:48Z</time></trkpt>
    <trkpt lat="47.33682" lon="12.08504"><ele>1109</ele><time>2023-08-22T14:35:07Z</time></trkpt>
    <trkpt lat="47.33830" lon="12.08620"><ele>1103</ele><time>2023-08-22T14:35:26Z</time></trkpt>
    <trkpt lat="47.33973" lon="12.08734"><ele>1096</ele><time>2023-08-22T14:35:45Z</time></trkpt>
    <trkpt lat="47.34073" lon="12.08880"><ele>1085</ele><time>2023-08-22T14:36:03Z</time></trkpt>
    <trkpt lat="47.34226" lon="12.08939"><ele>1075</ele><time>2023-08-22T14:36:22Z</time></trkpt>
    <trkpt lat="47.34310" lon="12.09098"><ele>1079</ele><time>2023-08-22T14:36:40Z</time></trkpt>
    <trkpt lat="47.34448" lon="12.09185"><ele>1147</ele><time>2023-08-22T14:36:59Z</time></trkpt>
    <trkpt lat="47.34589" lon="12.09353"><ele>1048</ele><time>2023-08-22T14:37:17Z</time></trkpt>
    <trkpt lat="47.34760" lon="12.09485"><ele>1035</ele><time>2023-08-22T14:37:36Z</time></trkpt>
    <trkpt lat="47.34842" lon="12.09658"><ele>1028</ele><time>2023-08-22T14:37:54Z</time></trkpt>
    <trkpt lat="47.34968" lon="12.09818"><ele>1017</ele><time>2023-08-22T14:38:13Z</time></trkpt>
    <trkpt lat="47.35060" lon="12.10012"><ele>1016</ele><time>2023-08-22T14:38:32Z</time></trkpt>
    <trkpt lat="47.35162" lon="12.10151"><ele>1034</ele><time>2023-08-22T14:38:50Z</time></trkpt>
    <trkpt lat="47.35264" lon="12.10288"><ele>1001</ele><time>2023-08-22T14:39:09Z</time></trkpt>
    <trkpt lat="47.35322" lon="12.10385"><ele>1004</ele><time>2023-08-22T14:39:27Z</time></trkpt>
    <trkpt lat="47.35380" lon="12.10562"><ele>997</ele><time>2023-08-22T14:39:45Z</time></trkpt>
    <trkpt lat="47.35462" lon="12.10742"><ele>986</ele><time>2023-08-22T14:40:03Z</time></trkpt>
    <trkpt lat="47.35534" lon="12.10889"><ele>984</ele><time>2023-08-22T14:40:22Z</time></trkpt>
    <trkpt lat="47.35648" lon="12.10959"><ele>976</ele><time>2023-08-22T14:40:41Z</time></trkpt>
    <trkpt lat="47.35759" lon="12.11017"><ele>974</ele><time>2023-08-22T14:41:00Z</time></trkpt>
    <trkpt lat="47.35907" lon="12.11151"><ele>966</ele><time>2023-08-22T14:41:19Z</time></trkpt>
    <trkpt lat="47.36030" lon="12.11362"><ele>956</ele><time>2023-08-22T14:41:37Z</time></trkpt>
    <trkpt lat="47.36168" lon="12.11556"><ele>940</ele><time>2023-08-22T14:41:56Z</time></trkpt>
    <trkpt lat="47.36231" lon="12.11772"><ele>929</ele><time>2023-08-22T14:42:15Z</time></trkpt>
    <trkpt lat="47.36311" lon="12.11935"><ele>921</ele><time>2023-08-22T14:42:33Z</time></trkpt>
    <trkpt lat="47.36392" lon="12.12094"><ele>915</ele><time>2023-08-22T14:42:52Z</time></trkpt>
    <trkpt lat="47.36517" lon="12.12269"><ele>897</ele><time>2023-08-22T14:43:11Z</time></trkpt>
    <trkpt lat="47.36598" lon="12.12527"><ele>888</ele><time>2023-08-22T14:43:29Z</time></trkpt>
    <trkpt lat="47.36729" lon="12.12714"><ele>875</ele><time>2023-08-22T14:43:48Z</time></trkpt>
    <trkpt lat="47.36911" lon="12.12846"><ele>865</ele><time>2023-08-22T14:44:07Z</time></trkpt>
    <trkpt lat="47.37039" lon="12.12970"><ele>858</ele><time>2023-08-22T14:44:25Z</time></trkpt>
    <trkpt lat="47.37173" lon="12.13005"><ele>853</ele><time>2023-08-22T14:44:43Z</time></trkpt>
    <trkpt lat="47.37272" lon="12.13027"><ele>852</ele><time>2023-08-22T14:45:01Z</time></trkpt>
    <trkpt lat="47.37401" lon="12.13067"><ele>843</ele><time>2023-08-22T14:45:20Z</time></trkpt>
    <trkpt lat="47.37535" lon="12.13093"><ele>837</ele><time>2023-08-22T14:45:38Z</time></trkpt>
    <trkpt lat="47.37655" lon="12.13090"><ele>832</ele><time>2023-08-22T14:45:57Z</time></trkpt>
    <trkpt lat="47.37791" lon="12.13113"><ele>829</ele><time>2023-08-22T14:46:15Z</time></trkpt>
    <trkpt lat="47.37921" lon="12.13139"><ele>829</ele><time>2023-08-22T14:46:34Z</time></trkpt>
    <trkpt lat="47.38046" lon="12.13171"><ele>828</ele><time>2023-08-22T14:46:52Z</time></trkpt>
    <trkpt lat="47.38177" lon="12.13182"><ele>826</ele><time>2023-08-22T14:47:10Z</time></trkpt>
    <trkpt lat="47.38276" lon="12.13175"><ele>832</ele><time>2023-08-22T14:47:29Z</time></trkpt>
    <trkpt lat="47.38339" lon="12.13255"><ele>825</ele><time>2023-08-22T14:47:48Z</time></trkpt>
    <trkpt lat="47.38386" lon="12.13313"><ele>833</ele><time>2023-08-22T14:48:07Z</time></trkpt>
    <trkpt lat="47.38436" lon="12.13332"><ele>836</ele><time>2023-08-22T14:48:25Z</time></trkpt>
    <trkpt lat="47.38486" lon="12.13345"><ele>835</ele><time>2023-08-22T14:48:44Z</time></trkpt>
    <trkpt lat="47.38506" lon="12.13358"><ele>838</ele><time>2023-08-22T14:49:03Z</time></trkpt>
    <trkpt lat="47.38552" lon="12.13370"><ele>836</ele><time>2023-08-22T14:49:21Z</time></trkpt>
    <trkpt lat="47.38629" lon="12.13342"><ele>831</ele><time>2023-08-22T14:49:40Z</time></trkpt>
    <trkpt lat="47.38781" lon="12.13387"><ele>822</ele><time>2023-08-22T14:49:58Z</time></trkpt>
    <trkpt lat="47.39008" lon="12.13417"><ele>807</ele><time>2023-08-22T14:50:17Z</time></trkpt>
    <trkpt lat="47.39222" lon="12.13525"><ele>801</ele><time>2023-08-22T14:50:36Z</time></trkpt>
    <trkpt lat="47.39377" lon="12.13454"><ele>792</ele><time>2023-08-22T14:50:55Z</time></trkpt>
    <trkpt lat="47.39511" lon="12.13511"><ele>784</ele><time>2023-08-22T14:51:13Z</time></trkpt>
    <trkpt lat="47.39664" lon="12.13569"><ele>775</ele><time>2023-08-22T14:51:32Z</time></trkpt>
    <trkpt lat="47.39772" lon="12.13413"><ele>765</ele><time>2023-08-22T14:51:51Z</time></trkpt>
    <trkpt lat="47.39879" lon="12.13568"><ele>762</ele><time>2023-08-22T14:52:10Z</time></trkpt>
    <trkpt lat="47.40040" lon="12.13573"><ele>752</ele><time>2023-08-22T14:52:29Z</time></trkpt>
    <trkpt lat="47.40143" lon="12.13752"><ele>748</ele><time>2023-08-22T14:52:48Z</time></trkpt>
    <trkpt lat="47.40260" lon="12.13838"><ele>756</ele><time>2023-08-22T14:53:07Z</time></trkpt>
    <trkpt lat="47.40359" lon="12.13763"><ele>746</ele><time>2023-08-22T14:53:25Z</time></trkpt>
    <trkpt lat="47.40437" lon="12.13572"><ele>736</ele><time>2023-08-22T14:53:43Z</time></trkpt>
    <trkpt lat="47.40570" lon="12.13489"><ele>726</ele><time>2023-08-22T14:54:02Z</time></trkpt>
    <trkpt lat="47.40712" lon="12.13492"><ele>722</ele><time>2023-08-22T14:54:20Z</time></trkpt>
    <trkpt lat="47.40874" lon="12.13502"><ele>713</ele><time>2023-08-22T14:54:39Z</time></trkpt>
    <trkpt lat="47.41006" lon="12.13503"><ele>710</ele><time>2023-08-22T14:54:58Z</time></trkpt>
    <trkpt lat="47.41151" lon="12.13415"><ele>704</ele><time>2023-08-22T14:55:17Z</time></trkpt>
    <trkpt lat="47.41274" lon="12.13525"><ele>703</ele><time>2023-08-22T14:55:36Z</time></trkpt>
    <trkpt lat="47.41393" lon="12.13503"><ele>704</ele><time>2023-08-22T14:55:55Z</time></trkpt>
    <trkpt lat="47.41522" lon="12.13373"><ele>695</ele><time>2023-08-22T14:56:13Z</time></trkpt>
    <trkpt lat="47.41675" lon="12.13377"><ele>689</ele><time>2023-08-22T14:56:32Z</time></trkpt>
    <trkpt lat="47.41719" lon="12.13549"><ele>676</ele><time>2023-08-22T14:56:50Z</time></trkpt>
    <trkpt lat="47.41816" lon="12.13685"><ele>683</ele><time>2023-08-22T14:57:09Z</time></trkpt>
    <trkpt lat="47.41864" lon="12.13855"><ele>676</ele><time>2023-08-22T14:57:27Z</time></trkpt>
    <trkpt lat="47.41968" lon="12.13958"><ele>681</ele><time>2023-08-22T14:57:45Z</time></trkpt>
    <trkpt lat="47.42093" lon="12.14039"><ele>689</ele><time>2023-08-22T14:58:04Z</time></trkpt>
    <trkpt lat="47.42206" lon="12.14131"><ele>683</ele><time>2023-08-22T14:58:22Z</time></trkpt>
    <trkpt lat="47.42308" lon="12.14220"><ele>670</ele><time>2023-08-22T14:58:40Z</time></trkpt>
    <trkpt lat="47.42361" lon="12.14393"><ele>669</ele><time>2023-08-22T14:58:58Z</time></trkpt>
    <trkpt lat="47.42490" lon="12.14391"><ele>671</ele><time>2023-08-22T14:59:17Z</time></trkpt>
    <trkpt lat="47.42612" lon="12.14438"><ele>667</ele><time>2023-08-22T14:59:35Z</time></trkpt>
    <trkpt lat="47.42741" lon="12.14476"><ele>665</ele><time>2023-08-22T14:59:54Z</time></trkpt>
    <trkpt lat="47.42845" lon="12.14586"><ele>665</ele><time>2023-08-22T15:00:12Z</time></trkpt>
    <trkpt lat="47.42918" lon="12.14757"><ele>661</ele><time>2023-08-22T15:00:31Z</time></trkpt>
    <trkpt lat="47.42927" lon="12.14968"><ele>641</ele><time>2023-08-22T15:00:50Z</time></trkpt>
    <trkpt lat="47.42985" lon="12.15126"><ele>647</ele><time>2023-08-22T15:01:08Z</time></trkpt>
    <trkpt lat="47.43104" lon="12.15207"><ele>638</ele><time>2023-08-22T15:01:26Z</time></trkpt>
    <trkpt lat="47.43202" lon="12.15346"><ele>633</ele><time>2023-08-22T15:01:45Z</time></trkpt>
    <trkpt lat="47.43306" lon="12.15371"><ele>636</ele><time>2023-08-22T15:02:04Z</time></trkpt>
    <trkpt lat="47.43404" lon="12.15368"><ele>648</ele><time>2023-08-22T15:02:22Z</time></trkpt>
    <trkpt lat="47.43446" lon="12.15503"><ele>635</ele><time>2023-08-22T15:02:40Z</time></trkpt>
    <trkpt lat="47.43514" lon="12.15658"><ele>634</ele><time>2023-08-22T15:02:59Z</time></trkpt>
    <trkpt lat="47.43629" lon="12.15682"><ele>632</ele><time>2023-08-22T15:03:17Z</time></trkpt>
    <trkpt lat="47.43754" lon="12.15698"><ele>626</ele><time>2023-08-22T15:03:36Z</time></trkpt>
    <trkpt lat="47.43833" lon="12.15829"><ele>624</ele><time>2023-08-22T15:03:54Z</time></trkpt>
    <trkpt lat="47.43930" lon="12.15872"><ele>624</ele><time>2023-08-22T15:04:12Z</time></trkpt>
    <trkpt lat="47.43959" lon="12.15952"><ele>625</ele><time>2023-08-22T15:04:31Z</time></trkpt>
    <trkpt lat="47.44048" lon="12.16026"><ele>625</ele><time>2023-08-22T15:04:50Z</time></trkpt>
    <trkpt lat="47.44129" lon="12.16133"><ele>625</ele><time>2023-08-22T15:05:09Z</time></trkpt>
    <trkpt lat="47.44155" lon="12.16247"><ele>621</ele><time>2023-08-22T15:05:28Z</time></trkpt>
    <trkpt lat="47.44164" lon="12.16242"><ele>619</ele><time>2023-08-22T15:06:28Z</time></trkpt>
    <trkpt lat="47.44247" lon="12.16151"><ele>636</ele><time>2023-08-22T15:06:46Z</time></trkpt>
    <trkpt lat="47.44354" lon="12.16065"><ele>616</ele><time>2023-08-22T15:07:05Z</time></trkpt>
    <trkpt lat="47.44463" lon="12.16039"><ele>612</ele><time>2023-08-22T15:07:23Z</time></trkpt>
    <trkpt lat="47.44565" lon="12.15985"><ele>618</ele><time>2023-08-22T15:07:42Z</time></trkpt>
    <trkpt lat="47.44592" lon="12.15949"><ele>606</ele><time>2023-08-22T15:08:00Z</time></trkpt>
    <trkpt lat="47.44660" lon="12.15892"><ele>626</ele><time>2023-08-22T15:08:19Z</time></trkpt>
    <trkpt lat="47.44681" lon="12.15936"><ele>590</ele><time>2023-08-22T15:08:39Z</time></trkpt>
    <trkpt lat="47.44686" lon="12.15904"><ele>621</ele><time>2023-08-22T15:08:41Z</time></trkpt>
    <trkpt lat="47.44702" lon="12.15900"><ele>605</ele><time>2023-08-22T15:09:06Z</time></trkpt>
    <trkpt lat="47.44708" lon="12.15887"><ele>608</ele><time>2023-08-22T15:09:37Z</time></trkpt>
    <trkpt lat="47.44771" lon="12.15869"><ele>612</ele><time>2023-08-22T15:09:55Z</time></trkpt>
    <trkpt lat="47.44826" lon="12.15812"><ele>612</ele><time>2023-08-22T15:10:13Z</time></trkpt>
    <trkpt lat="47.44882" lon="12.15765"><ele>614</ele><time>2023-08-22T15:10:32Z</time></trkpt>
    <trkpt lat="47.44923" lon="12.15708"><ele>617</ele><time>2023-08-22T15:10:50Z</time></trkpt>
    <trkpt lat="47.44997" lon="12.15614"><ele>598</ele><time>2023-08-22T15:11:09Z</time></trkpt>
    <trkpt lat="47.45013" lon="12.15582"><ele>608</ele><time>2023-08-22T15:11:27Z</time></trkpt>
    <trkpt lat="47.45066" lon="12.15474"><ele>604</ele><time>2023-08-22T15:11:46Z</time></trkpt>
    <trkpt lat="47.45143" lon="12.15363"><ele>593</ele><time>2023-08-22T15:12:05Z</time></trkpt>
    <trkpt lat="47.45205" lon="12.15325"><ele>595</ele><time>2023-08-22T15:12:24Z</time></trkpt>
    <trkpt lat="47.45219" lon="12.15321"><ele>604</ele><time>2023-08-22T15:17:11Z</time></trkpt>
    <trkpt lat="47.45232" lon="12.15334"><ele>612</ele><time>2023-08-22T15:17:29Z</time></trkpt>
    <trkpt lat="47.45220" lon="12.15312"><ele>605</ele><time>2023-08-22T15:19:09Z</time></trkpt>
    <trkpt lat="47.45209" lon="12.15319"><ele>600</ele><time>2023-08-22T15:22:21Z</time></trkpt>
    <trkpt lat="47.45213" lon="12.15279"><ele>606</ele><time>2023-08-22T15:23:37Z</time></trkpt>
    <trkpt lat="47.45304" lon="12.15202"><ele>598</ele><time>2023-08-22T15:23:55Z</time></trkpt>
    <trkpt lat="47.45397" lon="12.15134"><ele>597</ele><time>2023-08-22T15:24:14Z</time></trkpt>
    <trkpt lat="47.45484" lon="12.15050"><ele>593</ele><time>2023-08-22T15:24:32Z</time></trkpt>
    <trkpt lat="47.45562" lon="12.14977"><ele>591</ele><time>2023-08-22T15:24:50Z</time></trkpt>
    <trkpt lat="47.45636" lon="12.14915"><ele>593</ele><time>2023-08-22T15:25:09Z</time></trkpt>
    <trkpt lat="47.45701" lon="12.14874"><ele>591</ele><time>2023-08-22T15:25:27Z</time></trkpt>
    <trkpt lat="47.45757" lon="12.14802"><ele>590</ele><time>2023-08-22T15:25:45Z</time></trkpt>
    <trkpt lat="47.45830" lon="12.14693"><ele>586</ele><time>2023-08-22T15:26:04Z</time></trkpt>
    <trkpt lat="47.45839" lon="12.14587"><ele>584</ele><time>2023-08-22T15:26:23Z</time></trkpt>
    <trkpt lat="47.45900" lon="12.14502"><ele>583</ele><time>2023-08-22T15:26:41Z</time></trkpt>
    <trkpt lat="47.45967" lon="12.14418"><ele>584</ele><time>2023-08-22T15:26:59Z</time></trkpt>
    <trkpt lat="47.46051" lon="12.14261"><ele>578</ele><time>2023-08-22T15:27:18Z</time></trkpt>
    <trkpt lat="47.46137" lon="12.14133"><ele>759</ele><time>2023-08-22T15:27:37Z</time></trkpt>
    <trkpt lat="47.46242" lon="12.14049"><ele>603</ele><time>2023-08-22T15:27:56Z</time></trkpt>
    <trkpt lat="47.46330" lon="12.13962"><ele>665</ele><time>2023-08-22T15:28:14Z</time></trkpt>
    <trkpt lat="47.46410" lon="12.13858"><ele>588</ele><time>2023-08-22T15:28:33Z</time></trkpt>
    <trkpt lat="47.46510" lon="12.13899"><ele>583</ele><time>2023-08-22T15:28:51Z</time></trkpt>
    <trkpt lat="47.46600" lon="12.13922"><ele>582</ele><time>2023-08-22T15:29:09Z</time></trkpt>
    <trkpt lat="47.46619" lon="12.13924"><ele>583</ele><time>2023-08-22T15:29:27Z</time></trkpt>
    <trkpt lat="47.46676" lon="12.13984"><ele>577</ele><time>2023-08-22T15:29:46Z</time></trkpt>
    <trkpt lat="47.46668" lon="12.13954"><ele>580</ele><time>2023-08-22T15:30:04Z</time></trkpt>
    <trkpt lat="47.46707" lon="12.13987"><ele>579</ele><time>2023-08-22T15:30:44Z</time></trkpt>
    <trkpt lat="47.46756" lon="12.13978"><ele>580</ele><time>2023-08-22T15:31:02Z</time></trkpt>
    <trkpt lat="47.46801" lon="12.13990"><ele>586</ele><time>2023-08-22T15:31:21Z</time></trkpt>
    <trkpt lat="47.46825" lon="12.14012"><ele>586</ele><time>2023-08-22T15:31:40Z</time></trkpt>
    <trkpt lat="47.46805" lon="12.14087"><ele>593</ele><time>2023-08-22T15:31:58Z</time></trkpt>
    <trkpt lat="47.46795" lon="12.14122"><ele>592</ele><time>2023-08-22T15:32:17Z</time></trkpt>
  </trkseg>
</trk>
</gpx>