<?xml version="1.0" encoding="UTF-8"?>
<gpx version="1.1" creator="GPX-Pro" xmlns="http://www.topografix.com/GPX/1/1">
<trk>
  <name>Hike_Wurzeralm-Tauplitz</name>
  <trkseg>
    <trkpt lat="47.64625" lon="14.28628"><ele>1415</ele><time>2026-07-29T07:15:58Z</time></trkpt>
    <trkpt lat="47.64631" lon="14.28588"><ele>1403</ele><time>2026-07-29T07:16:28Z</time></trkpt>
    <trkpt lat="47.64634" lon="14.28532"><ele>1407</ele><time>2026-07-29T07:16:57Z</time></trkpt>
    <trkpt lat="47.64638" lon="14.28479"><ele>1406</ele><time>2026-07-29T07:17:26Z</time></trkpt>
    <trkpt lat="47.64630" lon="14.28431"><ele>1407</ele><time>2026-07-29T07:17:55Z</time></trkpt>
    <trkpt lat="47.64627" lon="14.28382"><ele>1410</ele><time>2026-07-29T07:18:24Z</time></trkpt>
    <trkpt lat="47.64618" lon="14.28326"><ele>1409</ele><time>2026-07-29T07:18:53Z</time></trkpt>
    <trkpt lat="47.64605" lon="14.28268"><ele>1409</ele><time>2026-07-29T07:19:22Z</time></trkpt>
    <trkpt lat="47.64606" lon="14.28213"><ele>1404</ele><time>2026-07-29T07:19:51Z</time></trkpt>
    <trkpt lat="47.64603" lon="14.28155"><ele>1400</ele><time>2026-07-29T07:20:21Z</time></trkpt>
    <trkpt lat="47.64632" lon="14.28120"><ele>1399</ele><time>2026-07-29T07:20:50Z</time></trkpt>
    <trkpt lat="47.64656" lon="14.28082"><ele>1394</ele><time>2026-07-29T07:21:19Z</time></trkpt>
    <trkpt lat="47.64682" lon="14.28064"><ele>1392</ele><time>2026-07-29T07:21:49Z</time></trkpt>
    <trkpt lat="47.64674" lon="14.28005"><ele>1387</ele><time>2026-07-29T07:22:18Z</time></trkpt>
    <trkpt lat="47.64684" lon="14.27956"><ele>1390</ele><time>2026-07-29T07:22:47Z</time></trkpt>
    <trkpt lat="47.64678" lon="14.27903"><ele>1394</ele><time>2026-07-29T07:23:17Z</time></trkpt>
    <trkpt lat="47.64675" lon="14.27853"><ele>1393</ele><time>2026-07-29T07:23:46Z</time></trkpt>
    <trkpt lat="47.64666" lon="14.27801"><ele>1392</ele><time>2026-07-29T07:24:15Z</time></trkpt>
    <trkpt lat="47.64668" lon="14.27743"><ele>1390</ele><time>2026-07-29T07:24:45Z</time></trkpt>
    <trkpt lat="47.64688" lon="14.27705"><ele>1391</ele><time>2026-07-29T07:25:14Z</time></trkpt>
    <trkpt lat="47.64698" lon="14.27663"><ele>1392</ele><time>2026-07-29T07:25:43Z</time></trkpt>
    <trkpt lat="47.64692" lon="14.27611"><ele>1393</ele><time>2026-07-29T07:26:13Z</time></trkpt>
    <trkpt lat="47.64690" lon="14.27565"><ele>1395</ele><time>2026-07-29T07:26:42Z</time></trkpt>
    <trkpt lat="47.64690" lon="14.27537"><ele>1399</ele><time>2026-07-29T07:27:11Z</time></trkpt>
    <trkpt lat="47.64682" lon="14.27502"><ele>1401</ele><time>2026-07-29T07:27:41Z</time></trkpt>
    <trkpt lat="47.64687" lon="14.27451"><ele>1398</ele><time>2026-07-29T07:28:39Z</time></trkpt>
    <trkpt lat="47.64693" lon="14.27386"><ele>1401</ele><time>2026-07-29T07:29:09Z</time></trkpt>
    <trkpt lat="47.64697" lon="14.27330"><ele>1403</ele><time>2026-07-29T07:29:38Z</time></trkpt>
    <trkpt lat="47.64700" lon="14.27263"><ele>1402</ele><time>2026-07-29T07:30:07Z</time></trkpt>
    <trkpt lat="47.64705" lon="14.27191"><ele>1401</ele><time>2026-07-29T07:30:37Z</time></trkpt>
    <trkpt lat="47.64705" lon="14.27123"><ele>1400</ele><time>2026-07-29T07:31:06Z</time></trkpt>
    <trkpt lat="47.64712" lon="14.27076"><ele>1403</ele><time>2026-07-29T07:31:35Z</time></trkpt>
    <trkpt lat="47.64713" lon="14.27012"><ele>1408</ele><time>2026-07-29T07:32:05Z</time></trkpt>
    <trkpt lat="47.64720" lon="14.26952"><ele>1416</ele><time>2026-07-29T07:32:34Z</time></trkpt>
    <trkpt lat="47.64725" lon="14.26892"><ele>1426</ele><time>2026-07-29T07:33:03Z</time></trkpt>
    <trkpt lat="47.64728" lon="14.26838"><ele>1446</ele><time>2026-07-29T07:33:33Z</time></trkpt>
    <trkpt lat="47.64735" lon="14.26788"><ele>1470</ele><time>2026-07-29T07:34:02Z</time></trkpt>
    <trkpt lat="47.64736" lon="14.26744"><ele>1492</ele><time>2026-07-29T07:34:31Z</time></trkpt>
    <trkpt lat="47.64738" lon="14.26694"><ele>1518</ele><time>2026-07-29T07:35:01Z</time></trkpt>
    <trkpt lat="47.64745" lon="14.26638"><ele>1536</ele><time>2026-07-29T07:35:30Z</time></trkpt>
    <trkpt lat="47.64746" lon="14.26578"><ele>1557</ele><time>2026-07-29T07:35:59Z</time></trkpt>
    <trkpt lat="47.64750" lon="14.26514"><ele>1584</ele><time>2026-07-29T07:36:29Z</time></trkpt>
    <trkpt lat="47.64751" lon="14.26449"><ele>1609</ele><time>2026-07-29T07:36:58Z</time></trkpt>
    <trkpt lat="47.64754" lon="14.26382"><ele>1630</ele><time>2026-07-29T07:37:27Z</time></trkpt>
    <trkpt lat="47.64756" lon="14.26311"><ele>1651</ele><time>2026-07-29T07:37:57Z</time></trkpt>
    <trkpt lat="47.64759" lon="14.26242"><ele>1672</ele><time>2026-07-29T07:38:26Z</time></trkpt>
    <trkpt lat="47.64764" lon="14.26173"><ele>1688</ele><time>2026-07-29T07:38:55Z</time></trkpt>
    <trkpt lat="47.64766" lon="14.26105"><ele>1702</ele><time>2026-07-29T07:39:25Z</time></trkpt>
    <trkpt lat="47.64770" lon="14.26034"><ele>1714</ele><time>2026-07-29T07:39:54Z</time></trkpt>
    <trkpt lat="47.64775" lon="14.25970"><ele>1726</ele><time>2026-07-29T07:40:23Z</time></trkpt>
    <trkpt lat="47.64779" lon="14.25901"><ele>1741</ele><time>2026-07-29T07:40:53Z</time></trkpt>
    <trkpt lat="47.64782" lon="14.25849"><ele>1753</ele><time>2026-07-29T07:41:22Z</time></trkpt>
    <trkpt lat="47.64784" lon="14.25780"><ele>1763</ele><time>2026-07-29T07:41:51Z</time></trkpt>
    <trkpt lat="47.64785" lon="14.25731"><ele>1774</ele><time>2026-07-29T07:42:21Z</time></trkpt>
    <trkpt lat="47.64789" lon="14.25678"><ele>1782</ele><time>2026-07-29T07:42:50Z</time></trkpt>
    <trkpt lat="47.64794" lon="14.25625"><ele>1790</ele><time>2026-07-29T07:43:19Z</time></trkpt>
    <trkpt lat="47.64796" lon="14.25570"><ele>1801</ele><time>2026-07-29T07:43:49Z</time></trkpt>
    <trkpt lat="47.64799" lon="14.25502"><ele>1816</ele><time>2026-07-29T07:44:18Z</time></trkpt>
    <trkpt lat="47.64802" lon="14.25436"><ele>1835</ele><time>2026-07-29T07:44:47Z</time></trkpt>
    <trkpt lat="47.64801" lon="14.25377"><ele>1853</ele><time>2026-07-29T07:45:17Z</time></trkpt>
    <trkpt lat="47.64797" lon="14.25354"><ele>1861</ele><time>2026-07-29T07:45:46Z</time></trkpt>
    <trkpt lat="47.64784" lon="14.25354"><ele>1860</ele><time>2026-07-29T07:46:45Z</time></trkpt>
    <trkpt lat="47.64774" lon="14.25352"><ele>1861</ele><time>2026-07-29T07:47:43Z</time></trkpt>
    <trkpt lat="47.64758" lon="14.25345"><ele>1858</ele><time>2026-07-29T07:48:42Z</time></trkpt>
    <trkpt lat="47.64743" lon="14.25338"><ele>1854</ele><time>2026-07-29T07:49:11Z</time></trkpt>
    <trkpt lat="47.64731" lon="14.25340"><ele>1851</ele><time>2026-07-29T07:49:41Z</time></trkpt>
    <trkpt lat="47.64716" lon="14.25320"><ele>1846</ele><time>2026-07-29T07:51:09Z</time></trkpt>
    <trkpt lat="47.64704" lon="14.25302"><ele>1845</ele><time>2026-07-29T07:51:38Z</time></trkpt>
    <trkpt lat="47.64698" lon="14.25333"><ele>1841</ele><time>2026-07-29T07:52:07Z</time></trkpt>
    <trkpt lat="47.64707" lon="14.25359"><ele>1836</ele><time>2026-07-29T07:52:37Z</time></trkpt>
    <trkpt lat="47.64714" lon="14.25387"><ele>1831</ele><time>2026-07-29T07:53:06Z</time></trkpt>
    <trkpt lat="47.64716" lon="14.25415"><ele>1825</ele><time>2026-07-29T07:53:35Z</time></trkpt>
    <trkpt lat="47.64712" lon="14.25434"><ele>1818</ele><time>2026-07-29T07:54:05Z</time></trkpt>
    <trkpt lat="47.64717" lon="14.25461"><ele>1810</ele><time>2026-07-29T07:54:34Z</time></trkpt>
    <trkpt lat="47.64718" lon="14.25496"><ele>1805</ele><time>2026-07-29T07:55:03Z</time></trkpt>
    <trkpt lat="47.64722" lon="14.25530"><ele>1798</ele><time>2026-07-29T07:55:33Z</time></trkpt>
    <trkpt lat="47.64726" lon="14.25572"><ele>1793</ele><time>2026-07-29T07:56:02Z</time></trkpt>
    <trkpt lat="47.64729" lon="14.25619"><ele>1788</ele><time>2026-07-29T07:56:31Z</time></trkpt>
    <trkpt lat="47.64726" lon="14.25660"><ele>1780</ele><time>2026-07-29T07:57:01Z</time></trkpt>
    <trkpt lat="47.64718" lon="14.25704"><ele>1776</ele><time>2026-07-29T07:57:30Z</time></trkpt>
    <trkpt lat="47.64708" lon="14.25741"><ele>1772</ele><time>2026-07-29T07:57:59Z</time></trkpt>
    <trkpt lat="47.64687" lon="14.25782"><ele>1765</ele><time>2026-07-29T07:58:29Z</time></trkpt>
    <trkpt lat="47.64659" lon="14.25815"><ele>1760</ele><time>2026-07-29T07:58:58Z</time></trkpt>
    <trkpt lat="47.64627" lon="14.25848"><ele>1756</ele><time>2026-07-29T07:59:27Z</time></trkpt>
    <trkpt lat="47.64596" lon="14.25880"><ele>1754</ele><time>2026-07-29T07:59:57Z</time></trkpt>
    <trkpt lat="47.64565" lon="14.25908"><ele>1750</ele><time>2026-07-29T08:00:26Z</time></trkpt>
    <trkpt lat="47.64536" lon="14.25935"><ele>1746</ele><time>2026-07-29T08:00:55Z</time></trkpt>
    <trkpt lat="47.64512" lon="14.25963"><ele>1741</ele><time>2026-07-29T08:01:25Z</time></trkpt>
    <trkpt lat="47.64486" lon="14.25987"><ele>1736</ele><time>2026-07-29T08:01:54Z</time></trkpt>
    <trkpt lat="47.64459" lon="14.26013"><ele>1732</ele><time>2026-07-29T08:02:23Z</time></trkpt>
    <trkpt lat="47.64444" lon="14.26009"><ele>1729</ele><time>2026-07-29T08:02:53Z</time></trkpt>
    <trkpt lat="47.64429" lon="14.26021"><ele>1725</ele><time>2026-07-29T08:03:22Z</time></trkpt>
    <trkpt lat="47.64420" lon="14.26011"><ele>1724</ele><time>2026-07-29T08:03:51Z</time></trkpt>
    <trkpt lat="47.64412" lon="14.25995"><ele>1722</ele><time>2026-07-29T08:04:21Z</time></trkpt>
    <trkpt lat="47.64412" lon="14.25982"><ele>1723</ele><time>2026-07-29T08:05:19Z</time></trkpt>
    <trkpt lat="47.64412" lon="14.25948"><ele>1725</ele><time>2026-07-29T08:06:47Z</time></trkpt>
    <trkpt lat="47.64413" lon="14.25925"><ele>1733</ele><time>2026-07-29T08:07:17Z</time></trkpt>
    <trkpt lat="47.64406" lon="14.25901"><ele>1735</ele><time>2026-07-29T08:07:46Z</time></trkpt>
    <trkpt lat="47.64408" lon="14.25915"><ele>1733</ele><time>2026-07-29T08:08:45Z</time></trkpt>
    <trkpt lat="47.64413" lon="14.25936"><ele>1730</ele><time>2026-07-29T08:09:14Z</time></trkpt>
    <trkpt lat="47.64414" lon="14.25949"><ele>1731</ele><time>2026-07-29T08:11:41Z</time></trkpt>
    <trkpt lat="47.64414" lon="14.25981"><ele>1727</ele><time>2026-07-29T08:12:10Z</time></trkpt>
    <trkpt lat="47.64409" lon="14.26016"><ele>1720</ele><time>2026-07-29T08:12:39Z</time></trkpt>
    <trkpt lat="47.64411" lon="14.26044"><ele>1713</ele><time>2026-07-29T08:13:09Z</time></trkpt>
    <trkpt lat="47.64418" lon="14.26063"><ele>1708</ele><time>2026-07-29T08:13:38Z</time></trkpt>
    <trkpt lat="47.64418" lon="14.26082"><ele>1699</ele><time>2026-07-29T08:14:37Z</time></trkpt>
    <trkpt lat="47.64418" lon="14.26115"><ele>1695</ele><time>2026-07-29T08:15:06Z</time></trkpt>
    <trkpt lat="47.64409" lon="14.26121"><ele>1690</ele><time>2026-07-29T08:15:35Z</time></trkpt>
    <trkpt lat="47.64401" lon="14.26162"><ele>1681</ele><time>2026-07-29T08:16:34Z</time></trkpt>
    <trkpt lat="47.64391" lon="14.26191"><ele>1673</ele><time>2026-07-29T08:17:03Z</time></trkpt>
    <trkpt lat="47.64389" lon="14.26222"><ele>1666</ele><time>2026-07-29T08:17:33Z</time></trkpt>
    <trkpt lat="47.64410" lon="14.26242"><ele>1664</ele><time>2026-07-29T08:18:02Z</time></trkpt>
    <trkpt lat="47.64417" lon="14.26279"><ele>1658</ele><time>2026-07-29T08:18:31Z</time></trkpt>
    <trkpt lat="47.64392" lon="14.26305"><ele>1652</ele><time>2026-07-29T08:19:01Z</time></trkpt>
    <trkpt lat="47.64362" lon="14.26328"><ele>1644</ele><time>2026-07-29T08:19:30Z</time></trkpt>
    <trkpt lat="47.64334" lon="14.26352"><ele>1637</ele><time>2026-07-29T08:19:59Z</time></trkpt>
    <trkpt lat="47.64305" lon="14.26372"><ele>1628</ele><time>2026-07-29T08:20:29Z</time></trkpt>
    <trkpt lat="47.64279" lon="14.26402"><ele>1622</ele><time>2026-07-29T08:20:58Z</time></trkpt>
    <trkpt lat="47.64252" lon="14.26424"><ele>1614</ele><time>2026-07-29T08:21:27Z</time></trkpt>
    <trkpt lat="47.64219" lon="14.26430"><ele>1609</ele><time>2026-07-29T08:21:57Z</time></trkpt>
    <trkpt lat="47.64203" lon="14.26427"><ele>1607</ele><time>2026-07-29T08:22:26Z</time></trkpt>
    <trkpt lat="47.64198" lon="14.26448"><ele>1598</ele><time>2026-07-29T08:23:25Z</time></trkpt>
    <trkpt lat="47.64186" lon="14.26455"><ele>1596</ele><time>2026-07-29T08:23:54Z</time></trkpt>
    <trkpt lat="47.64181" lon="14.26481"><ele>1592</ele><time>2026-07-29T08:24:53Z</time></trkpt>
    <trkpt lat="47.64188" lon="14.26495"><ele>1588</ele><time>2026-07-29T08:25:22Z</time></trkpt>
    <trkpt lat="47.64184" lon="14.26532"><ele>1585</ele><time>2026-07-29T08:26:50Z</time></trkpt>
    <trkpt lat="47.64174" lon="14.26555"><ele>1586</ele><time>2026-07-29T08:27:49Z</time></trkpt>
    <trkpt lat="47.64194" lon="14.26528"><ele>1581</ele><time>2026-07-29T08:30:15Z</time></trkpt>
    <trkpt lat="47.64207" lon="14.26517"><ele>1586</ele><time>2026-07-29T08:30:45Z</time></trkpt>
    <trkpt lat="47.64202" lon="14.26503"><ele>1589</ele><time>2026-07-29T08:31:43Z</time></trkpt>
    <trkpt lat="47.64199" lon="14.26477"><ele>1591</ele><time>2026-07-29T08:32:13Z</time></trkpt>
    <trkpt lat="47.64205" lon="14.26459"><ele>1595</ele><time>2026-07-29T08:32:42Z</time></trkpt>
    <trkpt lat="47.64206" lon="14.26420"><ele>1600</ele><time>2026-07-29T08:33:41Z</time></trkpt>
    <trkpt lat="47.64208" lon="14.26398"><ele>1605</ele><time>2026-07-29T08:34:10Z</time></trkpt>
    <trkpt lat="47.64207" lon="14.26379"><ele>1610</ele><time>2026-07-29T08:34:39Z</time></trkpt>
    <trkpt lat="47.64212" lon="14.26360"><ele>1616</ele><time>2026-07-29T08:35:09Z</time></trkpt>
    <trkpt lat="47.64215" lon="14.26343"><ele>1624</ele><time>2026-07-29T08:35:38Z</time></trkpt>
    <trkpt lat="47.64216" lon="14.26317"><ele>1625</ele><time>2026-07-29T08:36:07Z</time></trkpt>
    <trkpt lat="47.64201" lon="14.26302"><ele>1625</ele><time>2026-07-29T08:36:37Z</time></trkpt>
    <trkpt lat="47.64183" lon="14.26290"><ele>1631</ele><time>2026-07-29T08:37:35Z</time></trkpt>
    <trkpt lat="47.64174" lon="14.26270"><ele>1638</ele><time>2026-07-29T08:38:05Z</time></trkpt>
    <trkpt lat="47.64185" lon="14.26253"><ele>1642</ele><time>2026-07-29T08:38:34Z</time></trkpt>
    <trkpt lat="47.64188" lon="14.26229"><ele>1644</ele><time>2026-07-29T08:39:03Z</time></trkpt>
    <trkpt lat="47.64178" lon="14.26210"><ele>1649</ele><time>2026-07-29T08:39:33Z</time></trkpt>
    <trkpt lat="47.64166" lon="14.26194"><ele>1652</ele><time>2026-07-29T08:40:02Z</time></trkpt>
    <trkpt lat="47.64161" lon="14.26170"><ele>1658</ele><time>2026-07-29T08:40:31Z</time></trkpt>
    <trkpt lat="47.64153" lon="14.26149"><ele>1661</ele><time>2026-07-29T08:41:01Z</time></trkpt>
    <trkpt lat="47.64130" lon="14.26142"><ele>1658</ele><time>2026-07-29T08:41:30Z</time></trkpt>
    <trkpt lat="47.64119" lon="14.26132"><ele>1662</ele><time>2026-07-29T08:41:59Z</time></trkpt>
    <trkpt lat="47.64118" lon="14.26110"><ele>1665</ele><time>2026-07-29T08:42:29Z</time></trkpt>
    <trkpt lat="47.64118" lon="14.26075"><ele>1663</ele><time>2026-07-29T08:42:58Z</time></trkpt>
    <trkpt lat="47.64107" lon="14.26057"><ele>1663</ele><time>2026-07-29T08:43:27Z</time></trkpt>
    <trkpt lat="47.64080" lon="14.26040"><ele>1662</ele><time>2026-07-29T08:43:57Z</time></trkpt>
    <trkpt lat="47.64061" lon="14.26022"><ele>1661</ele><time>2026-07-29T08:44:26Z</time></trkpt>
    <trkpt lat="47.64057" lon="14.25997"><ele>1660</ele><time>2026-07-29T08:44:55Z</time></trkpt>
    <trkpt lat="47.64062" lon="14.25966"><ele>1661</ele><time>2026-07-29T08:45:25Z</time></trkpt>
    <trkpt lat="47.64062" lon="14.25942"><ele>1659</ele><time>2026-07-29T08:45:54Z</time></trkpt>
    <trkpt lat="47.64058" lon="14.25913"><ele>1657</ele><time>2026-07-29T08:46:23Z</time></trkpt>
    <trkpt lat="47.64049" lon="14.25896"><ele>1659</ele><time>2026-07-29T08:46:53Z</time></trkpt>
    <trkpt lat="47.64036" lon="14.25879"><ele>1662</ele><time>2026-07-29T08:47:22Z</time></trkpt>
    <trkpt lat="47.64045" lon="14.25859"><ele>1667</ele><time>2026-07-29T08:47:51Z</time></trkpt>
    <trkpt lat="47.64046" lon="14.25831"><ele>1671</ele><time>2026-07-29T08:48:21Z</time></trkpt>
    <trkpt lat="47.64048" lon="14.25804"><ele>1669</ele><time>2026-07-29T08:48:50Z</time></trkpt>
    <trkpt lat="47.64038" lon="14.25794"><ele>1670</ele><time>2026-07-29T08:49:19Z</time></trkpt>
    <trkpt lat="47.64032" lon="14.25767"><ele>1673</ele><time>2026-07-29T08:49:49Z</time></trkpt>
    <trkpt lat="47.64021" lon="14.25739"><ele>1675</ele><time>2026-07-29T08:50:18Z</time></trkpt>
    <trkpt lat="47.64007" lon="14.25718"><ele>1673</ele><time>2026-07-29T08:50:47Z</time></trkpt>
    <trkpt lat="47.64001" lon="14.25693"><ele>1672</ele><time>2026-07-29T08:51:46Z</time></trkpt>
    <trkpt lat="47.63994" lon="14.25668"><ele>1672</ele><time>2026-07-29T08:52:15Z</time></trkpt>
    <trkpt lat="47.63987" lon="14.25648"><ele>1674</ele><time>2026-07-29T08:52:45Z</time></trkpt>
    <trkpt lat="47.63978" lon="14.25621"><ele>1675</ele><time>2026-07-29T08:53:14Z</time></trkpt>
    <trkpt lat="47.63962" lon="14.25600"><ele>1674</ele><time>2026-07-29T08:53:43Z</time></trkpt>
    <trkpt lat="47.63948" lon="14.25575"><ele>1673</ele><time>2026-07-29T08:54:13Z</time></trkpt>
    <trkpt lat="47.63945" lon="14.25545"><ele>1672</ele><time>2026-07-29T08:54:42Z</time></trkpt>
    <trkpt lat="47.63954" lon="14.25514"><ele>1673</ele><time>2026-07-29T08:55:11Z</time></trkpt>
    <trkpt lat="47.63952" lon="14.25480"><ele>1671</ele><time>2026-07-29T08:55:41Z</time></trkpt>
    <trkpt lat="47.63941" lon="14.25450"><ele>1674</ele><time>2026-07-29T08:56:10Z</time></trkpt>
    <trkpt lat="47.63930" lon="14.25429"><ele>1676</ele><time>2026-07-29T08:56:39Z</time></trkpt>
    <trkpt lat="47.63917" lon="14.25408"><ele>1680</ele><time>2026-07-29T08:57:09Z</time></trkpt>
    <trkpt lat="47.63908" lon="14.25391"><ele>1682</ele><time>2026-07-29T08:57:38Z</time></trkpt>
    <trkpt lat="47.63898" lon="14.25363"><ele>1683</ele><time>2026-07-29T08:58:07Z</time></trkpt>
    <trkpt lat="47.63886" lon="14.25337"><ele>1685</ele><time>2026-07-29T08:58:37Z</time></trkpt>
    <trkpt lat="47.63884" lon="14.25314"><ele>1687</ele><time>2026-07-29T08:59:06Z</time></trkpt>
    <trkpt lat="47.63872" lon="14.25299"><ele>1685</ele><time>2026-07-29T08:59:35Z</time></trkpt>
    <trkpt lat="47.63855" lon="14.25282"><ele>1684</ele><time>2026-07-29T09:00:05Z</time></trkpt>
    <trkpt lat="47.63845" lon="14.25253"><ele>1684</ele><time>2026-07-29T09:00:34Z</time></trkpt>
    <trkpt lat="47.63838" lon="14.25231"><ele>1685</ele><time>2026-07-29T09:01:03Z</time></trkpt>
    <trkpt lat="47.63826" lon="14.25210"><ele>1686</ele><time>2026-07-29T09:01:33Z</time></trkpt>
    <trkpt lat="47.63829" lon="14.25192"><ele>1690</ele><time>2026-07-29T09:02:02Z</time></trkpt>
    <trkpt lat="47.63832" lon="14.25169"><ele>1692</ele><time>2026-07-29T09:02:31Z</time></trkpt>
    <trkpt lat="47.63845" lon="14.25150"><ele>1693</ele><time>2026-07-29T09:03:01Z</time></trkpt>
    <trkpt lat="47.63854" lon="14.25124"><ele>1697</ele><time>2026-07-29T09:03:30Z</time></trkpt>
    <trkpt lat="47.63856" lon="14.25094"><ele>1704</ele><time>2026-07-29T09:03:59Z</time></trkpt>
    <trkpt lat="47.63857" lon="14.25069"><ele>1709</ele><time>2026-07-29T09:04:29Z</time></trkpt>
    <trkpt lat="47.63858" lon="14.25043"><ele>1712</ele><time>2026-07-29T09:04:58Z</time></trkpt>
    <trkpt lat="47.63854" lon="14.25026"><ele>1715</ele><time>2026-07-29T09:05:27Z</time></trkpt>
    <trkpt lat="47.63857" lon="14.24999"><ele>1720</ele><time>2026-07-29T09:05:57Z</time></trkpt>
    <trkpt lat="47.63857" lon="14.24979"><ele>1722</ele><time>2026-07-29T09:06:26Z</time></trkpt>
    <trkpt lat="47.63858" lon="14.24948"><ele>1725</ele><time>2026-07-29T09:06:55Z</time></trkpt>
    <trkpt lat="47.63859" lon="14.24925"><ele>1728</ele><time>2026-07-29T09:07:24Z</time></trkpt>
    <trkpt lat="47.63851" lon="14.24900"><ele>1731</ele><time>2026-07-29T09:07:53Z</time></trkpt>
    <trkpt lat="47.63852" lon="14.24881"><ele>1733</ele><time>2026-07-29T09:08:22Z</time></trkpt>
    <trkpt lat="47.63847" lon="14.24862"><ele>1738</ele><time>2026-07-29T09:08:51Z</time></trkpt>
    <trkpt lat="47.63849" lon="14.24837"><ele>1742</ele><time>2026-07-29T09:09:21Z</time></trkpt>
    <trkpt lat="47.63837" lon="14.24821"><ele>1746</ele><time>2026-07-29T09:09:50Z</time></trkpt>
    <trkpt lat="47.63831" lon="14.24800"><ele>1749</ele><time>2026-07-29T09:10:19Z</time></trkpt>
    <trkpt lat="47.63820" lon="14.24771"><ele>1748</ele><time>2026-07-29T09:22:58Z</time></trkpt>
    <trkpt lat="47.63813" lon="14.24744"><ele>1751</ele><time>2026-07-29T09:23:28Z</time></trkpt>
    <trkpt lat="47.63812" lon="14.24711"><ele>1755</ele><time>2026-07-29T09:23:57Z</time></trkpt>
    <trkpt lat="47.63810" lon="14.24691"><ele>1756</ele><time>2026-07-29T09:24:26Z</time></trkpt>
    <trkpt lat="47.63789" lon="14.24660"><ele>1753</ele><time>2026-07-29T09:24:56Z</time></trkpt>
    <trkpt lat="47.63784" lon="14.24628"><ele>1755</ele><time>2026-07-29T09:25:25Z</time></trkpt>
    <trkpt lat="47.63780" lon="14.24596"><ele>1755</ele><time>2026-07-29T09:25:54Z</time></trkpt>
    <trkpt lat="47.63776" lon="14.24569"><ele>1756</ele><time>2026-07-29T09:26:24Z</time></trkpt>
    <trkpt lat="47.63762" lon="14.24551"><ele>1756</ele><time>2026-07-29T09:26:53Z</time></trkpt>
    <trkpt lat="47.63763" lon="14.24523"><ele>1759</ele><time>2026-07-29T09:27:22Z</time></trkpt>
    <trkpt lat="47.63769" lon="14.24505"><ele>1762</ele><time>2026-07-29T09:27:52Z</time></trkpt>
    <trkpt lat="47.63767" lon="14.24475"><ele>1765</ele><time>2026-07-29T09:28:21Z</time></trkpt>
    <trkpt lat="47.63754" lon="14.24452"><ele>1769</ele><time>2026-07-29T09:28:50Z</time></trkpt>
    <trkpt lat="47.63739" lon="14.24443"><ele>1767</ele><time>2026-07-29T09:29:20Z</time></trkpt>
    <trkpt lat="47.63728" lon="14.24434"><ele>1768</ele><time>2026-07-29T09:29:49Z</time></trkpt>
    <trkpt lat="47.63715" lon="14.24410"><ele>1767</ele><time>2026-07-29T09:30:18Z</time></trkpt>
    <trkpt lat="47.63701" lon="14.24391"><ele>1768</ele><time>2026-07-29T09:30:48Z</time></trkpt>
    <trkpt lat="47.63689" lon="14.24381"><ele>1770</ele><time>2026-07-29T09:31:17Z</time></trkpt>
    <trkpt lat="47.63671" lon="14.24370"><ele>1768</ele><time>2026-07-29T09:31:46Z</time></trkpt>
    <trkpt lat="47.63658" lon="14.24371"><ele>1769</ele><time>2026-07-29T09:32:16Z</time></trkpt>
    <trkpt lat="47.63646" lon="14.24340"><ele>1769</ele><time>2026-07-29T09:32:45Z</time></trkpt>
    <trkpt lat="47.63645" lon="14.24309"><ele>1769</ele><time>2026-07-29T09:33:14Z</time></trkpt>
    <trkpt lat="47.63630" lon="14.24287"><ele>1767</ele><time>2026-07-29T09:33:44Z</time></trkpt>
    <trkpt lat="47.63625" lon="14.24273"><ele>1772</ele><time>2026-07-29T09:34:13Z</time></trkpt>
    <trkpt lat="47.63616" lon="14.24243"><ele>1776</ele><time>2026-07-29T09:34:42Z</time></trkpt>
    <trkpt lat="47.63609" lon="14.24220"><ele>1777</ele><time>2026-07-29T09:35:12Z</time></trkpt>
    <trkpt lat="47.63604" lon="14.24190"><ele>1778</ele><time>2026-07-29T09:35:41Z</time></trkpt>
    <trkpt lat="47.63600" lon="14.24174"><ele>1782</ele><time>2026-07-29T09:36:10Z</time></trkpt>
    <trkpt lat="47.63591" lon="14.24155"><ele>1786</ele><time>2026-07-29T09:36:40Z</time></trkpt>
    <trkpt lat="47.63586" lon="14.24139"><ele>1790</ele><time>2026-07-29T09:37:09Z</time></trkpt>
    <trkpt lat="47.63581" lon="14.24120"><ele>1793</ele><time>2026-07-29T09:37:38Z</time></trkpt>
    <trkpt lat="47.63572" lon="14.24099"><ele>1797</ele><time>2026-07-29T09:38:08Z</time></trkpt>
    <trkpt lat="47.63562" lon="14.24073"><ele>1792</ele><time>2026-07-29T09:38:37Z</time></trkpt>
    <trkpt lat="47.63555" lon="14.24041"><ele>1789</ele><time>2026-07-29T09:39:36Z</time></trkpt>
    <trkpt lat="47.63553" lon="14.24028"><ele>1791</ele><time>2026-07-29T09:40:05Z</time></trkpt>
    <trkpt lat="47.63557" lon="14.24014"><ele>1795</ele><time>2026-07-29T09:41:04Z</time></trkpt>
    <trkpt lat="47.63547" lon="14.23995"><ele>1799</ele><time>2026-07-29T09:41:33Z</time></trkpt>
    <trkpt lat="47.63536" lon="14.23971"><ele>1798</ele><time>2026-07-29T09:42:02Z</time></trkpt>
    <trkpt lat="47.63530" lon="14.23946"><ele>1800</ele><time>2026-07-29T09:42:32Z</time></trkpt>
    <trkpt lat="47.63528" lon="14.23920"><ele>1802</ele><time>2026-07-29T09:43:01Z</time></trkpt>
    <trkpt lat="47.63519" lon="14.23901"><ele>1801</ele><time>2026-07-29T09:43:30Z</time></trkpt>
    <trkpt lat="47.63507" lon="14.23869"><ele>1803</ele><time>2026-07-29T09:44:00Z</time></trkpt>
    <trkpt lat="47.63498" lon="14.23844"><ele>1801</ele><time>2026-07-29T09:44:29Z</time></trkpt>
    <trkpt lat="47.63500" lon="14.23818"><ele>1800</ele><time>2026-07-29T09:44:58Z</time></trkpt>
    <trkpt lat="47.63499" lon="14.23797"><ele>1800</ele><time>2026-07-29T09:45:28Z</time></trkpt>
    <trkpt lat="47.63507" lon="14.23775"><ele>1805</ele><time>2026-07-29T09:45:57Z</time></trkpt>
    <trkpt lat="47.63507" lon="14.23762"><ele>1811</ele><time>2026-07-29T09:46:26Z</time></trkpt>
    <trkpt lat="47.63501" lon="14.23735"><ele>1810</ele><time>2026-07-29T09:46:56Z</time></trkpt>
    <trkpt lat="47.63501" lon="14.23708"><ele>1810</ele><time>2026-07-29T09:47:25Z</time></trkpt>
    <trkpt lat="47.63495" lon="14.23672"><ele>1813</ele><time>2026-07-29T09:47:54Z</time></trkpt>
    <trkpt lat="47.63496" lon="14.23649"><ele>1814</ele><time>2026-07-29T09:48:24Z</time></trkpt>
    <trkpt lat="47.63494" lon="14.23622"><ele>1814</ele><time>2026-07-29T09:48:53Z</time></trkpt>
    <trkpt lat="47.63484" lon="14.23602"><ele>1821</ele><time>2026-07-29T09:49:22Z</time></trkpt>
    <trkpt lat="47.63475" lon="14.23581"><ele>1822</ele><time>2026-07-29T09:49:52Z</time></trkpt>
    <trkpt lat="47.63472" lon="14.23558"><ele>1824</ele><time>2026-07-29T09:50:21Z</time></trkpt>
    <trkpt lat="47.63461" lon="14.23534"><ele>1828</ele><time>2026-07-29T09:50:50Z</time></trkpt>
    <trkpt lat="47.63452" lon="14.23521"><ele>1827</ele><time>2026-07-29T09:51:49Z</time></trkpt>
    <trkpt lat="47.63443" lon="14.23504"><ele>1825</ele><time>2026-07-29T09:52:18Z</time></trkpt>
    <trkpt lat="47.63439" lon="14.23490"><ele>1822</ele><time>2026-07-29T09:52:48Z</time></trkpt>
    <trkpt lat="47.63431" lon="14.23475"><ele>1819</ele><time>2026-07-29T09:53:17Z</time></trkpt>
    <trkpt lat="47.63424" lon="14.23448"><ele>1814</ele><time>2026-07-29T09:53:46Z</time></trkpt>
    <trkpt lat="47.63414" lon="14.23433"><ele>1810</ele><time>2026-07-29T09:54:16Z</time></trkpt>
    <trkpt lat="47.63402" lon="14.23420"><ele>1807</ele><time>2026-07-29T09:54:45Z</time></trkpt>
    <trkpt lat="47.63394" lon="14.23404"><ele>1801</ele><time>2026-07-29T09:55:14Z</time></trkpt>
    <trkpt lat="47.63387" lon="14.23392"><ele>1799</ele><time>2026-07-29T09:55:44Z</time></trkpt>
    <trkpt lat="47.63370" lon="14.23358"><ele>1792</ele><time>2026-07-29T09:56:42Z</time></trkpt>
    <trkpt lat="47.63364" lon="14.23336"><ele>1793</ele><time>2026-07-29T09:57:12Z</time></trkpt>
    <trkpt lat="47.63359" lon="14.23316"><ele>1788</ele><time>2026-07-29T09:57:41Z</time></trkpt>
    <trkpt lat="47.63346" lon="14.23306"><ele>1784</ele><time>2026-07-29T09:58:10Z</time></trkpt>
    <trkpt lat="47.63339" lon="14.23279"><ele>1781</ele><time>2026-07-29T09:58:40Z</time></trkpt>
    <trkpt lat="47.63326" lon="14.23248"><ele>1780</ele><time>2026-07-29T09:59:09Z</time></trkpt>
    <trkpt lat="47.63315" lon="14.23229"><ele>1779</ele><time>2026-07-29T10:00:08Z</time></trkpt>
    <trkpt lat="47.63312" lon="14.23209"><ele>1778</ele><time>2026-07-29T10:00:37Z</time></trkpt>
    <trkpt lat="47.63319" lon="14.23183"><ele>1783</ele><time>2026-07-29T10:01:06Z</time></trkpt>
    <trkpt lat="47.63302" lon="14.23170"><ele>1785</ele><time>2026-07-29T10:01:36Z</time></trkpt>
    <trkpt lat="47.63296" lon="14.23150"><ele>1787</ele><time>2026-07-29T10:02:05Z</time></trkpt>
    <trkpt lat="47.63293" lon="14.23130"><ele>1790</ele><time>2026-07-29T10:02:34Z</time></trkpt>
    <trkpt lat="47.63285" lon="14.23099"><ele>1793</ele><time>2026-07-29T10:03:04Z</time></trkpt>
    <trkpt lat="47.63278" lon="14.23075"><ele>1791</ele><time>2026-07-29T10:03:33Z</time></trkpt>
    <trkpt lat="47.63276" lon="14.23048"><ele>1793</ele><time>2026-07-29T10:04:02Z</time></trkpt>
    <trkpt lat="47.63269" lon="14.23030"><ele>1793</ele><time>2026-07-29T10:04:32Z</time></trkpt>
    <trkpt lat="47.63257" lon="14.23003"><ele>1795</ele><time>2026-07-29T10:05:01Z</time></trkpt>
    <trkpt lat="47.63253" lon="14.22970"><ele>1795</ele><time>2026-07-29T10:05:30Z</time></trkpt>
    <trkpt lat="47.63241" lon="14.22950"><ele>1796</ele><time>2026-07-29T10:06:00Z</time></trkpt>
    <trkpt lat="47.63236" lon="14.22930"><ele>1799</ele><time>2026-07-29T10:06:29Z</time></trkpt>
    <trkpt lat="47.63226" lon="14.22912"><ele>1802</ele><time>2026-07-29T10:06:58Z</time></trkpt>
    <trkpt lat="47.63209" lon="14.22901"><ele>1804</ele><time>2026-07-29T10:07:28Z</time></trkpt>
    <trkpt lat="47.63193" lon="14.22887"><ele>1808</ele><time>2026-07-29T10:07:57Z</time></trkpt>
    <trkpt lat="47.63183" lon="14.22875"><ele>1810</ele><time>2026-07-29T10:08:26Z</time></trkpt>
    <trkpt lat="47.63163" lon="14.22859"><ele>1811</ele><time>2026-07-29T10:08:56Z</time></trkpt>
    <trkpt lat="47.63144" lon="14.22846"><ele>1812</ele><time>2026-07-29T10:09:25Z</time></trkpt>
    <trkpt lat="47.63124" lon="14.22833"><ele>1813</ele><time>2026-07-29T10:09:54Z</time></trkpt>
    <trkpt lat="47.63110" lon="14.22820"><ele>1815</ele><time>2026-07-29T10:10:24Z</time></trkpt>
    <trkpt lat="47.63090" lon="14.22815"><ele>1817</ele><time>2026-07-29T10:10:53Z</time></trkpt>
    <trkpt lat="47.63074" lon="14.22795"><ele>1821</ele><time>2026-07-29T10:11:22Z</time></trkpt>
    <trkpt lat="47.63059" lon="14.22789"><ele>1822</ele><time>2026-07-29T10:11:52Z</time></trkpt>
    <trkpt lat="47.63044" lon="14.22784"><ele>1827</ele><time>2026-07-29T10:12:21Z</time></trkpt>
    <trkpt lat="47.63030" lon="14.22772"><ele>1827</ele><time>2026-07-29T10:12:50Z</time></trkpt>
    <trkpt lat="47.63025" lon="14.22745"><ele>1827</ele><time>2026-07-29T10:13:20Z</time></trkpt>
    <trkpt lat="47.63010" lon="14.22728"><ele>1828</ele><time>2026-07-29T10:13:49Z</time></trkpt>
    <trkpt lat="47.63006" lon="14.22715"><ele>1829</ele><time>2026-07-29T10:14:18Z</time></trkpt>
    <trkpt lat="47.63007" lon="14.22694"><ele>1833</ele><time>2026-07-29T10:14:47Z</time></trkpt>
    <trkpt lat="47.62989" lon="14.22679"><ele>1832</ele><time>2026-07-29T10:15:16Z</time></trkpt>
    <trkpt lat="47.62976" lon="14.22651"><ele>1833</ele><time>2026-07-29T10:15:45Z</time></trkpt>
    <trkpt lat="47.62966" lon="14.22637"><ele>1836</ele><time>2026-07-29T10:16:14Z</time></trkpt>
    <trkpt lat="47.62965" lon="14.22609"><ele>1838</ele><time>2026-07-29T10:18:41Z</time></trkpt>
    <trkpt lat="47.62962" lon="14.22570"><ele>1835</ele><time>2026-07-29T10:19:40Z</time></trkpt>
    <trkpt lat="47.62966" lon="14.22549"><ele>1833</ele><time>2026-07-29T10:20:09Z</time></trkpt>
    <trkpt lat="47.62976" lon="14.22521"><ele>1828</ele><time>2026-07-29T10:21:08Z</time></trkpt>
    <trkpt lat="47.62989" lon="14.22493"><ele>1825</ele><time>2026-07-29T10:21:37Z</time></trkpt>
    <trkpt lat="47.62996" lon="14.22464"><ele>1822</ele><time>2026-07-29T10:22:06Z</time></trkpt>
    <trkpt lat="47.62992" lon="14.22450"><ele>1823</ele><time>2026-07-29T10:22:36Z</time></trkpt>
    <trkpt lat="47.62978" lon="14.22434"><ele>1820</ele><time>2026-07-29T10:23:05Z</time></trkpt>
    <trkpt lat="47.62959" lon="14.22419"><ele>1814</ele><time>2026-07-29T10:23:34Z</time></trkpt>
    <trkpt lat="47.62943" lon="14.22400"><ele>1811</ele><time>2026-07-29T10:24:04Z</time></trkpt>
    <trkpt lat="47.62933" lon="14.22387"><ele>1808</ele><time>2026-07-29T10:24:33Z</time></trkpt>
    <trkpt lat="47.62938" lon="14.22352"><ele>1807</ele><time>2026-07-29T10:25:02Z</time></trkpt>
    <trkpt lat="47.62938" lon="14.22329"><ele>1805</ele><time>2026-07-29T10:25:32Z</time></trkpt>
    <trkpt lat="47.62926" lon="14.22303"><ele>1801</ele><time>2026-07-29T10:26:01Z</time></trkpt>
    <trkpt lat="47.62913" lon="14.22280"><ele>1796</ele><time>2026-07-29T10:26:30Z</time></trkpt>
    <trkpt lat="47.62905" lon="14.22260"><ele>1790</ele><time>2026-07-29T10:27:00Z</time></trkpt>
    <trkpt lat="47.62900" lon="14.22240"><ele>1779</ele><time>2026-07-29T10:28:54Z</time></trkpt>
    <trkpt lat="47.62895" lon="14.22228"><ele>1780</ele><time>2026-07-29T10:29:24Z</time></trkpt>
    <trkpt lat="47.62888" lon="14.22199"><ele>1779</ele><time>2026-07-29T10:30:22Z</time></trkpt>
    <trkpt lat="47.62870" lon="14.22184"><ele>1781</ele><time>2026-07-29T10:30:52Z</time></trkpt>
    <trkpt lat="47.62845" lon="14.22173"><ele>1775</ele><time>2026-07-29T10:31:21Z</time></trkpt>
    <trkpt lat="47.62828" lon="14.22159"><ele>1774</ele><time>2026-07-29T10:31:50Z</time></trkpt>
    <trkpt lat="47.62809" lon="14.22147"><ele>1770</ele><time>2026-07-29T10:32:20Z</time></trkpt>
    <trkpt lat="47.62794" lon="14.22122"><ele>1765</ele><time>2026-07-29T10:32:49Z</time></trkpt>
    <trkpt lat="47.62778" lon="14.22106"><ele>1760</ele><time>2026-07-29T10:33:18Z</time></trkpt>
    <trkpt lat="47.62765" lon="14.22077"><ele>1759</ele><time>2026-07-29T10:33:48Z</time></trkpt>
    <trkpt lat="47.62748" lon="14.22062"><ele>1759</ele><time>2026-07-29T10:34:17Z</time></trkpt>
    <trkpt lat="47.62729" lon="14.22039"><ele>1757</ele><time>2026-07-29T10:34:46Z</time></trkpt>
    <trkpt lat="47.62712" lon="14.22020"><ele>1754</ele><time>2026-07-29T10:35:16Z</time></trkpt>
    <trkpt lat="47.62697" lon="14.21996"><ele>1751</ele><time>2026-07-29T10:35:45Z</time></trkpt>
    <trkpt lat="47.62685" lon="14.21969"><ele>1752</ele><time>2026-07-29T10:36:14Z</time></trkpt>
    <trkpt lat="47.62670" lon="14.21934"><ele>1748</ele><time>2026-07-29T10:36:44Z</time></trkpt>
    <trkpt lat="47.62651" lon="14.21908"><ele>1753</ele><time>2026-07-29T10:37:13Z</time></trkpt>
    <trkpt lat="47.62646" lon="14.21893"><ele>1755</ele><time>2026-07-29T10:37:42Z</time></trkpt>
    <trkpt lat="47.62640" lon="14.21871"><ele>1759</ele><time>2026-07-29T10:38:12Z</time></trkpt>
    <trkpt lat="47.62621" lon="14.21850"><ele>1756</ele><time>2026-07-29T10:38:41Z</time></trkpt>
    <trkpt lat="47.62613" lon="14.21818"><ele>1752</ele><time>2026-07-29T10:39:10Z</time></trkpt>
    <trkpt lat="47.62605" lon="14.21790"><ele>1752</ele><time>2026-07-29T10:39:40Z</time></trkpt>
    <trkpt lat="47.62591" lon="14.21764"><ele>1747</ele><time>2026-07-29T10:40:09Z</time></trkpt>
    <trkpt lat="47.62578" lon="14.21731"><ele>1742</ele><time>2026-07-29T10:41:37Z</time></trkpt>
    <trkpt lat="47.62589" lon="14.21700"><ele>1738</ele><time>2026-07-29T10:42:06Z</time></trkpt>
    <trkpt lat="47.62601" lon="14.21671"><ele>1735</ele><time>2026-07-29T10:42:36Z</time></trkpt>
    <trkpt lat="47.62596" lon="14.21640"><ele>1733</ele><time>2026-07-29T10:43:05Z</time></trkpt>
    <trkpt lat="47.62589" lon="14.21608"><ele>1730</ele><time>2026-07-29T10:43:34Z</time></trkpt>
    <trkpt lat="47.62600" lon="14.21583"><ele>1728</ele><time>2026-07-29T10:44:04Z</time></trkpt>
    <trkpt lat="47.62602" lon="14.21568"><ele>1725</ele><time>2026-07-29T10:44:33Z</time></trkpt>
    <trkpt lat="47.62595" lon="14.21543"><ele>1722</ele><time>2026-07-29T10:45:02Z</time></trkpt>
    <trkpt lat="47.62574" lon="14.21529"><ele>1719</ele><time>2026-07-29T10:45:32Z</time></trkpt>
    <trkpt lat="47.62570" lon="14.21498"><ele>1717</ele><time>2026-07-29T10:46:01Z</time></trkpt>
    <trkpt lat="47.62585" lon="14.21491"><ele>1717</ele><time>2026-07-29T10:46:30Z</time></trkpt>
    <trkpt lat="47.62594" lon="14.21485"><ele>1717</ele><time>2026-07-29T10:47:00Z</time></trkpt>
    <trkpt lat="47.62599" lon="14.21465"><ele>1719</ele><time>2026-07-29T10:47:29Z</time></trkpt>
    <trkpt lat="47.62587" lon="14.21441"><ele>1718</ele><time>2026-07-29T10:47:58Z</time></trkpt>
    <trkpt lat="47.62597" lon="14.21408"><ele>1716</ele><time>2026-07-29T10:48:28Z</time></trkpt>
    <trkpt lat="47.62607" lon="14.21380"><ele>1715</ele><time>2026-07-29T10:48:57Z</time></trkpt>
    <trkpt lat="47.62618" lon="14.21357"><ele>1715</ele><time>2026-07-29T10:49:26Z</time></trkpt>
    <trkpt lat="47.62633" lon="14.21348"><ele>1713</ele><time>2026-07-29T10:49:55Z</time></trkpt>
    <trkpt lat="47.62648" lon="14.21328"><ele>1713</ele><time>2026-07-29T10:50:24Z</time></trkpt>
    <trkpt lat="47.62666" lon="14.21310"><ele>1715</ele><time>2026-07-29T10:50:53Z</time></trkpt>
    <trkpt lat="47.62676" lon="14.21298"><ele>1717</ele><time>2026-07-29T10:51:22Z</time></trkpt>
    <trkpt lat="47.62693" lon="14.21276"><ele>1716</ele><time>2026-07-29T10:51:52Z</time></trkpt>
    <trkpt lat="47.62716" lon="14.21275"><ele>1714</ele><time>2026-07-29T10:52:21Z</time></trkpt>
    <trkpt lat="47.62741" lon="14.21274"><ele>1714</ele><time>2026-07-29T10:52:50Z</time></trkpt>
    <trkpt lat="47.62733" lon="14.21249"><ele>1709</ele><time>2026-07-29T10:53:20Z</time></trkpt>
    <trkpt lat="47.62714" lon="14.21225"><ele>1708</ele><time>2026-07-29T10:53:49Z</time></trkpt>
    <trkpt lat="47.62698" lon="14.21196"><ele>1711</ele><time>2026-07-29T10:54:18Z</time></trkpt>
    <trkpt lat="47.62681" lon="14.21175"><ele>1712</ele><time>2026-07-29T10:54:48Z</time></trkpt>
    <trkpt lat="47.62671" lon="14.21150"><ele>1713</ele><time>2026-07-29T10:55:17Z</time></trkpt>
    <trkpt lat="47.62655" lon="14.21123"><ele>1716</ele><time>2026-07-29T10:55:46Z</time></trkpt>
    <trkpt lat="47.62646" lon="14.21105"><ele>1716</ele><time>2026-07-29T10:56:16Z</time></trkpt>
    <trkpt lat="47.62645" lon="14.21092"><ele>1719</ele><time>2026-07-29T10:56:45Z</time></trkpt>
    <trkpt lat="47.62636" lon="14.21070"><ele>1721</ele><time>2026-07-29T10:57:14Z</time></trkpt>
    <trkpt lat="47.62614" lon="14.21043"><ele>1724</ele><time>2026-07-29T10:57:44Z</time></trkpt>
    <trkpt lat="47.62600" lon="14.21027"><ele>1726</ele><time>2026-07-29T10:58:13Z</time></trkpt>
    <trkpt lat="47.62577" lon="14.21017"><ele>1729</ele><time>2026-07-29T10:58:42Z</time></trkpt>
    <trkpt lat="47.62574" lon="14.20995"><ele>1726</ele><time>2026-07-29T11:17:54Z</time></trkpt>
    <trkpt lat="47.62552" lon="14.20976"><ele>1726</ele><time>2026-07-29T11:18:24Z</time></trkpt>
    <trkpt lat="47.62532" lon="14.20951"><ele>1725</ele><time>2026-07-29T11:18:53Z</time></trkpt>
    <trkpt lat="47.62519" lon="14.20927"><ele>1727</ele><time>2026-07-29T11:19:22Z</time></trkpt>
    <trkpt lat="47.62504" lon="14.20904"><ele>1728</ele><time>2026-07-29T11:19:52Z</time></trkpt>
    <trkpt lat="47.62489" lon="14.20877"><ele>1725</ele><time>2026-07-29T11:20:21Z</time></trkpt>
    <trkpt lat="47.62479" lon="14.20857"><ele>1724</ele><time>2026-07-29T11:20:50Z</time></trkpt>
    <trkpt lat="47.62460" lon="14.20841"><ele>1719</ele><time>2026-07-29T11:21:20Z</time></trkpt>
    <trkpt lat="47.62447" lon="14.20824"><ele>1720</ele><time>2026-07-29T11:21:49Z</time></trkpt>
    <trkpt lat="47.62424" lon="14.20813"><ele>1720</ele><time>2026-07-29T11:22:18Z</time></trkpt>
    <trkpt lat="47.62407" lon="14.20803"><ele>1721</ele><time>2026-07-29T11:22:48Z</time></trkpt>
    <trkpt lat="47.62395" lon="14.20784"><ele>1720</ele><time>2026-07-29T11:23:17Z</time></trkpt>
    <trkpt lat="47.62386" lon="14.20769"><ele>1721</ele><time>2026-07-29T11:23:46Z</time></trkpt>
    <trkpt lat="47.62365" lon="14.20760"><ele>1721</ele><time>2026-07-29T11:24:16Z</time></trkpt>
    <trkpt lat="47.62353" lon="14.20738"><ele>1721</ele><time>2026-07-29T11:24:45Z</time></trkpt>
    <trkpt lat="47.62366" lon="14.20727"><ele>1728</ele><time>2026-07-29T11:25:14Z</time></trkpt>
    <trkpt lat="47.62378" lon="14.20691"><ele>1731</ele><time>2026-07-29T11:25:44Z</time></trkpt>
    <trkpt lat="47.62383" lon="14.20665"><ele>1734</ele><time>2026-07-29T11:26:13Z</time></trkpt>
    <trkpt lat="47.62397" lon="14.20664"><ele>1740</ele><time>2026-07-29T11:26:42Z</time></trkpt>
    <trkpt lat="47.62404" lon="14.20634"><ele>1741</ele><time>2026-07-29T11:27:12Z</time></trkpt>
    <trkpt lat="47.62418" lon="14.20631"><ele>1745</ele><time>2026-07-29T11:27:41Z</time></trkpt>
    <trkpt lat="47.62428" lon="14.20605"><ele>1750</ele><time>2026-07-29T11:28:10Z</time></trkpt>
    <trkpt lat="47.62430" lon="14.20592"><ele>1754</ele><time>2026-07-29T11:28:40Z</time></trkpt>
    <trkpt lat="47.62439" lon="14.20578"><ele>1756</ele><time>2026-07-29T11:29:09Z</time></trkpt>
    <trkpt lat="47.62450" lon="14.20562"><ele>1761</ele><time>2026-07-29T11:29:38Z</time></trkpt>
    <trkpt lat="47.62454" lon="14.20536"><ele>1765</ele><time>2026-07-29T11:30:08Z</time></trkpt>
    <trkpt lat="47.62453" lon="14.20516"><ele>1767</ele><time>2026-07-29T11:30:37Z</time></trkpt>
    <trkpt lat="47.62444" lon="14.20490"><ele>1766</ele><time>2026-07-29T11:31:06Z</time></trkpt>
    <trkpt lat="47.62461" lon="14.20483"><ele>1768</ele><time>2026-07-29T11:31:36Z</time></trkpt>
    <trkpt lat="47.62455" lon="14.20467"><ele>1768</ele><time>2026-07-29T11:32:05Z</time></trkpt>
    <trkpt lat="47.62449" lon="14.20451"><ele>1771</ele><time>2026-07-29T11:32:34Z</time></trkpt>
    <trkpt lat="47.62436" lon="14.20425"><ele>1773</ele><time>2026-07-29T11:33:04Z</time></trkpt>
    <trkpt lat="47.62426" lon="14.20395"><ele>1773</ele><time>2026-07-29T11:33:33Z</time></trkpt>
    <trkpt lat="47.62420" lon="14.20367"><ele>1771</ele><time>2026-07-29T11:34:02Z</time></trkpt>
    <trkpt lat="47.62411" lon="14.20345"><ele>1769</ele><time>2026-07-29T11:34:32Z</time></trkpt>
    <trkpt lat="47.62403" lon="14.20335"><ele>1767</ele><time>2026-07-29T11:35:01Z</time></trkpt>
    <trkpt lat="47.62390" lon="14.20322"><ele>1767</ele><time>2026-07-29T11:35:30Z</time></trkpt>
    <trkpt lat="47.62376" lon="14.20292"><ele>1768</ele><time>2026-07-29T11:36:00Z</time></trkpt>
    <trkpt lat="47.62372" lon="14.20269"><ele>1766</ele><time>2026-07-29T11:36:29Z</time></trkpt>
    <trkpt lat="47.62367" lon="14.20239"><ele>1767</ele><time>2026-07-29T11:36:58Z</time></trkpt>
    <trkpt lat="47.62367" lon="14.20210"><ele>1763</ele><time>2026-07-29T11:37:28Z</time></trkpt>
    <trkpt lat="47.62362" lon="14.20176"><ele>1759</ele><time>2026-07-29T11:37:57Z</time></trkpt>
    <trkpt lat="47.62345" lon="14.20162"><ele>1757</ele><time>2026-07-29T11:38:26Z</time></trkpt>
    <trkpt lat="47.62331" lon="14.20148"><ele>1754</ele><time>2026-07-29T11:38:56Z</time></trkpt>
    <trkpt lat="47.62312" lon="14.20136"><ele>1755</ele><time>2026-07-29T11:39:25Z</time></trkpt>
    <trkpt lat="47.62293" lon="14.20126"><ele>1755</ele><time>2026-07-29T11:39:54Z</time></trkpt>
    <trkpt lat="47.62269" lon="14.20119"><ele>1759</ele><time>2026-07-29T11:40:24Z</time></trkpt>
    <trkpt lat="47.62256" lon="14.20100"><ele>1757</ele><time>2026-07-29T11:40:53Z</time></trkpt>
    <trkpt lat="47.62237" lon="14.20075"><ele>1756</ele><time>2026-07-29T11:41:22Z</time></trkpt>
    <trkpt lat="47.62220" lon="14.20056"><ele>1757</ele><time>2026-07-29T11:41:52Z</time></trkpt>
    <trkpt lat="47.62209" lon="14.20022"><ele>1756</ele><time>2026-07-29T11:42:21Z</time></trkpt>
    <trkpt lat="47.62194" lon="14.20002"><ele>1752</ele><time>2026-07-29T11:42:50Z</time></trkpt>
    <trkpt lat="47.62183" lon="14.19972"><ele>1751</ele><time>2026-07-29T11:43:20Z</time></trkpt>
    <trkpt lat="47.62176" lon="14.19950"><ele>1753</ele><time>2026-07-29T11:43:49Z</time></trkpt>
    <trkpt lat="47.62161" lon="14.19921"><ele>1754</ele><time>2026-07-29T11:44:18Z</time></trkpt>
    <trkpt lat="47.62150" lon="14.19895"><ele>1754</ele><time>2026-07-29T11:44:48Z</time></trkpt>
    <trkpt lat="47.62126" lon="14.19884"><ele>1753</ele><time>2026-07-29T11:45:17Z</time></trkpt>
    <trkpt lat="47.62112" lon="14.19875"><ele>1754</ele><time>2026-07-29T11:45:46Z</time></trkpt>
    <trkpt lat="47.62089" lon="14.19874"><ele>1753</ele><time>2026-07-29T11:46:16Z</time></trkpt>
    <trkpt lat="47.62075" lon="14.19860"><ele>1753</ele><time>2026-07-29T11:46:45Z</time></trkpt>
    <trkpt lat="47.62065" lon="14.19831"><ele>1751</ele><time>2026-07-29T11:47:14Z</time></trkpt>
    <trkpt lat="47.62055" lon="14.19808"><ele>1748</ele><time>2026-07-29T11:47:44Z</time></trkpt>
    <trkpt lat="47.62034" lon="14.19801"><ele>1743</ele><time>2026-07-29T11:48:13Z</time></trkpt>
    <trkpt lat="47.62011" lon="14.19780"><ele>1746</ele><time>2026-07-29T11:48:42Z</time></trkpt>
    <trkpt lat="47.61993" lon="14.19743"><ele>1745</ele><time>2026-07-29T11:49:12Z</time></trkpt>
    <trkpt lat="47.62006" lon="14.19715"><ele>1743</ele><time>2026-07-29T11:49:41Z</time></trkpt>
    <trkpt lat="47.62007" lon="14.19677"><ele>1742</ele><time>2026-07-29T11:50:10Z</time></trkpt>
    <trkpt lat="47.61997" lon="14.19643"><ele>1737</ele><time>2026-07-29T11:50:40Z</time></trkpt>
    <trkpt lat="47.62004" lon="14.19611"><ele>1733</ele><time>2026-07-29T11:51:09Z</time></trkpt>
    <trkpt lat="47.62005" lon="14.19585"><ele>1734</ele><time>2026-07-29T11:51:38Z</time></trkpt>
    <trkpt lat="47.61995" lon="14.19560"><ele>1737</ele><time>2026-07-29T11:52:08Z</time></trkpt>
    <trkpt lat="47.61993" lon="14.19539"><ele>1736</ele><time>2026-07-29T11:52:37Z</time></trkpt>
    <trkpt lat="47.62009" lon="14.19526"><ele>1735</ele><time>2026-07-29T11:53:06Z</time></trkpt>
    <trkpt lat="47.62019" lon="14.19498"><ele>1739</ele><time>2026-07-29T11:53:36Z</time></trkpt>
    <trkpt lat="47.62018" lon="14.19471"><ele>1740</ele><time>2026-07-29T11:54:05Z</time></trkpt>
    <trkpt lat="47.62018" lon="14.19427"><ele>1737</ele><time>2026-07-29T11:55:04Z</time></trkpt>
    <trkpt lat="47.62013" lon="14.19400"><ele>1737</ele><time>2026-07-29T11:55:33Z</time></trkpt>
    <trkpt lat="47.62001" lon="14.19388"><ele>1738</ele><time>2026-07-29T11:56:02Z</time></trkpt>
    <trkpt lat="47.61985" lon="14.19378"><ele>1740</ele><time>2026-07-29T11:56:32Z</time></trkpt>
    <trkpt lat="47.61984" lon="14.19361"><ele>1746</ele><time>2026-07-29T11:57:01Z</time></trkpt>
    <trkpt lat="47.61982" lon="14.19346"><ele>1748</ele><time>2026-07-29T11:57:30Z</time></trkpt>
    <trkpt lat="47.61963" lon="14.19337"><ele>1750</ele><time>2026-07-29T11:58:00Z</time></trkpt>
    <trkpt lat="47.61945" lon="14.19328"><ele>1754</ele><time>2026-07-29T11:58:29Z</time></trkpt>
    <trkpt lat="47.61946" lon="14.19304"><ele>1759</ele><time>2026-07-29T11:58:58Z</time></trkpt>
    <trkpt lat="47.61946" lon="14.19274"><ele>1759</ele><time>2026-07-29T11:59:28Z</time></trkpt>
    <trkpt lat="47.61943" lon="14.19247"><ele>1760</ele><time>2026-07-29T11:59:57Z</time></trkpt>
    <trkpt lat="47.61933" lon="14.19228"><ele>1760</ele><time>2026-07-29T12:00:26Z</time></trkpt>
    <trkpt lat="47.61919" lon="14.19214"><ele>1761</ele><time>2026-07-29T12:00:56Z</time></trkpt>
    <trkpt lat="47.61909" lon="14.19186"><ele>1761</ele><time>2026-07-29T12:01:25Z</time></trkpt>
    <trkpt lat="47.61891" lon="14.19168"><ele>1760</ele><time>2026-07-29T12:01:54Z</time></trkpt>
    <trkpt lat="47.61868" lon="14.19138"><ele>1764</ele><time>2026-07-29T12:02:24Z</time></trkpt>
    <trkpt lat="47.61856" lon="14.19105"><ele>1765</ele><time>2026-07-29T12:02:53Z</time></trkpt>
    <trkpt lat="47.61840" lon="14.19079"><ele>1762</ele><time>2026-07-29T12:03:22Z</time></trkpt>
    <trkpt lat="47.61850" lon="14.19044"><ele>1760</ele><time>2026-07-29T12:03:52Z</time></trkpt>
    <trkpt lat="47.61846" lon="14.19014"><ele>1762</ele><time>2026-07-29T12:04:21Z</time></trkpt>
    <trkpt lat="47.61854" lon="14.18977"><ele>1761</ele><time>2026-07-29T12:04:50Z</time></trkpt>
    <trkpt lat="47.61831" lon="14.18955"><ele>1763</ele><time>2026-07-29T12:05:20Z</time></trkpt>
    <trkpt lat="47.61804" lon="14.18950"><ele>1763</ele><time>2026-07-29T12:05:49Z</time></trkpt>
    <trkpt lat="47.61780" lon="14.18930"><ele>1762</ele><time>2026-07-29T12:06:18Z</time></trkpt>
    <trkpt lat="47.61758" lon="14.18917"><ele>1764</ele><time>2026-07-29T12:06:48Z</time></trkpt>
    <trkpt lat="47.61742" lon="14.18892"><ele>1767</ele><time>2026-07-29T12:07:17Z</time></trkpt>
    <trkpt lat="47.61723" lon="14.18868"><ele>1772</ele><time>2026-07-29T12:07:46Z</time></trkpt>
    <trkpt lat="47.61711" lon="14.18849"><ele>1774</ele><time>2026-07-29T12:08:16Z</time></trkpt>
    <trkpt lat="47.61680" lon="14.18809"><ele>1774</ele><time>2026-07-29T12:13:09Z</time></trkpt>
    <trkpt lat="47.61659" lon="14.18784"><ele>1772</ele><time>2026-07-29T12:13:38Z</time></trkpt>
    <trkpt lat="47.61631" lon="14.18765"><ele>1770</ele><time>2026-07-29T12:14:08Z</time></trkpt>
    <trkpt lat="47.61620" lon="14.18740"><ele>1774</ele><time>2026-07-29T12:14:37Z</time></trkpt>
    <trkpt lat="47.61611" lon="14.18703"><ele>1774</ele><time>2026-07-29T12:15:06Z</time></trkpt>
    <trkpt lat="47.61597" lon="14.18691"><ele>1773</ele><time>2026-07-29T12:16:05Z</time></trkpt>
    <trkpt lat="47.61574" lon="14.18670"><ele>1775</ele><time>2026-07-29T12:16:34Z</time></trkpt>
    <trkpt lat="47.61548" lon="14.18661"><ele>1779</ele><time>2026-07-29T12:17:04Z</time></trkpt>
    <trkpt lat="47.61524" lon="14.18647"><ele>1781</ele><time>2026-07-29T12:17:33Z</time></trkpt>
    <trkpt lat="47.61499" lon="14.18640"><ele>1778</ele><time>2026-07-29T12:18:02Z</time></trkpt>
    <trkpt lat="47.61467" lon="14.18631"><ele>1781</ele><time>2026-07-29T12:18:32Z</time></trkpt>
    <trkpt lat="47.61441" lon="14.18619"><ele>1783</ele><time>2026-07-29T12:19:01Z</time></trkpt>
    <trkpt lat="47.61412" lon="14.18615"><ele>1785</ele><time>2026-07-29T12:19:30Z</time></trkpt>
    <trkpt lat="47.61387" lon="14.18601"><ele>1787</ele><time>2026-07-29T12:20:00Z</time></trkpt>
    <trkpt lat="47.61357" lon="14.18588"><ele>1786</ele><time>2026-07-29T12:20:29Z</time></trkpt>
    <trkpt lat="47.61335" lon="14.18590"><ele>1788</ele><time>2026-07-29T12:20:58Z</time></trkpt>
    <trkpt lat="47.61317" lon="14.18590"><ele>1788</ele><time>2026-07-29T12:21:28Z</time></trkpt>
    <trkpt lat="47.61293" lon="14.18573"><ele>1789</ele><time>2026-07-29T12:21:57Z</time></trkpt>
    <trkpt lat="47.61267" lon="14.18552"><ele>1787</ele><time>2026-07-29T12:22:26Z</time></trkpt>
    <trkpt lat="47.61238" lon="14.18540"><ele>1788</ele><time>2026-07-29T12:22:56Z</time></trkpt>
    <trkpt lat="47.61209" lon="14.18517"><ele>1786</ele><time>2026-07-29T12:23:25Z</time></trkpt>
    <trkpt lat="47.61192" lon="14.18495"><ele>1783</ele><time>2026-07-29T12:23:54Z</time></trkpt>
    <trkpt lat="47.61163" lon="14.18477"><ele>1783</ele><time>2026-07-29T12:24:24Z</time></trkpt>
    <trkpt lat="47.61139" lon="14.18473"><ele>1781</ele><time>2026-07-29T12:24:53Z</time></trkpt>
    <trkpt lat="47.61114" lon="14.18455"><ele>1779</ele><time>2026-07-29T12:25:22Z</time></trkpt>
    <trkpt lat="47.61084" lon="14.18441"><ele>1778</ele><time>2026-07-29T12:25:52Z</time></trkpt>
    <trkpt lat="47.61058" lon="14.18424"><ele>1780</ele><time>2026-07-29T12:26:21Z</time></trkpt>
    <trkpt lat="47.61051" lon="14.18402"><ele>1782</ele><time>2026-07-29T12:26:50Z</time></trkpt>
    <trkpt lat="47.61045" lon="14.18382"><ele>1784</ele><time>2026-07-29T12:27:20Z</time></trkpt>
    <trkpt lat="47.61036" lon="14.18358"><ele>1785</ele><time>2026-07-29T12:27:49Z</time></trkpt>
    <trkpt lat="47.61027" lon="14.18326"><ele>1781</ele><time>2026-07-29T12:28:18Z</time></trkpt>
    <trkpt lat="47.61005" lon="14.18303"><ele>1783</ele><time>2026-07-29T12:28:48Z</time></trkpt>
    <trkpt lat="47.60986" lon="14.18284"><ele>1788</ele><time>2026-07-29T12:29:17Z</time></trkpt>
    <trkpt lat="47.60969" lon="14.18273"><ele>1791</ele><time>2026-07-29T12:29:46Z</time></trkpt>
    <trkpt lat="47.60952" lon="14.18249"><ele>1793</ele><time>2026-07-29T12:30:16Z</time></trkpt>
    <trkpt lat="47.60928" lon="14.18225"><ele>1794</ele><time>2026-07-29T12:30:45Z</time></trkpt>
    <trkpt lat="47.60918" lon="14.18196"><ele>1790</ele><time>2026-07-29T12:31:14Z</time></trkpt>
    <trkpt lat="47.60922" lon="14.18160"><ele>1791</ele><time>2026-07-29T12:31:44Z</time></trkpt>
    <trkpt lat="47.60910" lon="14.18120"><ele>1790</ele><time>2026-07-29T12:32:13Z</time></trkpt>
    <trkpt lat="47.60901" lon="14.18090"><ele>1793</ele><time>2026-07-29T12:32:42Z</time></trkpt>
    <trkpt lat="47.60899" lon="14.18057"><ele>1796</ele><time>2026-07-29T12:33:12Z</time></trkpt>
    <trkpt lat="47.60897" lon="14.18032"><ele>1800</ele><time>2026-07-29T12:33:41Z</time></trkpt>
    <trkpt lat="47.60893" lon="14.18001"><ele>1802</ele><time>2026-07-29T12:34:10Z</time></trkpt>
    <trkpt lat="47.60901" lon="14.17968"><ele>1804</ele><time>2026-07-29T12:34:40Z</time></trkpt>
    <trkpt lat="47.60903" lon="14.17931"><ele>1806</ele><time>2026-07-29T12:35:09Z</time></trkpt>
    <trkpt lat="47.60881" lon="14.17917"><ele>1802</ele><time>2026-07-29T12:35:38Z</time></trkpt>
    <trkpt lat="47.60861" lon="14.17889"><ele>1802</ele><time>2026-07-29T12:36:08Z</time></trkpt>
    <trkpt lat="47.60861" lon="14.17855"><ele>1804</ele><time>2026-07-29T12:36:37Z</time></trkpt>
    <trkpt lat="47.60850" lon="14.17822"><ele>1805</ele><time>2026-07-29T12:37:06Z</time></trkpt>
    <trkpt lat="47.60843" lon="14.17783"><ele>1804</ele><time>2026-07-29T12:37:36Z</time></trkpt>
    <trkpt lat="47.60836" lon="14.17747"><ele>1805</ele><time>2026-07-29T12:38:05Z</time></trkpt>
    <trkpt lat="47.60823" lon="14.17715"><ele>1808</ele><time>2026-07-29T12:38:34Z</time></trkpt>
    <trkpt lat="47.60812" lon="14.17682"><ele>1809</ele><time>2026-07-29T12:39:04Z</time></trkpt>
    <trkpt lat="47.60805" lon="14.17644"><ele>1810</ele><time>2026-07-29T12:40:32Z</time></trkpt>
    <trkpt lat="47.60792" lon="14.17620"><ele>1810</ele><time>2026-07-29T12:41:01Z</time></trkpt>
    <trkpt lat="47.60787" lon="14.17579"><ele>1812</ele><time>2026-07-29T12:41:30Z</time></trkpt>
    <trkpt lat="47.60763" lon="14.17551"><ele>1811</ele><time>2026-07-29T12:42:00Z</time></trkpt>
    <trkpt lat="47.60740" lon="14.17524"><ele>1810</ele><time>2026-07-29T12:42:29Z</time></trkpt>
    <trkpt lat="47.60739" lon="14.17483"><ele>1808</ele><time>2026-07-29T12:42:58Z</time></trkpt>
    <trkpt lat="47.60728" lon="14.17443"><ele>1807</ele><time>2026-07-29T12:43:28Z</time></trkpt>
    <trkpt lat="47.60710" lon="14.17416"><ele>1809</ele><time>2026-07-29T12:43:57Z</time></trkpt>
    <trkpt lat="47.60699" lon="14.17371"><ele>1808</ele><time>2026-07-29T12:44:26Z</time></trkpt>
    <trkpt lat="47.60687" lon="14.17358"><ele>1809</ele><time>2026-07-29T12:44:56Z</time></trkpt>
    <trkpt lat="47.60665" lon="14.17339"><ele>1807</ele><time>2026-07-29T12:45:25Z</time></trkpt>
    <trkpt lat="47.60645" lon="14.17317"><ele>1806</ele><time>2026-07-29T12:45:54Z</time></trkpt>
    <trkpt lat="47.60632" lon="14.17294"><ele>1801</ele><time>2026-07-29T12:46:24Z</time></trkpt>
    <trkpt lat="47.60628" lon="14.17264"><ele>1797</ele><time>2026-07-29T12:46:53Z</time></trkpt>
    <trkpt lat="47.60625" lon="14.17241"><ele>1791</ele><time>2026-07-29T12:47:22Z</time></trkpt>
    <trkpt lat="47.60624" lon="14.17205"><ele>1788</ele><time>2026-07-29T12:47:52Z</time></trkpt>
    <trkpt lat="47.60638" lon="14.17175"><ele>1785</ele><time>2026-07-29T12:48:21Z</time></trkpt>
    <trkpt lat="47.60633" lon="14.17136"><ele>1782</ele><time>2026-07-29T12:48:50Z</time></trkpt>
    <trkpt lat="47.60644" lon="14.17105"><ele>1782</ele><time>2026-07-29T12:49:20Z</time></trkpt>
    <trkpt lat="47.60653" lon="14.17070"><ele>1779</ele><time>2026-07-29T12:49:49Z</time></trkpt>
    <trkpt lat="47.60656" lon="14.17033"><ele>1778</ele><time>2026-07-29T12:50:18Z</time></trkpt>
    <trkpt lat="47.60667" lon="14.17002"><ele>1779</ele><time>2026-07-29T12:50:48Z</time></trkpt>
    <trkpt lat="47.60670" lon="14.16967"><ele>1779</ele><time>2026-07-29T12:51:17Z</time></trkpt>
    <trkpt lat="47.60671" lon="14.16931"><ele>1780</ele><time>2026-07-29T12:51:46Z</time></trkpt>
    <trkpt lat="47.60670" lon="14.16901"><ele>1776</ele><time>2026-07-29T12:52:16Z</time></trkpt>
    <trkpt lat="47.60660" lon="14.16861"><ele>1773</ele><time>2026-07-29T12:52:45Z</time></trkpt>
    <trkpt lat="47.60654" lon="14.16840"><ele>1769</ele><time>2026-07-29T12:53:14Z</time></trkpt>
    <trkpt lat="47.60626" lon="14.16827"><ele>1766</ele><time>2026-07-29T13:09:52Z</time></trkpt>
    <trkpt lat="47.60606" lon="14.16819"><ele>1765</ele><time>2026-07-29T13:10:21Z</time></trkpt>
    <trkpt lat="47.60588" lon="14.16801"><ele>1764</ele><time>2026-07-29T13:10:50Z</time></trkpt>
    <trkpt lat="47.60575" lon="14.16768"><ele>1762</ele><time>2026-07-29T13:11:20Z</time></trkpt>
    <trkpt lat="47.60559" lon="14.16734"><ele>1760</ele><time>2026-07-29T13:11:49Z</time></trkpt>
    <trkpt lat="47.60539" lon="14.16700"><ele>1761</ele><time>2026-07-29T13:12:18Z</time></trkpt>
    <trkpt lat="47.60527" lon="14.16662"><ele>1758</ele><time>2026-07-29T13:12:48Z</time></trkpt>
    <trkpt lat="47.60520" lon="14.16621"><ele>1759</ele><time>2026-07-29T13:13:17Z</time></trkpt>
    <trkpt lat="47.60508" lon="14.16582"><ele>1756</ele><time>2026-07-29T13:13:46Z</time></trkpt>
    <trkpt lat="47.60497" lon="14.16542"><ele>1755</ele><time>2026-07-29T13:14:16Z</time></trkpt>
    <trkpt lat="47.60494" lon="14.16517"><ele>1754</ele><time>2026-07-29T13:14:45Z</time></trkpt>
    <trkpt lat="47.60490" lon="14.16487"><ele>1755</ele><time>2026-07-29T13:15:14Z</time></trkpt>
    <trkpt lat="47.60491" lon="14.16453"><ele>1760</ele><time>2026-07-29T13:15:44Z</time></trkpt>
    <trkpt lat="47.60491" lon="14.16418"><ele>1760</ele><time>2026-07-29T13:16:13Z</time></trkpt>
    <trkpt lat="47.60492" lon="14.16396"><ele>1759</ele><time>2026-07-29T13:16:42Z</time></trkpt>
    <trkpt lat="47.60489" lon="14.16358"><ele>1760</ele><time>2026-07-29T13:17:12Z</time></trkpt>
    <trkpt lat="47.60483" lon="14.16316"><ele>1756</ele><time>2026-07-29T13:17:41Z</time></trkpt>
    <trkpt lat="47.60482" lon="14.16269"><ele>1752</ele><time>2026-07-29T13:18:10Z</time></trkpt>
    <trkpt lat="47.60473" lon="14.16227"><ele>1749</ele><time>2026-07-29T13:18:40Z</time></trkpt>
    <trkpt lat="47.60470" lon="14.16186"><ele>1745</ele><time>2026-07-29T13:19:09Z</time></trkpt>
    <trkpt lat="47.60462" lon="14.16146"><ele>1743</ele><time>2026-07-29T13:19:38Z</time></trkpt>
    <trkpt lat="47.60452" lon="14.16103"><ele>1738</ele><time>2026-07-29T13:20:08Z</time></trkpt>
    <trkpt lat="47.60453" lon="14.16061"><ele>1735</ele><time>2026-07-29T13:20:37Z</time></trkpt>
    <trkpt lat="47.60450" lon="14.16019"><ele>1734</ele><time>2026-07-29T13:21:06Z</time></trkpt>
    <trkpt lat="47.60443" lon="14.15974"><ele>1734</ele><time>2026-07-29T13:21:36Z</time></trkpt>
    <trkpt lat="47.60439" lon="14.15931"><ele>1729</ele><time>2026-07-29T13:22:05Z</time></trkpt>
    <trkpt lat="47.60440" lon="14.15895"><ele>1725</ele><time>2026-07-29T13:22:34Z</time></trkpt>
    <trkpt lat="47.60439" lon="14.15859"><ele>1722</ele><time>2026-07-29T13:23:04Z</time></trkpt>
    <trkpt lat="47.60428" lon="14.15821"><ele>1714</ele><time>2026-07-29T13:23:33Z</time></trkpt>
    <trkpt lat="47.60415" lon="14.15779"><ele>1712</ele><time>2026-07-29T13:24:02Z</time></trkpt>
    <trkpt lat="47.60399" lon="14.15732"><ele>1711</ele><time>2026-07-29T13:24:32Z</time></trkpt>
    <trkpt lat="47.60377" lon="14.15712"><ele>1707</ele><time>2026-07-29T13:25:01Z</time></trkpt>
    <trkpt lat="47.60369" lon="14.15696"><ele>1705</ele><time>2026-07-29T13:25:30Z</time></trkpt>
    <trkpt lat="47.60354" lon="14.15660"><ele>1704</ele><time>2026-07-29T13:26:00Z</time></trkpt>
    <trkpt lat="47.60335" lon="14.15623"><ele>1702</ele><time>2026-07-29T13:26:29Z</time></trkpt>
    <trkpt lat="47.60322" lon="14.15583"><ele>1702</ele><time>2026-07-29T13:26:58Z</time></trkpt>
    <trkpt lat="47.60303" lon="14.15544"><ele>1699</ele><time>2026-07-29T13:27:28Z</time></trkpt>
    <trkpt lat="47.60288" lon="14.15507"><ele>1699</ele><time>2026-07-29T13:27:57Z</time></trkpt>
    <trkpt lat="47.60279" lon="14.15468"><ele>1695</ele><time>2026-07-29T13:28:26Z</time></trkpt>
    <trkpt lat="47.60280" lon="14.15422"><ele>1696</ele><time>2026-07-29T13:28:56Z</time></trkpt>
    <trkpt lat="47.60274" lon="14.15397"><ele>1693</ele><time>2026-07-29T13:29:25Z</time></trkpt>
    <trkpt lat="47.60278" lon="14.15363"><ele>1694</ele><time>2026-07-29T13:34:18Z</time></trkpt>
    <trkpt lat="47.60293" lon="14.15317"><ele>1697</ele><time>2026-07-29T13:34:48Z</time></trkpt>
    <trkpt lat="47.60294" lon="14.15274"><ele>1695</ele><time>2026-07-29T13:35:17Z</time></trkpt>
    <trkpt lat="47.60294" lon="14.15228"><ele>1693</ele><time>2026-07-29T13:35:46Z</time></trkpt>
    <trkpt lat="47.60298" lon="14.15189"><ele>1692</ele><time>2026-07-29T13:36:16Z</time></trkpt>
    <trkpt lat="47.60296" lon="14.15146"><ele>1690</ele><time>2026-07-29T13:36:45Z</time></trkpt>
    <trkpt lat="47.60306" lon="14.15105"><ele>1689</ele><time>2026-07-29T13:37:14Z</time></trkpt>
    <trkpt lat="47.60315" lon="14.15063"><ele>1688</ele><time>2026-07-29T13:37:44Z</time></trkpt>
    <trkpt lat="47.60313" lon="14.15023"><ele>1686</ele><time>2026-07-29T13:38:13Z</time></trkpt>
    <trkpt lat="47.60315" lon="14.14978"><ele>1683</ele><time>2026-07-29T13:38:42Z</time></trkpt>
    <trkpt lat="47.60318" lon="14.14933"><ele>1681</ele><time>2026-07-29T13:39:12Z</time></trkpt>
    <trkpt lat="47.60318" lon="14.14886"><ele>1680</ele><time>2026-07-29T13:39:41Z</time></trkpt>
    <trkpt lat="47.60318" lon="14.14843"><ele>1678</ele><time>2026-07-29T13:40:10Z</time></trkpt>
    <trkpt lat="47.60328" lon="14.14810"><ele>1683</ele><time>2026-07-29T13:40:40Z</time></trkpt>
    <trkpt lat="47.60342" lon="14.14791"><ele>1682</ele><time>2026-07-29T13:41:09Z</time></trkpt>
    <trkpt lat="47.60365" lon="14.14792"><ele>1682</ele><time>2026-07-29T13:41:38Z</time></trkpt>
    <trkpt lat="47.60374" lon="14.14766"><ele>1684</ele><time>2026-07-29T13:42:08Z</time></trkpt>
    <trkpt lat="47.60391" lon="14.14738"><ele>1685</ele><time>2026-07-29T13:42:37Z</time></trkpt>
    <trkpt lat="47.60406" lon="14.14710"><ele>1685</ele><time>2026-07-29T13:43:06Z</time></trkpt>
    <trkpt lat="47.60547" lon="14.14612"><ele>1813</ele><time>2026-07-29T13:43:45Z</time></trkpt>
    <trkpt lat="47.60408" lon="14.14711"><ele>1669</ele><time>2026-07-29T13:43:55Z</time></trkpt>
    <trkpt lat="47.60419" lon="14.14706"><ele>1692</ele><time>2026-07-29T13:44:39Z</time></trkpt>
    <trkpt lat="47.60371" lon="14.14638"><ele>1724</ele><time>2026-07-29T13:45:46Z</time></trkpt>
    <trkpt lat="47.60382" lon="14.14696"><ele>1678</ele><time>2026-07-29T13:45:58Z</time></trkpt>
    <trkpt lat="47.60406" lon="14.14705"><ele>1677</ele><time>2026-07-29T13:46:28Z</time></trkpt>
  </trkseg>
  <trkseg>
    <trkpt lat="47.60406" lon="14.14705"><ele>1677</ele><time>2026-07-29T13:46:28Z</time></trkpt>
    <trkpt lat="47.60421" lon="14.14644"><ele>1685</ele><time>2026-07-30T06:00:34Z</time></trkpt>
    <trkpt lat="47.60423" lon="14.14607"><ele>1688</ele><time>2026-07-30T06:01:03Z</time></trkpt>
    <trkpt lat="47.60430" lon="14.14569"><ele>1682</ele><time>2026-07-30T06:01:33Z</time></trkpt>
    <trkpt lat="47.60441" lon="14.14534"><ele>1682</ele><time>2026-07-30T06:02:02Z</time></trkpt>
    <trkpt lat="47.60443" lon="14.14494"><ele>1683</ele><time>2026-07-30T06:02:31Z</time></trkpt>
    <trkpt lat="47.60449" lon="14.14468"><ele>1687</ele><time>2026-07-30T06:03:01Z</time></trkpt>
    <trkpt lat="47.60462" lon="14.14430"><ele>1689</ele><time>2026-07-30T06:03:30Z</time></trkpt>
    <trkpt lat="47.60487" lon="14.14407"><ele>1689</ele><time>2026-07-30T06:03:59Z</time></trkpt>
    <trkpt lat="47.60506" lon="14.14369"><ele>1689</ele><time>2026-07-30T06:04:29Z</time></trkpt>
    <trkpt lat="47.60518" lon="14.14339"><ele>1693</ele><time>2026-07-30T06:04:58Z</time></trkpt>
    <trkpt lat="47.60534" lon="14.14312"><ele>1697</ele><time>2026-07-30T06:05:27Z</time></trkpt>
    <trkpt lat="47.60541" lon="14.14290"><ele>1699</ele><time>2026-07-30T06:05:57Z</time></trkpt>
    <trkpt lat="47.60556" lon="14.14279"><ele>1705</ele><time>2026-07-30T06:06:26Z</time></trkpt>
    <trkpt lat="47.60563" lon="14.14255"><ele>1709</ele><time>2026-07-30T06:06:55Z</time></trkpt>
    <trkpt lat="47.60580" lon="14.14233"><ele>1709</ele><time>2026-07-30T06:07:25Z</time></trkpt>
    <trkpt lat="47.60591" lon="14.14225"><ele>1713</ele><time>2026-07-30T06:07:54Z</time></trkpt>
    <trkpt lat="47.60602" lon="14.14220"><ele>1717</ele><time>2026-07-30T06:08:23Z</time></trkpt>
    <trkpt lat="47.60611" lon="14.14194"><ele>1721</ele><time>2026-07-30T06:08:52Z</time></trkpt>
    <trkpt lat="47.60627" lon="14.14176"><ele>1723</ele><time>2026-07-30T06:09:21Z</time></trkpt>
    <trkpt lat="47.60634" lon="14.14145"><ele>1726</ele><time>2026-07-30T06:09:50Z</time></trkpt>
    <trkpt lat="47.60644" lon="14.14117"><ele>1728</ele><time>2026-07-30T06:10:19Z</time></trkpt>
    <trkpt lat="47.60657" lon="14.14094"><ele>1732</ele><time>2026-07-30T06:10:49Z</time></trkpt>
    <trkpt lat="47.60676" lon="14.14067"><ele>1733</ele><time>2026-07-30T06:11:18Z</time></trkpt>
    <trkpt lat="47.60693" lon="14.14041"><ele>1732</ele><time>2026-07-30T06:11:47Z</time></trkpt>
    <trkpt lat="47.60717" lon="14.14029"><ele>1734</ele><time>2026-07-30T06:12:17Z</time></trkpt>
    <trkpt lat="47.60745" lon="14.14021"><ele>1737</ele><time>2026-07-30T06:12:46Z</time></trkpt>
    <trkpt lat="47.60772" lon="14.14008"><ele>1733</ele><time>2026-07-30T06:13:15Z</time></trkpt>
    <trkpt lat="47.60801" lon="14.14004"><ele>1732</ele><time>2026-07-30T06:13:45Z</time></trkpt>
    <trkpt lat="47.60822" lon="14.14009"><ele>1733</ele><time>2026-07-30T06:14:14Z</time></trkpt>
    <trkpt lat="47.60829" lon="14.13990"><ele>1734</ele><time>2026-07-30T06:14:43Z</time></trkpt>
    <trkpt lat="47.60831" lon="14.13968"><ele>1737</ele><time>2026-07-30T06:15:42Z</time></trkpt>
    <trkpt lat="47.60841" lon="14.13935"><ele>1735</ele><time>2026-07-30T06:16:11Z</time></trkpt>
    <trkpt lat="47.60853" lon="14.13911"><ele>1740</ele><time>2026-07-30T06:16:41Z</time></trkpt>
    <trkpt lat="47.60872" lon="14.13886"><ele>1746</ele><time>2026-07-30T06:17:10Z</time></trkpt>
    <trkpt lat="47.60892" lon="14.13879"><ele>1751</ele><time>2026-07-30T06:17:39Z</time></trkpt>
    <trkpt lat="47.60898" lon="14.13843"><ele>1753</ele><time>2026-07-30T06:18:09Z</time></trkpt>
    <trkpt lat="47.60904" lon="14.13825"><ele>1755</ele><time>2026-07-30T06:18:38Z</time></trkpt>
    <trkpt lat="47.60924" lon="14.13813"><ele>1759</ele><time>2026-07-30T06:19:07Z</time></trkpt>
    <trkpt lat="47.60944" lon="14.13798"><ele>1764</ele><time>2026-07-30T06:19:37Z</time></trkpt>
    <trkpt lat="47.60970" lon="14.13784"><ele>1765</ele><time>2026-07-30T06:20:06Z</time></trkpt>
    <trkpt lat="47.61000" lon="14.13788"><ele>1765</ele><time>2026-07-30T06:20:35Z</time></trkpt>
    <trkpt lat="47.61030" lon="14.13798"><ele>1762</ele><time>2026-07-30T06:21:05Z</time></trkpt>
    <trkpt lat="47.61064" lon="14.13795"><ele>1761</ele><time>2026-07-30T06:21:34Z</time></trkpt>
    <trkpt lat="47.61071" lon="14.13786"><ele>1761</ele><time>2026-07-30T06:22:03Z</time></trkpt>
    <trkpt lat="47.61083" lon="14.13793"><ele>1759</ele><time>2026-07-30T06:22:33Z</time></trkpt>
    <trkpt lat="47.61098" lon="14.13789"><ele>1758</ele><time>2026-07-30T06:24:01Z</time></trkpt>
    <trkpt lat="47.61109" lon="14.13801"><ele>1757</ele><time>2026-07-30T06:24:30Z</time></trkpt>
    <trkpt lat="47.61107" lon="14.13814"><ele>1753</ele><time>2026-07-30T06:24:59Z</time></trkpt>
    <trkpt lat="47.61108" lon="14.13853"><ele>1748</ele><time>2026-07-30T06:25:29Z</time></trkpt>
    <trkpt lat="47.61114" lon="14.13872"><ele>1745</ele><time>2026-07-30T06:25:58Z</time></trkpt>
    <trkpt lat="47.61132" lon="14.13902"><ele>1742</ele><time>2026-07-30T06:26:27Z</time></trkpt>
    <trkpt lat="47.61141" lon="14.13940"><ele>1736</ele><time>2026-07-30T06:26:57Z</time></trkpt>
    <trkpt lat="47.61160" lon="14.13967"><ele>1733</ele><time>2026-07-30T06:27:26Z</time></trkpt>
    <trkpt lat="47.61180" lon="14.13976"><ele>1729</ele><time>2026-07-30T06:27:55Z</time></trkpt>
    <trkpt lat="47.61199" lon="14.13982"><ele>1720</ele><time>2026-07-30T06:28:25Z</time></trkpt>
    <trkpt lat="47.61217" lon="14.14003"><ele>1715</ele><time>2026-07-30T06:28:54Z</time></trkpt>
    <trkpt lat="47.61241" lon="14.13994"><ele>1708</ele><time>2026-07-30T06:29:23Z</time></trkpt>
    <trkpt lat="47.61256" lon="14.13979"><ele>1704</ele><time>2026-07-30T06:29:53Z</time></trkpt>
    <trkpt lat="47.61268" lon="14.13997"><ele>1702</ele><time>2026-07-30T06:30:22Z</time></trkpt>
    <trkpt lat="47.61278" lon="14.14014"><ele>1696</ele><time>2026-07-30T06:30:51Z</time></trkpt>
    <trkpt lat="47.61300" lon="14.13999"><ele>1694</ele><time>2026-07-30T06:31:21Z</time></trkpt>
    <trkpt lat="47.61306" lon="14.14016"><ele>1686</ele><time>2026-07-30T06:31:50Z</time></trkpt>
    <trkpt lat="47.61327" lon="14.14014"><ele>1679</ele><time>2026-07-30T06:32:19Z</time></trkpt>
    <trkpt lat="47.61338" lon="14.14012"><ele>1670</ele><time>2026-07-30T06:32:49Z</time></trkpt>
    <trkpt lat="47.61350" lon="14.14013"><ele>1665</ele><time>2026-07-30T06:33:18Z</time></trkpt>
    <trkpt lat="47.61353" lon="14.14042"><ele>1660</ele><time>2026-07-30T06:34:46Z</time></trkpt>
    <trkpt lat="47.61370" lon="14.14020"><ele>1656</ele><time>2026-07-30T06:35:15Z</time></trkpt>
    <trkpt lat="47.61378" lon="14.14034"><ele>1649</ele><time>2026-07-30T06:35:45Z</time></trkpt>
    <trkpt lat="47.61393" lon="14.14023"><ele>1641</ele><time>2026-07-30T06:36:14Z</time></trkpt>
    <trkpt lat="47.61406" lon="14.14003"><ele>1637</ele><time>2026-07-30T06:36:43Z</time></trkpt>
    <trkpt lat="47.61428" lon="14.14005"><ele>1624</ele><time>2026-07-30T06:37:42Z</time></trkpt>
    <trkpt lat="47.61446" lon="14.13997"><ele>1619</ele><time>2026-07-30T06:38:11Z</time></trkpt>
    <trkpt lat="47.61457" lon="14.14018"><ele>1614</ele><time>2026-07-30T06:38:41Z</time></trkpt>
    <trkpt lat="47.61475" lon="14.14007"><ele>1604</ele><time>2026-07-30T06:39:10Z</time></trkpt>
    <trkpt lat="47.61487" lon="14.14010"><ele>1601</ele><time>2026-07-30T06:39:39Z</time></trkpt>
    <trkpt lat="47.61492" lon="14.14023"><ele>1597</ele><time>2026-07-30T06:40:09Z</time></trkpt>
    <trkpt lat="47.61509" lon="14.14018"><ele>1592</ele><time>2026-07-30T06:40:38Z</time></trkpt>
    <trkpt lat="47.61523" lon="14.14015"><ele>1586</ele><time>2026-07-30T06:41:07Z</time></trkpt>
    <trkpt lat="47.61532" lon="14.14028"><ele>1579</ele><time>2026-07-30T06:41:37Z</time></trkpt>
    <trkpt lat="47.61547" lon="14.14036"><ele>1573</ele><time>2026-07-30T06:42:06Z</time></trkpt>
    <trkpt lat="47.61562" lon="14.14041"><ele>1566</ele><time>2026-07-30T06:42:35Z</time></trkpt>
    <trkpt lat="47.61573" lon="14.14017"><ele>1560</ele><time>2026-07-30T06:43:05Z</time></trkpt>
    <trkpt lat="47.61584" lon="14.14024"><ele>1557</ele><time>2026-07-30T06:43:34Z</time></trkpt>
    <trkpt lat="47.61600" lon="14.14028"><ele>1553</ele><time>2026-07-30T06:44:03Z</time></trkpt>
    <trkpt lat="47.61612" lon="14.14040"><ele>1545</ele><time>2026-07-30T06:44:33Z</time></trkpt>
    <trkpt lat="47.61626" lon="14.14058"><ele>1541</ele><time>2026-07-30T06:45:02Z</time></trkpt>
    <trkpt lat="47.61647" lon="14.14047"><ele>1533</ele><time>2026-07-30T06:45:31Z</time></trkpt>
    <trkpt lat="47.61668" lon="14.14038"><ele>1527</ele><time>2026-07-30T06:46:01Z</time></trkpt>
    <trkpt lat="47.61682" lon="14.14025"><ele>1522</ele><time>2026-07-30T06:46:30Z</time></trkpt>
    <trkpt lat="47.61693" lon="14.14007"><ele>1518</ele><time>2026-07-30T06:46:59Z</time></trkpt>
    <trkpt lat="47.61697" lon="14.13991"><ele>1513</ele><time>2026-07-30T06:48:27Z</time></trkpt>
    <trkpt lat="47.61718" lon="14.13979"><ele>1510</ele><time>2026-07-30T06:48:57Z</time></trkpt>
    <trkpt lat="47.61729" lon="14.13927"><ele>1515</ele><time>2026-07-30T06:49:26Z</time></trkpt>
    <trkpt lat="47.61734" lon="14.13906"><ele>1509</ele><time>2026-07-30T06:49:55Z</time></trkpt>
    <trkpt lat="47.61743" lon="14.13890"><ele>1502</ele><time>2026-07-30T06:56:17Z</time></trkpt>
    <trkpt lat="47.61760" lon="14.13850"><ele>1502</ele><time>2026-07-30T06:56:46Z</time></trkpt>
    <trkpt lat="47.61779" lon="14.13818"><ele>1502</ele><time>2026-07-30T06:57:15Z</time></trkpt>
    <trkpt lat="47.61798" lon="14.13784"><ele>1499</ele><time>2026-07-30T06:57:45Z</time></trkpt>
    <trkpt lat="47.61807" lon="14.13752"><ele>1495</ele><time>2026-07-30T06:58:14Z</time></trkpt>
    <trkpt lat="47.61814" lon="14.13714"><ele>1493</ele><time>2026-07-30T06:58:43Z</time></trkpt>
    <trkpt lat="47.61811" lon="14.13664"><ele>1492</ele><time>2026-07-30T06:59:13Z</time></trkpt>
    <trkpt lat="47.61802" lon="14.13624"><ele>1489</ele><time>2026-07-30T06:59:42Z</time></trkpt>
    <trkpt lat="47.61803" lon="14.13575"><ele>1486</ele><time>2026-07-30T07:00:11Z</time></trkpt>
    <trkpt lat="47.61802" lon="14.13535"><ele>1484</ele><time>2026-07-30T07:00:41Z</time></trkpt>
    <trkpt lat="47.61795" lon="14.13513"><ele>1487</ele><time>2026-07-30T07:01:10Z</time></trkpt>
    <trkpt lat="47.61808" lon="14.13505"><ele>1484</ele><time>2026-07-30T07:01:39Z</time></trkpt>
    <trkpt lat="47.61803" lon="14.13456"><ele>1481</ele><time>2026-07-30T07:02:09Z</time></trkpt>
    <trkpt lat="47.61799" lon="14.13409"><ele>1478</ele><time>2026-07-30T07:02:38Z</time></trkpt>
    <trkpt lat="47.61793" lon="14.13361"><ele>1476</ele><time>2026-07-30T07:05:34Z</time></trkpt>
    <trkpt lat="47.61796" lon="14.13332"><ele>1473</ele><time>2026-07-30T07:06:33Z</time></trkpt>
    <trkpt lat="47.61786" lon="14.13284"><ele>1472</ele><time>2026-07-30T07:07:02Z</time></trkpt>
    <trkpt lat="47.61778" lon="14.13233"><ele>1471</ele><time>2026-07-30T07:07:31Z</time></trkpt>
    <trkpt lat="47.61778" lon="14.13179"><ele>1472</ele><time>2026-07-30T07:08:01Z</time></trkpt>
    <trkpt lat="47.61776" lon="14.13134"><ele>1472</ele><time>2026-07-30T07:08:30Z</time></trkpt>
    <trkpt lat="47.61771" lon="14.13082"><ele>1472</ele><time>2026-07-30T07:08:59Z</time></trkpt>
    <trkpt lat="47.61763" lon="14.13029"><ele>1471</ele><time>2026-07-30T07:09:29Z</time></trkpt>
    <trkpt lat="47.61748" lon="14.12985"><ele>1471</ele><time>2026-07-30T07:09:58Z</time></trkpt>
    <trkpt lat="47.61742" lon="14.12974"><ele>1471</ele><time>2026-07-30T07:10:27Z</time></trkpt>
    <trkpt lat="47.61719" lon="14.12938"><ele>1469</ele><time>2026-07-30T07:10:57Z</time></trkpt>
    <trkpt lat="47.61707" lon="14.12910"><ele>1471</ele><time>2026-07-30T07:11:26Z</time></trkpt>
    <trkpt lat="47.61702" lon="14.12879"><ele>1472</ele><time>2026-07-30T07:11:55Z</time></trkpt>
    <trkpt lat="47.61689" lon="14.12848"><ele>1479</ele><time>2026-07-30T07:12:25Z</time></trkpt>
    <trkpt lat="47.61682" lon="14.12824"><ele>1481</ele><time>2026-07-30T07:12:54Z</time></trkpt>
    <trkpt lat="47.61663" lon="14.12794"><ele>1487</ele><time>2026-07-30T07:13:23Z</time></trkpt>
    <trkpt lat="47.61651" lon="14.12760"><ele>1489</ele><time>2026-07-30T07:13:52Z</time></trkpt>
    <trkpt lat="47.61638" lon="14.12729"><ele>1493</ele><time>2026-07-30T07:14:21Z</time></trkpt>
    <trkpt lat="47.61623" lon="14.12693"><ele>1495</ele><time>2026-07-30T07:14:50Z</time></trkpt>
    <trkpt lat="47.61607" lon="14.12659"><ele>1497</ele><time>2026-07-30T07:15:19Z</time></trkpt>
    <trkpt lat="47.61597" lon="14.12619"><ele>1500</ele><time>2026-07-30T07:15:49Z</time></trkpt>
    <trkpt lat="47.61574" lon="14.12584"><ele>1500</ele><time>2026-07-30T07:16:18Z</time></trkpt>
    <trkpt lat="47.61566" lon="14.12544"><ele>1500</ele><time>2026-07-30T07:16:47Z</time></trkpt>
    <trkpt lat="47.61555" lon="14.12497"><ele>1499</ele><time>2026-07-30T07:17:17Z</time></trkpt>
    <trkpt lat="47.61541" lon="14.12445"><ele>1497</ele><time>2026-07-30T07:17:46Z</time></trkpt>
    <trkpt lat="47.61534" lon="14.12397"><ele>1496</ele><time>2026-07-30T07:18:15Z</time></trkpt>
    <trkpt lat="47.61514" lon="14.12352"><ele>1497</ele><time>2026-07-30T07:18:45Z</time></trkpt>
    <trkpt lat="47.61496" lon="14.12305"><ele>1495</ele><time>2026-07-30T07:19:14Z</time></trkpt>
    <trkpt lat="47.61487" lon="14.12261"><ele>1494</ele><time>2026-07-30T07:19:43Z</time></trkpt>
    <trkpt lat="47.61474" lon="14.12213"><ele>1492</ele><time>2026-07-30T07:20:13Z</time></trkpt>
    <trkpt lat="47.61470" lon="14.12156"><ele>1494</ele><time>2026-07-30T07:20:42Z</time></trkpt>
    <trkpt lat="47.61463" lon="14.12103"><ele>1490</ele><time>2026-07-30T07:21:11Z</time></trkpt>
    <trkpt lat="47.61457" lon="14.12049"><ele>1489</ele><time>2026-07-30T07:21:41Z</time></trkpt>
    <trkpt lat="47.61455" lon="14.11999"><ele>1487</ele><time>2026-07-30T07:22:10Z</time></trkpt>
    <trkpt lat="47.61449" lon="14.11948"><ele>1488</ele><time>2026-07-30T07:22:39Z</time></trkpt>
    <trkpt lat="47.61449" lon="14.11900"><ele>1488</ele><time>2026-07-30T07:23:09Z</time></trkpt>
    <trkpt lat="47.61448" lon="14.11849"><ele>1485</ele><time>2026-07-30T07:23:38Z</time></trkpt>
    <trkpt lat="47.61451" lon="14.11803"><ele>1482</ele><time>2026-07-30T07:24:07Z</time></trkpt>
    <trkpt lat="47.61453" lon="14.11752"><ele>1479</ele><time>2026-07-30T07:24:37Z</time></trkpt>
    <trkpt lat="47.61450" lon="14.11706"><ele>1480</ele><time>2026-07-30T07:25:06Z</time></trkpt>
    <trkpt lat="47.61444" lon="14.11666"><ele>1480</ele><time>2026-07-30T07:25:35Z</time></trkpt>
    <trkpt lat="47.61437" lon="14.11630"><ele>1479</ele><time>2026-07-30T07:26:05Z</time></trkpt>
    <trkpt lat="47.61430" lon="14.11595"><ele>1479</ele><time>2026-07-30T07:26:34Z</time></trkpt>
    <trkpt lat="47.61429" lon="14.11571"><ele>1478</ele><time>2026-07-30T07:27:03Z</time></trkpt>
    <trkpt lat="47.61434" lon="14.11556"><ele>1486</ele><time>2026-07-30T07:28:02Z</time></trkpt>
    <trkpt lat="47.61428" lon="14.11516"><ele>1476</ele><time>2026-07-30T07:28:31Z</time></trkpt>
    <trkpt lat="47.61410" lon="14.11476"><ele>1467</ele><time>2026-07-30T07:29:01Z</time></trkpt>
    <trkpt lat="47.61387" lon="14.11445"><ele>1465</ele><time>2026-07-30T07:29:30Z</time></trkpt>
    <trkpt lat="47.61357" lon="14.11413"><ele>1465</ele><time>2026-07-30T07:29:59Z</time></trkpt>
    <trkpt lat="47.61330" lon="14.11380"><ele>1465</ele><time>2026-07-30T07:30:29Z</time></trkpt>
    <trkpt lat="47.61302" lon="14.11349"><ele>1462</ele><time>2026-07-30T07:30:58Z</time></trkpt>
    <trkpt lat="47.61282" lon="14.11308"><ele>1460</ele><time>2026-07-30T07:31:27Z</time></trkpt>
    <trkpt lat="47.61244" lon="14.11297"><ele>1462</ele><time>2026-07-30T07:31:57Z</time></trkpt>
    <trkpt lat="47.61225" lon="14.11294"><ele>1465</ele><time>2026-07-30T07:32:26Z</time></trkpt>
    <trkpt lat="47.61228" lon="14.11281"><ele>1470</ele><time>2026-07-30T07:36:23Z</time></trkpt>
    <trkpt lat="47.61215" lon="14.11286"><ele>1470</ele><time>2026-07-30T07:36:53Z</time></trkpt>
    <trkpt lat="47.61198" lon="14.11260"><ele>1465</ele><time>2026-07-30T07:37:22Z</time></trkpt>
    <trkpt lat="47.61184" lon="14.11236"><ele>1462</ele><time>2026-07-30T07:37:51Z</time></trkpt>
    <trkpt lat="47.61162" lon="14.11223"><ele>1460</ele><time>2026-07-30T07:38:21Z</time></trkpt>
    <trkpt lat="47.61146" lon="14.11190"><ele>1462</ele><time>2026-07-30T07:38:50Z</time></trkpt>
    <trkpt lat="47.61124" lon="14.11156"><ele>1457</ele><time>2026-07-30T07:39:19Z</time></trkpt>
    <trkpt lat="47.61098" lon="14.11124"><ele>1452</ele><time>2026-07-30T07:39:49Z</time></trkpt>
    <trkpt lat="47.61069" lon="14.11102"><ele>1454</ele><time>2026-07-30T07:40:18Z</time></trkpt>
    <trkpt lat="47.61048" lon="14.11086"><ele>1453</ele><time>2026-07-30T07:40:47Z</time></trkpt>
    <trkpt lat="47.61017" lon="14.11062"><ele>1454</ele><time>2026-07-30T07:41:17Z</time></trkpt>
    <trkpt lat="47.60991" lon="14.11033"><ele>1453</ele><time>2026-07-30T07:41:46Z</time></trkpt>
    <trkpt lat="47.60966" lon="14.11006"><ele>1451</ele><time>2026-07-30T07:42:15Z</time></trkpt>
    <trkpt lat="47.60947" lon="14.10975"><ele>1452</ele><time>2026-07-30T07:42:45Z</time></trkpt>
    <trkpt lat="47.60935" lon="14.10938"><ele>1449</ele><time>2026-07-30T07:43:14Z</time></trkpt>
    <trkpt lat="47.60922" lon="14.10905"><ele>1446</ele><time>2026-07-30T07:43:43Z</time></trkpt>
    <trkpt lat="47.60917" lon="14.10865"><ele>1443</ele><time>2026-07-30T07:44:13Z</time></trkpt>
    <trkpt lat="47.60909" lon="14.10820"><ele>1443</ele><time>2026-07-30T07:44:42Z</time></trkpt>
    <trkpt lat="47.60903" lon="14.10785"><ele>1440</ele><time>2026-07-30T07:45:11Z</time></trkpt>
    <trkpt lat="47.60902" lon="14.10740"><ele>1437</ele><time>2026-07-30T07:46:39Z</time></trkpt>
    <trkpt lat="47.60902" lon="14.10695"><ele>1432</ele><time>2026-07-30T07:47:09Z</time></trkpt>
    <trkpt lat="47.60903" lon="14.10653"><ele>1429</ele><time>2026-07-30T07:47:38Z</time></trkpt>
    <trkpt lat="47.60912" lon="14.10626"><ele>1424</ele><time>2026-07-30T07:48:07Z</time></trkpt>
    <trkpt lat="47.60921" lon="14.10597"><ele>1419</ele><time>2026-07-30T07:48:37Z</time></trkpt>
    <trkpt lat="47.60928" lon="14.10567"><ele>1415</ele><time>2026-07-30T07:49:06Z</time></trkpt>
    <trkpt lat="47.60933" lon="14.10533"><ele>1409</ele><time>2026-07-30T07:49:35Z</time></trkpt>
    <trkpt lat="47.60938" lon="14.10505"><ele>1400</ele><time>2026-07-30T07:50:05Z</time></trkpt>
    <trkpt lat="47.60944" lon="14.10520"><ele>1398</ele><time>2026-07-30T07:50:34Z</time></trkpt>
    <trkpt lat="47.60955" lon="14.10545"><ele>1395</ele><time>2026-07-30T07:51:03Z</time></trkpt>
    <trkpt lat="47.60970" lon="14.10542"><ele>1389</ele><time>2026-07-30T07:52:31Z</time></trkpt>
    <trkpt lat="47.60982" lon="14.10544"><ele>1390</ele><time>2026-07-30T07:53:01Z</time></trkpt>
    <trkpt lat="47.60992" lon="14.10552"><ele>1394</ele><time>2026-07-30T07:53:30Z</time></trkpt>
    <trkpt lat="47.61002" lon="14.10531"><ele>1399</ele><time>2026-07-30T07:53:59Z</time></trkpt>
    <trkpt lat="47.61009" lon="14.10511"><ele>1402</ele><time>2026-07-30T07:54:29Z</time></trkpt>
    <trkpt lat="47.61005" lon="14.10493"><ele>1409</ele><time>2026-07-30T07:54:58Z</time></trkpt>
    <trkpt lat="47.60999" lon="14.10471"><ele>1412</ele><time>2026-07-30T07:55:27Z</time></trkpt>
    <trkpt lat="47.61001" lon="14.10444"><ele>1418</ele><time>2026-07-30T07:55:57Z</time></trkpt>
    <trkpt lat="47.61004" lon="14.10416"><ele>1418</ele><time>2026-07-30T07:56:26Z</time></trkpt>
    <trkpt lat="47.60996" lon="14.10387"><ele>1422</ele><time>2026-07-30T07:56:55Z</time></trkpt>
    <trkpt lat="47.60992" lon="14.10363"><ele>1429</ele><time>2026-07-30T07:57:25Z</time></trkpt>
    <trkpt lat="47.60985" lon="14.10332"><ele>1432</ele><time>2026-07-30T07:58:23Z</time></trkpt>
    <trkpt lat="47.60981" lon="14.10300"><ele>1439</ele><time>2026-07-30T07:58:53Z</time></trkpt>
    <trkpt lat="47.60990" lon="14.10274"><ele>1443</ele><time>2026-07-30T07:59:22Z</time></trkpt>
    <trkpt lat="47.60991" lon="14.10248"><ele>1443</ele><time>2026-07-30T07:59:51Z</time></trkpt>
    <trkpt lat="47.60990" lon="14.10224"><ele>1446</ele><time>2026-07-30T08:00:21Z</time></trkpt>
    <trkpt lat="47.60999" lon="14.10201"><ele>1451</ele><time>2026-07-30T08:00:50Z</time></trkpt>
    <trkpt lat="47.61006" lon="14.10168"><ele>1456</ele><time>2026-07-30T08:01:19Z</time></trkpt>
    <trkpt lat="47.61012" lon="14.10140"><ele>1458</ele><time>2026-07-30T08:01:49Z</time></trkpt>
    <trkpt lat="47.61021" lon="14.10116"><ele>1460</ele><time>2026-07-30T08:02:18Z</time></trkpt>
    <trkpt lat="47.61030" lon="14.10090"><ele>1459</ele><time>2026-07-30T08:02:47Z</time></trkpt>
    <trkpt lat="47.61034" lon="14.10060"><ele>1465</ele><time>2026-07-30T08:03:17Z</time></trkpt>
    <trkpt lat="47.61032" lon="14.10032"><ele>1469</ele><time>2026-07-30T08:03:46Z</time></trkpt>
    <trkpt lat="47.61035" lon="14.10015"><ele>1474</ele><time>2026-07-30T08:04:15Z</time></trkpt>
    <trkpt lat="47.61026" lon="14.09988"><ele>1477</ele><time>2026-07-30T08:04:45Z</time></trkpt>
    <trkpt lat="47.61035" lon="14.09957"><ele>1480</ele><time>2026-07-30T08:05:14Z</time></trkpt>
    <trkpt lat="47.61031" lon="14.09932"><ele>1482</ele><time>2026-07-30T08:05:43Z</time></trkpt>
    <trkpt lat="47.61017" lon="14.09910"><ele>1483</ele><time>2026-07-30T08:06:13Z</time></trkpt>
    <trkpt lat="47.61010" lon="14.09878"><ele>1486</ele><time>2026-07-30T08:06:42Z</time></trkpt>
    <trkpt lat="47.61001" lon="14.09850"><ele>1489</ele><time>2026-07-30T08:07:11Z</time></trkpt>
    <trkpt lat="47.60989" lon="14.09833"><ele>1494</ele><time>2026-07-30T08:07:41Z</time></trkpt>
    <trkpt lat="47.60981" lon="14.09812"><ele>1494</ele><time>2026-07-30T08:08:10Z</time></trkpt>
    <trkpt lat="47.60976" lon="14.09793"><ele>1497</ele><time>2026-07-30T08:08:39Z</time></trkpt>
    <trkpt lat="47.60974" lon="14.09778"><ele>1502</ele><time>2026-07-30T08:09:09Z</time></trkpt>
    <trkpt lat="47.60961" lon="14.09755"><ele>1507</ele><time>2026-07-30T08:09:38Z</time></trkpt>
    <trkpt lat="47.60944" lon="14.09740"><ele>1518</ele><time>2026-07-30T08:10:37Z</time></trkpt>
    <trkpt lat="47.60933" lon="14.09739"><ele>1522</ele><time>2026-07-30T08:11:06Z</time></trkpt>
    <trkpt lat="47.60909" lon="14.09742"><ele>1531</ele><time>2026-07-30T08:12:05Z</time></trkpt>
    <trkpt lat="47.60903" lon="14.09752"><ele>1535</ele><time>2026-07-30T08:12:34Z</time></trkpt>
    <trkpt lat="47.60904" lon="14.09732"><ele>1537</ele><time>2026-07-30T08:13:03Z</time></trkpt>
    <trkpt lat="47.60903" lon="14.09713"><ele>1539</ele><time>2026-07-30T08:13:33Z</time></trkpt>
    <trkpt lat="47.60899" lon="14.09699"><ele>1544</ele><time>2026-07-30T08:14:02Z</time></trkpt>
    <trkpt lat="47.60889" lon="14.09674"><ele>1557</ele><time>2026-07-30T08:15:01Z</time></trkpt>
    <trkpt lat="47.60878" lon="14.09673"><ele>1565</ele><time>2026-07-30T08:15:59Z</time></trkpt>
    <trkpt lat="47.60873" lon="14.09657"><ele>1567</ele><time>2026-07-30T08:16:29Z</time></trkpt>
    <trkpt lat="47.60859" lon="14.09661"><ele>1572</ele><time>2026-07-30T08:16:58Z</time></trkpt>
    <trkpt lat="47.60846" lon="14.09667"><ele>1582</ele><time>2026-07-30T08:17:57Z</time></trkpt>
    <trkpt lat="47.60842" lon="14.09650"><ele>1580</ele><time>2026-07-30T08:18:26Z</time></trkpt>
    <trkpt lat="47.60825" lon="14.09653"><ele>1592</ele><time>2026-07-30T08:18:55Z</time></trkpt>
    <trkpt lat="47.60809" lon="14.09645"><ele>1603</ele><time>2026-07-30T08:20:23Z</time></trkpt>
    <trkpt lat="47.60800" lon="14.09643"><ele>1607</ele><time>2026-07-30T08:20:53Z</time></trkpt>
    <trkpt lat="47.60791" lon="14.09647"><ele>1620</ele><time>2026-07-30T08:21:51Z</time></trkpt>
    <trkpt lat="47.60780" lon="14.09655"><ele>1626</ele><time>2026-07-30T08:22:50Z</time></trkpt>
    <trkpt lat="47.60767" lon="14.09642"><ele>1632</ele><time>2026-07-30T08:23:19Z</time></trkpt>
    <trkpt lat="47.60777" lon="14.09605"><ele>1639</ele><time>2026-07-30T08:24:47Z</time></trkpt>
    <trkpt lat="47.60788" lon="14.09576"><ele>1638</ele><time>2026-07-30T08:25:17Z</time></trkpt>
    <trkpt lat="47.60794" lon="14.09547"><ele>1643</ele><time>2026-07-30T08:25:46Z</time></trkpt>
    <trkpt lat="47.60805" lon="14.09511"><ele>1648</ele><time>2026-07-30T08:26:15Z</time></trkpt>
    <trkpt lat="47.60806" lon="14.09469"><ele>1648</ele><time>2026-07-30T08:26:45Z</time></trkpt>
    <trkpt lat="47.60808" lon="14.09445"><ele>1642</ele><time>2026-07-30T08:27:14Z</time></trkpt>
    <trkpt lat="47.60808" lon="14.09430"><ele>1642</ele><time>2026-07-30T08:40:26Z</time></trkpt>
    <trkpt lat="47.60825" lon="14.09400"><ele>1642</ele><time>2026-07-30T08:40:55Z</time></trkpt>
    <trkpt lat="47.60844" lon="14.09362"><ele>1642</ele><time>2026-07-30T08:41:25Z</time></trkpt>
    <trkpt lat="47.60858" lon="14.09325"><ele>1641</ele><time>2026-07-30T08:41:54Z</time></trkpt>
    <trkpt lat="47.60873" lon="14.09288"><ele>1643</ele><time>2026-07-30T08:42:23Z</time></trkpt>
    <trkpt lat="47.60881" lon="14.09249"><ele>1646</ele><time>2026-07-30T08:42:53Z</time></trkpt>
    <trkpt lat="47.60888" lon="14.09213"><ele>1645</ele><time>2026-07-30T08:43:22Z</time></trkpt>
    <trkpt lat="47.60899" lon="14.09177"><ele>1645</ele><time>2026-07-30T08:43:51Z</time></trkpt>
    <trkpt lat="47.60905" lon="14.09141"><ele>1647</ele><time>2026-07-30T08:44:21Z</time></trkpt>
    <trkpt lat="47.60911" lon="14.09112"><ele>1650</ele><time>2026-07-30T08:44:50Z</time></trkpt>
    <trkpt lat="47.60909" lon="14.09084"><ele>1653</ele><time>2026-07-30T08:45:19Z</time></trkpt>
    <trkpt lat="47.60909" lon="14.09056"><ele>1654</ele><time>2026-07-30T08:46:18Z</time></trkpt>
    <trkpt lat="47.60906" lon="14.09023"><ele>1655</ele><time>2026-07-30T08:46:47Z</time></trkpt>
    <trkpt lat="47.60901" lon="14.08990"><ele>1654</ele><time>2026-07-30T08:47:17Z</time></trkpt>
    <trkpt lat="47.60900" lon="14.08952"><ele>1655</ele><time>2026-07-30T08:47:46Z</time></trkpt>
    <trkpt lat="47.60894" lon="14.08915"><ele>1655</ele><time>2026-07-30T08:48:15Z</time></trkpt>
    <trkpt lat="47.60890" lon="14.08883"><ele>1653</ele><time>2026-07-30T08:48:45Z</time></trkpt>
    <trkpt lat="47.60889" lon="14.08848"><ele>1655</ele><time>2026-07-30T08:49:14Z</time></trkpt>
    <trkpt lat="47.60892" lon="14.08802"><ele>1652</ele><time>2026-07-30T08:49:43Z</time></trkpt>
    <trkpt lat="47.60896" lon="14.08758"><ele>1650</ele><time>2026-07-30T08:50:13Z</time></trkpt>
    <trkpt lat="47.60902" lon="14.08710"><ele>1650</ele><time>2026-07-30T08:50:42Z</time></trkpt>
    <trkpt lat="47.60907" lon="14.08678"><ele>1650</ele><time>2026-07-30T08:51:11Z</time></trkpt>
    <trkpt lat="47.60916" lon="14.08629"><ele>1647</ele><time>2026-07-30T08:51:41Z</time></trkpt>
    <trkpt lat="47.60924" lon="14.08581"><ele>1645</ele><time>2026-07-30T08:52:10Z</time></trkpt>
    <trkpt lat="47.60927" lon="14.08531"><ele>1644</ele><time>2026-07-30T08:52:39Z</time></trkpt>
    <trkpt lat="47.60911" lon="14.08503"><ele>1644</ele><time>2026-07-30T08:53:09Z</time></trkpt>
    <trkpt lat="47.60903" lon="14.08483"><ele>1646</ele><time>2026-07-30T08:53:38Z</time></trkpt>
    <trkpt lat="47.60886" lon="14.08446"><ele>1645</ele><time>2026-07-30T08:54:07Z</time></trkpt>
    <trkpt lat="47.60888" lon="14.08402"><ele>1645</ele><time>2026-07-30T08:54:37Z</time></trkpt>
    <trkpt lat="47.60882" lon="14.08360"><ele>1644</ele><time>2026-07-30T08:55:06Z</time></trkpt>
    <trkpt lat="47.60860" lon="14.08334"><ele>1642</ele><time>2026-07-30T08:55:35Z</time></trkpt>
    <trkpt lat="47.60874" lon="14.08284"><ele>1644</ele><time>2026-07-30T08:56:34Z</time></trkpt>
    <trkpt lat="47.60870" lon="14.08239"><ele>1645</ele><time>2026-07-30T08:57:03Z</time></trkpt>
    <trkpt lat="47.60850" lon="14.08215"><ele>1649</ele><time>2026-07-30T08:57:33Z</time></trkpt>
    <trkpt lat="47.60827" lon="14.08196"><ele>1651</ele><time>2026-07-30T08:58:02Z</time></trkpt>
    <trkpt lat="47.60803" lon="14.08170"><ele>1651</ele><time>2026-07-30T08:58:31Z</time></trkpt>
    <trkpt lat="47.60784" lon="14.08131"><ele>1647</ele><time>2026-07-30T08:59:01Z</time></trkpt>
    <trkpt lat="47.60785" lon="14.08084"><ele>1648</ele><time>2026-07-30T08:59:30Z</time></trkpt>
    <trkpt lat="47.60788" lon="14.08034"><ele>1648</ele><time>2026-07-30T08:59:59Z</time></trkpt>
    <trkpt lat="47.60784" lon="14.08000"><ele>1648</ele><time>2026-07-30T09:00:29Z</time></trkpt>
    <trkpt lat="47.60779" lon="14.07986"><ele>1647</ele><time>2026-07-30T09:00:58Z</time></trkpt>
    <trkpt lat="47.60765" lon="14.07948"><ele>1649</ele><time>2026-07-30T09:01:27Z</time></trkpt>
    <trkpt lat="47.60747" lon="14.07910"><ele>1649</ele><time>2026-07-30T09:01:57Z</time></trkpt>
    <trkpt lat="47.60731" lon="14.07878"><ele>1646</ele><time>2026-07-30T09:02:26Z</time></trkpt>
    <trkpt lat="47.60724" lon="14.07837"><ele>1640</ele><time>2026-07-30T09:02:55Z</time></trkpt>
    <trkpt lat="47.60721" lon="14.07792"><ele>1640</ele><time>2026-07-30T09:03:25Z</time></trkpt>
    <trkpt lat="47.60719" lon="14.07750"><ele>1639</ele><time>2026-07-30T09:03:54Z</time></trkpt>
    <trkpt lat="47.60694" lon="14.07753"><ele>1640</ele><time>2026-07-30T09:04:23Z</time></trkpt>
    <trkpt lat="47.60671" lon="14.07751"><ele>1639</ele><time>2026-07-30T09:04:53Z</time></trkpt>
    <trkpt lat="47.60652" lon="14.07725"><ele>1639</ele><time>2026-07-30T09:05:22Z</time></trkpt>
    <trkpt lat="47.60634" lon="14.07701"><ele>1641</ele><time>2026-07-30T09:05:51Z</time></trkpt>
    <trkpt lat="47.60624" lon="14.07683"><ele>1645</ele><time>2026-07-30T09:06:21Z</time></trkpt>
    <trkpt lat="47.60624" lon="14.07654"><ele>1645</ele><time>2026-07-30T09:06:50Z</time></trkpt>
    <trkpt lat="47.60622" lon="14.07611"><ele>1647</ele><time>2026-07-30T09:07:19Z</time></trkpt>
    <trkpt lat="47.60618" lon="14.07575"><ele>1648</ele><time>2026-07-30T09:07:48Z</time></trkpt>
    <trkpt lat="47.60591" lon="14.07559"><ele>1650</ele><time>2026-07-30T09:08:17Z</time></trkpt>
    <trkpt lat="47.60575" lon="14.07558"><ele>1647</ele><time>2026-07-30T09:08:46Z</time></trkpt>
    <trkpt lat="47.60580" lon="14.07535"><ele>1648</ele><time>2026-07-30T09:09:15Z</time></trkpt>
    <trkpt lat="47.60606" lon="14.07513"><ele>1649</ele><time>2026-07-30T09:09:45Z</time></trkpt>
    <trkpt lat="47.60609" lon="14.07468"><ele>1647</ele><time>2026-07-30T09:10:14Z</time></trkpt>
    <trkpt lat="47.60609" lon="14.07422"><ele>1647</ele><time>2026-07-30T09:10:43Z</time></trkpt>
    <trkpt lat="47.60603" lon="14.07387"><ele>1651</ele><time>2026-07-30T09:11:13Z</time></trkpt>
    <trkpt lat="47.60595" lon="14.07353"><ele>1654</ele><time>2026-07-30T09:11:42Z</time></trkpt>
    <trkpt lat="47.60587" lon="14.07318"><ele>1658</ele><time>2026-07-30T09:12:11Z</time></trkpt>
    <trkpt lat="47.60590" lon="14.07275"><ele>1658</ele><time>2026-07-30T09:12:41Z</time></trkpt>
    <trkpt lat="47.60598" lon="14.07236"><ele>1656</ele><time>2026-07-30T09:13:10Z</time></trkpt>
    <trkpt lat="47.60596" lon="14.07193"><ele>1657</ele><time>2026-07-30T09:13:39Z</time></trkpt>
    <trkpt lat="47.60591" lon="14.07153"><ele>1659</ele><time>2026-07-30T09:14:09Z</time></trkpt>
    <trkpt lat="47.60582" lon="14.07122"><ele>1661</ele><time>2026-07-30T09:14:38Z</time></trkpt>
    <trkpt lat="47.60560" lon="14.07101"><ele>1662</ele><time>2026-07-30T09:15:07Z</time></trkpt>
    <trkpt lat="47.60532" lon="14.07091"><ele>1662</ele><time>2026-07-30T09:15:37Z</time></trkpt>
    <trkpt lat="47.60515" lon="14.07062"><ele>1663</ele><time>2026-07-30T09:16:06Z</time></trkpt>
    <trkpt lat="47.60519" lon="14.07028"><ele>1663</ele><time>2026-07-30T09:16:35Z</time></trkpt>
    <trkpt lat="47.60510" lon="14.06998"><ele>1667</ele><time>2026-07-30T09:17:05Z</time></trkpt>
    <trkpt lat="47.60500" lon="14.06980"><ele>1674</ele><time>2026-07-30T09:17:34Z</time></trkpt>
    <trkpt lat="47.60497" lon="14.06960"><ele>1676</ele><time>2026-07-30T09:18:03Z</time></trkpt>
    <trkpt lat="47.60497" lon="14.06927"><ele>1679</ele><time>2026-07-30T09:18:33Z</time></trkpt>
    <trkpt lat="47.60510" lon="14.06900"><ele>1682</ele><time>2026-07-30T09:19:02Z</time></trkpt>
    <trkpt lat="47.60510" lon="14.06882"><ele>1683</ele><time>2026-07-30T09:19:31Z</time></trkpt>
    <trkpt lat="47.60514" lon="14.06850"><ele>1685</ele><time>2026-07-30T09:20:01Z</time></trkpt>
    <trkpt lat="47.60518" lon="14.06819"><ele>1687</ele><time>2026-07-30T09:20:30Z</time></trkpt>
    <trkpt lat="47.60504" lon="14.06791"><ele>1690</ele><time>2026-07-30T09:20:59Z</time></trkpt>
    <trkpt lat="47.60504" lon="14.06769"><ele>1693</ele><time>2026-07-30T09:21:29Z</time></trkpt>
    <trkpt lat="47.60502" lon="14.06740"><ele>1698</ele><time>2026-07-30T09:21:58Z</time></trkpt>
    <trkpt lat="47.60503" lon="14.06708"><ele>1701</ele><time>2026-07-30T09:22:27Z</time></trkpt>
    <trkpt lat="47.60505" lon="14.06675"><ele>1702</ele><time>2026-07-30T09:22:57Z</time></trkpt>
    <trkpt lat="47.60501" lon="14.06635"><ele>1705</ele><time>2026-07-30T09:23:26Z</time></trkpt>
    <trkpt lat="47.60499" lon="14.06602"><ele>1706</ele><time>2026-07-30T09:23:55Z</time></trkpt>
    <trkpt lat="47.60502" lon="14.06566"><ele>1705</ele><time>2026-07-30T09:24:25Z</time></trkpt>
    <trkpt lat="47.60491" lon="14.06532"><ele>1707</ele><time>2026-07-30T09:25:53Z</time></trkpt>
    <trkpt lat="47.60479" lon="14.06508"><ele>1702</ele><time>2026-07-30T09:26:22Z</time></trkpt>
    <trkpt lat="47.60479" lon="14.06490"><ele>1698</ele><time>2026-07-30T09:26:51Z</time></trkpt>
    <trkpt lat="47.60465" lon="14.06460"><ele>1695</ele><time>2026-07-30T09:27:50Z</time></trkpt>
    <trkpt lat="47.60451" lon="14.06459"><ele>1692</ele><time>2026-07-30T09:28:19Z</time></trkpt>
    <trkpt lat="47.60423" lon="14.06438"><ele>1687</ele><time>2026-07-30T09:29:18Z</time></trkpt>
    <trkpt lat="47.60395" lon="14.06438"><ele>1684</ele><time>2026-07-30T09:29:47Z</time></trkpt>
    <trkpt lat="47.60385" lon="14.06428"><ele>1680</ele><time>2026-07-30T09:30:17Z</time></trkpt>
    <trkpt lat="47.60381" lon="14.06406"><ele>1677</ele><time>2026-07-30T09:30:46Z</time></trkpt>
    <trkpt lat="47.60381" lon="14.06380"><ele>1670</ele><time>2026-07-30T09:31:15Z</time></trkpt>
    <trkpt lat="47.60378" lon="14.06354"><ele>1667</ele><time>2026-07-30T09:31:45Z</time></trkpt>
    <trkpt lat="47.60393" lon="14.06340"><ele>1665</ele><time>2026-07-30T09:32:14Z</time></trkpt>
    <trkpt lat="47.60410" lon="14.06323"><ele>1660</ele><time>2026-07-30T09:32:43Z</time></trkpt>
    <trkpt lat="47.60428" lon="14.06302"><ele>1652</ele><time>2026-07-30T09:33:13Z</time></trkpt>
    <trkpt lat="47.60447" lon="14.06266"><ele>1650</ele><time>2026-07-30T09:33:42Z</time></trkpt>
    <trkpt lat="47.60445" lon="14.06233"><ele>1648</ele><time>2026-07-30T09:34:11Z</time></trkpt>
    <trkpt lat="47.60446" lon="14.06215"><ele>1649</ele><time>2026-07-30T09:59:37Z</time></trkpt>
    <trkpt lat="47.60444" lon="14.06186"><ele>1647</ele><time>2026-07-30T10:00:06Z</time></trkpt>
    <trkpt lat="47.60429" lon="14.06142"><ele>1645</ele><time>2026-07-30T10:00:35Z</time></trkpt>
    <trkpt lat="47.60409" lon="14.06118"><ele>1643</ele><time>2026-07-30T10:01:05Z</time></trkpt>
    <trkpt lat="47.60388" lon="14.06085"><ele>1642</ele><time>2026-07-30T10:01:34Z</time></trkpt>
    <trkpt lat="47.60364" lon="14.06055"><ele>1640</ele><time>2026-07-30T10:02:03Z</time></trkpt>
    <trkpt lat="47.60356" lon="14.06012"><ele>1639</ele><time>2026-07-30T10:02:33Z</time></trkpt>
    <trkpt lat="47.60350" lon="14.05964"><ele>1636</ele><time>2026-07-30T10:03:02Z</time></trkpt>
    <trkpt lat="47.60332" lon="14.05931"><ele>1632</ele><time>2026-07-30T10:03:31Z</time></trkpt>
    <trkpt lat="47.60329" lon="14.05889"><ele>1627</ele><time>2026-07-30T10:04:01Z</time></trkpt>
    <trkpt lat="47.60325" lon="14.05848"><ele>1625</ele><time>2026-07-30T10:04:30Z</time></trkpt>
    <trkpt lat="47.60313" lon="14.05821"><ele>1619</ele><time>2026-07-30T10:04:59Z</time></trkpt>
    <trkpt lat="47.60294" lon="14.05811"><ele>1615</ele><time>2026-07-30T10:05:29Z</time></trkpt>
    <trkpt lat="47.60286" lon="14.05793"><ele>1612</ele><time>2026-07-30T10:05:58Z</time></trkpt>
    <trkpt lat="47.60269" lon="14.05777"><ele>1608</ele><time>2026-07-30T10:06:27Z</time></trkpt>
    <trkpt lat="47.60255" lon="14.05752"><ele>1601</ele><time>2026-07-30T10:06:57Z</time></trkpt>
    <trkpt lat="47.60242" lon="14.05721"><ele>1597</ele><time>2026-07-30T10:07:26Z</time></trkpt>
    <trkpt lat="47.60226" lon="14.05686"><ele>1593</ele><time>2026-07-30T10:07:55Z</time></trkpt>
    <trkpt lat="47.60200" lon="14.05658"><ele>1589</ele><time>2026-07-30T10:08:25Z</time></trkpt>
    <trkpt lat="47.60191" lon="14.05649"><ele>1588</ele><time>2026-07-30T10:08:54Z</time></trkpt>
    <trkpt lat="47.60186" lon="14.05636"><ele>1586</ele><time>2026-07-30T10:09:23Z</time></trkpt>
    <trkpt lat="47.60176" lon="14.05595"><ele>1583</ele><time>2026-07-30T10:09:53Z</time></trkpt>
    <trkpt lat="47.60169" lon="14.05555"><ele>1578</ele><time>2026-07-30T10:10:22Z</time></trkpt>
    <trkpt lat="47.60156" lon="14.05511"><ele>1575</ele><time>2026-07-30T10:10:51Z</time></trkpt>
    <trkpt lat="47.60150" lon="14.05468"><ele>1572</ele><time>2026-07-30T10:11:21Z</time></trkpt>
    <trkpt lat="47.60129" lon="14.05445"><ele>1571</ele><time>2026-07-30T10:11:50Z</time></trkpt>
    <trkpt lat="47.60108" lon="14.05408"><ele>1571</ele><time>2026-07-30T10:12:19Z</time></trkpt>
    <trkpt lat="47.60089" lon="14.05368"><ele>1567</ele><time>2026-07-30T10:12:49Z</time></trkpt>
    <trkpt lat="47.60081" lon="14.05346"><ele>1566</ele><time>2026-07-30T10:13:18Z</time></trkpt>
    <trkpt lat="47.60079" lon="14.05304"><ele>1563</ele><time>2026-07-30T10:14:17Z</time></trkpt>
    <trkpt lat="47.60068" lon="14.05271"><ele>1558</ele><time>2026-07-30T10:14:46Z</time></trkpt>
    <trkpt lat="47.60063" lon="14.05224"><ele>1560</ele><time>2026-07-30T10:15:15Z</time></trkpt>
    <trkpt lat="47.60073" lon="14.05192"><ele>1557</ele><time>2026-07-30T10:15:45Z</time></trkpt>
    <trkpt lat="47.60084" lon="14.05168"><ele>1556</ele><time>2026-07-30T10:16:14Z</time></trkpt>
    <trkpt lat="47.60067" lon="14.05175"><ele>1552</ele><time>2026-07-30T10:34:19Z</time></trkpt>
    <trkpt lat="47.60039" lon="14.05164"><ele>1550</ele><time>2026-07-30T10:34:49Z</time></trkpt>
    <trkpt lat="47.60018" lon="14.05136"><ele>1551</ele><time>2026-07-30T10:35:18Z</time></trkpt>
    <trkpt lat="47.60003" lon="14.05097"><ele>1553</ele><time>2026-07-30T10:35:47Z</time></trkpt>
    <trkpt lat="47.59985" lon="14.05065"><ele>1553</ele><time>2026-07-30T10:36:17Z</time></trkpt>
    <trkpt lat="47.59970" lon="14.05030"><ele>1552</ele><time>2026-07-30T10:36:46Z</time></trkpt>
    <trkpt lat="47.59953" lon="14.05002"><ele>1552</ele><time>2026-07-30T10:37:15Z</time></trkpt>
    <trkpt lat="47.59947" lon="14.04965"><ele>1553</ele><time>2026-07-30T10:37:45Z</time></trkpt>
    <trkpt lat="47.59942" lon="14.04923"><ele>1552</ele><time>2026-07-30T10:38:14Z</time></trkpt>
    <trkpt lat="47.59934" lon="14.04882"><ele>1551</ele><time>2026-07-30T10:38:43Z</time></trkpt>
    <trkpt lat="47.59940" lon="14.04848"><ele>1554</ele><time>2026-07-30T10:39:13Z</time></trkpt>
    <trkpt lat="47.59951" lon="14.04812"><ele>1557</ele><time>2026-07-30T10:39:42Z</time></trkpt>
    <trkpt lat="47.59962" lon="14.04778"><ele>1560</ele><time>2026-07-30T10:40:11Z</time></trkpt>
    <trkpt lat="47.59974" lon="14.04751"><ele>1559</ele><time>2026-07-30T10:40:40Z</time></trkpt>
    <trkpt lat="47.59986" lon="14.04719"><ele>1564</ele><time>2026-07-30T10:41:09Z</time></trkpt>
    <trkpt lat="47.59996" lon="14.04689"><ele>1567</ele><time>2026-07-30T10:42:37Z</time></trkpt>
    <trkpt lat="47.60002" lon="14.04666"><ele>1570</ele><time>2026-07-30T10:43:06Z</time></trkpt>
    <trkpt lat="47.60003" lon="14.04636"><ele>1569</ele><time>2026-07-30T10:43:35Z</time></trkpt>
    <trkpt lat="47.60004" lon="14.04598"><ele>1568</ele><time>2026-07-30T10:44:34Z</time></trkpt>
    <trkpt lat="47.60005" lon="14.04566"><ele>1566</ele><time>2026-07-30T10:45:03Z</time></trkpt>
    <trkpt lat="47.60007" lon="14.04531"><ele>1562</ele><time>2026-07-30T10:45:33Z</time></trkpt>
    <trkpt lat="47.60015" lon="14.04492"><ele>1563</ele><time>2026-07-30T10:46:02Z</time></trkpt>
    <trkpt lat="47.60023" lon="14.04465"><ele>1561</ele><time>2026-07-30T10:46:31Z</time></trkpt>
    <trkpt lat="47.60031" lon="14.04439"><ele>1561</ele><time>2026-07-30T10:47:01Z</time></trkpt>
    <trkpt lat="47.60037" lon="14.04422"><ele>1561</ele><time>2026-07-30T10:47:30Z</time></trkpt>
    <trkpt lat="47.60041" lon="14.04396"><ele>1563</ele><time>2026-07-30T10:47:59Z</time></trkpt>
    <trkpt lat="47.60045" lon="14.04369"><ele>1567</ele><time>2026-07-30T10:48:29Z</time></trkpt>
    <trkpt lat="47.60049" lon="14.04347"><ele>1571</ele><time>2026-07-30T10:48:58Z</time></trkpt>
    <trkpt lat="47.60058" lon="14.04318"><ele>1576</ele><time>2026-07-30T10:49:27Z</time></trkpt>
    <trkpt lat="47.60068" lon="14.04290"><ele>1574</ele><time>2026-07-30T10:49:57Z</time></trkpt>
    <trkpt lat="47.60075" lon="14.04257"><ele>1573</ele><time>2026-07-30T10:50:26Z</time></trkpt>
    <trkpt lat="47.60085" lon="14.04230"><ele>1571</ele><time>2026-07-30T10:50:55Z</time></trkpt>
    <trkpt lat="47.60100" lon="14.04203"><ele>1571</ele><time>2026-07-30T10:51:25Z</time></trkpt>
    <trkpt lat="47.60116" lon="14.04184"><ele>1568</ele><time>2026-07-30T10:51:54Z</time></trkpt>
    <trkpt lat="47.60111" lon="14.04139"><ele>1561</ele><time>2026-07-30T10:52:23Z</time></trkpt>
    <trkpt lat="47.60121" lon="14.04095"><ele>1561</ele><time>2026-07-30T10:52:53Z</time></trkpt>
    <trkpt lat="47.60134" lon="14.04062"><ele>1556</ele><time>2026-07-30T10:53:22Z</time></trkpt>
    <trkpt lat="47.60135" lon="14.04024"><ele>1550</ele><time>2026-07-30T10:53:51Z</time></trkpt>
    <trkpt lat="47.60137" lon="14.04005"><ele>1550</ele><time>2026-07-30T10:54:21Z</time></trkpt>
    <trkpt lat="47.60146" lon="14.03980"><ele>1551</ele><time>2026-07-30T10:54:50Z</time></trkpt>
    <trkpt lat="47.60150" lon="14.03965"><ele>1555</ele><time>2026-07-30T10:55:19Z</time></trkpt>
    <trkpt lat="47.60158" lon="14.03948"><ele>1556</ele><time>2026-07-30T11:10:58Z</time></trkpt>
    <trkpt lat="47.60168" lon="14.03926"><ele>1556</ele><time>2026-07-30T11:11:27Z</time></trkpt>
    <trkpt lat="47.60170" lon="14.03906"><ele>1558</ele><time>2026-07-30T11:11:57Z</time></trkpt>
    <trkpt lat="47.60165" lon="14.03894"><ele>1562</ele><time>2026-07-30T11:12:26Z</time></trkpt>
    <trkpt lat="47.60171" lon="14.03869"><ele>1559</ele><time>2026-07-30T11:12:55Z</time></trkpt>
    <trkpt lat="47.60171" lon="14.03840"><ele>1558</ele><time>2026-07-30T11:13:25Z</time></trkpt>
    <trkpt lat="47.60165" lon="14.03805"><ele>1557</ele><time>2026-07-30T11:13:54Z</time></trkpt>
    <trkpt lat="47.60171" lon="14.03782"><ele>1558</ele><time>2026-07-30T11:14:23Z</time></trkpt>
    <trkpt lat="47.60191" lon="14.03747"><ele>1558</ele><time>2026-07-30T11:14:53Z</time></trkpt>
    <trkpt lat="47.60189" lon="14.03719"><ele>1557</ele><time>2026-07-30T11:15:22Z</time></trkpt>
    <trkpt lat="47.60197" lon="14.03693"><ele>1559</ele><time>2026-07-30T11:15:51Z</time></trkpt>
    <trkpt lat="47.60201" lon="14.03671"><ele>1554</ele><time>2026-07-30T11:16:21Z</time></trkpt>
    <trkpt lat="47.60220" lon="14.03638"><ele>1548</ele><time>2026-07-30T11:16:50Z</time></trkpt>
    <trkpt lat="47.60226" lon="14.03598"><ele>1547</ele><time>2026-07-30T11:17:19Z</time></trkpt>
    <trkpt lat="47.60233" lon="14.03573"><ele>1550</ele><time>2026-07-30T11:17:49Z</time></trkpt>
    <trkpt lat="47.60239" lon="14.03540"><ele>1553</ele><time>2026-07-30T11:18:18Z</time></trkpt>
    <trkpt lat="47.60249" lon="14.03504"><ele>1555</ele><time>2026-07-30T11:18:47Z</time></trkpt>
    <trkpt lat="47.60257" lon="14.03488"><ele>1560</ele><time>2026-07-30T11:19:17Z</time></trkpt>
    <trkpt lat="47.60270" lon="14.03459"><ele>1561</ele><time>2026-07-30T11:19:46Z</time></trkpt>
    <trkpt lat="47.60291" lon="14.03436"><ele>1559</ele><time>2026-07-30T11:20:15Z</time></trkpt>
    <trkpt lat="47.60283" lon="14.03400"><ele>1560</ele><time>2026-07-30T11:20:45Z</time></trkpt>
    <trkpt lat="47.60281" lon="14.03367"><ele>1560</ele><time>2026-07-30T11:21:14Z</time></trkpt>
    <trkpt lat="47.60267" lon="14.03328"><ele>1562</ele><time>2026-07-30T11:21:43Z</time></trkpt>
    <trkpt lat="47.60254" lon="14.03303"><ele>1564</ele><time>2026-07-30T11:22:13Z</time></trkpt>
    <trkpt lat="47.60237" lon="14.03284"><ele>1564</ele><time>2026-07-30T11:22:42Z</time></trkpt>
    <trkpt lat="47.60226" lon="14.03260"><ele>1566</ele><time>2026-07-30T11:23:11Z</time></trkpt>
    <trkpt lat="47.60210" lon="14.03236"><ele>1565</ele><time>2026-07-30T11:23:41Z</time></trkpt>
    <trkpt lat="47.60191" lon="14.03206"><ele>1566</ele><time>2026-07-30T11:24:10Z</time></trkpt>
    <trkpt lat="47.60193" lon="14.03167"><ele>1565</ele><time>2026-07-30T11:24:39Z</time></trkpt>
    <trkpt lat="47.60191" lon="14.03123"><ele>1565</ele><time>2026-07-30T11:25:09Z</time></trkpt>
    <trkpt lat="47.60188" lon="14.03082"><ele>1564</ele><time>2026-07-30T11:25:38Z</time></trkpt>
    <trkpt lat="47.60203" lon="14.03049"><ele>1564</ele><time>2026-07-30T11:26:07Z</time></trkpt>
    <trkpt lat="47.60203" lon="14.03011"><ele>1563</ele><time>2026-07-30T11:26:37Z</time></trkpt>
    <trkpt lat="47.60207" lon="14.02970"><ele>1565</ele><time>2026-07-30T11:27:06Z</time></trkpt>
    <trkpt lat="47.60205" lon="14.02936"><ele>1566</ele><time>2026-07-30T11:27:35Z</time></trkpt>
    <trkpt lat="47.60210" lon="14.02900"><ele>1567</ele><time>2026-07-30T11:28:05Z</time></trkpt>
    <trkpt lat="47.60214" lon="14.02865"><ele>1571</ele><time>2026-07-30T11:28:34Z</time></trkpt>
    <trkpt lat="47.60205" lon="14.02837"><ele>1571</ele><time>2026-07-30T11:29:03Z</time></trkpt>
    <trkpt lat="47.60193" lon="14.02802"><ele>1572</ele><time>2026-07-30T11:29:33Z</time></trkpt>
    <trkpt lat="47.60187" lon="14.02762"><ele>1573</ele><time>2026-07-30T11:30:02Z</time></trkpt>
    <trkpt lat="47.60177" lon="14.02725"><ele>1574</ele><time>2026-07-30T11:30:31Z</time></trkpt>
    <trkpt lat="47.60162" lon="14.02698"><ele>1574</ele><time>2026-07-30T11:31:01Z</time></trkpt>
    <trkpt lat="47.60158" lon="14.02677"><ele>1580</ele><time>2026-07-30T11:31:30Z</time></trkpt>
    <trkpt lat="47.60158" lon="14.02650"><ele>1583</ele><time>2026-07-30T11:31:59Z</time></trkpt>
    <trkpt lat="47.60148" lon="14.02618"><ele>1584</ele><time>2026-07-30T11:32:29Z</time></trkpt>
    <trkpt lat="47.60142" lon="14.02592"><ele>1587</ele><time>2026-07-30T11:32:58Z</time></trkpt>
    <trkpt lat="47.60122" lon="14.02596"><ele>1583</ele><time>2026-07-30T11:33:27Z</time></trkpt>
    <trkpt lat="47.60102" lon="14.02577"><ele>1578</ele><time>2026-07-30T11:33:57Z</time></trkpt>
    <trkpt lat="47.60090" lon="14.02565"><ele>1578</ele><time>2026-07-30T11:35:25Z</time></trkpt>
    <trkpt lat="47.60063" lon="14.02538"><ele>1575</ele><time>2026-07-30T11:35:54Z</time></trkpt>
    <trkpt lat="47.60045" lon="14.02500"><ele>1575</ele><time>2026-07-30T11:36:23Z</time></trkpt>
    <trkpt lat="47.60030" lon="14.02469"><ele>1571</ele><time>2026-07-30T11:36:53Z</time></trkpt>
    <trkpt lat="47.60015" lon="14.02437"><ele>1567</ele><time>2026-07-30T11:37:22Z</time></trkpt>
    <trkpt lat="47.60007" lon="14.02402"><ele>1562</ele><time>2026-07-30T11:37:51Z</time></trkpt>
    <trkpt lat="47.60003" lon="14.02364"><ele>1556</ele><time>2026-07-30T11:38:21Z</time></trkpt>
    <trkpt lat="47.59993" lon="14.02322"><ele>1550</ele><time>2026-07-30T11:38:50Z</time></trkpt>
    <trkpt lat="47.59987" lon="14.02274"><ele>1547</ele><time>2026-07-30T11:39:19Z</time></trkpt>
    <trkpt lat="47.59970" lon="14.02236"><ele>1547</ele><time>2026-07-30T11:39:49Z</time></trkpt>
    <trkpt lat="47.59952" lon="14.02212"><ele>1548</ele><time>2026-07-30T11:40:18Z</time></trkpt>
    <trkpt lat="47.59933" lon="14.02187"><ele>1550</ele><time>2026-07-30T11:40:47Z</time></trkpt>
    <trkpt lat="47.59912" lon="14.02169"><ele>1552</ele><time>2026-07-30T11:41:17Z</time></trkpt>
    <trkpt lat="47.59886" lon="14.02166"><ele>1550</ele><time>2026-07-30T11:41:46Z</time></trkpt>
    <trkpt lat="47.59872" lon="14.02170"><ele>1547</ele><time>2026-07-30T11:42:15Z</time></trkpt>
    <trkpt lat="47.59839" lon="14.02156"><ele>1550</ele><time>2026-07-30T11:42:45Z</time></trkpt>
    <trkpt lat="47.59815" lon="14.02154"><ele>1551</ele><time>2026-07-30T11:43:14Z</time></trkpt>
    <trkpt lat="47.59803" lon="14.02120"><ele>1556</ele><time>2026-07-30T11:43:43Z</time></trkpt>
    <trkpt lat="47.59799" lon="14.02083"><ele>1560</ele><time>2026-07-30T11:44:13Z</time></trkpt>
    <trkpt lat="47.59799" lon="14.02055"><ele>1565</ele><time>2026-07-30T11:44:42Z</time></trkpt>
    <trkpt lat="47.59795" lon="14.02029"><ele>1569</ele><time>2026-07-30T11:45:11Z</time></trkpt>
    <trkpt lat="47.59790" lon="14.02007"><ele>1571</ele><time>2026-07-30T11:45:41Z</time></trkpt>
    <trkpt lat="47.59782" lon="14.01990"><ele>1575</ele><time>2026-07-30T11:46:10Z</time></trkpt>
    <trkpt lat="47.59777" lon="14.01970"><ele>1579</ele><time>2026-07-30T11:46:39Z</time></trkpt>
    <trkpt lat="47.59772" lon="14.01949"><ele>1582</ele><time>2026-07-30T11:47:09Z</time></trkpt>
    <trkpt lat="47.59767" lon="14.01933"><ele>1587</ele><time>2026-07-30T11:47:38Z</time></trkpt>
    <trkpt lat="47.59766" lon="14.01908"><ele>1591</ele><time>2026-07-30T11:48:07Z</time></trkpt>
    <trkpt lat="47.59758" lon="14.01884"><ele>1593</ele><time>2026-07-30T11:48:37Z</time></trkpt>
    <trkpt lat="47.59765" lon="14.01850"><ele>1597</ele><time>2026-07-30T11:49:06Z</time></trkpt>
    <trkpt lat="47.59765" lon="14.01814"><ele>1598</ele><time>2026-07-30T11:49:35Z</time></trkpt>
    <trkpt lat="47.59759" lon="14.01777"><ele>1599</ele><time>2026-07-30T11:50:05Z</time></trkpt>
    <trkpt lat="47.59749" lon="14.01742"><ele>1598</ele><time>2026-07-30T11:50:34Z</time></trkpt>
    <trkpt lat="47.59742" lon="14.01704"><ele>1602</ele><time>2026-07-30T11:51:03Z</time></trkpt>
    <trkpt lat="47.59734" lon="14.01667"><ele>1604</ele><time>2026-07-30T11:51:33Z</time></trkpt>
    <trkpt lat="47.59732" lon="14.01627"><ele>1610</ele><time>2026-07-30T11:52:02Z</time></trkpt>
    <trkpt lat="47.59743" lon="14.01597"><ele>1612</ele><time>2026-07-30T11:52:31Z</time></trkpt>
    <trkpt lat="47.59742" lon="14.01547"><ele>1612</ele><time>2026-07-30T11:53:01Z</time></trkpt>
    <trkpt lat="47.59749" lon="14.01499"><ele>1611</ele><time>2026-07-30T11:53:30Z</time></trkpt>
    <trkpt lat="47.59758" lon="14.01448"><ele>1613</ele><time>2026-07-30T11:53:59Z</time></trkpt>
    <trkpt lat="47.59755" lon="14.01400"><ele>1612</ele><time>2026-07-30T11:54:29Z</time></trkpt>
    <trkpt lat="47.59754" lon="14.01350"><ele>1610</ele><time>2026-07-30T11:54:58Z</time></trkpt>
    <trkpt lat="47.59752" lon="14.01308"><ele>1612</ele><time>2026-07-30T11:55:27Z</time></trkpt>
    <trkpt lat="47.59734" lon="14.01296"><ele>1613</ele><time>2026-07-30T11:55:57Z</time></trkpt>
    <trkpt lat="47.59720" lon="14.01259"><ele>1615</ele><time>2026-07-30T11:56:26Z</time></trkpt>
    <trkpt lat="47.59707" lon="14.01223"><ele>1619</ele><time>2026-07-30T11:56:55Z</time></trkpt>
    <trkpt lat="47.59686" lon="14.01188"><ele>1621</ele><time>2026-07-30T11:57:25Z</time></trkpt>
    <trkpt lat="47.59664" lon="14.01153"><ele>1625</ele><time>2026-07-30T11:57:54Z</time></trkpt>
    <trkpt lat="47.59647" lon="14.01117"><ele>1628</ele><time>2026-07-30T11:58:23Z</time></trkpt>
    <trkpt lat="47.59633" lon="14.01070"><ele>1629</ele><time>2026-07-30T11:58:53Z</time></trkpt>
    <trkpt lat="47.59626" lon="14.01027"><ele>1628</ele><time>2026-07-30T11:59:22Z</time></trkpt>
    <trkpt lat="47.59625" lon="14.00975"><ele>1627</ele><time>2026-07-30T11:59:51Z</time></trkpt>
    <trkpt lat="47.59607" lon="14.00925"><ele>1624</ele><time>2026-07-30T12:00:21Z</time></trkpt>
    <trkpt lat="47.59584" lon="14.00884"><ele>1624</ele><time>2026-07-30T12:00:50Z</time></trkpt>
    <trkpt lat="47.59580" lon="14.00844"><ele>1623</ele><time>2026-07-30T12:01:19Z</time></trkpt>
    <trkpt lat="47.59580" lon="14.00823"><ele>1623</ele><time>2026-07-30T12:02:18Z</time></trkpt>
    <trkpt lat="47.59578" lon="14.00768"><ele>1622</ele><time>2026-07-30T12:02:47Z</time></trkpt>
    <trkpt lat="47.59561" lon="14.00717"><ele>1617</ele><time>2026-07-30T12:03:17Z</time></trkpt>
    <trkpt lat="47.59569" lon="14.00667"><ele>1615</ele><time>2026-07-30T12:03:46Z</time></trkpt>
    <trkpt lat="47.59569" lon="14.00618"><ele>1615</ele><time>2026-07-30T12:04:15Z</time></trkpt>
    <trkpt lat="47.59573" lon="14.00569"><ele>1616</ele><time>2026-07-30T12:04:45Z</time></trkpt>
    <trkpt lat="47.59582" lon="14.00519"><ele>1615</ele><time>2026-07-30T12:05:14Z</time></trkpt>
    <trkpt lat="47.59594" lon="14.00469"><ele>1613</ele><time>2026-07-30T12:05:43Z</time></trkpt>
    <trkpt lat="47.59588" lon="14.00429"><ele>1615</ele><time>2026-07-30T12:06:13Z</time></trkpt>
    <trkpt lat="47.59585" lon="14.00402"><ele>1615</ele><time>2026-07-30T12:06:42Z</time></trkpt>
    <trkpt lat="47.59599" lon="14.00374"><ele>1618</ele><time>2026-07-30T12:07:11Z</time></trkpt>
    <trkpt lat="47.59614" lon="14.00342"><ele>1621</ele><time>2026-07-30T12:07:41Z</time></trkpt>
    <trkpt lat="47.59632" lon="14.00309"><ele>1626</ele><time>2026-07-30T12:08:10Z</time></trkpt>
    <trkpt lat="47.59641" lon="14.00268"><ele>1628</ele><time>2026-07-30T12:08:39Z</time></trkpt>
    <trkpt lat="47.59638" lon="14.00221"><ele>1630</ele><time>2026-07-30T12:09:09Z</time></trkpt>
    <trkpt lat="47.59641" lon="14.00189"><ele>1633</ele><time>2026-07-30T12:09:38Z</time></trkpt>
    <trkpt lat="47.59642" lon="14.00173"><ele>1632</ele><time>2026-07-30T12:10:07Z</time></trkpt>
    <trkpt lat="47.59639" lon="14.00158"><ele>1630</ele><time>2026-07-30T12:11:35Z</time></trkpt>
    <trkpt lat="47.59647" lon="14.00157"><ele>1633</ele><time>2026-07-30T12:15:01Z</time></trkpt>
  </trkseg>
</trk>
</gpx>