<?xml version="1.0" encoding="UTF-8"?>
<gpx version="1.1" creator="Linz-Optimizer-v8" xmlns="http://www.topografix.com/GPX/1/1">
<trk>
  <name>Gaustatoppen-Drammen</name>
  <type>Laufen, Fahren</type>
  <trkseg>
    <trkpt lat="59.90260" lon="8.70760"></trkpt>
    <trkpt lat="59.90240" lon="8.70710"></trkpt>
    <trkpt lat="59.90220" lon="8.70680"></trkpt>
    <trkpt lat="59.90180" lon="8.70630"></trkpt>
    <trkpt lat="59.90090" lon="8.70560"></trkpt>
    <trkpt lat="59.90020" lon="8.70500"></trkpt>
    <trkpt lat="59.89890" lon="8.70400"></trkpt>
    <trkpt lat="59.89840" lon="8.70340"></trkpt>
    <trkpt lat="59.89650" lon="8.70080"></trkpt>
    <trkpt lat="59.89610" lon="8.70030"></trkpt>
    <trkpt lat="59.89570" lon="8.69990"></trkpt>
    <trkpt lat="59.89510" lon="8.69940"></trkpt>
    <trkpt lat="59.89470" lon="8.69910"></trkpt>
    <trkpt lat="59.89450" lon="8.69880"></trkpt>
    <trkpt lat="59.89400" lon="8.69830"></trkpt>
    <trkpt lat="59.89380" lon="8.69790"></trkpt>
    <trkpt lat="59.89360" lon="8.69760"></trkpt>
    <trkpt lat="59.89330" lon="8.69710"></trkpt>
    <trkpt lat="59.89280" lon="8.69610"></trkpt>
    <trkpt lat="59.89250" lon="8.69570"></trkpt>
    <trkpt lat="59.89220" lon="8.69520"></trkpt>
    <trkpt lat="59.89200" lon="8.69480"></trkpt>
    <trkpt lat="59.89170" lon="8.69440"></trkpt>
    <trkpt lat="59.89140" lon="8.69410"></trkpt>
    <trkpt lat="59.89100" lon="8.69380"></trkpt>
    <trkpt lat="59.89000" lon="8.69320"></trkpt>
    <trkpt lat="59.88960" lon="8.69290"></trkpt>
    <trkpt lat="59.88940" lon="8.69260"></trkpt>
    <trkpt lat="59.88910" lon="8.69210"></trkpt>
    <trkpt lat="59.88820" lon="8.69050"></trkpt>
    <trkpt lat="59.88770" lon="8.68960"></trkpt>
    <trkpt lat="59.88690" lon="8.68810"></trkpt>
    <trkpt lat="59.88590" lon="8.68640"></trkpt>
    <trkpt lat="59.88570" lon="8.68580"></trkpt>
    <trkpt lat="59.88540" lon="8.68460"></trkpt>
    <trkpt lat="59.88530" lon="8.68380"></trkpt>
    <trkpt lat="59.88510" lon="8.68300"></trkpt>
    <trkpt lat="59.88490" lon="8.68260"></trkpt>
    <trkpt lat="59.88480" lon="8.68210"></trkpt>
    <trkpt lat="59.88460" lon="8.68150"></trkpt>
    <trkpt lat="59.88440" lon="8.68120"></trkpt>
    <trkpt lat="59.88420" lon="8.68060"></trkpt>
    <trkpt lat="59.88410" lon="8.67990"></trkpt>
    <trkpt lat="59.88390" lon="8.67870"></trkpt>
    <trkpt lat="59.88370" lon="8.67790"></trkpt>
    <trkpt lat="59.88370" lon="8.67730"></trkpt>
    <trkpt lat="59.88360" lon="8.67640"></trkpt>
    <trkpt lat="59.88330" lon="8.67620"></trkpt>
    <trkpt lat="59.88300" lon="8.67580"></trkpt>
    <trkpt lat="59.88270" lon="8.67570"></trkpt>
    <trkpt lat="59.88230" lon="8.67560"></trkpt>
    <trkpt lat="59.88200" lon="8.67590"></trkpt>
    <trkpt lat="59.88190" lon="8.67660"></trkpt>
    <trkpt lat="59.88180" lon="8.67900"></trkpt>
    <trkpt lat="59.88180" lon="8.67960"></trkpt>
    <trkpt lat="59.88180" lon="8.68020"></trkpt>
    <trkpt lat="59.88190" lon="8.68080"></trkpt>
    <trkpt lat="59.88200" lon="8.68140"></trkpt>
    <trkpt lat="59.88210" lon="8.68210"></trkpt>
    <trkpt lat="59.88230" lon="8.68280"></trkpt>
    <trkpt lat="59.88240" lon="8.68340"></trkpt>
    <trkpt lat="59.88270" lon="8.68460"></trkpt>
    <trkpt lat="59.88310" lon="8.68610"></trkpt>
    <trkpt lat="59.88330" lon="8.68660"></trkpt>
    <trkpt lat="59.88380" lon="8.68790"></trkpt>
    <trkpt lat="59.88400" lon="8.68860"></trkpt>
    <trkpt lat="59.88430" lon="8.68960"></trkpt>
    <trkpt lat="59.88440" lon="8.69020"></trkpt>
    <trkpt lat="59.88460" lon="8.69070"></trkpt>
    <trkpt lat="59.88480" lon="8.69110"></trkpt>
    <trkpt lat="59.88510" lon="8.69170"></trkpt>
    <trkpt lat="59.88560" lon="8.69340"></trkpt>
    <trkpt lat="59.88580" lon="8.69400"></trkpt>
    <trkpt lat="59.88600" lon="8.69440"></trkpt>
    <trkpt lat="59.88690" lon="8.69630"></trkpt>
    <trkpt lat="59.88710" lon="8.69680"></trkpt>
    <trkpt lat="59.88800" lon="8.69890"></trkpt>
    <trkpt lat="59.88820" lon="8.69950"></trkpt>
    <trkpt lat="59.88840" lon="8.69980"></trkpt>
    <trkpt lat="59.88810" lon="8.69970"></trkpt>
    <trkpt lat="59.88790" lon="8.69920"></trkpt>
    <trkpt lat="59.88770" lon="8.69890"></trkpt>
    <trkpt lat="59.88720" lon="8.69820"></trkpt>
    <trkpt lat="59.88670" lon="8.69740"></trkpt>
    <trkpt lat="59.88640" lon="8.69690"></trkpt>
    <trkpt lat="59.88560" lon="8.69570"></trkpt>
    <trkpt lat="59.88540" lon="8.69530"></trkpt>
    <trkpt lat="59.88510" lon="8.69480"></trkpt>
    <trkpt lat="59.88490" lon="8.69450"></trkpt>
    <trkpt lat="59.88470" lon="8.69410"></trkpt>
    <trkpt lat="59.88420" lon="8.69340"></trkpt>
    <trkpt lat="59.88390" lon="8.69280"></trkpt>
    <trkpt lat="59.88370" lon="8.69250"></trkpt>
    <trkpt lat="59.88340" lon="8.69220"></trkpt>
    <trkpt lat="59.88320" lon="8.69190"></trkpt>
    <trkpt lat="59.88240" lon="8.69040"></trkpt>
    <trkpt lat="59.88210" lon="8.68980"></trkpt>
    <trkpt lat="59.88190" lon="8.68950"></trkpt>
    <trkpt lat="59.88160" lon="8.68920"></trkpt>
    <trkpt lat="59.88130" lon="8.68890"></trkpt>
    <trkpt lat="59.88110" lon="8.68860"></trkpt>
    <trkpt lat="59.88070" lon="8.68810"></trkpt>
    <trkpt lat="59.88040" lon="8.68780"></trkpt>
    <trkpt lat="59.88010" lon="8.68760"></trkpt>
    <trkpt lat="59.88020" lon="8.68810"></trkpt>
    <trkpt lat="59.88050" lon="8.68830"></trkpt>
    <trkpt lat="59.88080" lon="8.68920"></trkpt>
    <trkpt lat="59.88120" lon="8.69000"></trkpt>
    <trkpt lat="59.88140" lon="8.69100"></trkpt>
    <trkpt lat="59.88180" lon="8.69240"></trkpt>
    <trkpt lat="59.88220" lon="8.69310"></trkpt>
    <trkpt lat="59.88250" lon="8.69370"></trkpt>
    <trkpt lat="59.88270" lon="8.69420"></trkpt>
    <trkpt lat="59.88290" lon="8.69470"></trkpt>
    <trkpt lat="59.88310" lon="8.69500"></trkpt>
    <trkpt lat="59.88340" lon="8.69540"></trkpt>
    <trkpt lat="59.88360" lon="8.69610"></trkpt>
    <trkpt lat="59.88390" lon="8.69690"></trkpt>
    <trkpt lat="59.88430" lon="8.69790"></trkpt>
    <trkpt lat="59.88460" lon="8.69850"></trkpt>
    <trkpt lat="59.88520" lon="8.69980"></trkpt>
    <trkpt lat="59.88540" lon="8.70020"></trkpt>
    <trkpt lat="59.88590" lon="8.70100"></trkpt>
    <trkpt lat="59.88620" lon="8.70170"></trkpt>
    <trkpt lat="59.88670" lon="8.70280"></trkpt>
    <trkpt lat="59.88690" lon="8.70330"></trkpt>
    <trkpt lat="59.88710" lon="8.70360"></trkpt>
    <trkpt lat="59.88670" lon="8.70340"></trkpt>
    <trkpt lat="59.88630" lon="8.70290"></trkpt>
    <trkpt lat="59.88580" lon="8.70240"></trkpt>
    <trkpt lat="59.88550" lon="8.70210"></trkpt>
    <trkpt lat="59.88510" lon="8.70160"></trkpt>
    <trkpt lat="59.88480" lon="8.70130"></trkpt>
    <trkpt lat="59.88410" lon="8.70080"></trkpt>
    <trkpt lat="59.88380" lon="8.70060"></trkpt>
    <trkpt lat="59.88290" lon="8.70020"></trkpt>
    <trkpt lat="59.88220" lon="8.69950"></trkpt>
    <trkpt lat="59.88190" lon="8.69930"></trkpt>
    <trkpt lat="59.88140" lon="8.69930"></trkpt>
    <trkpt lat="59.88090" lon="8.69940"></trkpt>
    <trkpt lat="59.88040" lon="8.69940"></trkpt>
    <trkpt lat="59.88010" lon="8.69930"></trkpt>
    <trkpt lat="59.87980" lon="8.69920"></trkpt>
    <trkpt lat="59.87940" lon="8.69870"></trkpt>
    <trkpt lat="59.87920" lon="8.69840"></trkpt>
    <trkpt lat="59.87890" lon="8.69810"></trkpt>
    <trkpt lat="59.87820" lon="8.69730"></trkpt>
    <trkpt lat="59.87740" lon="8.69630"></trkpt>
    <trkpt lat="59.87710" lon="8.69600"></trkpt>
    <trkpt lat="59.87690" lon="8.69570"></trkpt>
    <trkpt lat="59.87670" lon="8.69540"></trkpt>
    <trkpt lat="59.87640" lon="8.69460"></trkpt>
    <trkpt lat="59.87620" lon="8.69490"></trkpt>
    <trkpt lat="59.87640" lon="8.69560"></trkpt>
    <trkpt lat="59.87650" lon="8.69620"></trkpt>
    <trkpt lat="59.87660" lon="8.69690"></trkpt>
    <trkpt lat="59.87680" lon="8.69850"></trkpt>
    <trkpt lat="59.87680" lon="8.69920"></trkpt>
    <trkpt lat="59.87690" lon="8.69990"></trkpt>
    <trkpt lat="59.87700" lon="8.70040"></trkpt>
    <trkpt lat="59.87720" lon="8.70110"></trkpt>
    <trkpt lat="59.87740" lon="8.70170"></trkpt>
    <trkpt lat="59.87760" lon="8.70220"></trkpt>
    <trkpt lat="59.87730" lon="8.70210"></trkpt>
    <trkpt lat="59.87700" lon="8.70180"></trkpt>
    <trkpt lat="59.87640" lon="8.70130"></trkpt>
    <trkpt lat="59.87610" lon="8.70100"></trkpt>
    <trkpt lat="59.87570" lon="8.70040"></trkpt>
    <trkpt lat="59.87540" lon="8.70000"></trkpt>
    <trkpt lat="59.87510" lon="8.69960"></trkpt>
    <trkpt lat="59.87480" lon="8.69940"></trkpt>
    <trkpt lat="59.87420" lon="8.69900"></trkpt>
    <trkpt lat="59.87390" lon="8.69880"></trkpt>
    <trkpt lat="59.87370" lon="8.69840"></trkpt>
    <trkpt lat="59.87350" lon="8.69800"></trkpt>
    <trkpt lat="59.87330" lon="8.69720"></trkpt>
    <trkpt lat="59.87320" lon="8.69670"></trkpt>
    <trkpt lat="59.87300" lon="8.69610"></trkpt>
    <trkpt lat="59.87250" lon="8.69480"></trkpt>
    <trkpt lat="59.87230" lon="8.69440"></trkpt>
    <trkpt lat="59.87210" lon="8.69410"></trkpt>
    <trkpt lat="59.87180" lon="8.69370"></trkpt>
    <trkpt lat="59.87160" lon="8.69340"></trkpt>
    <trkpt lat="59.87150" lon="8.69270"></trkpt>
    <trkpt lat="59.87140" lon="8.69220"></trkpt>
    <trkpt lat="59.87130" lon="8.69110"></trkpt>
    <trkpt lat="59.87120" lon="8.69050"></trkpt>
    <trkpt lat="59.87100" lon="8.69000"></trkpt>
    <trkpt lat="59.87080" lon="8.68960"></trkpt>
    <trkpt lat="59.87020" lon="8.68970"></trkpt>
    <trkpt lat="59.86990" lon="8.68950"></trkpt>
    <trkpt lat="59.86970" lon="8.68880"></trkpt>
    <trkpt lat="59.86960" lon="8.68830"></trkpt>
    <trkpt lat="59.86930" lon="8.68810"></trkpt>
    <trkpt lat="59.86900" lon="8.68830"></trkpt>
    <trkpt lat="59.86860" lon="8.68870"></trkpt>
    <trkpt lat="59.86840" lon="8.68900"></trkpt>
    <trkpt lat="59.86820" lon="8.68970"></trkpt>
    <trkpt lat="59.86800" lon="8.69020"></trkpt>
    <trkpt lat="59.86780" lon="8.69070"></trkpt>
    <trkpt lat="59.86750" lon="8.69100"></trkpt>
    <trkpt lat="59.86720" lon="8.69090"></trkpt>
    <trkpt lat="59.86700" lon="8.69030"></trkpt>
    <trkpt lat="59.86690" lon="8.68980"></trkpt>
    <trkpt lat="59.86690" lon="8.68900"></trkpt>
    <trkpt lat="59.86680" lon="8.68840"></trkpt>
    <trkpt lat="59.86660" lon="8.68810"></trkpt>
    <trkpt lat="59.86630" lon="8.68770"></trkpt>
    <trkpt lat="59.86610" lon="8.68730"></trkpt>
    <trkpt lat="59.86580" lon="8.68680"></trkpt>
    <trkpt lat="59.86560" lon="8.68630"></trkpt>
    <trkpt lat="59.86540" lon="8.68580"></trkpt>
    <trkpt lat="59.86530" lon="8.68520"></trkpt>
    <trkpt lat="59.86530" lon="8.68460"></trkpt>
    <trkpt lat="59.86540" lon="8.68400"></trkpt>
    <trkpt lat="59.86540" lon="8.68350"></trkpt>
    <trkpt lat="59.86520" lon="8.68300"></trkpt>
    <trkpt lat="59.86500" lon="8.68260"></trkpt>
    <trkpt lat="59.86460" lon="8.68220"></trkpt>
    <trkpt lat="59.86420" lon="8.68170"></trkpt>
    <trkpt lat="59.86370" lon="8.68180"></trkpt>
    <trkpt lat="59.86330" lon="8.68200"></trkpt>
    <trkpt lat="59.86300" lon="8.68230"></trkpt>
    <trkpt lat="59.86250" lon="8.68340"></trkpt>
    <trkpt lat="59.86210" lon="8.68440"></trkpt>
    <trkpt lat="59.86180" lon="8.68480"></trkpt>
    <trkpt lat="59.86160" lon="8.68510"></trkpt>
    <trkpt lat="59.86110" lon="8.68540"></trkpt>
    <trkpt lat="59.86090" lon="8.68570"></trkpt>
    <trkpt lat="59.86060" lon="8.68620"></trkpt>
    <trkpt lat="59.86040" lon="8.68650"></trkpt>
    <trkpt lat="59.86000" lon="8.68670"></trkpt>
    <trkpt lat="59.85930" lon="8.68660"></trkpt>
    <trkpt lat="59.85900" lon="8.68650"></trkpt>
    <trkpt lat="59.85850" lon="8.68660"></trkpt>
    <trkpt lat="59.85810" lon="8.68670"></trkpt>
    <trkpt lat="59.85780" lon="8.68680"></trkpt>
    <trkpt lat="59.85690" lon="8.68700"></trkpt>
    <trkpt lat="59.85650" lon="8.68700"></trkpt>
    <trkpt lat="59.85610" lon="8.68690"></trkpt>
    <trkpt lat="59.85580" lon="8.68690"></trkpt>
    <trkpt lat="59.85550" lon="8.68720"></trkpt>
    <trkpt lat="59.85510" lon="8.68760"></trkpt>
    <trkpt lat="59.85480" lon="8.68790"></trkpt>
    <trkpt lat="59.85460" lon="8.68830"></trkpt>
    <trkpt lat="59.85410" lon="8.68870"></trkpt>
    <trkpt lat="59.85360" lon="8.68920"></trkpt>
    <trkpt lat="59.85330" lon="8.68930"></trkpt>
    <trkpt lat="59.85260" lon="8.68970"></trkpt>
    <trkpt lat="59.85200" lon="8.69000"></trkpt>
    <trkpt lat="59.85060" lon="8.69090"></trkpt>
    <trkpt lat="59.84960" lon="8.69140"></trkpt>
    <trkpt lat="59.84930" lon="8.69160"></trkpt>
    <trkpt lat="59.84900" lon="8.69190"></trkpt>
    <trkpt lat="59.84860" lon="8.69210"></trkpt>
    <trkpt lat="59.84820" lon="8.69260"></trkpt>
    <trkpt lat="59.84780" lon="8.69310"></trkpt>
    <trkpt lat="59.84740" lon="8.69370"></trkpt>
    <trkpt lat="59.84670" lon="8.69500"></trkpt>
    <trkpt lat="59.84660" lon="8.69560"></trkpt>
    <trkpt lat="59.84650" lon="8.69630"></trkpt>
    <trkpt lat="59.84650" lon="8.69730"></trkpt>
    <trkpt lat="59.84650" lon="8.69800"></trkpt>
    <trkpt lat="59.84640" lon="8.69870"></trkpt>
    <trkpt lat="59.84630" lon="8.69920"></trkpt>
    <trkpt lat="59.84560" lon="8.70060"></trkpt>
    <trkpt lat="59.84510" lon="8.70160"></trkpt>
    <trkpt lat="59.84490" lon="8.70190"></trkpt>
    <trkpt lat="59.84450" lon="8.70230"></trkpt>
    <trkpt lat="59.84420" lon="8.70260"></trkpt>
    <trkpt lat="59.84310" lon="8.70320"></trkpt>
    <trkpt lat="59.84280" lon="8.70350"></trkpt>
    <trkpt lat="59.84250" lon="8.70380"></trkpt>
    <trkpt lat="59.84210" lon="8.70410"></trkpt>
    <trkpt lat="59.84170" lon="8.70470"></trkpt>
    <trkpt lat="59.84130" lon="8.70540"></trkpt>
    <trkpt lat="59.84070" lon="8.70630"></trkpt>
    <trkpt lat="59.84000" lon="8.70760"></trkpt>
    <trkpt lat="59.83960" lon="8.70830"></trkpt>
    <trkpt lat="59.83910" lon="8.70910"></trkpt>
    <trkpt lat="59.83850" lon="8.71020"></trkpt>
    <trkpt lat="59.83830" lon="8.71060"></trkpt>
    <trkpt lat="59.83800" lon="8.71110"></trkpt>
    <trkpt lat="59.83750" lon="8.71200"></trkpt>
    <trkpt lat="59.83730" lon="8.71230"></trkpt>
    <trkpt lat="59.83710" lon="8.71260"></trkpt>
    <trkpt lat="59.83690" lon="8.71310"></trkpt>
    <trkpt lat="59.83670" lon="8.71340"></trkpt>
    <trkpt lat="59.83640" lon="8.71380"></trkpt>
    <trkpt lat="59.83610" lon="8.71400"></trkpt>
    <trkpt lat="59.83580" lon="8.71410"></trkpt>
    <trkpt lat="59.83550" lon="8.71410"></trkpt>
    <trkpt lat="59.83510" lon="8.71410"></trkpt>
    <trkpt lat="59.83480" lon="8.71400"></trkpt>
    <trkpt lat="59.83430" lon="8.71390"></trkpt>
    <trkpt lat="59.83430" lon="8.71400"></trkpt>
  </trkseg>
</trk>
<trk>
  <type>walk</type>
  <trkseg>
    <trkpt lat="59.83430" lon="8.71400"><ele>1171</ele></trkpt>
    <trkpt lat="59.83400" lon="8.71400"><ele>1173</ele></trkpt>
    <trkpt lat="59.83360" lon="8.71380"><ele>1176</ele></trkpt>
    <trkpt lat="59.83330" lon="8.71370"><ele>1178</ele></trkpt>
    <trkpt lat="59.83300" lon="8.71390"><ele>1181</ele></trkpt>
    <trkpt lat="59.83270" lon="8.71430"><ele>1182</ele></trkpt>
    <trkpt lat="59.83140" lon="8.71580"><ele>1193</ele></trkpt>
    <trkpt lat="59.83150" lon="8.71530"><ele>1196</ele></trkpt>
    <trkpt lat="59.83150" lon="8.71470"><ele>1202</ele></trkpt>
    <trkpt lat="59.83150" lon="8.71420"><ele>1205</ele></trkpt>
    <trkpt lat="59.83180" lon="8.71340"><ele>1211</ele></trkpt>
    <trkpt lat="59.83190" lon="8.71260"><ele>1219</ele></trkpt>
    <trkpt lat="59.83210" lon="8.71220"><ele>1221</ele></trkpt>
    <trkpt lat="59.83250" lon="8.71170"><ele>1222</ele></trkpt>
    <trkpt lat="59.83260" lon="8.71120"><ele>1227</ele></trkpt>
    <trkpt lat="59.83290" lon="8.71080"><ele>1229</ele></trkpt>
    <trkpt lat="59.83330" lon="8.70990"><ele>1235</ele></trkpt>
    <trkpt lat="59.83370" lon="8.70880"><ele>1238</ele></trkpt>
    <trkpt lat="59.83400" lon="8.70790"><ele>1244</ele></trkpt>
    <trkpt lat="59.83430" lon="8.70700"><ele>1246</ele></trkpt>
    <trkpt lat="59.83540" lon="8.70500"><ele>1245</ele></trkpt>
    <trkpt lat="59.83580" lon="8.70430"><ele>1254</ele></trkpt>
    <trkpt lat="59.83630" lon="8.70320"><ele>1262</ele></trkpt>
    <trkpt lat="59.83690" lon="8.70240"><ele>1264</ele></trkpt>
    <trkpt lat="59.83740" lon="8.70180"><ele>1269</ele></trkpt>
    <trkpt lat="59.83780" lon="8.70130"><ele>1271</ele></trkpt>
    <trkpt lat="59.83800" lon="8.70090"><ele>1272</ele></trkpt>
    <trkpt lat="59.83820" lon="8.70060"><ele>1274</ele></trkpt>
    <trkpt lat="59.83870" lon="8.70000"><ele>1272</ele></trkpt>
    <trkpt lat="59.83900" lon="8.69970"><ele>1272</ele></trkpt>
    <trkpt lat="59.83930" lon="8.69910"><ele>1278</ele></trkpt>
    <trkpt lat="59.83980" lon="8.69840"><ele>1284</ele></trkpt>
    <trkpt lat="59.83990" lon="8.69790"><ele>1290</ele></trkpt>
    <trkpt lat="59.84010" lon="8.69760"><ele>1292</ele></trkpt>
    <trkpt lat="59.84040" lon="8.69680"><ele>1298</ele></trkpt>
    <trkpt lat="59.84070" lon="8.69620"><ele>1302</ele></trkpt>
    <trkpt lat="59.84100" lon="8.69530"><ele>1311</ele></trkpt>
    <trkpt lat="59.84130" lon="8.69480"><ele>1318</ele></trkpt>
    <trkpt lat="59.84150" lon="8.69410"><ele>1325</ele></trkpt>
    <trkpt lat="59.84160" lon="8.69360"><ele>1332</ele></trkpt>
    <trkpt lat="59.84180" lon="8.69280"><ele>1338</ele></trkpt>
    <trkpt lat="59.84200" lon="8.69210"><ele>1350</ele></trkpt>
    <trkpt lat="59.84220" lon="8.69130"><ele>1356</ele></trkpt>
    <trkpt lat="59.84240" lon="8.69080"><ele>1363</ele></trkpt>
    <trkpt lat="59.84240" lon="8.69010"><ele>1378</ele></trkpt>
    <trkpt lat="59.84250" lon="8.68960"><ele>1380</ele></trkpt>
    <trkpt lat="59.84250" lon="8.68880"><ele>1394</ele></trkpt>
    <trkpt lat="59.84250" lon="8.68800"><ele>1405</ele></trkpt>
    <trkpt lat="59.84260" lon="8.68740"><ele>1411</ele></trkpt>
    <trkpt lat="59.84270" lon="8.68670"><ele>1419</ele></trkpt>
    <trkpt lat="59.84270" lon="8.68600"><ele>1425</ele></trkpt>
    <trkpt lat="59.84280" lon="8.68520"><ele>1433</ele></trkpt>
    <trkpt lat="59.84290" lon="8.68470"><ele>1432</ele></trkpt>
    <trkpt lat="59.84300" lon="8.68410"><ele>1439</ele></trkpt>
    <trkpt lat="59.84320" lon="8.68350"><ele>1445</ele></trkpt>
    <trkpt lat="59.84340" lon="8.68300"><ele>1449</ele></trkpt>
    <trkpt lat="59.84350" lon="8.68210"><ele>1457</ele></trkpt>
    <trkpt lat="59.84360" lon="8.68150"><ele>1465</ele></trkpt>
    <trkpt lat="59.84370" lon="8.68030"><ele>1475</ele></trkpt>
    <trkpt lat="59.84360" lon="8.67960"><ele>1483</ele></trkpt>
    <trkpt lat="59.84370" lon="8.67900"><ele>1486</ele></trkpt>
    <trkpt lat="59.84370" lon="8.67830"><ele>1493</ele></trkpt>
    <trkpt lat="59.84380" lon="8.67720"><ele>1504</ele></trkpt>
    <trkpt lat="59.84380" lon="8.67630"><ele>1516</ele></trkpt>
    <trkpt lat="59.84380" lon="8.67560"><ele>1525</ele></trkpt>
    <trkpt lat="59.84380" lon="8.67470"><ele>1538</ele></trkpt>
    <trkpt lat="59.84380" lon="8.67410"><ele>1544</ele></trkpt>
    <trkpt lat="59.84380" lon="8.67280"><ele>1549</ele></trkpt>
    <trkpt lat="59.84400" lon="8.67190"><ele>1549</ele></trkpt>
    <trkpt lat="59.84440" lon="8.67100"><ele>1548</ele></trkpt>
    <trkpt lat="59.84520" lon="8.66980"><ele>1552</ele></trkpt>
    <trkpt lat="59.84600" lon="8.66880"><ele>1559</ele></trkpt>
    <trkpt lat="59.84680" lon="8.66790"><ele>1572</ele></trkpt>
    <trkpt lat="59.84710" lon="8.66730"><ele>1578</ele></trkpt>
    <trkpt lat="59.84730" lon="8.66700"><ele>1582</ele></trkpt>
    <trkpt lat="59.84750" lon="8.66650"><ele>1586</ele></trkpt>
    <trkpt lat="59.84760" lon="8.66590"><ele>1596</ele></trkpt>
    <trkpt lat="59.84740" lon="8.66560"><ele>1604</ele></trkpt>
    <trkpt lat="59.84710" lon="8.66570"><ele>1608</ele></trkpt>
    <trkpt lat="59.84690" lon="8.66580"><ele>1608</ele></trkpt>
  </trkseg>
  <trkseg>
    <trkpt lat="59.84690" lon="8.66580"><ele>1608</ele></trkpt>
    <trkpt lat="59.84670" lon="8.66550"><ele>1613</ele></trkpt>
    <trkpt lat="59.84650" lon="8.66500"><ele>1621</ele></trkpt>
    <trkpt lat="59.84630" lon="8.66460"><ele>1628</ele></trkpt>
    <trkpt lat="59.84600" lon="8.66440"><ele>1636</ele></trkpt>
    <trkpt lat="59.84580" lon="8.66380"><ele>1646</ele></trkpt>
    <trkpt lat="59.84550" lon="8.66320"><ele>1649</ele></trkpt>
    <trkpt lat="59.84530" lon="8.66290"><ele>1651</ele></trkpt>
    <trkpt lat="59.84510" lon="8.66240"><ele>1653</ele></trkpt>
    <trkpt lat="59.84510" lon="8.66170"><ele>1657</ele></trkpt>
    <trkpt lat="59.84520" lon="8.66120"><ele>1662</ele></trkpt>
    <trkpt lat="59.84540" lon="8.66060"><ele>1666</ele></trkpt>
    <trkpt lat="59.84560" lon="8.66020"><ele>1669</ele></trkpt>
    <trkpt lat="59.84630" lon="8.65950"><ele>1681</ele></trkpt>
    <trkpt lat="59.84660" lon="8.65970"><ele>1685</ele></trkpt>
    <trkpt lat="59.84710" lon="8.65970"><ele>1695</ele></trkpt>
    <trkpt lat="59.84750" lon="8.65950"><ele>1703</ele></trkpt>
    <trkpt lat="59.84770" lon="8.65890"><ele>1712</ele></trkpt>
    <trkpt lat="59.84810" lon="8.65860"><ele>1724</ele></trkpt>
    <trkpt lat="59.84840" lon="8.65830"><ele>1734</ele></trkpt>
    <trkpt lat="59.84850" lon="8.65780"><ele>1743</ele></trkpt>
    <trkpt lat="59.84870" lon="8.65750"><ele>1750</ele></trkpt>
    <trkpt lat="59.84890" lon="8.65700"><ele>1760</ele></trkpt>
    <trkpt lat="59.84890" lon="8.65650"><ele>1765</ele></trkpt>
    <trkpt lat="59.84920" lon="8.65660"><ele>1774</ele></trkpt>
    <trkpt lat="59.84930" lon="8.65610"><ele>1783</ele></trkpt>
    <trkpt lat="59.84960" lon="8.65640"><ele>1794</ele></trkpt>
    <trkpt lat="59.84960" lon="8.65590"><ele>1797</ele></trkpt>
    <trkpt lat="59.85000" lon="8.65590"><ele>1813</ele></trkpt>
    <trkpt lat="59.85030" lon="8.65600"><ele>1819</ele></trkpt>
    <trkpt lat="59.85050" lon="8.65570"><ele>1828</ele></trkpt>
    <trkpt lat="59.85080" lon="8.65540"><ele>1833</ele></trkpt>
  </trkseg>
  <trkseg>
    <trkpt lat="59.85080" lon="8.65540"><ele>1833</ele></trkpt>
    <trkpt lat="59.85120" lon="8.65530"><ele>1833</ele></trkpt>
    <trkpt lat="59.85150" lon="8.65510"><ele>1834</ele></trkpt>
    <trkpt lat="59.85180" lon="8.65480"><ele>1836</ele></trkpt>
    <trkpt lat="59.85210" lon="8.65450"><ele>1837</ele></trkpt>
    <trkpt lat="59.85240" lon="8.65400"><ele>1837</ele></trkpt>
    <trkpt lat="59.85260" lon="8.65350"><ele>1836</ele></trkpt>
    <trkpt lat="59.85280" lon="8.65320"><ele>1840</ele></trkpt>
    <trkpt lat="59.85300" lon="8.65290"><ele>1843</ele></trkpt>
    <trkpt lat="59.85320" lon="8.65260"><ele>1845</ele></trkpt>
    <trkpt lat="59.85340" lon="8.65220"><ele>1847</ele></trkpt>
    <trkpt lat="59.85360" lon="8.65160"><ele>1851</ele></trkpt>
    <trkpt lat="59.85370" lon="8.65100"><ele>1854</ele></trkpt>
    <trkpt lat="59.85380" lon="8.65050"><ele>1857</ele></trkpt>
    <trkpt lat="59.85400" lon="8.65010"><ele>1859</ele></trkpt>
    <trkpt lat="59.85410" lon="8.64950"><ele>1862</ele></trkpt>
    <trkpt lat="59.85410" lon="8.64920"><ele>1862</ele></trkpt>
  </trkseg>
</trk>
<trk>
  <type>drive</type>
  <trkseg>
    <trkpt lat="59.83090" lon="8.71640"></trkpt>
    <trkpt lat="59.83050" lon="8.71670"></trkpt>
    <trkpt lat="59.83020" lon="8.71690"></trkpt>
    <trkpt lat="59.82980" lon="8.71700"></trkpt>
    <trkpt lat="59.82950" lon="8.71710"></trkpt>
    <trkpt lat="59.82910" lon="8.71740"></trkpt>
    <trkpt lat="59.82870" lon="8.71790"></trkpt>
    <trkpt lat="59.82850" lon="8.71820"></trkpt>
    <trkpt lat="59.82810" lon="8.71860"></trkpt>
    <trkpt lat="59.82770" lon="8.71910"></trkpt>
    <trkpt lat="59.82750" lon="8.71950"></trkpt>
    <trkpt lat="59.82720" lon="8.71980"></trkpt>
    <trkpt lat="59.82690" lon="8.72000"></trkpt>
    <trkpt lat="59.82660" lon="8.72030"></trkpt>
    <trkpt lat="59.82630" lon="8.72050"></trkpt>
    <trkpt lat="59.82590" lon="8.72080"></trkpt>
    <trkpt lat="59.82560" lon="8.72100"></trkpt>
    <trkpt lat="59.82510" lon="8.72120"></trkpt>
    <trkpt lat="59.82480" lon="8.72130"></trkpt>
    <trkpt lat="59.82440" lon="8.72150"></trkpt>
    <trkpt lat="59.82410" lon="8.72160"></trkpt>
    <trkpt lat="59.82370" lon="8.72180"></trkpt>
    <trkpt lat="59.82320" lon="8.72200"></trkpt>
    <trkpt lat="59.82290" lon="8.72210"></trkpt>
    <trkpt lat="59.82260" lon="8.72220"></trkpt>
    <trkpt lat="59.82220" lon="8.72230"></trkpt>
    <trkpt lat="59.82190" lon="8.72230"></trkpt>
    <trkpt lat="59.82160" lon="8.72230"></trkpt>
    <trkpt lat="59.82130" lon="8.72230"></trkpt>
    <trkpt lat="59.82100" lon="8.72230"></trkpt>
    <trkpt lat="59.82070" lon="8.72230"></trkpt>
    <trkpt lat="59.82040" lon="8.72230"></trkpt>
    <trkpt lat="59.82010" lon="8.72230"></trkpt>
    <trkpt lat="59.81980" lon="8.72230"></trkpt>
    <trkpt lat="59.81940" lon="8.72230"></trkpt>
    <trkpt lat="59.81900" lon="8.72230"></trkpt>
    <trkpt lat="59.81840" lon="8.72230"></trkpt>
    <trkpt lat="59.81800" lon="8.72230"></trkpt>
    <trkpt lat="59.81770" lon="8.72230"></trkpt>
    <trkpt lat="59.81730" lon="8.72230"></trkpt>
    <trkpt lat="59.81700" lon="8.72240"></trkpt>
    <trkpt lat="59.81670" lon="8.72270"></trkpt>
    <trkpt lat="59.81640" lon="8.72300"></trkpt>
    <trkpt lat="59.81620" lon="8.72340"></trkpt>
    <trkpt lat="59.81590" lon="8.72410"></trkpt>
    <trkpt lat="59.81560" lon="8.72460"></trkpt>
    <trkpt lat="59.81540" lon="8.72500"></trkpt>
    <trkpt lat="59.81520" lon="8.72540"></trkpt>
    <trkpt lat="59.81510" lon="8.72600"></trkpt>
    <trkpt lat="59.81510" lon="8.72650"></trkpt>
    <trkpt lat="59.81510" lon="8.72710"></trkpt>
    <trkpt lat="59.81520" lon="8.72750"></trkpt>
    <trkpt lat="59.81530" lon="8.72800"></trkpt>
    <trkpt lat="59.81540" lon="8.72840"></trkpt>
    <trkpt lat="59.81550" lon="8.72900"></trkpt>
    <trkpt lat="59.81560" lon="8.72950"></trkpt>
    <trkpt lat="59.81570" lon="8.73020"></trkpt>
    <trkpt lat="59.81580" lon="8.73100"></trkpt>
    <trkpt lat="59.81590" lon="8.73140"></trkpt>
    <trkpt lat="59.81580" lon="8.73190"></trkpt>
    <trkpt lat="59.81550" lon="8.73230"></trkpt>
    <trkpt lat="59.81530" lon="8.73260"></trkpt>
    <trkpt lat="59.81510" lon="8.73300"></trkpt>
    <trkpt lat="59.81480" lon="8.73350"></trkpt>
    <trkpt lat="59.81460" lon="8.73390"></trkpt>
    <trkpt lat="59.81440" lon="8.73440"></trkpt>
    <trkpt lat="59.81420" lon="8.73470"></trkpt>
    <trkpt lat="59.81380" lon="8.73490"></trkpt>
    <trkpt lat="59.81340" lon="8.73490"></trkpt>
    <trkpt lat="59.81300" lon="8.73480"></trkpt>
    <trkpt lat="59.81270" lon="8.73480"></trkpt>
    <trkpt lat="59.81230" lon="8.73510"></trkpt>
    <trkpt lat="59.81210" lon="8.73550"></trkpt>
    <trkpt lat="59.81190" lon="8.73610"></trkpt>
    <trkpt lat="59.81180" lon="8.73660"></trkpt>
    <trkpt lat="59.81160" lon="8.73710"></trkpt>
    <trkpt lat="59.81150" lon="8.73760"></trkpt>
    <trkpt lat="59.81130" lon="8.73810"></trkpt>
    <trkpt lat="59.81110" lon="8.73860"></trkpt>
    <trkpt lat="59.81100" lon="8.73920"></trkpt>
    <trkpt lat="59.81080" lon="8.74000"></trkpt>
    <trkpt lat="59.81060" lon="8.74040"></trkpt>
    <trkpt lat="59.81050" lon="8.74090"></trkpt>
    <trkpt lat="59.81040" lon="8.74130"></trkpt>
    <trkpt lat="59.81030" lon="8.74170"></trkpt>
    <trkpt lat="59.81010" lon="8.74230"></trkpt>
    <trkpt lat="59.81000" lon="8.74270"></trkpt>
    <trkpt lat="59.80980" lon="8.74320"></trkpt>
    <trkpt lat="59.80970" lon="8.74370"></trkpt>
    <trkpt lat="59.80950" lon="8.74420"></trkpt>
    <trkpt lat="59.80940" lon="8.74470"></trkpt>
    <trkpt lat="59.80920" lon="8.74530"></trkpt>
    <trkpt lat="59.80900" lon="8.74580"></trkpt>
    <trkpt lat="59.80890" lon="8.74620"></trkpt>
    <trkpt lat="59.80880" lon="8.74660"></trkpt>
    <trkpt lat="59.80860" lon="8.74720"></trkpt>
    <trkpt lat="59.80850" lon="8.74760"></trkpt>
    <trkpt lat="59.80840" lon="8.74810"></trkpt>
    <trkpt lat="59.80820" lon="8.74870"></trkpt>
    <trkpt lat="59.80820" lon="8.74920"></trkpt>
    <trkpt lat="59.80810" lon="8.74970"></trkpt>
    <trkpt lat="59.80790" lon="8.75040"></trkpt>
    <trkpt lat="59.80790" lon="8.75110"></trkpt>
    <trkpt lat="59.80790" lon="8.75170"></trkpt>
    <trkpt lat="59.80790" lon="8.75260"></trkpt>
    <trkpt lat="59.80790" lon="8.75320"></trkpt>
    <trkpt lat="59.80780" lon="8.75370"></trkpt>
    <trkpt lat="59.80760" lon="8.75430"></trkpt>
    <trkpt lat="59.80740" lon="8.75480"></trkpt>
    <trkpt lat="59.80720" lon="8.75540"></trkpt>
    <trkpt lat="59.80700" lon="8.75570"></trkpt>
    <trkpt lat="59.80670" lon="8.75600"></trkpt>
    <trkpt lat="59.80640" lon="8.75640"></trkpt>
    <trkpt lat="59.80600" lon="8.75660"></trkpt>
    <trkpt lat="59.80570" lon="8.75700"></trkpt>
    <trkpt lat="59.80540" lon="8.75740"></trkpt>
    <trkpt lat="59.80520" lon="8.75780"></trkpt>
    <trkpt lat="59.80500" lon="8.75830"></trkpt>
    <trkpt lat="59.80480" lon="8.75860"></trkpt>
    <trkpt lat="59.80460" lon="8.75910"></trkpt>
    <trkpt lat="59.80440" lon="8.75960"></trkpt>
    <trkpt lat="59.80410" lon="8.76010"></trkpt>
    <trkpt lat="59.80390" lon="8.76040"></trkpt>
    <trkpt lat="59.80360" lon="8.76060"></trkpt>
    <trkpt lat="59.80330" lon="8.76080"></trkpt>
    <trkpt lat="59.80310" lon="8.76110"></trkpt>
    <trkpt lat="59.80280" lon="8.76110"></trkpt>
    <trkpt lat="59.80250" lon="8.76090"></trkpt>
    <trkpt lat="59.80230" lon="8.76060"></trkpt>
    <trkpt lat="59.80190" lon="8.76020"></trkpt>
    <trkpt lat="59.80160" lon="8.76000"></trkpt>
    <trkpt lat="59.80130" lon="8.76000"></trkpt>
    <trkpt lat="59.80080" lon="8.76030"></trkpt>
    <trkpt lat="59.80040" lon="8.76060"></trkpt>
    <trkpt lat="59.80010" lon="8.76070"></trkpt>
    <trkpt lat="59.79980" lon="8.76040"></trkpt>
    <trkpt lat="59.79970" lon="8.76000"></trkpt>
    <trkpt lat="59.79960" lon="8.75960"></trkpt>
    <trkpt lat="59.79960" lon="8.75890"></trkpt>
    <trkpt lat="59.79970" lon="8.75840"></trkpt>
    <trkpt lat="59.79980" lon="8.75780"></trkpt>
    <trkpt lat="59.79990" lon="8.75730"></trkpt>
    <trkpt lat="59.80000" lon="8.75690"></trkpt>
    <trkpt lat="59.80000" lon="8.75610"></trkpt>
    <trkpt lat="59.79990" lon="8.75560"></trkpt>
    <trkpt lat="59.79980" lon="8.75510"></trkpt>
    <trkpt lat="59.79980" lon="8.75460"></trkpt>
    <trkpt lat="59.79970" lon="8.75420"></trkpt>
    <trkpt lat="59.79960" lon="8.75350"></trkpt>
    <trkpt lat="59.79960" lon="8.75300"></trkpt>
    <trkpt lat="59.79960" lon="8.75220"></trkpt>
    <trkpt lat="59.79960" lon="8.75170"></trkpt>
    <trkpt lat="59.79960" lon="8.75090"></trkpt>
    <trkpt lat="59.79960" lon="8.75030"></trkpt>
    <trkpt lat="59.79970" lon="8.74990"></trkpt>
    <trkpt lat="59.79980" lon="8.74940"></trkpt>
    <trkpt lat="59.79980" lon="8.74890"></trkpt>
    <trkpt lat="59.79990" lon="8.74810"></trkpt>
    <trkpt lat="59.79990" lon="8.74760"></trkpt>
    <trkpt lat="59.80000" lon="8.74720"></trkpt>
    <trkpt lat="59.80000" lon="8.74660"></trkpt>
    <trkpt lat="59.80000" lon="8.74610"></trkpt>
    <trkpt lat="59.80000" lon="8.74550"></trkpt>
    <trkpt lat="59.80000" lon="8.74460"></trkpt>
    <trkpt lat="59.80000" lon="8.74400"></trkpt>
    <trkpt lat="59.80000" lon="8.74320"></trkpt>
    <trkpt lat="59.80000" lon="8.74250"></trkpt>
    <trkpt lat="59.80000" lon="8.74190"></trkpt>
    <trkpt lat="59.80000" lon="8.74120"></trkpt>
    <trkpt lat="59.79990" lon="8.74050"></trkpt>
    <trkpt lat="59.79980" lon="8.73980"></trkpt>
    <trkpt lat="59.79970" lon="8.73930"></trkpt>
    <trkpt lat="59.79940" lon="8.73910"></trkpt>
    <trkpt lat="59.79910" lon="8.73930"></trkpt>
    <trkpt lat="59.79890" lon="8.73970"></trkpt>
    <trkpt lat="59.79870" lon="8.74020"></trkpt>
    <trkpt lat="59.79860" lon="8.74070"></trkpt>
    <trkpt lat="59.79840" lon="8.74100"></trkpt>
    <trkpt lat="59.79820" lon="8.74160"></trkpt>
    <trkpt lat="59.79800" lon="8.74210"></trkpt>
    <trkpt lat="59.79780" lon="8.74260"></trkpt>
    <trkpt lat="59.79760" lon="8.74310"></trkpt>
    <trkpt lat="59.79750" lon="8.74350"></trkpt>
    <trkpt lat="59.79740" lon="8.74390"></trkpt>
    <trkpt lat="59.79720" lon="8.74470"></trkpt>
    <trkpt lat="59.79710" lon="8.74510"></trkpt>
    <trkpt lat="59.79700" lon="8.74550"></trkpt>
    <trkpt lat="59.79690" lon="8.74600"></trkpt>
    <trkpt lat="59.79670" lon="8.74630"></trkpt>
    <trkpt lat="59.79650" lon="8.74670"></trkpt>
    <trkpt lat="59.79620" lon="8.74700"></trkpt>
    <trkpt lat="59.79600" lon="8.74750"></trkpt>
    <trkpt lat="59.79580" lon="8.74780"></trkpt>
    <trkpt lat="59.79560" lon="8.74830"></trkpt>
    <trkpt lat="59.79540" lon="8.74900"></trkpt>
    <trkpt lat="59.79520" lon="8.74970"></trkpt>
    <trkpt lat="59.79500" lon="8.75020"></trkpt>
    <trkpt lat="59.79480" lon="8.75050"></trkpt>
    <trkpt lat="59.79470" lon="8.75090"></trkpt>
    <trkpt lat="59.79450" lon="8.75160"></trkpt>
    <trkpt lat="59.79430" lon="8.75200"></trkpt>
    <trkpt lat="59.79410" lon="8.75240"></trkpt>
    <trkpt lat="59.79390" lon="8.75280"></trkpt>
    <trkpt lat="59.79370" lon="8.75320"></trkpt>
    <trkpt lat="59.79340" lon="8.75360"></trkpt>
    <trkpt lat="59.79310" lon="8.75410"></trkpt>
    <trkpt lat="59.79290" lon="8.75460"></trkpt>
    <trkpt lat="59.79270" lon="8.75490"></trkpt>
    <trkpt lat="59.79250" lon="8.75530"></trkpt>
    <trkpt lat="59.79240" lon="8.75570"></trkpt>
    <trkpt lat="59.79230" lon="8.75610"></trkpt>
    <trkpt lat="59.79210" lon="8.75670"></trkpt>
    <trkpt lat="59.79200" lon="8.75710"></trkpt>
    <trkpt lat="59.79170" lon="8.75740"></trkpt>
    <trkpt lat="59.79140" lon="8.75780"></trkpt>
    <trkpt lat="59.79120" lon="8.75810"></trkpt>
    <trkpt lat="59.79080" lon="8.75860"></trkpt>
    <trkpt lat="59.79040" lon="8.75920"></trkpt>
    <trkpt lat="59.79020" lon="8.75950"></trkpt>
    <trkpt lat="59.78990" lon="8.75980"></trkpt>
    <trkpt lat="59.78970" lon="8.76010"></trkpt>
    <trkpt lat="59.78940" lon="8.76030"></trkpt>
    <trkpt lat="59.78910" lon="8.76060"></trkpt>
    <trkpt lat="59.78870" lon="8.76080"></trkpt>
    <trkpt lat="59.78840" lon="8.76080"></trkpt>
    <trkpt lat="59.78810" lon="8.76090"></trkpt>
    <trkpt lat="59.78770" lon="8.76110"></trkpt>
    <trkpt lat="59.78740" lon="8.76150"></trkpt>
    <trkpt lat="59.78720" lon="8.76180"></trkpt>
    <trkpt lat="59.78710" lon="8.76230"></trkpt>
    <trkpt lat="59.78700" lon="8.76270"></trkpt>
    <trkpt lat="59.78680" lon="8.76340"></trkpt>
    <trkpt lat="59.78660" lon="8.76390"></trkpt>
    <trkpt lat="59.78650" lon="8.76430"></trkpt>
    <trkpt lat="59.78620" lon="8.76480"></trkpt>
    <trkpt lat="59.78580" lon="8.76520"></trkpt>
    <trkpt lat="59.78550" lon="8.76560"></trkpt>
    <trkpt lat="59.78530" lon="8.76600"></trkpt>
    <trkpt lat="59.78510" lon="8.76640"></trkpt>
    <trkpt lat="59.78490" lon="8.76670"></trkpt>
    <trkpt lat="59.78470" lon="8.76700"></trkpt>
    <trkpt lat="59.78450" lon="8.76740"></trkpt>
    <trkpt lat="59.78430" lon="8.76770"></trkpt>
    <trkpt lat="59.78410" lon="8.76800"></trkpt>
    <trkpt lat="59.78380" lon="8.76820"></trkpt>
    <trkpt lat="59.78360" lon="8.76850"></trkpt>
    <trkpt lat="59.78330" lon="8.76890"></trkpt>
    <trkpt lat="59.78300" lon="8.76910"></trkpt>
    <trkpt lat="59.78260" lon="8.76940"></trkpt>
    <trkpt lat="59.78230" lon="8.76960"></trkpt>
    <trkpt lat="59.78200" lon="8.76970"></trkpt>
    <trkpt lat="59.78160" lon="8.76990"></trkpt>
    <trkpt lat="59.78110" lon="8.77020"></trkpt>
    <trkpt lat="59.78080" lon="8.77030"></trkpt>
    <trkpt lat="59.78040" lon="8.77050"></trkpt>
    <trkpt lat="59.78010" lon="8.77070"></trkpt>
    <trkpt lat="59.77970" lon="8.77090"></trkpt>
    <trkpt lat="59.77930" lon="8.77110"></trkpt>
    <trkpt lat="59.77900" lon="8.77130"></trkpt>
    <trkpt lat="59.77870" lon="8.77140"></trkpt>
    <trkpt lat="59.77830" lon="8.77140"></trkpt>
    <trkpt lat="59.77800" lon="8.77140"></trkpt>
    <trkpt lat="59.77770" lon="8.77150"></trkpt>
    <trkpt lat="59.77740" lon="8.77150"></trkpt>
    <trkpt lat="59.77710" lon="8.77170"></trkpt>
    <trkpt lat="59.77680" lon="8.77190"></trkpt>
    <trkpt lat="59.77650" lon="8.77220"></trkpt>
    <trkpt lat="59.77610" lon="8.77230"></trkpt>
    <trkpt lat="59.77580" lon="8.77230"></trkpt>
    <trkpt lat="59.77540" lon="8.77200"></trkpt>
    <trkpt lat="59.77510" lon="8.77190"></trkpt>
    <trkpt lat="59.77480" lon="8.77190"></trkpt>
    <trkpt lat="59.77440" lon="8.77190"></trkpt>
    <trkpt lat="59.77410" lon="8.77160"></trkpt>
    <trkpt lat="59.77370" lon="8.77150"></trkpt>
    <trkpt lat="59.77340" lon="8.77180"></trkpt>
    <trkpt lat="59.77300" lon="8.77200"></trkpt>
    <trkpt lat="59.77270" lon="8.77220"></trkpt>
    <trkpt lat="59.77240" lon="8.77220"></trkpt>
    <trkpt lat="59.77200" lon="8.77230"></trkpt>
    <trkpt lat="59.77170" lon="8.77230"></trkpt>
    <trkpt lat="59.77130" lon="8.77250"></trkpt>
    <trkpt lat="59.77100" lon="8.77280"></trkpt>
    <trkpt lat="59.77060" lon="8.77330"></trkpt>
    <trkpt lat="59.77030" lon="8.77360"></trkpt>
    <trkpt lat="59.77010" lon="8.77390"></trkpt>
    <trkpt lat="59.76990" lon="8.77430"></trkpt>
    <trkpt lat="59.76970" lon="8.77390"></trkpt>
    <trkpt lat="59.76950" lon="8.77360"></trkpt>
    <trkpt lat="59.76940" lon="8.77400"></trkpt>
    <trkpt lat="59.76920" lon="8.77430"></trkpt>
    <trkpt lat="59.76910" lon="8.77480"></trkpt>
    <trkpt lat="59.76880" lon="8.77520"></trkpt>
    <trkpt lat="59.76870" lon="8.77560"></trkpt>
    <trkpt lat="59.76850" lon="8.77590"></trkpt>
    <trkpt lat="59.76830" lon="8.77620"></trkpt>
    <trkpt lat="59.76810" lon="8.77670"></trkpt>
    <trkpt lat="59.76790" lon="8.77710"></trkpt>
    <trkpt lat="59.76760" lon="8.77780"></trkpt>
    <trkpt lat="59.76740" lon="8.77820"></trkpt>
    <trkpt lat="59.76720" lon="8.77850"></trkpt>
    <trkpt lat="59.76680" lon="8.77900"></trkpt>
    <trkpt lat="59.76650" lon="8.77930"></trkpt>
    <trkpt lat="59.76630" lon="8.77960"></trkpt>
    <trkpt lat="59.76620" lon="8.78020"></trkpt>
    <trkpt lat="59.76610" lon="8.78070"></trkpt>
    <trkpt lat="59.76600" lon="8.78110"></trkpt>
    <trkpt lat="59.76590" lon="8.78160"></trkpt>
    <trkpt lat="59.76590" lon="8.78220"></trkpt>
    <trkpt lat="59.76560" lon="8.78270"></trkpt>
    <trkpt lat="59.76520" lon="8.78300"></trkpt>
    <trkpt lat="59.76490" lon="8.78320"></trkpt>
    <trkpt lat="59.76450" lon="8.78360"></trkpt>
    <trkpt lat="59.76450" lon="8.78310"></trkpt>
    <trkpt lat="59.76460" lon="8.78270"></trkpt>
    <trkpt lat="59.76470" lon="8.78220"></trkpt>
    <trkpt lat="59.76460" lon="8.78180"></trkpt>
    <trkpt lat="59.76430" lon="8.78190"></trkpt>
    <trkpt lat="59.76410" lon="8.78220"></trkpt>
    <trkpt lat="59.76380" lon="8.78200"></trkpt>
    <trkpt lat="59.76360" lon="8.78150"></trkpt>
    <trkpt lat="59.76350" lon="8.78100"></trkpt>
    <trkpt lat="59.76350" lon="8.78050"></trkpt>
    <trkpt lat="59.76360" lon="8.78010"></trkpt>
    <trkpt lat="59.76370" lon="8.77950"></trkpt>
    <trkpt lat="59.76370" lon="8.77900"></trkpt>
    <trkpt lat="59.76330" lon="8.77890"></trkpt>
    <trkpt lat="59.76310" lon="8.77920"></trkpt>
    <trkpt lat="59.76290" lon="8.77960"></trkpt>
    <trkpt lat="59.76270" lon="8.78010"></trkpt>
    <trkpt lat="59.76240" lon="8.78040"></trkpt>
    <trkpt lat="59.76200" lon="8.78050"></trkpt>
    <trkpt lat="59.76170" lon="8.78070"></trkpt>
    <trkpt lat="59.76150" lon="8.78140"></trkpt>
    <trkpt lat="59.76120" lon="8.78210"></trkpt>
    <trkpt lat="59.76100" lon="8.78250"></trkpt>
    <trkpt lat="59.76070" lon="8.78280"></trkpt>
    <trkpt lat="59.76030" lon="8.78300"></trkpt>
    <trkpt lat="59.75990" lon="8.78320"></trkpt>
    <trkpt lat="59.75960" lon="8.78350"></trkpt>
    <trkpt lat="59.75930" lon="8.78400"></trkpt>
    <trkpt lat="59.75900" lon="8.78450"></trkpt>
    <trkpt lat="59.75880" lon="8.78510"></trkpt>
    <trkpt lat="59.75860" lon="8.78560"></trkpt>
    <trkpt lat="59.75840" lon="8.78590"></trkpt>
    <trkpt lat="59.75820" lon="8.78620"></trkpt>
    <trkpt lat="59.75800" lon="8.78650"></trkpt>
    <trkpt lat="59.75780" lon="8.78690"></trkpt>
    <trkpt lat="59.75750" lon="8.78700"></trkpt>
    <trkpt lat="59.75720" lon="8.78690"></trkpt>
    <trkpt lat="59.75680" lon="8.78710"></trkpt>
    <trkpt lat="59.75650" lon="8.78730"></trkpt>
    <trkpt lat="59.75630" lon="8.78760"></trkpt>
    <trkpt lat="59.75610" lon="8.78790"></trkpt>
    <trkpt lat="59.75590" lon="8.78820"></trkpt>
    <trkpt lat="59.75560" lon="8.78880"></trkpt>
    <trkpt lat="59.75550" lon="8.78930"></trkpt>
    <trkpt lat="59.75530" lon="8.78970"></trkpt>
    <trkpt lat="59.75520" lon="8.79050"></trkpt>
    <trkpt lat="59.75510" lon="8.79150"></trkpt>
    <trkpt lat="59.75500" lon="8.79230"></trkpt>
    <trkpt lat="59.75500" lon="8.79280"></trkpt>
    <trkpt lat="59.75490" lon="8.79340"></trkpt>
    <trkpt lat="59.75480" lon="8.79380"></trkpt>
    <trkpt lat="59.75470" lon="8.79430"></trkpt>
    <trkpt lat="59.75450" lon="8.79490"></trkpt>
    <trkpt lat="59.75410" lon="8.79550"></trkpt>
    <trkpt lat="59.75390" lon="8.79600"></trkpt>
    <trkpt lat="59.75350" lon="8.79640"></trkpt>
    <trkpt lat="59.75320" lon="8.79650"></trkpt>
    <trkpt lat="59.75280" lon="8.79660"></trkpt>
    <trkpt lat="59.75250" lon="8.79670"></trkpt>
    <trkpt lat="59.75220" lon="8.79690"></trkpt>
    <trkpt lat="59.75190" lon="8.79720"></trkpt>
    <trkpt lat="59.75170" lon="8.79750"></trkpt>
    <trkpt lat="59.75150" lon="8.79780"></trkpt>
    <trkpt lat="59.75120" lon="8.79820"></trkpt>
    <trkpt lat="59.75090" lon="8.79860"></trkpt>
    <trkpt lat="59.75060" lon="8.79890"></trkpt>
    <trkpt lat="59.75040" lon="8.79930"></trkpt>
    <trkpt lat="59.75010" lon="8.79970"></trkpt>
    <trkpt lat="59.74970" lon="8.80030"></trkpt>
    <trkpt lat="59.74950" lon="8.80060"></trkpt>
    <trkpt lat="59.74930" lon="8.80100"></trkpt>
    <trkpt lat="59.74910" lon="8.80150"></trkpt>
    <trkpt lat="59.74880" lon="8.80200"></trkpt>
    <trkpt lat="59.74850" lon="8.80250"></trkpt>
    <trkpt lat="59.74810" lon="8.80300"></trkpt>
    <trkpt lat="59.74770" lon="8.80350"></trkpt>
    <trkpt lat="59.74750" lon="8.80380"></trkpt>
    <trkpt lat="59.74710" lon="8.80430"></trkpt>
    <trkpt lat="59.74690" lon="8.80460"></trkpt>
    <trkpt lat="59.74680" lon="8.80520"></trkpt>
    <trkpt lat="59.74670" lon="8.80570"></trkpt>
    <trkpt lat="59.74680" lon="8.80610"></trkpt>
    <trkpt lat="59.74670" lon="8.80660"></trkpt>
    <trkpt lat="59.74660" lon="8.80720"></trkpt>
    <trkpt lat="59.74650" lon="8.80770"></trkpt>
    <trkpt lat="59.74630" lon="8.80820"></trkpt>
    <trkpt lat="59.74600" lon="8.80880"></trkpt>
    <trkpt lat="59.74530" lon="8.80990"></trkpt>
    <trkpt lat="59.74520" lon="8.81030"></trkpt>
    <trkpt lat="59.74500" lon="8.81060"></trkpt>
    <trkpt lat="59.74500" lon="8.81120"></trkpt>
    <trkpt lat="59.74500" lon="8.81170"></trkpt>
    <trkpt lat="59.74510" lon="8.81210"></trkpt>
    <trkpt lat="59.74520" lon="8.81250"></trkpt>
    <trkpt lat="59.74550" lon="8.81280"></trkpt>
    <trkpt lat="59.74580" lon="8.81330"></trkpt>
    <trkpt lat="59.74600" lon="8.81360"></trkpt>
    <trkpt lat="59.74620" lon="8.81390"></trkpt>
    <trkpt lat="59.74640" lon="8.81430"></trkpt>
    <trkpt lat="59.74660" lon="8.81470"></trkpt>
    <trkpt lat="59.74680" lon="8.81530"></trkpt>
    <trkpt lat="59.74700" lon="8.81580"></trkpt>
    <trkpt lat="59.74710" lon="8.81620"></trkpt>
    <trkpt lat="59.74710" lon="8.81670"></trkpt>
    <trkpt lat="59.74700" lon="8.81710"></trkpt>
    <trkpt lat="59.74690" lon="8.81750"></trkpt>
    <trkpt lat="59.74660" lon="8.81800"></trkpt>
    <trkpt lat="59.74630" lon="8.81860"></trkpt>
    <trkpt lat="59.74580" lon="8.81940"></trkpt>
    <trkpt lat="59.74560" lon="8.82000"></trkpt>
    <trkpt lat="59.74550" lon="8.82040"></trkpt>
    <trkpt lat="59.74540" lon="8.82110"></trkpt>
    <trkpt lat="59.74530" lon="8.82150"></trkpt>
    <trkpt lat="59.74520" lon="8.82230"></trkpt>
    <trkpt lat="59.74510" lon="8.82310"></trkpt>
    <trkpt lat="59.74500" lon="8.82410"></trkpt>
    <trkpt lat="59.74490" lon="8.82480"></trkpt>
    <trkpt lat="59.74480" lon="8.82520"></trkpt>
    <trkpt lat="59.74470" lon="8.82560"></trkpt>
    <trkpt lat="59.74460" lon="8.82610"></trkpt>
    <trkpt lat="59.74450" lon="8.82650"></trkpt>
    <trkpt lat="59.74440" lon="8.82690"></trkpt>
    <trkpt lat="59.74430" lon="8.82750"></trkpt>
    <trkpt lat="59.74420" lon="8.82800"></trkpt>
    <trkpt lat="59.74410" lon="8.82860"></trkpt>
    <trkpt lat="59.74400" lon="8.82940"></trkpt>
    <trkpt lat="59.74390" lon="8.83040"></trkpt>
    <trkpt lat="59.74390" lon="8.83140"></trkpt>
    <trkpt lat="59.74390" lon="8.83220"></trkpt>
    <trkpt lat="59.74380" lon="8.83280"></trkpt>
    <trkpt lat="59.74370" lon="8.83350"></trkpt>
    <trkpt lat="59.74360" lon="8.83410"></trkpt>
    <trkpt lat="59.74340" lon="8.83470"></trkpt>
    <trkpt lat="59.74330" lon="8.83520"></trkpt>
    <trkpt lat="59.74310" lon="8.83570"></trkpt>
    <trkpt lat="59.74280" lon="8.83600"></trkpt>
    <trkpt lat="59.74250" lon="8.83630"></trkpt>
    <trkpt lat="59.74230" lon="8.83660"></trkpt>
    <trkpt lat="59.74200" lon="8.83690"></trkpt>
    <trkpt lat="59.74160" lon="8.83730"></trkpt>
    <trkpt lat="59.74130" lon="8.83780"></trkpt>
    <trkpt lat="59.74110" lon="8.83820"></trkpt>
    <trkpt lat="59.74070" lon="8.83880"></trkpt>
    <trkpt lat="59.74050" lon="8.83920"></trkpt>
    <trkpt lat="59.74020" lon="8.83930"></trkpt>
    <trkpt lat="59.73950" lon="8.83950"></trkpt>
    <trkpt lat="59.73900" lon="8.83960"></trkpt>
    <trkpt lat="59.73820" lon="8.84000"></trkpt>
    <trkpt lat="59.73770" lon="8.84000"></trkpt>
    <trkpt lat="59.73740" lon="8.83990"></trkpt>
    <trkpt lat="59.73700" lon="8.83970"></trkpt>
    <trkpt lat="59.73670" lon="8.83940"></trkpt>
    <trkpt lat="59.73630" lon="8.83920"></trkpt>
    <trkpt lat="59.73600" lon="8.83910"></trkpt>
    <trkpt lat="59.73560" lon="8.83900"></trkpt>
    <trkpt lat="59.73510" lon="8.83900"></trkpt>
    <trkpt lat="59.73480" lon="8.83910"></trkpt>
    <trkpt lat="59.73440" lon="8.83950"></trkpt>
    <trkpt lat="59.73400" lon="8.83980"></trkpt>
    <trkpt lat="59.73370" lon="8.84020"></trkpt>
    <trkpt lat="59.73340" lon="8.84060"></trkpt>
    <trkpt lat="59.73300" lon="8.84100"></trkpt>
    <trkpt lat="59.73270" lon="8.84120"></trkpt>
    <trkpt lat="59.73230" lon="8.84150"></trkpt>
    <trkpt lat="59.73200" lon="8.84180"></trkpt>
    <trkpt lat="59.73180" lon="8.84220"></trkpt>
    <trkpt lat="59.73160" lon="8.84260"></trkpt>
    <trkpt lat="59.73150" lon="8.84320"></trkpt>
    <trkpt lat="59.73150" lon="8.84380"></trkpt>
    <trkpt lat="59.73140" lon="8.84450"></trkpt>
    <trkpt lat="59.73130" lon="8.84500"></trkpt>
    <trkpt lat="59.73110" lon="8.84530"></trkpt>
    <trkpt lat="59.73070" lon="8.84570"></trkpt>
    <trkpt lat="59.73040" lon="8.84590"></trkpt>
    <trkpt lat="59.73010" lon="8.84620"></trkpt>
    <trkpt lat="59.72990" lon="8.84660"></trkpt>
    <trkpt lat="59.72960" lon="8.84700"></trkpt>
    <trkpt lat="59.72930" lon="8.84720"></trkpt>
    <trkpt lat="59.72900" lon="8.84750"></trkpt>
    <trkpt lat="59.72870" lon="8.84780"></trkpt>
    <trkpt lat="59.72840" lon="8.84790"></trkpt>
    <trkpt lat="59.72800" lon="8.84790"></trkpt>
    <trkpt lat="59.72770" lon="8.84790"></trkpt>
    <trkpt lat="59.72740" lon="8.84790"></trkpt>
    <trkpt lat="59.72710" lon="8.84790"></trkpt>
    <trkpt lat="59.72680" lon="8.84790"></trkpt>
    <trkpt lat="59.72650" lon="8.84780"></trkpt>
    <trkpt lat="59.72610" lon="8.84770"></trkpt>
    <trkpt lat="59.72580" lon="8.84760"></trkpt>
    <trkpt lat="59.72540" lon="8.84750"></trkpt>
    <trkpt lat="59.72510" lon="8.84740"></trkpt>
    <trkpt lat="59.72480" lon="8.84710"></trkpt>
    <trkpt lat="59.72450" lon="8.84680"></trkpt>
    <trkpt lat="59.72420" lon="8.84660"></trkpt>
    <trkpt lat="59.72390" lon="8.84640"></trkpt>
    <trkpt lat="59.72350" lon="8.84630"></trkpt>
    <trkpt lat="59.72320" lon="8.84620"></trkpt>
    <trkpt lat="59.72290" lon="8.84620"></trkpt>
    <trkpt lat="59.72260" lon="8.84630"></trkpt>
    <trkpt lat="59.72220" lon="8.84640"></trkpt>
    <trkpt lat="59.72190" lon="8.84640"></trkpt>
    <trkpt lat="59.72160" lon="8.84650"></trkpt>
    <trkpt lat="59.72130" lon="8.84680"></trkpt>
    <trkpt lat="59.72110" lon="8.84710"></trkpt>
    <trkpt lat="59.72090" lon="8.84780"></trkpt>
    <trkpt lat="59.72080" lon="8.84820"></trkpt>
    <trkpt lat="59.72070" lon="8.84860"></trkpt>
    <trkpt lat="59.72050" lon="8.84900"></trkpt>
    <trkpt lat="59.72030" lon="8.84930"></trkpt>
    <trkpt lat="59.72000" lon="8.84940"></trkpt>
    <trkpt lat="59.71950" lon="8.84950"></trkpt>
    <trkpt lat="59.71920" lon="8.84960"></trkpt>
    <trkpt lat="59.71890" lon="8.84980"></trkpt>
    <trkpt lat="59.71860" lon="8.85010"></trkpt>
    <trkpt lat="59.71840" lon="8.85050"></trkpt>
    <trkpt lat="59.71810" lon="8.85080"></trkpt>
    <trkpt lat="59.71780" lon="8.85090"></trkpt>
    <trkpt lat="59.71750" lon="8.85100"></trkpt>
    <trkpt lat="59.71720" lon="8.85110"></trkpt>
    <trkpt lat="59.71680" lon="8.85120"></trkpt>
    <trkpt lat="59.71640" lon="8.85140"></trkpt>
    <trkpt lat="59.71610" lon="8.85170"></trkpt>
    <trkpt lat="59.71590" lon="8.85210"></trkpt>
    <trkpt lat="59.71560" lon="8.85240"></trkpt>
    <trkpt lat="59.71520" lon="8.85280"></trkpt>
    <trkpt lat="59.71490" lon="8.85300"></trkpt>
    <trkpt lat="59.71460" lon="8.85330"></trkpt>
    <trkpt lat="59.71420" lon="8.85370"></trkpt>
    <trkpt lat="59.71390" lon="8.85390"></trkpt>
    <trkpt lat="59.71360" lon="8.85410"></trkpt>
    <trkpt lat="59.71330" lon="8.85440"></trkpt>
    <trkpt lat="59.71300" lon="8.85470"></trkpt>
    <trkpt lat="59.71280" lon="8.85510"></trkpt>
    <trkpt lat="59.71250" lon="8.85550"></trkpt>
    <trkpt lat="59.71220" lon="8.85580"></trkpt>
    <trkpt lat="59.71180" lon="8.85620"></trkpt>
    <trkpt lat="59.71150" lon="8.85640"></trkpt>
    <trkpt lat="59.71120" lon="8.85670"></trkpt>
    <trkpt lat="59.71080" lon="8.85710"></trkpt>
    <trkpt lat="59.71050" lon="8.85750"></trkpt>
    <trkpt lat="59.71020" lon="8.85770"></trkpt>
    <trkpt lat="59.70980" lon="8.85830"></trkpt>
    <trkpt lat="59.70940" lon="8.85860"></trkpt>
    <trkpt lat="59.70890" lon="8.85890"></trkpt>
    <trkpt lat="59.70860" lon="8.85890"></trkpt>
    <trkpt lat="59.70830" lon="8.85890"></trkpt>
    <trkpt lat="59.70800" lon="8.85910"></trkpt>
    <trkpt lat="59.70740" lon="8.85970"></trkpt>
    <trkpt lat="59.70700" lon="8.86000"></trkpt>
    <trkpt lat="59.70670" lon="8.86020"></trkpt>
    <trkpt lat="59.70630" lon="8.86030"></trkpt>
    <trkpt lat="59.70600" lon="8.86030"></trkpt>
    <trkpt lat="59.70560" lon="8.86040"></trkpt>
    <trkpt lat="59.70530" lon="8.86040"></trkpt>
    <trkpt lat="59.70500" lon="8.86030"></trkpt>
    <trkpt lat="59.70470" lon="8.86010"></trkpt>
    <trkpt lat="59.70440" lon="8.85990"></trkpt>
    <trkpt lat="59.70410" lon="8.85970"></trkpt>
    <trkpt lat="59.70380" lon="8.85960"></trkpt>
    <trkpt lat="59.70350" lon="8.85950"></trkpt>
    <trkpt lat="59.70310" lon="8.85930"></trkpt>
    <trkpt lat="59.70280" lon="8.85910"></trkpt>
    <trkpt lat="59.70250" lon="8.85870"></trkpt>
    <trkpt lat="59.70220" lon="8.85830"></trkpt>
    <trkpt lat="59.70190" lon="8.85820"></trkpt>
    <trkpt lat="59.70140" lon="8.85840"></trkpt>
    <trkpt lat="59.70110" lon="8.85850"></trkpt>
    <trkpt lat="59.70080" lon="8.85870"></trkpt>
    <trkpt lat="59.70040" lon="8.85890"></trkpt>
    <trkpt lat="59.70010" lon="8.85910"></trkpt>
    <trkpt lat="59.69990" lon="8.85960"></trkpt>
    <trkpt lat="59.69970" lon="8.86010"></trkpt>
    <trkpt lat="59.69950" lon="8.86080"></trkpt>
    <trkpt lat="59.69930" lon="8.86120"></trkpt>
    <trkpt lat="59.69900" lon="8.86160"></trkpt>
    <trkpt lat="59.69870" lon="8.86190"></trkpt>
    <trkpt lat="59.69840" lon="8.86210"></trkpt>
    <trkpt lat="59.69810" lon="8.86230"></trkpt>
    <trkpt lat="59.69770" lon="8.86260"></trkpt>
    <trkpt lat="59.69740" lon="8.86280"></trkpt>
    <trkpt lat="59.69720" lon="8.86320"></trkpt>
    <trkpt lat="59.69700" lon="8.86370"></trkpt>
    <trkpt lat="59.69690" lon="8.86430"></trkpt>
    <trkpt lat="59.69670" lon="8.86470"></trkpt>
    <trkpt lat="59.69650" lon="8.86510"></trkpt>
    <trkpt lat="59.69630" lon="8.86540"></trkpt>
    <trkpt lat="59.69600" lon="8.86600"></trkpt>
    <trkpt lat="59.69580" lon="8.86630"></trkpt>
    <trkpt lat="59.69560" lon="8.86660"></trkpt>
    <trkpt lat="59.69540" lon="8.86690"></trkpt>
    <trkpt lat="59.69520" lon="8.86720"></trkpt>
    <trkpt lat="59.69500" lon="8.86750"></trkpt>
    <trkpt lat="59.69480" lon="8.86780"></trkpt>
    <trkpt lat="59.69450" lon="8.86820"></trkpt>
    <trkpt lat="59.69430" lon="8.86850"></trkpt>
    <trkpt lat="59.69400" lon="8.86880"></trkpt>
    <trkpt lat="59.69370" lon="8.86900"></trkpt>
    <trkpt lat="59.69340" lon="8.86910"></trkpt>
    <trkpt lat="59.69310" lon="8.86910"></trkpt>
    <trkpt lat="59.69270" lon="8.86910"></trkpt>
    <trkpt lat="59.69240" lon="8.86930"></trkpt>
    <trkpt lat="59.69200" lon="8.86970"></trkpt>
    <trkpt lat="59.69180" lon="8.87010"></trkpt>
    <trkpt lat="59.69150" lon="8.87060"></trkpt>
    <trkpt lat="59.69130" lon="8.87120"></trkpt>
    <trkpt lat="59.69120" lon="8.87160"></trkpt>
    <trkpt lat="59.69100" lon="8.87210"></trkpt>
    <trkpt lat="59.69080" lon="8.87250"></trkpt>
    <trkpt lat="59.69050" lon="8.87290"></trkpt>
    <trkpt lat="59.69020" lon="8.87300"></trkpt>
    <trkpt lat="59.68990" lon="8.87300"></trkpt>
    <trkpt lat="59.68950" lon="8.87300"></trkpt>
    <trkpt lat="59.68920" lon="8.87330"></trkpt>
    <trkpt lat="59.68900" lon="8.87370"></trkpt>
    <trkpt lat="59.68890" lon="8.87420"></trkpt>
    <trkpt lat="59.68880" lon="8.87460"></trkpt>
    <trkpt lat="59.68870" lon="8.87510"></trkpt>
    <trkpt lat="59.68860" lon="8.87570"></trkpt>
    <trkpt lat="59.68840" lon="8.87650"></trkpt>
    <trkpt lat="59.68820" lon="8.87690"></trkpt>
    <trkpt lat="59.68800" lon="8.87740"></trkpt>
    <trkpt lat="59.68780" lon="8.87780"></trkpt>
    <trkpt lat="59.68750" lon="8.87810"></trkpt>
    <trkpt lat="59.68720" lon="8.87840"></trkpt>
    <trkpt lat="59.68690" lon="8.87850"></trkpt>
    <trkpt lat="59.68660" lon="8.87860"></trkpt>
    <trkpt lat="59.68630" lon="8.87850"></trkpt>
    <trkpt lat="59.68600" lon="8.87830"></trkpt>
    <trkpt lat="59.68570" lon="8.87780"></trkpt>
    <trkpt lat="59.68550" lon="8.87740"></trkpt>
    <trkpt lat="59.68520" lon="8.87700"></trkpt>
    <trkpt lat="59.68490" lon="8.87680"></trkpt>
    <trkpt lat="59.68460" lon="8.87670"></trkpt>
    <trkpt lat="59.68420" lon="8.87630"></trkpt>
    <trkpt lat="59.68400" lon="8.87600"></trkpt>
    <trkpt lat="59.68380" lon="8.87540"></trkpt>
    <trkpt lat="59.68380" lon="8.87480"></trkpt>
    <trkpt lat="59.68370" lon="8.87430"></trkpt>
    <trkpt lat="59.68370" lon="8.87380"></trkpt>
    <trkpt lat="59.68360" lon="8.87340"></trkpt>
    <trkpt lat="59.68340" lon="8.87290"></trkpt>
    <trkpt lat="59.68330" lon="8.87250"></trkpt>
    <trkpt lat="59.68310" lon="8.87220"></trkpt>
    <trkpt lat="59.68280" lon="8.87200"></trkpt>
    <trkpt lat="59.68240" lon="8.87190"></trkpt>
    <trkpt lat="59.68210" lon="8.87200"></trkpt>
    <trkpt lat="59.68180" lon="8.87220"></trkpt>
    <trkpt lat="59.68150" lon="8.87240"></trkpt>
    <trkpt lat="59.68120" lon="8.87240"></trkpt>
    <trkpt lat="59.68080" lon="8.87250"></trkpt>
    <trkpt lat="59.68040" lon="8.87250"></trkpt>
    <trkpt lat="59.68000" lon="8.87260"></trkpt>
    <trkpt lat="59.67960" lon="8.87250"></trkpt>
    <trkpt lat="59.67930" lon="8.87220"></trkpt>
    <trkpt lat="59.67910" lon="8.87190"></trkpt>
    <trkpt lat="59.67880" lon="8.87150"></trkpt>
    <trkpt lat="59.67850" lon="8.87110"></trkpt>
    <trkpt lat="59.67830" lon="8.87080"></trkpt>
    <trkpt lat="59.67800" lon="8.87040"></trkpt>
    <trkpt lat="59.67780" lon="8.87000"></trkpt>
    <trkpt lat="59.67760" lon="8.86970"></trkpt>
    <trkpt lat="59.67740" lon="8.86940"></trkpt>
    <trkpt lat="59.67720" lon="8.86880"></trkpt>
    <trkpt lat="59.67700" lon="8.86850"></trkpt>
    <trkpt lat="59.67680" lon="8.86820"></trkpt>
    <trkpt lat="59.67650" lon="8.86800"></trkpt>
    <trkpt lat="59.67620" lon="8.86800"></trkpt>
    <trkpt lat="59.67580" lon="8.86790"></trkpt>
    <trkpt lat="59.67550" lon="8.86800"></trkpt>
    <trkpt lat="59.67520" lon="8.86810"></trkpt>
    <trkpt lat="59.67470" lon="8.86820"></trkpt>
    <trkpt lat="59.67440" lon="8.86830"></trkpt>
    <trkpt lat="59.67410" lon="8.86840"></trkpt>
    <trkpt lat="59.67380" lon="8.86850"></trkpt>
    <trkpt lat="59.67330" lon="8.86880"></trkpt>
    <trkpt lat="59.67290" lon="8.86900"></trkpt>
    <trkpt lat="59.67250" lon="8.86920"></trkpt>
    <trkpt lat="59.67220" lon="8.86940"></trkpt>
    <trkpt lat="59.67190" lon="8.86940"></trkpt>
    <trkpt lat="59.67150" lon="8.86930"></trkpt>
    <trkpt lat="59.67120" lon="8.86910"></trkpt>
    <trkpt lat="59.67080" lon="8.86920"></trkpt>
    <trkpt lat="59.67050" lon="8.86960"></trkpt>
    <trkpt lat="59.67020" lon="8.87000"></trkpt>
    <trkpt lat="59.66990" lon="8.87040"></trkpt>
    <trkpt lat="59.66970" lon="8.87080"></trkpt>
    <trkpt lat="59.66950" lon="8.87120"></trkpt>
    <trkpt lat="59.66930" lon="8.87150"></trkpt>
    <trkpt lat="59.66900" lon="8.87180"></trkpt>
    <trkpt lat="59.66870" lon="8.87210"></trkpt>
    <trkpt lat="59.66840" lon="8.87220"></trkpt>
    <trkpt lat="59.66810" lon="8.87230"></trkpt>
    <trkpt lat="59.66780" lon="8.87240"></trkpt>
    <trkpt lat="59.66760" lon="8.87270"></trkpt>
    <trkpt lat="59.66730" lon="8.87320"></trkpt>
    <trkpt lat="59.66720" lon="8.87360"></trkpt>
    <trkpt lat="59.66700" lon="8.87410"></trkpt>
    <trkpt lat="59.66690" lon="8.87460"></trkpt>
    <trkpt lat="59.66670" lon="8.87490"></trkpt>
    <trkpt lat="59.66650" lon="8.87540"></trkpt>
    <trkpt lat="59.66620" lon="8.87580"></trkpt>
    <trkpt lat="59.66580" lon="8.87620"></trkpt>
    <trkpt lat="59.66540" lon="8.87640"></trkpt>
    <trkpt lat="59.66510" lon="8.87650"></trkpt>
    <trkpt lat="59.66480" lon="8.87650"></trkpt>
    <trkpt lat="59.66450" lon="8.87650"></trkpt>
    <trkpt lat="59.66420" lon="8.87650"></trkpt>
    <trkpt lat="59.66390" lon="8.87670"></trkpt>
    <trkpt lat="59.66370" lon="8.87710"></trkpt>
    <trkpt lat="59.66350" lon="8.87740"></trkpt>
    <trkpt lat="59.66330" lon="8.87790"></trkpt>
    <trkpt lat="59.66300" lon="8.87850"></trkpt>
    <trkpt lat="59.66280" lon="8.87890"></trkpt>
    <trkpt lat="59.66260" lon="8.87940"></trkpt>
    <trkpt lat="59.66240" lon="8.87980"></trkpt>
    <trkpt lat="59.66220" lon="8.88030"></trkpt>
    <trkpt lat="59.66190" lon="8.88090"></trkpt>
    <trkpt lat="59.66170" lon="8.88120"></trkpt>
    <trkpt lat="59.66150" lon="8.88180"></trkpt>
    <trkpt lat="59.66130" lon="8.88230"></trkpt>
    <trkpt lat="59.66120" lon="8.88280"></trkpt>
    <trkpt lat="59.66100" lon="8.88310"></trkpt>
    <trkpt lat="59.66080" lon="8.88340"></trkpt>
    <trkpt lat="59.66050" lon="8.88360"></trkpt>
    <trkpt lat="59.66010" lon="8.88370"></trkpt>
    <trkpt lat="59.65980" lon="8.88390"></trkpt>
    <trkpt lat="59.65950" lon="8.88420"></trkpt>
    <trkpt lat="59.65930" lon="8.88450"></trkpt>
    <trkpt lat="59.65900" lon="8.88490"></trkpt>
    <trkpt lat="59.65870" lon="8.88520"></trkpt>
    <trkpt lat="59.65840" lon="8.88560"></trkpt>
    <trkpt lat="59.65820" lon="8.88600"></trkpt>
    <trkpt lat="59.65800" lon="8.88640"></trkpt>
    <trkpt lat="59.65790" lon="8.88700"></trkpt>
    <trkpt lat="59.65790" lon="8.88770"></trkpt>
    <trkpt lat="59.65770" lon="8.88820"></trkpt>
    <trkpt lat="59.65750" lon="8.88890"></trkpt>
    <trkpt lat="59.65740" lon="8.88930"></trkpt>
    <trkpt lat="59.65730" lon="8.88970"></trkpt>
    <trkpt lat="59.65720" lon="8.89010"></trkpt>
    <trkpt lat="59.65700" lon="8.89060"></trkpt>
    <trkpt lat="59.65680" lon="8.89120"></trkpt>
    <trkpt lat="59.65660" lon="8.89190"></trkpt>
    <trkpt lat="59.65640" lon="8.89230"></trkpt>
    <trkpt lat="59.65630" lon="8.89270"></trkpt>
    <trkpt lat="59.65620" lon="8.89320"></trkpt>
    <trkpt lat="59.65600" lon="8.89380"></trkpt>
    <trkpt lat="59.65580" lon="8.89430"></trkpt>
    <trkpt lat="59.65570" lon="8.89480"></trkpt>
    <trkpt lat="59.65560" lon="8.89520"></trkpt>
    <trkpt lat="59.65550" lon="8.89560"></trkpt>
    <trkpt lat="59.65540" lon="8.89610"></trkpt>
    <trkpt lat="59.65530" lon="8.89690"></trkpt>
    <trkpt lat="59.65520" lon="8.89740"></trkpt>
    <trkpt lat="59.65500" lon="8.89790"></trkpt>
    <trkpt lat="59.65490" lon="8.89860"></trkpt>
    <trkpt lat="59.65480" lon="8.89910"></trkpt>
    <trkpt lat="59.65470" lon="8.89950"></trkpt>
    <trkpt lat="59.65460" lon="8.90000"></trkpt>
    <trkpt lat="59.65450" lon="8.90050"></trkpt>
    <trkpt lat="59.65440" lon="8.90110"></trkpt>
    <trkpt lat="59.65420" lon="8.90150"></trkpt>
    <trkpt lat="59.65390" lon="8.90200"></trkpt>
    <trkpt lat="59.65370" lon="8.90250"></trkpt>
    <trkpt lat="59.65350" lon="8.90300"></trkpt>
    <trkpt lat="59.65340" lon="8.90380"></trkpt>
    <trkpt lat="59.65330" lon="8.90420"></trkpt>
    <trkpt lat="59.65320" lon="8.90460"></trkpt>
    <trkpt lat="59.65310" lon="8.90530"></trkpt>
    <trkpt lat="59.65300" lon="8.90570"></trkpt>
    <trkpt lat="59.65290" lon="8.90610"></trkpt>
    <trkpt lat="59.65280" lon="8.90650"></trkpt>
    <trkpt lat="59.65270" lon="8.90710"></trkpt>
    <trkpt lat="59.65260" lon="8.90790"></trkpt>
    <trkpt lat="59.65240" lon="8.90880"></trkpt>
    <trkpt lat="59.65240" lon="8.90940"></trkpt>
    <trkpt lat="59.65230" lon="8.90980"></trkpt>
    <trkpt lat="59.65220" lon="8.91060"></trkpt>
    <trkpt lat="59.65210" lon="8.91140"></trkpt>
    <trkpt lat="59.65200" lon="8.91180"></trkpt>
    <trkpt lat="59.65180" lon="8.91220"></trkpt>
    <trkpt lat="59.65160" lon="8.91270"></trkpt>
    <trkpt lat="59.65140" lon="8.91300"></trkpt>
    <trkpt lat="59.65120" lon="8.91340"></trkpt>
    <trkpt lat="59.65110" lon="8.91380"></trkpt>
    <trkpt lat="59.65100" lon="8.91450"></trkpt>
    <trkpt lat="59.65100" lon="8.91560"></trkpt>
    <trkpt lat="59.65100" lon="8.91630"></trkpt>
    <trkpt lat="59.65090" lon="8.91710"></trkpt>
    <trkpt lat="59.65080" lon="8.91750"></trkpt>
    <trkpt lat="59.65070" lon="8.91800"></trkpt>
    <trkpt lat="59.65060" lon="8.91840"></trkpt>
    <trkpt lat="59.65050" lon="8.91900"></trkpt>
    <trkpt lat="59.65040" lon="8.91940"></trkpt>
    <trkpt lat="59.65020" lon="8.91990"></trkpt>
    <trkpt lat="59.65000" lon="8.92020"></trkpt>
    <trkpt lat="59.64980" lon="8.92050"></trkpt>
    <trkpt lat="59.64950" lon="8.92110"></trkpt>
    <trkpt lat="59.64930" lon="8.92140"></trkpt>
    <trkpt lat="59.64900" lon="8.92190"></trkpt>
    <trkpt lat="59.64880" lon="8.92220"></trkpt>
    <trkpt lat="59.64860" lon="8.92250"></trkpt>
    <trkpt lat="59.64840" lon="8.92280"></trkpt>
    <trkpt lat="59.64820" lon="8.92310"></trkpt>
    <trkpt lat="59.64790" lon="8.92340"></trkpt>
    <trkpt lat="59.64770" lon="8.92370"></trkpt>
    <trkpt lat="59.64740" lon="8.92410"></trkpt>
    <trkpt lat="59.64720" lon="8.92460"></trkpt>
    <trkpt lat="59.64700" lon="8.92500"></trkpt>
    <trkpt lat="59.64690" lon="8.92540"></trkpt>
    <trkpt lat="59.64680" lon="8.92580"></trkpt>
    <trkpt lat="59.64660" lon="8.92660"></trkpt>
    <trkpt lat="59.64650" lon="8.92710"></trkpt>
    <trkpt lat="59.64630" lon="8.92760"></trkpt>
    <trkpt lat="59.64600" lon="8.92800"></trkpt>
    <trkpt lat="59.64570" lon="8.92830"></trkpt>
    <trkpt lat="59.64540" lon="8.92850"></trkpt>
    <trkpt lat="59.64490" lon="8.92880"></trkpt>
    <trkpt lat="59.64470" lon="8.92920"></trkpt>
    <trkpt lat="59.64450" lon="8.92960"></trkpt>
    <trkpt lat="59.64430" lon="8.92990"></trkpt>
    <trkpt lat="59.64400" lon="8.93050"></trkpt>
    <trkpt lat="59.64380" lon="8.93120"></trkpt>
    <trkpt lat="59.64360" lon="8.93170"></trkpt>
    <trkpt lat="59.64340" lon="8.93200"></trkpt>
    <trkpt lat="59.64320" lon="8.93230"></trkpt>
    <trkpt lat="59.64290" lon="8.93250"></trkpt>
    <trkpt lat="59.64240" lon="8.93270"></trkpt>
    <trkpt lat="59.64190" lon="8.93290"></trkpt>
    <trkpt lat="59.64160" lon="8.93300"></trkpt>
    <trkpt lat="59.64130" lon="8.93320"></trkpt>
    <trkpt lat="59.64090" lon="8.93340"></trkpt>
    <trkpt lat="59.64050" lon="8.93380"></trkpt>
    <trkpt lat="59.64030" lon="8.93410"></trkpt>
    <trkpt lat="59.64010" lon="8.93450"></trkpt>
    <trkpt lat="59.64000" lon="8.93490"></trkpt>
    <trkpt lat="59.63990" lon="8.93540"></trkpt>
    <trkpt lat="59.63970" lon="8.93580"></trkpt>
    <trkpt lat="59.63950" lon="8.93610"></trkpt>
    <trkpt lat="59.63920" lon="8.93650"></trkpt>
    <trkpt lat="59.63900" lon="8.93680"></trkpt>
    <trkpt lat="59.63870" lon="8.93720"></trkpt>
    <trkpt lat="59.63840" lon="8.93740"></trkpt>
    <trkpt lat="59.63800" lon="8.93750"></trkpt>
    <trkpt lat="59.63770" lon="8.93740"></trkpt>
    <trkpt lat="59.63740" lon="8.93730"></trkpt>
    <trkpt lat="59.63710" lon="8.93740"></trkpt>
    <trkpt lat="59.63680" lon="8.93770"></trkpt>
    <trkpt lat="59.63650" lon="8.93790"></trkpt>
    <trkpt lat="59.63620" lon="8.93810"></trkpt>
    <trkpt lat="59.63580" lon="8.93830"></trkpt>
    <trkpt lat="59.63550" lon="8.93850"></trkpt>
    <trkpt lat="59.63510" lon="8.93880"></trkpt>
    <trkpt lat="59.63470" lon="8.93910"></trkpt>
    <trkpt lat="59.63440" lon="8.93940"></trkpt>
    <trkpt lat="59.63420" lon="8.93980"></trkpt>
    <trkpt lat="59.63400" lon="8.94010"></trkpt>
    <trkpt lat="59.63370" lon="8.94070"></trkpt>
    <trkpt lat="59.63350" lon="8.94120"></trkpt>
    <trkpt lat="59.63330" lon="8.94150"></trkpt>
    <trkpt lat="59.63300" lon="8.94170"></trkpt>
    <trkpt lat="59.63270" lon="8.94170"></trkpt>
    <trkpt lat="59.63240" lon="8.94170"></trkpt>
    <trkpt lat="59.63200" lon="8.94170"></trkpt>
    <trkpt lat="59.63170" lon="8.94170"></trkpt>
    <trkpt lat="59.63140" lon="8.94190"></trkpt>
    <trkpt lat="59.63100" lon="8.94210"></trkpt>
    <trkpt lat="59.63070" lon="8.94240"></trkpt>
    <trkpt lat="59.63040" lon="8.94290"></trkpt>
    <trkpt lat="59.63020" lon="8.94320"></trkpt>
    <trkpt lat="59.63000" lon="8.94350"></trkpt>
    <trkpt lat="59.62970" lon="8.94380"></trkpt>
    <trkpt lat="59.62930" lon="8.94410"></trkpt>
    <trkpt lat="59.62900" lon="8.94430"></trkpt>
    <trkpt lat="59.62870" lon="8.94440"></trkpt>
    <trkpt lat="59.62840" lon="8.94430"></trkpt>
    <trkpt lat="59.62810" lon="8.94420"></trkpt>
    <trkpt lat="59.62780" lon="8.94390"></trkpt>
    <trkpt lat="59.62760" lon="8.94360"></trkpt>
    <trkpt lat="59.62740" lon="8.94330"></trkpt>
    <trkpt lat="59.62730" lon="8.94280"></trkpt>
    <trkpt lat="59.62710" lon="8.94210"></trkpt>
    <trkpt lat="59.62700" lon="8.94160"></trkpt>
    <trkpt lat="59.62680" lon="8.94120"></trkpt>
    <trkpt lat="59.62660" lon="8.94090"></trkpt>
    <trkpt lat="59.62630" lon="8.94070"></trkpt>
    <trkpt lat="59.62600" lon="8.94070"></trkpt>
    <trkpt lat="59.62570" lon="8.94100"></trkpt>
    <trkpt lat="59.62520" lon="8.94170"></trkpt>
    <trkpt lat="59.62500" lon="8.94200"></trkpt>
    <trkpt lat="59.62470" lon="8.94230"></trkpt>
    <trkpt lat="59.62440" lon="8.94240"></trkpt>
    <trkpt lat="59.62410" lon="8.94250"></trkpt>
    <trkpt lat="59.62370" lon="8.94250"></trkpt>
    <trkpt lat="59.62330" lon="8.94250"></trkpt>
    <trkpt lat="59.62290" lon="8.94250"></trkpt>
    <trkpt lat="59.62260" lon="8.94260"></trkpt>
    <trkpt lat="59.62230" lon="8.94280"></trkpt>
    <trkpt lat="59.62200" lon="8.94310"></trkpt>
    <trkpt lat="59.62170" lon="8.94370"></trkpt>
    <trkpt lat="59.62150" lon="8.94410"></trkpt>
    <trkpt lat="59.62120" lon="8.94440"></trkpt>
    <trkpt lat="59.62080" lon="8.94460"></trkpt>
    <trkpt lat="59.62040" lon="8.94480"></trkpt>
    <trkpt lat="59.62000" lon="8.94500"></trkpt>
    <trkpt lat="59.61970" lon="8.94510"></trkpt>
    <trkpt lat="59.61930" lon="8.94520"></trkpt>
    <trkpt lat="59.61900" lon="8.94540"></trkpt>
    <trkpt lat="59.61870" lon="8.94560"></trkpt>
    <trkpt lat="59.61850" lon="8.94590"></trkpt>
    <trkpt lat="59.61820" lon="8.94620"></trkpt>
    <trkpt lat="59.61790" lon="8.94690"></trkpt>
    <trkpt lat="59.61770" lon="8.94730"></trkpt>
    <trkpt lat="59.61750" lon="8.94780"></trkpt>
    <trkpt lat="59.61730" lon="8.94810"></trkpt>
    <trkpt lat="59.61700" lon="8.94840"></trkpt>
    <trkpt lat="59.61670" lon="8.94850"></trkpt>
    <trkpt lat="59.61630" lon="8.94850"></trkpt>
    <trkpt lat="59.61590" lon="8.94850"></trkpt>
    <trkpt lat="59.61520" lon="8.94850"></trkpt>
    <trkpt lat="59.61490" lon="8.94840"></trkpt>
    <trkpt lat="59.61450" lon="8.94840"></trkpt>
    <trkpt lat="59.61410" lon="8.94830"></trkpt>
    <trkpt lat="59.61380" lon="8.94810"></trkpt>
    <trkpt lat="59.61360" lon="8.94770"></trkpt>
    <trkpt lat="59.61340" lon="8.94810"></trkpt>
    <trkpt lat="59.61310" lon="8.94890"></trkpt>
    <trkpt lat="59.61290" lon="8.94950"></trkpt>
    <trkpt lat="59.61280" lon="8.94990"></trkpt>
    <trkpt lat="59.61260" lon="8.95050"></trkpt>
    <trkpt lat="59.61250" lon="8.95100"></trkpt>
    <trkpt lat="59.61210" lon="8.95210"></trkpt>
    <trkpt lat="59.61110" lon="8.95500"></trkpt>
    <trkpt lat="59.61090" lon="8.95540"></trkpt>
    <trkpt lat="59.61080" lon="8.95590"></trkpt>
    <trkpt lat="59.61060" lon="8.95670"></trkpt>
    <trkpt lat="59.61040" lon="8.95720"></trkpt>
    <trkpt lat="59.61030" lon="8.95760"></trkpt>
    <trkpt lat="59.61020" lon="8.95800"></trkpt>
    <trkpt lat="59.61020" lon="8.95850"></trkpt>
    <trkpt lat="59.61020" lon="8.95900"></trkpt>
    <trkpt lat="59.61020" lon="8.96010"></trkpt>
    <trkpt lat="59.61020" lon="8.96060"></trkpt>
    <trkpt lat="59.61020" lon="8.96120"></trkpt>
    <trkpt lat="59.61020" lon="8.96170"></trkpt>
    <trkpt lat="59.61020" lon="8.96240"></trkpt>
    <trkpt lat="59.61030" lon="8.96330"></trkpt>
    <trkpt lat="59.61030" lon="8.96410"></trkpt>
    <trkpt lat="59.61050" lon="8.96630"></trkpt>
    <trkpt lat="59.61050" lon="8.96680"></trkpt>
    <trkpt lat="59.61060" lon="8.96730"></trkpt>
    <trkpt lat="59.61050" lon="8.96790"></trkpt>
    <trkpt lat="59.61050" lon="8.96840"></trkpt>
    <trkpt lat="59.61040" lon="8.96880"></trkpt>
    <trkpt lat="59.61030" lon="8.96920"></trkpt>
    <trkpt lat="59.61020" lon="8.96960"></trkpt>
    <trkpt lat="59.61000" lon="8.97000"></trkpt>
    <trkpt lat="59.60990" lon="8.97040"></trkpt>
    <trkpt lat="59.60970" lon="8.97070"></trkpt>
    <trkpt lat="59.60950" lon="8.97120"></trkpt>
    <trkpt lat="59.60930" lon="8.97160"></trkpt>
    <trkpt lat="59.60910" lon="8.97200"></trkpt>
    <trkpt lat="59.60900" lon="8.97240"></trkpt>
    <trkpt lat="59.60880" lon="8.97290"></trkpt>
    <trkpt lat="59.60880" lon="8.97340"></trkpt>
    <trkpt lat="59.60870" lon="8.97380"></trkpt>
    <trkpt lat="59.60880" lon="8.97440"></trkpt>
    <trkpt lat="59.60880" lon="8.97490"></trkpt>
    <trkpt lat="59.60880" lon="8.97540"></trkpt>
    <trkpt lat="59.60890" lon="8.97590"></trkpt>
    <trkpt lat="59.60900" lon="8.97640"></trkpt>
    <trkpt lat="59.60910" lon="8.97680"></trkpt>
    <trkpt lat="59.60920" lon="8.97720"></trkpt>
    <trkpt lat="59.60930" lon="8.97760"></trkpt>
    <trkpt lat="59.60940" lon="8.97810"></trkpt>
    <trkpt lat="59.60960" lon="8.97860"></trkpt>
    <trkpt lat="59.60970" lon="8.97900"></trkpt>
    <trkpt lat="59.60980" lon="8.97950"></trkpt>
    <trkpt lat="59.60990" lon="8.97990"></trkpt>
    <trkpt lat="59.61010" lon="8.98040"></trkpt>
    <trkpt lat="59.61020" lon="8.98100"></trkpt>
    <trkpt lat="59.61030" lon="8.98140"></trkpt>
    <trkpt lat="59.61030" lon="8.98210"></trkpt>
    <trkpt lat="59.61040" lon="8.98260"></trkpt>
    <trkpt lat="59.61040" lon="8.98310"></trkpt>
    <trkpt lat="59.61050" lon="8.98350"></trkpt>
    <trkpt lat="59.61050" lon="8.98400"></trkpt>
    <trkpt lat="59.61060" lon="8.98440"></trkpt>
    <trkpt lat="59.61070" lon="8.98490"></trkpt>
    <trkpt lat="59.61070" lon="8.98540"></trkpt>
    <trkpt lat="59.61080" lon="8.98590"></trkpt>
    <trkpt lat="59.61080" lon="8.98660"></trkpt>
    <trkpt lat="59.61080" lon="8.98720"></trkpt>
    <trkpt lat="59.61080" lon="8.98780"></trkpt>
    <trkpt lat="59.61080" lon="8.98830"></trkpt>
    <trkpt lat="59.61080" lon="8.98890"></trkpt>
    <trkpt lat="59.61080" lon="8.98940"></trkpt>
    <trkpt lat="59.61080" lon="8.98990"></trkpt>
    <trkpt lat="59.61080" lon="8.99040"></trkpt>
    <trkpt lat="59.61070" lon="8.99090"></trkpt>
    <trkpt lat="59.61080" lon="8.99140"></trkpt>
    <trkpt lat="59.61080" lon="8.99190"></trkpt>
    <trkpt lat="59.61080" lon="8.99240"></trkpt>
    <trkpt lat="59.61090" lon="8.99290"></trkpt>
    <trkpt lat="59.61090" lon="8.99340"></trkpt>
    <trkpt lat="59.61100" lon="8.99410"></trkpt>
    <trkpt lat="59.61100" lon="8.99470"></trkpt>
    <trkpt lat="59.61110" lon="8.99600"></trkpt>
    <trkpt lat="59.61110" lon="8.99670"></trkpt>
    <trkpt lat="59.61110" lon="8.99740"></trkpt>
    <trkpt lat="59.61110" lon="8.99800"></trkpt>
    <trkpt lat="59.61110" lon="8.99850"></trkpt>
    <trkpt lat="59.61110" lon="8.99920"></trkpt>
    <trkpt lat="59.61100" lon="9.00000"></trkpt>
    <trkpt lat="59.61100" lon="9.00120"></trkpt>
    <trkpt lat="59.61090" lon="9.00160"></trkpt>
    <trkpt lat="59.61090" lon="9.00220"></trkpt>
    <trkpt lat="59.61090" lon="9.00270"></trkpt>
    <trkpt lat="59.61090" lon="9.00330"></trkpt>
    <trkpt lat="59.61090" lon="9.00400"></trkpt>
    <trkpt lat="59.61100" lon="9.00460"></trkpt>
    <trkpt lat="59.61110" lon="9.00520"></trkpt>
    <trkpt lat="59.61120" lon="9.00570"></trkpt>
    <trkpt lat="59.61130" lon="9.00630"></trkpt>
    <trkpt lat="59.61140" lon="9.00680"></trkpt>
    <trkpt lat="59.61150" lon="9.00720"></trkpt>
    <trkpt lat="59.61160" lon="9.00770"></trkpt>
    <trkpt lat="59.61170" lon="9.00820"></trkpt>
    <trkpt lat="59.61190" lon="9.00870"></trkpt>
    <trkpt lat="59.61200" lon="9.00920"></trkpt>
    <trkpt lat="59.61210" lon="9.00960"></trkpt>
    <trkpt lat="59.61210" lon="9.01010"></trkpt>
    <trkpt lat="59.61220" lon="9.01050"></trkpt>
    <trkpt lat="59.61220" lon="9.01100"></trkpt>
    <trkpt lat="59.61220" lon="9.01160"></trkpt>
    <trkpt lat="59.61210" lon="9.01200"></trkpt>
    <trkpt lat="59.61210" lon="9.01250"></trkpt>
    <trkpt lat="59.61200" lon="9.01290"></trkpt>
    <trkpt lat="59.61180" lon="9.01380"></trkpt>
    <trkpt lat="59.61170" lon="9.01430"></trkpt>
    <trkpt lat="59.61160" lon="9.01490"></trkpt>
    <trkpt lat="59.61150" lon="9.01530"></trkpt>
    <trkpt lat="59.61140" lon="9.01580"></trkpt>
    <trkpt lat="59.61130" lon="9.01620"></trkpt>
    <trkpt lat="59.61120" lon="9.01660"></trkpt>
    <trkpt lat="59.61100" lon="9.01770"></trkpt>
    <trkpt lat="59.61090" lon="9.01810"></trkpt>
    <trkpt lat="59.61070" lon="9.01850"></trkpt>
    <trkpt lat="59.61060" lon="9.01890"></trkpt>
    <trkpt lat="59.61040" lon="9.01920"></trkpt>
    <trkpt lat="59.61020" lon="9.01950"></trkpt>
    <trkpt lat="59.60970" lon="9.02000"></trkpt>
    <trkpt lat="59.60940" lon="9.02020"></trkpt>
    <trkpt lat="59.60890" lon="9.02070"></trkpt>
    <trkpt lat="59.60860" lon="9.02090"></trkpt>
    <trkpt lat="59.60830" lon="9.02110"></trkpt>
    <trkpt lat="59.60800" lon="9.02120"></trkpt>
    <trkpt lat="59.60700" lon="9.02130"></trkpt>
    <trkpt lat="59.60670" lon="9.02150"></trkpt>
    <trkpt lat="59.60620" lon="9.02190"></trkpt>
    <trkpt lat="59.60540" lon="9.02310"></trkpt>
    <trkpt lat="59.60510" lon="9.02340"></trkpt>
    <trkpt lat="59.60490" lon="9.02390"></trkpt>
    <trkpt lat="59.60470" lon="9.02440"></trkpt>
    <trkpt lat="59.60460" lon="9.02490"></trkpt>
    <trkpt lat="59.60440" lon="9.02540"></trkpt>
    <trkpt lat="59.60430" lon="9.02620"></trkpt>
    <trkpt lat="59.60420" lon="9.02690"></trkpt>
    <trkpt lat="59.60410" lon="9.02730"></trkpt>
    <trkpt lat="59.60410" lon="9.02790"></trkpt>
    <trkpt lat="59.60410" lon="9.02860"></trkpt>
    <trkpt lat="59.60410" lon="9.02920"></trkpt>
    <trkpt lat="59.60420" lon="9.02980"></trkpt>
    <trkpt lat="59.60420" lon="9.03030"></trkpt>
    <trkpt lat="59.60440" lon="9.03110"></trkpt>
    <trkpt lat="59.60450" lon="9.03150"></trkpt>
    <trkpt lat="59.60460" lon="9.03190"></trkpt>
    <trkpt lat="59.60460" lon="9.03260"></trkpt>
    <trkpt lat="59.60450" lon="9.03330"></trkpt>
    <trkpt lat="59.60450" lon="9.03430"></trkpt>
    <trkpt lat="59.60440" lon="9.03480"></trkpt>
    <trkpt lat="59.60440" lon="9.03540"></trkpt>
    <trkpt lat="59.60430" lon="9.03600"></trkpt>
    <trkpt lat="59.60430" lon="9.03660"></trkpt>
    <trkpt lat="59.60420" lon="9.03730"></trkpt>
    <trkpt lat="59.60410" lon="9.03810"></trkpt>
    <trkpt lat="59.60390" lon="9.03890"></trkpt>
    <trkpt lat="59.60340" lon="9.04080"></trkpt>
    <trkpt lat="59.60320" lon="9.04150"></trkpt>
    <trkpt lat="59.60320" lon="9.04210"></trkpt>
    <trkpt lat="59.60310" lon="9.04280"></trkpt>
    <trkpt lat="59.60300" lon="9.04390"></trkpt>
    <trkpt lat="59.60290" lon="9.04440"></trkpt>
    <trkpt lat="59.60280" lon="9.04510"></trkpt>
    <trkpt lat="59.60200" lon="9.04790"></trkpt>
    <trkpt lat="59.60150" lon="9.04980"></trkpt>
    <trkpt lat="59.60090" lon="9.05190"></trkpt>
    <trkpt lat="59.60020" lon="9.05450"></trkpt>
    <trkpt lat="59.59970" lon="9.05630"></trkpt>
    <trkpt lat="59.59930" lon="9.05770"></trkpt>
    <trkpt lat="59.59920" lon="9.05830"></trkpt>
    <trkpt lat="59.59850" lon="9.06060"></trkpt>
    <trkpt lat="59.59840" lon="9.06110"></trkpt>
    <trkpt lat="59.59810" lon="9.06220"></trkpt>
    <trkpt lat="59.59780" lon="9.06340"></trkpt>
    <trkpt lat="59.59720" lon="9.06550"></trkpt>
    <trkpt lat="59.59670" lon="9.06740"></trkpt>
    <trkpt lat="59.59650" lon="9.06810"></trkpt>
    <trkpt lat="59.59640" lon="9.06860"></trkpt>
    <trkpt lat="59.59640" lon="9.06940"></trkpt>
    <trkpt lat="59.59650" lon="9.06980"></trkpt>
    <trkpt lat="59.59650" lon="9.07040"></trkpt>
    <trkpt lat="59.59660" lon="9.07140"></trkpt>
    <trkpt lat="59.59660" lon="9.07230"></trkpt>
    <trkpt lat="59.59650" lon="9.07290"></trkpt>
    <trkpt lat="59.59650" lon="9.07400"></trkpt>
    <trkpt lat="59.59640" lon="9.07470"></trkpt>
    <trkpt lat="59.59630" lon="9.07510"></trkpt>
    <trkpt lat="59.59620" lon="9.07570"></trkpt>
    <trkpt lat="59.59600" lon="9.07600"></trkpt>
    <trkpt lat="59.59570" lon="9.07670"></trkpt>
    <trkpt lat="59.59540" lon="9.07720"></trkpt>
    <trkpt lat="59.59530" lon="9.07770"></trkpt>
    <trkpt lat="59.59530" lon="9.07820"></trkpt>
    <trkpt lat="59.59520" lon="9.07920"></trkpt>
    <trkpt lat="59.59510" lon="9.07990"></trkpt>
    <trkpt lat="59.59510" lon="9.08050"></trkpt>
    <trkpt lat="59.59510" lon="9.08150"></trkpt>
    <trkpt lat="59.59500" lon="9.08400"></trkpt>
    <trkpt lat="59.59500" lon="9.08470"></trkpt>
    <trkpt lat="59.59510" lon="9.08530"></trkpt>
    <trkpt lat="59.59530" lon="9.08570"></trkpt>
    <trkpt lat="59.59540" lon="9.08610"></trkpt>
    <trkpt lat="59.59560" lon="9.08650"></trkpt>
    <trkpt lat="59.59640" lon="9.08710"></trkpt>
    <trkpt lat="59.59660" lon="9.08750"></trkpt>
    <trkpt lat="59.59670" lon="9.08790"></trkpt>
    <trkpt lat="59.59690" lon="9.08850"></trkpt>
    <trkpt lat="59.59700" lon="9.08890"></trkpt>
    <trkpt lat="59.59710" lon="9.08960"></trkpt>
    <trkpt lat="59.59720" lon="9.09010"></trkpt>
    <trkpt lat="59.59740" lon="9.09050"></trkpt>
    <trkpt lat="59.59760" lon="9.09090"></trkpt>
    <trkpt lat="59.59800" lon="9.09150"></trkpt>
    <trkpt lat="59.59820" lon="9.09200"></trkpt>
    <trkpt lat="59.59840" lon="9.09250"></trkpt>
    <trkpt lat="59.59840" lon="9.09310"></trkpt>
    <trkpt lat="59.59850" lon="9.09350"></trkpt>
    <trkpt lat="59.59840" lon="9.09460"></trkpt>
    <trkpt lat="59.59840" lon="9.09520"></trkpt>
    <trkpt lat="59.59840" lon="9.09600"></trkpt>
    <trkpt lat="59.59840" lon="9.09670"></trkpt>
    <trkpt lat="59.59840" lon="9.09720"></trkpt>
    <trkpt lat="59.59840" lon="9.09800"></trkpt>
    <trkpt lat="59.59850" lon="9.09880"></trkpt>
    <trkpt lat="59.59850" lon="9.09930"></trkpt>
    <trkpt lat="59.59860" lon="9.09980"></trkpt>
    <trkpt lat="59.59870" lon="9.10070"></trkpt>
    <trkpt lat="59.59890" lon="9.10180"></trkpt>
    <trkpt lat="59.59920" lon="9.10350"></trkpt>
    <trkpt lat="59.59970" lon="9.10560"></trkpt>
    <trkpt lat="59.59980" lon="9.10620"></trkpt>
    <trkpt lat="59.60000" lon="9.10710"></trkpt>
    <trkpt lat="59.60020" lon="9.10780"></trkpt>
    <trkpt lat="59.60050" lon="9.10940"></trkpt>
    <trkpt lat="59.60070" lon="9.11010"></trkpt>
    <trkpt lat="59.60080" lon="9.11070"></trkpt>
    <trkpt lat="59.60090" lon="9.11120"></trkpt>
    <trkpt lat="59.60090" lon="9.11210"></trkpt>
    <trkpt lat="59.60100" lon="9.11250"></trkpt>
    <trkpt lat="59.60100" lon="9.11600"></trkpt>
    <trkpt lat="59.60090" lon="9.11680"></trkpt>
    <trkpt lat="59.60090" lon="9.11730"></trkpt>
    <trkpt lat="59.60090" lon="9.11780"></trkpt>
    <trkpt lat="59.60080" lon="9.11820"></trkpt>
    <trkpt lat="59.60070" lon="9.11880"></trkpt>
    <trkpt lat="59.60050" lon="9.11950"></trkpt>
    <trkpt lat="59.60030" lon="9.12020"></trkpt>
    <trkpt lat="59.60000" lon="9.12110"></trkpt>
    <trkpt lat="59.59980" lon="9.12200"></trkpt>
    <trkpt lat="59.59950" lon="9.12300"></trkpt>
    <trkpt lat="59.59920" lon="9.12380"></trkpt>
    <trkpt lat="59.59900" lon="9.12430"></trkpt>
    <trkpt lat="59.59880" lon="9.12500"></trkpt>
    <trkpt lat="59.59860" lon="9.12560"></trkpt>
    <trkpt lat="59.59850" lon="9.12610"></trkpt>
    <trkpt lat="59.59840" lon="9.12670"></trkpt>
    <trkpt lat="59.59830" lon="9.12730"></trkpt>
    <trkpt lat="59.59810" lon="9.12810"></trkpt>
    <trkpt lat="59.59790" lon="9.12990"></trkpt>
    <trkpt lat="59.59780" lon="9.13040"></trkpt>
    <trkpt lat="59.59770" lon="9.13090"></trkpt>
    <trkpt lat="59.59740" lon="9.13160"></trkpt>
    <trkpt lat="59.59720" lon="9.13240"></trkpt>
    <trkpt lat="59.59680" lon="9.13350"></trkpt>
    <trkpt lat="59.59670" lon="9.13400"></trkpt>
    <trkpt lat="59.59650" lon="9.13490"></trkpt>
    <trkpt lat="59.59630" lon="9.13590"></trkpt>
    <trkpt lat="59.59620" lon="9.13640"></trkpt>
    <trkpt lat="59.59610" lon="9.13700"></trkpt>
    <trkpt lat="59.59610" lon="9.13750"></trkpt>
    <trkpt lat="59.59600" lon="9.13810"></trkpt>
    <trkpt lat="59.59590" lon="9.13880"></trkpt>
    <trkpt lat="59.59570" lon="9.13940"></trkpt>
    <trkpt lat="59.59530" lon="9.14030"></trkpt>
    <trkpt lat="59.59460" lon="9.14180"></trkpt>
    <trkpt lat="59.59440" lon="9.14220"></trkpt>
    <trkpt lat="59.59400" lon="9.14310"></trkpt>
    <trkpt lat="59.59380" lon="9.14350"></trkpt>
    <trkpt lat="59.59350" lon="9.14410"></trkpt>
    <trkpt lat="59.59310" lon="9.14500"></trkpt>
    <trkpt lat="59.59290" lon="9.14550"></trkpt>
    <trkpt lat="59.59260" lon="9.14620"></trkpt>
    <trkpt lat="59.59250" lon="9.14700"></trkpt>
    <trkpt lat="59.59220" lon="9.14850"></trkpt>
    <trkpt lat="59.59190" lon="9.14960"></trkpt>
    <trkpt lat="59.59180" lon="9.15030"></trkpt>
    <trkpt lat="59.59160" lon="9.15080"></trkpt>
    <trkpt lat="59.59130" lon="9.15160"></trkpt>
    <trkpt lat="59.59110" lon="9.15210"></trkpt>
    <trkpt lat="59.59090" lon="9.15250"></trkpt>
    <trkpt lat="59.59070" lon="9.15280"></trkpt>
    <trkpt lat="59.59020" lon="9.15360"></trkpt>
    <trkpt lat="59.58980" lon="9.15430"></trkpt>
    <trkpt lat="59.58930" lon="9.15500"></trkpt>
    <trkpt lat="59.58900" lon="9.15550"></trkpt>
    <trkpt lat="59.58880" lon="9.15580"></trkpt>
    <trkpt lat="59.58810" lon="9.15680"></trkpt>
    <trkpt lat="59.58730" lon="9.15820"></trkpt>
    <trkpt lat="59.58680" lon="9.15900"></trkpt>
    <trkpt lat="59.58640" lon="9.15960"></trkpt>
    <trkpt lat="59.58430" lon="9.16290"></trkpt>
    <trkpt lat="59.58410" lon="9.16320"></trkpt>
    <trkpt lat="59.58390" lon="9.16370"></trkpt>
    <trkpt lat="59.58260" lon="9.16650"></trkpt>
    <trkpt lat="59.58200" lon="9.16780"></trkpt>
    <trkpt lat="59.58170" lon="9.16840"></trkpt>
    <trkpt lat="59.58150" lon="9.16870"></trkpt>
    <trkpt lat="59.58100" lon="9.16960"></trkpt>
    <trkpt lat="59.58080" lon="9.17000"></trkpt>
    <trkpt lat="59.58060" lon="9.17030"></trkpt>
    <trkpt lat="59.58040" lon="9.17080"></trkpt>
    <trkpt lat="59.58010" lon="9.17140"></trkpt>
    <trkpt lat="59.57990" lon="9.17170"></trkpt>
    <trkpt lat="59.57960" lon="9.17240"></trkpt>
    <trkpt lat="59.57970" lon="9.17280"></trkpt>
    <trkpt lat="59.57980" lon="9.17290"></trkpt>
  </trkseg>
  <trkseg>
    <trkpt lat="59.57980" lon="9.17290"></trkpt>
    <trkpt lat="59.57960" lon="9.17250"></trkpt>
    <trkpt lat="59.57930" lon="9.17300"></trkpt>
    <trkpt lat="59.57890" lon="9.17370"></trkpt>
    <trkpt lat="59.57860" lon="9.17440"></trkpt>
    <trkpt lat="59.57840" lon="9.17490"></trkpt>
    <trkpt lat="59.57820" lon="9.17550"></trkpt>
    <trkpt lat="59.57810" lon="9.17610"></trkpt>
    <trkpt lat="59.57810" lon="9.17680"></trkpt>
    <trkpt lat="59.57800" lon="9.17720"></trkpt>
    <trkpt lat="59.57810" lon="9.17780"></trkpt>
    <trkpt lat="59.57810" lon="9.17920"></trkpt>
    <trkpt lat="59.57810" lon="9.17990"></trkpt>
    <trkpt lat="59.57810" lon="9.18040"></trkpt>
    <trkpt lat="59.57800" lon="9.18110"></trkpt>
    <trkpt lat="59.57790" lon="9.18170"></trkpt>
    <trkpt lat="59.57760" lon="9.18330"></trkpt>
    <trkpt lat="59.57750" lon="9.18420"></trkpt>
    <trkpt lat="59.57740" lon="9.18460"></trkpt>
    <trkpt lat="59.57710" lon="9.18580"></trkpt>
    <trkpt lat="59.57690" lon="9.18680"></trkpt>
    <trkpt lat="59.57670" lon="9.18800"></trkpt>
    <trkpt lat="59.57660" lon="9.18840"></trkpt>
    <trkpt lat="59.57640" lon="9.18920"></trkpt>
    <trkpt lat="59.57630" lon="9.18970"></trkpt>
    <trkpt lat="59.57610" lon="9.19000"></trkpt>
    <trkpt lat="59.57610" lon="9.19050"></trkpt>
    <trkpt lat="59.57600" lon="9.19110"></trkpt>
    <trkpt lat="59.57590" lon="9.19160"></trkpt>
    <trkpt lat="59.57580" lon="9.19240"></trkpt>
    <trkpt lat="59.57560" lon="9.19290"></trkpt>
    <trkpt lat="59.57550" lon="9.19340"></trkpt>
    <trkpt lat="59.57530" lon="9.19400"></trkpt>
    <trkpt lat="59.57510" lon="9.19460"></trkpt>
    <trkpt lat="59.57500" lon="9.19500"></trkpt>
    <trkpt lat="59.57480" lon="9.19540"></trkpt>
    <trkpt lat="59.57460" lon="9.19580"></trkpt>
    <trkpt lat="59.57410" lon="9.19680"></trkpt>
    <trkpt lat="59.57390" lon="9.19710"></trkpt>
    <trkpt lat="59.57320" lon="9.19820"></trkpt>
    <trkpt lat="59.57290" lon="9.19870"></trkpt>
    <trkpt lat="59.57270" lon="9.19900"></trkpt>
    <trkpt lat="59.57240" lon="9.19950"></trkpt>
    <trkpt lat="59.57190" lon="9.20030"></trkpt>
    <trkpt lat="59.57170" lon="9.20070"></trkpt>
    <trkpt lat="59.57150" lon="9.20120"></trkpt>
    <trkpt lat="59.57130" lon="9.20170"></trkpt>
    <trkpt lat="59.57070" lon="9.20320"></trkpt>
    <trkpt lat="59.57050" lon="9.20350"></trkpt>
    <trkpt lat="59.57030" lon="9.20420"></trkpt>
    <trkpt lat="59.56980" lon="9.20550"></trkpt>
    <trkpt lat="59.56960" lon="9.20610"></trkpt>
    <trkpt lat="59.56900" lon="9.20770"></trkpt>
    <trkpt lat="59.56860" lon="9.20870"></trkpt>
    <trkpt lat="59.56830" lon="9.20960"></trkpt>
    <trkpt lat="59.56810" lon="9.21020"></trkpt>
    <trkpt lat="59.56790" lon="9.21070"></trkpt>
    <trkpt lat="59.56760" lon="9.21190"></trkpt>
    <trkpt lat="59.56740" lon="9.21230"></trkpt>
    <trkpt lat="59.56710" lon="9.21340"></trkpt>
    <trkpt lat="59.56700" lon="9.21380"></trkpt>
    <trkpt lat="59.56690" lon="9.21420"></trkpt>
    <trkpt lat="59.56670" lon="9.21520"></trkpt>
    <trkpt lat="59.56560" lon="9.22160"></trkpt>
    <trkpt lat="59.56540" lon="9.22220"></trkpt>
    <trkpt lat="59.56530" lon="9.22270"></trkpt>
    <trkpt lat="59.56520" lon="9.22310"></trkpt>
    <trkpt lat="59.56510" lon="9.22350"></trkpt>
    <trkpt lat="59.56500" lon="9.22400"></trkpt>
    <trkpt lat="59.56490" lon="9.22480"></trkpt>
    <trkpt lat="59.56480" lon="9.22550"></trkpt>
    <trkpt lat="59.56460" lon="9.22590"></trkpt>
    <trkpt lat="59.56450" lon="9.22630"></trkpt>
    <trkpt lat="59.56430" lon="9.22690"></trkpt>
    <trkpt lat="59.56400" lon="9.22760"></trkpt>
    <trkpt lat="59.56390" lon="9.22800"></trkpt>
    <trkpt lat="59.56360" lon="9.22850"></trkpt>
    <trkpt lat="59.56340" lon="9.22890"></trkpt>
    <trkpt lat="59.56310" lon="9.22930"></trkpt>
    <trkpt lat="59.56280" lon="9.22970"></trkpt>
    <trkpt lat="59.56230" lon="9.23030"></trkpt>
    <trkpt lat="59.56210" lon="9.23070"></trkpt>
    <trkpt lat="59.56190" lon="9.23110"></trkpt>
    <trkpt lat="59.56170" lon="9.23150"></trkpt>
    <trkpt lat="59.56150" lon="9.23210"></trkpt>
    <trkpt lat="59.56130" lon="9.23280"></trkpt>
    <trkpt lat="59.56110" lon="9.23350"></trkpt>
    <trkpt lat="59.56110" lon="9.23410"></trkpt>
    <trkpt lat="59.56110" lon="9.23480"></trkpt>
    <trkpt lat="59.56110" lon="9.23540"></trkpt>
    <trkpt lat="59.56110" lon="9.23610"></trkpt>
    <trkpt lat="59.56100" lon="9.23660"></trkpt>
    <trkpt lat="59.56100" lon="9.23740"></trkpt>
    <trkpt lat="59.56080" lon="9.23920"></trkpt>
    <trkpt lat="59.56080" lon="9.23990"></trkpt>
    <trkpt lat="59.56080" lon="9.24050"></trkpt>
    <trkpt lat="59.56090" lon="9.24090"></trkpt>
    <trkpt lat="59.56100" lon="9.24170"></trkpt>
    <trkpt lat="59.56110" lon="9.24220"></trkpt>
    <trkpt lat="59.56120" lon="9.24280"></trkpt>
    <trkpt lat="59.56130" lon="9.24360"></trkpt>
    <trkpt lat="59.56120" lon="9.24430"></trkpt>
    <trkpt lat="59.56120" lon="9.24500"></trkpt>
    <trkpt lat="59.56110" lon="9.24570"></trkpt>
    <trkpt lat="59.56090" lon="9.24630"></trkpt>
    <trkpt lat="59.56080" lon="9.24670"></trkpt>
    <trkpt lat="59.56060" lon="9.24700"></trkpt>
    <trkpt lat="59.56020" lon="9.24800"></trkpt>
    <trkpt lat="59.55980" lon="9.24870"></trkpt>
    <trkpt lat="59.55960" lon="9.24910"></trkpt>
    <trkpt lat="59.55940" lon="9.24950"></trkpt>
    <trkpt lat="59.55920" lon="9.25010"></trkpt>
    <trkpt lat="59.55900" lon="9.25090"></trkpt>
    <trkpt lat="59.55880" lon="9.25170"></trkpt>
    <trkpt lat="59.55870" lon="9.25210"></trkpt>
    <trkpt lat="59.55810" lon="9.25360"></trkpt>
    <trkpt lat="59.55790" lon="9.25410"></trkpt>
    <trkpt lat="59.55770" lon="9.25470"></trkpt>
    <trkpt lat="59.55750" lon="9.25510"></trkpt>
    <trkpt lat="59.55730" lon="9.25540"></trkpt>
    <trkpt lat="59.55720" lon="9.25600"></trkpt>
    <trkpt lat="59.55710" lon="9.25650"></trkpt>
    <trkpt lat="59.55710" lon="9.25710"></trkpt>
    <trkpt lat="59.55710" lon="9.25900"></trkpt>
    <trkpt lat="59.55710" lon="9.25980"></trkpt>
    <trkpt lat="59.55710" lon="9.26040"></trkpt>
    <trkpt lat="59.55720" lon="9.26110"></trkpt>
    <trkpt lat="59.55720" lon="9.26160"></trkpt>
    <trkpt lat="59.55740" lon="9.26250"></trkpt>
    <trkpt lat="59.55750" lon="9.26310"></trkpt>
    <trkpt lat="59.55760" lon="9.26360"></trkpt>
    <trkpt lat="59.55770" lon="9.26410"></trkpt>
    <trkpt lat="59.55780" lon="9.26470"></trkpt>
    <trkpt lat="59.55810" lon="9.26510"></trkpt>
    <trkpt lat="59.55830" lon="9.26540"></trkpt>
    <trkpt lat="59.55860" lon="9.26560"></trkpt>
    <trkpt lat="59.55890" lon="9.26570"></trkpt>
    <trkpt lat="59.55970" lon="9.26560"></trkpt>
    <trkpt lat="59.56000" lon="9.26550"></trkpt>
    <trkpt lat="59.56040" lon="9.26560"></trkpt>
    <trkpt lat="59.56070" lon="9.26580"></trkpt>
    <trkpt lat="59.56120" lon="9.26640"></trkpt>
    <trkpt lat="59.56150" lon="9.26670"></trkpt>
    <trkpt lat="59.56170" lon="9.26700"></trkpt>
    <trkpt lat="59.56200" lon="9.26720"></trkpt>
    <trkpt lat="59.56230" lon="9.26740"></trkpt>
    <trkpt lat="59.56270" lon="9.26750"></trkpt>
    <trkpt lat="59.56300" lon="9.26750"></trkpt>
    <trkpt lat="59.56370" lon="9.26750"></trkpt>
    <trkpt lat="59.56420" lon="9.26750"></trkpt>
    <trkpt lat="59.56460" lon="9.26770"></trkpt>
    <trkpt lat="59.56480" lon="9.26800"></trkpt>
    <trkpt lat="59.56510" lon="9.26840"></trkpt>
    <trkpt lat="59.56530" lon="9.26900"></trkpt>
    <trkpt lat="59.56560" lon="9.26960"></trkpt>
    <trkpt lat="59.56580" lon="9.27020"></trkpt>
    <trkpt lat="59.56590" lon="9.27060"></trkpt>
    <trkpt lat="59.56590" lon="9.27110"></trkpt>
    <trkpt lat="59.56580" lon="9.27150"></trkpt>
    <trkpt lat="59.56570" lon="9.27190"></trkpt>
    <trkpt lat="59.56540" lon="9.27220"></trkpt>
    <trkpt lat="59.56500" lon="9.27240"></trkpt>
    <trkpt lat="59.56470" lon="9.27260"></trkpt>
    <trkpt lat="59.56450" lon="9.27290"></trkpt>
    <trkpt lat="59.56430" lon="9.27340"></trkpt>
    <trkpt lat="59.56420" lon="9.27380"></trkpt>
    <trkpt lat="59.56410" lon="9.27450"></trkpt>
    <trkpt lat="59.56410" lon="9.27510"></trkpt>
    <trkpt lat="59.56410" lon="9.27580"></trkpt>
    <trkpt lat="59.56410" lon="9.27630"></trkpt>
    <trkpt lat="59.56410" lon="9.27720"></trkpt>
    <trkpt lat="59.56410" lon="9.27810"></trkpt>
    <trkpt lat="59.56410" lon="9.27870"></trkpt>
    <trkpt lat="59.56410" lon="9.27960"></trkpt>
    <trkpt lat="59.56420" lon="9.28000"></trkpt>
    <trkpt lat="59.56430" lon="9.28060"></trkpt>
    <trkpt lat="59.56440" lon="9.28100"></trkpt>
    <trkpt lat="59.56460" lon="9.28140"></trkpt>
    <trkpt lat="59.56510" lon="9.28250"></trkpt>
    <trkpt lat="59.56530" lon="9.28280"></trkpt>
    <trkpt lat="59.56580" lon="9.28380"></trkpt>
    <trkpt lat="59.56600" lon="9.28420"></trkpt>
    <trkpt lat="59.56640" lon="9.28500"></trkpt>
    <trkpt lat="59.56660" lon="9.28540"></trkpt>
    <trkpt lat="59.56700" lon="9.28610"></trkpt>
    <trkpt lat="59.56720" lon="9.28650"></trkpt>
    <trkpt lat="59.56740" lon="9.28710"></trkpt>
    <trkpt lat="59.56770" lon="9.28810"></trkpt>
    <trkpt lat="59.56790" lon="9.28890"></trkpt>
    <trkpt lat="59.56800" lon="9.28940"></trkpt>
    <trkpt lat="59.56820" lon="9.28980"></trkpt>
    <trkpt lat="59.56850" lon="9.29020"></trkpt>
    <trkpt lat="59.56870" lon="9.29050"></trkpt>
    <trkpt lat="59.56900" lon="9.29070"></trkpt>
    <trkpt lat="59.56930" lon="9.29080"></trkpt>
    <trkpt lat="59.56970" lon="9.29070"></trkpt>
    <trkpt lat="59.57000" lon="9.29060"></trkpt>
    <trkpt lat="59.57040" lon="9.29040"></trkpt>
    <trkpt lat="59.57070" lon="9.29030"></trkpt>
    <trkpt lat="59.57120" lon="9.29020"></trkpt>
    <trkpt lat="59.57150" lon="9.29030"></trkpt>
    <trkpt lat="59.57180" lon="9.29040"></trkpt>
    <trkpt lat="59.57210" lon="9.29060"></trkpt>
    <trkpt lat="59.57240" lon="9.29080"></trkpt>
    <trkpt lat="59.57270" lon="9.29110"></trkpt>
    <trkpt lat="59.57290" lon="9.29150"></trkpt>
    <trkpt lat="59.57310" lon="9.29180"></trkpt>
    <trkpt lat="59.57340" lon="9.29210"></trkpt>
    <trkpt lat="59.57370" lon="9.29230"></trkpt>
    <trkpt lat="59.57420" lon="9.29260"></trkpt>
    <trkpt lat="59.57450" lon="9.29280"></trkpt>
    <trkpt lat="59.57470" lon="9.29310"></trkpt>
    <trkpt lat="59.57500" lon="9.29340"></trkpt>
    <trkpt lat="59.57540" lon="9.29380"></trkpt>
    <trkpt lat="59.57590" lon="9.29410"></trkpt>
    <trkpt lat="59.57630" lon="9.29420"></trkpt>
    <trkpt lat="59.57670" lon="9.29430"></trkpt>
    <trkpt lat="59.57730" lon="9.29430"></trkpt>
    <trkpt lat="59.57760" lon="9.29440"></trkpt>
    <trkpt lat="59.57800" lon="9.29460"></trkpt>
    <trkpt lat="59.57830" lon="9.29490"></trkpt>
    <trkpt lat="59.57850" lon="9.29530"></trkpt>
    <trkpt lat="59.57880" lon="9.29580"></trkpt>
    <trkpt lat="59.57900" lon="9.29620"></trkpt>
    <trkpt lat="59.57920" lon="9.29650"></trkpt>
    <trkpt lat="59.57960" lon="9.29690"></trkpt>
    <trkpt lat="59.58000" lon="9.29720"></trkpt>
    <trkpt lat="59.58120" lon="9.29780"></trkpt>
    <trkpt lat="59.58170" lon="9.29810"></trkpt>
    <trkpt lat="59.58210" lon="9.29830"></trkpt>
    <trkpt lat="59.58270" lon="9.29860"></trkpt>
    <trkpt lat="59.58310" lon="9.29890"></trkpt>
    <trkpt lat="59.58350" lon="9.29930"></trkpt>
    <trkpt lat="59.58380" lon="9.29960"></trkpt>
    <trkpt lat="59.58400" lon="9.29990"></trkpt>
    <trkpt lat="59.58420" lon="9.30020"></trkpt>
    <trkpt lat="59.58430" lon="9.30060"></trkpt>
    <trkpt lat="59.58450" lon="9.30110"></trkpt>
    <trkpt lat="59.58460" lon="9.30150"></trkpt>
    <trkpt lat="59.58470" lon="9.30200"></trkpt>
    <trkpt lat="59.58470" lon="9.30270"></trkpt>
    <trkpt lat="59.58480" lon="9.30330"></trkpt>
    <trkpt lat="59.58470" lon="9.30390"></trkpt>
    <trkpt lat="59.58470" lon="9.30450"></trkpt>
    <trkpt lat="59.58460" lon="9.30540"></trkpt>
    <trkpt lat="59.58450" lon="9.30630"></trkpt>
    <trkpt lat="59.58440" lon="9.30770"></trkpt>
    <trkpt lat="59.58430" lon="9.30820"></trkpt>
    <trkpt lat="59.58430" lon="9.30870"></trkpt>
    <trkpt lat="59.58420" lon="9.30930"></trkpt>
    <trkpt lat="59.58410" lon="9.30980"></trkpt>
    <trkpt lat="59.58390" lon="9.31070"></trkpt>
    <trkpt lat="59.58380" lon="9.31120"></trkpt>
    <trkpt lat="59.58360" lon="9.31170"></trkpt>
    <trkpt lat="59.58340" lon="9.31230"></trkpt>
    <trkpt lat="59.58300" lon="9.31320"></trkpt>
    <trkpt lat="59.58280" lon="9.31380"></trkpt>
    <trkpt lat="59.58270" lon="9.31430"></trkpt>
    <trkpt lat="59.58260" lon="9.31480"></trkpt>
    <trkpt lat="59.58250" lon="9.31550"></trkpt>
    <trkpt lat="59.58250" lon="9.31600"></trkpt>
    <trkpt lat="59.58240" lon="9.31650"></trkpt>
    <trkpt lat="59.58240" lon="9.31730"></trkpt>
    <trkpt lat="59.58250" lon="9.31810"></trkpt>
    <trkpt lat="59.58260" lon="9.31860"></trkpt>
    <trkpt lat="59.58270" lon="9.31900"></trkpt>
    <trkpt lat="59.58280" lon="9.31950"></trkpt>
    <trkpt lat="59.58300" lon="9.32000"></trkpt>
    <trkpt lat="59.58320" lon="9.32050"></trkpt>
    <trkpt lat="59.58340" lon="9.32120"></trkpt>
    <trkpt lat="59.58350" lon="9.32190"></trkpt>
    <trkpt lat="59.58350" lon="9.32250"></trkpt>
    <trkpt lat="59.58350" lon="9.32310"></trkpt>
    <trkpt lat="59.58350" lon="9.32360"></trkpt>
    <trkpt lat="59.58360" lon="9.32460"></trkpt>
    <trkpt lat="59.58360" lon="9.32510"></trkpt>
    <trkpt lat="59.58370" lon="9.32590"></trkpt>
    <trkpt lat="59.58380" lon="9.32640"></trkpt>
    <trkpt lat="59.58400" lon="9.32720"></trkpt>
    <trkpt lat="59.58420" lon="9.32790"></trkpt>
    <trkpt lat="59.58440" lon="9.32830"></trkpt>
    <trkpt lat="59.58470" lon="9.32900"></trkpt>
    <trkpt lat="59.58490" lon="9.32950"></trkpt>
    <trkpt lat="59.58510" lon="9.32990"></trkpt>
    <trkpt lat="59.58530" lon="9.33040"></trkpt>
    <trkpt lat="59.58550" lon="9.33090"></trkpt>
    <trkpt lat="59.58560" lon="9.33150"></trkpt>
    <trkpt lat="59.58580" lon="9.33250"></trkpt>
    <trkpt lat="59.58590" lon="9.33320"></trkpt>
    <trkpt lat="59.58600" lon="9.33360"></trkpt>
    <trkpt lat="59.58610" lon="9.33410"></trkpt>
    <trkpt lat="59.58630" lon="9.33490"></trkpt>
    <trkpt lat="59.58650" lon="9.33570"></trkpt>
    <trkpt lat="59.58660" lon="9.33630"></trkpt>
    <trkpt lat="59.58690" lon="9.33730"></trkpt>
    <trkpt lat="59.58700" lon="9.33780"></trkpt>
    <trkpt lat="59.58710" lon="9.33830"></trkpt>
    <trkpt lat="59.58730" lon="9.33890"></trkpt>
    <trkpt lat="59.58740" lon="9.33940"></trkpt>
    <trkpt lat="59.58750" lon="9.34030"></trkpt>
    <trkpt lat="59.58760" lon="9.34090"></trkpt>
    <trkpt lat="59.58770" lon="9.34130"></trkpt>
    <trkpt lat="59.58790" lon="9.34170"></trkpt>
    <trkpt lat="59.58820" lon="9.34220"></trkpt>
    <trkpt lat="59.58840" lon="9.34270"></trkpt>
    <trkpt lat="59.58860" lon="9.34310"></trkpt>
    <trkpt lat="59.58870" lon="9.34350"></trkpt>
    <trkpt lat="59.58900" lon="9.34430"></trkpt>
    <trkpt lat="59.58910" lon="9.34490"></trkpt>
    <trkpt lat="59.58910" lon="9.34580"></trkpt>
    <trkpt lat="59.58920" lon="9.34620"></trkpt>
    <trkpt lat="59.58920" lon="9.34690"></trkpt>
    <trkpt lat="59.58940" lon="9.34880"></trkpt>
    <trkpt lat="59.58940" lon="9.34950"></trkpt>
    <trkpt lat="59.58950" lon="9.35000"></trkpt>
    <trkpt lat="59.58960" lon="9.35060"></trkpt>
    <trkpt lat="59.58970" lon="9.35110"></trkpt>
    <trkpt lat="59.58980" lon="9.35160"></trkpt>
    <trkpt lat="59.59000" lon="9.35230"></trkpt>
    <trkpt lat="59.59020" lon="9.35290"></trkpt>
    <trkpt lat="59.59030" lon="9.35330"></trkpt>
    <trkpt lat="59.59050" lon="9.35360"></trkpt>
    <trkpt lat="59.59080" lon="9.35400"></trkpt>
    <trkpt lat="59.59110" lon="9.35420"></trkpt>
    <trkpt lat="59.59140" lon="9.35430"></trkpt>
    <trkpt lat="59.59170" lon="9.35460"></trkpt>
    <trkpt lat="59.59190" lon="9.35500"></trkpt>
    <trkpt lat="59.59200" lon="9.35540"></trkpt>
    <trkpt lat="59.59210" lon="9.35590"></trkpt>
    <trkpt lat="59.59210" lon="9.35690"></trkpt>
    <trkpt lat="59.59210" lon="9.35760"></trkpt>
    <trkpt lat="59.59210" lon="9.35820"></trkpt>
    <trkpt lat="59.59210" lon="9.35900"></trkpt>
    <trkpt lat="59.59200" lon="9.36100"></trkpt>
    <trkpt lat="59.59200" lon="9.36180"></trkpt>
    <trkpt lat="59.59210" lon="9.36240"></trkpt>
    <trkpt lat="59.59210" lon="9.36290"></trkpt>
    <trkpt lat="59.59210" lon="9.36340"></trkpt>
    <trkpt lat="59.59220" lon="9.36380"></trkpt>
    <trkpt lat="59.59230" lon="9.36420"></trkpt>
    <trkpt lat="59.59240" lon="9.36500"></trkpt>
    <trkpt lat="59.59250" lon="9.36540"></trkpt>
    <trkpt lat="59.59260" lon="9.36580"></trkpt>
    <trkpt lat="59.59280" lon="9.36640"></trkpt>
    <trkpt lat="59.59300" lon="9.36690"></trkpt>
    <trkpt lat="59.59320" lon="9.36750"></trkpt>
    <trkpt lat="59.59340" lon="9.36810"></trkpt>
    <trkpt lat="59.59360" lon="9.36850"></trkpt>
    <trkpt lat="59.59390" lon="9.36930"></trkpt>
    <trkpt lat="59.59410" lon="9.36990"></trkpt>
    <trkpt lat="59.59420" lon="9.37030"></trkpt>
    <trkpt lat="59.59430" lon="9.37070"></trkpt>
    <trkpt lat="59.59450" lon="9.37120"></trkpt>
    <trkpt lat="59.59460" lon="9.37170"></trkpt>
    <trkpt lat="59.59460" lon="9.37230"></trkpt>
    <trkpt lat="59.59470" lon="9.37270"></trkpt>
    <trkpt lat="59.59470" lon="9.37330"></trkpt>
    <trkpt lat="59.59470" lon="9.37380"></trkpt>
    <trkpt lat="59.59480" lon="9.37430"></trkpt>
    <trkpt lat="59.59510" lon="9.37460"></trkpt>
    <trkpt lat="59.59560" lon="9.37500"></trkpt>
    <trkpt lat="59.59590" lon="9.37530"></trkpt>
    <trkpt lat="59.59610" lon="9.37570"></trkpt>
    <trkpt lat="59.59610" lon="9.37620"></trkpt>
    <trkpt lat="59.59610" lon="9.37680"></trkpt>
    <trkpt lat="59.59600" lon="9.37740"></trkpt>
    <trkpt lat="59.59580" lon="9.37840"></trkpt>
    <trkpt lat="59.59580" lon="9.37890"></trkpt>
    <trkpt lat="59.59570" lon="9.37950"></trkpt>
    <trkpt lat="59.59560" lon="9.38000"></trkpt>
    <trkpt lat="59.59550" lon="9.38070"></trkpt>
    <trkpt lat="59.59550" lon="9.38140"></trkpt>
    <trkpt lat="59.59550" lon="9.38190"></trkpt>
    <trkpt lat="59.59550" lon="9.38270"></trkpt>
    <trkpt lat="59.59560" lon="9.38340"></trkpt>
    <trkpt lat="59.59570" lon="9.38400"></trkpt>
    <trkpt lat="59.59580" lon="9.38470"></trkpt>
    <trkpt lat="59.59600" lon="9.38560"></trkpt>
    <trkpt lat="59.59610" lon="9.38600"></trkpt>
    <trkpt lat="59.59620" lon="9.38650"></trkpt>
    <trkpt lat="59.59640" lon="9.38710"></trkpt>
    <trkpt lat="59.59640" lon="9.38770"></trkpt>
    <trkpt lat="59.59650" lon="9.38820"></trkpt>
    <trkpt lat="59.59660" lon="9.38880"></trkpt>
    <trkpt lat="59.59670" lon="9.38920"></trkpt>
    <trkpt lat="59.59690" lon="9.38960"></trkpt>
    <trkpt lat="59.59710" lon="9.39050"></trkpt>
    <trkpt lat="59.59720" lon="9.39110"></trkpt>
    <trkpt lat="59.59730" lon="9.39170"></trkpt>
    <trkpt lat="59.59740" lon="9.39210"></trkpt>
    <trkpt lat="59.59750" lon="9.39250"></trkpt>
    <trkpt lat="59.59770" lon="9.39300"></trkpt>
    <trkpt lat="59.59790" lon="9.39360"></trkpt>
    <trkpt lat="59.59820" lon="9.39400"></trkpt>
    <trkpt lat="59.59840" lon="9.39440"></trkpt>
    <trkpt lat="59.59850" lon="9.39490"></trkpt>
    <trkpt lat="59.59860" lon="9.39530"></trkpt>
    <trkpt lat="59.59870" lon="9.39600"></trkpt>
    <trkpt lat="59.59870" lon="9.39680"></trkpt>
    <trkpt lat="59.59860" lon="9.39740"></trkpt>
    <trkpt lat="59.59860" lon="9.39820"></trkpt>
    <trkpt lat="59.59850" lon="9.39880"></trkpt>
    <trkpt lat="59.59850" lon="9.39930"></trkpt>
    <trkpt lat="59.59850" lon="9.39980"></trkpt>
    <trkpt lat="59.59860" lon="9.40040"></trkpt>
    <trkpt lat="59.59870" lon="9.40100"></trkpt>
    <trkpt lat="59.59880" lon="9.40140"></trkpt>
    <trkpt lat="59.59890" lon="9.40180"></trkpt>
    <trkpt lat="59.59910" lon="9.40240"></trkpt>
    <trkpt lat="59.59910" lon="9.40290"></trkpt>
    <trkpt lat="59.59920" lon="9.40350"></trkpt>
    <trkpt lat="59.59910" lon="9.40410"></trkpt>
    <trkpt lat="59.59920" lon="9.40470"></trkpt>
    <trkpt lat="59.59940" lon="9.40550"></trkpt>
    <trkpt lat="59.59950" lon="9.40590"></trkpt>
    <trkpt lat="59.60080" lon="9.40950"></trkpt>
    <trkpt lat="59.60100" lon="9.41010"></trkpt>
    <trkpt lat="59.60120" lon="9.41070"></trkpt>
    <trkpt lat="59.60130" lon="9.41130"></trkpt>
    <trkpt lat="59.60190" lon="9.41360"></trkpt>
    <trkpt lat="59.60210" lon="9.41460"></trkpt>
    <trkpt lat="59.60230" lon="9.41550"></trkpt>
    <trkpt lat="59.60240" lon="9.41600"></trkpt>
    <trkpt lat="59.60260" lon="9.41640"></trkpt>
    <trkpt lat="59.60280" lon="9.41700"></trkpt>
    <trkpt lat="59.60300" lon="9.41780"></trkpt>
    <trkpt lat="59.60320" lon="9.41840"></trkpt>
    <trkpt lat="59.60350" lon="9.41970"></trkpt>
    <trkpt lat="59.60360" lon="9.42020"></trkpt>
    <trkpt lat="59.60390" lon="9.42120"></trkpt>
    <trkpt lat="59.60400" lon="9.42160"></trkpt>
    <trkpt lat="59.60420" lon="9.42220"></trkpt>
    <trkpt lat="59.60430" lon="9.42290"></trkpt>
    <trkpt lat="59.60440" lon="9.42350"></trkpt>
    <trkpt lat="59.60440" lon="9.42420"></trkpt>
    <trkpt lat="59.60440" lon="9.42470"></trkpt>
    <trkpt lat="59.60440" lon="9.42520"></trkpt>
    <trkpt lat="59.60440" lon="9.42610"></trkpt>
    <trkpt lat="59.60440" lon="9.42660"></trkpt>
    <trkpt lat="59.60440" lon="9.42710"></trkpt>
    <trkpt lat="59.60440" lon="9.42800"></trkpt>
    <trkpt lat="59.60450" lon="9.42870"></trkpt>
    <trkpt lat="59.60460" lon="9.42910"></trkpt>
    <trkpt lat="59.60470" lon="9.42950"></trkpt>
    <trkpt lat="59.60480" lon="9.43000"></trkpt>
    <trkpt lat="59.60510" lon="9.43090"></trkpt>
    <trkpt lat="59.60530" lon="9.43170"></trkpt>
    <trkpt lat="59.60540" lon="9.43210"></trkpt>
    <trkpt lat="59.60550" lon="9.43260"></trkpt>
    <trkpt lat="59.60550" lon="9.43310"></trkpt>
    <trkpt lat="59.60560" lon="9.43360"></trkpt>
    <trkpt lat="59.60550" lon="9.43430"></trkpt>
    <trkpt lat="59.60560" lon="9.43480"></trkpt>
    <trkpt lat="59.60560" lon="9.43540"></trkpt>
    <trkpt lat="59.60580" lon="9.43600"></trkpt>
    <trkpt lat="59.60600" lon="9.43640"></trkpt>
    <trkpt lat="59.60630" lon="9.43700"></trkpt>
    <trkpt lat="59.60640" lon="9.43740"></trkpt>
    <trkpt lat="59.60650" lon="9.43780"></trkpt>
    <trkpt lat="59.60670" lon="9.43840"></trkpt>
    <trkpt lat="59.60690" lon="9.43900"></trkpt>
    <trkpt lat="59.60700" lon="9.43950"></trkpt>
    <trkpt lat="59.60730" lon="9.44060"></trkpt>
    <trkpt lat="59.60770" lon="9.44230"></trkpt>
    <trkpt lat="59.60780" lon="9.44300"></trkpt>
    <trkpt lat="59.60800" lon="9.44350"></trkpt>
    <trkpt lat="59.60830" lon="9.44470"></trkpt>
    <trkpt lat="59.60850" lon="9.44560"></trkpt>
    <trkpt lat="59.60860" lon="9.44630"></trkpt>
    <trkpt lat="59.60870" lon="9.44670"></trkpt>
    <trkpt lat="59.60880" lon="9.44720"></trkpt>
    <trkpt lat="59.60900" lon="9.44760"></trkpt>
    <trkpt lat="59.60910" lon="9.44800"></trkpt>
    <trkpt lat="59.60930" lon="9.44830"></trkpt>
    <trkpt lat="59.61020" lon="9.45060"></trkpt>
    <trkpt lat="59.61030" lon="9.45100"></trkpt>
    <trkpt lat="59.61050" lon="9.45140"></trkpt>
    <trkpt lat="59.61060" lon="9.45190"></trkpt>
    <trkpt lat="59.61070" lon="9.45230"></trkpt>
    <trkpt lat="59.61090" lon="9.45280"></trkpt>
    <trkpt lat="59.61100" lon="9.45320"></trkpt>
    <trkpt lat="59.61110" lon="9.45360"></trkpt>
    <trkpt lat="59.61120" lon="9.45430"></trkpt>
    <trkpt lat="59.61120" lon="9.45480"></trkpt>
    <trkpt lat="59.61130" lon="9.45540"></trkpt>
    <trkpt lat="59.61140" lon="9.45580"></trkpt>
    <trkpt lat="59.61160" lon="9.45630"></trkpt>
    <trkpt lat="59.61260" lon="9.45940"></trkpt>
    <trkpt lat="59.61290" lon="9.46020"></trkpt>
    <trkpt lat="59.61310" lon="9.46080"></trkpt>
    <trkpt lat="59.61340" lon="9.46160"></trkpt>
    <trkpt lat="59.61370" lon="9.46220"></trkpt>
    <trkpt lat="59.61380" lon="9.46260"></trkpt>
    <trkpt lat="59.61400" lon="9.46290"></trkpt>
    <trkpt lat="59.61470" lon="9.46450"></trkpt>
    <trkpt lat="59.61500" lon="9.46500"></trkpt>
    <trkpt lat="59.61520" lon="9.46530"></trkpt>
    <trkpt lat="59.61540" lon="9.46560"></trkpt>
    <trkpt lat="59.61600" lon="9.46630"></trkpt>
    <trkpt lat="59.61620" lon="9.46670"></trkpt>
    <trkpt lat="59.61650" lon="9.46710"></trkpt>
    <trkpt lat="59.61680" lon="9.46750"></trkpt>
    <trkpt lat="59.61710" lon="9.46810"></trkpt>
    <trkpt lat="59.61790" lon="9.46990"></trkpt>
    <trkpt lat="59.61800" lon="9.47030"></trkpt>
    <trkpt lat="59.61820" lon="9.47060"></trkpt>
    <trkpt lat="59.61840" lon="9.47130"></trkpt>
    <trkpt lat="59.61850" lon="9.47180"></trkpt>
    <trkpt lat="59.61870" lon="9.47220"></trkpt>
    <trkpt lat="59.61880" lon="9.47280"></trkpt>
    <trkpt lat="59.61900" lon="9.47320"></trkpt>
    <trkpt lat="59.61920" lon="9.47360"></trkpt>
    <trkpt lat="59.61950" lon="9.47390"></trkpt>
    <trkpt lat="59.61970" lon="9.47420"></trkpt>
    <trkpt lat="59.62000" lon="9.47420"></trkpt>
    <trkpt lat="59.62030" lon="9.47420"></trkpt>
    <trkpt lat="59.62110" lon="9.47400"></trkpt>
    <trkpt lat="59.62310" lon="9.47340"></trkpt>
    <trkpt lat="59.62350" lon="9.47330"></trkpt>
    <trkpt lat="59.62380" lon="9.47330"></trkpt>
    <trkpt lat="59.62410" lon="9.47320"></trkpt>
    <trkpt lat="59.62440" lon="9.47330"></trkpt>
    <trkpt lat="59.62470" lon="9.47340"></trkpt>
    <trkpt lat="59.62500" lon="9.47350"></trkpt>
    <trkpt lat="59.62530" lon="9.47370"></trkpt>
    <trkpt lat="59.62560" lon="9.47390"></trkpt>
    <trkpt lat="59.62580" lon="9.47420"></trkpt>
    <trkpt lat="59.62610" lon="9.47450"></trkpt>
    <trkpt lat="59.62630" lon="9.47480"></trkpt>
    <trkpt lat="59.62650" lon="9.47510"></trkpt>
    <trkpt lat="59.62670" lon="9.47540"></trkpt>
    <trkpt lat="59.62680" lon="9.47580"></trkpt>
    <trkpt lat="59.62700" lon="9.47620"></trkpt>
    <trkpt lat="59.62710" lon="9.47660"></trkpt>
    <trkpt lat="59.62740" lon="9.47760"></trkpt>
    <trkpt lat="59.62750" lon="9.47800"></trkpt>
    <trkpt lat="59.62760" lon="9.47840"></trkpt>
    <trkpt lat="59.62770" lon="9.47890"></trkpt>
    <trkpt lat="59.62780" lon="9.47940"></trkpt>
    <trkpt lat="59.62780" lon="9.47990"></trkpt>
    <trkpt lat="59.62780" lon="9.48040"></trkpt>
    <trkpt lat="59.62790" lon="9.48110"></trkpt>
    <trkpt lat="59.62790" lon="9.48160"></trkpt>
    <trkpt lat="59.62800" lon="9.48260"></trkpt>
    <trkpt lat="59.62810" lon="9.48330"></trkpt>
    <trkpt lat="59.62810" lon="9.48390"></trkpt>
    <trkpt lat="59.62820" lon="9.48450"></trkpt>
    <trkpt lat="59.62820" lon="9.48520"></trkpt>
    <trkpt lat="59.62840" lon="9.48610"></trkpt>
    <trkpt lat="59.62850" lon="9.48680"></trkpt>
    <trkpt lat="59.62850" lon="9.48750"></trkpt>
    <trkpt lat="59.62860" lon="9.48790"></trkpt>
    <trkpt lat="59.62860" lon="9.48850"></trkpt>
    <trkpt lat="59.62870" lon="9.48900"></trkpt>
    <trkpt lat="59.62880" lon="9.48950"></trkpt>
    <trkpt lat="59.62890" lon="9.49060"></trkpt>
    <trkpt lat="59.62920" lon="9.49250"></trkpt>
    <trkpt lat="59.62930" lon="9.49310"></trkpt>
    <trkpt lat="59.62940" lon="9.49370"></trkpt>
    <trkpt lat="59.62960" lon="9.49420"></trkpt>
    <trkpt lat="59.62970" lon="9.49510"></trkpt>
    <trkpt lat="59.62990" lon="9.49560"></trkpt>
    <trkpt lat="59.63000" lon="9.49620"></trkpt>
    <trkpt lat="59.63000" lon="9.49680"></trkpt>
    <trkpt lat="59.63010" lon="9.49720"></trkpt>
    <trkpt lat="59.63000" lon="9.49770"></trkpt>
    <trkpt lat="59.63000" lon="9.49830"></trkpt>
    <trkpt lat="59.62980" lon="9.49890"></trkpt>
    <trkpt lat="59.62970" lon="9.49940"></trkpt>
    <trkpt lat="59.62960" lon="9.49990"></trkpt>
    <trkpt lat="59.62950" lon="9.50030"></trkpt>
    <trkpt lat="59.62950" lon="9.50090"></trkpt>
    <trkpt lat="59.62950" lon="9.50150"></trkpt>
    <trkpt lat="59.62950" lon="9.50200"></trkpt>
    <trkpt lat="59.62950" lon="9.50250"></trkpt>
    <trkpt lat="59.62950" lon="9.50300"></trkpt>
    <trkpt lat="59.62960" lon="9.50350"></trkpt>
    <trkpt lat="59.62970" lon="9.50420"></trkpt>
    <trkpt lat="59.62980" lon="9.50460"></trkpt>
    <trkpt lat="59.62990" lon="9.50520"></trkpt>
    <trkpt lat="59.63000" lon="9.50570"></trkpt>
    <trkpt lat="59.63010" lon="9.50610"></trkpt>
    <trkpt lat="59.63020" lon="9.50650"></trkpt>
    <trkpt lat="59.63100" lon="9.51170"></trkpt>
    <trkpt lat="59.63110" lon="9.51250"></trkpt>
    <trkpt lat="59.63120" lon="9.51300"></trkpt>
    <trkpt lat="59.63130" lon="9.51350"></trkpt>
    <trkpt lat="59.63140" lon="9.51390"></trkpt>
    <trkpt lat="59.63150" lon="9.51430"></trkpt>
    <trkpt lat="59.63160" lon="9.51470"></trkpt>
    <trkpt lat="59.63170" lon="9.51510"></trkpt>
    <trkpt lat="59.63240" lon="9.51700"></trkpt>
    <trkpt lat="59.63250" lon="9.51750"></trkpt>
    <trkpt lat="59.63260" lon="9.51790"></trkpt>
    <trkpt lat="59.63270" lon="9.51840"></trkpt>
    <trkpt lat="59.63270" lon="9.51890"></trkpt>
    <trkpt lat="59.63270" lon="9.51950"></trkpt>
    <trkpt lat="59.63260" lon="9.52020"></trkpt>
    <trkpt lat="59.63260" lon="9.52090"></trkpt>
    <trkpt lat="59.63250" lon="9.52130"></trkpt>
    <trkpt lat="59.63230" lon="9.52260"></trkpt>
    <trkpt lat="59.63220" lon="9.52330"></trkpt>
    <trkpt lat="59.63210" lon="9.52380"></trkpt>
    <trkpt lat="59.63200" lon="9.52430"></trkpt>
    <trkpt lat="59.63180" lon="9.52510"></trkpt>
    <trkpt lat="59.63170" lon="9.52560"></trkpt>
    <trkpt lat="59.63160" lon="9.52620"></trkpt>
    <trkpt lat="59.63130" lon="9.52720"></trkpt>
    <trkpt lat="59.63100" lon="9.52860"></trkpt>
    <trkpt lat="59.63090" lon="9.52900"></trkpt>
    <trkpt lat="59.63060" lon="9.53010"></trkpt>
    <trkpt lat="59.63050" lon="9.53070"></trkpt>
    <trkpt lat="59.63040" lon="9.53120"></trkpt>
    <trkpt lat="59.63030" lon="9.53160"></trkpt>
    <trkpt lat="59.63020" lon="9.53200"></trkpt>
    <trkpt lat="59.63020" lon="9.53260"></trkpt>
    <trkpt lat="59.63020" lon="9.53310"></trkpt>
    <trkpt lat="59.63020" lon="9.53370"></trkpt>
    <trkpt lat="59.63020" lon="9.53430"></trkpt>
    <trkpt lat="59.63020" lon="9.53490"></trkpt>
    <trkpt lat="59.63020" lon="9.53560"></trkpt>
    <trkpt lat="59.63020" lon="9.53620"></trkpt>
    <trkpt lat="59.63030" lon="9.53700"></trkpt>
    <trkpt lat="59.63030" lon="9.53760"></trkpt>
    <trkpt lat="59.63040" lon="9.53800"></trkpt>
    <trkpt lat="59.63040" lon="9.53860"></trkpt>
    <trkpt lat="59.63030" lon="9.53920"></trkpt>
    <trkpt lat="59.63030" lon="9.53970"></trkpt>
    <trkpt lat="59.63020" lon="9.54010"></trkpt>
    <trkpt lat="59.63010" lon="9.54060"></trkpt>
    <trkpt lat="59.63010" lon="9.54110"></trkpt>
    <trkpt lat="59.62990" lon="9.54150"></trkpt>
    <trkpt lat="59.62940" lon="9.54300"></trkpt>
    <trkpt lat="59.62930" lon="9.54350"></trkpt>
    <trkpt lat="59.62920" lon="9.54400"></trkpt>
    <trkpt lat="59.62910" lon="9.54440"></trkpt>
    <trkpt lat="59.62900" lon="9.54480"></trkpt>
    <trkpt lat="59.62890" lon="9.54520"></trkpt>
    <trkpt lat="59.62880" lon="9.54560"></trkpt>
    <trkpt lat="59.62880" lon="9.54610"></trkpt>
    <trkpt lat="59.62880" lon="9.54660"></trkpt>
    <trkpt lat="59.62880" lon="9.54710"></trkpt>
    <trkpt lat="59.62880" lon="9.54760"></trkpt>
    <trkpt lat="59.62890" lon="9.54810"></trkpt>
    <trkpt lat="59.62900" lon="9.54870"></trkpt>
    <trkpt lat="59.62950" lon="9.55040"></trkpt>
    <trkpt lat="59.62970" lon="9.55110"></trkpt>
    <trkpt lat="59.62980" lon="9.55160"></trkpt>
    <trkpt lat="59.62990" lon="9.55200"></trkpt>
    <trkpt lat="59.63000" lon="9.55250"></trkpt>
    <trkpt lat="59.63010" lon="9.55290"></trkpt>
    <trkpt lat="59.63010" lon="9.55350"></trkpt>
    <trkpt lat="59.63010" lon="9.55410"></trkpt>
    <trkpt lat="59.63010" lon="9.55460"></trkpt>
    <trkpt lat="59.63000" lon="9.55530"></trkpt>
    <trkpt lat="59.62980" lon="9.55690"></trkpt>
    <trkpt lat="59.62970" lon="9.55730"></trkpt>
    <trkpt lat="59.62960" lon="9.55770"></trkpt>
    <trkpt lat="59.62950" lon="9.55810"></trkpt>
    <trkpt lat="59.62940" lon="9.55850"></trkpt>
    <trkpt lat="59.62920" lon="9.55890"></trkpt>
    <trkpt lat="59.62910" lon="9.55950"></trkpt>
    <trkpt lat="59.62890" lon="9.56020"></trkpt>
    <trkpt lat="59.62870" lon="9.56070"></trkpt>
    <trkpt lat="59.62860" lon="9.56110"></trkpt>
    <trkpt lat="59.62850" lon="9.56150"></trkpt>
    <trkpt lat="59.62840" lon="9.56210"></trkpt>
    <trkpt lat="59.62840" lon="9.56260"></trkpt>
    <trkpt lat="59.62850" lon="9.56310"></trkpt>
    <trkpt lat="59.62860" lon="9.56360"></trkpt>
    <trkpt lat="59.62880" lon="9.56430"></trkpt>
    <trkpt lat="59.62890" lon="9.56480"></trkpt>
    <trkpt lat="59.62890" lon="9.56530"></trkpt>
    <trkpt lat="59.62900" lon="9.56570"></trkpt>
    <trkpt lat="59.62900" lon="9.56620"></trkpt>
    <trkpt lat="59.62900" lon="9.56710"></trkpt>
    <trkpt lat="59.62890" lon="9.56810"></trkpt>
    <trkpt lat="59.62880" lon="9.56880"></trkpt>
    <trkpt lat="59.62870" lon="9.56950"></trkpt>
    <trkpt lat="59.62850" lon="9.57030"></trkpt>
    <trkpt lat="59.62840" lon="9.57100"></trkpt>
    <trkpt lat="59.62830" lon="9.57140"></trkpt>
    <trkpt lat="59.62820" lon="9.57180"></trkpt>
    <trkpt lat="59.62800" lon="9.57230"></trkpt>
    <trkpt lat="59.62750" lon="9.57390"></trkpt>
    <trkpt lat="59.62740" lon="9.57440"></trkpt>
    <trkpt lat="59.62720" lon="9.57480"></trkpt>
    <trkpt lat="59.62700" lon="9.57530"></trkpt>
    <trkpt lat="59.62680" lon="9.57580"></trkpt>
    <trkpt lat="59.62670" lon="9.57620"></trkpt>
    <trkpt lat="59.62650" lon="9.57660"></trkpt>
    <trkpt lat="59.62630" lon="9.57700"></trkpt>
    <trkpt lat="59.62600" lon="9.57770"></trkpt>
    <trkpt lat="59.62570" lon="9.57810"></trkpt>
    <trkpt lat="59.62550" lon="9.57850"></trkpt>
    <trkpt lat="59.62530" lon="9.57880"></trkpt>
    <trkpt lat="59.62460" lon="9.57970"></trkpt>
    <trkpt lat="59.62440" lon="9.58000"></trkpt>
    <trkpt lat="59.62420" lon="9.58030"></trkpt>
    <trkpt lat="59.62400" lon="9.58060"></trkpt>
    <trkpt lat="59.62380" lon="9.58100"></trkpt>
    <trkpt lat="59.62360" lon="9.58140"></trkpt>
    <trkpt lat="59.62340" lon="9.58190"></trkpt>
    <trkpt lat="59.62320" lon="9.58240"></trkpt>
    <trkpt lat="59.62290" lon="9.58310"></trkpt>
    <trkpt lat="59.62280" lon="9.58350"></trkpt>
    <trkpt lat="59.62270" lon="9.58390"></trkpt>
    <trkpt lat="59.62250" lon="9.58440"></trkpt>
    <trkpt lat="59.62240" lon="9.58510"></trkpt>
    <trkpt lat="59.62220" lon="9.58580"></trkpt>
    <trkpt lat="59.62210" lon="9.58620"></trkpt>
    <trkpt lat="59.62200" lon="9.58710"></trkpt>
    <trkpt lat="59.62190" lon="9.58790"></trkpt>
    <trkpt lat="59.62190" lon="9.58870"></trkpt>
    <trkpt lat="59.62190" lon="9.58920"></trkpt>
    <trkpt lat="59.62180" lon="9.59010"></trkpt>
    <trkpt lat="59.62180" lon="9.59170"></trkpt>
    <trkpt lat="59.62180" lon="9.59270"></trkpt>
    <trkpt lat="59.62180" lon="9.59330"></trkpt>
    <trkpt lat="59.62170" lon="9.59400"></trkpt>
    <trkpt lat="59.62170" lon="9.59450"></trkpt>
    <trkpt lat="59.62160" lon="9.59540"></trkpt>
    <trkpt lat="59.62130" lon="9.59680"></trkpt>
    <trkpt lat="59.62130" lon="9.59740"></trkpt>
    <trkpt lat="59.62090" lon="9.59950"></trkpt>
    <trkpt lat="59.62080" lon="9.60040"></trkpt>
    <trkpt lat="59.62070" lon="9.60110"></trkpt>
    <trkpt lat="59.62060" lon="9.60200"></trkpt>
    <trkpt lat="59.62060" lon="9.60280"></trkpt>
    <trkpt lat="59.62060" lon="9.60340"></trkpt>
    <trkpt lat="59.62060" lon="9.60400"></trkpt>
    <trkpt lat="59.62070" lon="9.60440"></trkpt>
    <trkpt lat="59.62070" lon="9.60510"></trkpt>
    <trkpt lat="59.62080" lon="9.60570"></trkpt>
    <trkpt lat="59.62090" lon="9.60640"></trkpt>
    <trkpt lat="59.62100" lon="9.60700"></trkpt>
    <trkpt lat="59.62120" lon="9.60770"></trkpt>
    <trkpt lat="59.62130" lon="9.60810"></trkpt>
    <trkpt lat="59.62140" lon="9.60860"></trkpt>
    <trkpt lat="59.62160" lon="9.60920"></trkpt>
    <trkpt lat="59.62180" lon="9.60950"></trkpt>
    <trkpt lat="59.62200" lon="9.61000"></trkpt>
    <trkpt lat="59.62210" lon="9.61040"></trkpt>
    <trkpt lat="59.62250" lon="9.61120"></trkpt>
    <trkpt lat="59.62330" lon="9.61300"></trkpt>
    <trkpt lat="59.62400" lon="9.61430"></trkpt>
    <trkpt lat="59.62430" lon="9.61500"></trkpt>
    <trkpt lat="59.62620" lon="9.61910"></trkpt>
    <trkpt lat="59.62720" lon="9.62120"></trkpt>
    <trkpt lat="59.62740" lon="9.62160"></trkpt>
    <trkpt lat="59.62760" lon="9.62220"></trkpt>
    <trkpt lat="59.62790" lon="9.62290"></trkpt>
    <trkpt lat="59.62800" lon="9.62340"></trkpt>
    <trkpt lat="59.62810" lon="9.62390"></trkpt>
    <trkpt lat="59.62830" lon="9.62470"></trkpt>
    <trkpt lat="59.62920" lon="9.63000"></trkpt>
    <trkpt lat="59.62930" lon="9.63050"></trkpt>
    <trkpt lat="59.62940" lon="9.63120"></trkpt>
    <trkpt lat="59.62950" lon="9.63170"></trkpt>
    <trkpt lat="59.62970" lon="9.63250"></trkpt>
    <trkpt lat="59.62990" lon="9.63310"></trkpt>
    <trkpt lat="59.63000" lon="9.63350"></trkpt>
    <trkpt lat="59.63020" lon="9.63410"></trkpt>
    <trkpt lat="59.63040" lon="9.63460"></trkpt>
    <trkpt lat="59.63060" lon="9.63490"></trkpt>
    <trkpt lat="59.63090" lon="9.63550"></trkpt>
    <trkpt lat="59.63110" lon="9.63590"></trkpt>
    <trkpt lat="59.63140" lon="9.63630"></trkpt>
    <trkpt lat="59.63170" lon="9.63670"></trkpt>
    <trkpt lat="59.63200" lon="9.63690"></trkpt>
    <trkpt lat="59.63230" lon="9.63720"></trkpt>
    <trkpt lat="59.63260" lon="9.63750"></trkpt>
    <trkpt lat="59.63280" lon="9.63780"></trkpt>
    <trkpt lat="59.63310" lon="9.63780"></trkpt>
    <trkpt lat="59.63350" lon="9.63790"></trkpt>
    <trkpt lat="59.63390" lon="9.63790"></trkpt>
    <trkpt lat="59.63440" lon="9.63790"></trkpt>
    <trkpt lat="59.63580" lon="9.63780"></trkpt>
    <trkpt lat="59.63610" lon="9.63780"></trkpt>
    <trkpt lat="59.63640" lon="9.63780"></trkpt>
    <trkpt lat="59.63670" lon="9.63770"></trkpt>
    <trkpt lat="59.63720" lon="9.63750"></trkpt>
    <trkpt lat="59.63760" lon="9.63720"></trkpt>
    <trkpt lat="59.63790" lon="9.63700"></trkpt>
    <trkpt lat="59.63830" lon="9.63650"></trkpt>
    <trkpt lat="59.63870" lon="9.63610"></trkpt>
    <trkpt lat="59.63910" lon="9.63570"></trkpt>
    <trkpt lat="59.63940" lon="9.63530"></trkpt>
    <trkpt lat="59.63980" lon="9.63490"></trkpt>
    <trkpt lat="59.64020" lon="9.63450"></trkpt>
    <trkpt lat="59.64050" lon="9.63440"></trkpt>
    <trkpt lat="59.64080" lon="9.63420"></trkpt>
    <trkpt lat="59.64180" lon="9.63380"></trkpt>
    <trkpt lat="59.64230" lon="9.63350"></trkpt>
    <trkpt lat="59.64270" lon="9.63340"></trkpt>
    <trkpt lat="59.64320" lon="9.63320"></trkpt>
    <trkpt lat="59.64350" lon="9.63310"></trkpt>
    <trkpt lat="59.64380" lon="9.63310"></trkpt>
    <trkpt lat="59.64420" lon="9.63310"></trkpt>
    <trkpt lat="59.64460" lon="9.63310"></trkpt>
    <trkpt lat="59.64500" lon="9.63320"></trkpt>
    <trkpt lat="59.64530" lon="9.63340"></trkpt>
    <trkpt lat="59.64560" lon="9.63360"></trkpt>
    <trkpt lat="59.64590" lon="9.63370"></trkpt>
    <trkpt lat="59.64620" lon="9.63400"></trkpt>
    <trkpt lat="59.64650" lon="9.63430"></trkpt>
    <trkpt lat="59.64680" lon="9.63460"></trkpt>
    <trkpt lat="59.64710" lon="9.63500"></trkpt>
    <trkpt lat="59.64730" lon="9.63530"></trkpt>
    <trkpt lat="59.64760" lon="9.63580"></trkpt>
    <trkpt lat="59.64780" lon="9.63630"></trkpt>
    <trkpt lat="59.64810" lon="9.63670"></trkpt>
    <trkpt lat="59.64830" lon="9.63730"></trkpt>
    <trkpt lat="59.64850" lon="9.63790"></trkpt>
    <trkpt lat="59.64870" lon="9.63850"></trkpt>
    <trkpt lat="59.64880" lon="9.63890"></trkpt>
    <trkpt lat="59.64900" lon="9.63970"></trkpt>
    <trkpt lat="59.64910" lon="9.64020"></trkpt>
    <trkpt lat="59.64920" lon="9.64070"></trkpt>
    <trkpt lat="59.64920" lon="9.64130"></trkpt>
    <trkpt lat="59.64930" lon="9.64190"></trkpt>
    <trkpt lat="59.64930" lon="9.64240"></trkpt>
    <trkpt lat="59.64930" lon="9.64290"></trkpt>
    <trkpt lat="59.64930" lon="9.64360"></trkpt>
    <trkpt lat="59.64930" lon="9.64410"></trkpt>
    <trkpt lat="59.64920" lon="9.64450"></trkpt>
    <trkpt lat="59.64910" lon="9.64490"></trkpt>
    <trkpt lat="59.64900" lon="9.64540"></trkpt>
    <trkpt lat="59.64890" lon="9.64600"></trkpt>
    <trkpt lat="59.64880" lon="9.64640"></trkpt>
    <trkpt lat="59.64870" lon="9.64680"></trkpt>
    <trkpt lat="59.64850" lon="9.64720"></trkpt>
    <trkpt lat="59.64860" lon="9.64760"></trkpt>
    <trkpt lat="59.64870" lon="9.64810"></trkpt>
    <trkpt lat="59.64870" lon="9.64870"></trkpt>
    <trkpt lat="59.64880" lon="9.64930"></trkpt>
    <trkpt lat="59.64880" lon="9.64990"></trkpt>
    <trkpt lat="59.64890" lon="9.65040"></trkpt>
    <trkpt lat="59.64900" lon="9.65080"></trkpt>
    <trkpt lat="59.64910" lon="9.65130"></trkpt>
    <trkpt lat="59.64920" lon="9.65170"></trkpt>
    <trkpt lat="59.64920" lon="9.65220"></trkpt>
    <trkpt lat="59.64950" lon="9.65240"></trkpt>
    <trkpt lat="59.64980" lon="9.65240"></trkpt>
    <trkpt lat="59.65010" lon="9.65270"></trkpt>
    <trkpt lat="59.65040" lon="9.65290"></trkpt>
    <trkpt lat="59.65060" lon="9.65320"></trkpt>
    <trkpt lat="59.65090" lon="9.65360"></trkpt>
    <trkpt lat="59.65120" lon="9.65420"></trkpt>
    <trkpt lat="59.65150" lon="9.65460"></trkpt>
    <trkpt lat="59.65170" lon="9.65490"></trkpt>
    <trkpt lat="59.65200" lon="9.65510"></trkpt>
    <trkpt lat="59.65230" lon="9.65530"></trkpt>
    <trkpt lat="59.65260" lon="9.65550"></trkpt>
    <trkpt lat="59.65290" lon="9.65570"></trkpt>
    <trkpt lat="59.65330" lon="9.65580"></trkpt>
    <trkpt lat="59.65360" lon="9.65610"></trkpt>
    <trkpt lat="59.65390" lon="9.65630"></trkpt>
    <trkpt lat="59.65420" lon="9.65670"></trkpt>
    <trkpt lat="59.65450" lon="9.65700"></trkpt>
    <trkpt lat="59.65470" lon="9.65740"></trkpt>
    <trkpt lat="59.65490" lon="9.65770"></trkpt>
    <trkpt lat="59.65530" lon="9.65830"></trkpt>
    <trkpt lat="59.65550" lon="9.65880"></trkpt>
    <trkpt lat="59.65660" lon="9.66120"></trkpt>
    <trkpt lat="59.65680" lon="9.66160"></trkpt>
    <trkpt lat="59.65700" lon="9.66210"></trkpt>
    <trkpt lat="59.65720" lon="9.66250"></trkpt>
    <trkpt lat="59.65730" lon="9.66300"></trkpt>
    <trkpt lat="59.65750" lon="9.66340"></trkpt>
    <trkpt lat="59.65760" lon="9.66400"></trkpt>
    <trkpt lat="59.65780" lon="9.66460"></trkpt>
    <trkpt lat="59.65790" lon="9.66510"></trkpt>
    <trkpt lat="59.65800" lon="9.66590"></trkpt>
    <trkpt lat="59.65820" lon="9.66660"></trkpt>
    <trkpt lat="59.66050" lon="9.68190"></trkpt>
    <trkpt lat="59.66080" lon="9.68390"></trkpt>
    <trkpt lat="59.66100" lon="9.68510"></trkpt>
    <trkpt lat="59.66110" lon="9.68600"></trkpt>
    <trkpt lat="59.66130" lon="9.68690"></trkpt>
    <trkpt lat="59.66140" lon="9.68740"></trkpt>
    <trkpt lat="59.66160" lon="9.68850"></trkpt>
    <trkpt lat="59.66170" lon="9.68920"></trkpt>
    <trkpt lat="59.66190" lon="9.68990"></trkpt>
    <trkpt lat="59.66210" lon="9.69070"></trkpt>
    <trkpt lat="59.66230" lon="9.69160"></trkpt>
    <trkpt lat="59.66270" lon="9.69320"></trkpt>
    <trkpt lat="59.66310" lon="9.69480"></trkpt>
    <trkpt lat="59.66340" lon="9.69560"></trkpt>
    <trkpt lat="59.66350" lon="9.69620"></trkpt>
    <trkpt lat="59.66380" lon="9.69700"></trkpt>
    <trkpt lat="59.66410" lon="9.69780"></trkpt>
    <trkpt lat="59.66430" lon="9.69840"></trkpt>
    <trkpt lat="59.66450" lon="9.69900"></trkpt>
    <trkpt lat="59.66470" lon="9.69950"></trkpt>
    <trkpt lat="59.66490" lon="9.70010"></trkpt>
    <trkpt lat="59.66530" lon="9.70110"></trkpt>
    <trkpt lat="59.66550" lon="9.70160"></trkpt>
    <trkpt lat="59.66610" lon="9.70310"></trkpt>
    <trkpt lat="59.66630" lon="9.70390"></trkpt>
    <trkpt lat="59.66650" lon="9.70440"></trkpt>
    <trkpt lat="59.66670" lon="9.70490"></trkpt>
    <trkpt lat="59.66700" lon="9.70570"></trkpt>
    <trkpt lat="59.66730" lon="9.70660"></trkpt>
    <trkpt lat="59.66760" lon="9.70760"></trkpt>
    <trkpt lat="59.66780" lon="9.70810"></trkpt>
    <trkpt lat="59.66800" lon="9.70880"></trkpt>
    <trkpt lat="59.66810" lon="9.70930"></trkpt>
    <trkpt lat="59.66840" lon="9.71040"></trkpt>
    <trkpt lat="59.66860" lon="9.71110"></trkpt>
    <trkpt lat="59.66880" lon="9.71220"></trkpt>
    <trkpt lat="59.66900" lon="9.71290"></trkpt>
    <trkpt lat="59.66910" lon="9.71340"></trkpt>
    <trkpt lat="59.66930" lon="9.71390"></trkpt>
    <trkpt lat="59.66950" lon="9.71510"></trkpt>
    <trkpt lat="59.66970" lon="9.71600"></trkpt>
    <trkpt lat="59.66990" lon="9.71710"></trkpt>
    <trkpt lat="59.67010" lon="9.71810"></trkpt>
    <trkpt lat="59.67020" lon="9.71900"></trkpt>
    <trkpt lat="59.67130" lon="9.72580"></trkpt>
    <trkpt lat="59.67150" lon="9.72710"></trkpt>
    <trkpt lat="59.67170" lon="9.72860"></trkpt>
    <trkpt lat="59.67180" lon="9.72900"></trkpt>
    <trkpt lat="59.67190" lon="9.72950"></trkpt>
    <trkpt lat="59.67200" lon="9.72990"></trkpt>
    <trkpt lat="59.67210" lon="9.73060"></trkpt>
    <trkpt lat="59.67220" lon="9.73100"></trkpt>
    <trkpt lat="59.67240" lon="9.73160"></trkpt>
    <trkpt lat="59.67250" lon="9.73210"></trkpt>
    <trkpt lat="59.67270" lon="9.73260"></trkpt>
    <trkpt lat="59.67290" lon="9.73310"></trkpt>
    <trkpt lat="59.67310" lon="9.73340"></trkpt>
    <trkpt lat="59.67340" lon="9.73400"></trkpt>
    <trkpt lat="59.67360" lon="9.73430"></trkpt>
    <trkpt lat="59.67380" lon="9.73460"></trkpt>
    <trkpt lat="59.67400" lon="9.73490"></trkpt>
    <trkpt lat="59.67430" lon="9.73540"></trkpt>
    <trkpt lat="59.67460" lon="9.73560"></trkpt>
    <trkpt lat="59.67490" lon="9.73580"></trkpt>
    <trkpt lat="59.67510" lon="9.73610"></trkpt>
    <trkpt lat="59.67550" lon="9.73630"></trkpt>
    <trkpt lat="59.67630" lon="9.73670"></trkpt>
    <trkpt lat="59.67670" lon="9.73700"></trkpt>
    <trkpt lat="59.67700" lon="9.73710"></trkpt>
    <trkpt lat="59.67740" lon="9.73750"></trkpt>
    <trkpt lat="59.67770" lon="9.73770"></trkpt>
    <trkpt lat="59.67800" lon="9.73790"></trkpt>
    <trkpt lat="59.67830" lon="9.73820"></trkpt>
    <trkpt lat="59.67860" lon="9.73850"></trkpt>
    <trkpt lat="59.67930" lon="9.73940"></trkpt>
    <trkpt lat="59.67970" lon="9.73980"></trkpt>
    <trkpt lat="59.68000" lon="9.74010"></trkpt>
    <trkpt lat="59.68070" lon="9.74080"></trkpt>
    <trkpt lat="59.68110" lon="9.74120"></trkpt>
    <trkpt lat="59.68140" lon="9.74160"></trkpt>
    <trkpt lat="59.68170" lon="9.74190"></trkpt>
    <trkpt lat="59.68210" lon="9.74220"></trkpt>
    <trkpt lat="59.68260" lon="9.74260"></trkpt>
    <trkpt lat="59.68350" lon="9.74340"></trkpt>
    <trkpt lat="59.68430" lon="9.74410"></trkpt>
    <trkpt lat="59.68490" lon="9.74460"></trkpt>
    <trkpt lat="59.68520" lon="9.74500"></trkpt>
    <trkpt lat="59.68560" lon="9.74540"></trkpt>
    <trkpt lat="59.68590" lon="9.74580"></trkpt>
    <trkpt lat="59.68640" lon="9.74650"></trkpt>
    <trkpt lat="59.68670" lon="9.74690"></trkpt>
    <trkpt lat="59.68690" lon="9.74730"></trkpt>
    <trkpt lat="59.68720" lon="9.74760"></trkpt>
    <trkpt lat="59.68750" lon="9.74820"></trkpt>
    <trkpt lat="59.68770" lon="9.74860"></trkpt>
    <trkpt lat="59.68800" lon="9.74920"></trkpt>
    <trkpt lat="59.68830" lon="9.74980"></trkpt>
    <trkpt lat="59.68850" lon="9.75030"></trkpt>
    <trkpt lat="59.68870" lon="9.75090"></trkpt>
    <trkpt lat="59.68890" lon="9.75140"></trkpt>
    <trkpt lat="59.68920" lon="9.75220"></trkpt>
    <trkpt lat="59.68960" lon="9.75320"></trkpt>
    <trkpt lat="59.68990" lon="9.75400"></trkpt>
    <trkpt lat="59.69010" lon="9.75460"></trkpt>
    <trkpt lat="59.69040" lon="9.75520"></trkpt>
    <trkpt lat="59.69070" lon="9.75570"></trkpt>
    <trkpt lat="59.69090" lon="9.75610"></trkpt>
    <trkpt lat="59.69120" lon="9.75660"></trkpt>
    <trkpt lat="59.69160" lon="9.75700"></trkpt>
    <trkpt lat="59.69200" lon="9.75740"></trkpt>
    <trkpt lat="59.69240" lon="9.75760"></trkpt>
    <trkpt lat="59.69280" lon="9.75780"></trkpt>
    <trkpt lat="59.69330" lon="9.75800"></trkpt>
    <trkpt lat="59.69370" lon="9.75810"></trkpt>
    <trkpt lat="59.69420" lon="9.75820"></trkpt>
    <trkpt lat="59.69450" lon="9.75830"></trkpt>
    <trkpt lat="59.69490" lon="9.75840"></trkpt>
    <trkpt lat="59.69530" lon="9.75860"></trkpt>
    <trkpt lat="59.69570" lon="9.75890"></trkpt>
    <trkpt lat="59.69600" lon="9.75910"></trkpt>
    <trkpt lat="59.69640" lon="9.75940"></trkpt>
    <trkpt lat="59.69670" lon="9.75990"></trkpt>
    <trkpt lat="59.69700" lon="9.76030"></trkpt>
    <trkpt lat="59.69720" lon="9.76060"></trkpt>
    <trkpt lat="59.69740" lon="9.76100"></trkpt>
    <trkpt lat="59.69760" lon="9.76140"></trkpt>
    <trkpt lat="59.69780" lon="9.76190"></trkpt>
    <trkpt lat="59.69790" lon="9.76240"></trkpt>
    <trkpt lat="59.69820" lon="9.76320"></trkpt>
    <trkpt lat="59.69840" lon="9.76400"></trkpt>
    <trkpt lat="59.69870" lon="9.76580"></trkpt>
    <trkpt lat="59.69890" lon="9.76670"></trkpt>
    <trkpt lat="59.69910" lon="9.76720"></trkpt>
    <trkpt lat="59.69930" lon="9.76830"></trkpt>
    <trkpt lat="59.69960" lon="9.76920"></trkpt>
    <trkpt lat="59.69970" lon="9.76980"></trkpt>
    <trkpt lat="59.69990" lon="9.77030"></trkpt>
    <trkpt lat="59.70000" lon="9.77090"></trkpt>
    <trkpt lat="59.70020" lon="9.77140"></trkpt>
    <trkpt lat="59.70040" lon="9.77220"></trkpt>
    <trkpt lat="59.70080" lon="9.77320"></trkpt>
    <trkpt lat="59.70100" lon="9.77380"></trkpt>
    <trkpt lat="59.70120" lon="9.77440"></trkpt>
    <trkpt lat="59.70150" lon="9.77500"></trkpt>
    <trkpt lat="59.70170" lon="9.77540"></trkpt>
    <trkpt lat="59.70180" lon="9.77580"></trkpt>
    <trkpt lat="59.70200" lon="9.77630"></trkpt>
    <trkpt lat="59.70230" lon="9.77690"></trkpt>
    <trkpt lat="59.70250" lon="9.77740"></trkpt>
    <trkpt lat="59.70290" lon="9.77810"></trkpt>
    <trkpt lat="59.70310" lon="9.77840"></trkpt>
    <trkpt lat="59.70330" lon="9.77880"></trkpt>
    <trkpt lat="59.70360" lon="9.77930"></trkpt>
    <trkpt lat="59.70380" lon="9.77970"></trkpt>
    <trkpt lat="59.70420" lon="9.78020"></trkpt>
    <trkpt lat="59.70450" lon="9.78050"></trkpt>
    <trkpt lat="59.70470" lon="9.78080"></trkpt>
    <trkpt lat="59.70520" lon="9.78130"></trkpt>
    <trkpt lat="59.70550" lon="9.78150"></trkpt>
    <trkpt lat="59.70600" lon="9.78200"></trkpt>
    <trkpt lat="59.70630" lon="9.78230"></trkpt>
    <trkpt lat="59.70670" lon="9.78270"></trkpt>
    <trkpt lat="59.70700" lon="9.78310"></trkpt>
    <trkpt lat="59.70720" lon="9.78350"></trkpt>
    <trkpt lat="59.70740" lon="9.78380"></trkpt>
    <trkpt lat="59.70760" lon="9.78420"></trkpt>
    <trkpt lat="59.70780" lon="9.78490"></trkpt>
    <trkpt lat="59.70790" lon="9.78530"></trkpt>
    <trkpt lat="59.70810" lon="9.78580"></trkpt>
    <trkpt lat="59.70820" lon="9.78630"></trkpt>
    <trkpt lat="59.70850" lon="9.78740"></trkpt>
    <trkpt lat="59.70860" lon="9.78790"></trkpt>
    <trkpt lat="59.70870" lon="9.78850"></trkpt>
    <trkpt lat="59.70890" lon="9.78910"></trkpt>
    <trkpt lat="59.70910" lon="9.78940"></trkpt>
    <trkpt lat="59.70920" lon="9.78980"></trkpt>
    <trkpt lat="59.70940" lon="9.79010"></trkpt>
    <trkpt lat="59.70970" lon="9.79080"></trkpt>
    <trkpt lat="59.71010" lon="9.79130"></trkpt>
    <trkpt lat="59.71030" lon="9.79160"></trkpt>
    <trkpt lat="59.71080" lon="9.79230"></trkpt>
    <trkpt lat="59.71100" lon="9.79260"></trkpt>
    <trkpt lat="59.71130" lon="9.79300"></trkpt>
    <trkpt lat="59.71150" lon="9.79330"></trkpt>
    <trkpt lat="59.71180" lon="9.79390"></trkpt>
    <trkpt lat="59.71190" lon="9.79430"></trkpt>
    <trkpt lat="59.71210" lon="9.79470"></trkpt>
    <trkpt lat="59.71230" lon="9.79520"></trkpt>
    <trkpt lat="59.71250" lon="9.79580"></trkpt>
    <trkpt lat="59.71260" lon="9.79620"></trkpt>
    <trkpt lat="59.71270" lon="9.79690"></trkpt>
    <trkpt lat="59.71290" lon="9.79740"></trkpt>
    <trkpt lat="59.71310" lon="9.79840"></trkpt>
    <trkpt lat="59.71320" lon="9.79890"></trkpt>
    <trkpt lat="59.71330" lon="9.79950"></trkpt>
    <trkpt lat="59.71340" lon="9.79990"></trkpt>
    <trkpt lat="59.71360" lon="9.80050"></trkpt>
    <trkpt lat="59.71380" lon="9.80110"></trkpt>
    <trkpt lat="59.71400" lon="9.80160"></trkpt>
    <trkpt lat="59.71430" lon="9.80240"></trkpt>
    <trkpt lat="59.71440" lon="9.80280"></trkpt>
    <trkpt lat="59.71480" lon="9.80370"></trkpt>
    <trkpt lat="59.71520" lon="9.80480"></trkpt>
    <trkpt lat="59.71540" lon="9.80540"></trkpt>
    <trkpt lat="59.71590" lon="9.80650"></trkpt>
    <trkpt lat="59.71640" lon="9.80760"></trkpt>
    <trkpt lat="59.71670" lon="9.80850"></trkpt>
    <trkpt lat="59.71710" lon="9.80930"></trkpt>
    <trkpt lat="59.71760" lon="9.81030"></trkpt>
    <trkpt lat="59.71780" lon="9.81070"></trkpt>
    <trkpt lat="59.71820" lon="9.81150"></trkpt>
    <trkpt lat="59.71850" lon="9.81200"></trkpt>
    <trkpt lat="59.71880" lon="9.81260"></trkpt>
    <trkpt lat="59.71910" lon="9.81310"></trkpt>
    <trkpt lat="59.71930" lon="9.81360"></trkpt>
    <trkpt lat="59.71960" lon="9.81400"></trkpt>
    <trkpt lat="59.71990" lon="9.81450"></trkpt>
    <trkpt lat="59.72030" lon="9.81520"></trkpt>
    <trkpt lat="59.72080" lon="9.81590"></trkpt>
    <trkpt lat="59.72100" lon="9.81630"></trkpt>
    <trkpt lat="59.72130" lon="9.81680"></trkpt>
    <trkpt lat="59.72160" lon="9.81720"></trkpt>
    <trkpt lat="59.72180" lon="9.81750"></trkpt>
    <trkpt lat="59.72210" lon="9.81800"></trkpt>
    <trkpt lat="59.72270" lon="9.81870"></trkpt>
    <trkpt lat="59.72340" lon="9.81960"></trkpt>
    <trkpt lat="59.72370" lon="9.81990"></trkpt>
    <trkpt lat="59.72420" lon="9.82050"></trkpt>
    <trkpt lat="59.72480" lon="9.82120"></trkpt>
    <trkpt lat="59.72520" lon="9.82170"></trkpt>
    <trkpt lat="59.72550" lon="9.82200"></trkpt>
    <trkpt lat="59.72570" lon="9.82230"></trkpt>
    <trkpt lat="59.72610" lon="9.82250"></trkpt>
    <trkpt lat="59.72650" lon="9.82290"></trkpt>
    <trkpt lat="59.72690" lon="9.82320"></trkpt>
    <trkpt lat="59.72730" lon="9.82340"></trkpt>
    <trkpt lat="59.72770" lon="9.82370"></trkpt>
    <trkpt lat="59.72810" lon="9.82390"></trkpt>
    <trkpt lat="59.72840" lon="9.82390"></trkpt>
    <trkpt lat="59.72880" lon="9.82410"></trkpt>
    <trkpt lat="59.72990" lon="9.82440"></trkpt>
    <trkpt lat="59.73070" lon="9.82460"></trkpt>
    <trkpt lat="59.73120" lon="9.82480"></trkpt>
    <trkpt lat="59.73150" lon="9.82490"></trkpt>
    <trkpt lat="59.73180" lon="9.82500"></trkpt>
    <trkpt lat="59.73240" lon="9.82540"></trkpt>
    <trkpt lat="59.73280" lon="9.82580"></trkpt>
    <trkpt lat="59.73310" lon="9.82610"></trkpt>
    <trkpt lat="59.73340" lon="9.82630"></trkpt>
    <trkpt lat="59.73370" lon="9.82670"></trkpt>
    <trkpt lat="59.73590" lon="9.82920"></trkpt>
    <trkpt lat="59.73630" lon="9.82970"></trkpt>
    <trkpt lat="59.73650" lon="9.83000"></trkpt>
    <trkpt lat="59.73790" lon="9.83150"></trkpt>
    <trkpt lat="59.73810" lon="9.83180"></trkpt>
    <trkpt lat="59.73860" lon="9.83240"></trkpt>
    <trkpt lat="59.73880" lon="9.83290"></trkpt>
    <trkpt lat="59.73910" lon="9.83350"></trkpt>
    <trkpt lat="59.73930" lon="9.83400"></trkpt>
    <trkpt lat="59.73950" lon="9.83460"></trkpt>
    <trkpt lat="59.73960" lon="9.83500"></trkpt>
    <trkpt lat="59.73980" lon="9.83550"></trkpt>
    <trkpt lat="59.73990" lon="9.83610"></trkpt>
    <trkpt lat="59.74000" lon="9.83660"></trkpt>
    <trkpt lat="59.74010" lon="9.83750"></trkpt>
    <trkpt lat="59.74030" lon="9.83810"></trkpt>
    <trkpt lat="59.74040" lon="9.83880"></trkpt>
    <trkpt lat="59.74060" lon="9.83930"></trkpt>
    <trkpt lat="59.74080" lon="9.83990"></trkpt>
    <trkpt lat="59.74090" lon="9.84040"></trkpt>
    <trkpt lat="59.74110" lon="9.84090"></trkpt>
    <trkpt lat="59.74130" lon="9.84130"></trkpt>
    <trkpt lat="59.74150" lon="9.84160"></trkpt>
    <trkpt lat="59.74170" lon="9.84200"></trkpt>
    <trkpt lat="59.74280" lon="9.84400"></trkpt>
    <trkpt lat="59.74600" lon="9.84960"></trkpt>
    <trkpt lat="59.74670" lon="9.85080"></trkpt>
    <trkpt lat="59.74690" lon="9.85110"></trkpt>
    <trkpt lat="59.74710" lon="9.85150"></trkpt>
    <trkpt lat="59.74730" lon="9.85200"></trkpt>
    <trkpt lat="59.74750" lon="9.85250"></trkpt>
    <trkpt lat="59.74770" lon="9.85290"></trkpt>
    <trkpt lat="59.74780" lon="9.85330"></trkpt>
    <trkpt lat="59.74790" lon="9.85390"></trkpt>
    <trkpt lat="59.74800" lon="9.85430"></trkpt>
    <trkpt lat="59.74810" lon="9.85470"></trkpt>
    <trkpt lat="59.74820" lon="9.85550"></trkpt>
    <trkpt lat="59.74820" lon="9.85610"></trkpt>
    <trkpt lat="59.74820" lon="9.85670"></trkpt>
    <trkpt lat="59.74820" lon="9.85740"></trkpt>
    <trkpt lat="59.74820" lon="9.85790"></trkpt>
    <trkpt lat="59.74810" lon="9.85860"></trkpt>
    <trkpt lat="59.74800" lon="9.85940"></trkpt>
    <trkpt lat="59.74790" lon="9.86080"></trkpt>
    <trkpt lat="59.74780" lon="9.86130"></trkpt>
    <trkpt lat="59.74780" lon="9.86200"></trkpt>
    <trkpt lat="59.74770" lon="9.86240"></trkpt>
    <trkpt lat="59.74770" lon="9.86320"></trkpt>
    <trkpt lat="59.74770" lon="9.86380"></trkpt>
    <trkpt lat="59.74780" lon="9.86430"></trkpt>
    <trkpt lat="59.74780" lon="9.86480"></trkpt>
    <trkpt lat="59.74790" lon="9.86560"></trkpt>
    <trkpt lat="59.74800" lon="9.86600"></trkpt>
    <trkpt lat="59.74810" lon="9.86660"></trkpt>
    <trkpt lat="59.74820" lon="9.86700"></trkpt>
    <trkpt lat="59.74830" lon="9.86760"></trkpt>
    <trkpt lat="59.74850" lon="9.86830"></trkpt>
    <trkpt lat="59.74870" lon="9.86880"></trkpt>
    <trkpt lat="59.74930" lon="9.87050"></trkpt>
    <trkpt lat="59.74970" lon="9.87160"></trkpt>
    <trkpt lat="59.74990" lon="9.87220"></trkpt>
    <trkpt lat="59.75010" lon="9.87300"></trkpt>
    <trkpt lat="59.75060" lon="9.87430"></trkpt>
    <trkpt lat="59.75090" lon="9.87510"></trkpt>
    <trkpt lat="59.75110" lon="9.87570"></trkpt>
    <trkpt lat="59.75140" lon="9.87650"></trkpt>
    <trkpt lat="59.75170" lon="9.87690"></trkpt>
    <trkpt lat="59.75180" lon="9.87730"></trkpt>
    <trkpt lat="59.75210" lon="9.87760"></trkpt>
    <trkpt lat="59.75240" lon="9.87810"></trkpt>
    <trkpt lat="59.75280" lon="9.87860"></trkpt>
    <trkpt lat="59.75320" lon="9.87900"></trkpt>
    <trkpt lat="59.75370" lon="9.87950"></trkpt>
    <trkpt lat="59.75400" lon="9.87980"></trkpt>
    <trkpt lat="59.75970" lon="9.88440"></trkpt>
    <trkpt lat="59.76000" lon="9.88460"></trkpt>
    <trkpt lat="59.76030" lon="9.88490"></trkpt>
    <trkpt lat="59.76070" lon="9.88530"></trkpt>
    <trkpt lat="59.76110" lon="9.88580"></trkpt>
    <trkpt lat="59.76130" lon="9.88610"></trkpt>
    <trkpt lat="59.76150" lon="9.88640"></trkpt>
    <trkpt lat="59.76170" lon="9.88690"></trkpt>
    <trkpt lat="59.76190" lon="9.88720"></trkpt>
    <trkpt lat="59.76210" lon="9.88760"></trkpt>
    <trkpt lat="59.76220" lon="9.88800"></trkpt>
    <trkpt lat="59.76240" lon="9.88830"></trkpt>
    <trkpt lat="59.76250" lon="9.88880"></trkpt>
    <trkpt lat="59.76270" lon="9.88940"></trkpt>
    <trkpt lat="59.76290" lon="9.89010"></trkpt>
    <trkpt lat="59.76300" lon="9.89060"></trkpt>
    <trkpt lat="59.76310" lon="9.89100"></trkpt>
    <trkpt lat="59.76310" lon="9.89150"></trkpt>
    <trkpt lat="59.76320" lon="9.89210"></trkpt>
    <trkpt lat="59.76330" lon="9.89260"></trkpt>
    <trkpt lat="59.76330" lon="9.89350"></trkpt>
    <trkpt lat="59.76330" lon="9.89430"></trkpt>
    <trkpt lat="59.76330" lon="9.89480"></trkpt>
    <trkpt lat="59.76330" lon="9.89560"></trkpt>
    <trkpt lat="59.76330" lon="9.89650"></trkpt>
    <trkpt lat="59.76320" lon="9.89740"></trkpt>
    <trkpt lat="59.76310" lon="9.89820"></trkpt>
    <trkpt lat="59.76300" lon="9.89880"></trkpt>
    <trkpt lat="59.76290" lon="9.89920"></trkpt>
    <trkpt lat="59.76290" lon="9.89970"></trkpt>
    <trkpt lat="59.76290" lon="9.90030"></trkpt>
    <trkpt lat="59.76280" lon="9.90080"></trkpt>
    <trkpt lat="59.76260" lon="9.90220"></trkpt>
    <trkpt lat="59.76210" lon="9.90620"></trkpt>
    <trkpt lat="59.76200" lon="9.90660"></trkpt>
    <trkpt lat="59.76190" lon="9.90750"></trkpt>
    <trkpt lat="59.76180" lon="9.90830"></trkpt>
    <trkpt lat="59.76170" lon="9.90880"></trkpt>
    <trkpt lat="59.76140" lon="9.91070"></trkpt>
    <trkpt lat="59.76120" lon="9.91260"></trkpt>
    <trkpt lat="59.76050" lon="9.91760"></trkpt>
    <trkpt lat="59.76030" lon="9.91920"></trkpt>
    <trkpt lat="59.76020" lon="9.92030"></trkpt>
    <trkpt lat="59.76010" lon="9.92090"></trkpt>
    <trkpt lat="59.76000" lon="9.92190"></trkpt>
    <trkpt lat="59.76000" lon="9.92300"></trkpt>
    <trkpt lat="59.75990" lon="9.92350"></trkpt>
    <trkpt lat="59.75990" lon="9.92440"></trkpt>
    <trkpt lat="59.75980" lon="9.92500"></trkpt>
    <trkpt lat="59.75980" lon="9.92610"></trkpt>
    <trkpt lat="59.75980" lon="9.92660"></trkpt>
    <trkpt lat="59.75970" lon="9.92710"></trkpt>
    <trkpt lat="59.75970" lon="9.92770"></trkpt>
    <trkpt lat="59.75970" lon="9.92830"></trkpt>
    <trkpt lat="59.75980" lon="9.92870"></trkpt>
    <trkpt lat="59.75980" lon="9.92950"></trkpt>
    <trkpt lat="59.75990" lon="9.93020"></trkpt>
    <trkpt lat="59.76000" lon="9.93100"></trkpt>
    <trkpt lat="59.76000" lon="9.93150"></trkpt>
    <trkpt lat="59.76020" lon="9.93290"></trkpt>
    <trkpt lat="59.76030" lon="9.93330"></trkpt>
    <trkpt lat="59.76040" lon="9.93420"></trkpt>
    <trkpt lat="59.76040" lon="9.93510"></trkpt>
    <trkpt lat="59.76040" lon="9.93560"></trkpt>
    <trkpt lat="59.76040" lon="9.93640"></trkpt>
    <trkpt lat="59.76040" lon="9.93690"></trkpt>
    <trkpt lat="59.76030" lon="9.93740"></trkpt>
    <trkpt lat="59.76020" lon="9.93830"></trkpt>
    <trkpt lat="59.76010" lon="9.93880"></trkpt>
    <trkpt lat="59.76000" lon="9.93950"></trkpt>
    <trkpt lat="59.75990" lon="9.94000"></trkpt>
    <trkpt lat="59.75970" lon="9.94050"></trkpt>
    <trkpt lat="59.75950" lon="9.94130"></trkpt>
    <trkpt lat="59.75930" lon="9.94190"></trkpt>
    <trkpt lat="59.75910" lon="9.94220"></trkpt>
    <trkpt lat="59.75900" lon="9.94260"></trkpt>
    <trkpt lat="59.75890" lon="9.94300"></trkpt>
    <trkpt lat="59.75870" lon="9.94350"></trkpt>
    <trkpt lat="59.75840" lon="9.94420"></trkpt>
    <trkpt lat="59.75820" lon="9.94470"></trkpt>
    <trkpt lat="59.75800" lon="9.94530"></trkpt>
    <trkpt lat="59.75780" lon="9.94580"></trkpt>
    <trkpt lat="59.75770" lon="9.94630"></trkpt>
    <trkpt lat="59.75760" lon="9.94680"></trkpt>
    <trkpt lat="59.75750" lon="9.94730"></trkpt>
    <trkpt lat="59.75740" lon="9.94790"></trkpt>
    <trkpt lat="59.75730" lon="9.94830"></trkpt>
    <trkpt lat="59.75720" lon="9.94880"></trkpt>
    <trkpt lat="59.75720" lon="9.94950"></trkpt>
    <trkpt lat="59.75710" lon="9.95030"></trkpt>
    <trkpt lat="59.75710" lon="9.95110"></trkpt>
    <trkpt lat="59.75720" lon="9.95160"></trkpt>
    <trkpt lat="59.75720" lon="9.95230"></trkpt>
    <trkpt lat="59.75720" lon="9.95300"></trkpt>
    <trkpt lat="59.75730" lon="9.95370"></trkpt>
    <trkpt lat="59.75740" lon="9.95520"></trkpt>
    <trkpt lat="59.75750" lon="9.95620"></trkpt>
    <trkpt lat="59.75760" lon="9.95710"></trkpt>
    <trkpt lat="59.75760" lon="9.95790"></trkpt>
    <trkpt lat="59.75760" lon="9.95890"></trkpt>
    <trkpt lat="59.75770" lon="9.95980"></trkpt>
    <trkpt lat="59.75770" lon="9.96040"></trkpt>
    <trkpt lat="59.75770" lon="9.96140"></trkpt>
    <trkpt lat="59.75770" lon="9.96240"></trkpt>
    <trkpt lat="59.75770" lon="9.96290"></trkpt>
    <trkpt lat="59.75770" lon="9.96360"></trkpt>
    <trkpt lat="59.75770" lon="9.96420"></trkpt>
    <trkpt lat="59.75760" lon="9.96490"></trkpt>
    <trkpt lat="59.75760" lon="9.96550"></trkpt>
    <trkpt lat="59.75760" lon="9.96600"></trkpt>
    <trkpt lat="59.75750" lon="9.96650"></trkpt>
    <trkpt lat="59.75750" lon="9.96700"></trkpt>
    <trkpt lat="59.75740" lon="9.96740"></trkpt>
    <trkpt lat="59.75730" lon="9.96810"></trkpt>
    <trkpt lat="59.75720" lon="9.96860"></trkpt>
    <trkpt lat="59.75710" lon="9.96900"></trkpt>
    <trkpt lat="59.75700" lon="9.96950"></trkpt>
    <trkpt lat="59.75690" lon="9.97030"></trkpt>
    <trkpt lat="59.75660" lon="9.97100"></trkpt>
    <trkpt lat="59.75650" lon="9.97140"></trkpt>
    <trkpt lat="59.75630" lon="9.97210"></trkpt>
    <trkpt lat="59.75560" lon="9.97400"></trkpt>
    <trkpt lat="59.75540" lon="9.97450"></trkpt>
    <trkpt lat="59.75530" lon="9.97490"></trkpt>
    <trkpt lat="59.75520" lon="9.97540"></trkpt>
    <trkpt lat="59.75500" lon="9.97590"></trkpt>
    <trkpt lat="59.75490" lon="9.97630"></trkpt>
    <trkpt lat="59.75480" lon="9.97680"></trkpt>
    <trkpt lat="59.75470" lon="9.97740"></trkpt>
    <trkpt lat="59.75460" lon="9.97810"></trkpt>
    <trkpt lat="59.75460" lon="9.97870"></trkpt>
    <trkpt lat="59.75450" lon="9.97930"></trkpt>
    <trkpt lat="59.75450" lon="9.97990"></trkpt>
    <trkpt lat="59.75450" lon="9.98060"></trkpt>
    <trkpt lat="59.75460" lon="9.98160"></trkpt>
    <trkpt lat="59.75470" lon="9.98310"></trkpt>
    <trkpt lat="59.75470" lon="9.98380"></trkpt>
    <trkpt lat="59.75480" lon="9.98430"></trkpt>
    <trkpt lat="59.75480" lon="9.98500"></trkpt>
    <trkpt lat="59.75480" lon="9.98560"></trkpt>
    <trkpt lat="59.75470" lon="9.98610"></trkpt>
    <trkpt lat="59.75460" lon="9.98660"></trkpt>
    <trkpt lat="59.75450" lon="9.98700"></trkpt>
    <trkpt lat="59.75450" lon="9.98770"></trkpt>
    <trkpt lat="59.75440" lon="9.98830"></trkpt>
    <trkpt lat="59.75420" lon="9.98920"></trkpt>
    <trkpt lat="59.75400" lon="9.99020"></trkpt>
    <trkpt lat="59.75380" lon="9.99110"></trkpt>
    <trkpt lat="59.75370" lon="9.99150"></trkpt>
    <trkpt lat="59.75360" lon="9.99230"></trkpt>
    <trkpt lat="59.75350" lon="9.99270"></trkpt>
    <trkpt lat="59.75280" lon="9.99840"></trkpt>
    <trkpt lat="59.75270" lon="9.99880"></trkpt>
    <trkpt lat="59.75260" lon="9.99940"></trkpt>
    <trkpt lat="59.75260" lon="10.00010"></trkpt>
    <trkpt lat="59.75260" lon="10.00150"></trkpt>
    <trkpt lat="59.75260" lon="10.00210"></trkpt>
    <trkpt lat="59.75260" lon="10.00260"></trkpt>
    <trkpt lat="59.75250" lon="10.00300"></trkpt>
    <trkpt lat="59.75260" lon="10.00350"></trkpt>
    <trkpt lat="59.75270" lon="10.00390"></trkpt>
    <trkpt lat="59.75270" lon="10.00460"></trkpt>
    <trkpt lat="59.75270" lon="10.00540"></trkpt>
    <trkpt lat="59.75260" lon="10.00580"></trkpt>
    <trkpt lat="59.75260" lon="10.00640"></trkpt>
    <trkpt lat="59.75250" lon="10.00690"></trkpt>
    <trkpt lat="59.75230" lon="10.00820"></trkpt>
    <trkpt lat="59.75230" lon="10.00880"></trkpt>
    <trkpt lat="59.75220" lon="10.00930"></trkpt>
    <trkpt lat="59.75210" lon="10.01000"></trkpt>
    <trkpt lat="59.75200" lon="10.01080"></trkpt>
    <trkpt lat="59.75200" lon="10.01130"></trkpt>
    <trkpt lat="59.75190" lon="10.01250"></trkpt>
    <trkpt lat="59.75180" lon="10.01850"></trkpt>
    <trkpt lat="59.75180" lon="10.01900"></trkpt>
    <trkpt lat="59.75180" lon="10.01980"></trkpt>
    <trkpt lat="59.75190" lon="10.02040"></trkpt>
    <trkpt lat="59.75190" lon="10.02090"></trkpt>
    <trkpt lat="59.75190" lon="10.02170"></trkpt>
    <trkpt lat="59.75200" lon="10.02320"></trkpt>
    <trkpt lat="59.75200" lon="10.02380"></trkpt>
    <trkpt lat="59.75200" lon="10.02440"></trkpt>
    <trkpt lat="59.75200" lon="10.02490"></trkpt>
    <trkpt lat="59.75180" lon="10.02520"></trkpt>
    <trkpt lat="59.75150" lon="10.02510"></trkpt>
    <trkpt lat="59.75140" lon="10.02550"></trkpt>
    <trkpt lat="59.75150" lon="10.02600"></trkpt>
    <trkpt lat="59.75150" lon="10.02650"></trkpt>
    <trkpt lat="59.75150" lon="10.02700"></trkpt>
    <trkpt lat="59.75170" lon="10.02780"></trkpt>
    <trkpt lat="59.75180" lon="10.02830"></trkpt>
    <trkpt lat="59.75200" lon="10.02870"></trkpt>
    <trkpt lat="59.75210" lon="10.02910"></trkpt>
    <trkpt lat="59.75220" lon="10.02960"></trkpt>
    <trkpt lat="59.75240" lon="10.03010"></trkpt>
    <trkpt lat="59.75250" lon="10.03050"></trkpt>
    <trkpt lat="59.75270" lon="10.03080"></trkpt>
    <trkpt lat="59.75300" lon="10.03110"></trkpt>
    <trkpt lat="59.75330" lon="10.03130"></trkpt>
    <trkpt lat="59.75360" lon="10.03140"></trkpt>
    <trkpt lat="59.75400" lon="10.03140"></trkpt>
    <trkpt lat="59.75460" lon="10.03140"></trkpt>
    <trkpt lat="59.75490" lon="10.03140"></trkpt>
    <trkpt lat="59.75520" lon="10.03160"></trkpt>
    <trkpt lat="59.75540" lon="10.03200"></trkpt>
    <trkpt lat="59.75560" lon="10.03270"></trkpt>
    <trkpt lat="59.75570" lon="10.03340"></trkpt>
    <trkpt lat="59.75580" lon="10.03390"></trkpt>
    <trkpt lat="59.75590" lon="10.03470"></trkpt>
    <trkpt lat="59.75590" lon="10.03520"></trkpt>
    <trkpt lat="59.75600" lon="10.03590"></trkpt>
    <trkpt lat="59.75600" lon="10.03700"></trkpt>
    <trkpt lat="59.75610" lon="10.03820"></trkpt>
    <trkpt lat="59.75620" lon="10.03960"></trkpt>
    <trkpt lat="59.75620" lon="10.04110"></trkpt>
    <trkpt lat="59.75620" lon="10.04370"></trkpt>
    <trkpt lat="59.75620" lon="10.04510"></trkpt>
    <trkpt lat="59.75620" lon="10.04660"></trkpt>
    <trkpt lat="59.75610" lon="10.04810"></trkpt>
    <trkpt lat="59.75600" lon="10.04930"></trkpt>
    <trkpt lat="59.75600" lon="10.05020"></trkpt>
    <trkpt lat="59.75590" lon="10.05130"></trkpt>
    <trkpt lat="59.75590" lon="10.05230"></trkpt>
    <trkpt lat="59.75580" lon="10.05290"></trkpt>
    <trkpt lat="59.75580" lon="10.05360"></trkpt>
    <trkpt lat="59.75580" lon="10.05430"></trkpt>
    <trkpt lat="59.75580" lon="10.05530"></trkpt>
    <trkpt lat="59.75590" lon="10.05600"></trkpt>
    <trkpt lat="59.75590" lon="10.05670"></trkpt>
    <trkpt lat="59.75600" lon="10.05740"></trkpt>
    <trkpt lat="59.75610" lon="10.05820"></trkpt>
    <trkpt lat="59.75630" lon="10.05940"></trkpt>
    <trkpt lat="59.75650" lon="10.06090"></trkpt>
    <trkpt lat="59.75670" lon="10.06170"></trkpt>
    <trkpt lat="59.75670" lon="10.06220"></trkpt>
    <trkpt lat="59.75690" lon="10.06280"></trkpt>
    <trkpt lat="59.75710" lon="10.06370"></trkpt>
    <trkpt lat="59.75760" lon="10.06650"></trkpt>
    <trkpt lat="59.75790" lon="10.06850"></trkpt>
    <trkpt lat="59.75810" lon="10.06940"></trkpt>
    <trkpt lat="59.75830" lon="10.07070"></trkpt>
    <trkpt lat="59.75900" lon="10.07430"></trkpt>
    <trkpt lat="59.75930" lon="10.07600"></trkpt>
    <trkpt lat="59.75960" lon="10.07770"></trkpt>
    <trkpt lat="59.75980" lon="10.07870"></trkpt>
    <trkpt lat="59.75990" lon="10.07980"></trkpt>
    <trkpt lat="59.76000" lon="10.08050"></trkpt>
    <trkpt lat="59.76010" lon="10.08110"></trkpt>
    <trkpt lat="59.76020" lon="10.08210"></trkpt>
    <trkpt lat="59.76020" lon="10.08300"></trkpt>
    <trkpt lat="59.76030" lon="10.08360"></trkpt>
    <trkpt lat="59.76030" lon="10.08420"></trkpt>
    <trkpt lat="59.76030" lon="10.08520"></trkpt>
    <trkpt lat="59.76030" lon="10.08620"></trkpt>
    <trkpt lat="59.76040" lon="10.08690"></trkpt>
    <trkpt lat="59.76030" lon="10.08770"></trkpt>
    <trkpt lat="59.76030" lon="10.08840"></trkpt>
    <trkpt lat="59.76010" lon="10.08880"></trkpt>
    <trkpt lat="59.76020" lon="10.08930"></trkpt>
    <trkpt lat="59.76030" lon="10.08970"></trkpt>
    <trkpt lat="59.76020" lon="10.09100"></trkpt>
    <trkpt lat="59.76010" lon="10.09230"></trkpt>
    <trkpt lat="59.75990" lon="10.09440"></trkpt>
    <trkpt lat="59.75970" lon="10.09670"></trkpt>
    <trkpt lat="59.75930" lon="10.10100"></trkpt>
    <trkpt lat="59.75920" lon="10.10260"></trkpt>
    <trkpt lat="59.75910" lon="10.10420"></trkpt>
    <trkpt lat="59.75900" lon="10.10490"></trkpt>
    <trkpt lat="59.75890" lon="10.10550"></trkpt>
    <trkpt lat="59.75880" lon="10.10620"></trkpt>
    <trkpt lat="59.75870" lon="10.10690"></trkpt>
    <trkpt lat="59.75860" lon="10.10750"></trkpt>
    <trkpt lat="59.75840" lon="10.10880"></trkpt>
    <trkpt lat="59.75810" lon="10.11020"></trkpt>
    <trkpt lat="59.75790" lon="10.11110"></trkpt>
    <trkpt lat="59.75770" lon="10.11190"></trkpt>
    <trkpt lat="59.75760" lon="10.11240"></trkpt>
    <trkpt lat="59.75730" lon="10.11270"></trkpt>
    <trkpt lat="59.75700" lon="10.11250"></trkpt>
    <trkpt lat="59.75630" lon="10.11240"></trkpt>
    <trkpt lat="59.75600" lon="10.11230"></trkpt>
    <trkpt lat="59.75460" lon="10.11210"></trkpt>
    <trkpt lat="59.75430" lon="10.11200"></trkpt>
    <trkpt lat="59.75420" lon="10.11280"></trkpt>
    <trkpt lat="59.75410" lon="10.11380"></trkpt>
    <trkpt lat="59.75390" lon="10.11460"></trkpt>
    <trkpt lat="59.75380" lon="10.11520"></trkpt>
    <trkpt lat="59.75370" lon="10.11610"></trkpt>
    <trkpt lat="59.75360" lon="10.11680"></trkpt>
    <trkpt lat="59.75350" lon="10.11730"></trkpt>
    <trkpt lat="59.75330" lon="10.11780"></trkpt>
    <trkpt lat="59.75310" lon="10.11810"></trkpt>
    <trkpt lat="59.75290" lon="10.11850"></trkpt>
    <trkpt lat="59.75280" lon="10.11890"></trkpt>
    <trkpt lat="59.75270" lon="10.11940"></trkpt>
    <trkpt lat="59.75260" lon="10.11980"></trkpt>
    <trkpt lat="59.75250" lon="10.12020"></trkpt>
    <trkpt lat="59.75240" lon="10.12100"></trkpt>
    <trkpt lat="59.75230" lon="10.12200"></trkpt>
    <trkpt lat="59.75220" lon="10.12240"></trkpt>
    <trkpt lat="59.75210" lon="10.12320"></trkpt>
    <trkpt lat="59.75190" lon="10.12420"></trkpt>
    <trkpt lat="59.75180" lon="10.12500"></trkpt>
    <trkpt lat="59.75170" lon="10.12580"></trkpt>
    <trkpt lat="59.75160" lon="10.12660"></trkpt>
    <trkpt lat="59.75150" lon="10.12730"></trkpt>
    <trkpt lat="59.75150" lon="10.12810"></trkpt>
    <trkpt lat="59.75140" lon="10.12870"></trkpt>
    <trkpt lat="59.75140" lon="10.12920"></trkpt>
    <trkpt lat="59.75130" lon="10.12980"></trkpt>
    <trkpt lat="59.75130" lon="10.13060"></trkpt>
    <trkpt lat="59.75120" lon="10.13150"></trkpt>
    <trkpt lat="59.75120" lon="10.13230"></trkpt>
    <trkpt lat="59.75120" lon="10.13300"></trkpt>
    <trkpt lat="59.75110" lon="10.13380"></trkpt>
    <trkpt lat="59.75090" lon="10.13420"></trkpt>
    <trkpt lat="59.75070" lon="10.13420"></trkpt>
  </trkseg>
</trk>
</gpx>