<?xml version="1.0" encoding="UTF-8"?>
<gpx version="1.1" creator="Linz-Optimizer-v8" xmlns="http://www.topografix.com/GPX/1/1">
<trk>
  <name>Birkelund-Rodal</name>
  <type>Fahren</type>
  <trkseg>
    <trkpt lat="60.61850" lon="8.21920"></trkpt>
    <trkpt lat="60.61900" lon="8.21940"></trkpt>
    <trkpt lat="60.61880" lon="8.22210"></trkpt>
    <trkpt lat="60.61870" lon="8.22300"></trkpt>
    <trkpt lat="60.61870" lon="8.22410"></trkpt>
    <trkpt lat="60.61870" lon="8.22650"></trkpt>
    <trkpt lat="60.61870" lon="8.22780"></trkpt>
    <trkpt lat="60.61874" lon="8.22900"></trkpt>
    <trkpt lat="60.61860" lon="8.23069"></trkpt>
    <trkpt lat="60.61860" lon="8.23170"></trkpt>
    <trkpt lat="60.61840" lon="8.23350"></trkpt>
    <trkpt lat="60.61820" lon="8.23450"></trkpt>
    <trkpt lat="60.61760" lon="8.23650"></trkpt>
    <trkpt lat="60.61740" lon="8.23760"></trkpt>
    <trkpt lat="60.61720" lon="8.23850"></trkpt>
    <trkpt lat="60.61690" lon="8.23930"></trkpt>
    <trkpt lat="60.61650" lon="8.24020"></trkpt>
    <trkpt lat="60.61630" lon="8.24130"></trkpt>
    <trkpt lat="60.61630" lon="8.24230"></trkpt>
    <trkpt lat="60.61620" lon="8.24320"></trkpt>
    <trkpt lat="60.61610" lon="8.24410"></trkpt>
    <trkpt lat="60.61590" lon="8.24500"></trkpt>
    <trkpt lat="60.61560" lon="8.24600"></trkpt>
    <trkpt lat="60.61550" lon="8.24740"></trkpt>
    <trkpt lat="60.61530" lon="8.24860"></trkpt>
    <trkpt lat="60.61510" lon="8.24970"></trkpt>
    <trkpt lat="60.61480" lon="8.25050"></trkpt>
    <trkpt lat="60.61430" lon="8.25110"></trkpt>
    <trkpt lat="60.61390" lon="8.25180"></trkpt>
    <trkpt lat="60.61380" lon="8.25270"></trkpt>
    <trkpt lat="60.61350" lon="8.25370"></trkpt>
    <trkpt lat="60.61340" lon="8.25540"></trkpt>
    <trkpt lat="60.61330" lon="8.25640"></trkpt>
    <trkpt lat="60.61320" lon="8.25740"></trkpt>
    <trkpt lat="60.61320" lon="8.25850"></trkpt>
    <trkpt lat="60.61320" lon="8.25950"></trkpt>
    <trkpt lat="60.61330" lon="8.26050"></trkpt>
    <trkpt lat="60.61360" lon="8.26180"></trkpt>
    <trkpt lat="60.61410" lon="8.26330"></trkpt>
    <trkpt lat="60.61440" lon="8.26420"></trkpt>
    <trkpt lat="60.61440" lon="8.26570"></trkpt>
    <trkpt lat="60.61440" lon="8.26750"></trkpt>
    <trkpt lat="60.61440" lon="8.26880"></trkpt>
    <trkpt lat="60.61430" lon="8.26980"></trkpt>
    <trkpt lat="60.61400" lon="8.27080"></trkpt>
    <trkpt lat="60.61360" lon="8.27220"></trkpt>
    <trkpt lat="60.61350" lon="8.27320"></trkpt>
    <trkpt lat="60.61340" lon="8.27430"></trkpt>
    <trkpt lat="60.61330" lon="8.27650"></trkpt>
    <trkpt lat="60.61320" lon="8.27750"></trkpt>
    <trkpt lat="60.61280" lon="8.27980"></trkpt>
    <trkpt lat="60.61250" lon="8.28170"></trkpt>
    <trkpt lat="60.61220" lon="8.28300"></trkpt>
    <trkpt lat="60.61210" lon="8.28410"></trkpt>
    <trkpt lat="60.61210" lon="8.28570"></trkpt>
    <trkpt lat="60.61220" lon="8.28830"></trkpt>
    <trkpt lat="60.61240" lon="8.28940"></trkpt>
    <trkpt lat="60.61310" lon="8.29130"></trkpt>
    <trkpt lat="60.61340" lon="8.29210"></trkpt>
    <trkpt lat="60.61400" lon="8.29280"></trkpt>
    <trkpt lat="60.61430" lon="8.29350"></trkpt>
    <trkpt lat="60.61450" lon="8.29450"></trkpt>
    <trkpt lat="60.61450" lon="8.29550"></trkpt>
    <trkpt lat="60.61440" lon="8.29830"></trkpt>
    <trkpt lat="60.61440" lon="8.29940"></trkpt>
    <trkpt lat="60.61470" lon="8.30070"></trkpt>
    <trkpt lat="60.61470" lon="8.30210"></trkpt>
    <trkpt lat="60.61470" lon="8.30330"></trkpt>
    <trkpt lat="60.61460" lon="8.30420"></trkpt>
    <trkpt lat="60.61430" lon="8.30530"></trkpt>
    <trkpt lat="60.61390" lon="8.30670"></trkpt>
    <trkpt lat="60.61350" lon="8.30800"></trkpt>
    <trkpt lat="60.61260" lon="8.31060"></trkpt>
    <trkpt lat="60.61220" lon="8.31180"></trkpt>
    <trkpt lat="60.61200" lon="8.31290"></trkpt>
    <trkpt lat="60.61190" lon="8.31380"></trkpt>
    <trkpt lat="60.61170" lon="8.31510"></trkpt>
    <trkpt lat="60.61150" lon="8.31600"></trkpt>
    <trkpt lat="60.61120" lon="8.31680"></trkpt>
    <trkpt lat="60.61080" lon="8.31760"></trkpt>
    <trkpt lat="60.60940" lon="8.32020"></trkpt>
    <trkpt lat="60.60910" lon="8.32090"></trkpt>
    <trkpt lat="60.60870" lon="8.32170"></trkpt>
    <trkpt lat="60.60790" lon="8.32400"></trkpt>
    <trkpt lat="60.60750" lon="8.32500"></trkpt>
    <trkpt lat="60.60720" lon="8.32580"></trkpt>
    <trkpt lat="60.60680" lon="8.32670"></trkpt>
    <trkpt lat="60.60650" lon="8.32740"></trkpt>
    <trkpt lat="60.60620" lon="8.32810"></trkpt>
    <trkpt lat="60.60530" lon="8.33060"></trkpt>
    <trkpt lat="60.60490" lon="8.33140"></trkpt>
    <trkpt lat="60.60440" lon="8.33230"></trkpt>
    <trkpt lat="60.60410" lon="8.33310"></trkpt>
    <trkpt lat="60.60400" lon="8.33450"></trkpt>
    <trkpt lat="60.60390" lon="8.33540"></trkpt>
    <trkpt lat="60.60370" lon="8.33640"></trkpt>
    <trkpt lat="60.60340" lon="8.33720"></trkpt>
    <trkpt lat="60.60300" lon="8.33820"></trkpt>
    <trkpt lat="60.60250" lon="8.33930"></trkpt>
    <trkpt lat="60.60160" lon="8.34140"></trkpt>
    <trkpt lat="60.60120" lon="8.34240"></trkpt>
    <trkpt lat="60.60090" lon="8.34310"></trkpt>
    <trkpt lat="60.60050" lon="8.34370"></trkpt>
    <trkpt lat="60.60010" lon="8.34430"></trkpt>
    <trkpt lat="60.59970" lon="8.34490"></trkpt>
    <trkpt lat="60.59930" lon="8.34540"></trkpt>
    <trkpt lat="60.59890" lon="8.34600"></trkpt>
    <trkpt lat="60.59830" lon="8.34680"></trkpt>
    <trkpt lat="60.59780" lon="8.34670"></trkpt>
    <trkpt lat="60.59730" lon="8.34640"></trkpt>
    <trkpt lat="60.59690" lon="8.34590"></trkpt>
    <trkpt lat="60.59640" lon="8.34630"></trkpt>
    <trkpt lat="60.59620" lon="8.34720"></trkpt>
    <trkpt lat="60.59570" lon="8.34750"></trkpt>
    <trkpt lat="60.59520" lon="8.34750"></trkpt>
    <trkpt lat="60.59470" lon="8.34730"></trkpt>
    <trkpt lat="60.59410" lon="8.34670"></trkpt>
    <trkpt lat="60.59299" lon="8.34510"></trkpt>
    <trkpt lat="60.59260" lon="8.34450"></trkpt>
    <trkpt lat="60.59229" lon="8.34380"></trkpt>
    <trkpt lat="60.59204" lon="8.34300"></trkpt>
    <trkpt lat="60.59160" lon="8.34240"></trkpt>
    <trkpt lat="60.59110" lon="8.34212"></trkpt>
    <trkpt lat="60.59060" lon="8.34190"></trkpt>
    <trkpt lat="60.59010" lon="8.34150"></trkpt>
    <trkpt lat="60.58970" lon="8.34080"></trkpt>
    <trkpt lat="60.58940" lon="8.34000"></trkpt>
    <trkpt lat="60.58910" lon="8.33860"></trkpt>
    <trkpt lat="60.58890" lon="8.33750"></trkpt>
    <trkpt lat="60.58860" lon="8.33670"></trkpt>
    <trkpt lat="60.58830" lon="8.33600"></trkpt>
    <trkpt lat="60.58790" lon="8.33520"></trkpt>
    <trkpt lat="60.58760" lon="8.33450"></trkpt>
    <trkpt lat="60.58680" lon="8.33290"></trkpt>
    <trkpt lat="60.58590" lon="8.33110"></trkpt>
    <trkpt lat="60.58530" lon="8.33000"></trkpt>
    <trkpt lat="60.58500" lon="8.32920"></trkpt>
    <trkpt lat="60.58450" lon="8.32840"></trkpt>
    <trkpt lat="60.58420" lon="8.32750"></trkpt>
    <trkpt lat="60.58390" lon="8.32660"></trkpt>
    <trkpt lat="60.58380" lon="8.32540"></trkpt>
    <trkpt lat="60.58370" lon="8.32450"></trkpt>
    <trkpt lat="60.58340" lon="8.32380"></trkpt>
    <trkpt lat="60.58300" lon="8.32300"></trkpt>
    <trkpt lat="60.58260" lon="8.32210"></trkpt>
    <trkpt lat="60.58210" lon="8.32050"></trkpt>
    <trkpt lat="60.58180" lon="8.31973"></trkpt>
    <trkpt lat="60.58140" lon="8.31850"></trkpt>
    <trkpt lat="60.58110" lon="8.31760"></trkpt>
    <trkpt lat="60.58080" lon="8.31690"></trkpt>
    <trkpt lat="60.58045" lon="8.31620"></trkpt>
    <trkpt lat="60.57990" lon="8.31550"></trkpt>
    <trkpt lat="60.57940" lon="8.31510"></trkpt>
    <trkpt lat="60.57880" lon="8.31480"></trkpt>
    <trkpt lat="60.57810" lon="8.31380"></trkpt>
    <trkpt lat="60.57780" lon="8.31300"></trkpt>
    <trkpt lat="60.57740" lon="8.31230"></trkpt>
    <trkpt lat="60.57730" lon="8.31130"></trkpt>
    <trkpt lat="60.57720" lon="8.31020"></trkpt>
    <trkpt lat="60.57690" lon="8.30930"></trkpt>
    <trkpt lat="60.57650" lon="8.30870"></trkpt>
    <trkpt lat="60.57590" lon="8.30800"></trkpt>
    <trkpt lat="60.57540" lon="8.30760"></trkpt>
    <trkpt lat="60.57460" lon="8.30780"></trkpt>
    <trkpt lat="60.57410" lon="8.30800"></trkpt>
    <trkpt lat="60.57360" lon="8.30770"></trkpt>
    <trkpt lat="60.57320" lon="8.30720"></trkpt>
    <trkpt lat="60.57280" lon="8.30660"></trkpt>
    <trkpt lat="60.57240" lon="8.30561"></trkpt>
    <trkpt lat="60.57210" lon="8.30480"></trkpt>
    <trkpt lat="60.57160" lon="8.30437"></trkpt>
    <trkpt lat="60.57100" lon="8.30391"></trkpt>
    <trkpt lat="60.57050" lon="8.30330"></trkpt>
    <trkpt lat="60.56990" lon="8.30180"></trkpt>
    <trkpt lat="60.56924" lon="8.30050"></trkpt>
    <trkpt lat="60.56830" lon="8.29870"></trkpt>
    <trkpt lat="60.56710" lon="8.29640"></trkpt>
    <trkpt lat="60.56670" lon="8.29550"></trkpt>
    <trkpt lat="60.56596" lon="8.29405"></trkpt>
    <trkpt lat="60.56550" lon="8.29320"></trkpt>
    <trkpt lat="60.56510" lon="8.29240"></trkpt>
    <trkpt lat="60.56430" lon="8.29090"></trkpt>
    <trkpt lat="60.56380" lon="8.28980"></trkpt>
    <trkpt lat="60.56340" lon="8.28910"></trkpt>
    <trkpt lat="60.56310" lon="8.28820"></trkpt>
    <trkpt lat="60.56270" lon="8.28700"></trkpt>
    <trkpt lat="60.56230" lon="8.28560"></trkpt>
    <trkpt lat="60.56190" lon="8.28480"></trkpt>
    <trkpt lat="60.56090" lon="8.28290"></trkpt>
    <trkpt lat="60.56040" lon="8.28220"></trkpt>
    <trkpt lat="60.55950" lon="8.28020"></trkpt>
    <trkpt lat="60.55910" lon="8.27930"></trkpt>
    <trkpt lat="60.55870" lon="8.27856"></trkpt>
    <trkpt lat="60.55840" lon="8.27780"></trkpt>
    <trkpt lat="60.55813" lon="8.27700"></trkpt>
    <trkpt lat="60.55770" lon="8.27580"></trkpt>
    <trkpt lat="60.55730" lon="8.27440"></trkpt>
    <trkpt lat="60.55700" lon="8.27350"></trkpt>
    <trkpt lat="60.55660" lon="8.27220"></trkpt>
    <trkpt lat="60.55630" lon="8.27120"></trkpt>
    <trkpt lat="60.55580" lon="8.26960"></trkpt>
    <trkpt lat="60.55540" lon="8.26850"></trkpt>
    <trkpt lat="60.55490" lon="8.26690"></trkpt>
    <trkpt lat="60.55460" lon="8.26580"></trkpt>
    <trkpt lat="60.55450" lon="8.26440"></trkpt>
    <trkpt lat="60.55440" lon="8.26343"></trkpt>
    <trkpt lat="60.55428" lon="8.26230"></trkpt>
    <trkpt lat="60.55400" lon="8.26150"></trkpt>
    <trkpt lat="60.55380" lon="8.26050"></trkpt>
    <trkpt lat="60.55350" lon="8.25966"></trkpt>
    <trkpt lat="60.55320" lon="8.25880"></trkpt>
    <trkpt lat="60.55310" lon="8.25790"></trkpt>
    <trkpt lat="60.55290" lon="8.25670"></trkpt>
    <trkpt lat="60.55240" lon="8.25510"></trkpt>
    <trkpt lat="60.55210" lon="8.25370"></trkpt>
    <trkpt lat="60.55170" lon="8.25240"></trkpt>
    <trkpt lat="60.55140" lon="8.25110"></trkpt>
    <trkpt lat="60.55100" lon="8.24980"></trkpt>
    <trkpt lat="60.55070" lon="8.24890"></trkpt>
    <trkpt lat="60.55050" lon="8.24790"></trkpt>
    <trkpt lat="60.55020" lon="8.24670"></trkpt>
    <trkpt lat="60.54990" lon="8.24580"></trkpt>
    <trkpt lat="60.54960" lon="8.24510"></trkpt>
    <trkpt lat="60.54920" lon="8.24460"></trkpt>
    <trkpt lat="60.54860" lon="8.24450"></trkpt>
    <trkpt lat="60.54810" lon="8.24420"></trkpt>
    <trkpt lat="60.54760" lon="8.24360"></trkpt>
    <trkpt lat="60.54710" lon="8.24280"></trkpt>
    <trkpt lat="60.54660" lon="8.24200"></trkpt>
    <trkpt lat="60.54570" lon="8.24050"></trkpt>
    <trkpt lat="60.54540" lon="8.23980"></trkpt>
    <trkpt lat="60.54490" lon="8.23800"></trkpt>
    <trkpt lat="60.54460" lon="8.23710"></trkpt>
    <trkpt lat="60.54410" lon="8.23500"></trkpt>
    <trkpt lat="60.54380" lon="8.23420"></trkpt>
    <trkpt lat="60.54350" lon="8.23350"></trkpt>
    <trkpt lat="60.54300" lon="8.23270"></trkpt>
    <trkpt lat="60.54220" lon="8.23160"></trkpt>
    <trkpt lat="60.54180" lon="8.23108"></trkpt>
    <trkpt lat="60.54130" lon="8.23040"></trkpt>
    <trkpt lat="60.54090" lon="8.22970"></trkpt>
    <trkpt lat="60.54050" lon="8.22910"></trkpt>
    <trkpt lat="60.54014" lon="8.22840"></trkpt>
    <trkpt lat="60.53970" lon="8.22780"></trkpt>
    <trkpt lat="60.53890" lon="8.22640"></trkpt>
    <trkpt lat="60.53780" lon="8.22470"></trkpt>
    <trkpt lat="60.53740" lon="8.22420"></trkpt>
    <trkpt lat="60.53690" lon="8.22330"></trkpt>
    <trkpt lat="60.53640" lon="8.22230"></trkpt>
    <trkpt lat="60.53610" lon="8.22160"></trkpt>
    <trkpt lat="60.53580" lon="8.22080"></trkpt>
    <trkpt lat="60.53550" lon="8.21990"></trkpt>
    <trkpt lat="60.53530" lon="8.21880"></trkpt>
    <trkpt lat="60.53540" lon="8.21780"></trkpt>
    <trkpt lat="60.53570" lon="8.21690"></trkpt>
    <trkpt lat="60.53600" lon="8.21570"></trkpt>
    <trkpt lat="60.53620" lon="8.21470"></trkpt>
    <trkpt lat="60.53630" lon="8.21360"></trkpt>
    <trkpt lat="60.53600" lon="8.21210"></trkpt>
    <trkpt lat="60.53580" lon="8.21120"></trkpt>
    <trkpt lat="60.53566" lon="8.21010"></trkpt>
    <trkpt lat="60.53540" lon="8.20920"></trkpt>
    <trkpt lat="60.53500" lon="8.20830"></trkpt>
    <trkpt lat="60.53466" lon="8.20750"></trkpt>
    <trkpt lat="60.53430" lon="8.20680"></trkpt>
    <trkpt lat="60.53410" lon="8.20580"></trkpt>
    <trkpt lat="60.53380" lon="8.20490"></trkpt>
    <trkpt lat="60.53360" lon="8.20390"></trkpt>
    <trkpt lat="60.53320" lon="8.20270"></trkpt>
    <trkpt lat="60.53300" lon="8.20030"></trkpt>
    <trkpt lat="60.53300" lon="8.19910"></trkpt>
    <trkpt lat="60.53300" lon="8.19790"></trkpt>
    <trkpt lat="60.53290" lon="8.19675"></trkpt>
    <trkpt lat="60.53270" lon="8.19540"></trkpt>
    <trkpt lat="60.53260" lon="8.19450"></trkpt>
    <trkpt lat="60.53240" lon="8.19330"></trkpt>
    <trkpt lat="60.53230" lon="8.19240"></trkpt>
    <trkpt lat="60.53220" lon="8.19140"></trkpt>
    <trkpt lat="60.53210" lon="8.19030"></trkpt>
    <trkpt lat="60.53190" lon="8.18940"></trkpt>
    <trkpt lat="60.53160" lon="8.18850"></trkpt>
    <trkpt lat="60.53120" lon="8.18760"></trkpt>
    <trkpt lat="60.53080" lon="8.18630"></trkpt>
    <trkpt lat="60.53050" lon="8.18550"></trkpt>
    <trkpt lat="60.53030" lon="8.18324"></trkpt>
    <trkpt lat="60.53030" lon="8.18230"></trkpt>
    <trkpt lat="60.53030" lon="8.18130"></trkpt>
    <trkpt lat="60.53020" lon="8.17980"></trkpt>
    <trkpt lat="60.53020" lon="8.17860"></trkpt>
    <trkpt lat="60.53000" lon="8.17680"></trkpt>
    <trkpt lat="60.52990" lon="8.17580"></trkpt>
    <trkpt lat="60.52990" lon="8.17470"></trkpt>
    <trkpt lat="60.53000" lon="8.17350"></trkpt>
    <trkpt lat="60.53010" lon="8.17210"></trkpt>
    <trkpt lat="60.53020" lon="8.17080"></trkpt>
    <trkpt lat="60.53035" lon="8.16960"></trkpt>
    <trkpt lat="60.53040" lon="8.16780"></trkpt>
    <trkpt lat="60.53050" lon="8.16610"></trkpt>
    <trkpt lat="60.53070" lon="8.16360"></trkpt>
    <trkpt lat="60.53090" lon="8.16150"></trkpt>
    <trkpt lat="60.53100" lon="8.16040"></trkpt>
    <trkpt lat="60.53100" lon="8.15900"></trkpt>
    <trkpt lat="60.53110" lon="8.15800"></trkpt>
    <trkpt lat="60.53090" lon="8.15610"></trkpt>
    <trkpt lat="60.53072" lon="8.15370"></trkpt>
    <trkpt lat="60.53050" lon="8.15240"></trkpt>
    <trkpt lat="60.53040" lon="8.15070"></trkpt>
    <trkpt lat="60.53020" lon="8.14880"></trkpt>
    <trkpt lat="60.53010" lon="8.14790"></trkpt>
    <trkpt lat="60.52990" lon="8.14700"></trkpt>
    <trkpt lat="60.52970" lon="8.14610"></trkpt>
    <trkpt lat="60.52900" lon="8.14460"></trkpt>
    <trkpt lat="60.52860" lon="8.14380"></trkpt>
    <trkpt lat="60.52820" lon="8.14300"></trkpt>
    <trkpt lat="60.52760" lon="8.14160"></trkpt>
    <trkpt lat="60.52710" lon="8.14060"></trkpt>
    <trkpt lat="60.52680" lon="8.13990"></trkpt>
    <trkpt lat="60.52640" lon="8.13920"></trkpt>
    <trkpt lat="60.52590" lon="8.13850"></trkpt>
    <trkpt lat="60.52530" lon="8.13790"></trkpt>
    <trkpt lat="60.52490" lon="8.13730"></trkpt>
    <trkpt lat="60.52460" lon="8.13660"></trkpt>
    <trkpt lat="60.52450" lon="8.13570"></trkpt>
    <trkpt lat="60.52450" lon="8.13470"></trkpt>
    <trkpt lat="60.52430" lon="8.13380"></trkpt>
    <trkpt lat="60.52400" lon="8.13310"></trkpt>
    <trkpt lat="60.52370" lon="8.13200"></trkpt>
    <trkpt lat="60.52360" lon="8.13090"></trkpt>
    <trkpt lat="60.52340" lon="8.13000"></trkpt>
    <trkpt lat="60.52330" lon="8.12900"></trkpt>
    <trkpt lat="60.52300" lon="8.12820"></trkpt>
    <trkpt lat="60.52260" lon="8.12740"></trkpt>
    <trkpt lat="60.52230" lon="8.12650"></trkpt>
    <trkpt lat="60.52200" lon="8.12550"></trkpt>
    <trkpt lat="60.52180" lon="8.12460"></trkpt>
    <trkpt lat="60.52141" lon="8.12260"></trkpt>
    <trkpt lat="60.52110" lon="8.12180"></trkpt>
    <trkpt lat="60.52070" lon="8.12070"></trkpt>
    <trkpt lat="60.52030" lon="8.12000"></trkpt>
    <trkpt lat="60.51990" lon="8.11950"></trkpt>
    <trkpt lat="60.51950" lon="8.11903"></trkpt>
    <trkpt lat="60.51890" lon="8.11874"></trkpt>
    <trkpt lat="60.51839" lon="8.11860"></trkpt>
    <trkpt lat="60.51790" lon="8.11850"></trkpt>
    <trkpt lat="60.51740" lon="8.11830"></trkpt>
    <trkpt lat="60.51700" lon="8.11770"></trkpt>
    <trkpt lat="60.51670" lon="8.11670"></trkpt>
    <trkpt lat="60.51670" lon="8.11560"></trkpt>
    <trkpt lat="60.51670" lon="8.11460"></trkpt>
    <trkpt lat="60.51670" lon="8.11353"></trkpt>
    <trkpt lat="60.51680" lon="8.11260"></trkpt>
    <trkpt lat="60.51710" lon="8.11070"></trkpt>
    <trkpt lat="60.51720" lon="8.10970"></trkpt>
    <trkpt lat="60.51710" lon="8.10870"></trkpt>
    <trkpt lat="60.51660" lon="8.10570"></trkpt>
    <trkpt lat="60.51610" lon="8.10336"></trkpt>
    <trkpt lat="60.51560" lon="8.10090"></trkpt>
    <trkpt lat="60.51530" lon="8.10000"></trkpt>
    <trkpt lat="60.51500" lon="8.09930"></trkpt>
    <trkpt lat="60.51430" lon="8.09840"></trkpt>
    <trkpt lat="60.51290" lon="8.09680"></trkpt>
    <trkpt lat="60.51080" lon="8.09430"></trkpt>
    <trkpt lat="60.51040" lon="8.09382"></trkpt>
    <trkpt lat="60.51000" lon="8.09340"></trkpt>
    <trkpt lat="60.50950" lon="8.09310"></trkpt>
    <trkpt lat="60.50900" lon="8.09306"></trkpt>
    <trkpt lat="60.50850" lon="8.09300"></trkpt>
    <trkpt lat="60.50720" lon="8.09310"></trkpt>
    <trkpt lat="60.50660" lon="8.09300"></trkpt>
    <trkpt lat="60.50550" lon="8.09210"></trkpt>
    <trkpt lat="60.50480" lon="8.09160"></trkpt>
    <trkpt lat="60.50420" lon="8.09100"></trkpt>
    <trkpt lat="60.50385" lon="8.09040"></trkpt>
    <trkpt lat="60.50340" lon="8.08980"></trkpt>
    <trkpt lat="60.50310" lon="8.08900"></trkpt>
    <trkpt lat="60.50280" lon="8.08810"></trkpt>
    <trkpt lat="60.50250" lon="8.08680"></trkpt>
    <trkpt lat="60.50210" lon="8.08500"></trkpt>
    <trkpt lat="60.50190" lon="8.08410"></trkpt>
    <trkpt lat="60.50160" lon="8.08280"></trkpt>
    <trkpt lat="60.50143" lon="8.08190"></trkpt>
    <trkpt lat="60.50110" lon="8.08060"></trkpt>
    <trkpt lat="60.50090" lon="8.07960"></trkpt>
    <trkpt lat="60.50050" lon="8.07800"></trkpt>
    <trkpt lat="60.50030" lon="8.07710"></trkpt>
    <trkpt lat="60.50000" lon="8.07610"></trkpt>
    <trkpt lat="60.49950" lon="8.07500"></trkpt>
    <trkpt lat="60.49905" lon="8.07360"></trkpt>
    <trkpt lat="60.49860" lon="8.07260"></trkpt>
    <trkpt lat="60.49810" lon="8.07140"></trkpt>
    <trkpt lat="60.49770" lon="8.07020"></trkpt>
    <trkpt lat="60.49740" lon="8.06940"></trkpt>
    <trkpt lat="60.49710" lon="8.06850"></trkpt>
    <trkpt lat="60.49670" lon="8.06780"></trkpt>
    <trkpt lat="60.49630" lon="8.06730"></trkpt>
    <trkpt lat="60.49580" lon="8.06695"></trkpt>
    <trkpt lat="60.49540" lon="8.06650"></trkpt>
    <trkpt lat="60.49500" lon="8.06590"></trkpt>
    <trkpt lat="60.49460" lon="8.06500"></trkpt>
    <trkpt lat="60.49380" lon="8.06290"></trkpt>
    <trkpt lat="60.49350" lon="8.06210"></trkpt>
    <trkpt lat="60.49320" lon="8.06100"></trkpt>
    <trkpt lat="60.49310" lon="8.06010"></trkpt>
    <trkpt lat="60.49310" lon="8.05900"></trkpt>
    <trkpt lat="60.49326" lon="8.05800"></trkpt>
    <trkpt lat="60.49349" lon="8.05680"></trkpt>
    <trkpt lat="60.49390" lon="8.05430"></trkpt>
    <trkpt lat="60.49420" lon="8.05290"></trkpt>
    <trkpt lat="60.49440" lon="8.05160"></trkpt>
    <trkpt lat="60.49474" lon="8.05030"></trkpt>
    <trkpt lat="60.49500" lon="8.04920"></trkpt>
    <trkpt lat="60.49530" lon="8.04831"></trkpt>
    <trkpt lat="60.49640" lon="8.04660"></trkpt>
    <trkpt lat="60.49680" lon="8.04610"></trkpt>
    <trkpt lat="60.49720" lon="8.04540"></trkpt>
    <trkpt lat="60.49750" lon="8.04470"></trkpt>
    <trkpt lat="60.49780" lon="8.04400"></trkpt>
    <trkpt lat="60.49820" lon="8.04280"></trkpt>
    <trkpt lat="60.49850" lon="8.04200"></trkpt>
    <trkpt lat="60.49870" lon="8.04110"></trkpt>
    <trkpt lat="60.49890" lon="8.04010"></trkpt>
    <trkpt lat="60.49900" lon="8.03900"></trkpt>
    <trkpt lat="60.49900" lon="8.03800"></trkpt>
    <trkpt lat="60.49890" lon="8.03690"></trkpt>
    <trkpt lat="60.49850" lon="8.03480"></trkpt>
    <trkpt lat="60.49840" lon="8.03370"></trkpt>
    <trkpt lat="60.49840" lon="8.03260"></trkpt>
    <trkpt lat="60.49870" lon="8.03170"></trkpt>
    <trkpt lat="60.49900" lon="8.03080"></trkpt>
    <trkpt lat="60.49980" lon="8.02930"></trkpt>
    <trkpt lat="60.50010" lon="8.02840"></trkpt>
    <trkpt lat="60.50090" lon="8.02644"></trkpt>
    <trkpt lat="60.50160" lon="8.02420"></trkpt>
    <trkpt lat="60.50210" lon="8.02310"></trkpt>
    <trkpt lat="60.50240" lon="8.02220"></trkpt>
    <trkpt lat="60.50271" lon="8.02140"></trkpt>
    <trkpt lat="60.50350" lon="8.01900"></trkpt>
    <trkpt lat="60.50380" lon="8.01810"></trkpt>
    <trkpt lat="60.50400" lon="8.01710"></trkpt>
    <trkpt lat="60.50434" lon="8.01600"></trkpt>
    <trkpt lat="60.50450" lon="8.01490"></trkpt>
    <trkpt lat="60.50500" lon="8.01300"></trkpt>
    <trkpt lat="60.50520" lon="8.01200"></trkpt>
    <trkpt lat="60.50520" lon="8.01090"></trkpt>
    <trkpt lat="60.50530" lon="8.00960"></trkpt>
    <trkpt lat="60.50540" lon="8.00720"></trkpt>
    <trkpt lat="60.50540" lon="8.00620"></trkpt>
    <trkpt lat="60.50540" lon="8.00470"></trkpt>
    <trkpt lat="60.50550" lon="8.00330"></trkpt>
    <trkpt lat="60.50550" lon="8.00219"></trkpt>
    <trkpt lat="60.50564" lon="8.00050"></trkpt>
    <trkpt lat="60.50570" lon="7.99920"></trkpt>
    <trkpt lat="60.50600" lon="7.99680"></trkpt>
    <trkpt lat="60.50620" lon="7.99550"></trkpt>
    <trkpt lat="60.50630" lon="7.99460"></trkpt>
    <trkpt lat="60.50630" lon="7.99330"></trkpt>
    <trkpt lat="60.50630" lon="7.99220"></trkpt>
    <trkpt lat="60.50630" lon="7.99110"></trkpt>
    <trkpt lat="60.50610" lon="7.98950"></trkpt>
    <trkpt lat="60.50600" lon="7.98830"></trkpt>
    <trkpt lat="60.50580" lon="7.98730"></trkpt>
    <trkpt lat="60.50550" lon="7.98620"></trkpt>
    <trkpt lat="60.50500" lon="7.98510"></trkpt>
    <trkpt lat="60.50470" lon="7.98430"></trkpt>
    <trkpt lat="60.50440" lon="7.98300"></trkpt>
    <trkpt lat="60.50420" lon="7.98200"></trkpt>
    <trkpt lat="60.50410" lon="7.98070"></trkpt>
    <trkpt lat="60.50400" lon="7.97900"></trkpt>
    <trkpt lat="60.50400" lon="7.97760"></trkpt>
    <trkpt lat="60.50400" lon="7.97460"></trkpt>
    <trkpt lat="60.50390" lon="7.97320"></trkpt>
    <trkpt lat="60.50390" lon="7.97228"></trkpt>
    <trkpt lat="60.50370" lon="7.97080"></trkpt>
    <trkpt lat="60.50370" lon="7.96960"></trkpt>
    <trkpt lat="60.50370" lon="7.96860"></trkpt>
    <trkpt lat="60.50340" lon="7.96760"></trkpt>
    <trkpt lat="60.50300" lon="7.96610"></trkpt>
    <trkpt lat="60.50279" lon="7.96521"></trkpt>
    <trkpt lat="60.50260" lon="7.96400"></trkpt>
    <trkpt lat="60.50260" lon="7.96220"></trkpt>
    <trkpt lat="60.50270" lon="7.96120"></trkpt>
    <trkpt lat="60.50270" lon="7.95990"></trkpt>
    <trkpt lat="60.50280" lon="7.95829"></trkpt>
    <trkpt lat="60.50296" lon="7.95720"></trkpt>
    <trkpt lat="60.50320" lon="7.95560"></trkpt>
    <trkpt lat="60.50350" lon="7.95410"></trkpt>
    <trkpt lat="60.50370" lon="7.95290"></trkpt>
    <trkpt lat="60.50380" lon="7.95180"></trkpt>
    <trkpt lat="60.50410" lon="7.94910"></trkpt>
    <trkpt lat="60.50429" lon="7.94710"></trkpt>
    <trkpt lat="60.50442" lon="7.94570"></trkpt>
    <trkpt lat="60.50450" lon="7.94480"></trkpt>
    <trkpt lat="60.50470" lon="7.94390"></trkpt>
    <trkpt lat="60.50500" lon="7.94270"></trkpt>
    <trkpt lat="60.50537" lon="7.94160"></trkpt>
    <trkpt lat="60.50570" lon="7.94030"></trkpt>
    <trkpt lat="60.50600" lon="7.93910"></trkpt>
    <trkpt lat="60.50650" lon="7.93730"></trkpt>
    <trkpt lat="60.50720" lon="7.93470"></trkpt>
    <trkpt lat="60.50835" lon="7.93090"></trkpt>
    <trkpt lat="60.50890" lon="7.92890"></trkpt>
    <trkpt lat="60.50920" lon="7.92780"></trkpt>
    <trkpt lat="60.50940" lon="7.92630"></trkpt>
    <trkpt lat="60.50950" lon="7.92540"></trkpt>
    <trkpt lat="60.50960" lon="7.92450"></trkpt>
    <trkpt lat="60.50960" lon="7.92350"></trkpt>
    <trkpt lat="60.50950" lon="7.92250"></trkpt>
    <trkpt lat="60.50920" lon="7.92140"></trkpt>
    <trkpt lat="60.50890" lon="7.92050"></trkpt>
    <trkpt lat="60.50850" lon="7.91920"></trkpt>
    <trkpt lat="60.50820" lon="7.91800"></trkpt>
    <trkpt lat="60.50780" lon="7.91660"></trkpt>
    <trkpt lat="60.50710" lon="7.91400"></trkpt>
    <trkpt lat="60.50680" lon="7.91300"></trkpt>
    <trkpt lat="60.50640" lon="7.91220"></trkpt>
    <trkpt lat="60.50590" lon="7.91200"></trkpt>
    <trkpt lat="60.50530" lon="7.91200"></trkpt>
    <trkpt lat="60.50480" lon="7.91160"></trkpt>
    <trkpt lat="60.50450" lon="7.91090"></trkpt>
    <trkpt lat="60.50399" lon="7.90940"></trkpt>
    <trkpt lat="60.50360" lon="7.90830"></trkpt>
    <trkpt lat="60.50320" lon="7.90740"></trkpt>
    <trkpt lat="60.50280" lon="7.90650"></trkpt>
    <trkpt lat="60.50260" lon="7.90560"></trkpt>
    <trkpt lat="60.50290" lon="7.90470"></trkpt>
    <trkpt lat="60.50330" lon="7.90390"></trkpt>
    <trkpt lat="60.50390" lon="7.90290"></trkpt>
    <trkpt lat="60.50430" lon="7.90220"></trkpt>
    <trkpt lat="60.50470" lon="7.90130"></trkpt>
    <trkpt lat="60.50500" lon="7.90040"></trkpt>
    <trkpt lat="60.50510" lon="7.89950"></trkpt>
    <trkpt lat="60.50530" lon="7.89850"></trkpt>
    <trkpt lat="60.50550" lon="7.89730"></trkpt>
    <trkpt lat="60.50590" lon="7.89610"></trkpt>
    <trkpt lat="60.50670" lon="7.89370"></trkpt>
    <trkpt lat="60.50710" lon="7.89220"></trkpt>
    <trkpt lat="60.50740" lon="7.89140"></trkpt>
    <trkpt lat="60.50771" lon="7.89050"></trkpt>
    <trkpt lat="60.50820" lon="7.88880"></trkpt>
    <trkpt lat="60.50870" lon="7.88720"></trkpt>
    <trkpt lat="60.50910" lon="7.88600"></trkpt>
    <trkpt lat="60.50942" lon="7.88530"></trkpt>
    <trkpt lat="60.50970" lon="7.88440"></trkpt>
    <trkpt lat="60.50990" lon="7.88350"></trkpt>
    <trkpt lat="60.51030" lon="7.88250"></trkpt>
    <trkpt lat="60.51080" lon="7.88090"></trkpt>
    <trkpt lat="60.51140" lon="7.87893"></trkpt>
    <trkpt lat="60.51175" lon="7.87810"></trkpt>
    <trkpt lat="60.51200" lon="7.87710"></trkpt>
    <trkpt lat="60.51210" lon="7.87570"></trkpt>
    <trkpt lat="60.51230" lon="7.87470"></trkpt>
    <trkpt lat="60.51260" lon="7.87378"></trkpt>
    <trkpt lat="60.51280" lon="7.87290"></trkpt>
    <trkpt lat="60.51310" lon="7.87130"></trkpt>
    <trkpt lat="60.51340" lon="7.87010"></trkpt>
    <trkpt lat="60.51360" lon="7.86870"></trkpt>
    <trkpt lat="60.51370" lon="7.86780"></trkpt>
    <trkpt lat="60.51370" lon="7.86670"></trkpt>
    <trkpt lat="60.51340" lon="7.86600"></trkpt>
    <trkpt lat="60.51300" lon="7.86510"></trkpt>
    <trkpt lat="60.51250" lon="7.86440"></trkpt>
    <trkpt lat="60.51210" lon="7.86350"></trkpt>
    <trkpt lat="60.51200" lon="7.86260"></trkpt>
    <trkpt lat="60.51270" lon="7.86120"></trkpt>
    <trkpt lat="60.51310" lon="7.86045"></trkpt>
    <trkpt lat="60.51350" lon="7.85951"></trkpt>
    <trkpt lat="60.51380" lon="7.85850"></trkpt>
    <trkpt lat="60.51410" lon="7.85740"></trkpt>
    <trkpt lat="60.51432" lon="7.85640"></trkpt>
    <trkpt lat="60.51420" lon="7.85550"></trkpt>
    <trkpt lat="60.51360" lon="7.85450"></trkpt>
    <trkpt lat="60.51300" lon="7.85320"></trkpt>
    <trkpt lat="60.51260" lon="7.85250"></trkpt>
    <trkpt lat="60.51210" lon="7.85190"></trkpt>
    <trkpt lat="60.51160" lon="7.85140"></trkpt>
    <trkpt lat="60.51110" lon="7.85110"></trkpt>
    <trkpt lat="60.51060" lon="7.85113"></trkpt>
    <trkpt lat="60.51010" lon="7.85130"></trkpt>
    <trkpt lat="60.50960" lon="7.85220"></trkpt>
    <trkpt lat="60.50870" lon="7.85270"></trkpt>
    <trkpt lat="60.50800" lon="7.85320"></trkpt>
    <trkpt lat="60.50740" lon="7.85350"></trkpt>
    <trkpt lat="60.50690" lon="7.85380"></trkpt>
    <trkpt lat="60.50640" lon="7.85410"></trkpt>
    <trkpt lat="60.50580" lon="7.85420"></trkpt>
    <trkpt lat="60.50540" lon="7.85470"></trkpt>
    <trkpt lat="60.50510" lon="7.85560"></trkpt>
    <trkpt lat="60.50510" lon="7.85660"></trkpt>
    <trkpt lat="60.50480" lon="7.85750"></trkpt>
    <trkpt lat="60.50430" lon="7.85830"></trkpt>
    <trkpt lat="60.50390" lon="7.85890"></trkpt>
    <trkpt lat="60.50351" lon="7.85940"></trkpt>
    <trkpt lat="60.50290" lon="7.85977"></trkpt>
    <trkpt lat="60.50260" lon="7.86060"></trkpt>
    <trkpt lat="60.50249" lon="7.86150"></trkpt>
    <trkpt lat="60.50180" lon="7.86290"></trkpt>
    <trkpt lat="60.50160" lon="7.86390"></trkpt>
    <trkpt lat="60.50140" lon="7.86480"></trkpt>
    <trkpt lat="60.50116" lon="7.86570"></trkpt>
    <trkpt lat="60.50080" lon="7.86640"></trkpt>
    <trkpt lat="60.50030" lon="7.86710"></trkpt>
    <trkpt lat="60.49980" lon="7.86766"></trkpt>
    <trkpt lat="60.49940" lon="7.86853"></trkpt>
    <trkpt lat="60.49935" lon="7.86950"></trkpt>
    <trkpt lat="60.49940" lon="7.87050"></trkpt>
    <trkpt lat="60.49930" lon="7.87140"></trkpt>
    <trkpt lat="60.49900" lon="7.87233"></trkpt>
    <trkpt lat="60.49845" lon="7.87294"></trkpt>
    <trkpt lat="60.49800" lon="7.87310"></trkpt>
    <trkpt lat="60.49750" lon="7.87270"></trkpt>
    <trkpt lat="60.49700" lon="7.87260"></trkpt>
    <trkpt lat="60.49650" lon="7.87310"></trkpt>
    <trkpt lat="60.49600" lon="7.87250"></trkpt>
    <trkpt lat="60.49570" lon="7.87160"></trkpt>
    <trkpt lat="60.49540" lon="7.87090"></trkpt>
    <trkpt lat="60.49520" lon="7.86980"></trkpt>
    <trkpt lat="60.49520" lon="7.86870"></trkpt>
    <trkpt lat="60.49505" lon="7.86780"></trkpt>
    <trkpt lat="60.49460" lon="7.86700"></trkpt>
    <trkpt lat="60.49410" lon="7.86660"></trkpt>
    <trkpt lat="60.49350" lon="7.86650"></trkpt>
    <trkpt lat="60.49300" lon="7.86590"></trkpt>
    <trkpt lat="60.49260" lon="7.86500"></trkpt>
    <trkpt lat="60.49210" lon="7.86430"></trkpt>
    <trkpt lat="60.49140" lon="7.86340"></trkpt>
    <trkpt lat="60.49097" lon="7.86290"></trkpt>
    <trkpt lat="60.49050" lon="7.86270"></trkpt>
    <trkpt lat="60.49010" lon="7.86210"></trkpt>
    <trkpt lat="60.48980" lon="7.86120"></trkpt>
    <trkpt lat="60.48930" lon="7.86070"></trkpt>
    <trkpt lat="60.48870" lon="7.86060"></trkpt>
    <trkpt lat="60.48826" lon="7.86030"></trkpt>
    <trkpt lat="60.48800" lon="7.85880"></trkpt>
    <trkpt lat="60.48780" lon="7.85790"></trkpt>
    <trkpt lat="60.48750" lon="7.85700"></trkpt>
    <trkpt lat="60.48712" lon="7.85640"></trkpt>
    <trkpt lat="60.48650" lon="7.85600"></trkpt>
    <trkpt lat="60.48600" lon="7.85570"></trkpt>
    <trkpt lat="60.48550" lon="7.85557"></trkpt>
    <trkpt lat="60.48500" lon="7.85510"></trkpt>
    <trkpt lat="60.48460" lon="7.85440"></trkpt>
    <trkpt lat="60.48430" lon="7.85320"></trkpt>
    <trkpt lat="60.48400" lon="7.85210"></trkpt>
    <trkpt lat="60.48380" lon="7.85100"></trkpt>
    <trkpt lat="60.48350" lon="7.84990"></trkpt>
    <trkpt lat="60.48330" lon="7.84880"></trkpt>
    <trkpt lat="60.48330" lon="7.84780"></trkpt>
    <trkpt lat="60.48310" lon="7.84660"></trkpt>
    <trkpt lat="60.48280" lon="7.84560"></trkpt>
    <trkpt lat="60.48260" lon="7.84430"></trkpt>
    <trkpt lat="60.48240" lon="7.84340"></trkpt>
    <trkpt lat="60.48220" lon="7.84220"></trkpt>
    <trkpt lat="60.48215" lon="7.84120"></trkpt>
    <trkpt lat="60.48220" lon="7.84000"></trkpt>
    <trkpt lat="60.48220" lon="7.83900"></trkpt>
    <trkpt lat="60.48200" lon="7.83810"></trkpt>
    <trkpt lat="60.48170" lon="7.83720"></trkpt>
    <trkpt lat="60.48140" lon="7.83620"></trkpt>
    <trkpt lat="60.48110" lon="7.83420"></trkpt>
    <trkpt lat="60.48090" lon="7.83320"></trkpt>
    <trkpt lat="60.48060" lon="7.83240"></trkpt>
    <trkpt lat="60.48020" lon="7.83150"></trkpt>
    <trkpt lat="60.47990" lon="7.83070"></trkpt>
    <trkpt lat="60.47960" lon="7.82950"></trkpt>
    <trkpt lat="60.47930" lon="7.82850"></trkpt>
    <trkpt lat="60.47900" lon="7.82760"></trkpt>
    <trkpt lat="60.47840" lon="7.82630"></trkpt>
    <trkpt lat="60.47790" lon="7.82548"></trkpt>
    <trkpt lat="60.47700" lon="7.82370"></trkpt>
    <trkpt lat="60.47650" lon="7.82300"></trkpt>
    <trkpt lat="60.47600" lon="7.82250"></trkpt>
    <trkpt lat="60.47530" lon="7.82180"></trkpt>
    <trkpt lat="60.47470" lon="7.82120"></trkpt>
    <trkpt lat="60.47430" lon="7.82060"></trkpt>
    <trkpt lat="60.47390" lon="7.82000"></trkpt>
    <trkpt lat="60.47310" lon="7.81810"></trkpt>
    <trkpt lat="60.47270" lon="7.81740"></trkpt>
    <trkpt lat="60.47190" lon="7.81650"></trkpt>
    <trkpt lat="60.47150" lon="7.81600"></trkpt>
    <trkpt lat="60.47110" lon="7.81531"></trkpt>
    <trkpt lat="60.47080" lon="7.81459"></trkpt>
    <trkpt lat="60.47050" lon="7.81390"></trkpt>
    <trkpt lat="60.47010" lon="7.81340"></trkpt>
    <trkpt lat="60.46960" lon="7.81310"></trkpt>
    <trkpt lat="60.46913" lon="7.81290"></trkpt>
    <trkpt lat="60.46860" lon="7.81310"></trkpt>
    <trkpt lat="60.46800" lon="7.81360"></trkpt>
    <trkpt lat="60.46756" lon="7.81400"></trkpt>
    <trkpt lat="60.46708" lon="7.81407"></trkpt>
    <trkpt lat="60.46640" lon="7.81400"></trkpt>
    <trkpt lat="60.46590" lon="7.81400"></trkpt>
    <trkpt lat="60.46530" lon="7.81420"></trkpt>
    <trkpt lat="60.46460" lon="7.81440"></trkpt>
    <trkpt lat="60.46410" lon="7.81468"></trkpt>
    <trkpt lat="60.46350" lon="7.81510"></trkpt>
    <trkpt lat="60.46300" lon="7.81580"></trkpt>
    <trkpt lat="60.46260" lon="7.81660"></trkpt>
    <trkpt lat="60.46219" lon="7.81740"></trkpt>
    <trkpt lat="60.46180" lon="7.81790"></trkpt>
    <trkpt lat="60.46133" lon="7.81840"></trkpt>
    <trkpt lat="60.46080" lon="7.81870"></trkpt>
    <trkpt lat="60.46030" lon="7.81880"></trkpt>
    <trkpt lat="60.45980" lon="7.81870"></trkpt>
    <trkpt lat="60.45930" lon="7.81850"></trkpt>
    <trkpt lat="60.45710" lon="7.81670"></trkpt>
    <trkpt lat="60.45654" lon="7.81620"></trkpt>
    <trkpt lat="60.45590" lon="7.81610"></trkpt>
    <trkpt lat="60.45530" lon="7.81610"></trkpt>
    <trkpt lat="60.45480" lon="7.81640"></trkpt>
    <trkpt lat="60.45430" lon="7.81700"></trkpt>
    <trkpt lat="60.45360" lon="7.81800"></trkpt>
    <trkpt lat="60.45290" lon="7.81900"></trkpt>
    <trkpt lat="60.45240" lon="7.81987"></trkpt>
    <trkpt lat="60.45200" lon="7.82040"></trkpt>
    <trkpt lat="60.45160" lon="7.82100"></trkpt>
    <trkpt lat="60.45050" lon="7.82190"></trkpt>
    <trkpt lat="60.44990" lon="7.82220"></trkpt>
    <trkpt lat="60.44940" lon="7.82200"></trkpt>
    <trkpt lat="60.44900" lon="7.82150"></trkpt>
    <trkpt lat="60.44850" lon="7.82020"></trkpt>
    <trkpt lat="60.44810" lon="7.81940"></trkpt>
    <trkpt lat="60.44760" lon="7.81870"></trkpt>
    <trkpt lat="60.44710" lon="7.81840"></trkpt>
    <trkpt lat="60.44660" lon="7.81820"></trkpt>
    <trkpt lat="60.44610" lon="7.81830"></trkpt>
    <trkpt lat="60.44560" lon="7.81810"></trkpt>
    <trkpt lat="60.44510" lon="7.81770"></trkpt>
    <trkpt lat="60.44420" lon="7.81660"></trkpt>
    <trkpt lat="60.44380" lon="7.81600"></trkpt>
    <trkpt lat="60.44360" lon="7.81480"></trkpt>
    <trkpt lat="60.44340" lon="7.81390"></trkpt>
    <trkpt lat="60.44300" lon="7.81340"></trkpt>
    <trkpt lat="60.44240" lon="7.81358"></trkpt>
    <trkpt lat="60.44189" lon="7.81380"></trkpt>
    <trkpt lat="60.44130" lon="7.81430"></trkpt>
    <trkpt lat="60.44090" lon="7.81472"></trkpt>
    <trkpt lat="60.44040" lon="7.81440"></trkpt>
    <trkpt lat="60.44003" lon="7.81320"></trkpt>
    <trkpt lat="60.43970" lon="7.81230"></trkpt>
    <trkpt lat="60.43900" lon="7.81030"></trkpt>
    <trkpt lat="60.43875" lon="7.80940"></trkpt>
    <trkpt lat="60.43830" lon="7.80820"></trkpt>
    <trkpt lat="60.43810" lon="7.80730"></trkpt>
    <trkpt lat="60.43820" lon="7.80640"></trkpt>
    <trkpt lat="60.43850" lon="7.80570"></trkpt>
    <trkpt lat="60.43860" lon="7.80460"></trkpt>
    <trkpt lat="60.43870" lon="7.80291"></trkpt>
    <trkpt lat="60.43878" lon="7.80170"></trkpt>
    <trkpt lat="60.43890" lon="7.80010"></trkpt>
    <trkpt lat="60.43900" lon="7.79890"></trkpt>
    <trkpt lat="60.43930" lon="7.79757"></trkpt>
    <trkpt lat="60.43940" lon="7.79660"></trkpt>
    <trkpt lat="60.43951" lon="7.79561"></trkpt>
    <trkpt lat="60.43980" lon="7.79360"></trkpt>
    <trkpt lat="60.43992" lon="7.79260"></trkpt>
    <trkpt lat="60.43980" lon="7.79150"></trkpt>
    <trkpt lat="60.43970" lon="7.79060"></trkpt>
    <trkpt lat="60.43950" lon="7.78970"></trkpt>
    <trkpt lat="60.43870" lon="7.78770"></trkpt>
    <trkpt lat="60.43820" lon="7.78630"></trkpt>
    <trkpt lat="60.43750" lon="7.78450"></trkpt>
    <trkpt lat="60.43700" lon="7.78340"></trkpt>
    <trkpt lat="60.43670" lon="7.78270"></trkpt>
    <trkpt lat="60.43640" lon="7.78160"></trkpt>
    <trkpt lat="60.43620" lon="7.78020"></trkpt>
    <trkpt lat="60.43600" lon="7.77930"></trkpt>
    <trkpt lat="60.43600" lon="7.77820"></trkpt>
    <trkpt lat="60.43620" lon="7.77700"></trkpt>
    <trkpt lat="60.43610" lon="7.77610"></trkpt>
    <trkpt lat="60.43554" lon="7.77400"></trkpt>
    <trkpt lat="60.43490" lon="7.77220"></trkpt>
    <trkpt lat="60.43460" lon="7.77110"></trkpt>
    <trkpt lat="60.43400" lon="7.76940"></trkpt>
    <trkpt lat="60.43370" lon="7.76840"></trkpt>
    <trkpt lat="60.43350" lon="7.76750"></trkpt>
    <trkpt lat="60.43350" lon="7.76630"></trkpt>
    <trkpt lat="60.43350" lon="7.76350"></trkpt>
    <trkpt lat="60.43350" lon="7.76212"></trkpt>
    <trkpt lat="60.43340" lon="7.76090"></trkpt>
    <trkpt lat="60.43330" lon="7.75990"></trkpt>
    <trkpt lat="60.43310" lon="7.75890"></trkpt>
    <trkpt lat="60.43290" lon="7.75800"></trkpt>
    <trkpt lat="60.43250" lon="7.75690"></trkpt>
    <trkpt lat="60.43200" lon="7.75551"></trkpt>
    <trkpt lat="60.43160" lon="7.75420"></trkpt>
    <trkpt lat="60.43120" lon="7.75260"></trkpt>
    <trkpt lat="60.43060" lon="7.75068"></trkpt>
    <trkpt lat="60.43040" lon="7.74980"></trkpt>
    <trkpt lat="60.43015" lon="7.74900"></trkpt>
    <trkpt lat="60.42970" lon="7.74840"></trkpt>
    <trkpt lat="60.42920" lon="7.74760"></trkpt>
    <trkpt lat="60.42870" lon="7.74680"></trkpt>
    <trkpt lat="60.42820" lon="7.74570"></trkpt>
    <trkpt lat="60.42790" lon="7.74500"></trkpt>
    <trkpt lat="60.42740" lon="7.74462"></trkpt>
    <trkpt lat="60.42680" lon="7.74410"></trkpt>
    <trkpt lat="60.42630" lon="7.74370"></trkpt>
    <trkpt lat="60.42580" lon="7.74320"></trkpt>
    <trkpt lat="60.42540" lon="7.74270"></trkpt>
    <trkpt lat="60.42500" lon="7.74210"></trkpt>
    <trkpt lat="60.42470" lon="7.74140"></trkpt>
    <trkpt lat="60.42448" lon="7.74040"></trkpt>
    <trkpt lat="60.42400" lon="7.73850"></trkpt>
    <trkpt lat="60.42380" lon="7.73740"></trkpt>
    <trkpt lat="60.42370" lon="7.73630"></trkpt>
    <trkpt lat="60.42369" lon="7.73510"></trkpt>
    <trkpt lat="60.42360" lon="7.73400"></trkpt>
    <trkpt lat="60.42330" lon="7.73187"></trkpt>
    <trkpt lat="60.42320" lon="7.73060"></trkpt>
    <trkpt lat="60.42310" lon="7.72860"></trkpt>
    <trkpt lat="60.42300" lon="7.72753"></trkpt>
    <trkpt lat="60.42270" lon="7.72520"></trkpt>
    <trkpt lat="60.42230" lon="7.72290"></trkpt>
    <trkpt lat="60.42190" lon="7.71990"></trkpt>
    <trkpt lat="60.42180" lon="7.71874"></trkpt>
    <trkpt lat="60.42160" lon="7.71770"></trkpt>
    <trkpt lat="60.42130" lon="7.71670"></trkpt>
    <trkpt lat="60.42060" lon="7.71410"></trkpt>
    <trkpt lat="60.41980" lon="7.71120"></trkpt>
    <trkpt lat="60.41950" lon="7.71030"></trkpt>
    <trkpt lat="60.41920" lon="7.70930"></trkpt>
    <trkpt lat="60.41890" lon="7.70860"></trkpt>
    <trkpt lat="60.41870" lon="7.70770"></trkpt>
    <trkpt lat="60.41855" lon="7.70640"></trkpt>
    <trkpt lat="60.41843" lon="7.70540"></trkpt>
    <trkpt lat="60.41830" lon="7.70450"></trkpt>
    <trkpt lat="60.41840" lon="7.70360"></trkpt>
    <trkpt lat="60.41850" lon="7.70250"></trkpt>
    <trkpt lat="60.41860" lon="7.70160"></trkpt>
    <trkpt lat="60.41860" lon="7.70040"></trkpt>
    <trkpt lat="60.41860" lon="7.69940"></trkpt>
    <trkpt lat="60.41880" lon="7.69830"></trkpt>
    <trkpt lat="60.41900" lon="7.69720"></trkpt>
    <trkpt lat="60.41930" lon="7.69640"></trkpt>
    <trkpt lat="60.41954" lon="7.69550"></trkpt>
    <trkpt lat="60.41980" lon="7.69310"></trkpt>
    <trkpt lat="60.41980" lon="7.69210"></trkpt>
    <trkpt lat="60.41980" lon="7.69110"></trkpt>
    <trkpt lat="60.41950" lon="7.68980"></trkpt>
    <trkpt lat="60.41910" lon="7.68900"></trkpt>
    <trkpt lat="60.41860" lon="7.68800"></trkpt>
    <trkpt lat="60.41830" lon="7.68720"></trkpt>
    <trkpt lat="60.41810" lon="7.68630"></trkpt>
    <trkpt lat="60.41800" lon="7.68530"></trkpt>
    <trkpt lat="60.41790" lon="7.68440"></trkpt>
    <trkpt lat="60.41800" lon="7.68300"></trkpt>
    <trkpt lat="60.41800" lon="7.68200"></trkpt>
    <trkpt lat="60.41790" lon="7.68070"></trkpt>
    <trkpt lat="60.41780" lon="7.67918"></trkpt>
    <trkpt lat="60.41760" lon="7.67780"></trkpt>
    <trkpt lat="60.41740" lon="7.67680"></trkpt>
    <trkpt lat="60.41729" lon="7.67590"></trkpt>
    <trkpt lat="60.41710" lon="7.67470"></trkpt>
    <trkpt lat="60.41710" lon="7.67350"></trkpt>
    <trkpt lat="60.41700" lon="7.67260"></trkpt>
    <trkpt lat="60.41680" lon="7.67170"></trkpt>
    <trkpt lat="60.41657" lon="7.67060"></trkpt>
    <trkpt lat="60.41620" lon="7.67002"></trkpt>
    <trkpt lat="60.41580" lon="7.66910"></trkpt>
    <trkpt lat="60.41556" lon="7.66830"></trkpt>
    <trkpt lat="60.41530" lon="7.66750"></trkpt>
    <trkpt lat="60.41500" lon="7.66630"></trkpt>
    <trkpt lat="60.41470" lon="7.66540"></trkpt>
    <trkpt lat="60.41460" lon="7.66439"></trkpt>
    <trkpt lat="60.41470" lon="7.66330"></trkpt>
    <trkpt lat="60.41510" lon="7.66060"></trkpt>
    <trkpt lat="60.41520" lon="7.65970"></trkpt>
    <trkpt lat="60.41520" lon="7.65850"></trkpt>
    <trkpt lat="60.41470" lon="7.65645"></trkpt>
    <trkpt lat="60.41450" lon="7.65560"></trkpt>
    <trkpt lat="60.41390" lon="7.65330"></trkpt>
    <trkpt lat="60.41383" lon="7.65240"></trkpt>
    <trkpt lat="60.41350" lon="7.65030"></trkpt>
    <trkpt lat="60.41330" lon="7.64940"></trkpt>
    <trkpt lat="60.41300" lon="7.64870"></trkpt>
    <trkpt lat="60.41270" lon="7.64790"></trkpt>
    <trkpt lat="60.41240" lon="7.64720"></trkpt>
    <trkpt lat="60.41210" lon="7.64650"></trkpt>
    <trkpt lat="60.41150" lon="7.64600"></trkpt>
    <trkpt lat="60.41100" lon="7.64550"></trkpt>
    <trkpt lat="60.41070" lon="7.64470"></trkpt>
    <trkpt lat="60.41050" lon="7.64370"></trkpt>
    <trkpt lat="60.41030" lon="7.64280"></trkpt>
    <trkpt lat="60.41017" lon="7.64190"></trkpt>
    <trkpt lat="60.40996" lon="7.64090"></trkpt>
    <trkpt lat="60.40960" lon="7.63960"></trkpt>
    <trkpt lat="60.40950" lon="7.63870"></trkpt>
    <trkpt lat="60.40920" lon="7.63770"></trkpt>
    <trkpt lat="60.40880" lon="7.63630"></trkpt>
    <trkpt lat="60.40840" lon="7.63480"></trkpt>
    <trkpt lat="60.40800" lon="7.63340"></trkpt>
    <trkpt lat="60.40780" lon="7.63250"></trkpt>
    <trkpt lat="60.40750" lon="7.63170"></trkpt>
    <trkpt lat="60.40727" lon="7.63070"></trkpt>
    <trkpt lat="60.40670" lon="7.62950"></trkpt>
    <trkpt lat="60.40630" lon="7.62890"></trkpt>
    <trkpt lat="60.40600" lon="7.62808"></trkpt>
    <trkpt lat="60.40540" lon="7.62660"></trkpt>
    <trkpt lat="60.40510" lon="7.62585"></trkpt>
    <trkpt lat="60.40480" lon="7.62500"></trkpt>
    <trkpt lat="60.40460" lon="7.62400"></trkpt>
    <trkpt lat="60.40460" lon="7.62190"></trkpt>
    <trkpt lat="60.40450" lon="7.62120"></trkpt>
  </trkseg>
  <trkseg>
    <trkpt lat="60.40450" lon="7.62120"></trkpt>
    <trkpt lat="60.40430" lon="7.62030"></trkpt>
    <trkpt lat="60.40390" lon="7.61940"></trkpt>
    <trkpt lat="60.40330" lon="7.61852"></trkpt>
    <trkpt lat="60.40280" lon="7.61770"></trkpt>
    <trkpt lat="60.40240" lon="7.61710"></trkpt>
    <trkpt lat="60.40180" lon="7.61650"></trkpt>
    <trkpt lat="60.40130" lon="7.61610"></trkpt>
    <trkpt lat="60.40070" lon="7.61560"></trkpt>
    <trkpt lat="60.40020" lon="7.61530"></trkpt>
    <trkpt lat="60.39960" lon="7.61490"></trkpt>
    <trkpt lat="60.39900" lon="7.61440"></trkpt>
    <trkpt lat="60.39840" lon="7.61410"></trkpt>
    <trkpt lat="60.39780" lon="7.61360"></trkpt>
    <trkpt lat="60.39700" lon="7.61310"></trkpt>
    <trkpt lat="60.39630" lon="7.61260"></trkpt>
    <trkpt lat="60.39580" lon="7.61220"></trkpt>
    <trkpt lat="60.39540" lon="7.61160"></trkpt>
    <trkpt lat="60.39500" lon="7.61050"></trkpt>
    <trkpt lat="60.39480" lon="7.60960"></trkpt>
    <trkpt lat="60.39440" lon="7.60840"></trkpt>
    <trkpt lat="60.39400" lon="7.60750"></trkpt>
    <trkpt lat="60.39375" lon="7.60650"></trkpt>
    <trkpt lat="60.39320" lon="7.60585"></trkpt>
    <trkpt lat="60.39280" lon="7.60520"></trkpt>
    <trkpt lat="60.39220" lon="7.60450"></trkpt>
    <trkpt lat="60.39180" lon="7.60390"></trkpt>
    <trkpt lat="60.39150" lon="7.60320"></trkpt>
    <trkpt lat="60.39130" lon="7.60220"></trkpt>
    <trkpt lat="60.39110" lon="7.60130"></trkpt>
    <trkpt lat="60.39090" lon="7.60040"></trkpt>
    <trkpt lat="60.39070" lon="7.59900"></trkpt>
    <trkpt lat="60.39050" lon="7.59810"></trkpt>
    <trkpt lat="60.39030" lon="7.59720"></trkpt>
    <trkpt lat="60.39000" lon="7.59610"></trkpt>
    <trkpt lat="60.38970" lon="7.59530"></trkpt>
    <trkpt lat="60.38930" lon="7.59440"></trkpt>
    <trkpt lat="60.38900" lon="7.59370"></trkpt>
    <trkpt lat="60.38870" lon="7.59300"></trkpt>
    <trkpt lat="60.38829" lon="7.59210"></trkpt>
    <trkpt lat="60.38790" lon="7.59120"></trkpt>
    <trkpt lat="60.38750" lon="7.59040"></trkpt>
    <trkpt lat="60.38710" lon="7.58980"></trkpt>
    <trkpt lat="60.38670" lon="7.58920"></trkpt>
    <trkpt lat="60.38630" lon="7.58840"></trkpt>
    <trkpt lat="60.38600" lon="7.58740"></trkpt>
    <trkpt lat="60.38570" lon="7.58640"></trkpt>
    <trkpt lat="60.38530" lon="7.58560"></trkpt>
    <trkpt lat="60.38500" lon="7.58470"></trkpt>
    <trkpt lat="60.38450" lon="7.58370"></trkpt>
    <trkpt lat="60.38403" lon="7.58260"></trkpt>
    <trkpt lat="60.38310" lon="7.58070"></trkpt>
    <trkpt lat="60.38270" lon="7.57980"></trkpt>
    <trkpt lat="60.38140" lon="7.57690"></trkpt>
    <trkpt lat="60.38060" lon="7.57540"></trkpt>
    <trkpt lat="60.38000" lon="7.57380"></trkpt>
    <trkpt lat="60.37970" lon="7.57310"></trkpt>
    <trkpt lat="60.37880" lon="7.57090"></trkpt>
    <trkpt lat="60.37850" lon="7.57000"></trkpt>
    <trkpt lat="60.37800" lon="7.56880"></trkpt>
    <trkpt lat="60.37690" lon="7.56600"></trkpt>
    <trkpt lat="60.37660" lon="7.56530"></trkpt>
    <trkpt lat="60.37620" lon="7.56240"></trkpt>
    <trkpt lat="60.37520" lon="7.55520"></trkpt>
    <trkpt lat="60.37500" lon="7.55360"></trkpt>
    <trkpt lat="60.37430" lon="7.55070"></trkpt>
    <trkpt lat="60.37410" lon="7.54980"></trkpt>
    <trkpt lat="60.37400" lon="7.54880"></trkpt>
    <trkpt lat="60.37390" lon="7.54760"></trkpt>
    <trkpt lat="60.37370" lon="7.54610"></trkpt>
    <trkpt lat="60.37360" lon="7.54460"></trkpt>
    <trkpt lat="60.37330" lon="7.54340"></trkpt>
    <trkpt lat="60.37292" lon="7.54240"></trkpt>
    <trkpt lat="60.37240" lon="7.54120"></trkpt>
    <trkpt lat="60.37180" lon="7.54000"></trkpt>
    <trkpt lat="60.37150" lon="7.53930"></trkpt>
    <trkpt lat="60.37130" lon="7.53820"></trkpt>
    <trkpt lat="60.37130" lon="7.53720"></trkpt>
    <trkpt lat="60.37130" lon="7.53580"></trkpt>
    <trkpt lat="60.37160" lon="7.53490"></trkpt>
    <trkpt lat="60.37202" lon="7.53390"></trkpt>
    <trkpt lat="60.37230" lon="7.53280"></trkpt>
    <trkpt lat="60.37230" lon="7.53180"></trkpt>
    <trkpt lat="60.37231" lon="7.53080"></trkpt>
    <trkpt lat="60.37200" lon="7.52990"></trkpt>
    <trkpt lat="60.37160" lon="7.52872"></trkpt>
    <trkpt lat="60.37140" lon="7.52780"></trkpt>
    <trkpt lat="60.37090" lon="7.52600"></trkpt>
    <trkpt lat="60.37030" lon="7.52350"></trkpt>
    <trkpt lat="60.37000" lon="7.52270"></trkpt>
    <trkpt lat="60.36970" lon="7.52200"></trkpt>
    <trkpt lat="60.36922" lon="7.52070"></trkpt>
    <trkpt lat="60.36890" lon="7.51990"></trkpt>
    <trkpt lat="60.36880" lon="7.51880"></trkpt>
    <trkpt lat="60.36870" lon="7.51780"></trkpt>
    <trkpt lat="60.36820" lon="7.51420"></trkpt>
    <trkpt lat="60.36810" lon="7.51280"></trkpt>
    <trkpt lat="60.36770" lon="7.50980"></trkpt>
    <trkpt lat="60.36760" lon="7.50863"></trkpt>
    <trkpt lat="60.36760" lon="7.50770"></trkpt>
    <trkpt lat="60.36760" lon="7.50660"></trkpt>
    <trkpt lat="60.36790" lon="7.50500"></trkpt>
    <trkpt lat="60.36810" lon="7.50410"></trkpt>
    <trkpt lat="60.36820" lon="7.50320"></trkpt>
    <trkpt lat="60.36830" lon="7.50180"></trkpt>
    <trkpt lat="60.36840" lon="7.50082"></trkpt>
    <trkpt lat="60.36860" lon="7.49970"></trkpt>
    <trkpt lat="60.36880" lon="7.49760"></trkpt>
    <trkpt lat="60.36890" lon="7.49620"></trkpt>
    <trkpt lat="60.36900" lon="7.49520"></trkpt>
    <trkpt lat="60.36930" lon="7.49370"></trkpt>
    <trkpt lat="60.36940" lon="7.49260"></trkpt>
    <trkpt lat="60.36960" lon="7.49160"></trkpt>
    <trkpt lat="60.36970" lon="7.49050"></trkpt>
    <trkpt lat="60.36987" lon="7.48963"></trkpt>
    <trkpt lat="60.37020" lon="7.48800"></trkpt>
    <trkpt lat="60.37040" lon="7.48710"></trkpt>
    <trkpt lat="60.37070" lon="7.48610"></trkpt>
    <trkpt lat="60.37087" lon="7.48480"></trkpt>
    <trkpt lat="60.37100" lon="7.48380"></trkpt>
    <trkpt lat="60.37120" lon="7.48290"></trkpt>
    <trkpt lat="60.37170" lon="7.48160"></trkpt>
    <trkpt lat="60.37210" lon="7.48060"></trkpt>
    <trkpt lat="60.37240" lon="7.47970"></trkpt>
    <trkpt lat="60.37280" lon="7.47893"></trkpt>
    <trkpt lat="60.37320" lon="7.47770"></trkpt>
    <trkpt lat="60.37350" lon="7.47670"></trkpt>
    <trkpt lat="60.37380" lon="7.47560"></trkpt>
    <trkpt lat="60.37420" lon="7.47490"></trkpt>
    <trkpt lat="60.37470" lon="7.47420"></trkpt>
    <trkpt lat="60.37510" lon="7.47350"></trkpt>
    <trkpt lat="60.37550" lon="7.47250"></trkpt>
    <trkpt lat="60.37580" lon="7.47170"></trkpt>
    <trkpt lat="60.37610" lon="7.47100"></trkpt>
    <trkpt lat="60.37650" lon="7.47020"></trkpt>
    <trkpt lat="60.37680" lon="7.46930"></trkpt>
    <trkpt lat="60.37680" lon="7.46820"></trkpt>
    <trkpt lat="60.37687" lon="7.46710"></trkpt>
    <trkpt lat="60.37680" lon="7.46620"></trkpt>
    <trkpt lat="60.37670" lon="7.46510"></trkpt>
    <trkpt lat="60.37670" lon="7.46410"></trkpt>
    <trkpt lat="60.37670" lon="7.46300"></trkpt>
    <trkpt lat="60.37680" lon="7.46210"></trkpt>
    <trkpt lat="60.37710" lon="7.46110"></trkpt>
    <trkpt lat="60.37750" lon="7.46030"></trkpt>
    <trkpt lat="60.37780" lon="7.45950"></trkpt>
    <trkpt lat="60.37817" lon="7.45827"></trkpt>
    <trkpt lat="60.37830" lon="7.45740"></trkpt>
    <trkpt lat="60.37860" lon="7.45640"></trkpt>
    <trkpt lat="60.37890" lon="7.45480"></trkpt>
    <trkpt lat="60.37920" lon="7.45410"></trkpt>
    <trkpt lat="60.37990" lon="7.45190"></trkpt>
    <trkpt lat="60.38032" lon="7.45080"></trkpt>
    <trkpt lat="60.38060" lon="7.44990"></trkpt>
    <trkpt lat="60.38090" lon="7.44900"></trkpt>
    <trkpt lat="60.38123" lon="7.44800"></trkpt>
    <trkpt lat="60.38140" lon="7.44705"></trkpt>
    <trkpt lat="60.38160" lon="7.44620"></trkpt>
    <trkpt lat="60.38170" lon="7.44480"></trkpt>
    <trkpt lat="60.38190" lon="7.44340"></trkpt>
    <trkpt lat="60.38210" lon="7.44213"></trkpt>
    <trkpt lat="60.38210" lon="7.44100"></trkpt>
    <trkpt lat="60.38200" lon="7.43980"></trkpt>
    <trkpt lat="60.38180" lon="7.43830"></trkpt>
    <trkpt lat="60.38140" lon="7.43600"></trkpt>
    <trkpt lat="60.38120" lon="7.43490"></trkpt>
    <trkpt lat="60.38100" lon="7.43360"></trkpt>
    <trkpt lat="60.38080" lon="7.43260"></trkpt>
    <trkpt lat="60.38070" lon="7.43170"></trkpt>
    <trkpt lat="60.38070" lon="7.43070"></trkpt>
    <trkpt lat="60.38080" lon="7.42970"></trkpt>
    <trkpt lat="60.38100" lon="7.42880"></trkpt>
    <trkpt lat="60.38130" lon="7.42780"></trkpt>
    <trkpt lat="60.38170" lon="7.42690"></trkpt>
    <trkpt lat="60.38200" lon="7.42620"></trkpt>
    <trkpt lat="60.38230" lon="7.42550"></trkpt>
    <trkpt lat="60.38260" lon="7.42460"></trkpt>
    <trkpt lat="60.38280" lon="7.42370"></trkpt>
    <trkpt lat="60.38290" lon="7.42280"></trkpt>
    <trkpt lat="60.38280" lon="7.42190"></trkpt>
    <trkpt lat="60.38260" lon="7.42090"></trkpt>
    <trkpt lat="60.38230" lon="7.41990"></trkpt>
    <trkpt lat="60.38210" lon="7.41890"></trkpt>
    <trkpt lat="60.38190" lon="7.41780"></trkpt>
    <trkpt lat="60.38190" lon="7.41680"></trkpt>
    <trkpt lat="60.38200" lon="7.41590"></trkpt>
    <trkpt lat="60.38230" lon="7.41470"></trkpt>
    <trkpt lat="60.38250" lon="7.41380"></trkpt>
    <trkpt lat="60.38280" lon="7.41310"></trkpt>
    <trkpt lat="60.38290" lon="7.41220"></trkpt>
    <trkpt lat="60.38280" lon="7.41100"></trkpt>
    <trkpt lat="60.38280" lon="7.40980"></trkpt>
    <trkpt lat="60.38290" lon="7.40890"></trkpt>
    <trkpt lat="60.38310" lon="7.40800"></trkpt>
    <trkpt lat="60.38350" lon="7.40750"></trkpt>
    <trkpt lat="60.38397" lon="7.40710"></trkpt>
    <trkpt lat="60.38450" lon="7.40690"></trkpt>
    <trkpt lat="60.38500" lon="7.40660"></trkpt>
    <trkpt lat="60.38530" lon="7.40570"></trkpt>
    <trkpt lat="60.38540" lon="7.40480"></trkpt>
    <trkpt lat="60.38550" lon="7.40390"></trkpt>
    <trkpt lat="60.38550" lon="7.40280"></trkpt>
    <trkpt lat="60.38560" lon="7.40060"></trkpt>
    <trkpt lat="60.38570" lon="7.39970"></trkpt>
    <trkpt lat="60.38560" lon="7.39870"></trkpt>
    <trkpt lat="60.38540" lon="7.39710"></trkpt>
    <trkpt lat="60.38520" lon="7.39520"></trkpt>
    <trkpt lat="60.38520" lon="7.39420"></trkpt>
    <trkpt lat="60.38537" lon="7.39310"></trkpt>
    <trkpt lat="60.38550" lon="7.39220"></trkpt>
    <trkpt lat="60.38583" lon="7.39143"></trkpt>
    <trkpt lat="60.38610" lon="7.39070"></trkpt>
    <trkpt lat="60.38650" lon="7.39017"></trkpt>
    <trkpt lat="60.38710" lon="7.38970"></trkpt>
    <trkpt lat="60.38760" lon="7.38940"></trkpt>
    <trkpt lat="60.38870" lon="7.38870"></trkpt>
    <trkpt lat="60.38920" lon="7.38840"></trkpt>
    <trkpt lat="60.39040" lon="7.38810"></trkpt>
    <trkpt lat="60.39100" lon="7.38790"></trkpt>
    <trkpt lat="60.39160" lon="7.38780"></trkpt>
    <trkpt lat="60.39220" lon="7.38783"></trkpt>
    <trkpt lat="60.39270" lon="7.38780"></trkpt>
    <trkpt lat="60.39317" lon="7.38790"></trkpt>
    <trkpt lat="60.39380" lon="7.38820"></trkpt>
    <trkpt lat="60.39430" lon="7.38850"></trkpt>
    <trkpt lat="60.39480" lon="7.38880"></trkpt>
    <trkpt lat="60.39530" lon="7.38930"></trkpt>
    <trkpt lat="60.39580" lon="7.38980"></trkpt>
    <trkpt lat="60.39630" lon="7.38980"></trkpt>
    <trkpt lat="60.39690" lon="7.38900"></trkpt>
    <trkpt lat="60.39730" lon="7.38840"></trkpt>
    <trkpt lat="60.39810" lon="7.38710"></trkpt>
    <trkpt lat="60.39870" lon="7.38620"></trkpt>
    <trkpt lat="60.39930" lon="7.38560"></trkpt>
    <trkpt lat="60.39970" lon="7.38490"></trkpt>
    <trkpt lat="60.40010" lon="7.38370"></trkpt>
    <trkpt lat="60.40030" lon="7.38260"></trkpt>
    <trkpt lat="60.40030" lon="7.38120"></trkpt>
    <trkpt lat="60.40040" lon="7.38028"></trkpt>
    <trkpt lat="60.40070" lon="7.37927"></trkpt>
    <trkpt lat="60.40080" lon="7.37820"></trkpt>
    <trkpt lat="60.40080" lon="7.37630"></trkpt>
    <trkpt lat="60.40090" lon="7.37530"></trkpt>
    <trkpt lat="60.40110" lon="7.37430"></trkpt>
    <trkpt lat="60.40140" lon="7.37340"></trkpt>
    <trkpt lat="60.40190" lon="7.37199"></trkpt>
    <trkpt lat="60.40247" lon="7.37039"></trkpt>
    <trkpt lat="60.40274" lon="7.36960"></trkpt>
    <trkpt lat="60.40310" lon="7.36880"></trkpt>
    <trkpt lat="60.40350" lon="7.36810"></trkpt>
    <trkpt lat="60.40380" lon="7.36740"></trkpt>
    <trkpt lat="60.40390" lon="7.36650"></trkpt>
    <trkpt lat="60.40370" lon="7.36510"></trkpt>
    <trkpt lat="60.40350" lon="7.36400"></trkpt>
    <trkpt lat="60.40340" lon="7.36290"></trkpt>
    <trkpt lat="60.40330" lon="7.36190"></trkpt>
    <trkpt lat="60.40350" lon="7.36100"></trkpt>
    <trkpt lat="60.40391" lon="7.36030"></trkpt>
    <trkpt lat="60.40440" lon="7.36010"></trkpt>
    <trkpt lat="60.40500" lon="7.36000"></trkpt>
    <trkpt lat="60.40550" lon="7.35999"></trkpt>
    <trkpt lat="60.40600" lon="7.35970"></trkpt>
    <trkpt lat="60.40700" lon="7.35931"></trkpt>
    <trkpt lat="60.40750" lon="7.35880"></trkpt>
    <trkpt lat="60.40810" lon="7.35760"></trkpt>
    <trkpt lat="60.40850" lon="7.35690"></trkpt>
    <trkpt lat="60.40901" lon="7.35630"></trkpt>
    <trkpt lat="60.40960" lon="7.35580"></trkpt>
    <trkpt lat="60.41014" lon="7.35550"></trkpt>
    <trkpt lat="60.41064" lon="7.35510"></trkpt>
    <trkpt lat="60.41100" lon="7.35450"></trkpt>
    <trkpt lat="60.41130" lon="7.35380"></trkpt>
    <trkpt lat="60.41160" lon="7.35250"></trkpt>
    <trkpt lat="60.41190" lon="7.35140"></trkpt>
    <trkpt lat="60.41200" lon="7.35050"></trkpt>
    <trkpt lat="60.41200" lon="7.34920"></trkpt>
    <trkpt lat="60.41199" lon="7.34700"></trkpt>
    <trkpt lat="60.41197" lon="7.34560"></trkpt>
    <trkpt lat="60.41190" lon="7.34470"></trkpt>
    <trkpt lat="60.41210" lon="7.34300"></trkpt>
    <trkpt lat="60.41220" lon="7.34180"></trkpt>
    <trkpt lat="60.41240" lon="7.34030"></trkpt>
    <trkpt lat="60.41250" lon="7.33940"></trkpt>
    <trkpt lat="60.41259" lon="7.33850"></trkpt>
    <trkpt lat="60.41260" lon="7.33710"></trkpt>
    <trkpt lat="60.41260" lon="7.33550"></trkpt>
    <trkpt lat="60.41260" lon="7.33420"></trkpt>
    <trkpt lat="60.41260" lon="7.33310"></trkpt>
    <trkpt lat="60.41246" lon="7.33220"></trkpt>
    <trkpt lat="60.41210" lon="7.33110"></trkpt>
    <trkpt lat="60.41180" lon="7.33030"></trkpt>
    <trkpt lat="60.41180" lon="7.32900"></trkpt>
    <trkpt lat="60.41170" lon="7.32800"></trkpt>
    <trkpt lat="60.41140" lon="7.32690"></trkpt>
    <trkpt lat="60.41100" lon="7.32600"></trkpt>
    <trkpt lat="60.41070" lon="7.32510"></trkpt>
    <trkpt lat="60.41040" lon="7.32410"></trkpt>
    <trkpt lat="60.41010" lon="7.32270"></trkpt>
    <trkpt lat="60.40982" lon="7.32160"></trkpt>
    <trkpt lat="60.40950" lon="7.32070"></trkpt>
    <trkpt lat="60.40910" lon="7.31980"></trkpt>
    <trkpt lat="60.40890" lon="7.31890"></trkpt>
    <trkpt lat="60.40898" lon="7.31790"></trkpt>
    <trkpt lat="60.40900" lon="7.31690"></trkpt>
    <trkpt lat="60.40910" lon="7.31570"></trkpt>
    <trkpt lat="60.40920" lon="7.31480"></trkpt>
    <trkpt lat="60.40950" lon="7.31380"></trkpt>
    <trkpt lat="60.40960" lon="7.31280"></trkpt>
    <trkpt lat="60.40970" lon="7.31170"></trkpt>
    <trkpt lat="60.40950" lon="7.31080"></trkpt>
    <trkpt lat="60.40950" lon="7.30970"></trkpt>
    <trkpt lat="60.40990" lon="7.30880"></trkpt>
    <trkpt lat="60.41020" lon="7.30770"></trkpt>
    <trkpt lat="60.41030" lon="7.30680"></trkpt>
    <trkpt lat="60.41050" lon="7.30590"></trkpt>
    <trkpt lat="60.41070" lon="7.30489"></trkpt>
    <trkpt lat="60.41070" lon="7.30380"></trkpt>
    <trkpt lat="60.41080" lon="7.30270"></trkpt>
    <trkpt lat="60.41080" lon="7.30150"></trkpt>
    <trkpt lat="60.41097" lon="7.29980"></trkpt>
    <trkpt lat="60.41100" lon="7.29870"></trkpt>
    <trkpt lat="60.41090" lon="7.29770"></trkpt>
    <trkpt lat="60.41088" lon="7.29660"></trkpt>
    <trkpt lat="60.41100" lon="7.29550"></trkpt>
    <trkpt lat="60.41130" lon="7.29480"></trkpt>
    <trkpt lat="60.41160" lon="7.29400"></trkpt>
    <trkpt lat="60.41160" lon="7.29300"></trkpt>
    <trkpt lat="60.41160" lon="7.29190"></trkpt>
    <trkpt lat="60.41177" lon="7.29070"></trkpt>
    <trkpt lat="60.41180" lon="7.28970"></trkpt>
    <trkpt lat="60.41190" lon="7.28880"></trkpt>
    <trkpt lat="60.41190" lon="7.28780"></trkpt>
    <trkpt lat="60.41180" lon="7.28677"></trkpt>
    <trkpt lat="60.41180" lon="7.28560"></trkpt>
    <trkpt lat="60.41190" lon="7.28470"></trkpt>
    <trkpt lat="60.41180" lon="7.28370"></trkpt>
    <trkpt lat="60.41176" lon="7.28250"></trkpt>
    <trkpt lat="60.41150" lon="7.28090"></trkpt>
    <trkpt lat="60.41140" lon="7.27970"></trkpt>
    <trkpt lat="60.41120" lon="7.27830"></trkpt>
    <trkpt lat="60.41100" lon="7.27700"></trkpt>
    <trkpt lat="60.41080" lon="7.27540"></trkpt>
    <trkpt lat="60.41070" lon="7.27406"></trkpt>
    <trkpt lat="60.41072" lon="7.27290"></trkpt>
    <trkpt lat="60.41070" lon="7.27180"></trkpt>
    <trkpt lat="60.41090" lon="7.27050"></trkpt>
    <trkpt lat="60.41110" lon="7.26950"></trkpt>
    <trkpt lat="60.41120" lon="7.26860"></trkpt>
    <trkpt lat="60.41140" lon="7.26770"></trkpt>
    <trkpt lat="60.41150" lon="7.26670"></trkpt>
    <trkpt lat="60.41180" lon="7.26583"></trkpt>
    <trkpt lat="60.41230" lon="7.26540"></trkpt>
    <trkpt lat="60.41280" lon="7.26490"></trkpt>
    <trkpt lat="60.41311" lon="7.26390"></trkpt>
    <trkpt lat="60.41320" lon="7.26290"></trkpt>
    <trkpt lat="60.41334" lon="7.26190"></trkpt>
    <trkpt lat="60.41360" lon="7.26110"></trkpt>
    <trkpt lat="60.41411" lon="7.26060"></trkpt>
    <trkpt lat="60.41466" lon="7.26010"></trkpt>
    <trkpt lat="60.41520" lon="7.26010"></trkpt>
    <trkpt lat="60.41610" lon="7.26080"></trkpt>
    <trkpt lat="60.41660" lon="7.26120"></trkpt>
    <trkpt lat="60.41710" lon="7.26130"></trkpt>
    <trkpt lat="60.41750" lon="7.26087"></trkpt>
    <trkpt lat="60.41800" lon="7.26090"></trkpt>
    <trkpt lat="60.41850" lon="7.26080"></trkpt>
    <trkpt lat="60.41895" lon="7.26040"></trkpt>
    <trkpt lat="60.41940" lon="7.26030"></trkpt>
    <trkpt lat="60.41990" lon="7.26000"></trkpt>
    <trkpt lat="60.42020" lon="7.25920"></trkpt>
    <trkpt lat="60.42060" lon="7.25860"></trkpt>
    <trkpt lat="60.42110" lon="7.25830"></trkpt>
    <trkpt lat="60.42130" lon="7.25740"></trkpt>
    <trkpt lat="60.42152" lon="7.25640"></trkpt>
    <trkpt lat="60.42180" lon="7.25520"></trkpt>
    <trkpt lat="60.42190" lon="7.25410"></trkpt>
    <trkpt lat="60.42200" lon="7.25280"></trkpt>
    <trkpt lat="60.42220" lon="7.25120"></trkpt>
    <trkpt lat="60.42230" lon="7.25020"></trkpt>
    <trkpt lat="60.42263" lon="7.24940"></trkpt>
    <trkpt lat="60.42300" lon="7.24850"></trkpt>
    <trkpt lat="60.42362" lon="7.24800"></trkpt>
    <trkpt lat="60.42410" lon="7.24760"></trkpt>
    <trkpt lat="60.42456" lon="7.24730"></trkpt>
    <trkpt lat="60.42500" lon="7.24680"></trkpt>
    <trkpt lat="60.42540" lon="7.24600"></trkpt>
    <trkpt lat="60.42570" lon="7.24520"></trkpt>
    <trkpt lat="60.42610" lon="7.24470"></trkpt>
    <trkpt lat="60.42660" lon="7.24430"></trkpt>
    <trkpt lat="60.42670" lon="7.24340"></trkpt>
    <trkpt lat="60.42640" lon="7.24250"></trkpt>
    <trkpt lat="60.42610" lon="7.24180"></trkpt>
    <trkpt lat="60.42570" lon="7.24120"></trkpt>
    <trkpt lat="60.42520" lon="7.24090"></trkpt>
    <trkpt lat="60.42470" lon="7.24060"></trkpt>
    <trkpt lat="60.42430" lon="7.24010"></trkpt>
    <trkpt lat="60.42410" lon="7.23920"></trkpt>
    <trkpt lat="60.42410" lon="7.23820"></trkpt>
    <trkpt lat="60.42420" lon="7.23719"></trkpt>
    <trkpt lat="60.42420" lon="7.23610"></trkpt>
    <trkpt lat="60.42390" lon="7.23520"></trkpt>
    <trkpt lat="60.42440" lon="7.23500"></trkpt>
    <trkpt lat="60.42471" lon="7.23614"></trkpt>
    <trkpt lat="60.42490" lon="7.23720"></trkpt>
    <trkpt lat="60.42500" lon="7.23810"></trkpt>
    <trkpt lat="60.42480" lon="7.23918"></trkpt>
    <trkpt lat="60.42449" lon="7.23990"></trkpt>
    <trkpt lat="60.42400" lon="7.24020"></trkpt>
    <trkpt lat="60.42350" lon="7.24000"></trkpt>
    <trkpt lat="60.42310" lon="7.23939"></trkpt>
    <trkpt lat="60.42290" lon="7.23830"></trkpt>
    <trkpt lat="60.42300" lon="7.23730"></trkpt>
    <trkpt lat="60.42340" lon="7.23650"></trkpt>
    <trkpt lat="60.42400" lon="7.23619"></trkpt>
    <trkpt lat="60.42460" lon="7.23630"></trkpt>
    <trkpt lat="60.42510" lon="7.23640"></trkpt>
    <trkpt lat="60.42565" lon="7.23610"></trkpt>
    <trkpt lat="60.42590" lon="7.23520"></trkpt>
    <trkpt lat="60.42570" lon="7.23420"></trkpt>
    <trkpt lat="60.42530" lon="7.23360"></trkpt>
    <trkpt lat="60.42490" lon="7.23310"></trkpt>
    <trkpt lat="60.42460" lon="7.23230"></trkpt>
    <trkpt lat="60.42440" lon="7.23140"></trkpt>
    <trkpt lat="60.42413" lon="7.23050"></trkpt>
    <trkpt lat="60.42370" lon="7.22990"></trkpt>
    <trkpt lat="60.42310" lon="7.22960"></trkpt>
    <trkpt lat="60.42260" lon="7.22950"></trkpt>
    <trkpt lat="60.42210" lon="7.22960"></trkpt>
    <trkpt lat="60.42160" lon="7.22960"></trkpt>
    <trkpt lat="60.42100" lon="7.22920"></trkpt>
    <trkpt lat="60.42050" lon="7.22870"></trkpt>
    <trkpt lat="60.42010" lon="7.22800"></trkpt>
    <trkpt lat="60.41980" lon="7.22730"></trkpt>
    <trkpt lat="60.41960" lon="7.22620"></trkpt>
    <trkpt lat="60.41940" lon="7.22520"></trkpt>
    <trkpt lat="60.41940" lon="7.22410"></trkpt>
    <trkpt lat="60.41950" lon="7.22300"></trkpt>
    <trkpt lat="60.41970" lon="7.22210"></trkpt>
    <trkpt lat="60.42000" lon="7.22130"></trkpt>
    <trkpt lat="60.42040" lon="7.22030"></trkpt>
    <trkpt lat="60.42070" lon="7.21940"></trkpt>
    <trkpt lat="60.42100" lon="7.21870"></trkpt>
    <trkpt lat="60.42130" lon="7.21800"></trkpt>
    <trkpt lat="60.42147" lon="7.21700"></trkpt>
    <trkpt lat="60.42150" lon="7.21600"></trkpt>
    <trkpt lat="60.42140" lon="7.21470"></trkpt>
    <trkpt lat="60.42130" lon="7.21360"></trkpt>
    <trkpt lat="60.42120" lon="7.21260"></trkpt>
    <trkpt lat="60.42120" lon="7.21160"></trkpt>
    <trkpt lat="60.42140" lon="7.21070"></trkpt>
    <trkpt lat="60.42180" lon="7.20990"></trkpt>
    <trkpt lat="60.42220" lon="7.20930"></trkpt>
    <trkpt lat="60.42265" lon="7.20900"></trkpt>
    <trkpt lat="60.42300" lon="7.20820"></trkpt>
    <trkpt lat="60.42310" lon="7.20730"></trkpt>
    <trkpt lat="60.42280" lon="7.20650"></trkpt>
    <trkpt lat="60.42230" lon="7.20619"></trkpt>
    <trkpt lat="60.42180" lon="7.20660"></trkpt>
    <trkpt lat="60.42160" lon="7.20770"></trkpt>
    <trkpt lat="60.42150" lon="7.20979"></trkpt>
    <trkpt lat="60.42140" lon="7.21080"></trkpt>
    <trkpt lat="60.42110" lon="7.21150"></trkpt>
    <trkpt lat="60.42060" lon="7.21170"></trkpt>
    <trkpt lat="60.42015" lon="7.21110"></trkpt>
    <trkpt lat="60.41960" lon="7.20940"></trkpt>
    <trkpt lat="60.41930" lon="7.20840"></trkpt>
    <trkpt lat="60.41890" lon="7.20750"></trkpt>
    <trkpt lat="60.41840" lon="7.20670"></trkpt>
    <trkpt lat="60.41815" lon="7.20590"></trkpt>
    <trkpt lat="60.41790" lon="7.20480"></trkpt>
    <trkpt lat="60.41780" lon="7.20290"></trkpt>
    <trkpt lat="60.41789" lon="7.20170"></trkpt>
    <trkpt lat="60.41790" lon="7.20060"></trkpt>
    <trkpt lat="60.41800" lon="7.19921"></trkpt>
    <trkpt lat="60.41820" lon="7.19820"></trkpt>
    <trkpt lat="60.41841" lon="7.19729"></trkpt>
    <trkpt lat="60.41830" lon="7.19640"></trkpt>
    <trkpt lat="60.41790" lon="7.19560"></trkpt>
    <trkpt lat="60.41743" lon="7.19510"></trkpt>
    <trkpt lat="60.41700" lon="7.19440"></trkpt>
    <trkpt lat="60.41690" lon="7.19350"></trkpt>
    <trkpt lat="60.41730" lon="7.19280"></trkpt>
    <trkpt lat="60.41780" lon="7.19238"></trkpt>
    <trkpt lat="60.41830" lon="7.19225"></trkpt>
    <trkpt lat="60.41880" lon="7.19180"></trkpt>
    <trkpt lat="60.41920" lon="7.19120"></trkpt>
    <trkpt lat="60.41970" lon="7.18970"></trkpt>
    <trkpt lat="60.42010" lon="7.18890"></trkpt>
    <trkpt lat="60.42060" lon="7.18840"></trkpt>
    <trkpt lat="60.42120" lon="7.18770"></trkpt>
    <trkpt lat="60.42160" lon="7.18710"></trkpt>
    <trkpt lat="60.42190" lon="7.18605"></trkpt>
    <trkpt lat="60.42190" lon="7.18510"></trkpt>
    <trkpt lat="60.42170" lon="7.18370"></trkpt>
    <trkpt lat="60.42170" lon="7.18260"></trkpt>
    <trkpt lat="60.42180" lon="7.18160"></trkpt>
    <trkpt lat="60.42180" lon="7.18050"></trkpt>
    <trkpt lat="60.42150" lon="7.17910"></trkpt>
    <trkpt lat="60.42120" lon="7.17800"></trkpt>
    <trkpt lat="60.42080" lon="7.17680"></trkpt>
    <trkpt lat="60.42020" lon="7.17500"></trkpt>
    <trkpt lat="60.41980" lon="7.17405"></trkpt>
    <trkpt lat="60.41900" lon="7.17260"></trkpt>
    <trkpt lat="60.41860" lon="7.17190"></trkpt>
    <trkpt lat="60.41840" lon="7.17070"></trkpt>
    <trkpt lat="60.41830" lon="7.16980"></trkpt>
    <trkpt lat="60.41820" lon="7.16870"></trkpt>
    <trkpt lat="60.41800" lon="7.16780"></trkpt>
    <trkpt lat="60.41770" lon="7.16697"></trkpt>
    <trkpt lat="60.41745" lon="7.16610"></trkpt>
    <trkpt lat="60.41730" lon="7.16520"></trkpt>
    <trkpt lat="60.41720" lon="7.16420"></trkpt>
    <trkpt lat="60.41730" lon="7.16280"></trkpt>
    <trkpt lat="60.41720" lon="7.16170"></trkpt>
    <trkpt lat="60.41710" lon="7.16070"></trkpt>
    <trkpt lat="60.41700" lon="7.15920"></trkpt>
    <trkpt lat="60.41680" lon="7.15790"></trkpt>
    <trkpt lat="60.41670" lon="7.15690"></trkpt>
    <trkpt lat="60.41660" lon="7.15570"></trkpt>
    <trkpt lat="60.41650" lon="7.15470"></trkpt>
    <trkpt lat="60.41646" lon="7.15378"></trkpt>
    <trkpt lat="60.41620" lon="7.15300"></trkpt>
    <trkpt lat="60.41610" lon="7.15200"></trkpt>
    <trkpt lat="60.41600" lon="7.15100"></trkpt>
    <trkpt lat="60.41640" lon="7.15010"></trkpt>
    <trkpt lat="60.41670" lon="7.14940"></trkpt>
    <trkpt lat="60.41703" lon="7.14840"></trkpt>
    <trkpt lat="60.41700" lon="7.14740"></trkpt>
    <trkpt lat="60.41710" lon="7.14650"></trkpt>
    <trkpt lat="60.41730" lon="7.14550"></trkpt>
    <trkpt lat="60.41771" lon="7.14470"></trkpt>
    <trkpt lat="60.41810" lon="7.14380"></trkpt>
    <trkpt lat="60.41850" lon="7.14310"></trkpt>
    <trkpt lat="60.41920" lon="7.14230"></trkpt>
    <trkpt lat="60.41970" lon="7.14190"></trkpt>
    <trkpt lat="60.42029" lon="7.14150"></trkpt>
    <trkpt lat="60.42080" lon="7.14152"></trkpt>
    <trkpt lat="60.42130" lon="7.14139"></trkpt>
    <trkpt lat="60.42170" lon="7.14090"></trkpt>
    <trkpt lat="60.42210" lon="7.14048"></trkpt>
    <trkpt lat="60.42240" lon="7.13974"></trkpt>
    <trkpt lat="60.42270" lon="7.13840"></trkpt>
    <trkpt lat="60.42300" lon="7.13750"></trkpt>
    <trkpt lat="60.42320" lon="7.13660"></trkpt>
    <trkpt lat="60.42340" lon="7.13550"></trkpt>
    <trkpt lat="60.42350" lon="7.13440"></trkpt>
    <trkpt lat="60.42370" lon="7.13310"></trkpt>
    <trkpt lat="60.42380" lon="7.13210"></trkpt>
    <trkpt lat="60.42380" lon="7.13090"></trkpt>
    <trkpt lat="60.42380" lon="7.12980"></trkpt>
    <trkpt lat="60.42370" lon="7.12840"></trkpt>
    <trkpt lat="60.42360" lon="7.12750"></trkpt>
    <trkpt lat="60.42370" lon="7.12640"></trkpt>
    <trkpt lat="60.42380" lon="7.12540"></trkpt>
    <trkpt lat="60.42390" lon="7.12380"></trkpt>
    <trkpt lat="60.42420" lon="7.12090"></trkpt>
    <trkpt lat="60.42450" lon="7.11780"></trkpt>
    <trkpt lat="60.42460" lon="7.11614"></trkpt>
    <trkpt lat="60.42482" lon="7.11470"></trkpt>
    <trkpt lat="60.42490" lon="7.11300"></trkpt>
    <trkpt lat="60.42510" lon="7.11170"></trkpt>
    <trkpt lat="60.42530" lon="7.11080"></trkpt>
    <trkpt lat="60.42562" lon="7.11010"></trkpt>
    <trkpt lat="60.42599" lon="7.10930"></trkpt>
    <trkpt lat="60.42640" lon="7.10860"></trkpt>
    <trkpt lat="60.42680" lon="7.10810"></trkpt>
    <trkpt lat="60.42730" lon="7.10771"></trkpt>
    <trkpt lat="60.42780" lon="7.10740"></trkpt>
    <trkpt lat="60.43500" lon="7.10370"></trkpt>
    <trkpt lat="60.43570" lon="7.10340"></trkpt>
    <trkpt lat="60.43640" lon="7.10320"></trkpt>
    <trkpt lat="60.43710" lon="7.10330"></trkpt>
    <trkpt lat="60.43786" lon="7.10340"></trkpt>
    <trkpt lat="60.43850" lon="7.10370"></trkpt>
    <trkpt lat="60.43924" lon="7.10420"></trkpt>
    <trkpt lat="60.44180" lon="7.10630"></trkpt>
    <trkpt lat="60.44240" lon="7.10670"></trkpt>
    <trkpt lat="60.44300" lon="7.10690"></trkpt>
    <trkpt lat="60.44350" lon="7.10670"></trkpt>
    <trkpt lat="60.44440" lon="7.10580"></trkpt>
    <trkpt lat="60.44490" lon="7.10510"></trkpt>
    <trkpt lat="60.44529" lon="7.10440"></trkpt>
    <trkpt lat="60.44560" lon="7.10350"></trkpt>
    <trkpt lat="60.44600" lon="7.10280"></trkpt>
    <trkpt lat="60.44640" lon="7.10120"></trkpt>
    <trkpt lat="60.44670" lon="7.10030"></trkpt>
    <trkpt lat="60.44720" lon="7.09940"></trkpt>
    <trkpt lat="60.44780" lon="7.09860"></trkpt>
    <trkpt lat="60.44830" lon="7.09800"></trkpt>
    <trkpt lat="60.44880" lon="7.09740"></trkpt>
    <trkpt lat="60.44950" lon="7.09670"></trkpt>
    <trkpt lat="60.45000" lon="7.09620"></trkpt>
    <trkpt lat="60.45110" lon="7.09432"></trkpt>
    <trkpt lat="60.45150" lon="7.09360"></trkpt>
    <trkpt lat="60.45190" lon="7.09310"></trkpt>
    <trkpt lat="60.45230" lon="7.09260"></trkpt>
    <trkpt lat="60.45270" lon="7.09210"></trkpt>
    <trkpt lat="60.45320" lon="7.09170"></trkpt>
    <trkpt lat="60.45370" lon="7.09180"></trkpt>
    <trkpt lat="60.45441" lon="7.09210"></trkpt>
    <trkpt lat="60.45490" lon="7.09240"></trkpt>
    <trkpt lat="60.45580" lon="7.09270"></trkpt>
    <trkpt lat="60.45626" lon="7.09281"></trkpt>
    <trkpt lat="60.45670" lon="7.09250"></trkpt>
    <trkpt lat="60.45700" lon="7.09170"></trkpt>
    <trkpt lat="60.45710" lon="7.09060"></trkpt>
    <trkpt lat="60.45710" lon="7.08960"></trkpt>
    <trkpt lat="60.45700" lon="7.08850"></trkpt>
    <trkpt lat="60.45700" lon="7.08740"></trkpt>
    <trkpt lat="60.45710" lon="7.08610"></trkpt>
    <trkpt lat="60.45720" lon="7.08480"></trkpt>
    <trkpt lat="60.45730" lon="7.08390"></trkpt>
    <trkpt lat="60.45770" lon="7.08320"></trkpt>
    <trkpt lat="60.45815" lon="7.08239"></trkpt>
    <trkpt lat="60.45850" lon="7.08160"></trkpt>
    <trkpt lat="60.45900" lon="7.08120"></trkpt>
    <trkpt lat="60.45950" lon="7.08110"></trkpt>
    <trkpt lat="60.46000" lon="7.08080"></trkpt>
    <trkpt lat="60.46050" lon="7.08020"></trkpt>
    <trkpt lat="60.46110" lon="7.07960"></trkpt>
    <trkpt lat="60.46168" lon="7.07900"></trkpt>
    <trkpt lat="60.46230" lon="7.07830"></trkpt>
    <trkpt lat="60.46280" lon="7.07780"></trkpt>
    <trkpt lat="60.46320" lon="7.07720"></trkpt>
    <trkpt lat="60.46350" lon="7.07620"></trkpt>
    <trkpt lat="60.46377" lon="7.07500"></trkpt>
    <trkpt lat="60.46400" lon="7.07410"></trkpt>
    <trkpt lat="60.46430" lon="7.07330"></trkpt>
    <trkpt lat="60.46480" lon="7.07260"></trkpt>
    <trkpt lat="60.46520" lon="7.07210"></trkpt>
    <trkpt lat="60.46560" lon="7.07150"></trkpt>
    <trkpt lat="60.46600" lon="7.07060"></trkpt>
    <trkpt lat="60.46630" lon="7.06970"></trkpt>
    <trkpt lat="60.46660" lon="7.06900"></trkpt>
    <trkpt lat="60.46630" lon="7.06820"></trkpt>
    <trkpt lat="60.46600" lon="7.06720"></trkpt>
    <trkpt lat="60.46560" lon="7.06620"></trkpt>
    <trkpt lat="60.46540" lon="7.06530"></trkpt>
    <trkpt lat="60.46510" lon="7.06440"></trkpt>
    <trkpt lat="60.46480" lon="7.06350"></trkpt>
    <trkpt lat="60.46450" lon="7.06281"></trkpt>
    <trkpt lat="60.46420" lon="7.06200"></trkpt>
    <trkpt lat="60.46380" lon="7.06100"></trkpt>
    <trkpt lat="60.46350" lon="7.06030"></trkpt>
    <trkpt lat="60.46340" lon="7.05940"></trkpt>
    <trkpt lat="60.46360" lon="7.05850"></trkpt>
    <trkpt lat="60.46400" lon="7.05760"></trkpt>
    <trkpt lat="60.46460" lon="7.05660"></trkpt>
    <trkpt lat="60.46510" lon="7.05580"></trkpt>
    <trkpt lat="60.46580" lon="7.05490"></trkpt>
    <trkpt lat="60.46620" lon="7.05430"></trkpt>
    <trkpt lat="60.46660" lon="7.05360"></trkpt>
    <trkpt lat="60.46700" lon="7.05280"></trkpt>
    <trkpt lat="60.46730" lon="7.05180"></trkpt>
    <trkpt lat="60.46780" lon="7.05004"></trkpt>
    <trkpt lat="60.46810" lon="7.04920"></trkpt>
    <trkpt lat="60.46860" lon="7.04860"></trkpt>
    <trkpt lat="60.46910" lon="7.04820"></trkpt>
    <trkpt lat="60.46960" lon="7.04750"></trkpt>
    <trkpt lat="60.47000" lon="7.04690"></trkpt>
    <trkpt lat="60.47040" lon="7.04637"></trkpt>
    <trkpt lat="60.47080" lon="7.04580"></trkpt>
    <trkpt lat="60.47150" lon="7.04500"></trkpt>
    <trkpt lat="60.47190" lon="7.04450"></trkpt>
    <trkpt lat="60.47257" lon="7.04390"></trkpt>
    <trkpt lat="60.47300" lon="7.04310"></trkpt>
    <trkpt lat="60.47341" lon="7.04220"></trkpt>
    <trkpt lat="60.47360" lon="7.04130"></trkpt>
    <trkpt lat="60.47390" lon="7.04010"></trkpt>
    <trkpt lat="60.47430" lon="7.03870"></trkpt>
    <trkpt lat="60.47470" lon="7.03740"></trkpt>
    <trkpt lat="60.47500" lon="7.03600"></trkpt>
    <trkpt lat="60.47570" lon="7.03330"></trkpt>
    <trkpt lat="60.47620" lon="7.03130"></trkpt>
    <trkpt lat="60.47650" lon="7.03050"></trkpt>
    <trkpt lat="60.47690" lon="7.02980"></trkpt>
    <trkpt lat="60.47730" lon="7.02870"></trkpt>
    <trkpt lat="60.47800" lon="7.02660"></trkpt>
    <trkpt lat="60.47830" lon="7.02589"></trkpt>
    <trkpt lat="60.47850" lon="7.02500"></trkpt>
    <trkpt lat="60.47866" lon="7.02410"></trkpt>
    <trkpt lat="60.47880" lon="7.02280"></trkpt>
    <trkpt lat="60.47920" lon="7.02150"></trkpt>
    <trkpt lat="60.47940" lon="7.02060"></trkpt>
    <trkpt lat="60.47950" lon="7.01910"></trkpt>
    <trkpt lat="60.47970" lon="7.01810"></trkpt>
    <trkpt lat="60.47995" lon="7.01720"></trkpt>
    <trkpt lat="60.48000" lon="7.01600"></trkpt>
    <trkpt lat="60.48010" lon="7.01490"></trkpt>
    <trkpt lat="60.48031" lon="7.01370"></trkpt>
    <trkpt lat="60.48040" lon="7.01210"></trkpt>
    <trkpt lat="60.48050" lon="7.01080"></trkpt>
    <trkpt lat="60.48060" lon="7.00940"></trkpt>
    <trkpt lat="60.48080" lon="7.00830"></trkpt>
    <trkpt lat="60.48097" lon="7.00720"></trkpt>
    <trkpt lat="60.48110" lon="7.00610"></trkpt>
    <trkpt lat="60.48140" lon="7.00490"></trkpt>
    <trkpt lat="60.48150" lon="7.00390"></trkpt>
    <trkpt lat="60.48163" lon="7.00290"></trkpt>
    <trkpt lat="60.48160" lon="7.00160"></trkpt>
    <trkpt lat="60.48170" lon="7.00070"></trkpt>
    <trkpt lat="60.48180" lon="6.99980"></trkpt>
    <trkpt lat="60.48190" lon="6.99880"></trkpt>
    <trkpt lat="60.48190" lon="6.99770"></trkpt>
    <trkpt lat="60.48210" lon="6.99650"></trkpt>
    <trkpt lat="60.48240" lon="6.99570"></trkpt>
    <trkpt lat="60.48250" lon="6.99480"></trkpt>
    <trkpt lat="60.48250" lon="6.99370"></trkpt>
    <trkpt lat="60.48230" lon="6.99280"></trkpt>
    <trkpt lat="60.48200" lon="6.99195"></trkpt>
    <trkpt lat="60.48180" lon="6.99110"></trkpt>
    <trkpt lat="60.48170" lon="6.99010"></trkpt>
    <trkpt lat="60.48166" lon="6.98900"></trkpt>
    <trkpt lat="60.48150" lon="6.98780"></trkpt>
    <trkpt lat="60.48140" lon="6.98670"></trkpt>
    <trkpt lat="60.48140" lon="6.98550"></trkpt>
    <trkpt lat="60.48130" lon="6.98430"></trkpt>
    <trkpt lat="60.48130" lon="6.98330"></trkpt>
    <trkpt lat="60.48150" lon="6.98223"></trkpt>
    <trkpt lat="60.48160" lon="6.98120"></trkpt>
    <trkpt lat="60.48170" lon="6.98000"></trkpt>
    <trkpt lat="60.48170" lon="6.97891"></trkpt>
    <trkpt lat="60.48170" lon="6.97773"></trkpt>
    <trkpt lat="60.48170" lon="6.97650"></trkpt>
    <trkpt lat="60.48150" lon="6.97530"></trkpt>
    <trkpt lat="60.48120" lon="6.97400"></trkpt>
    <trkpt lat="60.48100" lon="6.97310"></trkpt>
    <trkpt lat="60.48070" lon="6.97230"></trkpt>
    <trkpt lat="60.47990" lon="6.97030"></trkpt>
    <trkpt lat="60.47963" lon="6.96930"></trkpt>
    <trkpt lat="60.47920" lon="6.96810"></trkpt>
    <trkpt lat="60.47860" lon="6.96640"></trkpt>
    <trkpt lat="60.47830" lon="6.96560"></trkpt>
    <trkpt lat="60.47800" lon="6.96450"></trkpt>
    <trkpt lat="60.47790" lon="6.96350"></trkpt>
    <trkpt lat="60.47750" lon="6.96220"></trkpt>
    <trkpt lat="60.47640" lon="6.95920"></trkpt>
    <trkpt lat="60.47600" lon="6.95830"></trkpt>
    <trkpt lat="60.47570" lon="6.95740"></trkpt>
    <trkpt lat="60.47550" lon="6.95650"></trkpt>
    <trkpt lat="60.47533" lon="6.95540"></trkpt>
    <trkpt lat="60.47500" lon="6.95420"></trkpt>
    <trkpt lat="60.47482" lon="6.95330"></trkpt>
    <trkpt lat="60.47450" lon="6.95230"></trkpt>
    <trkpt lat="60.47420" lon="6.95135"></trkpt>
    <trkpt lat="60.47390" lon="6.95050"></trkpt>
    <trkpt lat="60.47360" lon="6.94970"></trkpt>
    <trkpt lat="60.47270" lon="6.94770"></trkpt>
    <trkpt lat="60.47241" lon="6.94690"></trkpt>
    <trkpt lat="60.47217" lon="6.94600"></trkpt>
    <trkpt lat="60.47190" lon="6.94500"></trkpt>
    <trkpt lat="60.47180" lon="6.94390"></trkpt>
    <trkpt lat="60.47160" lon="6.94250"></trkpt>
    <trkpt lat="60.47150" lon="6.93960"></trkpt>
    <trkpt lat="60.47150" lon="6.93860"></trkpt>
    <trkpt lat="60.47150" lon="6.93740"></trkpt>
    <trkpt lat="60.47160" lon="6.93640"></trkpt>
    <trkpt lat="60.47160" lon="6.93530"></trkpt>
    <trkpt lat="60.47150" lon="6.93430"></trkpt>
    <trkpt lat="60.47140" lon="6.93320"></trkpt>
    <trkpt lat="60.47120" lon="6.93210"></trkpt>
    <trkpt lat="60.47120" lon="6.93070"></trkpt>
    <trkpt lat="60.47120" lon="6.92960"></trkpt>
    <trkpt lat="60.47130" lon="6.92770"></trkpt>
    <trkpt lat="60.47140" lon="6.92570"></trkpt>
    <trkpt lat="60.47140" lon="6.92450"></trkpt>
    <trkpt lat="60.47154" lon="6.92357"></trkpt>
    <trkpt lat="60.47150" lon="6.92240"></trkpt>
    <trkpt lat="60.47150" lon="6.92140"></trkpt>
    <trkpt lat="60.47150" lon="6.92020"></trkpt>
    <trkpt lat="60.47140" lon="6.91875"></trkpt>
    <trkpt lat="60.47140" lon="6.91780"></trkpt>
    <trkpt lat="60.47140" lon="6.91650"></trkpt>
    <trkpt lat="60.47140" lon="6.91530"></trkpt>
    <trkpt lat="60.47150" lon="6.91370"></trkpt>
    <trkpt lat="60.47150" lon="6.91250"></trkpt>
    <trkpt lat="60.47140" lon="6.91140"></trkpt>
    <trkpt lat="60.47140" lon="6.91020"></trkpt>
    <trkpt lat="60.47120" lon="6.90933"></trkpt>
    <trkpt lat="60.47100" lon="6.90840"></trkpt>
    <trkpt lat="60.47068" lon="6.90750"></trkpt>
    <trkpt lat="60.47040" lon="6.90650"></trkpt>
    <trkpt lat="60.47026" lon="6.90450"></trkpt>
    <trkpt lat="60.47010" lon="6.90290"></trkpt>
    <trkpt lat="60.46990" lon="6.90150"></trkpt>
    <trkpt lat="60.46980" lon="6.90040"></trkpt>
    <trkpt lat="60.46960" lon="6.89900"></trkpt>
    <trkpt lat="60.46930" lon="6.89780"></trkpt>
    <trkpt lat="60.46900" lon="6.89690"></trkpt>
    <trkpt lat="60.46850" lon="6.89600"></trkpt>
    <trkpt lat="60.46810" lon="6.89520"></trkpt>
    <trkpt lat="60.46796" lon="6.89430"></trkpt>
    <trkpt lat="60.46780" lon="6.89340"></trkpt>
    <trkpt lat="60.46760" lon="6.89240"></trkpt>
    <trkpt lat="60.46760" lon="6.89130"></trkpt>
    <trkpt lat="60.46770" lon="6.89020"></trkpt>
    <trkpt lat="60.46782" lon="6.88910"></trkpt>
    <trkpt lat="60.46750" lon="6.88660"></trkpt>
    <trkpt lat="60.46750" lon="6.88550"></trkpt>
    <trkpt lat="60.46760" lon="6.88420"></trkpt>
    <trkpt lat="60.46780" lon="6.88310"></trkpt>
    <trkpt lat="60.46800" lon="6.88160"></trkpt>
    <trkpt lat="60.46830" lon="6.87990"></trkpt>
    <trkpt lat="60.46850" lon="6.87890"></trkpt>
    <trkpt lat="60.46860" lon="6.87793"></trkpt>
    <trkpt lat="60.46859" lon="6.87680"></trkpt>
    <trkpt lat="60.46840" lon="6.87560"></trkpt>
    <trkpt lat="60.46811" lon="6.87430"></trkpt>
    <trkpt lat="60.46790" lon="6.87340"></trkpt>
    <trkpt lat="60.46790" lon="6.87220"></trkpt>
    <trkpt lat="60.46810" lon="6.87130"></trkpt>
    <trkpt lat="60.46840" lon="6.87060"></trkpt>
    <trkpt lat="60.46880" lon="6.87010"></trkpt>
    <trkpt lat="60.46920" lon="6.86940"></trkpt>
    <trkpt lat="60.46940" lon="6.86858"></trkpt>
    <trkpt lat="60.46950" lon="6.86740"></trkpt>
    <trkpt lat="60.46960" lon="6.86610"></trkpt>
    <trkpt lat="60.46990" lon="6.86450"></trkpt>
    <trkpt lat="60.47000" lon="6.86360"></trkpt>
    <trkpt lat="60.47020" lon="6.86240"></trkpt>
    <trkpt lat="60.47030" lon="6.86150"></trkpt>
    <trkpt lat="60.47030" lon="6.86050"></trkpt>
    <trkpt lat="60.47020" lon="6.85940"></trkpt>
    <trkpt lat="60.47010" lon="6.85810"></trkpt>
    <trkpt lat="60.46990" lon="6.85690"></trkpt>
    <trkpt lat="60.46970" lon="6.85600"></trkpt>
    <trkpt lat="60.46970" lon="6.85491"></trkpt>
    <trkpt lat="60.46970" lon="6.85370"></trkpt>
    <trkpt lat="60.46970" lon="6.85010"></trkpt>
    <trkpt lat="60.46970" lon="6.84830"></trkpt>
    <trkpt lat="60.46970" lon="6.84720"></trkpt>
    <trkpt lat="60.46942" lon="6.84580"></trkpt>
    <trkpt lat="60.46920" lon="6.84500"></trkpt>
    <trkpt lat="60.46920" lon="6.84400"></trkpt>
    <trkpt lat="60.46934" lon="6.84150"></trkpt>
    <trkpt lat="60.46930" lon="6.83970"></trkpt>
    <trkpt lat="60.46940" lon="6.83860"></trkpt>
    <trkpt lat="60.46950" lon="6.83641"></trkpt>
    <trkpt lat="60.46950" lon="6.83520"></trkpt>
    <trkpt lat="60.46950" lon="6.83390"></trkpt>
    <trkpt lat="60.46960" lon="6.83270"></trkpt>
    <trkpt lat="60.46950" lon="6.83150"></trkpt>
    <trkpt lat="60.46930" lon="6.83060"></trkpt>
    <trkpt lat="60.46890" lon="6.82980"></trkpt>
    <trkpt lat="60.46830" lon="6.82900"></trkpt>
    <trkpt lat="60.46780" lon="6.82860"></trkpt>
    <trkpt lat="60.46710" lon="6.82830"></trkpt>
    <trkpt lat="60.46630" lon="6.82830"></trkpt>
    <trkpt lat="60.46580" lon="6.82830"></trkpt>
    <trkpt lat="60.46500" lon="6.82360"></trkpt>
    <trkpt lat="60.46480" lon="6.82270"></trkpt>
    <trkpt lat="60.46450" lon="6.82174"></trkpt>
    <trkpt lat="60.46420" lon="6.82090"></trkpt>
    <trkpt lat="60.46380" lon="6.82030"></trkpt>
    <trkpt lat="60.46280" lon="6.81880"></trkpt>
    <trkpt lat="60.46200" lon="6.81770"></trkpt>
    <trkpt lat="60.46160" lon="6.81700"></trkpt>
    <trkpt lat="60.46090" lon="6.81600"></trkpt>
    <trkpt lat="60.46040" lon="6.81540"></trkpt>
    <trkpt lat="60.45997" lon="6.81470"></trkpt>
    <trkpt lat="60.45950" lon="6.81440"></trkpt>
    <trkpt lat="60.45890" lon="6.81420"></trkpt>
    <trkpt lat="60.45840" lon="6.81400"></trkpt>
    <trkpt lat="60.45790" lon="6.81350"></trkpt>
    <trkpt lat="60.45720" lon="6.81240"></trkpt>
    <trkpt lat="60.45670" lon="6.81170"></trkpt>
    <trkpt lat="60.45620" lon="6.81100"></trkpt>
    <trkpt lat="60.45570" lon="6.81052"></trkpt>
    <trkpt lat="60.45510" lon="6.81027"></trkpt>
    <trkpt lat="60.45450" lon="6.81000"></trkpt>
    <trkpt lat="60.45360" lon="6.80914"></trkpt>
    <trkpt lat="60.45317" lon="6.80870"></trkpt>
    <trkpt lat="60.45270" lon="6.80840"></trkpt>
    <trkpt lat="60.45210" lon="6.80810"></trkpt>
    <trkpt lat="60.45160" lon="6.80770"></trkpt>
    <trkpt lat="60.45110" lon="6.80720"></trkpt>
    <trkpt lat="60.45070" lon="6.80650"></trkpt>
    <trkpt lat="60.45040" lon="6.80550"></trkpt>
    <trkpt lat="60.45000" lon="6.80500"></trkpt>
    <trkpt lat="60.44950" lon="6.80480"></trkpt>
    <trkpt lat="60.44920" lon="6.80410"></trkpt>
    <trkpt lat="60.44905" lon="6.80320"></trkpt>
    <trkpt lat="60.44880" lon="6.80235"></trkpt>
    <trkpt lat="60.44860" lon="6.80150"></trkpt>
    <trkpt lat="60.44840" lon="6.80060"></trkpt>
    <trkpt lat="60.44810" lon="6.79990"></trkpt>
    <trkpt lat="60.44780" lon="6.79910"></trkpt>
    <trkpt lat="60.44750" lon="6.79780"></trkpt>
    <trkpt lat="60.44740" lon="6.79690"></trkpt>
    <trkpt lat="60.44750" lon="6.79590"></trkpt>
    <trkpt lat="60.44743" lon="6.79500"></trkpt>
    <trkpt lat="60.44700" lon="6.79420"></trkpt>
    <trkpt lat="60.44650" lon="6.79324"></trkpt>
    <trkpt lat="60.44620" lon="6.79240"></trkpt>
    <trkpt lat="60.44580" lon="6.79160"></trkpt>
    <trkpt lat="60.44540" lon="6.79070"></trkpt>
    <trkpt lat="60.44500" lon="6.78990"></trkpt>
    <trkpt lat="60.44470" lon="6.78890"></trkpt>
    <trkpt lat="60.44420" lon="6.78800"></trkpt>
    <trkpt lat="60.44370" lon="6.78750"></trkpt>
    <trkpt lat="60.44360" lon="6.78630"></trkpt>
    <trkpt lat="60.44320" lon="6.78500"></trkpt>
    <trkpt lat="60.44284" lon="6.78410"></trkpt>
    <trkpt lat="60.44240" lon="6.78310"></trkpt>
    <trkpt lat="60.44210" lon="6.78210"></trkpt>
    <trkpt lat="60.44180" lon="6.78130"></trkpt>
    <trkpt lat="60.44155" lon="6.78050"></trkpt>
    <trkpt lat="60.44110" lon="6.78000"></trkpt>
    <trkpt lat="60.44050" lon="6.77960"></trkpt>
    <trkpt lat="60.44000" lon="6.77920"></trkpt>
    <trkpt lat="60.43930" lon="6.77810"></trkpt>
    <trkpt lat="60.43880" lon="6.77758"></trkpt>
    <trkpt lat="60.43820" lon="6.77700"></trkpt>
    <trkpt lat="60.43778" lon="6.77660"></trkpt>
    <trkpt lat="60.43720" lon="6.77642"></trkpt>
    <trkpt lat="60.43670" lon="6.77600"></trkpt>
    <trkpt lat="60.43630" lon="6.77540"></trkpt>
    <trkpt lat="60.43601" lon="6.77470"></trkpt>
    <trkpt lat="60.43570" lon="6.77400"></trkpt>
    <trkpt lat="60.43540" lon="6.77330"></trkpt>
    <trkpt lat="60.43520" lon="6.77230"></trkpt>
    <trkpt lat="60.43510" lon="6.77110"></trkpt>
    <trkpt lat="60.43512" lon="6.76990"></trkpt>
    <trkpt lat="60.43490" lon="6.76900"></trkpt>
    <trkpt lat="60.43480" lon="6.76810"></trkpt>
    <trkpt lat="60.43480" lon="6.76710"></trkpt>
    <trkpt lat="60.43460" lon="6.76620"></trkpt>
    <trkpt lat="60.43450" lon="6.76510"></trkpt>
    <trkpt lat="60.43450" lon="6.76400"></trkpt>
    <trkpt lat="60.43460" lon="6.76310"></trkpt>
    <trkpt lat="60.43460" lon="6.76210"></trkpt>
    <trkpt lat="60.43450" lon="6.76110"></trkpt>
    <trkpt lat="60.43440" lon="6.76010"></trkpt>
    <trkpt lat="60.43420" lon="6.75900"></trkpt>
    <trkpt lat="60.43400" lon="6.75790"></trkpt>
    <trkpt lat="60.43340" lon="6.75660"></trkpt>
    <trkpt lat="60.43310" lon="6.75570"></trkpt>
    <trkpt lat="60.43230" lon="6.75489"></trkpt>
    <trkpt lat="60.43170" lon="6.75440"></trkpt>
    <trkpt lat="60.43120" lon="6.75400"></trkpt>
    <trkpt lat="60.43070" lon="6.75360"></trkpt>
    <trkpt lat="60.43020" lon="6.75310"></trkpt>
    <trkpt lat="60.42980" lon="6.75260"></trkpt>
    <trkpt lat="60.42940" lon="6.75190"></trkpt>
    <trkpt lat="60.42900" lon="6.75140"></trkpt>
    <trkpt lat="60.42840" lon="6.75090"></trkpt>
    <trkpt lat="60.42800" lon="6.75030"></trkpt>
    <trkpt lat="60.42750" lon="6.75030"></trkpt>
    <trkpt lat="60.42710" lon="6.75080"></trkpt>
    <trkpt lat="60.42650" lon="6.75070"></trkpt>
    <trkpt lat="60.42563" lon="6.75050"></trkpt>
    <trkpt lat="60.42510" lon="6.75040"></trkpt>
    <trkpt lat="60.42450" lon="6.75030"></trkpt>
    <trkpt lat="60.42397" lon="6.75030"></trkpt>
    <trkpt lat="60.42350" lon="6.75010"></trkpt>
    <trkpt lat="60.42300" lon="6.74960"></trkpt>
    <trkpt lat="60.42240" lon="6.74950"></trkpt>
    <trkpt lat="60.42190" lon="6.74930"></trkpt>
    <trkpt lat="60.42140" lon="6.74860"></trkpt>
    <trkpt lat="60.42080" lon="6.74820"></trkpt>
    <trkpt lat="60.42030" lon="6.74780"></trkpt>
    <trkpt lat="60.41990" lon="6.74710"></trkpt>
    <trkpt lat="60.41950" lon="6.74640"></trkpt>
    <trkpt lat="60.41890" lon="6.74580"></trkpt>
    <trkpt lat="60.41841" lon="6.74520"></trkpt>
    <trkpt lat="60.41770" lon="6.74480"></trkpt>
    <trkpt lat="60.41727" lon="6.74440"></trkpt>
    <trkpt lat="60.41670" lon="6.74400"></trkpt>
    <trkpt lat="60.41620" lon="6.74360"></trkpt>
    <trkpt lat="60.41580" lon="6.74310"></trkpt>
    <trkpt lat="60.41530" lon="6.74260"></trkpt>
    <trkpt lat="60.41480" lon="6.74220"></trkpt>
    <trkpt lat="60.41430" lon="6.74200"></trkpt>
    <trkpt lat="60.41360" lon="6.74180"></trkpt>
    <trkpt lat="60.41290" lon="6.74130"></trkpt>
    <trkpt lat="60.41220" lon="6.74080"></trkpt>
    <trkpt lat="60.41170" lon="6.74020"></trkpt>
    <trkpt lat="60.41120" lon="6.73950"></trkpt>
    <trkpt lat="60.41070" lon="6.73900"></trkpt>
    <trkpt lat="60.41000" lon="6.73840"></trkpt>
    <trkpt lat="60.40940" lon="6.73790"></trkpt>
    <trkpt lat="60.40887" lon="6.73740"></trkpt>
    <trkpt lat="60.40840" lon="6.73690"></trkpt>
    <trkpt lat="60.40800" lon="6.73640"></trkpt>
    <trkpt lat="60.40760" lon="6.73580"></trkpt>
    <trkpt lat="60.40720" lon="6.73520"></trkpt>
    <trkpt lat="60.40680" lon="6.73440"></trkpt>
    <trkpt lat="60.40640" lon="6.73370"></trkpt>
    <trkpt lat="60.40610" lon="6.73290"></trkpt>
    <trkpt lat="60.40590" lon="6.73170"></trkpt>
    <trkpt lat="60.40560" lon="6.73090"></trkpt>
    <trkpt lat="60.40540" lon="6.73000"></trkpt>
    <trkpt lat="60.40519" lon="6.72910"></trkpt>
    <trkpt lat="60.40490" lon="6.72840"></trkpt>
    <trkpt lat="60.40460" lon="6.72760"></trkpt>
    <trkpt lat="60.40430" lon="6.72680"></trkpt>
    <trkpt lat="60.40410" lon="6.72580"></trkpt>
    <trkpt lat="60.40380" lon="6.72480"></trkpt>
    <trkpt lat="60.40340" lon="6.72370"></trkpt>
    <trkpt lat="60.40290" lon="6.72210"></trkpt>
    <trkpt lat="60.40260" lon="6.72120"></trkpt>
    <trkpt lat="60.40230" lon="6.72050"></trkpt>
    <trkpt lat="60.40190" lon="6.71990"></trkpt>
    <trkpt lat="60.40140" lon="6.71900"></trkpt>
    <trkpt lat="60.40100" lon="6.71840"></trkpt>
    <trkpt lat="60.40050" lon="6.71730"></trkpt>
    <trkpt lat="60.40010" lon="6.71670"></trkpt>
    <trkpt lat="60.39960" lon="6.71580"></trkpt>
    <trkpt lat="60.39920" lon="6.71490"></trkpt>
    <trkpt lat="60.39870" lon="6.71421"></trkpt>
    <trkpt lat="60.39830" lon="6.71360"></trkpt>
    <trkpt lat="60.39780" lon="6.71300"></trkpt>
    <trkpt lat="60.39730" lon="6.71230"></trkpt>
    <trkpt lat="60.39680" lon="6.71190"></trkpt>
    <trkpt lat="60.39530" lon="6.71090"></trkpt>
    <trkpt lat="60.39460" lon="6.71070"></trkpt>
    <trkpt lat="60.39400" lon="6.71080"></trkpt>
    <trkpt lat="60.39293" lon="6.71150"></trkpt>
    <trkpt lat="60.39230" lon="6.71200"></trkpt>
    <trkpt lat="60.39180" lon="6.71250"></trkpt>
    <trkpt lat="60.39140" lon="6.71320"></trkpt>
    <trkpt lat="60.39100" lon="6.71394"></trkpt>
    <trkpt lat="60.39060" lon="6.71450"></trkpt>
    <trkpt lat="60.39010" lon="6.71510"></trkpt>
    <trkpt lat="60.38950" lon="6.71560"></trkpt>
    <trkpt lat="60.38890" lon="6.71590"></trkpt>
    <trkpt lat="60.38830" lon="6.71630"></trkpt>
    <trkpt lat="60.38720" lon="6.71740"></trkpt>
    <trkpt lat="60.38669" lon="6.71786"></trkpt>
    <trkpt lat="60.38620" lon="6.71800"></trkpt>
    <trkpt lat="60.38570" lon="6.71810"></trkpt>
    <trkpt lat="60.38500" lon="6.71870"></trkpt>
    <trkpt lat="60.38430" lon="6.71923"></trkpt>
    <trkpt lat="60.38370" lon="6.71980"></trkpt>
    <trkpt lat="60.38330" lon="6.72030"></trkpt>
    <trkpt lat="60.38290" lon="6.72100"></trkpt>
    <trkpt lat="60.38230" lon="6.72220"></trkpt>
    <trkpt lat="60.38190" lon="6.72300"></trkpt>
    <trkpt lat="60.38140" lon="6.72370"></trkpt>
    <trkpt lat="60.38090" lon="6.72430"></trkpt>
    <trkpt lat="60.37990" lon="6.72580"></trkpt>
    <trkpt lat="60.37950" lon="6.72640"></trkpt>
    <trkpt lat="60.37900" lon="6.72670"></trkpt>
    <trkpt lat="60.37840" lon="6.72680"></trkpt>
  </trkseg>
  <trkseg>
    <trkpt lat="60.37840" lon="6.72680"></trkpt>
    <trkpt lat="60.37790" lon="6.72650"></trkpt>
    <trkpt lat="60.37740" lon="6.72610"></trkpt>
    <trkpt lat="60.37690" lon="6.72570"></trkpt>
    <trkpt lat="60.37640" lon="6.72530"></trkpt>
    <trkpt lat="60.37590" lon="6.72470"></trkpt>
    <trkpt lat="60.37570" lon="6.72380"></trkpt>
    <trkpt lat="60.37560" lon="6.72280"></trkpt>
    <trkpt lat="60.37570" lon="6.72135"></trkpt>
    <trkpt lat="60.37570" lon="6.72040"></trkpt>
    <trkpt lat="60.37550" lon="6.71930"></trkpt>
    <trkpt lat="60.37520" lon="6.71820"></trkpt>
    <trkpt lat="60.37480" lon="6.71670"></trkpt>
    <trkpt lat="60.37450" lon="6.71510"></trkpt>
    <trkpt lat="60.37430" lon="6.71419"></trkpt>
    <trkpt lat="60.37440" lon="6.71330"></trkpt>
    <trkpt lat="60.37470" lon="6.71210"></trkpt>
    <trkpt lat="60.37500" lon="6.71130"></trkpt>
    <trkpt lat="60.37560" lon="6.71000"></trkpt>
    <trkpt lat="60.37620" lon="6.70890"></trkpt>
    <trkpt lat="60.37650" lon="6.70820"></trkpt>
    <trkpt lat="60.37710" lon="6.70710"></trkpt>
    <trkpt lat="60.37760" lon="6.70630"></trkpt>
    <trkpt lat="60.37820" lon="6.70510"></trkpt>
    <trkpt lat="60.37870" lon="6.70420"></trkpt>
    <trkpt lat="60.37911" lon="6.70365"></trkpt>
    <trkpt lat="60.37950" lon="6.70310"></trkpt>
    <trkpt lat="60.37990" lon="6.70240"></trkpt>
    <trkpt lat="60.38020" lon="6.70170"></trkpt>
    <trkpt lat="60.38070" lon="6.70070"></trkpt>
    <trkpt lat="60.38110" lon="6.69940"></trkpt>
    <trkpt lat="60.38140" lon="6.69870"></trkpt>
    <trkpt lat="60.38210" lon="6.69780"></trkpt>
    <trkpt lat="60.38260" lon="6.69710"></trkpt>
    <trkpt lat="60.38290" lon="6.69620"></trkpt>
    <trkpt lat="60.38350" lon="6.69510"></trkpt>
    <trkpt lat="60.38400" lon="6.69420"></trkpt>
    <trkpt lat="60.38440" lon="6.69370"></trkpt>
    <trkpt lat="60.38480" lon="6.69300"></trkpt>
    <trkpt lat="60.38520" lon="6.69230"></trkpt>
    <trkpt lat="60.38550" lon="6.69160"></trkpt>
    <trkpt lat="60.38550" lon="6.69060"></trkpt>
    <trkpt lat="60.38530" lon="6.68960"></trkpt>
    <trkpt lat="60.38500" lon="6.68880"></trkpt>
    <trkpt lat="60.38450" lon="6.68800"></trkpt>
    <trkpt lat="60.38404" lon="6.68780"></trkpt>
    <trkpt lat="60.38350" lon="6.68780"></trkpt>
    <trkpt lat="60.38290" lon="6.68790"></trkpt>
    <trkpt lat="60.38240" lon="6.68800"></trkpt>
    <trkpt lat="60.38160" lon="6.68780"></trkpt>
    <trkpt lat="60.38100" lon="6.68730"></trkpt>
    <trkpt lat="60.38030" lon="6.68670"></trkpt>
    <trkpt lat="60.37960" lon="6.68610"></trkpt>
    <trkpt lat="60.37900" lon="6.68576"></trkpt>
    <trkpt lat="60.37840" lon="6.68530"></trkpt>
    <trkpt lat="60.37780" lon="6.68493"></trkpt>
    <trkpt lat="60.37690" lon="6.68430"></trkpt>
    <trkpt lat="60.37600" lon="6.68390"></trkpt>
    <trkpt lat="60.37510" lon="6.68360"></trkpt>
    <trkpt lat="60.37456" lon="6.68330"></trkpt>
    <trkpt lat="60.37370" lon="6.68260"></trkpt>
    <trkpt lat="60.37320" lon="6.68230"></trkpt>
    <trkpt lat="60.37270" lon="6.68180"></trkpt>
    <trkpt lat="60.37220" lon="6.68150"></trkpt>
    <trkpt lat="60.37160" lon="6.68120"></trkpt>
    <trkpt lat="60.37110" lon="6.68100"></trkpt>
    <trkpt lat="60.37060" lon="6.68070"></trkpt>
    <trkpt lat="60.37010" lon="6.68050"></trkpt>
    <trkpt lat="60.36960" lon="6.68029"></trkpt>
    <trkpt lat="60.36890" lon="6.67990"></trkpt>
    <trkpt lat="60.36820" lon="6.67960"></trkpt>
    <trkpt lat="60.36750" lon="6.67920"></trkpt>
    <trkpt lat="60.36680" lon="6.67895"></trkpt>
    <trkpt lat="60.36620" lon="6.67871"></trkpt>
    <trkpt lat="60.36590" lon="6.67800"></trkpt>
    <trkpt lat="60.36560" lon="6.67730"></trkpt>
    <trkpt lat="60.36510" lon="6.67670"></trkpt>
    <trkpt lat="60.36460" lon="6.67590"></trkpt>
    <trkpt lat="60.36390" lon="6.67500"></trkpt>
    <trkpt lat="60.36350" lon="6.67450"></trkpt>
    <trkpt lat="60.36300" lon="6.67390"></trkpt>
    <trkpt lat="60.36240" lon="6.67330"></trkpt>
    <trkpt lat="60.36190" lon="6.67300"></trkpt>
    <trkpt lat="60.36140" lon="6.67290"></trkpt>
    <trkpt lat="60.36090" lon="6.67280"></trkpt>
    <trkpt lat="60.36010" lon="6.67260"></trkpt>
    <trkpt lat="60.35960" lon="6.67240"></trkpt>
    <trkpt lat="60.35920" lon="6.67190"></trkpt>
    <trkpt lat="60.35880" lon="6.67120"></trkpt>
    <trkpt lat="60.35830" lon="6.67060"></trkpt>
    <trkpt lat="60.35790" lon="6.67010"></trkpt>
    <trkpt lat="60.35730" lon="6.66930"></trkpt>
    <trkpt lat="60.35680" lon="6.66882"></trkpt>
    <trkpt lat="60.35640" lon="6.66840"></trkpt>
    <trkpt lat="60.35580" lon="6.66780"></trkpt>
    <trkpt lat="60.35530" lon="6.66740"></trkpt>
    <trkpt lat="60.35470" lon="6.66680"></trkpt>
    <trkpt lat="60.35430" lon="6.66610"></trkpt>
    <trkpt lat="60.35400" lon="6.66530"></trkpt>
    <trkpt lat="60.35340" lon="6.66460"></trkpt>
    <trkpt lat="60.35280" lon="6.66400"></trkpt>
    <trkpt lat="60.35220" lon="6.66310"></trkpt>
    <trkpt lat="60.35180" lon="6.66250"></trkpt>
    <trkpt lat="60.35140" lon="6.66200"></trkpt>
    <trkpt lat="60.35080" lon="6.66170"></trkpt>
    <trkpt lat="60.35010" lon="6.66130"></trkpt>
    <trkpt lat="60.34950" lon="6.66100"></trkpt>
    <trkpt lat="60.34880" lon="6.66080"></trkpt>
    <trkpt lat="60.34810" lon="6.66070"></trkpt>
    <trkpt lat="60.34764" lon="6.66050"></trkpt>
    <trkpt lat="60.34700" lon="6.66010"></trkpt>
    <trkpt lat="60.34610" lon="6.65960"></trkpt>
    <trkpt lat="60.34560" lon="6.65930"></trkpt>
    <trkpt lat="60.34490" lon="6.65880"></trkpt>
    <trkpt lat="60.34420" lon="6.65820"></trkpt>
    <trkpt lat="60.34360" lon="6.65760"></trkpt>
    <trkpt lat="60.34310" lon="6.65720"></trkpt>
    <trkpt lat="60.34250" lon="6.65670"></trkpt>
    <trkpt lat="60.34170" lon="6.65620"></trkpt>
    <trkpt lat="60.34110" lon="6.65590"></trkpt>
    <trkpt lat="60.34010" lon="6.65550"></trkpt>
    <trkpt lat="60.33950" lon="6.65542"></trkpt>
    <trkpt lat="60.33880" lon="6.65500"></trkpt>
    <trkpt lat="60.33780" lon="6.65430"></trkpt>
    <trkpt lat="60.33714" lon="6.65390"></trkpt>
    <trkpt lat="60.33660" lon="6.65360"></trkpt>
    <trkpt lat="60.33610" lon="6.65330"></trkpt>
    <trkpt lat="60.33558" lon="6.65320"></trkpt>
    <trkpt lat="60.33457" lon="6.65312"></trkpt>
    <trkpt lat="60.33410" lon="6.65310"></trkpt>
    <trkpt lat="60.33352" lon="6.65350"></trkpt>
    <trkpt lat="60.33280" lon="6.65370"></trkpt>
    <trkpt lat="60.33200" lon="6.65370"></trkpt>
    <trkpt lat="60.33150" lon="6.65380"></trkpt>
    <trkpt lat="60.33100" lon="6.65400"></trkpt>
    <trkpt lat="60.33050" lon="6.65460"></trkpt>
    <trkpt lat="60.33020" lon="6.65530"></trkpt>
    <trkpt lat="60.32980" lon="6.65600"></trkpt>
    <trkpt lat="60.32940" lon="6.65660"></trkpt>
    <trkpt lat="60.32880" lon="6.65710"></trkpt>
    <trkpt lat="60.32840" lon="6.65760"></trkpt>
    <trkpt lat="60.32790" lon="6.65770"></trkpt>
    <trkpt lat="60.32740" lon="6.65760"></trkpt>
    <trkpt lat="60.32690" lon="6.65780"></trkpt>
    <trkpt lat="60.32640" lon="6.65850"></trkpt>
    <trkpt lat="60.32580" lon="6.65880"></trkpt>
    <trkpt lat="60.32520" lon="6.65880"></trkpt>
    <trkpt lat="60.32462" lon="6.65850"></trkpt>
    <trkpt lat="60.32410" lon="6.65830"></trkpt>
    <trkpt lat="60.32360" lon="6.65812"></trkpt>
    <trkpt lat="60.32320" lon="6.65740"></trkpt>
    <trkpt lat="60.32300" lon="6.65650"></trkpt>
    <trkpt lat="60.32270" lon="6.65570"></trkpt>
    <trkpt lat="60.32220" lon="6.65510"></trkpt>
    <trkpt lat="60.32150" lon="6.65530"></trkpt>
    <trkpt lat="60.32100" lon="6.65575"></trkpt>
    <trkpt lat="60.32050" lon="6.65540"></trkpt>
    <trkpt lat="60.32010" lon="6.65480"></trkpt>
    <trkpt lat="60.31960" lon="6.65490"></trkpt>
    <trkpt lat="60.31910" lon="6.65520"></trkpt>
    <trkpt lat="60.31860" lon="6.65530"></trkpt>
    <trkpt lat="60.31800" lon="6.65530"></trkpt>
    <trkpt lat="60.31730" lon="6.65507"></trkpt>
    <trkpt lat="60.31650" lon="6.65470"></trkpt>
    <trkpt lat="60.31595" lon="6.65440"></trkpt>
    <trkpt lat="60.31540" lon="6.65400"></trkpt>
    <trkpt lat="60.31490" lon="6.65370"></trkpt>
    <trkpt lat="60.31440" lon="6.65330"></trkpt>
    <trkpt lat="60.31390" lon="6.65280"></trkpt>
    <trkpt lat="60.31310" lon="6.65200"></trkpt>
    <trkpt lat="60.31250" lon="6.65140"></trkpt>
    <trkpt lat="60.31200" lon="6.65060"></trkpt>
    <trkpt lat="60.31160" lon="6.65010"></trkpt>
    <trkpt lat="60.31120" lon="6.64940"></trkpt>
    <trkpt lat="60.31090" lon="6.64870"></trkpt>
    <trkpt lat="60.31050" lon="6.64820"></trkpt>
    <trkpt lat="60.31000" lon="6.64800"></trkpt>
    <trkpt lat="60.30950" lon="6.64802"></trkpt>
    <trkpt lat="60.30900" lon="6.64770"></trkpt>
    <trkpt lat="60.30850" lon="6.64730"></trkpt>
    <trkpt lat="60.30800" lon="6.64690"></trkpt>
    <trkpt lat="60.30740" lon="6.64630"></trkpt>
    <trkpt lat="60.30660" lon="6.64570"></trkpt>
    <trkpt lat="60.30610" lon="6.64540"></trkpt>
    <trkpt lat="60.30570" lon="6.64490"></trkpt>
    <trkpt lat="60.30520" lon="6.64450"></trkpt>
    <trkpt lat="60.30460" lon="6.64410"></trkpt>
    <trkpt lat="60.30400" lon="6.64370"></trkpt>
    <trkpt lat="60.30330" lon="6.64290"></trkpt>
    <trkpt lat="60.30290" lon="6.64240"></trkpt>
    <trkpt lat="60.30240" lon="6.64200"></trkpt>
    <trkpt lat="60.30190" lon="6.64170"></trkpt>
    <trkpt lat="60.30140" lon="6.64158"></trkpt>
    <trkpt lat="60.30050" lon="6.64156"></trkpt>
    <trkpt lat="60.30000" lon="6.64140"></trkpt>
    <trkpt lat="60.29940" lon="6.64100"></trkpt>
    <trkpt lat="60.29890" lon="6.64050"></trkpt>
    <trkpt lat="60.29840" lon="6.64010"></trkpt>
    <trkpt lat="60.29790" lon="6.63980"></trkpt>
    <trkpt lat="60.29730" lon="6.63968"></trkpt>
    <trkpt lat="60.29680" lon="6.63960"></trkpt>
    <trkpt lat="60.29620" lon="6.63950"></trkpt>
    <trkpt lat="60.29570" lon="6.63940"></trkpt>
    <trkpt lat="60.29510" lon="6.63890"></trkpt>
    <trkpt lat="60.29440" lon="6.63829"></trkpt>
    <trkpt lat="60.29396" lon="6.63788"></trkpt>
    <trkpt lat="60.29350" lon="6.63750"></trkpt>
    <trkpt lat="60.29300" lon="6.63700"></trkpt>
    <trkpt lat="60.29260" lon="6.63650"></trkpt>
    <trkpt lat="60.29220" lon="6.63600"></trkpt>
    <trkpt lat="60.29170" lon="6.63540"></trkpt>
    <trkpt lat="60.29120" lon="6.63480"></trkpt>
    <trkpt lat="60.29070" lon="6.63420"></trkpt>
    <trkpt lat="60.29040" lon="6.63320"></trkpt>
    <trkpt lat="60.29010" lon="6.63220"></trkpt>
    <trkpt lat="60.28980" lon="6.63120"></trkpt>
    <trkpt lat="60.28930" lon="6.63030"></trkpt>
    <trkpt lat="60.28890" lon="6.62970"></trkpt>
    <trkpt lat="60.28870" lon="6.62864"></trkpt>
    <trkpt lat="60.28860" lon="6.62740"></trkpt>
    <trkpt lat="60.28860" lon="6.62630"></trkpt>
    <trkpt lat="60.28830" lon="6.62550"></trkpt>
    <trkpt lat="60.28790" lon="6.62490"></trkpt>
    <trkpt lat="60.28743" lon="6.62490"></trkpt>
    <trkpt lat="60.28690" lon="6.62470"></trkpt>
    <trkpt lat="60.28640" lon="6.62410"></trkpt>
    <trkpt lat="60.28590" lon="6.62370"></trkpt>
    <trkpt lat="60.28540" lon="6.62350"></trkpt>
    <trkpt lat="60.28460" lon="6.62360"></trkpt>
    <trkpt lat="60.28410" lon="6.62340"></trkpt>
    <trkpt lat="60.28360" lon="6.62290"></trkpt>
    <trkpt lat="60.28310" lon="6.62270"></trkpt>
    <trkpt lat="60.28271" lon="6.62220"></trkpt>
    <trkpt lat="60.28230" lon="6.62180"></trkpt>
    <trkpt lat="60.28180" lon="6.62130"></trkpt>
    <trkpt lat="60.28140" lon="6.62086"></trkpt>
    <trkpt lat="60.28110" lon="6.62010"></trkpt>
    <trkpt lat="60.28060" lon="6.61950"></trkpt>
    <trkpt lat="60.28010" lon="6.61910"></trkpt>
    <trkpt lat="60.27950" lon="6.61950"></trkpt>
    <trkpt lat="60.27900" lon="6.61990"></trkpt>
    <trkpt lat="60.27850" lon="6.61980"></trkpt>
    <trkpt lat="60.27800" lon="6.61960"></trkpt>
    <trkpt lat="60.27750" lon="6.61930"></trkpt>
    <trkpt lat="60.27700" lon="6.61900"></trkpt>
    <trkpt lat="60.27650" lon="6.61880"></trkpt>
    <trkpt lat="60.27550" lon="6.61850"></trkpt>
    <trkpt lat="60.27440" lon="6.61810"></trkpt>
    <trkpt lat="60.27370" lon="6.61820"></trkpt>
    <trkpt lat="60.27300" lon="6.61896"></trkpt>
    <trkpt lat="60.27260" lon="6.61960"></trkpt>
    <trkpt lat="60.27210" lon="6.62000"></trkpt>
    <trkpt lat="60.27160" lon="6.61997"></trkpt>
    <trkpt lat="60.27110" lon="6.62030"></trkpt>
    <trkpt lat="60.27050" lon="6.62050"></trkpt>
    <trkpt lat="60.26990" lon="6.62070"></trkpt>
    <trkpt lat="60.26900" lon="6.62099"></trkpt>
    <trkpt lat="60.26850" lon="6.62120"></trkpt>
    <trkpt lat="60.26790" lon="6.62160"></trkpt>
    <trkpt lat="60.26730" lon="6.62194"></trkpt>
    <trkpt lat="60.26680" lon="6.62200"></trkpt>
    <trkpt lat="60.26630" lon="6.62220"></trkpt>
    <trkpt lat="60.26570" lon="6.62286"></trkpt>
    <trkpt lat="60.26514" lon="6.62330"></trkpt>
    <trkpt lat="60.26448" lon="6.62370"></trkpt>
    <trkpt lat="60.26398" lon="6.62412"></trkpt>
    <trkpt lat="60.26330" lon="6.62410"></trkpt>
    <trkpt lat="60.26260" lon="6.62410"></trkpt>
    <trkpt lat="60.26208" lon="6.62390"></trkpt>
    <trkpt lat="60.26138" lon="6.62360"></trkpt>
    <trkpt lat="60.26090" lon="6.62350"></trkpt>
    <trkpt lat="60.26040" lon="6.62350"></trkpt>
    <trkpt lat="60.25990" lon="6.62350"></trkpt>
    <trkpt lat="60.25930" lon="6.62340"></trkpt>
    <trkpt lat="60.25880" lon="6.62310"></trkpt>
    <trkpt lat="60.25830" lon="6.62250"></trkpt>
    <trkpt lat="60.25787" lon="6.62200"></trkpt>
    <trkpt lat="60.25720" lon="6.62140"></trkpt>
    <trkpt lat="60.25650" lon="6.62100"></trkpt>
    <trkpt lat="60.25600" lon="6.62053"></trkpt>
    <trkpt lat="60.25570" lon="6.61980"></trkpt>
    <trkpt lat="60.25530" lon="6.61890"></trkpt>
    <trkpt lat="60.25500" lon="6.61820"></trkpt>
    <trkpt lat="60.25460" lon="6.61740"></trkpt>
    <trkpt lat="60.25430" lon="6.61670"></trkpt>
    <trkpt lat="60.25390" lon="6.61600"></trkpt>
    <trkpt lat="60.25340" lon="6.61550"></trkpt>
    <trkpt lat="60.25260" lon="6.61550"></trkpt>
    <trkpt lat="60.25200" lon="6.61560"></trkpt>
    <trkpt lat="60.25150" lon="6.61573"></trkpt>
    <trkpt lat="60.25100" lon="6.61600"></trkpt>
    <trkpt lat="60.25050" lon="6.61630"></trkpt>
    <trkpt lat="60.25010" lon="6.61680"></trkpt>
    <trkpt lat="60.24960" lon="6.61720"></trkpt>
    <trkpt lat="60.24890" lon="6.61730"></trkpt>
    <trkpt lat="60.24790" lon="6.61767"></trkpt>
    <trkpt lat="60.24740" lon="6.61780"></trkpt>
    <trkpt lat="60.24680" lon="6.61820"></trkpt>
    <trkpt lat="60.24620" lon="6.61850"></trkpt>
    <trkpt lat="60.24550" lon="6.61880"></trkpt>
    <trkpt lat="60.24450" lon="6.61920"></trkpt>
    <trkpt lat="60.24313" lon="6.61970"></trkpt>
    <trkpt lat="60.24240" lon="6.61980"></trkpt>
    <trkpt lat="60.24190" lon="6.61990"></trkpt>
    <trkpt lat="60.24130" lon="6.61990"></trkpt>
    <trkpt lat="60.24070" lon="6.61980"></trkpt>
    <trkpt lat="60.24010" lon="6.61970"></trkpt>
    <trkpt lat="60.23960" lon="6.61960"></trkpt>
    <trkpt lat="60.23880" lon="6.62020"></trkpt>
    <trkpt lat="60.23830" lon="6.62040"></trkpt>
    <trkpt lat="60.23770" lon="6.62057"></trkpt>
    <trkpt lat="60.23710" lon="6.62030"></trkpt>
    <trkpt lat="60.23660" lon="6.62000"></trkpt>
    <trkpt lat="60.23610" lon="6.61950"></trkpt>
    <trkpt lat="60.23570" lon="6.61880"></trkpt>
    <trkpt lat="60.23545" lon="6.61800"></trkpt>
    <trkpt lat="60.23500" lon="6.61754"></trkpt>
    <trkpt lat="60.23450" lon="6.61710"></trkpt>
    <trkpt lat="60.23400" lon="6.61670"></trkpt>
    <trkpt lat="60.23360" lon="6.61618"></trkpt>
    <trkpt lat="60.23290" lon="6.61530"></trkpt>
    <trkpt lat="60.23250" lon="6.61480"></trkpt>
    <trkpt lat="60.23190" lon="6.61390"></trkpt>
    <trkpt lat="60.23140" lon="6.61320"></trkpt>
    <trkpt lat="60.23090" lon="6.61270"></trkpt>
    <trkpt lat="60.23050" lon="6.61200"></trkpt>
    <trkpt lat="60.23000" lon="6.61150"></trkpt>
    <trkpt lat="60.22950" lon="6.61110"></trkpt>
    <trkpt lat="60.22900" lon="6.61060"></trkpt>
    <trkpt lat="60.22850" lon="6.61030"></trkpt>
    <trkpt lat="60.22780" lon="6.60980"></trkpt>
    <trkpt lat="60.22730" lon="6.60950"></trkpt>
    <trkpt lat="60.22680" lon="6.60900"></trkpt>
    <trkpt lat="60.22610" lon="6.60830"></trkpt>
    <trkpt lat="60.22550" lon="6.60760"></trkpt>
    <trkpt lat="60.22500" lon="6.60680"></trkpt>
    <trkpt lat="60.22460" lon="6.60600"></trkpt>
    <trkpt lat="60.22410" lon="6.60500"></trkpt>
    <trkpt lat="60.22368" lon="6.60430"></trkpt>
    <trkpt lat="60.22310" lon="6.60390"></trkpt>
    <trkpt lat="60.22260" lon="6.60370"></trkpt>
    <trkpt lat="60.22170" lon="6.60370"></trkpt>
    <trkpt lat="60.22040" lon="6.60360"></trkpt>
    <trkpt lat="60.21990" lon="6.60367"></trkpt>
    <trkpt lat="60.21930" lon="6.60349"></trkpt>
    <trkpt lat="60.21880" lon="6.60320"></trkpt>
    <trkpt lat="60.21820" lon="6.60280"></trkpt>
    <trkpt lat="60.21760" lon="6.60260"></trkpt>
    <trkpt lat="60.21700" lon="6.60257"></trkpt>
    <trkpt lat="60.21650" lon="6.60260"></trkpt>
    <trkpt lat="60.21600" lon="6.60250"></trkpt>
    <trkpt lat="60.21550" lon="6.60262"></trkpt>
    <trkpt lat="60.21500" lon="6.60280"></trkpt>
    <trkpt lat="60.21450" lon="6.60270"></trkpt>
    <trkpt lat="60.21380" lon="6.60300"></trkpt>
    <trkpt lat="60.21330" lon="6.60330"></trkpt>
    <trkpt lat="60.21240" lon="6.60280"></trkpt>
    <trkpt lat="60.21180" lon="6.60240"></trkpt>
    <trkpt lat="60.21130" lon="6.60216"></trkpt>
    <trkpt lat="60.21050" lon="6.60210"></trkpt>
    <trkpt lat="60.20980" lon="6.60200"></trkpt>
    <trkpt lat="60.20920" lon="6.60200"></trkpt>
    <trkpt lat="60.20860" lon="6.60230"></trkpt>
    <trkpt lat="60.20810" lon="6.60230"></trkpt>
    <trkpt lat="60.20760" lon="6.60240"></trkpt>
    <trkpt lat="60.20710" lon="6.60240"></trkpt>
    <trkpt lat="60.20670" lon="6.60190"></trkpt>
    <trkpt lat="60.20640" lon="6.60120"></trkpt>
    <trkpt lat="60.20590" lon="6.60070"></trkpt>
    <trkpt lat="60.20540" lon="6.60030"></trkpt>
    <trkpt lat="60.20490" lon="6.60000"></trkpt>
    <trkpt lat="60.20460" lon="6.59930"></trkpt>
    <trkpt lat="60.20419" lon="6.59880"></trkpt>
    <trkpt lat="60.20370" lon="6.59860"></trkpt>
    <trkpt lat="60.20280" lon="6.59750"></trkpt>
    <trkpt lat="60.20188" lon="6.59740"></trkpt>
    <trkpt lat="60.20140" lon="6.59720"></trkpt>
    <trkpt lat="60.20110" lon="6.59640"></trkpt>
    <trkpt lat="60.20070" lon="6.59570"></trkpt>
    <trkpt lat="60.20030" lon="6.59520"></trkpt>
    <trkpt lat="60.19970" lon="6.59468"></trkpt>
    <trkpt lat="60.19930" lon="6.59420"></trkpt>
    <trkpt lat="60.19880" lon="6.59400"></trkpt>
    <trkpt lat="60.19830" lon="6.59370"></trkpt>
    <trkpt lat="60.19780" lon="6.59320"></trkpt>
    <trkpt lat="60.19730" lon="6.59310"></trkpt>
    <trkpt lat="60.19670" lon="6.59290"></trkpt>
    <trkpt lat="60.19620" lon="6.59290"></trkpt>
    <trkpt lat="60.19560" lon="6.59290"></trkpt>
    <trkpt lat="60.19510" lon="6.59300"></trkpt>
    <trkpt lat="60.19460" lon="6.59300"></trkpt>
    <trkpt lat="60.19400" lon="6.59260"></trkpt>
    <trkpt lat="60.19349" lon="6.59150"></trkpt>
    <trkpt lat="60.19310" lon="6.59100"></trkpt>
    <trkpt lat="60.19250" lon="6.59050"></trkpt>
    <trkpt lat="60.19170" lon="6.59050"></trkpt>
    <trkpt lat="60.19110" lon="6.59050"></trkpt>
    <trkpt lat="60.19050" lon="6.59020"></trkpt>
    <trkpt lat="60.19000" lon="6.58990"></trkpt>
    <trkpt lat="60.18930" lon="6.58930"></trkpt>
    <trkpt lat="60.18880" lon="6.58900"></trkpt>
    <trkpt lat="60.18820" lon="6.58892"></trkpt>
    <trkpt lat="60.18770" lon="6.58890"></trkpt>
    <trkpt lat="60.18720" lon="6.58920"></trkpt>
    <trkpt lat="60.18668" lon="6.58960"></trkpt>
    <trkpt lat="60.18620" lon="6.58970"></trkpt>
    <trkpt lat="60.18560" lon="6.58972"></trkpt>
    <trkpt lat="60.18490" lon="6.58940"></trkpt>
    <trkpt lat="60.18440" lon="6.58910"></trkpt>
    <trkpt lat="60.18380" lon="6.58870"></trkpt>
    <trkpt lat="60.18280" lon="6.58841"></trkpt>
    <trkpt lat="60.18130" lon="6.58790"></trkpt>
    <trkpt lat="60.18066" lon="6.58770"></trkpt>
    <trkpt lat="60.17990" lon="6.58750"></trkpt>
    <trkpt lat="60.17930" lon="6.58720"></trkpt>
    <trkpt lat="60.17870" lon="6.58700"></trkpt>
    <trkpt lat="60.17800" lon="6.58670"></trkpt>
    <trkpt lat="60.17740" lon="6.58640"></trkpt>
    <trkpt lat="60.17690" lon="6.58620"></trkpt>
    <trkpt lat="60.17640" lon="6.58600"></trkpt>
    <trkpt lat="60.17570" lon="6.58560"></trkpt>
    <trkpt lat="60.17520" lon="6.58537"></trkpt>
    <trkpt lat="60.17450" lon="6.58500"></trkpt>
    <trkpt lat="60.17400" lon="6.58470"></trkpt>
    <trkpt lat="60.17350" lon="6.58440"></trkpt>
    <trkpt lat="60.17300" lon="6.58400"></trkpt>
    <trkpt lat="60.17190" lon="6.58330"></trkpt>
    <trkpt lat="60.17140" lon="6.58300"></trkpt>
    <trkpt lat="60.17094" lon="6.58260"></trkpt>
    <trkpt lat="60.17046" lon="6.58230"></trkpt>
    <trkpt lat="60.16992" lon="6.58190"></trkpt>
    <trkpt lat="60.16920" lon="6.58130"></trkpt>
    <trkpt lat="60.16870" lon="6.58090"></trkpt>
    <trkpt lat="60.16790" lon="6.58030"></trkpt>
    <trkpt lat="60.16730" lon="6.57974"></trkpt>
    <trkpt lat="60.16660" lon="6.57910"></trkpt>
    <trkpt lat="60.16460" lon="6.57720"></trkpt>
    <trkpt lat="60.16420" lon="6.57670"></trkpt>
    <trkpt lat="60.16370" lon="6.57650"></trkpt>
    <trkpt lat="60.16310" lon="6.57640"></trkpt>
    <trkpt lat="60.16250" lon="6.57640"></trkpt>
    <trkpt lat="60.16190" lon="6.57646"></trkpt>
    <trkpt lat="60.16140" lon="6.57650"></trkpt>
    <trkpt lat="60.16073" lon="6.57700"></trkpt>
    <trkpt lat="60.16020" lon="6.57700"></trkpt>
    <trkpt lat="60.15960" lon="6.57650"></trkpt>
    <trkpt lat="60.15910" lon="6.57620"></trkpt>
    <trkpt lat="60.15870" lon="6.57550"></trkpt>
    <trkpt lat="60.15810" lon="6.57500"></trkpt>
    <trkpt lat="60.15765" lon="6.57460"></trkpt>
    <trkpt lat="60.15640" lon="6.57310"></trkpt>
    <trkpt lat="60.15590" lon="6.57280"></trkpt>
    <trkpt lat="60.15550" lon="6.57235"></trkpt>
    <trkpt lat="60.15500" lon="6.57220"></trkpt>
    <trkpt lat="60.15450" lon="6.57230"></trkpt>
    <trkpt lat="60.15390" lon="6.57223"></trkpt>
    <trkpt lat="60.15340" lon="6.57250"></trkpt>
    <trkpt lat="60.15290" lon="6.57250"></trkpt>
    <trkpt lat="60.15229" lon="6.57200"></trkpt>
    <trkpt lat="60.15180" lon="6.57180"></trkpt>
    <trkpt lat="60.15130" lon="6.57160"></trkpt>
    <trkpt lat="60.15090" lon="6.57060"></trkpt>
    <trkpt lat="60.15060" lon="6.56990"></trkpt>
    <trkpt lat="60.14980" lon="6.56970"></trkpt>
    <trkpt lat="60.14880" lon="6.56979"></trkpt>
    <trkpt lat="60.14810" lon="6.57000"></trkpt>
    <trkpt lat="60.14750" lon="6.57020"></trkpt>
    <trkpt lat="60.14670" lon="6.57080"></trkpt>
    <trkpt lat="60.14620" lon="6.57130"></trkpt>
    <trkpt lat="60.14570" lon="6.57150"></trkpt>
    <trkpt lat="60.14500" lon="6.57210"></trkpt>
    <trkpt lat="60.14452" lon="6.57222"></trkpt>
    <trkpt lat="60.14400" lon="6.57210"></trkpt>
    <trkpt lat="60.14352" lon="6.57230"></trkpt>
    <trkpt lat="60.14300" lon="6.57240"></trkpt>
    <trkpt lat="60.14250" lon="6.57210"></trkpt>
    <trkpt lat="60.14160" lon="6.57190"></trkpt>
    <trkpt lat="60.14110" lon="6.57180"></trkpt>
    <trkpt lat="60.14060" lon="6.57167"></trkpt>
    <trkpt lat="60.14020" lon="6.57110"></trkpt>
    <trkpt lat="60.14000" lon="6.57020"></trkpt>
    <trkpt lat="60.13960" lon="6.56960"></trkpt>
    <trkpt lat="60.13930" lon="6.56890"></trkpt>
    <trkpt lat="60.13890" lon="6.56770"></trkpt>
    <trkpt lat="60.13850" lon="6.56713"></trkpt>
    <trkpt lat="60.13800" lon="6.56660"></trkpt>
    <trkpt lat="60.13650" lon="6.56550"></trkpt>
    <trkpt lat="60.13600" lon="6.56510"></trkpt>
    <trkpt lat="60.13550" lon="6.56465"></trkpt>
    <trkpt lat="60.13510" lon="6.56400"></trkpt>
    <trkpt lat="60.13420" lon="6.56260"></trkpt>
    <trkpt lat="60.13370" lon="6.56190"></trkpt>
    <trkpt lat="60.13320" lon="6.56140"></trkpt>
    <trkpt lat="60.13240" lon="6.56090"></trkpt>
    <trkpt lat="60.13180" lon="6.56050"></trkpt>
    <trkpt lat="60.13130" lon="6.56020"></trkpt>
    <trkpt lat="60.13080" lon="6.56000"></trkpt>
    <trkpt lat="60.13010" lon="6.55980"></trkpt>
    <trkpt lat="60.12940" lon="6.55960"></trkpt>
    <trkpt lat="60.12860" lon="6.55960"></trkpt>
    <trkpt lat="60.12750" lon="6.55970"></trkpt>
    <trkpt lat="60.12670" lon="6.55970"></trkpt>
    <trkpt lat="60.12590" lon="6.55960"></trkpt>
    <trkpt lat="60.12520" lon="6.55940"></trkpt>
    <trkpt lat="60.12440" lon="6.55910"></trkpt>
    <trkpt lat="60.12330" lon="6.55860"></trkpt>
    <trkpt lat="60.12260" lon="6.55843"></trkpt>
    <trkpt lat="60.12170" lon="6.55820"></trkpt>
    <trkpt lat="60.12120" lon="6.55810"></trkpt>
    <trkpt lat="60.12050" lon="6.55810"></trkpt>
    <trkpt lat="60.11920" lon="6.55790"></trkpt>
    <trkpt lat="60.11870" lon="6.55790"></trkpt>
    <trkpt lat="60.11800" lon="6.55800"></trkpt>
    <trkpt lat="60.11710" lon="6.55890"></trkpt>
    <trkpt lat="60.11670" lon="6.55960"></trkpt>
    <trkpt lat="60.11630" lon="6.56020"></trkpt>
    <trkpt lat="60.11580" lon="6.56060"></trkpt>
    <trkpt lat="60.11530" lon="6.56090"></trkpt>
    <trkpt lat="60.11470" lon="6.56100"></trkpt>
    <trkpt lat="60.11400" lon="6.56100"></trkpt>
    <trkpt lat="60.11350" lon="6.56090"></trkpt>
    <trkpt lat="60.11290" lon="6.56050"></trkpt>
    <trkpt lat="60.11090" lon="6.55900"></trkpt>
    <trkpt lat="60.10830" lon="6.55720"></trkpt>
    <trkpt lat="60.10550" lon="6.55510"></trkpt>
    <trkpt lat="60.10370" lon="6.55386"></trkpt>
    <trkpt lat="60.10310" lon="6.55320"></trkpt>
    <trkpt lat="60.10280" lon="6.55250"></trkpt>
    <trkpt lat="60.10210" lon="6.55100"></trkpt>
    <trkpt lat="60.10160" lon="6.55010"></trkpt>
    <trkpt lat="60.10060" lon="6.54930"></trkpt>
    <trkpt lat="60.09982" lon="6.54860"></trkpt>
    <trkpt lat="60.09920" lon="6.54810"></trkpt>
    <trkpt lat="60.09850" lon="6.54760"></trkpt>
    <trkpt lat="60.09800" lon="6.54740"></trkpt>
    <trkpt lat="60.09740" lon="6.54750"></trkpt>
    <trkpt lat="60.09680" lon="6.54780"></trkpt>
    <trkpt lat="60.09550" lon="6.54850"></trkpt>
    <trkpt lat="60.09490" lon="6.54880"></trkpt>
    <trkpt lat="60.09420" lon="6.54900"></trkpt>
    <trkpt lat="60.09370" lon="6.54900"></trkpt>
    <trkpt lat="60.09300" lon="6.54890"></trkpt>
    <trkpt lat="60.09230" lon="6.54870"></trkpt>
    <trkpt lat="60.09180" lon="6.54870"></trkpt>
    <trkpt lat="60.09050" lon="6.54870"></trkpt>
    <trkpt lat="60.08990" lon="6.54880"></trkpt>
    <trkpt lat="60.08940" lon="6.54900"></trkpt>
    <trkpt lat="60.08870" lon="6.54960"></trkpt>
    <trkpt lat="60.08830" lon="6.55010"></trkpt>
    <trkpt lat="60.08770" lon="6.55030"></trkpt>
    <trkpt lat="60.08690" lon="6.55030"></trkpt>
    <trkpt lat="60.08640" lon="6.55040"></trkpt>
    <trkpt lat="60.08540" lon="6.55060"></trkpt>
    <trkpt lat="60.08490" lon="6.55070"></trkpt>
    <trkpt lat="60.08440" lon="6.55120"></trkpt>
    <trkpt lat="60.08390" lon="6.55130"></trkpt>
    <trkpt lat="60.08340" lon="6.55080"></trkpt>
    <trkpt lat="60.08300" lon="6.55027"></trkpt>
    <trkpt lat="60.08250" lon="6.54980"></trkpt>
    <trkpt lat="60.08200" lon="6.55020"></trkpt>
    <trkpt lat="60.08130" lon="6.55070"></trkpt>
    <trkpt lat="60.08080" lon="6.55110"></trkpt>
    <trkpt lat="60.08040" lon="6.55180"></trkpt>
    <trkpt lat="60.08000" lon="6.55230"></trkpt>
    <trkpt lat="60.07940" lon="6.55270"></trkpt>
    <trkpt lat="60.07860" lon="6.55285"></trkpt>
    <trkpt lat="60.07810" lon="6.55260"></trkpt>
    <trkpt lat="60.07770" lon="6.55210"></trkpt>
    <trkpt lat="60.07720" lon="6.55210"></trkpt>
    <trkpt lat="60.07670" lon="6.55217"></trkpt>
    <trkpt lat="60.07620" lon="6.55240"></trkpt>
    <trkpt lat="60.07570" lon="6.55230"></trkpt>
    <trkpt lat="60.07520" lon="6.55240"></trkpt>
    <trkpt lat="60.07470" lon="6.55270"></trkpt>
    <trkpt lat="60.07420" lon="6.55250"></trkpt>
    <trkpt lat="60.07370" lon="6.55240"></trkpt>
    <trkpt lat="60.07324" lon="6.55240"></trkpt>
    <trkpt lat="60.07260" lon="6.55270"></trkpt>
    <trkpt lat="60.07210" lon="6.55290"></trkpt>
    <trkpt lat="60.07160" lon="6.55230"></trkpt>
    <trkpt lat="60.07120" lon="6.55180"></trkpt>
    <trkpt lat="60.07070" lon="6.55150"></trkpt>
    <trkpt lat="60.07000" lon="6.55130"></trkpt>
    <trkpt lat="60.06950" lon="6.55120"></trkpt>
    <trkpt lat="60.06910" lon="6.55050"></trkpt>
    <trkpt lat="60.06910" lon="6.54939"></trkpt>
    <trkpt lat="60.06920" lon="6.54850"></trkpt>
    <trkpt lat="60.06940" lon="6.54760"></trkpt>
    <trkpt lat="60.06930" lon="6.54666"></trkpt>
    <trkpt lat="60.06910" lon="6.54580"></trkpt>
    <trkpt lat="60.06850" lon="6.54580"></trkpt>
    <trkpt lat="60.06780" lon="6.54620"></trkpt>
    <trkpt lat="60.06730" lon="6.54640"></trkpt>
    <trkpt lat="60.06670" lon="6.54625"></trkpt>
    <trkpt lat="60.06620" lon="6.54640"></trkpt>
    <trkpt lat="60.06570" lon="6.54680"></trkpt>
    <trkpt lat="60.06510" lon="6.54730"></trkpt>
    <trkpt lat="60.06450" lon="6.54750"></trkpt>
    <trkpt lat="60.06400" lon="6.54790"></trkpt>
    <trkpt lat="60.06350" lon="6.54820"></trkpt>
    <trkpt lat="60.06300" lon="6.54850"></trkpt>
    <trkpt lat="60.06250" lon="6.54850"></trkpt>
    <trkpt lat="60.06190" lon="6.54840"></trkpt>
    <trkpt lat="60.06140" lon="6.54840"></trkpt>
    <trkpt lat="60.06090" lon="6.54860"></trkpt>
    <trkpt lat="60.06040" lon="6.54890"></trkpt>
    <trkpt lat="60.05990" lon="6.54870"></trkpt>
    <trkpt lat="60.05950" lon="6.54820"></trkpt>
    <trkpt lat="60.05910" lon="6.54770"></trkpt>
    <trkpt lat="60.05850" lon="6.54740"></trkpt>
    <trkpt lat="60.05800" lon="6.54770"></trkpt>
    <trkpt lat="60.05760" lon="6.54840"></trkpt>
    <trkpt lat="60.05740" lon="6.54926"></trkpt>
    <trkpt lat="60.05660" lon="6.55070"></trkpt>
    <trkpt lat="60.05630" lon="6.55160"></trkpt>
    <trkpt lat="60.05620" lon="6.55250"></trkpt>
    <trkpt lat="60.05590" lon="6.55330"></trkpt>
    <trkpt lat="60.05560" lon="6.55400"></trkpt>
    <trkpt lat="60.05510" lon="6.55440"></trkpt>
    <trkpt lat="60.05460" lon="6.55430"></trkpt>
    <trkpt lat="60.05400" lon="6.55440"></trkpt>
    <trkpt lat="60.05360" lon="6.55510"></trkpt>
    <trkpt lat="60.05340" lon="6.55600"></trkpt>
    <trkpt lat="60.05310" lon="6.55760"></trkpt>
    <trkpt lat="60.05290" lon="6.55870"></trkpt>
    <trkpt lat="60.05260" lon="6.55940"></trkpt>
    <trkpt lat="60.05210" lon="6.55960"></trkpt>
    <trkpt lat="60.05160" lon="6.55940"></trkpt>
    <trkpt lat="60.05110" lon="6.55920"></trkpt>
    <trkpt lat="60.05060" lon="6.55920"></trkpt>
    <trkpt lat="60.04967" lon="6.55970"></trkpt>
    <trkpt lat="60.04920" lon="6.55980"></trkpt>
    <trkpt lat="60.04860" lon="6.55986"></trkpt>
    <trkpt lat="60.04770" lon="6.56030"></trkpt>
    <trkpt lat="60.04720" lon="6.56050"></trkpt>
    <trkpt lat="60.04670" lon="6.56040"></trkpt>
    <trkpt lat="60.04620" lon="6.56054"></trkpt>
    <trkpt lat="60.04560" lon="6.56080"></trkpt>
    <trkpt lat="60.04470" lon="6.56150"></trkpt>
    <trkpt lat="60.04420" lon="6.56173"></trkpt>
    <trkpt lat="60.04350" lon="6.56170"></trkpt>
    <trkpt lat="60.04300" lon="6.56150"></trkpt>
    <trkpt lat="60.04220" lon="6.56160"></trkpt>
    <trkpt lat="60.04110" lon="6.56160"></trkpt>
    <trkpt lat="60.03950" lon="6.56170"></trkpt>
    <trkpt lat="60.03870" lon="6.56180"></trkpt>
    <trkpt lat="60.03789" lon="6.56220"></trkpt>
    <trkpt lat="60.03740" lon="6.56250"></trkpt>
    <trkpt lat="60.03680" lon="6.56290"></trkpt>
    <trkpt lat="60.03610" lon="6.56370"></trkpt>
    <trkpt lat="60.03560" lon="6.56420"></trkpt>
    <trkpt lat="60.03510" lon="6.56450"></trkpt>
    <trkpt lat="60.03450" lon="6.56470"></trkpt>
    <trkpt lat="60.03397" lon="6.56470"></trkpt>
    <trkpt lat="60.03350" lon="6.56470"></trkpt>
    <trkpt lat="60.03290" lon="6.56460"></trkpt>
    <trkpt lat="60.03240" lon="6.56460"></trkpt>
    <trkpt lat="60.03163" lon="6.56450"></trkpt>
    <trkpt lat="60.03110" lon="6.56430"></trkpt>
    <trkpt lat="60.03040" lon="6.56390"></trkpt>
    <trkpt lat="60.02988" lon="6.56350"></trkpt>
    <trkpt lat="60.02920" lon="6.56340"></trkpt>
    <trkpt lat="60.02720" lon="6.56360"></trkpt>
    <trkpt lat="60.02670" lon="6.56360"></trkpt>
    <trkpt lat="60.02620" lon="6.56330"></trkpt>
    <trkpt lat="60.02570" lon="6.56270"></trkpt>
    <trkpt lat="60.02562" lon="6.56250"></trkpt>
  </trkseg>
  <trkseg>
    <trkpt lat="60.02562" lon="6.56250"></trkpt>
    <trkpt lat="60.02517" lon="6.56130"></trkpt>
    <trkpt lat="60.02480" lon="6.56030"></trkpt>
    <trkpt lat="60.02450" lon="6.55900"></trkpt>
    <trkpt lat="60.02410" lon="6.55800"></trkpt>
    <trkpt lat="60.02370" lon="6.55750"></trkpt>
    <trkpt lat="60.02300" lon="6.55730"></trkpt>
    <trkpt lat="60.02250" lon="6.55710"></trkpt>
    <trkpt lat="60.02201" lon="6.55700"></trkpt>
    <trkpt lat="60.02140" lon="6.55720"></trkpt>
    <trkpt lat="60.02090" lon="6.55758"></trkpt>
    <trkpt lat="60.01950" lon="6.55770"></trkpt>
    <trkpt lat="60.01890" lon="6.55770"></trkpt>
    <trkpt lat="60.01830" lon="6.55750"></trkpt>
    <trkpt lat="60.01780" lon="6.55750"></trkpt>
    <trkpt lat="60.01730" lon="6.55750"></trkpt>
    <trkpt lat="60.01660" lon="6.55730"></trkpt>
    <trkpt lat="60.01580" lon="6.55746"></trkpt>
    <trkpt lat="60.01500" lon="6.55770"></trkpt>
    <trkpt lat="60.01420" lon="6.55790"></trkpt>
    <trkpt lat="60.01340" lon="6.55840"></trkpt>
    <trkpt lat="60.01240" lon="6.55910"></trkpt>
    <trkpt lat="60.01150" lon="6.55963"></trkpt>
    <trkpt lat="60.01090" lon="6.55980"></trkpt>
    <trkpt lat="60.01032" lon="6.55950"></trkpt>
    <trkpt lat="60.00970" lon="6.55890"></trkpt>
    <trkpt lat="60.00900" lon="6.55830"></trkpt>
    <trkpt lat="60.00840" lon="6.55820"></trkpt>
    <trkpt lat="60.00770" lon="6.55830"></trkpt>
    <trkpt lat="60.00720" lon="6.55852"></trkpt>
    <trkpt lat="60.00650" lon="6.55890"></trkpt>
    <trkpt lat="60.00590" lon="6.55937"></trkpt>
    <trkpt lat="60.00480" lon="6.55960"></trkpt>
    <trkpt lat="60.00430" lon="6.55990"></trkpt>
    <trkpt lat="60.00330" lon="6.56100"></trkpt>
    <trkpt lat="60.00250" lon="6.56190"></trkpt>
    <trkpt lat="60.00190" lon="6.56280"></trkpt>
    <trkpt lat="60.00140" lon="6.56350"></trkpt>
    <trkpt lat="60.00050" lon="6.56540"></trkpt>
    <trkpt lat="60.00010" lon="6.56600"></trkpt>
    <trkpt lat="59.99890" lon="6.56680"></trkpt>
    <trkpt lat="59.99840" lon="6.56714"></trkpt>
    <trkpt lat="59.99720" lon="6.56780"></trkpt>
    <trkpt lat="59.99670" lon="6.56805"></trkpt>
    <trkpt lat="59.99620" lon="6.56790"></trkpt>
    <trkpt lat="59.99480" lon="6.56670"></trkpt>
    <trkpt lat="59.99410" lon="6.56620"></trkpt>
    <trkpt lat="59.99360" lon="6.56600"></trkpt>
    <trkpt lat="59.99270" lon="6.56590"></trkpt>
    <trkpt lat="59.99180" lon="6.56580"></trkpt>
    <trkpt lat="59.99120" lon="6.56590"></trkpt>
    <trkpt lat="59.99060" lon="6.56660"></trkpt>
    <trkpt lat="59.99010" lon="6.56720"></trkpt>
    <trkpt lat="59.98950" lon="6.56740"></trkpt>
    <trkpt lat="59.98900" lon="6.56730"></trkpt>
    <trkpt lat="59.98840" lon="6.56710"></trkpt>
    <trkpt lat="59.98740" lon="6.56670"></trkpt>
    <trkpt lat="59.98690" lon="6.56650"></trkpt>
    <trkpt lat="59.98640" lon="6.56640"></trkpt>
    <trkpt lat="59.98490" lon="6.56640"></trkpt>
    <trkpt lat="59.98440" lon="6.56630"></trkpt>
    <trkpt lat="59.98360" lon="6.56580"></trkpt>
    <trkpt lat="59.98315" lon="6.56560"></trkpt>
    <trkpt lat="59.98220" lon="6.56550"></trkpt>
    <trkpt lat="59.98160" lon="6.56560"></trkpt>
    <trkpt lat="59.98100" lon="6.56630"></trkpt>
    <trkpt lat="59.97990" lon="6.56760"></trkpt>
    <trkpt lat="59.97948" lon="6.56810"></trkpt>
    <trkpt lat="59.97910" lon="6.56860"></trkpt>
    <trkpt lat="59.97860" lon="6.56970"></trkpt>
    <trkpt lat="59.97820" lon="6.57040"></trkpt>
    <trkpt lat="59.97760" lon="6.57090"></trkpt>
    <trkpt lat="59.97704" lon="6.57110"></trkpt>
    <trkpt lat="59.97650" lon="6.57140"></trkpt>
    <trkpt lat="59.97590" lon="6.57170"></trkpt>
    <trkpt lat="59.97540" lon="6.57180"></trkpt>
    <trkpt lat="59.97490" lon="6.57200"></trkpt>
    <trkpt lat="59.97440" lon="6.57230"></trkpt>
    <trkpt lat="59.97390" lon="6.57260"></trkpt>
    <trkpt lat="59.97330" lon="6.57250"></trkpt>
    <trkpt lat="59.97280" lon="6.57240"></trkpt>
    <trkpt lat="59.97210" lon="6.57222"></trkpt>
    <trkpt lat="59.97153" lon="6.57220"></trkpt>
    <trkpt lat="59.97100" lon="6.57210"></trkpt>
    <trkpt lat="59.97030" lon="6.57220"></trkpt>
    <trkpt lat="59.96980" lon="6.57250"></trkpt>
    <trkpt lat="59.96920" lon="6.57250"></trkpt>
    <trkpt lat="59.96860" lon="6.57280"></trkpt>
    <trkpt lat="59.96819" lon="6.57330"></trkpt>
    <trkpt lat="59.96750" lon="6.57380"></trkpt>
    <trkpt lat="59.96680" lon="6.57420"></trkpt>
    <trkpt lat="59.96620" lon="6.57420"></trkpt>
    <trkpt lat="59.96470" lon="6.57360"></trkpt>
    <trkpt lat="59.96380" lon="6.57390"></trkpt>
    <trkpt lat="59.96330" lon="6.57430"></trkpt>
    <trkpt lat="59.96270" lon="6.57480"></trkpt>
    <trkpt lat="59.96210" lon="6.57500"></trkpt>
    <trkpt lat="59.96150" lon="6.57530"></trkpt>
    <trkpt lat="59.96100" lon="6.57577"></trkpt>
    <trkpt lat="59.96050" lon="6.57610"></trkpt>
    <trkpt lat="59.95970" lon="6.57670"></trkpt>
    <trkpt lat="59.95900" lon="6.57730"></trkpt>
    <trkpt lat="59.95850" lon="6.57760"></trkpt>
    <trkpt lat="59.95790" lon="6.57810"></trkpt>
    <trkpt lat="59.95740" lon="6.57820"></trkpt>
    <trkpt lat="59.95678" lon="6.57860"></trkpt>
    <trkpt lat="59.95630" lon="6.57900"></trkpt>
    <trkpt lat="59.95570" lon="6.57910"></trkpt>
    <trkpt lat="59.95480" lon="6.57930"></trkpt>
    <trkpt lat="59.95430" lon="6.57950"></trkpt>
    <trkpt lat="59.95370" lon="6.57990"></trkpt>
    <trkpt lat="59.95270" lon="6.58090"></trkpt>
    <trkpt lat="59.95220" lon="6.58150"></trkpt>
    <trkpt lat="59.95160" lon="6.58200"></trkpt>
    <trkpt lat="59.95090" lon="6.58220"></trkpt>
    <trkpt lat="59.94986" lon="6.58270"></trkpt>
    <trkpt lat="59.94920" lon="6.58300"></trkpt>
    <trkpt lat="59.94870" lon="6.58320"></trkpt>
    <trkpt lat="59.94808" lon="6.58390"></trkpt>
    <trkpt lat="59.94740" lon="6.58404"></trkpt>
    <trkpt lat="59.94690" lon="6.58407"></trkpt>
    <trkpt lat="59.94620" lon="6.58410"></trkpt>
    <trkpt lat="59.94560" lon="6.58410"></trkpt>
    <trkpt lat="59.94470" lon="6.58420"></trkpt>
    <trkpt lat="59.94410" lon="6.58440"></trkpt>
    <trkpt lat="59.94360" lon="6.58480"></trkpt>
    <trkpt lat="59.94250" lon="6.58525"></trkpt>
    <trkpt lat="59.94190" lon="6.58520"></trkpt>
    <trkpt lat="59.94090" lon="6.58570"></trkpt>
    <trkpt lat="59.94000" lon="6.58650"></trkpt>
    <trkpt lat="59.93950" lon="6.58670"></trkpt>
    <trkpt lat="59.93873" lon="6.58740"></trkpt>
    <trkpt lat="59.93780" lon="6.58790"></trkpt>
    <trkpt lat="59.93720" lon="6.58840"></trkpt>
    <trkpt lat="59.93662" lon="6.58850"></trkpt>
    <trkpt lat="59.93590" lon="6.58896"></trkpt>
    <trkpt lat="59.93560" lon="6.58800"></trkpt>
    <trkpt lat="59.93530" lon="6.58710"></trkpt>
    <trkpt lat="59.93390" lon="6.58690"></trkpt>
    <trkpt lat="59.93282" lon="6.58672"></trkpt>
    <trkpt lat="59.93220" lon="6.58660"></trkpt>
    <trkpt lat="59.93140" lon="6.58600"></trkpt>
    <trkpt lat="59.93090" lon="6.58580"></trkpt>
    <trkpt lat="59.93020" lon="6.58540"></trkpt>
    <trkpt lat="59.93010" lon="6.58440"></trkpt>
    <trkpt lat="59.93020" lon="6.58348"></trkpt>
    <trkpt lat="59.92990" lon="6.58260"></trkpt>
    <trkpt lat="59.92950" lon="6.58210"></trkpt>
    <trkpt lat="59.92997" lon="6.58160"></trkpt>
    <trkpt lat="59.93050" lon="6.58140"></trkpt>
    <trkpt lat="59.93100" lon="6.58120"></trkpt>
    <trkpt lat="59.93110" lon="6.58030"></trkpt>
    <trkpt lat="59.93082" lon="6.57920"></trkpt>
    <trkpt lat="59.93050" lon="6.57850"></trkpt>
    <trkpt lat="59.93030" lon="6.57750"></trkpt>
    <trkpt lat="59.92980" lon="6.57680"></trkpt>
    <trkpt lat="59.92930" lon="6.57590"></trkpt>
    <trkpt lat="59.92890" lon="6.57520"></trkpt>
    <trkpt lat="59.92830" lon="6.57490"></trkpt>
    <trkpt lat="59.92780" lon="6.57510"></trkpt>
    <trkpt lat="59.92722" lon="6.57570"></trkpt>
    <trkpt lat="59.92660" lon="6.57570"></trkpt>
    <trkpt lat="59.92620" lon="6.57470"></trkpt>
    <trkpt lat="59.92580" lon="6.57420"></trkpt>
    <trkpt lat="59.92540" lon="6.57470"></trkpt>
    <trkpt lat="59.92590" lon="6.57560"></trkpt>
    <trkpt lat="59.92620" lon="6.57640"></trkpt>
    <trkpt lat="59.92640" lon="6.57740"></trkpt>
    <trkpt lat="59.92650" lon="6.57840"></trkpt>
    <trkpt lat="59.92660" lon="6.57930"></trkpt>
    <trkpt lat="59.92660" lon="6.58020"></trkpt>
    <trkpt lat="59.92640" lon="6.58140"></trkpt>
    <trkpt lat="59.92620" lon="6.58240"></trkpt>
    <trkpt lat="59.92590" lon="6.58350"></trkpt>
    <trkpt lat="59.92550" lon="6.58430"></trkpt>
    <trkpt lat="59.92510" lon="6.58480"></trkpt>
    <trkpt lat="59.92460" lon="6.58530"></trkpt>
    <trkpt lat="59.92420" lon="6.58584"></trkpt>
    <trkpt lat="59.92380" lon="6.58630"></trkpt>
    <trkpt lat="59.92340" lon="6.58730"></trkpt>
    <trkpt lat="59.92320" lon="6.58820"></trkpt>
    <trkpt lat="59.92300" lon="6.58960"></trkpt>
    <trkpt lat="59.92290" lon="6.59054"></trkpt>
    <trkpt lat="59.92280" lon="6.59200"></trkpt>
    <trkpt lat="59.92270" lon="6.59300"></trkpt>
    <trkpt lat="59.92250" lon="6.59410"></trkpt>
    <trkpt lat="59.92230" lon="6.59526"></trkpt>
    <trkpt lat="59.92210" lon="6.59660"></trkpt>
    <trkpt lat="59.92200" lon="6.59760"></trkpt>
    <trkpt lat="59.92170" lon="6.59890"></trkpt>
    <trkpt lat="59.92130" lon="6.59960"></trkpt>
    <trkpt lat="59.92090" lon="6.60020"></trkpt>
    <trkpt lat="59.92040" lon="6.60070"></trkpt>
    <trkpt lat="59.91990" lon="6.60120"></trkpt>
    <trkpt lat="59.91910" lon="6.60210"></trkpt>
    <trkpt lat="59.91860" lon="6.60270"></trkpt>
    <trkpt lat="59.91790" lon="6.60310"></trkpt>
    <trkpt lat="59.91740" lon="6.60350"></trkpt>
    <trkpt lat="59.91690" lon="6.60410"></trkpt>
    <trkpt lat="59.91640" lon="6.60490"></trkpt>
    <trkpt lat="59.91600" lon="6.60580"></trkpt>
    <trkpt lat="59.91560" lon="6.60650"></trkpt>
    <trkpt lat="59.91520" lon="6.60710"></trkpt>
    <trkpt lat="59.91470" lon="6.60760"></trkpt>
    <trkpt lat="59.91410" lon="6.60800"></trkpt>
    <trkpt lat="59.91350" lon="6.60820"></trkpt>
    <trkpt lat="59.91290" lon="6.60850"></trkpt>
    <trkpt lat="59.91240" lon="6.60910"></trkpt>
    <trkpt lat="59.91170" lon="6.60980"></trkpt>
    <trkpt lat="59.91120" lon="6.61030"></trkpt>
    <trkpt lat="59.91050" lon="6.61100"></trkpt>
    <trkpt lat="59.91014" lon="6.61160"></trkpt>
    <trkpt lat="59.90940" lon="6.61280"></trkpt>
    <trkpt lat="59.90900" lon="6.61340"></trkpt>
    <trkpt lat="59.90830" lon="6.61430"></trkpt>
    <trkpt lat="59.90680" lon="6.61560"></trkpt>
    <trkpt lat="59.90640" lon="6.61620"></trkpt>
    <trkpt lat="59.90585" lon="6.61730"></trkpt>
    <trkpt lat="59.90540" lon="6.61830"></trkpt>
    <trkpt lat="59.90490" lon="6.61930"></trkpt>
    <trkpt lat="59.90440" lon="6.62010"></trkpt>
    <trkpt lat="59.90380" lon="6.62095"></trkpt>
    <trkpt lat="59.90320" lon="6.62160"></trkpt>
    <trkpt lat="59.90280" lon="6.62210"></trkpt>
    <trkpt lat="59.90230" lon="6.62300"></trkpt>
    <trkpt lat="59.90130" lon="6.62420"></trkpt>
    <trkpt lat="59.90090" lon="6.62470"></trkpt>
    <trkpt lat="59.90030" lon="6.62550"></trkpt>
    <trkpt lat="59.89990" lon="6.62600"></trkpt>
    <trkpt lat="59.89940" lon="6.62680"></trkpt>
    <trkpt lat="59.89910" lon="6.62759"></trkpt>
    <trkpt lat="59.89870" lon="6.62850"></trkpt>
    <trkpt lat="59.89840" lon="6.62930"></trkpt>
    <trkpt lat="59.89790" lon="6.63020"></trkpt>
    <trkpt lat="59.89750" lon="6.63110"></trkpt>
    <trkpt lat="59.89692" lon="6.63220"></trkpt>
    <trkpt lat="59.89620" lon="6.63330"></trkpt>
    <trkpt lat="59.89580" lon="6.63410"></trkpt>
    <trkpt lat="59.89530" lon="6.63520"></trkpt>
    <trkpt lat="59.89490" lon="6.63600"></trkpt>
    <trkpt lat="59.89460" lon="6.63670"></trkpt>
    <trkpt lat="59.89410" lon="6.63740"></trkpt>
    <trkpt lat="59.89354" lon="6.63856"></trkpt>
    <trkpt lat="59.89310" lon="6.63920"></trkpt>
    <trkpt lat="59.89260" lon="6.64020"></trkpt>
    <trkpt lat="59.89230" lon="6.64090"></trkpt>
    <trkpt lat="59.89200" lon="6.64170"></trkpt>
    <trkpt lat="59.89150" lon="6.64310"></trkpt>
    <trkpt lat="59.89110" lon="6.64420"></trkpt>
    <trkpt lat="59.89050" lon="6.64580"></trkpt>
    <trkpt lat="59.89010" lon="6.64670"></trkpt>
    <trkpt lat="59.88980" lon="6.64740"></trkpt>
    <trkpt lat="59.88940" lon="6.64809"></trkpt>
    <trkpt lat="59.88870" lon="6.64900"></trkpt>
    <trkpt lat="59.88800" lon="6.65003"></trkpt>
    <trkpt lat="59.88760" lon="6.65050"></trkpt>
    <trkpt lat="59.88710" lon="6.65147"></trkpt>
    <trkpt lat="59.88680" lon="6.65240"></trkpt>
    <trkpt lat="59.88650" lon="6.65360"></trkpt>
    <trkpt lat="59.88630" lon="6.65460"></trkpt>
    <trkpt lat="59.88610" lon="6.65550"></trkpt>
    <trkpt lat="59.88580" lon="6.65670"></trkpt>
    <trkpt lat="59.88540" lon="6.65796"></trkpt>
    <trkpt lat="59.88500" lon="6.65880"></trkpt>
    <trkpt lat="59.88460" lon="6.65960"></trkpt>
    <trkpt lat="59.88420" lon="6.66023"></trkpt>
    <trkpt lat="59.88370" lon="6.66090"></trkpt>
    <trkpt lat="59.88270" lon="6.66130"></trkpt>
    <trkpt lat="59.88210" lon="6.66140"></trkpt>
    <trkpt lat="59.88130" lon="6.66170"></trkpt>
    <trkpt lat="59.88080" lon="6.66200"></trkpt>
    <trkpt lat="59.88030" lon="6.66240"></trkpt>
    <trkpt lat="59.87990" lon="6.66310"></trkpt>
    <trkpt lat="59.87960" lon="6.66390"></trkpt>
    <trkpt lat="59.87940" lon="6.66490"></trkpt>
    <trkpt lat="59.87920" lon="6.66580"></trkpt>
    <trkpt lat="59.87890" lon="6.66660"></trkpt>
    <trkpt lat="59.87850" lon="6.66710"></trkpt>
    <trkpt lat="59.87790" lon="6.66740"></trkpt>
    <trkpt lat="59.87740" lon="6.66730"></trkpt>
    <trkpt lat="59.87690" lon="6.66720"></trkpt>
    <trkpt lat="59.87630" lon="6.66740"></trkpt>
    <trkpt lat="59.87581" lon="6.66810"></trkpt>
    <trkpt lat="59.87530" lon="6.66890"></trkpt>
    <trkpt lat="59.87502" lon="6.66980"></trkpt>
    <trkpt lat="59.87470" lon="6.67050"></trkpt>
    <trkpt lat="59.87420" lon="6.67170"></trkpt>
    <trkpt lat="59.87370" lon="6.67261"></trkpt>
    <trkpt lat="59.87300" lon="6.67360"></trkpt>
    <trkpt lat="59.87240" lon="6.67440"></trkpt>
    <trkpt lat="59.87170" lon="6.67550"></trkpt>
    <trkpt lat="59.87120" lon="6.67620"></trkpt>
    <trkpt lat="59.87060" lon="6.67720"></trkpt>
    <trkpt lat="59.86950" lon="6.67880"></trkpt>
    <trkpt lat="59.86910" lon="6.67940"></trkpt>
    <trkpt lat="59.86870" lon="6.68000"></trkpt>
    <trkpt lat="59.86820" lon="6.68020"></trkpt>
    <trkpt lat="59.86670" lon="6.67990"></trkpt>
    <trkpt lat="59.86610" lon="6.67990"></trkpt>
    <trkpt lat="59.86565" lon="6.68000"></trkpt>
    <trkpt lat="59.86490" lon="6.68050"></trkpt>
    <trkpt lat="59.86450" lon="6.68096"></trkpt>
    <trkpt lat="59.86410" lon="6.68150"></trkpt>
    <trkpt lat="59.86360" lon="6.68240"></trkpt>
    <trkpt lat="59.86320" lon="6.68370"></trkpt>
    <trkpt lat="59.86300" lon="6.68480"></trkpt>
    <trkpt lat="59.86260" lon="6.68690"></trkpt>
    <trkpt lat="59.86140" lon="6.69280"></trkpt>
    <trkpt lat="59.86110" lon="6.69409"></trkpt>
    <trkpt lat="59.86090" lon="6.69500"></trkpt>
    <trkpt lat="59.86070" lon="6.69590"></trkpt>
    <trkpt lat="59.86030" lon="6.69690"></trkpt>
    <trkpt lat="59.85990" lon="6.69770"></trkpt>
    <trkpt lat="59.85950" lon="6.69820"></trkpt>
    <trkpt lat="59.82390" lon="6.73630"></trkpt>
    <trkpt lat="59.82350" lon="6.73680"></trkpt>
    <trkpt lat="59.82310" lon="6.73760"></trkpt>
    <trkpt lat="59.82280" lon="6.73860"></trkpt>
    <trkpt lat="59.82260" lon="6.74030"></trkpt>
    <trkpt lat="59.82240" lon="6.74120"></trkpt>
    <trkpt lat="59.82210" lon="6.74220"></trkpt>
    <trkpt lat="59.82190" lon="6.74330"></trkpt>
    <trkpt lat="59.82160" lon="6.74470"></trkpt>
    <trkpt lat="59.82130" lon="6.74570"></trkpt>
    <trkpt lat="59.82100" lon="6.74663"></trkpt>
    <trkpt lat="59.82070" lon="6.74740"></trkpt>
    <trkpt lat="59.82030" lon="6.74870"></trkpt>
    <trkpt lat="59.82010" lon="6.74990"></trkpt>
    <trkpt lat="59.82000" lon="6.75130"></trkpt>
    <trkpt lat="59.81970" lon="6.75200"></trkpt>
    <trkpt lat="59.81920" lon="6.75170"></trkpt>
    <trkpt lat="59.81920" lon="6.74980"></trkpt>
    <trkpt lat="59.81940" lon="6.74790"></trkpt>
    <trkpt lat="59.81950" lon="6.74700"></trkpt>
    <trkpt lat="59.81940" lon="6.74610"></trkpt>
    <trkpt lat="59.81900" lon="6.74540"></trkpt>
    <trkpt lat="59.81850" lon="6.74520"></trkpt>
    <trkpt lat="59.81808" lon="6.74570"></trkpt>
    <trkpt lat="59.81780" lon="6.74640"></trkpt>
    <trkpt lat="59.81740" lon="6.74800"></trkpt>
    <trkpt lat="59.81710" lon="6.74910"></trkpt>
    <trkpt lat="59.81690" lon="6.75030"></trkpt>
    <trkpt lat="59.81670" lon="6.75110"></trkpt>
    <trkpt lat="59.81640" lon="6.75200"></trkpt>
    <trkpt lat="59.81600" lon="6.75310"></trkpt>
    <trkpt lat="59.81580" lon="6.75400"></trkpt>
    <trkpt lat="59.81580" lon="6.75490"></trkpt>
    <trkpt lat="59.81610" lon="6.75610"></trkpt>
    <trkpt lat="59.81610" lon="6.75701"></trkpt>
    <trkpt lat="59.81560" lon="6.75740"></trkpt>
    <trkpt lat="59.81510" lon="6.75620"></trkpt>
    <trkpt lat="59.81470" lon="6.75570"></trkpt>
    <trkpt lat="59.81440" lon="6.75640"></trkpt>
    <trkpt lat="59.81470" lon="6.75750"></trkpt>
    <trkpt lat="59.81480" lon="6.75840"></trkpt>
    <trkpt lat="59.81390" lon="6.76150"></trkpt>
    <trkpt lat="59.81370" lon="6.76260"></trkpt>
    <trkpt lat="59.81373" lon="6.76370"></trkpt>
    <trkpt lat="59.81350" lon="6.76450"></trkpt>
    <trkpt lat="59.81310" lon="6.76380"></trkpt>
    <trkpt lat="59.81310" lon="6.76290"></trkpt>
    <trkpt lat="59.81299" lon="6.76200"></trkpt>
    <trkpt lat="59.81250" lon="6.76160"></trkpt>
    <trkpt lat="59.81200" lon="6.76200"></trkpt>
    <trkpt lat="59.81170" lon="6.76300"></trkpt>
    <trkpt lat="59.81130" lon="6.76470"></trkpt>
    <trkpt lat="59.81100" lon="6.76550"></trkpt>
    <trkpt lat="59.81060" lon="6.76600"></trkpt>
    <trkpt lat="59.81000" lon="6.76580"></trkpt>
    <trkpt lat="59.80970" lon="6.76490"></trkpt>
    <trkpt lat="59.80970" lon="6.76390"></trkpt>
    <trkpt lat="59.81002" lon="6.76319"></trkpt>
    <trkpt lat="59.81050" lon="6.76290"></trkpt>
    <trkpt lat="59.81100" lon="6.76330"></trkpt>
    <trkpt lat="59.81130" lon="6.76440"></trkpt>
    <trkpt lat="59.81150" lon="6.76520"></trkpt>
    <trkpt lat="59.81160" lon="6.76610"></trkpt>
    <trkpt lat="59.81161" lon="6.76710"></trkpt>
    <trkpt lat="59.81140" lon="6.76800"></trkpt>
    <trkpt lat="59.81130" lon="6.76890"></trkpt>
    <trkpt lat="59.81140" lon="6.76990"></trkpt>
    <trkpt lat="59.81170" lon="6.77070"></trkpt>
    <trkpt lat="59.81220" lon="6.77140"></trkpt>
    <trkpt lat="59.81280" lon="6.77190"></trkpt>
    <trkpt lat="59.81320" lon="6.77250"></trkpt>
    <trkpt lat="59.81360" lon="6.77310"></trkpt>
    <trkpt lat="59.81390" lon="6.77390"></trkpt>
    <trkpt lat="59.81430" lon="6.77500"></trkpt>
    <trkpt lat="59.81475" lon="6.77640"></trkpt>
    <trkpt lat="59.81510" lon="6.77790"></trkpt>
    <trkpt lat="59.81530" lon="6.77880"></trkpt>
    <trkpt lat="59.81580" lon="6.77960"></trkpt>
    <trkpt lat="59.81630" lon="6.78060"></trkpt>
    <trkpt lat="59.81730" lon="6.78250"></trkpt>
    <trkpt lat="59.81770" lon="6.78340"></trkpt>
    <trkpt lat="59.81797" lon="6.78430"></trkpt>
    <trkpt lat="59.81790" lon="6.78540"></trkpt>
    <trkpt lat="59.81780" lon="6.78630"></trkpt>
    <trkpt lat="59.81790" lon="6.78720"></trkpt>
    <trkpt lat="59.81830" lon="6.78790"></trkpt>
    <trkpt lat="59.81880" lon="6.78837"></trkpt>
    <trkpt lat="59.81934" lon="6.78890"></trkpt>
    <trkpt lat="59.82030" lon="6.78980"></trkpt>
    <trkpt lat="59.82070" lon="6.79030"></trkpt>
    <trkpt lat="59.82120" lon="6.79110"></trkpt>
    <trkpt lat="59.82160" lon="6.79170"></trkpt>
    <trkpt lat="59.82200" lon="6.79240"></trkpt>
    <trkpt lat="59.82250" lon="6.79320"></trkpt>
    <trkpt lat="59.82290" lon="6.79380"></trkpt>
    <trkpt lat="59.82330" lon="6.79440"></trkpt>
    <trkpt lat="59.82390" lon="6.79480"></trkpt>
    <trkpt lat="59.82460" lon="6.79540"></trkpt>
    <trkpt lat="59.82510" lon="6.79590"></trkpt>
    <trkpt lat="59.82550" lon="6.79670"></trkpt>
    <trkpt lat="59.82589" lon="6.79760"></trkpt>
    <trkpt lat="59.82600" lon="6.79850"></trkpt>
    <trkpt lat="59.82610" lon="6.79950"></trkpt>
    <trkpt lat="59.82640" lon="6.80070"></trkpt>
    <trkpt lat="59.82682" lon="6.80150"></trkpt>
    <trkpt lat="59.82730" lon="6.80220"></trkpt>
    <trkpt lat="59.82770" lon="6.80320"></trkpt>
    <trkpt lat="59.82800" lon="6.80400"></trkpt>
    <trkpt lat="59.82850" lon="6.80490"></trkpt>
    <trkpt lat="59.82880" lon="6.80570"></trkpt>
    <trkpt lat="59.82910" lon="6.80650"></trkpt>
    <trkpt lat="59.82940" lon="6.80720"></trkpt>
    <trkpt lat="59.82994" lon="6.80800"></trkpt>
    <trkpt lat="59.83039" lon="6.80880"></trkpt>
    <trkpt lat="59.83080" lon="6.80970"></trkpt>
    <trkpt lat="59.83110" lon="6.81040"></trkpt>
    <trkpt lat="59.83130" lon="6.81130"></trkpt>
    <trkpt lat="59.83170" lon="6.81200"></trkpt>
    <trkpt lat="59.83210" lon="6.81260"></trkpt>
    <trkpt lat="59.83256" lon="6.81290"></trkpt>
    <trkpt lat="59.83300" lon="6.81350"></trkpt>
    <trkpt lat="59.83330" lon="6.81420"></trkpt>
    <trkpt lat="59.83278" lon="6.81450"></trkpt>
    <trkpt lat="59.83230" lon="6.81360"></trkpt>
    <trkpt lat="59.83170" lon="6.81280"></trkpt>
    <trkpt lat="59.83120" lon="6.81210"></trkpt>
    <trkpt lat="59.83060" lon="6.81240"></trkpt>
    <trkpt lat="59.83020" lon="6.81310"></trkpt>
    <trkpt lat="59.83010" lon="6.81340"></trkpt>
  </trkseg>
</trk>
</gpx>