<?xml version="1.0" encoding="UTF-8"?>
<gpx version="1.1" creator="Linz-Optimizer-v8" xmlns="http://www.topografix.com/GPX/1/1">
<trk>
  <name>Valle-Rjukan</name>
  <type>drive</type>
  <trkseg>
    <trkpt lat="59.21100" lon="7.53440"></trkpt>
    <trkpt lat="59.21150" lon="7.53460"></trkpt>
    <trkpt lat="59.21190" lon="7.53500"></trkpt>
    <trkpt lat="59.21230" lon="7.53540"></trkpt>
    <trkpt lat="59.21270" lon="7.53480"></trkpt>
    <trkpt lat="59.21300" lon="7.53330"></trkpt>
    <trkpt lat="59.21320" lon="7.53240"></trkpt>
    <trkpt lat="59.21450" lon="7.53300"></trkpt>
    <trkpt lat="59.21540" lon="7.53370"></trkpt>
    <trkpt lat="59.21590" lon="7.53410"></trkpt>
    <trkpt lat="59.21650" lon="7.53450"></trkpt>
    <trkpt lat="59.21730" lon="7.53500"></trkpt>
    <trkpt lat="59.21790" lon="7.53540"></trkpt>
    <trkpt lat="59.21850" lon="7.53560"></trkpt>
    <trkpt lat="59.21920" lon="7.53600"></trkpt>
    <trkpt lat="59.22050" lon="7.53650"></trkpt>
    <trkpt lat="59.22140" lon="7.53690"></trkpt>
    <trkpt lat="59.22210" lon="7.53720"></trkpt>
    <trkpt lat="59.22260" lon="7.53740"></trkpt>
    <trkpt lat="59.22330" lon="7.53760"></trkpt>
    <trkpt lat="59.22390" lon="7.53770"></trkpt>
    <trkpt lat="59.22460" lon="7.53780"></trkpt>
    <trkpt lat="59.22530" lon="7.53780"></trkpt>
    <trkpt lat="59.22590" lon="7.53770"></trkpt>
    <trkpt lat="59.22640" lon="7.53760"></trkpt>
    <trkpt lat="59.22700" lon="7.53730"></trkpt>
    <trkpt lat="59.22750" lon="7.53700"></trkpt>
    <trkpt lat="59.22790" lon="7.53660"></trkpt>
    <trkpt lat="59.22830" lon="7.53610"></trkpt>
    <trkpt lat="59.22870" lon="7.53550"></trkpt>
    <trkpt lat="59.22910" lon="7.53470"></trkpt>
    <trkpt lat="59.22970" lon="7.53300"></trkpt>
    <trkpt lat="59.23000" lon="7.53230"></trkpt>
    <trkpt lat="59.23040" lon="7.53110"></trkpt>
    <trkpt lat="59.23090" lon="7.52970"></trkpt>
    <trkpt lat="59.23120" lon="7.52890"></trkpt>
    <trkpt lat="59.23150" lon="7.52810"></trkpt>
    <trkpt lat="59.23180" lon="7.52690"></trkpt>
    <trkpt lat="59.23210" lon="7.52580"></trkpt>
    <trkpt lat="59.23220" lon="7.52450"></trkpt>
    <trkpt lat="59.23230" lon="7.52350"></trkpt>
    <trkpt lat="59.23230" lon="7.52220"></trkpt>
    <trkpt lat="59.23180" lon="7.51480"></trkpt>
    <trkpt lat="59.23140" lon="7.51030"></trkpt>
    <trkpt lat="59.23130" lon="7.50880"></trkpt>
    <trkpt lat="59.23120" lon="7.50740"></trkpt>
    <trkpt lat="59.23120" lon="7.50650"></trkpt>
    <trkpt lat="59.23120" lon="7.50540"></trkpt>
    <trkpt lat="59.23130" lon="7.50450"></trkpt>
    <trkpt lat="59.23150" lon="7.50280"></trkpt>
    <trkpt lat="59.23170" lon="7.50200"></trkpt>
    <trkpt lat="59.23190" lon="7.50100"></trkpt>
    <trkpt lat="59.23210" lon="7.49990"></trkpt>
    <trkpt lat="59.23220" lon="7.49900"></trkpt>
    <trkpt lat="59.23230" lon="7.49810"></trkpt>
    <trkpt lat="59.23230" lon="7.49700"></trkpt>
    <trkpt lat="59.23240" lon="7.49610"></trkpt>
    <trkpt lat="59.23240" lon="7.49490"></trkpt>
    <trkpt lat="59.23230" lon="7.49350"></trkpt>
    <trkpt lat="59.23230" lon="7.49170"></trkpt>
    <trkpt lat="59.23220" lon="7.49070"></trkpt>
    <trkpt lat="59.23230" lon="7.48970"></trkpt>
    <trkpt lat="59.23250" lon="7.48880"></trkpt>
    <trkpt lat="59.23280" lon="7.48810"></trkpt>
    <trkpt lat="59.23320" lon="7.48750"></trkpt>
    <trkpt lat="59.23360" lon="7.48710"></trkpt>
    <trkpt lat="59.23440" lon="7.48660"></trkpt>
    <trkpt lat="59.23490" lon="7.48620"></trkpt>
    <trkpt lat="59.23540" lon="7.48550"></trkpt>
    <trkpt lat="59.23590" lon="7.48500"></trkpt>
    <trkpt lat="59.23730" lon="7.48400"></trkpt>
    <trkpt lat="59.23790" lon="7.48350"></trkpt>
    <trkpt lat="59.23830" lon="7.48310"></trkpt>
    <trkpt lat="59.23870" lon="7.48220"></trkpt>
    <trkpt lat="59.23920" lon="7.48040"></trkpt>
    <trkpt lat="59.23950" lon="7.47970"></trkpt>
    <trkpt lat="59.24000" lon="7.47950"></trkpt>
    <trkpt lat="59.24030" lon="7.47840"></trkpt>
    <trkpt lat="59.24060" lon="7.47770"></trkpt>
    <trkpt lat="59.24130" lon="7.47710"></trkpt>
    <trkpt lat="59.24180" lon="7.47690"></trkpt>
    <trkpt lat="59.24240" lon="7.47710"></trkpt>
    <trkpt lat="59.24290" lon="7.47760"></trkpt>
    <trkpt lat="59.24340" lon="7.47810"></trkpt>
    <trkpt lat="59.24380" lon="7.47870"></trkpt>
    <trkpt lat="59.24420" lon="7.47950"></trkpt>
    <trkpt lat="59.24490" lon="7.48110"></trkpt>
    <trkpt lat="59.24530" lon="7.48290"></trkpt>
    <trkpt lat="59.24560" lon="7.48410"></trkpt>
    <trkpt lat="59.24590" lon="7.48480"></trkpt>
    <trkpt lat="59.24660" lon="7.48650"></trkpt>
    <trkpt lat="59.24690" lon="7.48740"></trkpt>
    <trkpt lat="59.24730" lon="7.48810"></trkpt>
    <trkpt lat="59.24770" lon="7.48880"></trkpt>
    <trkpt lat="59.24810" lon="7.48940"></trkpt>
    <trkpt lat="59.24860" lon="7.49050"></trkpt>
    <trkpt lat="59.24900" lon="7.49130"></trkpt>
    <trkpt lat="59.24940" lon="7.49190"></trkpt>
    <trkpt lat="59.25010" lon="7.49240"></trkpt>
    <trkpt lat="59.25070" lon="7.49250"></trkpt>
    <trkpt lat="59.25130" lon="7.49220"></trkpt>
    <trkpt lat="59.25180" lon="7.49190"></trkpt>
    <trkpt lat="59.25250" lon="7.49100"></trkpt>
    <trkpt lat="59.25310" lon="7.49060"></trkpt>
    <trkpt lat="59.25360" lon="7.49060"></trkpt>
    <trkpt lat="59.25400" lon="7.49100"></trkpt>
    <trkpt lat="59.25480" lon="7.49280"></trkpt>
    <trkpt lat="59.25530" lon="7.49410"></trkpt>
    <trkpt lat="59.25570" lon="7.49520"></trkpt>
    <trkpt lat="59.25610" lon="7.49640"></trkpt>
    <trkpt lat="59.25650" lon="7.49720"></trkpt>
    <trkpt lat="59.25700" lon="7.49780"></trkpt>
    <trkpt lat="59.25750" lon="7.49830"></trkpt>
    <trkpt lat="59.25820" lon="7.49900"></trkpt>
    <trkpt lat="59.25880" lon="7.49940"></trkpt>
    <trkpt lat="59.25930" lon="7.49940"></trkpt>
    <trkpt lat="59.26020" lon="7.49930"></trkpt>
    <trkpt lat="59.26070" lon="7.49930"></trkpt>
    <trkpt lat="59.26160" lon="7.49940"></trkpt>
    <trkpt lat="59.26250" lon="7.49940"></trkpt>
    <trkpt lat="59.26300" lon="7.49940"></trkpt>
    <trkpt lat="59.26350" lon="7.49920"></trkpt>
    <trkpt lat="59.26390" lon="7.49870"></trkpt>
    <trkpt lat="59.26420" lon="7.49770"></trkpt>
    <trkpt lat="59.26430" lon="7.49680"></trkpt>
    <trkpt lat="59.26450" lon="7.49590"></trkpt>
    <trkpt lat="59.26490" lon="7.49500"></trkpt>
    <trkpt lat="59.26540" lon="7.49410"></trkpt>
    <trkpt lat="59.26570" lon="7.49310"></trkpt>
    <trkpt lat="59.26570" lon="7.49210"></trkpt>
    <trkpt lat="59.26580" lon="7.49120"></trkpt>
    <trkpt lat="59.26610" lon="7.49050"></trkpt>
    <trkpt lat="59.26660" lon="7.49020"></trkpt>
    <trkpt lat="59.26740" lon="7.49050"></trkpt>
    <trkpt lat="59.26800" lon="7.49070"></trkpt>
    <trkpt lat="59.26840" lon="7.49110"></trkpt>
    <trkpt lat="59.26880" lon="7.49150"></trkpt>
    <trkpt lat="59.26940" lon="7.49260"></trkpt>
    <trkpt lat="59.26990" lon="7.49300"></trkpt>
    <trkpt lat="59.27050" lon="7.49290"></trkpt>
    <trkpt lat="59.27130" lon="7.49300"></trkpt>
    <trkpt lat="59.27180" lon="7.49290"></trkpt>
    <trkpt lat="59.27230" lon="7.49280"></trkpt>
    <trkpt lat="59.27280" lon="7.49270"></trkpt>
    <trkpt lat="59.27330" lon="7.49240"></trkpt>
    <trkpt lat="59.27430" lon="7.49060"></trkpt>
    <trkpt lat="59.27460" lon="7.48980"></trkpt>
    <trkpt lat="59.27470" lon="7.48890"></trkpt>
    <trkpt lat="59.27470" lon="7.48730"></trkpt>
    <trkpt lat="59.27480" lon="7.48640"></trkpt>
    <trkpt lat="59.27510" lon="7.48570"></trkpt>
    <trkpt lat="59.27560" lon="7.48540"></trkpt>
    <trkpt lat="59.27680" lon="7.48620"></trkpt>
    <trkpt lat="59.27730" lon="7.48650"></trkpt>
    <trkpt lat="59.27770" lon="7.48710"></trkpt>
    <trkpt lat="59.27800" lon="7.48810"></trkpt>
    <trkpt lat="59.27840" lon="7.48880"></trkpt>
    <trkpt lat="59.27930" lon="7.48980"></trkpt>
    <trkpt lat="59.27970" lon="7.49040"></trkpt>
    <trkpt lat="59.28010" lon="7.49120"></trkpt>
    <trkpt lat="59.28030" lon="7.49200"></trkpt>
    <trkpt lat="59.28030" lon="7.49300"></trkpt>
    <trkpt lat="59.28020" lon="7.49420"></trkpt>
    <trkpt lat="59.28010" lon="7.49510"></trkpt>
    <trkpt lat="59.28020" lon="7.49600"></trkpt>
    <trkpt lat="59.28050" lon="7.49690"></trkpt>
    <trkpt lat="59.28090" lon="7.49750"></trkpt>
    <trkpt lat="59.28180" lon="7.49840"></trkpt>
    <trkpt lat="59.28240" lon="7.49880"></trkpt>
    <trkpt lat="59.28310" lon="7.49900"></trkpt>
    <trkpt lat="59.28360" lon="7.49870"></trkpt>
    <trkpt lat="59.28470" lon="7.49750"></trkpt>
    <trkpt lat="59.28520" lon="7.49690"></trkpt>
    <trkpt lat="59.28680" lon="7.49500"></trkpt>
    <trkpt lat="59.28740" lon="7.49420"></trkpt>
    <trkpt lat="59.28820" lon="7.49340"></trkpt>
    <trkpt lat="59.28880" lon="7.49270"></trkpt>
    <trkpt lat="59.29000" lon="7.49160"></trkpt>
    <trkpt lat="59.29100" lon="7.49060"></trkpt>
    <trkpt lat="59.29200" lon="7.48970"></trkpt>
    <trkpt lat="59.29310" lon="7.48870"></trkpt>
    <trkpt lat="59.29380" lon="7.48820"></trkpt>
    <trkpt lat="59.29450" lon="7.48780"></trkpt>
    <trkpt lat="59.29530" lon="7.48750"></trkpt>
    <trkpt lat="59.29590" lon="7.48740"></trkpt>
    <trkpt lat="59.29730" lon="7.48710"></trkpt>
    <trkpt lat="59.29800" lon="7.48700"></trkpt>
    <trkpt lat="59.29850" lon="7.48680"></trkpt>
    <trkpt lat="59.29910" lon="7.48680"></trkpt>
    <trkpt lat="59.30050" lon="7.48650"></trkpt>
    <trkpt lat="59.30100" lon="7.48630"></trkpt>
    <trkpt lat="59.30150" lon="7.48620"></trkpt>
    <trkpt lat="59.30210" lon="7.48590"></trkpt>
    <trkpt lat="59.30270" lon="7.48550"></trkpt>
    <trkpt lat="59.30340" lon="7.48500"></trkpt>
    <trkpt lat="59.30420" lon="7.48430"></trkpt>
    <trkpt lat="59.30480" lon="7.48390"></trkpt>
    <trkpt lat="59.30550" lon="7.48350"></trkpt>
    <trkpt lat="59.30610" lon="7.48330"></trkpt>
    <trkpt lat="59.30670" lon="7.48330"></trkpt>
    <trkpt lat="59.30720" lon="7.48330"></trkpt>
    <trkpt lat="59.30820" lon="7.48340"></trkpt>
    <trkpt lat="59.31090" lon="7.48390"></trkpt>
    <trkpt lat="59.31160" lon="7.48410"></trkpt>
    <trkpt lat="59.31210" lon="7.48430"></trkpt>
    <trkpt lat="59.31280" lon="7.48460"></trkpt>
    <trkpt lat="59.31330" lon="7.48500"></trkpt>
    <trkpt lat="59.31390" lon="7.48550"></trkpt>
    <trkpt lat="59.31440" lon="7.48600"></trkpt>
    <trkpt lat="59.31500" lon="7.48670"></trkpt>
    <trkpt lat="59.31540" lon="7.48730"></trkpt>
    <trkpt lat="59.31580" lon="7.48790"></trkpt>
    <trkpt lat="59.31610" lon="7.48860"></trkpt>
    <trkpt lat="59.31660" lon="7.48960"></trkpt>
    <trkpt lat="59.31740" lon="7.49150"></trkpt>
    <trkpt lat="59.31770" lon="7.49230"></trkpt>
    <trkpt lat="59.31830" lon="7.49350"></trkpt>
    <trkpt lat="59.31870" lon="7.49430"></trkpt>
    <trkpt lat="59.31930" lon="7.49540"></trkpt>
    <trkpt lat="59.31980" lon="7.49610"></trkpt>
    <trkpt lat="59.32040" lon="7.49680"></trkpt>
    <trkpt lat="59.32100" lon="7.49740"></trkpt>
    <trkpt lat="59.32160" lon="7.49780"></trkpt>
    <trkpt lat="59.32210" lon="7.49800"></trkpt>
    <trkpt lat="59.32270" lon="7.49810"></trkpt>
    <trkpt lat="59.32330" lon="7.49820"></trkpt>
    <trkpt lat="59.32380" lon="7.49810"></trkpt>
    <trkpt lat="59.32440" lon="7.49790"></trkpt>
    <trkpt lat="59.32510" lon="7.49780"></trkpt>
    <trkpt lat="59.32570" lon="7.49780"></trkpt>
    <trkpt lat="59.32810" lon="7.49790"></trkpt>
    <trkpt lat="59.32970" lon="7.49810"></trkpt>
    <trkpt lat="59.33030" lon="7.49810"></trkpt>
    <trkpt lat="59.33080" lon="7.49820"></trkpt>
    <trkpt lat="59.33210" lon="7.49820"></trkpt>
    <trkpt lat="59.33290" lon="7.49830"></trkpt>
    <trkpt lat="59.33360" lon="7.49840"></trkpt>
    <trkpt lat="59.33410" lon="7.49870"></trkpt>
    <trkpt lat="59.33470" lon="7.49930"></trkpt>
    <trkpt lat="59.33510" lon="7.49990"></trkpt>
    <trkpt lat="59.33540" lon="7.50060"></trkpt>
    <trkpt lat="59.33570" lon="7.50180"></trkpt>
    <trkpt lat="59.33590" lon="7.50300"></trkpt>
    <trkpt lat="59.33610" lon="7.50420"></trkpt>
    <trkpt lat="59.33630" lon="7.50730"></trkpt>
    <trkpt lat="59.33650" lon="7.50820"></trkpt>
    <trkpt lat="59.33670" lon="7.50910"></trkpt>
    <trkpt lat="59.33700" lon="7.51000"></trkpt>
    <trkpt lat="59.33740" lon="7.51050"></trkpt>
    <trkpt lat="59.33780" lon="7.51100"></trkpt>
    <trkpt lat="59.33880" lon="7.51140"></trkpt>
    <trkpt lat="59.33960" lon="7.51170"></trkpt>
    <trkpt lat="59.34010" lon="7.51210"></trkpt>
    <trkpt lat="59.34050" lon="7.51270"></trkpt>
    <trkpt lat="59.34090" lon="7.51330"></trkpt>
    <trkpt lat="59.34130" lon="7.51400"></trkpt>
    <trkpt lat="59.34180" lon="7.51460"></trkpt>
    <trkpt lat="59.34250" lon="7.51490"></trkpt>
    <trkpt lat="59.34300" lon="7.51520"></trkpt>
    <trkpt lat="59.34350" lon="7.51570"></trkpt>
    <trkpt lat="59.34390" lon="7.51620"></trkpt>
    <trkpt lat="59.34480" lon="7.51730"></trkpt>
    <trkpt lat="59.34540" lon="7.51800"></trkpt>
    <trkpt lat="59.34580" lon="7.51860"></trkpt>
    <trkpt lat="59.34610" lon="7.51950"></trkpt>
    <trkpt lat="59.34630" lon="7.52030"></trkpt>
    <trkpt lat="59.34640" lon="7.52150"></trkpt>
    <trkpt lat="59.34640" lon="7.52270"></trkpt>
    <trkpt lat="59.34640" lon="7.52400"></trkpt>
    <trkpt lat="59.34640" lon="7.52530"></trkpt>
    <trkpt lat="59.34650" lon="7.52630"></trkpt>
    <trkpt lat="59.34660" lon="7.52730"></trkpt>
    <trkpt lat="59.34660" lon="7.52820"></trkpt>
    <trkpt lat="59.34680" lon="7.52930"></trkpt>
    <trkpt lat="59.34710" lon="7.53100"></trkpt>
    <trkpt lat="59.34730" lon="7.53190"></trkpt>
    <trkpt lat="59.34750" lon="7.53310"></trkpt>
    <trkpt lat="59.34750" lon="7.53410"></trkpt>
    <trkpt lat="59.34740" lon="7.53500"></trkpt>
    <trkpt lat="59.34730" lon="7.53620"></trkpt>
    <trkpt lat="59.34730" lon="7.53720"></trkpt>
    <trkpt lat="59.34740" lon="7.53880"></trkpt>
    <trkpt lat="59.34760" lon="7.53980"></trkpt>
    <trkpt lat="59.34780" lon="7.54120"></trkpt>
    <trkpt lat="59.34790" lon="7.54210"></trkpt>
    <trkpt lat="59.34790" lon="7.54300"></trkpt>
    <trkpt lat="59.34800" lon="7.54480"></trkpt>
    <trkpt lat="59.34810" lon="7.54700"></trkpt>
    <trkpt lat="59.34810" lon="7.54860"></trkpt>
    <trkpt lat="59.34810" lon="7.54950"></trkpt>
    <trkpt lat="59.34810" lon="7.55120"></trkpt>
    <trkpt lat="59.34800" lon="7.55240"></trkpt>
    <trkpt lat="59.34780" lon="7.55350"></trkpt>
    <trkpt lat="59.34750" lon="7.55490"></trkpt>
    <trkpt lat="59.34740" lon="7.55590"></trkpt>
    <trkpt lat="59.34730" lon="7.55740"></trkpt>
    <trkpt lat="59.34700" lon="7.55910"></trkpt>
    <trkpt lat="59.34620" lon="7.56160"></trkpt>
    <trkpt lat="59.34570" lon="7.56330"></trkpt>
    <trkpt lat="59.34530" lon="7.56470"></trkpt>
    <trkpt lat="59.34510" lon="7.56560"></trkpt>
    <trkpt lat="59.34500" lon="7.56710"></trkpt>
    <trkpt lat="59.34510" lon="7.56900"></trkpt>
    <trkpt lat="59.34510" lon="7.57040"></trkpt>
    <trkpt lat="59.34510" lon="7.57140"></trkpt>
    <trkpt lat="59.34500" lon="7.57250"></trkpt>
    <trkpt lat="59.34490" lon="7.57380"></trkpt>
    <trkpt lat="59.34470" lon="7.57580"></trkpt>
    <trkpt lat="59.34470" lon="7.57680"></trkpt>
    <trkpt lat="59.34460" lon="7.57840"></trkpt>
    <trkpt lat="59.34460" lon="7.57940"></trkpt>
    <trkpt lat="59.34450" lon="7.58090"></trkpt>
    <trkpt lat="59.34460" lon="7.58200"></trkpt>
    <trkpt lat="59.34460" lon="7.58470"></trkpt>
    <trkpt lat="59.34460" lon="7.58570"></trkpt>
    <trkpt lat="59.34470" lon="7.58690"></trkpt>
    <trkpt lat="59.34470" lon="7.58960"></trkpt>
    <trkpt lat="59.34470" lon="7.59050"></trkpt>
    <trkpt lat="59.34460" lon="7.59150"></trkpt>
    <trkpt lat="59.34430" lon="7.59250"></trkpt>
    <trkpt lat="59.34400" lon="7.59330"></trkpt>
    <trkpt lat="59.34340" lon="7.59420"></trkpt>
    <trkpt lat="59.34300" lon="7.59500"></trkpt>
    <trkpt lat="59.34260" lon="7.59590"></trkpt>
    <trkpt lat="59.34240" lon="7.59720"></trkpt>
    <trkpt lat="59.34220" lon="7.59880"></trkpt>
    <trkpt lat="59.34190" lon="7.60020"></trkpt>
    <trkpt lat="59.34160" lon="7.60140"></trkpt>
    <trkpt lat="59.34140" lon="7.60220"></trkpt>
    <trkpt lat="59.34110" lon="7.60340"></trkpt>
    <trkpt lat="59.34100" lon="7.60450"></trkpt>
    <trkpt lat="59.34090" lon="7.60640"></trkpt>
    <trkpt lat="59.34090" lon="7.60810"></trkpt>
    <trkpt lat="59.34080" lon="7.61080"></trkpt>
    <trkpt lat="59.34080" lon="7.61190"></trkpt>
    <trkpt lat="59.34090" lon="7.61290"></trkpt>
    <trkpt lat="59.34120" lon="7.61420"></trkpt>
    <trkpt lat="59.34150" lon="7.61510"></trkpt>
    <trkpt lat="59.34180" lon="7.61600"></trkpt>
    <trkpt lat="59.34210" lon="7.61690"></trkpt>
    <trkpt lat="59.34240" lon="7.61770"></trkpt>
    <trkpt lat="59.34270" lon="7.61850"></trkpt>
    <trkpt lat="59.34310" lon="7.61920"></trkpt>
    <trkpt lat="59.34360" lon="7.62010"></trkpt>
    <trkpt lat="59.34390" lon="7.62110"></trkpt>
    <trkpt lat="59.34410" lon="7.62190"></trkpt>
    <trkpt lat="59.34410" lon="7.62310"></trkpt>
    <trkpt lat="59.34420" lon="7.62410"></trkpt>
    <trkpt lat="59.34420" lon="7.62530"></trkpt>
    <trkpt lat="59.34420" lon="7.62640"></trkpt>
    <trkpt lat="59.34420" lon="7.62740"></trkpt>
    <trkpt lat="59.34440" lon="7.62890"></trkpt>
    <trkpt lat="59.34460" lon="7.63000"></trkpt>
    <trkpt lat="59.34480" lon="7.63080"></trkpt>
    <trkpt lat="59.34510" lon="7.63160"></trkpt>
    <trkpt lat="59.34540" lon="7.63240"></trkpt>
    <trkpt lat="59.34590" lon="7.63320"></trkpt>
    <trkpt lat="59.34650" lon="7.63420"></trkpt>
    <trkpt lat="59.34690" lon="7.63470"></trkpt>
    <trkpt lat="59.34730" lon="7.63540"></trkpt>
    <trkpt lat="59.34770" lon="7.63610"></trkpt>
    <trkpt lat="59.34800" lon="7.63690"></trkpt>
    <trkpt lat="59.34830" lon="7.63770"></trkpt>
    <trkpt lat="59.34840" lon="7.63880"></trkpt>
    <trkpt lat="59.34840" lon="7.63970"></trkpt>
    <trkpt lat="59.34820" lon="7.64090"></trkpt>
    <trkpt lat="59.34790" lon="7.64200"></trkpt>
    <trkpt lat="59.34760" lon="7.64290"></trkpt>
    <trkpt lat="59.34740" lon="7.64370"></trkpt>
    <trkpt lat="59.34720" lon="7.64450"></trkpt>
    <trkpt lat="59.34700" lon="7.64580"></trkpt>
    <trkpt lat="59.34680" lon="7.64670"></trkpt>
    <trkpt lat="59.34660" lon="7.64800"></trkpt>
    <trkpt lat="59.34630" lon="7.64900"></trkpt>
    <trkpt lat="59.34610" lon="7.65010"></trkpt>
    <trkpt lat="59.34590" lon="7.65110"></trkpt>
    <trkpt lat="59.34580" lon="7.65210"></trkpt>
    <trkpt lat="59.34580" lon="7.65300"></trkpt>
    <trkpt lat="59.34590" lon="7.65390"></trkpt>
    <trkpt lat="59.34590" lon="7.65480"></trkpt>
    <trkpt lat="59.34580" lon="7.65580"></trkpt>
    <trkpt lat="59.34560" lon="7.65720"></trkpt>
    <trkpt lat="59.34550" lon="7.65820"></trkpt>
    <trkpt lat="59.34530" lon="7.65940"></trkpt>
    <trkpt lat="59.34490" lon="7.66290"></trkpt>
    <trkpt lat="59.34480" lon="7.66390"></trkpt>
    <trkpt lat="59.34480" lon="7.66500"></trkpt>
    <trkpt lat="59.34490" lon="7.66620"></trkpt>
    <trkpt lat="59.34510" lon="7.66710"></trkpt>
    <trkpt lat="59.34530" lon="7.66810"></trkpt>
    <trkpt lat="59.34530" lon="7.66900"></trkpt>
    <trkpt lat="59.34540" lon="7.67080"></trkpt>
    <trkpt lat="59.34540" lon="7.67210"></trkpt>
    <trkpt lat="59.34540" lon="7.67310"></trkpt>
    <trkpt lat="59.34550" lon="7.67400"></trkpt>
    <trkpt lat="59.34550" lon="7.67520"></trkpt>
    <trkpt lat="59.34550" lon="7.67680"></trkpt>
    <trkpt lat="59.34550" lon="7.67770"></trkpt>
    <trkpt lat="59.34540" lon="7.67910"></trkpt>
    <trkpt lat="59.34530" lon="7.68010"></trkpt>
    <trkpt lat="59.34510" lon="7.68110"></trkpt>
    <trkpt lat="59.34490" lon="7.68220"></trkpt>
    <trkpt lat="59.34470" lon="7.68310"></trkpt>
    <trkpt lat="59.34460" lon="7.68400"></trkpt>
    <trkpt lat="59.34460" lon="7.68530"></trkpt>
    <trkpt lat="59.34440" lon="7.68750"></trkpt>
    <trkpt lat="59.34440" lon="7.68840"></trkpt>
    <trkpt lat="59.34430" lon="7.68930"></trkpt>
    <trkpt lat="59.34420" lon="7.69090"></trkpt>
    <trkpt lat="59.34420" lon="7.69190"></trkpt>
    <trkpt lat="59.34420" lon="7.69280"></trkpt>
    <trkpt lat="59.34420" lon="7.69380"></trkpt>
    <trkpt lat="59.34420" lon="7.69480"></trkpt>
    <trkpt lat="59.34420" lon="7.69580"></trkpt>
    <trkpt lat="59.34420" lon="7.69670"></trkpt>
    <trkpt lat="59.34440" lon="7.69880"></trkpt>
    <trkpt lat="59.34450" lon="7.70000"></trkpt>
    <trkpt lat="59.34450" lon="7.70090"></trkpt>
    <trkpt lat="59.34450" lon="7.70190"></trkpt>
    <trkpt lat="59.34450" lon="7.70390"></trkpt>
    <trkpt lat="59.34450" lon="7.70490"></trkpt>
    <trkpt lat="59.34450" lon="7.70760"></trkpt>
    <trkpt lat="59.34450" lon="7.70880"></trkpt>
    <trkpt lat="59.34460" lon="7.71060"></trkpt>
    <trkpt lat="59.34460" lon="7.71240"></trkpt>
    <trkpt lat="59.34460" lon="7.71390"></trkpt>
    <trkpt lat="59.34460" lon="7.71550"></trkpt>
    <trkpt lat="59.34470" lon="7.71690"></trkpt>
    <trkpt lat="59.34480" lon="7.71800"></trkpt>
    <trkpt lat="59.34490" lon="7.71890"></trkpt>
    <trkpt lat="59.34510" lon="7.71970"></trkpt>
    <trkpt lat="59.34550" lon="7.72080"></trkpt>
    <trkpt lat="59.34580" lon="7.72150"></trkpt>
    <trkpt lat="59.34620" lon="7.72250"></trkpt>
    <trkpt lat="59.34670" lon="7.72350"></trkpt>
    <trkpt lat="59.34710" lon="7.72440"></trkpt>
    <trkpt lat="59.34740" lon="7.72510"></trkpt>
    <trkpt lat="59.34770" lon="7.72580"></trkpt>
    <trkpt lat="59.34810" lon="7.72680"></trkpt>
    <trkpt lat="59.34840" lon="7.72790"></trkpt>
    <trkpt lat="59.34880" lon="7.72910"></trkpt>
    <trkpt lat="59.34910" lon="7.73000"></trkpt>
    <trkpt lat="59.34950" lon="7.73100"></trkpt>
    <trkpt lat="59.35000" lon="7.73250"></trkpt>
    <trkpt lat="59.35030" lon="7.73350"></trkpt>
    <trkpt lat="59.35050" lon="7.73430"></trkpt>
    <trkpt lat="59.35070" lon="7.73520"></trkpt>
    <trkpt lat="59.35100" lon="7.73640"></trkpt>
    <trkpt lat="59.35140" lon="7.73840"></trkpt>
    <trkpt lat="59.35160" lon="7.73920"></trkpt>
    <trkpt lat="59.35190" lon="7.74060"></trkpt>
    <trkpt lat="59.35220" lon="7.74180"></trkpt>
    <trkpt lat="59.35250" lon="7.74340"></trkpt>
    <trkpt lat="59.35270" lon="7.74450"></trkpt>
    <trkpt lat="59.35300" lon="7.74550"></trkpt>
    <trkpt lat="59.35340" lon="7.74770"></trkpt>
    <trkpt lat="59.35380" lon="7.74900"></trkpt>
    <trkpt lat="59.35420" lon="7.75090"></trkpt>
    <trkpt lat="59.35440" lon="7.75190"></trkpt>
    <trkpt lat="59.35470" lon="7.75270"></trkpt>
    <trkpt lat="59.35510" lon="7.75370"></trkpt>
    <trkpt lat="59.35570" lon="7.75470"></trkpt>
    <trkpt lat="59.35610" lon="7.75540"></trkpt>
    <trkpt lat="59.35670" lon="7.75670"></trkpt>
    <trkpt lat="59.35700" lon="7.75740"></trkpt>
    <trkpt lat="59.35730" lon="7.75850"></trkpt>
    <trkpt lat="59.35790" lon="7.76070"></trkpt>
    <trkpt lat="59.35820" lon="7.76190"></trkpt>
    <trkpt lat="59.35850" lon="7.76270"></trkpt>
    <trkpt lat="59.35910" lon="7.76500"></trkpt>
    <trkpt lat="59.35950" lon="7.76610"></trkpt>
    <trkpt lat="59.35980" lon="7.76700"></trkpt>
    <trkpt lat="59.36050" lon="7.76860"></trkpt>
    <trkpt lat="59.36100" lon="7.76950"></trkpt>
    <trkpt lat="59.36180" lon="7.77100"></trkpt>
    <trkpt lat="59.36210" lon="7.77170"></trkpt>
    <trkpt lat="59.36240" lon="7.77270"></trkpt>
    <trkpt lat="59.36270" lon="7.77410"></trkpt>
    <trkpt lat="59.36280" lon="7.77500"></trkpt>
    <trkpt lat="59.36300" lon="7.77680"></trkpt>
    <trkpt lat="59.36320" lon="7.77800"></trkpt>
    <trkpt lat="59.36350" lon="7.77900"></trkpt>
    <trkpt lat="59.36400" lon="7.77990"></trkpt>
    <trkpt lat="59.36440" lon="7.78080"></trkpt>
    <trkpt lat="59.36480" lon="7.78200"></trkpt>
    <trkpt lat="59.36510" lon="7.78290"></trkpt>
    <trkpt lat="59.36560" lon="7.78360"></trkpt>
    <trkpt lat="59.36620" lon="7.78400"></trkpt>
    <trkpt lat="59.36690" lon="7.78420"></trkpt>
    <trkpt lat="59.36740" lon="7.78450"></trkpt>
    <trkpt lat="59.36790" lon="7.78490"></trkpt>
    <trkpt lat="59.36830" lon="7.78580"></trkpt>
    <trkpt lat="59.36850" lon="7.78660"></trkpt>
    <trkpt lat="59.36890" lon="7.78780"></trkpt>
    <trkpt lat="59.36930" lon="7.78840"></trkpt>
    <trkpt lat="59.36970" lon="7.78890"></trkpt>
    <trkpt lat="59.37030" lon="7.78900"></trkpt>
    <trkpt lat="59.37080" lon="7.78910"></trkpt>
    <trkpt lat="59.37130" lon="7.78930"></trkpt>
    <trkpt lat="59.37190" lon="7.78960"></trkpt>
    <trkpt lat="59.37240" lon="7.79000"></trkpt>
    <trkpt lat="59.37320" lon="7.79070"></trkpt>
    <trkpt lat="59.37370" lon="7.79160"></trkpt>
    <trkpt lat="59.37450" lon="7.79390"></trkpt>
    <trkpt lat="59.37490" lon="7.79520"></trkpt>
    <trkpt lat="59.37520" lon="7.79610"></trkpt>
    <trkpt lat="59.37560" lon="7.79700"></trkpt>
    <trkpt lat="59.37610" lon="7.79790"></trkpt>
    <trkpt lat="59.37650" lon="7.79860"></trkpt>
    <trkpt lat="59.37690" lon="7.79940"></trkpt>
    <trkpt lat="59.37750" lon="7.80050"></trkpt>
    <trkpt lat="59.37810" lon="7.80150"></trkpt>
    <trkpt lat="59.37840" lon="7.80220"></trkpt>
    <trkpt lat="59.37860" lon="7.80330"></trkpt>
    <trkpt lat="59.37880" lon="7.80430"></trkpt>
    <trkpt lat="59.37900" lon="7.80580"></trkpt>
    <trkpt lat="59.37910" lon="7.80680"></trkpt>
    <trkpt lat="59.37920" lon="7.80790"></trkpt>
    <trkpt lat="59.37900" lon="7.80890"></trkpt>
    <trkpt lat="59.37870" lon="7.80970"></trkpt>
    <trkpt lat="59.37840" lon="7.81040"></trkpt>
    <trkpt lat="59.37820" lon="7.81150"></trkpt>
    <trkpt lat="59.37810" lon="7.81250"></trkpt>
    <trkpt lat="59.37820" lon="7.81360"></trkpt>
    <trkpt lat="59.37830" lon="7.81510"></trkpt>
    <trkpt lat="59.37830" lon="7.81630"></trkpt>
    <trkpt lat="59.37820" lon="7.81720"></trkpt>
    <trkpt lat="59.37850" lon="7.81890"></trkpt>
    <trkpt lat="59.37870" lon="7.82000"></trkpt>
    <trkpt lat="59.37870" lon="7.82100"></trkpt>
    <trkpt lat="59.37830" lon="7.82240"></trkpt>
    <trkpt lat="59.37810" lon="7.82330"></trkpt>
    <trkpt lat="59.37790" lon="7.82410"></trkpt>
    <trkpt lat="59.37750" lon="7.82530"></trkpt>
    <trkpt lat="59.37690" lon="7.82630"></trkpt>
    <trkpt lat="59.37630" lon="7.82750"></trkpt>
    <trkpt lat="59.37600" lon="7.82820"></trkpt>
    <trkpt lat="59.37580" lon="7.82930"></trkpt>
    <trkpt lat="59.37570" lon="7.83040"></trkpt>
    <trkpt lat="59.37570" lon="7.83200"></trkpt>
    <trkpt lat="59.37570" lon="7.83310"></trkpt>
    <trkpt lat="59.37570" lon="7.83410"></trkpt>
    <trkpt lat="59.37570" lon="7.83560"></trkpt>
    <trkpt lat="59.37580" lon="7.83650"></trkpt>
    <trkpt lat="59.37570" lon="7.83760"></trkpt>
    <trkpt lat="59.37540" lon="7.83870"></trkpt>
    <trkpt lat="59.37520" lon="7.83970"></trkpt>
    <trkpt lat="59.37500" lon="7.84070"></trkpt>
    <trkpt lat="59.37500" lon="7.84180"></trkpt>
    <trkpt lat="59.37500" lon="7.84280"></trkpt>
    <trkpt lat="59.37510" lon="7.84370"></trkpt>
    <trkpt lat="59.37510" lon="7.84470"></trkpt>
    <trkpt lat="59.37490" lon="7.84570"></trkpt>
    <trkpt lat="59.37470" lon="7.84670"></trkpt>
    <trkpt lat="59.37440" lon="7.84770"></trkpt>
    <trkpt lat="59.37400" lon="7.84880"></trkpt>
    <trkpt lat="59.37370" lon="7.84960"></trkpt>
    <trkpt lat="59.37340" lon="7.85050"></trkpt>
    <trkpt lat="59.37320" lon="7.85140"></trkpt>
    <trkpt lat="59.37310" lon="7.85240"></trkpt>
    <trkpt lat="59.37260" lon="7.85580"></trkpt>
    <trkpt lat="59.37230" lon="7.85760"></trkpt>
    <trkpt lat="59.37170" lon="7.86200"></trkpt>
    <trkpt lat="59.37150" lon="7.86280"></trkpt>
    <trkpt lat="59.37140" lon="7.86380"></trkpt>
    <trkpt lat="59.37120" lon="7.86460"></trkpt>
    <trkpt lat="59.37070" lon="7.86590"></trkpt>
    <trkpt lat="59.37020" lon="7.86690"></trkpt>
    <trkpt lat="59.36990" lon="7.86760"></trkpt>
    <trkpt lat="59.36940" lon="7.86860"></trkpt>
    <trkpt lat="59.36910" lon="7.86930"></trkpt>
    <trkpt lat="59.36880" lon="7.87000"></trkpt>
    <trkpt lat="59.36840" lon="7.87060"></trkpt>
    <trkpt lat="59.36800" lon="7.87170"></trkpt>
    <trkpt lat="59.36780" lon="7.87250"></trkpt>
    <trkpt lat="59.36770" lon="7.87360"></trkpt>
    <trkpt lat="59.36780" lon="7.87450"></trkpt>
    <trkpt lat="59.36800" lon="7.87530"></trkpt>
    <trkpt lat="59.36840" lon="7.87620"></trkpt>
    <trkpt lat="59.36870" lon="7.87700"></trkpt>
    <trkpt lat="59.36930" lon="7.87820"></trkpt>
    <trkpt lat="59.37000" lon="7.87980"></trkpt>
    <trkpt lat="59.37040" lon="7.88070"></trkpt>
    <trkpt lat="59.37070" lon="7.88160"></trkpt>
    <trkpt lat="59.37110" lon="7.88230"></trkpt>
    <trkpt lat="59.37140" lon="7.88300"></trkpt>
    <trkpt lat="59.37180" lon="7.88410"></trkpt>
    <trkpt lat="59.37220" lon="7.88490"></trkpt>
    <trkpt lat="59.37270" lon="7.88570"></trkpt>
    <trkpt lat="59.37360" lon="7.88660"></trkpt>
    <trkpt lat="59.37410" lon="7.88710"></trkpt>
    <trkpt lat="59.37500" lon="7.88750"></trkpt>
    <trkpt lat="59.37580" lon="7.88770"></trkpt>
    <trkpt lat="59.37650" lon="7.88800"></trkpt>
    <trkpt lat="59.37730" lon="7.88830"></trkpt>
    <trkpt lat="59.37790" lon="7.88880"></trkpt>
    <trkpt lat="59.37840" lon="7.88960"></trkpt>
    <trkpt lat="59.37890" lon="7.89100"></trkpt>
    <trkpt lat="59.37940" lon="7.89260"></trkpt>
    <trkpt lat="59.37960" lon="7.89360"></trkpt>
    <trkpt lat="59.37990" lon="7.89460"></trkpt>
    <trkpt lat="59.38020" lon="7.89560"></trkpt>
    <trkpt lat="59.38050" lon="7.89670"></trkpt>
    <trkpt lat="59.38080" lon="7.89760"></trkpt>
    <trkpt lat="59.38130" lon="7.89820"></trkpt>
    <trkpt lat="59.38180" lon="7.89870"></trkpt>
    <trkpt lat="59.38220" lon="7.89920"></trkpt>
    <trkpt lat="59.38270" lon="7.90010"></trkpt>
    <trkpt lat="59.38310" lon="7.90130"></trkpt>
    <trkpt lat="59.38340" lon="7.90230"></trkpt>
    <trkpt lat="59.38370" lon="7.90330"></trkpt>
    <trkpt lat="59.38410" lon="7.90430"></trkpt>
    <trkpt lat="59.38490" lon="7.90590"></trkpt>
    <trkpt lat="59.38530" lon="7.90690"></trkpt>
    <trkpt lat="59.38580" lon="7.90790"></trkpt>
    <trkpt lat="59.38630" lon="7.90890"></trkpt>
    <trkpt lat="59.38660" lon="7.90960"></trkpt>
    <trkpt lat="59.38710" lon="7.91070"></trkpt>
    <trkpt lat="59.38750" lon="7.91160"></trkpt>
    <trkpt lat="59.38780" lon="7.91240"></trkpt>
    <trkpt lat="59.38820" lon="7.91360"></trkpt>
    <trkpt lat="59.38840" lon="7.91470"></trkpt>
    <trkpt lat="59.38860" lon="7.91550"></trkpt>
    <trkpt lat="59.38890" lon="7.91660"></trkpt>
    <trkpt lat="59.38920" lon="7.91810"></trkpt>
    <trkpt lat="59.38950" lon="7.91890"></trkpt>
    <trkpt lat="59.38980" lon="7.91980"></trkpt>
    <trkpt lat="59.39040" lon="7.92090"></trkpt>
    <trkpt lat="59.39110" lon="7.92180"></trkpt>
    <trkpt lat="59.39180" lon="7.92250"></trkpt>
    <trkpt lat="59.39240" lon="7.92300"></trkpt>
    <trkpt lat="59.39320" lon="7.92370"></trkpt>
    <trkpt lat="59.39380" lon="7.92440"></trkpt>
    <trkpt lat="59.39430" lon="7.92500"></trkpt>
    <trkpt lat="59.39490" lon="7.92570"></trkpt>
    <trkpt lat="59.39530" lon="7.92620"></trkpt>
    <trkpt lat="59.39570" lon="7.92670"></trkpt>
    <trkpt lat="59.39650" lon="7.92770"></trkpt>
    <trkpt lat="59.39700" lon="7.92830"></trkpt>
    <trkpt lat="59.39740" lon="7.92880"></trkpt>
    <trkpt lat="59.39780" lon="7.92930"></trkpt>
    <trkpt lat="59.39840" lon="7.93000"></trkpt>
    <trkpt lat="59.39890" lon="7.93090"></trkpt>
    <trkpt lat="59.39920" lon="7.93180"></trkpt>
    <trkpt lat="59.39950" lon="7.93280"></trkpt>
    <trkpt lat="59.39980" lon="7.93370"></trkpt>
    <trkpt lat="59.40020" lon="7.93440"></trkpt>
    <trkpt lat="59.40060" lon="7.93500"></trkpt>
    <trkpt lat="59.40100" lon="7.93570"></trkpt>
    <trkpt lat="59.40140" lon="7.93650"></trkpt>
    <trkpt lat="59.40190" lon="7.93720"></trkpt>
    <trkpt lat="59.40240" lon="7.93790"></trkpt>
    <trkpt lat="59.40280" lon="7.93840"></trkpt>
    <trkpt lat="59.40330" lon="7.93910"></trkpt>
    <trkpt lat="59.40370" lon="7.93980"></trkpt>
    <trkpt lat="59.40380" lon="7.94070"></trkpt>
    <trkpt lat="59.40390" lon="7.94180"></trkpt>
    <trkpt lat="59.40410" lon="7.94280"></trkpt>
    <trkpt lat="59.40440" lon="7.94370"></trkpt>
    <trkpt lat="59.40480" lon="7.94440"></trkpt>
    <trkpt lat="59.40540" lon="7.94500"></trkpt>
    <trkpt lat="59.40590" lon="7.94580"></trkpt>
    <trkpt lat="59.40620" lon="7.94680"></trkpt>
    <trkpt lat="59.40650" lon="7.94750"></trkpt>
    <trkpt lat="59.40680" lon="7.94850"></trkpt>
    <trkpt lat="59.40710" lon="7.94970"></trkpt>
    <trkpt lat="59.40740" lon="7.95050"></trkpt>
    <trkpt lat="59.40770" lon="7.95120"></trkpt>
    <trkpt lat="59.40810" lon="7.95190"></trkpt>
    <trkpt lat="59.40900" lon="7.95290"></trkpt>
    <trkpt lat="59.40950" lon="7.95370"></trkpt>
    <trkpt lat="59.40990" lon="7.95440"></trkpt>
    <trkpt lat="59.41030" lon="7.95550"></trkpt>
    <trkpt lat="59.41060" lon="7.95630"></trkpt>
    <trkpt lat="59.41090" lon="7.95730"></trkpt>
    <trkpt lat="59.41110" lon="7.95830"></trkpt>
    <trkpt lat="59.41130" lon="7.95930"></trkpt>
    <trkpt lat="59.41150" lon="7.96030"></trkpt>
    <trkpt lat="59.41180" lon="7.96230"></trkpt>
    <trkpt lat="59.41220" lon="7.96320"></trkpt>
    <trkpt lat="59.41270" lon="7.96400"></trkpt>
    <trkpt lat="59.41310" lon="7.96450"></trkpt>
    <trkpt lat="59.41370" lon="7.96520"></trkpt>
    <trkpt lat="59.41420" lon="7.96600"></trkpt>
    <trkpt lat="59.41470" lon="7.96690"></trkpt>
    <trkpt lat="59.41560" lon="7.96860"></trkpt>
    <trkpt lat="59.41590" lon="7.96930"></trkpt>
    <trkpt lat="59.41640" lon="7.96980"></trkpt>
    <trkpt lat="59.41700" lon="7.97010"></trkpt>
    <trkpt lat="59.41750" lon="7.97040"></trkpt>
    <trkpt lat="59.41840" lon="7.97110"></trkpt>
    <trkpt lat="59.41890" lon="7.97190"></trkpt>
    <trkpt lat="59.41930" lon="7.97250"></trkpt>
    <trkpt lat="59.41980" lon="7.97330"></trkpt>
    <trkpt lat="59.42040" lon="7.97440"></trkpt>
    <trkpt lat="59.42080" lon="7.97500"></trkpt>
    <trkpt lat="59.42130" lon="7.97580"></trkpt>
    <trkpt lat="59.42170" lon="7.97630"></trkpt>
    <trkpt lat="59.42230" lon="7.97670"></trkpt>
    <trkpt lat="59.42280" lon="7.97710"></trkpt>
    <trkpt lat="59.42330" lon="7.97790"></trkpt>
    <trkpt lat="59.42360" lon="7.97870"></trkpt>
    <trkpt lat="59.42370" lon="7.97980"></trkpt>
    <trkpt lat="59.42380" lon="7.98080"></trkpt>
    <trkpt lat="59.42370" lon="7.98240"></trkpt>
    <trkpt lat="59.42390" lon="7.98320"></trkpt>
    <trkpt lat="59.42430" lon="7.98370"></trkpt>
    <trkpt lat="59.42490" lon="7.98410"></trkpt>
    <trkpt lat="59.42540" lon="7.98460"></trkpt>
    <trkpt lat="59.42560" lon="7.98540"></trkpt>
    <trkpt lat="59.42570" lon="7.98640"></trkpt>
    <trkpt lat="59.42550" lon="7.98740"></trkpt>
    <trkpt lat="59.42540" lon="7.98840"></trkpt>
    <trkpt lat="59.42550" lon="7.98950"></trkpt>
    <trkpt lat="59.42570" lon="7.99030"></trkpt>
    <trkpt lat="59.42600" lon="7.99100"></trkpt>
    <trkpt lat="59.42650" lon="7.99180"></trkpt>
    <trkpt lat="59.42720" lon="7.99240"></trkpt>
    <trkpt lat="59.42770" lon="7.99340"></trkpt>
    <trkpt lat="59.42800" lon="7.99430"></trkpt>
    <trkpt lat="59.42820" lon="7.99560"></trkpt>
    <trkpt lat="59.42830" lon="7.99650"></trkpt>
    <trkpt lat="59.42830" lon="7.99780"></trkpt>
    <trkpt lat="59.42840" lon="7.99890"></trkpt>
    <trkpt lat="59.42850" lon="7.99990"></trkpt>
    <trkpt lat="59.42870" lon="8.00120"></trkpt>
    <trkpt lat="59.42900" lon="8.00230"></trkpt>
    <trkpt lat="59.42930" lon="8.00300"></trkpt>
    <trkpt lat="59.42980" lon="8.00320"></trkpt>
    <trkpt lat="59.43030" lon="8.00270"></trkpt>
    <trkpt lat="59.43060" lon="8.00200"></trkpt>
    <trkpt lat="59.43090" lon="8.00130"></trkpt>
    <trkpt lat="59.43130" lon="8.00030"></trkpt>
    <trkpt lat="59.43170" lon="7.99940"></trkpt>
    <trkpt lat="59.43190" lon="7.99800"></trkpt>
    <trkpt lat="59.43240" lon="7.99770"></trkpt>
    <trkpt lat="59.43260" lon="7.99850"></trkpt>
    <trkpt lat="59.43320" lon="7.99840"></trkpt>
    <trkpt lat="59.43370" lon="7.99800"></trkpt>
    <trkpt lat="59.43430" lon="7.99780"></trkpt>
    <trkpt lat="59.43490" lon="7.99760"></trkpt>
    <trkpt lat="59.43540" lon="7.99720"></trkpt>
    <trkpt lat="59.43590" lon="7.99690"></trkpt>
    <trkpt lat="59.43560" lon="7.99760"></trkpt>
    <trkpt lat="59.43520" lon="7.99850"></trkpt>
    <trkpt lat="59.43480" lon="7.99990"></trkpt>
    <trkpt lat="59.43430" lon="8.00070"></trkpt>
    <trkpt lat="59.43480" lon="8.00090"></trkpt>
    <trkpt lat="59.43550" lon="8.00020"></trkpt>
    <trkpt lat="59.43610" lon="7.99960"></trkpt>
    <trkpt lat="59.43580" lon="8.00040"></trkpt>
    <trkpt lat="59.43530" lon="8.00190"></trkpt>
    <trkpt lat="59.43580" lon="8.00160"></trkpt>
    <trkpt lat="59.43620" lon="8.00080"></trkpt>
    <trkpt lat="59.43660" lon="8.00030"></trkpt>
    <trkpt lat="59.43640" lon="8.00110"></trkpt>
    <trkpt lat="59.43610" lon="8.00210"></trkpt>
    <trkpt lat="59.43580" lon="8.00300"></trkpt>
    <trkpt lat="59.43630" lon="8.00230"></trkpt>
    <trkpt lat="59.43670" lon="8.00160"></trkpt>
    <trkpt lat="59.43720" lon="8.00070"></trkpt>
    <trkpt lat="59.43760" lon="8.00000"></trkpt>
    <trkpt lat="59.43800" lon="7.99930"></trkpt>
    <trkpt lat="59.43840" lon="7.99880"></trkpt>
    <trkpt lat="59.43880" lon="7.99800"></trkpt>
    <trkpt lat="59.43920" lon="7.99680"></trkpt>
    <trkpt lat="59.43950" lon="7.99550"></trkpt>
    <trkpt lat="59.43970" lon="7.99460"></trkpt>
    <trkpt lat="59.44000" lon="7.99350"></trkpt>
    <trkpt lat="59.44030" lon="7.99240"></trkpt>
    <trkpt lat="59.44070" lon="7.99140"></trkpt>
    <trkpt lat="59.44110" lon="7.99010"></trkpt>
    <trkpt lat="59.44140" lon="7.98940"></trkpt>
    <trkpt lat="59.44180" lon="7.98880"></trkpt>
    <trkpt lat="59.44240" lon="7.98860"></trkpt>
    <trkpt lat="59.44290" lon="7.98830"></trkpt>
    <trkpt lat="59.44340" lon="7.98800"></trkpt>
    <trkpt lat="59.44380" lon="7.98740"></trkpt>
    <trkpt lat="59.44400" lon="7.98660"></trkpt>
    <trkpt lat="59.44410" lon="7.98550"></trkpt>
    <trkpt lat="59.44420" lon="7.98400"></trkpt>
    <trkpt lat="59.44410" lon="7.98230"></trkpt>
    <trkpt lat="59.44420" lon="7.98120"></trkpt>
    <trkpt lat="59.44420" lon="7.98030"></trkpt>
    <trkpt lat="59.44400" lon="7.97950"></trkpt>
    <trkpt lat="59.44400" lon="7.97840"></trkpt>
    <trkpt lat="59.44400" lon="7.97750"></trkpt>
    <trkpt lat="59.44390" lon="7.97660"></trkpt>
    <trkpt lat="59.44400" lon="7.97560"></trkpt>
    <trkpt lat="59.44420" lon="7.97480"></trkpt>
    <trkpt lat="59.44460" lon="7.97390"></trkpt>
    <trkpt lat="59.44520" lon="7.97260"></trkpt>
    <trkpt lat="59.44560" lon="7.97160"></trkpt>
    <trkpt lat="59.44680" lon="7.96960"></trkpt>
    <trkpt lat="59.44740" lon="7.96860"></trkpt>
    <trkpt lat="59.44790" lon="7.96750"></trkpt>
    <trkpt lat="59.44810" lon="7.96660"></trkpt>
    <trkpt lat="59.44810" lon="7.96570"></trkpt>
    <trkpt lat="59.44820" lon="7.96470"></trkpt>
    <trkpt lat="59.44840" lon="7.96340"></trkpt>
    <trkpt lat="59.44850" lon="7.96250"></trkpt>
    <trkpt lat="59.44870" lon="7.96110"></trkpt>
    <trkpt lat="59.44890" lon="7.96020"></trkpt>
    <trkpt lat="59.44900" lon="7.95900"></trkpt>
    <trkpt lat="59.44910" lon="7.95750"></trkpt>
    <trkpt lat="59.44920" lon="7.95660"></trkpt>
    <trkpt lat="59.44930" lon="7.95500"></trkpt>
    <trkpt lat="59.44940" lon="7.95340"></trkpt>
    <trkpt lat="59.44940" lon="7.95230"></trkpt>
    <trkpt lat="59.44940" lon="7.95110"></trkpt>
    <trkpt lat="59.44960" lon="7.95020"></trkpt>
    <trkpt lat="59.44990" lon="7.94950"></trkpt>
    <trkpt lat="59.45040" lon="7.94910"></trkpt>
    <trkpt lat="59.45110" lon="7.94920"></trkpt>
    <trkpt lat="59.45160" lon="7.94940"></trkpt>
    <trkpt lat="59.45210" lon="7.94950"></trkpt>
    <trkpt lat="59.45260" lon="7.94970"></trkpt>
    <trkpt lat="59.45300" lon="7.94920"></trkpt>
    <trkpt lat="59.45340" lon="7.94840"></trkpt>
    <trkpt lat="59.45370" lon="7.94740"></trkpt>
    <trkpt lat="59.45390" lon="7.94650"></trkpt>
    <trkpt lat="59.45440" lon="7.94600"></trkpt>
    <trkpt lat="59.45480" lon="7.94550"></trkpt>
    <trkpt lat="59.45520" lon="7.94500"></trkpt>
    <trkpt lat="59.45570" lon="7.94460"></trkpt>
    <trkpt lat="59.45610" lon="7.94380"></trkpt>
    <trkpt lat="59.45650" lon="7.94330"></trkpt>
    <trkpt lat="59.45720" lon="7.94290"></trkpt>
    <trkpt lat="59.45810" lon="7.94250"></trkpt>
    <trkpt lat="59.45860" lon="7.94210"></trkpt>
    <trkpt lat="59.45900" lon="7.94160"></trkpt>
    <trkpt lat="59.45970" lon="7.94100"></trkpt>
    <trkpt lat="59.46020" lon="7.94070"></trkpt>
    <trkpt lat="59.46070" lon="7.94050"></trkpt>
    <trkpt lat="59.46120" lon="7.94040"></trkpt>
    <trkpt lat="59.46170" lon="7.94050"></trkpt>
    <trkpt lat="59.46220" lon="7.94000"></trkpt>
    <trkpt lat="59.46270" lon="7.94000"></trkpt>
    <trkpt lat="59.46310" lon="7.94060"></trkpt>
    <trkpt lat="59.46340" lon="7.94200"></trkpt>
    <trkpt lat="59.46370" lon="7.94270"></trkpt>
    <trkpt lat="59.46410" lon="7.94370"></trkpt>
    <trkpt lat="59.46450" lon="7.94430"></trkpt>
    <trkpt lat="59.46510" lon="7.94500"></trkpt>
    <trkpt lat="59.46560" lon="7.94520"></trkpt>
    <trkpt lat="59.46620" lon="7.94470"></trkpt>
    <trkpt lat="59.46670" lon="7.94440"></trkpt>
    <trkpt lat="59.46750" lon="7.94470"></trkpt>
    <trkpt lat="59.46800" lon="7.94490"></trkpt>
    <trkpt lat="59.46830" lon="7.94580"></trkpt>
    <trkpt lat="59.46860" lon="7.94650"></trkpt>
    <trkpt lat="59.46920" lon="7.94720"></trkpt>
    <trkpt lat="59.46990" lon="7.94700"></trkpt>
    <trkpt lat="59.47040" lon="7.94670"></trkpt>
    <trkpt lat="59.47100" lon="7.94710"></trkpt>
    <trkpt lat="59.47140" lon="7.94770"></trkpt>
    <trkpt lat="59.47200" lon="7.94820"></trkpt>
    <trkpt lat="59.47240" lon="7.94900"></trkpt>
    <trkpt lat="59.47280" lon="7.94950"></trkpt>
    <trkpt lat="59.47330" lon="7.94970"></trkpt>
    <trkpt lat="59.47370" lon="7.95090"></trkpt>
    <trkpt lat="59.47390" lon="7.95170"></trkpt>
    <trkpt lat="59.47420" lon="7.95240"></trkpt>
    <trkpt lat="59.47470" lon="7.95270"></trkpt>
    <trkpt lat="59.47520" lon="7.95320"></trkpt>
    <trkpt lat="59.47570" lon="7.95350"></trkpt>
    <trkpt lat="59.47620" lon="7.95360"></trkpt>
    <trkpt lat="59.47670" lon="7.95400"></trkpt>
    <trkpt lat="59.47730" lon="7.95370"></trkpt>
    <trkpt lat="59.47820" lon="7.95280"></trkpt>
    <trkpt lat="59.47860" lon="7.95220"></trkpt>
    <trkpt lat="59.47900" lon="7.95160"></trkpt>
    <trkpt lat="59.47960" lon="7.95140"></trkpt>
    <trkpt lat="59.48020" lon="7.95130"></trkpt>
    <trkpt lat="59.48070" lon="7.95110"></trkpt>
    <trkpt lat="59.48130" lon="7.95110"></trkpt>
    <trkpt lat="59.48190" lon="7.95120"></trkpt>
    <trkpt lat="59.48260" lon="7.95150"></trkpt>
    <trkpt lat="59.48310" lon="7.95170"></trkpt>
    <trkpt lat="59.48370" lon="7.95220"></trkpt>
    <trkpt lat="59.48430" lon="7.95270"></trkpt>
    <trkpt lat="59.48480" lon="7.95300"></trkpt>
    <trkpt lat="59.48530" lon="7.95330"></trkpt>
    <trkpt lat="59.48580" lon="7.95360"></trkpt>
    <trkpt lat="59.48610" lon="7.95460"></trkpt>
    <trkpt lat="59.48650" lon="7.95530"></trkpt>
    <trkpt lat="59.48750" lon="7.95640"></trkpt>
    <trkpt lat="59.48800" lon="7.95700"></trkpt>
    <trkpt lat="59.48850" lon="7.95740"></trkpt>
    <trkpt lat="59.48900" lon="7.95770"></trkpt>
    <trkpt lat="59.48950" lon="7.95820"></trkpt>
    <trkpt lat="59.48990" lon="7.95870"></trkpt>
    <trkpt lat="59.49030" lon="7.95930"></trkpt>
    <trkpt lat="59.49070" lon="7.95990"></trkpt>
    <trkpt lat="59.49110" lon="7.96050"></trkpt>
    <trkpt lat="59.49160" lon="7.96110"></trkpt>
    <trkpt lat="59.49210" lon="7.96160"></trkpt>
    <trkpt lat="59.49260" lon="7.96220"></trkpt>
    <trkpt lat="59.49310" lon="7.96260"></trkpt>
    <trkpt lat="59.49360" lon="7.96320"></trkpt>
    <trkpt lat="59.49410" lon="7.96370"></trkpt>
    <trkpt lat="59.49450" lon="7.96440"></trkpt>
    <trkpt lat="59.49460" lon="7.96560"></trkpt>
    <trkpt lat="59.49480" lon="7.96640"></trkpt>
    <trkpt lat="59.49500" lon="7.96740"></trkpt>
    <trkpt lat="59.49530" lon="7.96850"></trkpt>
    <trkpt lat="59.49560" lon="7.96940"></trkpt>
    <trkpt lat="59.49590" lon="7.97030"></trkpt>
    <trkpt lat="59.49630" lon="7.97140"></trkpt>
    <trkpt lat="59.49660" lon="7.97230"></trkpt>
    <trkpt lat="59.49710" lon="7.97270"></trkpt>
    <trkpt lat="59.49760" lon="7.97280"></trkpt>
    <trkpt lat="59.49810" lon="7.97260"></trkpt>
    <trkpt lat="59.49860" lon="7.97240"></trkpt>
    <trkpt lat="59.49910" lon="7.97220"></trkpt>
    <trkpt lat="59.49970" lon="7.97230"></trkpt>
    <trkpt lat="59.50020" lon="7.97220"></trkpt>
    <trkpt lat="59.50070" lon="7.97170"></trkpt>
    <trkpt lat="59.50120" lon="7.97180"></trkpt>
    <trkpt lat="59.50170" lon="7.97170"></trkpt>
    <trkpt lat="59.50220" lon="7.97160"></trkpt>
    <trkpt lat="59.50270" lon="7.97160"></trkpt>
    <trkpt lat="59.50330" lon="7.97190"></trkpt>
    <trkpt lat="59.50380" lon="7.97220"></trkpt>
    <trkpt lat="59.50430" lon="7.97250"></trkpt>
    <trkpt lat="59.50480" lon="7.97270"></trkpt>
    <trkpt lat="59.50540" lon="7.97290"></trkpt>
    <trkpt lat="59.50590" lon="7.97330"></trkpt>
    <trkpt lat="59.50650" lon="7.97350"></trkpt>
    <trkpt lat="59.50700" lon="7.97360"></trkpt>
    <trkpt lat="59.50750" lon="7.97370"></trkpt>
    <trkpt lat="59.50800" lon="7.97390"></trkpt>
    <trkpt lat="59.50850" lon="7.97390"></trkpt>
    <trkpt lat="59.50900" lon="7.97430"></trkpt>
    <trkpt lat="59.50950" lon="7.97460"></trkpt>
    <trkpt lat="59.51000" lon="7.97490"></trkpt>
    <trkpt lat="59.51050" lon="7.97530"></trkpt>
    <trkpt lat="59.51090" lon="7.97580"></trkpt>
    <trkpt lat="59.51140" lon="7.97630"></trkpt>
    <trkpt lat="59.51170" lon="7.97700"></trkpt>
    <trkpt lat="59.51210" lon="7.97760"></trkpt>
    <trkpt lat="59.51250" lon="7.97810"></trkpt>
    <trkpt lat="59.51290" lon="7.97880"></trkpt>
    <trkpt lat="59.51340" lon="7.97930"></trkpt>
    <trkpt lat="59.51370" lon="7.98000"></trkpt>
    <trkpt lat="59.51410" lon="7.98100"></trkpt>
    <trkpt lat="59.51440" lon="7.98190"></trkpt>
    <trkpt lat="59.51470" lon="7.98270"></trkpt>
    <trkpt lat="59.51510" lon="7.98320"></trkpt>
    <trkpt lat="59.51560" lon="7.98320"></trkpt>
    <trkpt lat="59.51600" lon="7.98260"></trkpt>
    <trkpt lat="59.51640" lon="7.98200"></trkpt>
    <trkpt lat="59.51690" lon="7.98190"></trkpt>
    <trkpt lat="59.51740" lon="7.98180"></trkpt>
    <trkpt lat="59.51800" lon="7.98170"></trkpt>
    <trkpt lat="59.51860" lon="7.98160"></trkpt>
    <trkpt lat="59.51910" lon="7.98120"></trkpt>
    <trkpt lat="59.51950" lon="7.98050"></trkpt>
    <trkpt lat="59.51990" lon="7.97990"></trkpt>
    <trkpt lat="59.52030" lon="7.97930"></trkpt>
    <trkpt lat="59.52080" lon="7.97900"></trkpt>
    <trkpt lat="59.52130" lon="7.97940"></trkpt>
    <trkpt lat="59.52160" lon="7.98020"></trkpt>
    <trkpt lat="59.52160" lon="7.98110"></trkpt>
    <trkpt lat="59.52140" lon="7.98210"></trkpt>
    <trkpt lat="59.52150" lon="7.98310"></trkpt>
    <trkpt lat="59.52180" lon="7.98390"></trkpt>
    <trkpt lat="59.52200" lon="7.98470"></trkpt>
    <trkpt lat="59.52210" lon="7.98570"></trkpt>
    <trkpt lat="59.52230" lon="7.98660"></trkpt>
    <trkpt lat="59.52260" lon="7.98730"></trkpt>
    <trkpt lat="59.52300" lon="7.98800"></trkpt>
    <trkpt lat="59.52320" lon="7.98890"></trkpt>
    <trkpt lat="59.52360" lon="7.98950"></trkpt>
    <trkpt lat="59.52410" lon="7.99010"></trkpt>
    <trkpt lat="59.52460" lon="7.99070"></trkpt>
    <trkpt lat="59.52500" lon="7.99140"></trkpt>
    <trkpt lat="59.52530" lon="7.99240"></trkpt>
    <trkpt lat="59.52520" lon="7.99330"></trkpt>
    <trkpt lat="59.52480" lon="7.99430"></trkpt>
    <trkpt lat="59.52450" lon="7.99520"></trkpt>
    <trkpt lat="59.52420" lon="7.99610"></trkpt>
    <trkpt lat="59.52430" lon="7.99700"></trkpt>
    <trkpt lat="59.52480" lon="7.99740"></trkpt>
    <trkpt lat="59.52530" lon="7.99740"></trkpt>
    <trkpt lat="59.52570" lon="7.99790"></trkpt>
    <trkpt lat="59.52620" lon="7.99810"></trkpt>
    <trkpt lat="59.52670" lon="7.99820"></trkpt>
    <trkpt lat="59.52710" lon="7.99880"></trkpt>
    <trkpt lat="59.52760" lon="7.99930"></trkpt>
    <trkpt lat="59.52810" lon="7.99920"></trkpt>
    <trkpt lat="59.52860" lon="7.99930"></trkpt>
    <trkpt lat="59.52920" lon="7.99950"></trkpt>
    <trkpt lat="59.52970" lon="7.99960"></trkpt>
    <trkpt lat="59.53020" lon="7.99920"></trkpt>
    <trkpt lat="59.53040" lon="7.99820"></trkpt>
    <trkpt lat="59.53060" lon="7.99740"></trkpt>
    <trkpt lat="59.53080" lon="7.99630"></trkpt>
    <trkpt lat="59.53110" lon="7.99540"></trkpt>
    <trkpt lat="59.53150" lon="7.99490"></trkpt>
    <trkpt lat="59.53200" lon="7.99440"></trkpt>
    <trkpt lat="59.53250" lon="7.99390"></trkpt>
    <trkpt lat="59.53280" lon="7.99320"></trkpt>
    <trkpt lat="59.53340" lon="7.99220"></trkpt>
    <trkpt lat="59.53380" lon="7.99170"></trkpt>
    <trkpt lat="59.53430" lon="7.99110"></trkpt>
    <trkpt lat="59.53480" lon="7.99070"></trkpt>
    <trkpt lat="59.53520" lon="7.99120"></trkpt>
    <trkpt lat="59.53550" lon="7.99190"></trkpt>
    <trkpt lat="59.53580" lon="7.99260"></trkpt>
    <trkpt lat="59.53630" lon="7.99290"></trkpt>
    <trkpt lat="59.53660" lon="7.99220"></trkpt>
    <trkpt lat="59.53670" lon="7.99090"></trkpt>
    <trkpt lat="59.53690" lon="7.98970"></trkpt>
    <trkpt lat="59.53710" lon="7.98870"></trkpt>
    <trkpt lat="59.53750" lon="7.98790"></trkpt>
    <trkpt lat="59.53770" lon="7.98710"></trkpt>
    <trkpt lat="59.53800" lon="7.98620"></trkpt>
    <trkpt lat="59.53820" lon="7.98510"></trkpt>
    <trkpt lat="59.53850" lon="7.98420"></trkpt>
    <trkpt lat="59.53880" lon="7.98330"></trkpt>
    <trkpt lat="59.53920" lon="7.98230"></trkpt>
    <trkpt lat="59.53950" lon="7.98140"></trkpt>
    <trkpt lat="59.53970" lon="7.98050"></trkpt>
    <trkpt lat="59.53990" lon="7.97960"></trkpt>
    <trkpt lat="59.54020" lon="7.97870"></trkpt>
    <trkpt lat="59.54070" lon="7.97770"></trkpt>
    <trkpt lat="59.54090" lon="7.97680"></trkpt>
    <trkpt lat="59.54120" lon="7.97590"></trkpt>
    <trkpt lat="59.54160" lon="7.97520"></trkpt>
    <trkpt lat="59.54200" lon="7.97460"></trkpt>
    <trkpt lat="59.54250" lon="7.97440"></trkpt>
    <trkpt lat="59.54290" lon="7.97390"></trkpt>
    <trkpt lat="59.54340" lon="7.97330"></trkpt>
    <trkpt lat="59.54390" lon="7.97310"></trkpt>
    <trkpt lat="59.54440" lon="7.97300"></trkpt>
    <trkpt lat="59.54520" lon="7.97330"></trkpt>
    <trkpt lat="59.54570" lon="7.97270"></trkpt>
    <trkpt lat="59.54610" lon="7.97220"></trkpt>
    <trkpt lat="59.54660" lon="7.97240"></trkpt>
    <trkpt lat="59.54710" lon="7.97270"></trkpt>
    <trkpt lat="59.54760" lon="7.97230"></trkpt>
    <trkpt lat="59.54810" lon="7.97190"></trkpt>
    <trkpt lat="59.54860" lon="7.97220"></trkpt>
    <trkpt lat="59.54900" lon="7.97280"></trkpt>
    <trkpt lat="59.54950" lon="7.97310"></trkpt>
    <trkpt lat="59.55000" lon="7.97330"></trkpt>
    <trkpt lat="59.55050" lon="7.97330"></trkpt>
    <trkpt lat="59.55100" lon="7.97270"></trkpt>
    <trkpt lat="59.55140" lon="7.97200"></trkpt>
    <trkpt lat="59.55190" lon="7.97180"></trkpt>
    <trkpt lat="59.55240" lon="7.97200"></trkpt>
    <trkpt lat="59.55290" lon="7.97220"></trkpt>
    <trkpt lat="59.55340" lon="7.97240"></trkpt>
    <trkpt lat="59.55380" lon="7.97290"></trkpt>
    <trkpt lat="59.55380" lon="7.97390"></trkpt>
    <trkpt lat="59.55370" lon="7.97480"></trkpt>
    <trkpt lat="59.55370" lon="7.97570"></trkpt>
    <trkpt lat="59.55390" lon="7.97650"></trkpt>
    <trkpt lat="59.55430" lon="7.97700"></trkpt>
    <trkpt lat="59.55480" lon="7.97710"></trkpt>
    <trkpt lat="59.55520" lon="7.97760"></trkpt>
    <trkpt lat="59.55560" lon="7.97830"></trkpt>
    <trkpt lat="59.55620" lon="7.97890"></trkpt>
    <trkpt lat="59.55660" lon="7.97940"></trkpt>
    <trkpt lat="59.55690" lon="7.98010"></trkpt>
    <trkpt lat="59.55730" lon="7.98060"></trkpt>
    <trkpt lat="59.55770" lon="7.98150"></trkpt>
    <trkpt lat="59.55790" lon="7.98250"></trkpt>
    <trkpt lat="59.55770" lon="7.98350"></trkpt>
    <trkpt lat="59.55750" lon="7.98440"></trkpt>
    <trkpt lat="59.55730" lon="7.98520"></trkpt>
    <trkpt lat="59.55730" lon="7.98610"></trkpt>
    <trkpt lat="59.55730" lon="7.98700"></trkpt>
    <trkpt lat="59.55760" lon="7.98790"></trkpt>
    <trkpt lat="59.55800" lon="7.98840"></trkpt>
    <trkpt lat="59.55850" lon="7.98880"></trkpt>
    <trkpt lat="59.55880" lon="7.98960"></trkpt>
    <trkpt lat="59.55910" lon="7.99040"></trkpt>
    <trkpt lat="59.55920" lon="7.99150"></trkpt>
    <trkpt lat="59.55940" lon="7.99240"></trkpt>
    <trkpt lat="59.55950" lon="7.99350"></trkpt>
    <trkpt lat="59.55970" lon="7.99460"></trkpt>
    <trkpt lat="59.55980" lon="7.99560"></trkpt>
    <trkpt lat="59.55970" lon="7.99650"></trkpt>
    <trkpt lat="59.55950" lon="7.99740"></trkpt>
    <trkpt lat="59.55930" lon="7.99840"></trkpt>
    <trkpt lat="59.55920" lon="7.99930"></trkpt>
    <trkpt lat="59.55900" lon="8.00010"></trkpt>
    <trkpt lat="59.55890" lon="8.00110"></trkpt>
    <trkpt lat="59.55910" lon="8.00190"></trkpt>
    <trkpt lat="59.55960" lon="8.00220"></trkpt>
    <trkpt lat="59.56010" lon="8.00180"></trkpt>
    <trkpt lat="59.56060" lon="8.00140"></trkpt>
    <trkpt lat="59.56110" lon="8.00090"></trkpt>
    <trkpt lat="59.56170" lon="8.00040"></trkpt>
    <trkpt lat="59.56220" lon="7.99990"></trkpt>
    <trkpt lat="59.56270" lon="7.99950"></trkpt>
    <trkpt lat="59.56320" lon="7.99890"></trkpt>
    <trkpt lat="59.56380" lon="7.99840"></trkpt>
    <trkpt lat="59.56420" lon="7.99790"></trkpt>
    <trkpt lat="59.56470" lon="7.99740"></trkpt>
    <trkpt lat="59.56510" lon="7.99660"></trkpt>
    <trkpt lat="59.56550" lon="7.99600"></trkpt>
    <trkpt lat="59.56590" lon="7.99550"></trkpt>
    <trkpt lat="59.56650" lon="7.99510"></trkpt>
    <trkpt lat="59.56700" lon="7.99490"></trkpt>
    <trkpt lat="59.56750" lon="7.99450"></trkpt>
    <trkpt lat="59.56790" lon="7.99400"></trkpt>
    <trkpt lat="59.56830" lon="7.99320"></trkpt>
    <trkpt lat="59.56860" lon="7.99240"></trkpt>
    <trkpt lat="59.56890" lon="7.99170"></trkpt>
    <trkpt lat="59.56940" lon="7.99140"></trkpt>
    <trkpt lat="59.56930" lon="7.99050"></trkpt>
    <trkpt lat="59.56940" lon="7.98960"></trkpt>
    <trkpt lat="59.56960" lon="7.98880"></trkpt>
    <trkpt lat="59.57010" lon="7.98930"></trkpt>
    <trkpt lat="59.57040" lon="7.99000"></trkpt>
    <trkpt lat="59.57090" lon="7.99000"></trkpt>
    <trkpt lat="59.57100" lon="7.99090"></trkpt>
    <trkpt lat="59.57150" lon="7.99130"></trkpt>
    <trkpt lat="59.57210" lon="7.99140"></trkpt>
    <trkpt lat="59.57260" lon="7.99130"></trkpt>
    <trkpt lat="59.57320" lon="7.99100"></trkpt>
    <trkpt lat="59.57360" lon="7.99050"></trkpt>
    <trkpt lat="59.57390" lon="7.98980"></trkpt>
    <trkpt lat="59.57440" lon="7.98930"></trkpt>
    <trkpt lat="59.57500" lon="7.98910"></trkpt>
    <trkpt lat="59.57550" lon="7.98920"></trkpt>
    <trkpt lat="59.57600" lon="7.98900"></trkpt>
    <trkpt lat="59.57650" lon="7.98910"></trkpt>
    <trkpt lat="59.57710" lon="7.98940"></trkpt>
    <trkpt lat="59.57760" lon="7.98950"></trkpt>
    <trkpt lat="59.57810" lon="7.98970"></trkpt>
    <trkpt lat="59.57860" lon="7.99020"></trkpt>
    <trkpt lat="59.57880" lon="7.99100"></trkpt>
    <trkpt lat="59.57860" lon="7.99190"></trkpt>
    <trkpt lat="59.57850" lon="7.99290"></trkpt>
    <trkpt lat="59.57850" lon="7.99380"></trkpt>
    <trkpt lat="59.57880" lon="7.99450"></trkpt>
    <trkpt lat="59.57930" lon="7.99490"></trkpt>
    <trkpt lat="59.57980" lon="7.99590"></trkpt>
    <trkpt lat="59.58020" lon="7.99650"></trkpt>
    <trkpt lat="59.58070" lon="7.99670"></trkpt>
    <trkpt lat="59.58130" lon="7.99710"></trkpt>
    <trkpt lat="59.58170" lon="7.99760"></trkpt>
    <trkpt lat="59.58180" lon="7.99850"></trkpt>
    <trkpt lat="59.58140" lon="7.99900"></trkpt>
    <trkpt lat="59.58110" lon="7.99970"></trkpt>
    <trkpt lat="59.58090" lon="8.00070"></trkpt>
    <trkpt lat="59.58070" lon="8.00150"></trkpt>
    <trkpt lat="59.58040" lon="8.00220"></trkpt>
    <trkpt lat="59.58010" lon="8.00320"></trkpt>
    <trkpt lat="59.58000" lon="8.00420"></trkpt>
    <trkpt lat="59.58010" lon="8.00510"></trkpt>
    <trkpt lat="59.58030" lon="8.00590"></trkpt>
    <trkpt lat="59.58060" lon="8.00660"></trkpt>
    <trkpt lat="59.58110" lon="8.00690"></trkpt>
    <trkpt lat="59.58160" lon="8.00730"></trkpt>
    <trkpt lat="59.58220" lon="8.00770"></trkpt>
    <trkpt lat="59.58270" lon="8.00820"></trkpt>
    <trkpt lat="59.58320" lon="8.00830"></trkpt>
    <trkpt lat="59.58380" lon="8.00780"></trkpt>
    <trkpt lat="59.58430" lon="8.00750"></trkpt>
    <trkpt lat="59.58490" lon="8.00730"></trkpt>
    <trkpt lat="59.58540" lon="8.00770"></trkpt>
    <trkpt lat="59.58590" lon="8.00810"></trkpt>
    <trkpt lat="59.58640" lon="8.00820"></trkpt>
    <trkpt lat="59.58690" lon="8.00870"></trkpt>
    <trkpt lat="59.58740" lon="8.00880"></trkpt>
    <trkpt lat="59.58810" lon="8.00920"></trkpt>
    <trkpt lat="59.58860" lon="8.00920"></trkpt>
    <trkpt lat="59.58910" lon="8.00880"></trkpt>
    <trkpt lat="59.58960" lon="8.00860"></trkpt>
    <trkpt lat="59.59020" lon="8.00850"></trkpt>
    <trkpt lat="59.59070" lon="8.00830"></trkpt>
    <trkpt lat="59.59130" lon="8.00840"></trkpt>
    <trkpt lat="59.59220" lon="8.00870"></trkpt>
    <trkpt lat="59.59280" lon="8.00920"></trkpt>
    <trkpt lat="59.59330" lon="8.00960"></trkpt>
    <trkpt lat="59.59380" lon="8.00990"></trkpt>
    <trkpt lat="59.59430" lon="8.01020"></trkpt>
    <trkpt lat="59.59500" lon="8.01070"></trkpt>
    <trkpt lat="59.59550" lon="8.01110"></trkpt>
    <trkpt lat="59.59580" lon="8.01190"></trkpt>
    <trkpt lat="59.59630" lon="8.01230"></trkpt>
    <trkpt lat="59.59690" lon="8.01290"></trkpt>
    <trkpt lat="59.59740" lon="8.01330"></trkpt>
    <trkpt lat="59.59780" lon="8.01400"></trkpt>
    <trkpt lat="59.59830" lon="8.01500"></trkpt>
    <trkpt lat="59.59880" lon="8.01600"></trkpt>
    <trkpt lat="59.59920" lon="8.01660"></trkpt>
    <trkpt lat="59.59960" lon="8.01720"></trkpt>
    <trkpt lat="59.60060" lon="8.01830"></trkpt>
    <trkpt lat="59.60100" lon="8.01880"></trkpt>
    <trkpt lat="59.60130" lon="8.01960"></trkpt>
    <trkpt lat="59.60260" lon="8.01990"></trkpt>
    <trkpt lat="59.60330" lon="8.02000"></trkpt>
    <trkpt lat="59.60380" lon="8.02000"></trkpt>
    <trkpt lat="59.60430" lon="8.01950"></trkpt>
    <trkpt lat="59.60500" lon="8.02000"></trkpt>
    <trkpt lat="59.60550" lon="8.02030"></trkpt>
    <trkpt lat="59.60600" lon="8.02040"></trkpt>
    <trkpt lat="59.60670" lon="8.01990"></trkpt>
    <trkpt lat="59.60720" lon="8.01970"></trkpt>
    <trkpt lat="59.60770" lon="8.01990"></trkpt>
    <trkpt lat="59.60820" lon="8.02030"></trkpt>
    <trkpt lat="59.60870" lon="8.02020"></trkpt>
    <trkpt lat="59.60920" lon="8.01990"></trkpt>
    <trkpt lat="59.60970" lon="8.02010"></trkpt>
    <trkpt lat="59.61020" lon="8.02040"></trkpt>
    <trkpt lat="59.61070" lon="8.02020"></trkpt>
    <trkpt lat="59.61120" lon="8.02020"></trkpt>
    <trkpt lat="59.61190" lon="8.02020"></trkpt>
    <trkpt lat="59.61290" lon="8.02000"></trkpt>
    <trkpt lat="59.61350" lon="8.01990"></trkpt>
    <trkpt lat="59.61400" lon="8.01980"></trkpt>
    <trkpt lat="59.61450" lon="8.01990"></trkpt>
    <trkpt lat="59.61560" lon="8.02000"></trkpt>
    <trkpt lat="59.61610" lon="8.02000"></trkpt>
    <trkpt lat="59.61670" lon="8.02020"></trkpt>
    <trkpt lat="59.61720" lon="8.02030"></trkpt>
    <trkpt lat="59.61770" lon="8.02020"></trkpt>
    <trkpt lat="59.61820" lon="8.02000"></trkpt>
    <trkpt lat="59.61870" lon="8.01960"></trkpt>
    <trkpt lat="59.61920" lon="8.01940"></trkpt>
    <trkpt lat="59.61970" lon="8.01930"></trkpt>
    <trkpt lat="59.62020" lon="8.01920"></trkpt>
    <trkpt lat="59.62070" lon="8.01890"></trkpt>
    <trkpt lat="59.62130" lon="8.01820"></trkpt>
    <trkpt lat="59.62180" lon="8.01770"></trkpt>
    <trkpt lat="59.62250" lon="8.01730"></trkpt>
    <trkpt lat="59.62310" lon="8.01700"></trkpt>
    <trkpt lat="59.62350" lon="8.01650"></trkpt>
    <trkpt lat="59.62410" lon="8.01670"></trkpt>
    <trkpt lat="59.62510" lon="8.01640"></trkpt>
    <trkpt lat="59.62570" lon="8.01620"></trkpt>
    <trkpt lat="59.62620" lon="8.01590"></trkpt>
    <trkpt lat="59.62670" lon="8.01560"></trkpt>
    <trkpt lat="59.62720" lon="8.01570"></trkpt>
    <trkpt lat="59.62770" lon="8.01540"></trkpt>
    <trkpt lat="59.62820" lon="8.01520"></trkpt>
    <trkpt lat="59.62870" lon="8.01560"></trkpt>
    <trkpt lat="59.63000" lon="8.01630"></trkpt>
    <trkpt lat="59.63050" lon="8.01670"></trkpt>
    <trkpt lat="59.63100" lon="8.01720"></trkpt>
    <trkpt lat="59.63170" lon="8.01770"></trkpt>
    <trkpt lat="59.63230" lon="8.01790"></trkpt>
    <trkpt lat="59.63280" lon="8.01800"></trkpt>
    <trkpt lat="59.63350" lon="8.01800"></trkpt>
    <trkpt lat="59.63440" lon="8.01810"></trkpt>
    <trkpt lat="59.63490" lon="8.01780"></trkpt>
    <trkpt lat="59.63530" lon="8.01730"></trkpt>
    <trkpt lat="59.63560" lon="8.01650"></trkpt>
    <trkpt lat="59.63610" lon="8.01610"></trkpt>
    <trkpt lat="59.63680" lon="8.01580"></trkpt>
    <trkpt lat="59.63730" lon="8.01560"></trkpt>
    <trkpt lat="59.63780" lon="8.01520"></trkpt>
    <trkpt lat="59.63820" lon="8.01470"></trkpt>
    <trkpt lat="59.63900" lon="8.01450"></trkpt>
    <trkpt lat="59.63950" lon="8.01460"></trkpt>
    <trkpt lat="59.64000" lon="8.01470"></trkpt>
    <trkpt lat="59.64070" lon="8.01550"></trkpt>
    <trkpt lat="59.64120" lon="8.01590"></trkpt>
    <trkpt lat="59.64180" lon="8.01600"></trkpt>
    <trkpt lat="59.64240" lon="8.01610"></trkpt>
    <trkpt lat="59.64300" lon="8.01620"></trkpt>
    <trkpt lat="59.64380" lon="8.01650"></trkpt>
    <trkpt lat="59.64450" lon="8.01680"></trkpt>
    <trkpt lat="59.64500" lon="8.01710"></trkpt>
    <trkpt lat="59.64550" lon="8.01740"></trkpt>
    <trkpt lat="59.64600" lon="8.01800"></trkpt>
    <trkpt lat="59.64650" lon="8.01840"></trkpt>
    <trkpt lat="59.64700" lon="8.01870"></trkpt>
    <trkpt lat="59.64780" lon="8.01910"></trkpt>
    <trkpt lat="59.64830" lon="8.01940"></trkpt>
    <trkpt lat="59.64870" lon="8.01990"></trkpt>
    <trkpt lat="59.64910" lon="8.02040"></trkpt>
    <trkpt lat="59.64950" lon="8.02110"></trkpt>
    <trkpt lat="59.64990" lon="8.02220"></trkpt>
    <trkpt lat="59.65020" lon="8.02320"></trkpt>
    <trkpt lat="59.65040" lon="8.02430"></trkpt>
    <trkpt lat="59.65050" lon="8.02520"></trkpt>
    <trkpt lat="59.65070" lon="8.02620"></trkpt>
    <trkpt lat="59.65090" lon="8.02700"></trkpt>
    <trkpt lat="59.65130" lon="8.02760"></trkpt>
    <trkpt lat="59.65200" lon="8.02840"></trkpt>
    <trkpt lat="59.65290" lon="8.02950"></trkpt>
    <trkpt lat="59.65340" lon="8.02990"></trkpt>
    <trkpt lat="59.65400" lon="8.03020"></trkpt>
    <trkpt lat="59.65550" lon="8.03100"></trkpt>
    <trkpt lat="59.65650" lon="8.03150"></trkpt>
    <trkpt lat="59.65720" lon="8.03210"></trkpt>
    <trkpt lat="59.65780" lon="8.03260"></trkpt>
    <trkpt lat="59.65860" lon="8.03290"></trkpt>
    <trkpt lat="59.65930" lon="8.03330"></trkpt>
    <trkpt lat="59.65970" lon="8.03380"></trkpt>
    <trkpt lat="59.66000" lon="8.03450"></trkpt>
    <trkpt lat="59.66010" lon="8.03550"></trkpt>
    <trkpt lat="59.66040" lon="8.03620"></trkpt>
    <trkpt lat="59.66080" lon="8.03670"></trkpt>
    <trkpt lat="59.66130" lon="8.03700"></trkpt>
    <trkpt lat="59.66180" lon="8.03730"></trkpt>
    <trkpt lat="59.66230" lon="8.03770"></trkpt>
    <trkpt lat="59.66250" lon="8.03850"></trkpt>
    <trkpt lat="59.66300" lon="8.03960"></trkpt>
    <trkpt lat="59.66330" lon="8.04030"></trkpt>
    <trkpt lat="59.66370" lon="8.04190"></trkpt>
    <trkpt lat="59.66390" lon="8.04270"></trkpt>
    <trkpt lat="59.66410" lon="8.04350"></trkpt>
    <trkpt lat="59.66440" lon="8.04440"></trkpt>
    <trkpt lat="59.66480" lon="8.04520"></trkpt>
    <trkpt lat="59.66510" lon="8.04590"></trkpt>
    <trkpt lat="59.66530" lon="8.04700"></trkpt>
    <trkpt lat="59.66550" lon="8.04780"></trkpt>
    <trkpt lat="59.66590" lon="8.04850"></trkpt>
    <trkpt lat="59.66630" lon="8.04940"></trkpt>
    <trkpt lat="59.66640" lon="8.05050"></trkpt>
    <trkpt lat="59.66640" lon="8.05140"></trkpt>
    <trkpt lat="59.66660" lon="8.05230"></trkpt>
    <trkpt lat="59.66650" lon="8.05340"></trkpt>
    <trkpt lat="59.66630" lon="8.05440"></trkpt>
    <trkpt lat="59.66580" lon="8.05550"></trkpt>
    <trkpt lat="59.66550" lon="8.05620"></trkpt>
    <trkpt lat="59.66540" lon="8.05720"></trkpt>
    <trkpt lat="59.66560" lon="8.05810"></trkpt>
    <trkpt lat="59.66590" lon="8.05890"></trkpt>
    <trkpt lat="59.66630" lon="8.05940"></trkpt>
    <trkpt lat="59.66680" lon="8.05980"></trkpt>
    <trkpt lat="59.66730" lon="8.06000"></trkpt>
    <trkpt lat="59.66780" lon="8.06010"></trkpt>
    <trkpt lat="59.66830" lon="8.05960"></trkpt>
    <trkpt lat="59.66850" lon="8.05850"></trkpt>
    <trkpt lat="59.66870" lon="8.05750"></trkpt>
    <trkpt lat="59.66910" lon="8.05690"></trkpt>
    <trkpt lat="59.66970" lon="8.05620"></trkpt>
    <trkpt lat="59.67020" lon="8.05570"></trkpt>
    <trkpt lat="59.67110" lon="8.05470"></trkpt>
    <trkpt lat="59.67170" lon="8.05400"></trkpt>
    <trkpt lat="59.67220" lon="8.05390"></trkpt>
    <trkpt lat="59.67270" lon="8.05450"></trkpt>
    <trkpt lat="59.67300" lon="8.05520"></trkpt>
    <trkpt lat="59.67340" lon="8.05580"></trkpt>
    <trkpt lat="59.67380" lon="8.05630"></trkpt>
    <trkpt lat="59.67440" lon="8.05660"></trkpt>
    <trkpt lat="59.67520" lon="8.05640"></trkpt>
    <trkpt lat="59.67570" lon="8.05650"></trkpt>
    <trkpt lat="59.67610" lon="8.05700"></trkpt>
    <trkpt lat="59.67660" lon="8.05700"></trkpt>
    <trkpt lat="59.67710" lon="8.05690"></trkpt>
    <trkpt lat="59.67770" lon="8.05690"></trkpt>
    <trkpt lat="59.67820" lon="8.05690"></trkpt>
    <trkpt lat="59.67870" lon="8.05700"></trkpt>
    <trkpt lat="59.67920" lon="8.05670"></trkpt>
    <trkpt lat="59.67990" lon="8.05610"></trkpt>
    <trkpt lat="59.68040" lon="8.05560"></trkpt>
    <trkpt lat="59.68100" lon="8.05550"></trkpt>
    <trkpt lat="59.68150" lon="8.05610"></trkpt>
    <trkpt lat="59.68200" lon="8.05660"></trkpt>
    <trkpt lat="59.68250" lon="8.05640"></trkpt>
    <trkpt lat="59.68300" lon="8.05590"></trkpt>
    <trkpt lat="59.68450" lon="8.05390"></trkpt>
    <trkpt lat="59.68490" lon="8.05340"></trkpt>
    <trkpt lat="59.68540" lon="8.05320"></trkpt>
    <trkpt lat="59.68600" lon="8.05400"></trkpt>
    <trkpt lat="59.68640" lon="8.05460"></trkpt>
    <trkpt lat="59.68690" lon="8.05560"></trkpt>
    <trkpt lat="59.68730" lon="8.05620"></trkpt>
    <trkpt lat="59.68760" lon="8.05710"></trkpt>
    <trkpt lat="59.68790" lon="8.05800"></trkpt>
    <trkpt lat="59.68810" lon="8.05880"></trkpt>
    <trkpt lat="59.68830" lon="8.06000"></trkpt>
    <trkpt lat="59.68840" lon="8.06090"></trkpt>
    <trkpt lat="59.68890" lon="8.06150"></trkpt>
    <trkpt lat="59.68940" lon="8.06190"></trkpt>
    <trkpt lat="59.69020" lon="8.06240"></trkpt>
    <trkpt lat="59.69080" lon="8.06270"></trkpt>
    <trkpt lat="59.69160" lon="8.06310"></trkpt>
    <trkpt lat="59.69210" lon="8.06340"></trkpt>
    <trkpt lat="59.69260" lon="8.06340"></trkpt>
    <trkpt lat="59.69320" lon="8.06300"></trkpt>
    <trkpt lat="59.69370" lon="8.06280"></trkpt>
    <trkpt lat="59.69440" lon="8.06290"></trkpt>
    <trkpt lat="59.69480" lon="8.06360"></trkpt>
    <trkpt lat="59.69490" lon="8.06450"></trkpt>
    <trkpt lat="59.69500" lon="8.06550"></trkpt>
    <trkpt lat="59.69530" lon="8.06630"></trkpt>
    <trkpt lat="59.69560" lon="8.06700"></trkpt>
    <trkpt lat="59.69580" lon="8.06780"></trkpt>
    <trkpt lat="59.69580" lon="8.06870"></trkpt>
    <trkpt lat="59.69580" lon="8.06960"></trkpt>
    <trkpt lat="59.69570" lon="8.07050"></trkpt>
    <trkpt lat="59.69540" lon="8.07170"></trkpt>
    <trkpt lat="59.69530" lon="8.07280"></trkpt>
    <trkpt lat="59.69520" lon="8.07470"></trkpt>
    <trkpt lat="59.69510" lon="8.07580"></trkpt>
    <trkpt lat="59.69490" lon="8.07680"></trkpt>
    <trkpt lat="59.69460" lon="8.07860"></trkpt>
    <trkpt lat="59.69440" lon="8.07970"></trkpt>
    <trkpt lat="59.69420" lon="8.08060"></trkpt>
    <trkpt lat="59.69390" lon="8.08130"></trkpt>
    <trkpt lat="59.69330" lon="8.08220"></trkpt>
    <trkpt lat="59.69300" lon="8.08320"></trkpt>
    <trkpt lat="59.69290" lon="8.08410"></trkpt>
    <trkpt lat="59.69260" lon="8.08560"></trkpt>
    <trkpt lat="59.69240" lon="8.08660"></trkpt>
    <trkpt lat="59.69220" lon="8.08750"></trkpt>
    <trkpt lat="59.69200" lon="8.08830"></trkpt>
    <trkpt lat="59.69180" lon="8.08910"></trkpt>
    <trkpt lat="59.69160" lon="8.09000"></trkpt>
    <trkpt lat="59.69130" lon="8.09080"></trkpt>
    <trkpt lat="59.69090" lon="8.09220"></trkpt>
    <trkpt lat="59.69060" lon="8.09300"></trkpt>
    <trkpt lat="59.69050" lon="8.09410"></trkpt>
    <trkpt lat="59.69040" lon="8.09520"></trkpt>
    <trkpt lat="59.69040" lon="8.09640"></trkpt>
    <trkpt lat="59.69050" lon="8.09730"></trkpt>
    <trkpt lat="59.69060" lon="8.09820"></trkpt>
    <trkpt lat="59.69090" lon="8.09940"></trkpt>
    <trkpt lat="59.69110" lon="8.10020"></trkpt>
    <trkpt lat="59.69150" lon="8.10110"></trkpt>
    <trkpt lat="59.69180" lon="8.10180"></trkpt>
    <trkpt lat="59.69220" lon="8.10250"></trkpt>
    <trkpt lat="59.69260" lon="8.10340"></trkpt>
    <trkpt lat="59.69290" lon="8.10430"></trkpt>
    <trkpt lat="59.69310" lon="8.10530"></trkpt>
    <trkpt lat="59.69340" lon="8.10610"></trkpt>
    <trkpt lat="59.69370" lon="8.10680"></trkpt>
    <trkpt lat="59.69410" lon="8.10740"></trkpt>
    <trkpt lat="59.69450" lon="8.10790"></trkpt>
    <trkpt lat="59.69520" lon="8.10790"></trkpt>
    <trkpt lat="59.69580" lon="8.10790"></trkpt>
    <trkpt lat="59.69640" lon="8.10790"></trkpt>
    <trkpt lat="59.69700" lon="8.10810"></trkpt>
    <trkpt lat="59.69800" lon="8.10850"></trkpt>
    <trkpt lat="59.69860" lon="8.10880"></trkpt>
    <trkpt lat="59.69930" lon="8.10910"></trkpt>
    <trkpt lat="59.69990" lon="8.10930"></trkpt>
    <trkpt lat="59.70050" lon="8.10930"></trkpt>
    <trkpt lat="59.70100" lon="8.10920"></trkpt>
    <trkpt lat="59.70170" lon="8.10890"></trkpt>
    <trkpt lat="59.70230" lon="8.10880"></trkpt>
    <trkpt lat="59.70280" lon="8.10880"></trkpt>
    <trkpt lat="59.70330" lon="8.10880"></trkpt>
    <trkpt lat="59.70380" lon="8.10910"></trkpt>
    <trkpt lat="59.70420" lon="8.10960"></trkpt>
    <trkpt lat="59.70480" lon="8.11040"></trkpt>
    <trkpt lat="59.70520" lon="8.11110"></trkpt>
    <trkpt lat="59.70560" lon="8.11190"></trkpt>
    <trkpt lat="59.70590" lon="8.11260"></trkpt>
    <trkpt lat="59.70640" lon="8.11420"></trkpt>
    <trkpt lat="59.70670" lon="8.11510"></trkpt>
    <trkpt lat="59.70710" lon="8.11560"></trkpt>
    <trkpt lat="59.70760" lon="8.11590"></trkpt>
    <trkpt lat="59.70840" lon="8.11550"></trkpt>
    <trkpt lat="59.70890" lon="8.11530"></trkpt>
    <trkpt lat="59.70970" lon="8.11520"></trkpt>
    <trkpt lat="59.71020" lon="8.11510"></trkpt>
    <trkpt lat="59.71130" lon="8.11500"></trkpt>
    <trkpt lat="59.71180" lon="8.11500"></trkpt>
    <trkpt lat="59.71240" lon="8.11520"></trkpt>
    <trkpt lat="59.71290" lon="8.11550"></trkpt>
    <trkpt lat="59.71340" lon="8.11580"></trkpt>
    <trkpt lat="59.71390" lon="8.11620"></trkpt>
    <trkpt lat="59.71450" lon="8.11670"></trkpt>
    <trkpt lat="59.71530" lon="8.11750"></trkpt>
    <trkpt lat="59.71580" lon="8.11800"></trkpt>
    <trkpt lat="59.71620" lon="8.11850"></trkpt>
    <trkpt lat="59.71660" lon="8.11910"></trkpt>
    <trkpt lat="59.71700" lon="8.11980"></trkpt>
    <trkpt lat="59.71730" lon="8.12050"></trkpt>
    <trkpt lat="59.71780" lon="8.12220"></trkpt>
    <trkpt lat="59.71840" lon="8.12400"></trkpt>
    <trkpt lat="59.71870" lon="8.12480"></trkpt>
    <trkpt lat="59.71970" lon="8.12590"></trkpt>
    <trkpt lat="59.72020" lon="8.12630"></trkpt>
    <trkpt lat="59.72080" lon="8.12650"></trkpt>
    <trkpt lat="59.72140" lon="8.12670"></trkpt>
    <trkpt lat="59.72190" lon="8.12720"></trkpt>
    <trkpt lat="59.72250" lon="8.12790"></trkpt>
    <trkpt lat="59.72290" lon="8.12850"></trkpt>
    <trkpt lat="59.72340" lon="8.12930"></trkpt>
    <trkpt lat="59.72380" lon="8.12980"></trkpt>
    <trkpt lat="59.72430" lon="8.13000"></trkpt>
    <trkpt lat="59.72520" lon="8.12930"></trkpt>
    <trkpt lat="59.72580" lon="8.12900"></trkpt>
    <trkpt lat="59.72630" lon="8.12870"></trkpt>
    <trkpt lat="59.72680" lon="8.12850"></trkpt>
    <trkpt lat="59.72730" lon="8.12850"></trkpt>
    <trkpt lat="59.72780" lon="8.12870"></trkpt>
    <trkpt lat="59.72830" lon="8.12910"></trkpt>
    <trkpt lat="59.72890" lon="8.12980"></trkpt>
    <trkpt lat="59.72970" lon="8.13040"></trkpt>
    <trkpt lat="59.73040" lon="8.13120"></trkpt>
    <trkpt lat="59.73090" lon="8.13150"></trkpt>
    <trkpt lat="59.73140" lon="8.13170"></trkpt>
    <trkpt lat="59.73190" lon="8.13160"></trkpt>
    <trkpt lat="59.73240" lon="8.13140"></trkpt>
    <trkpt lat="59.73310" lon="8.13070"></trkpt>
    <trkpt lat="59.73380" lon="8.13000"></trkpt>
    <trkpt lat="59.73430" lon="8.12980"></trkpt>
    <trkpt lat="59.73480" lon="8.12990"></trkpt>
    <trkpt lat="59.73520" lon="8.13050"></trkpt>
    <trkpt lat="59.73560" lon="8.13170"></trkpt>
    <trkpt lat="59.73590" lon="8.13250"></trkpt>
    <trkpt lat="59.73620" lon="8.13340"></trkpt>
    <trkpt lat="59.73700" lon="8.13420"></trkpt>
    <trkpt lat="59.73760" lon="8.13470"></trkpt>
    <trkpt lat="59.73820" lon="8.13520"></trkpt>
    <trkpt lat="59.73870" lon="8.13580"></trkpt>
    <trkpt lat="59.73920" lon="8.13640"></trkpt>
    <trkpt lat="59.73970" lon="8.13720"></trkpt>
    <trkpt lat="59.74010" lon="8.13810"></trkpt>
    <trkpt lat="59.74050" lon="8.13880"></trkpt>
    <trkpt lat="59.74080" lon="8.13960"></trkpt>
    <trkpt lat="59.74120" lon="8.14070"></trkpt>
    <trkpt lat="59.74150" lon="8.14160"></trkpt>
    <trkpt lat="59.74190" lon="8.14280"></trkpt>
    <trkpt lat="59.74210" lon="8.14390"></trkpt>
    <trkpt lat="59.74230" lon="8.14500"></trkpt>
    <trkpt lat="59.74240" lon="8.14610"></trkpt>
    <trkpt lat="59.74240" lon="8.14720"></trkpt>
    <trkpt lat="59.74240" lon="8.14840"></trkpt>
    <trkpt lat="59.74240" lon="8.14940"></trkpt>
    <trkpt lat="59.74230" lon="8.15070"></trkpt>
    <trkpt lat="59.74220" lon="8.15180"></trkpt>
    <trkpt lat="59.74200" lon="8.15330"></trkpt>
    <trkpt lat="59.74190" lon="8.15430"></trkpt>
    <trkpt lat="59.74190" lon="8.15530"></trkpt>
    <trkpt lat="59.74180" lon="8.15620"></trkpt>
    <trkpt lat="59.74190" lon="8.15720"></trkpt>
    <trkpt lat="59.74210" lon="8.15820"></trkpt>
    <trkpt lat="59.74220" lon="8.15910"></trkpt>
    <trkpt lat="59.74250" lon="8.16030"></trkpt>
    <trkpt lat="59.74270" lon="8.16120"></trkpt>
    <trkpt lat="59.74300" lon="8.16220"></trkpt>
    <trkpt lat="59.74330" lon="8.16290"></trkpt>
    <trkpt lat="59.74370" lon="8.16360"></trkpt>
    <trkpt lat="59.74410" lon="8.16430"></trkpt>
    <trkpt lat="59.74450" lon="8.16510"></trkpt>
    <trkpt lat="59.74490" lon="8.16620"></trkpt>
    <trkpt lat="59.74530" lon="8.16710"></trkpt>
    <trkpt lat="59.74560" lon="8.16810"></trkpt>
    <trkpt lat="59.74580" lon="8.16910"></trkpt>
    <trkpt lat="59.74610" lon="8.17030"></trkpt>
    <trkpt lat="59.74620" lon="8.17120"></trkpt>
    <trkpt lat="59.74640" lon="8.17300"></trkpt>
    <trkpt lat="59.74650" lon="8.17400"></trkpt>
    <trkpt lat="59.74680" lon="8.17480"></trkpt>
    <trkpt lat="59.74710" lon="8.17550"></trkpt>
    <trkpt lat="59.74760" lon="8.17630"></trkpt>
    <trkpt lat="59.74800" lon="8.17690"></trkpt>
    <trkpt lat="59.74840" lon="8.17760"></trkpt>
    <trkpt lat="59.74880" lon="8.17820"></trkpt>
    <trkpt lat="59.74920" lon="8.17910"></trkpt>
    <trkpt lat="59.74930" lon="8.18010"></trkpt>
    <trkpt lat="59.74930" lon="8.18130"></trkpt>
    <trkpt lat="59.74930" lon="8.18220"></trkpt>
    <trkpt lat="59.74990" lon="8.18470"></trkpt>
    <trkpt lat="59.75000" lon="8.18560"></trkpt>
    <trkpt lat="59.75020" lon="8.18650"></trkpt>
    <trkpt lat="59.75030" lon="8.18760"></trkpt>
    <trkpt lat="59.75030" lon="8.18850"></trkpt>
    <trkpt lat="59.75030" lon="8.18940"></trkpt>
    <trkpt lat="59.75050" lon="8.19020"></trkpt>
    <trkpt lat="59.75080" lon="8.19090"></trkpt>
    <trkpt lat="59.75110" lon="8.19180"></trkpt>
    <trkpt lat="59.75120" lon="8.19300"></trkpt>
    <trkpt lat="59.75120" lon="8.19400"></trkpt>
    <trkpt lat="59.75120" lon="8.19530"></trkpt>
    <trkpt lat="59.75120" lon="8.19640"></trkpt>
    <trkpt lat="59.75110" lon="8.19770"></trkpt>
    <trkpt lat="59.75090" lon="8.19960"></trkpt>
    <trkpt lat="59.75080" lon="8.20060"></trkpt>
    <trkpt lat="59.75080" lon="8.20160"></trkpt>
    <trkpt lat="59.75080" lon="8.20270"></trkpt>
    <trkpt lat="59.75070" lon="8.20670"></trkpt>
    <trkpt lat="59.75070" lon="8.20820"></trkpt>
    <trkpt lat="59.75060" lon="8.20920"></trkpt>
    <trkpt lat="59.75030" lon="8.21000"></trkpt>
    <trkpt lat="59.74940" lon="8.21140"></trkpt>
    <trkpt lat="59.74890" lon="8.21210"></trkpt>
    <trkpt lat="59.74850" lon="8.21280"></trkpt>
    <trkpt lat="59.74820" lon="8.21360"></trkpt>
    <trkpt lat="59.74810" lon="8.21490"></trkpt>
    <trkpt lat="59.74800" lon="8.21580"></trkpt>
    <trkpt lat="59.74770" lon="8.21670"></trkpt>
    <trkpt lat="59.74740" lon="8.21790"></trkpt>
    <trkpt lat="59.74700" lon="8.21930"></trkpt>
    <trkpt lat="59.74670" lon="8.22000"></trkpt>
    <trkpt lat="59.74640" lon="8.22080"></trkpt>
    <trkpt lat="59.74600" lon="8.22180"></trkpt>
    <trkpt lat="59.74560" lon="8.22270"></trkpt>
    <trkpt lat="59.74540" lon="8.22350"></trkpt>
    <trkpt lat="59.74520" lon="8.22450"></trkpt>
    <trkpt lat="59.74530" lon="8.22550"></trkpt>
    <trkpt lat="59.74550" lon="8.22640"></trkpt>
    <trkpt lat="59.74550" lon="8.22730"></trkpt>
    <trkpt lat="59.74530" lon="8.22890"></trkpt>
    <trkpt lat="59.74510" lon="8.22970"></trkpt>
    <trkpt lat="59.74490" lon="8.23080"></trkpt>
    <trkpt lat="59.74470" lon="8.23160"></trkpt>
    <trkpt lat="59.74440" lon="8.23250"></trkpt>
    <trkpt lat="59.74410" lon="8.23340"></trkpt>
    <trkpt lat="59.74390" lon="8.23420"></trkpt>
    <trkpt lat="59.74370" lon="8.23510"></trkpt>
    <trkpt lat="59.74350" lon="8.23640"></trkpt>
    <trkpt lat="59.74330" lon="8.23870"></trkpt>
    <trkpt lat="59.74330" lon="8.23980"></trkpt>
    <trkpt lat="59.74340" lon="8.24070"></trkpt>
    <trkpt lat="59.74370" lon="8.24140"></trkpt>
    <trkpt lat="59.74420" lon="8.24190"></trkpt>
    <trkpt lat="59.74470" lon="8.24190"></trkpt>
    <trkpt lat="59.74520" lon="8.24190"></trkpt>
    <trkpt lat="59.74570" lon="8.24250"></trkpt>
    <trkpt lat="59.74600" lon="8.24390"></trkpt>
    <trkpt lat="59.74650" lon="8.24630"></trkpt>
    <trkpt lat="59.74660" lon="8.24720"></trkpt>
    <trkpt lat="59.74670" lon="8.24830"></trkpt>
    <trkpt lat="59.74690" lon="8.24920"></trkpt>
    <trkpt lat="59.74760" lon="8.25020"></trkpt>
    <trkpt lat="59.74830" lon="8.25080"></trkpt>
    <trkpt lat="59.74880" lon="8.25130"></trkpt>
    <trkpt lat="59.74930" lon="8.25150"></trkpt>
    <trkpt lat="59.75000" lon="8.25170"></trkpt>
    <trkpt lat="59.75080" lon="8.25160"></trkpt>
    <trkpt lat="59.75180" lon="8.25130"></trkpt>
    <trkpt lat="59.75290" lon="8.25100"></trkpt>
    <trkpt lat="59.75350" lon="8.25080"></trkpt>
    <trkpt lat="59.75410" lon="8.25060"></trkpt>
    <trkpt lat="59.75550" lon="8.24990"></trkpt>
    <trkpt lat="59.75660" lon="8.24930"></trkpt>
    <trkpt lat="59.75830" lon="8.24830"></trkpt>
    <trkpt lat="59.75880" lon="8.24790"></trkpt>
    <trkpt lat="59.75930" lon="8.24770"></trkpt>
    <trkpt lat="59.76010" lon="8.24720"></trkpt>
    <trkpt lat="59.76060" lon="8.24680"></trkpt>
    <trkpt lat="59.76100" lon="8.24620"></trkpt>
    <trkpt lat="59.76130" lon="8.24530"></trkpt>
    <trkpt lat="59.76170" lon="8.24430"></trkpt>
    <trkpt lat="59.76210" lon="8.24340"></trkpt>
    <trkpt lat="59.76250" lon="8.24210"></trkpt>
    <trkpt lat="59.76300" lon="8.24090"></trkpt>
    <trkpt lat="59.76450" lon="8.23800"></trkpt>
    <trkpt lat="59.76490" lon="8.23740"></trkpt>
    <trkpt lat="59.76540" lon="8.23680"></trkpt>
    <trkpt lat="59.76580" lon="8.23620"></trkpt>
    <trkpt lat="59.76690" lon="8.23430"></trkpt>
    <trkpt lat="59.76800" lon="8.23250"></trkpt>
    <trkpt lat="59.76840" lon="8.23170"></trkpt>
    <trkpt lat="59.76880" lon="8.23110"></trkpt>
    <trkpt lat="59.76950" lon="8.23060"></trkpt>
    <trkpt lat="59.77010" lon="8.23030"></trkpt>
    <trkpt lat="59.77080" lon="8.22990"></trkpt>
    <trkpt lat="59.77200" lon="8.22930"></trkpt>
    <trkpt lat="59.77250" lon="8.22910"></trkpt>
    <trkpt lat="59.77340" lon="8.22900"></trkpt>
    <trkpt lat="59.77410" lon="8.22890"></trkpt>
    <trkpt lat="59.77470" lon="8.22900"></trkpt>
    <trkpt lat="59.77520" lon="8.22930"></trkpt>
    <trkpt lat="59.77580" lon="8.22970"></trkpt>
    <trkpt lat="59.77630" lon="8.22980"></trkpt>
    <trkpt lat="59.77680" lon="8.22970"></trkpt>
    <trkpt lat="59.77730" lon="8.22960"></trkpt>
    <trkpt lat="59.77800" lon="8.22960"></trkpt>
    <trkpt lat="59.77860" lon="8.22970"></trkpt>
    <trkpt lat="59.77940" lon="8.23000"></trkpt>
    <trkpt lat="59.78000" lon="8.23020"></trkpt>
    <trkpt lat="59.78050" lon="8.23040"></trkpt>
    <trkpt lat="59.78140" lon="8.23080"></trkpt>
    <trkpt lat="59.78250" lon="8.23140"></trkpt>
    <trkpt lat="59.78330" lon="8.23180"></trkpt>
    <trkpt lat="59.78390" lon="8.23210"></trkpt>
    <trkpt lat="59.78440" lon="8.23250"></trkpt>
    <trkpt lat="59.78490" lon="8.23290"></trkpt>
    <trkpt lat="59.78540" lon="8.23330"></trkpt>
    <trkpt lat="59.78580" lon="8.23390"></trkpt>
    <trkpt lat="59.78640" lon="8.23480"></trkpt>
    <trkpt lat="59.78690" lon="8.23580"></trkpt>
    <trkpt lat="59.78770" lon="8.23740"></trkpt>
    <trkpt lat="59.78810" lon="8.23820"></trkpt>
    <trkpt lat="59.78840" lon="8.23890"></trkpt>
    <trkpt lat="59.78900" lon="8.24000"></trkpt>
    <trkpt lat="59.78950" lon="8.24110"></trkpt>
    <trkpt lat="59.79010" lon="8.24230"></trkpt>
    <trkpt lat="59.79040" lon="8.24300"></trkpt>
    <trkpt lat="59.79120" lon="8.24450"></trkpt>
    <trkpt lat="59.79180" lon="8.24590"></trkpt>
    <trkpt lat="59.79290" lon="8.24800"></trkpt>
    <trkpt lat="59.79420" lon="8.25080"></trkpt>
    <trkpt lat="59.79470" lon="8.25190"></trkpt>
    <trkpt lat="59.79550" lon="8.25350"></trkpt>
    <trkpt lat="59.79610" lon="8.25460"></trkpt>
    <trkpt lat="59.79680" lon="8.25620"></trkpt>
    <trkpt lat="59.79770" lon="8.25800"></trkpt>
    <trkpt lat="59.79810" lon="8.25880"></trkpt>
    <trkpt lat="59.79890" lon="8.26050"></trkpt>
    <trkpt lat="59.80010" lon="8.26300"></trkpt>
    <trkpt lat="59.80150" lon="8.26590"></trkpt>
    <trkpt lat="59.80240" lon="8.26790"></trkpt>
    <trkpt lat="59.80420" lon="8.27160"></trkpt>
    <trkpt lat="59.80470" lon="8.27260"></trkpt>
    <trkpt lat="59.80620" lon="8.27570"></trkpt>
    <trkpt lat="59.80670" lon="8.27680"></trkpt>
    <trkpt lat="59.80810" lon="8.27960"></trkpt>
    <trkpt lat="59.80860" lon="8.28080"></trkpt>
    <trkpt lat="59.80970" lon="8.28300"></trkpt>
    <trkpt lat="59.81000" lon="8.28380"></trkpt>
    <trkpt lat="59.81030" lon="8.28450"></trkpt>
    <trkpt lat="59.81080" lon="8.28570"></trkpt>
    <trkpt lat="59.81100" lon="8.28650"></trkpt>
    <trkpt lat="59.81140" lon="8.28750"></trkpt>
    <trkpt lat="59.81180" lon="8.28890"></trkpt>
    <trkpt lat="59.81200" lon="8.28970"></trkpt>
    <trkpt lat="59.81220" lon="8.29060"></trkpt>
    <trkpt lat="59.81280" lon="8.29290"></trkpt>
    <trkpt lat="59.81320" lon="8.29490"></trkpt>
    <trkpt lat="59.81350" lon="8.29630"></trkpt>
    <trkpt lat="59.81370" lon="8.29710"></trkpt>
    <trkpt lat="59.81410" lon="8.29950"></trkpt>
    <trkpt lat="59.81430" lon="8.30040"></trkpt>
    <trkpt lat="59.81470" lon="8.30090"></trkpt>
    <trkpt lat="59.81540" lon="8.30110"></trkpt>
    <trkpt lat="59.81600" lon="8.30140"></trkpt>
    <trkpt lat="59.81640" lon="8.30210"></trkpt>
    <trkpt lat="59.81660" lon="8.30310"></trkpt>
    <trkpt lat="59.81640" lon="8.30450"></trkpt>
    <trkpt lat="59.81630" lon="8.30560"></trkpt>
    <trkpt lat="59.81630" lon="8.30650"></trkpt>
    <trkpt lat="59.81650" lon="8.30790"></trkpt>
    <trkpt lat="59.81660" lon="8.30910"></trkpt>
    <trkpt lat="59.81660" lon="8.31000"></trkpt>
    <trkpt lat="59.81650" lon="8.31090"></trkpt>
    <trkpt lat="59.81620" lon="8.31200"></trkpt>
    <trkpt lat="59.81600" lon="8.31280"></trkpt>
    <trkpt lat="59.81600" lon="8.31370"></trkpt>
    <trkpt lat="59.81610" lon="8.31470"></trkpt>
    <trkpt lat="59.81620" lon="8.31600"></trkpt>
    <trkpt lat="59.81640" lon="8.31700"></trkpt>
    <trkpt lat="59.81670" lon="8.31780"></trkpt>
    <trkpt lat="59.81700" lon="8.31850"></trkpt>
    <trkpt lat="59.81750" lon="8.31900"></trkpt>
    <trkpt lat="59.81820" lon="8.31940"></trkpt>
    <trkpt lat="59.81870" lon="8.31950"></trkpt>
    <trkpt lat="59.81960" lon="8.31920"></trkpt>
    <trkpt lat="59.82010" lon="8.31900"></trkpt>
    <trkpt lat="59.82070" lon="8.31890"></trkpt>
    <trkpt lat="59.82160" lon="8.31890"></trkpt>
    <trkpt lat="59.82210" lon="8.31890"></trkpt>
    <trkpt lat="59.82260" lon="8.31920"></trkpt>
    <trkpt lat="59.82330" lon="8.31990"></trkpt>
    <trkpt lat="59.82390" lon="8.32050"></trkpt>
    <trkpt lat="59.82440" lon="8.32070"></trkpt>
    <trkpt lat="59.82490" lon="8.32090"></trkpt>
    <trkpt lat="59.82540" lon="8.32130"></trkpt>
    <trkpt lat="59.82590" lon="8.32230"></trkpt>
    <trkpt lat="59.82620" lon="8.32300"></trkpt>
    <trkpt lat="59.82650" lon="8.32380"></trkpt>
    <trkpt lat="59.82660" lon="8.32490"></trkpt>
    <trkpt lat="59.82690" lon="8.32570"></trkpt>
    <trkpt lat="59.82740" lon="8.32650"></trkpt>
    <trkpt lat="59.82770" lon="8.32760"></trkpt>
    <trkpt lat="59.82790" lon="8.32850"></trkpt>
    <trkpt lat="59.82790" lon="8.32950"></trkpt>
    <trkpt lat="59.82780" lon="8.33040"></trkpt>
    <trkpt lat="59.82790" lon="8.33130"></trkpt>
    <trkpt lat="59.82800" lon="8.33280"></trkpt>
    <trkpt lat="59.82800" lon="8.33370"></trkpt>
    <trkpt lat="59.82740" lon="8.33640"></trkpt>
    <trkpt lat="59.82720" lon="8.33750"></trkpt>
    <trkpt lat="59.82700" lon="8.33850"></trkpt>
    <trkpt lat="59.82690" lon="8.33990"></trkpt>
    <trkpt lat="59.82690" lon="8.34110"></trkpt>
    <trkpt lat="59.82690" lon="8.34220"></trkpt>
    <trkpt lat="59.82700" lon="8.34320"></trkpt>
    <trkpt lat="59.82750" lon="8.34380"></trkpt>
    <trkpt lat="59.82790" lon="8.34460"></trkpt>
    <trkpt lat="59.82820" lon="8.34540"></trkpt>
    <trkpt lat="59.82840" lon="8.34660"></trkpt>
    <trkpt lat="59.82850" lon="8.34760"></trkpt>
    <trkpt lat="59.82850" lon="8.34880"></trkpt>
    <trkpt lat="59.82860" lon="8.34990"></trkpt>
    <trkpt lat="59.82860" lon="8.35100"></trkpt>
    <trkpt lat="59.82850" lon="8.35210"></trkpt>
    <trkpt lat="59.82820" lon="8.35450"></trkpt>
    <trkpt lat="59.82810" lon="8.35550"></trkpt>
    <trkpt lat="59.82840" lon="8.35690"></trkpt>
    <trkpt lat="59.82870" lon="8.35870"></trkpt>
    <trkpt lat="59.82890" lon="8.35990"></trkpt>
    <trkpt lat="59.82930" lon="8.36080"></trkpt>
    <trkpt lat="59.82960" lon="8.36150"></trkpt>
    <trkpt lat="59.82990" lon="8.36300"></trkpt>
    <trkpt lat="59.83020" lon="8.36470"></trkpt>
    <trkpt lat="59.83050" lon="8.36660"></trkpt>
    <trkpt lat="59.83060" lon="8.36750"></trkpt>
    <trkpt lat="59.83080" lon="8.36870"></trkpt>
    <trkpt lat="59.83140" lon="8.37050"></trkpt>
    <trkpt lat="59.83170" lon="8.37140"></trkpt>
    <trkpt lat="59.83190" lon="8.37310"></trkpt>
    <trkpt lat="59.83200" lon="8.37410"></trkpt>
    <trkpt lat="59.83230" lon="8.37520"></trkpt>
    <trkpt lat="59.83240" lon="8.37630"></trkpt>
    <trkpt lat="59.83240" lon="8.37720"></trkpt>
    <trkpt lat="59.83270" lon="8.37810"></trkpt>
    <trkpt lat="59.83360" lon="8.38020"></trkpt>
    <trkpt lat="59.83390" lon="8.38090"></trkpt>
    <trkpt lat="59.83490" lon="8.38450"></trkpt>
    <trkpt lat="59.83520" lon="8.38520"></trkpt>
    <trkpt lat="59.83570" lon="8.38640"></trkpt>
    <trkpt lat="59.83600" lon="8.38710"></trkpt>
    <trkpt lat="59.83630" lon="8.38820"></trkpt>
    <trkpt lat="59.83640" lon="8.39020"></trkpt>
    <trkpt lat="59.83650" lon="8.39120"></trkpt>
    <trkpt lat="59.83720" lon="8.39280"></trkpt>
    <trkpt lat="59.83770" lon="8.39470"></trkpt>
    <trkpt lat="59.83800" lon="8.39560"></trkpt>
    <trkpt lat="59.83820" lon="8.39690"></trkpt>
    <trkpt lat="59.83830" lon="8.39780"></trkpt>
    <trkpt lat="59.83840" lon="8.39870"></trkpt>
    <trkpt lat="59.83870" lon="8.39950"></trkpt>
    <trkpt lat="59.83900" lon="8.40020"></trkpt>
    <trkpt lat="59.83940" lon="8.40100"></trkpt>
    <trkpt lat="59.83970" lon="8.40170"></trkpt>
    <trkpt lat="59.84020" lon="8.40280"></trkpt>
    <trkpt lat="59.84070" lon="8.40390"></trkpt>
    <trkpt lat="59.84100" lon="8.40480"></trkpt>
    <trkpt lat="59.84120" lon="8.40570"></trkpt>
    <trkpt lat="59.84150" lon="8.40640"></trkpt>
    <trkpt lat="59.84170" lon="8.40760"></trkpt>
    <trkpt lat="59.84200" lon="8.40890"></trkpt>
    <trkpt lat="59.84250" lon="8.41100"></trkpt>
    <trkpt lat="59.84280" lon="8.41170"></trkpt>
    <trkpt lat="59.84320" lon="8.41280"></trkpt>
    <trkpt lat="59.84370" lon="8.41380"></trkpt>
    <trkpt lat="59.84420" lon="8.41490"></trkpt>
    <trkpt lat="59.84480" lon="8.41590"></trkpt>
    <trkpt lat="59.84530" lon="8.41690"></trkpt>
    <trkpt lat="59.84570" lon="8.41770"></trkpt>
    <trkpt lat="59.84590" lon="8.41910"></trkpt>
    <trkpt lat="59.84620" lon="8.42010"></trkpt>
    <trkpt lat="59.84660" lon="8.42100"></trkpt>
    <trkpt lat="59.84700" lon="8.42220"></trkpt>
    <trkpt lat="59.84730" lon="8.42290"></trkpt>
    <trkpt lat="59.84770" lon="8.42380"></trkpt>
    <trkpt lat="59.84810" lon="8.42430"></trkpt>
    <trkpt lat="59.84870" lon="8.42490"></trkpt>
    <trkpt lat="59.84910" lon="8.42550"></trkpt>
    <trkpt lat="59.84950" lon="8.42620"></trkpt>
    <trkpt lat="59.85030" lon="8.42700"></trkpt>
    <trkpt lat="59.85070" lon="8.42770"></trkpt>
    <trkpt lat="59.85100" lon="8.42850"></trkpt>
    <trkpt lat="59.85140" lon="8.42950"></trkpt>
    <trkpt lat="59.85170" lon="8.43020"></trkpt>
    <trkpt lat="59.85180" lon="8.43140"></trkpt>
    <trkpt lat="59.85210" lon="8.43230"></trkpt>
    <trkpt lat="59.85250" lon="8.43280"></trkpt>
    <trkpt lat="59.85300" lon="8.43370"></trkpt>
    <trkpt lat="59.85320" lon="8.43470"></trkpt>
    <trkpt lat="59.85370" lon="8.43690"></trkpt>
    <trkpt lat="59.85390" lon="8.43940"></trkpt>
    <trkpt lat="59.85420" lon="8.44050"></trkpt>
    <trkpt lat="59.85460" lon="8.44140"></trkpt>
    <trkpt lat="59.85490" lon="8.44240"></trkpt>
    <trkpt lat="59.85540" lon="8.44330"></trkpt>
    <trkpt lat="59.85570" lon="8.44420"></trkpt>
    <trkpt lat="59.85590" lon="8.44520"></trkpt>
    <trkpt lat="59.85610" lon="8.44610"></trkpt>
    <trkpt lat="59.85660" lon="8.44760"></trkpt>
    <trkpt lat="59.85680" lon="8.44920"></trkpt>
    <trkpt lat="59.85700" lon="8.45010"></trkpt>
    <trkpt lat="59.85730" lon="8.45120"></trkpt>
    <trkpt lat="59.85760" lon="8.45190"></trkpt>
    <trkpt lat="59.85810" lon="8.45350"></trkpt>
    <trkpt lat="59.85850" lon="8.45430"></trkpt>
    <trkpt lat="59.85880" lon="8.45530"></trkpt>
    <trkpt lat="59.85920" lon="8.45610"></trkpt>
    <trkpt lat="59.85960" lon="8.45680"></trkpt>
    <trkpt lat="59.86010" lon="8.45720"></trkpt>
    <trkpt lat="59.86030" lon="8.45820"></trkpt>
    <trkpt lat="59.86030" lon="8.45930"></trkpt>
    <trkpt lat="59.86070" lon="8.46090"></trkpt>
    <trkpt lat="59.86090" lon="8.46220"></trkpt>
    <trkpt lat="59.86120" lon="8.46330"></trkpt>
    <trkpt lat="59.86140" lon="8.46440"></trkpt>
    <trkpt lat="59.86130" lon="8.46560"></trkpt>
    <trkpt lat="59.86150" lon="8.46650"></trkpt>
    <trkpt lat="59.86190" lon="8.46700"></trkpt>
    <trkpt lat="59.86240" lon="8.46790"></trkpt>
    <trkpt lat="59.86290" lon="8.46870"></trkpt>
    <trkpt lat="59.86330" lon="8.46930"></trkpt>
    <trkpt lat="59.86380" lon="8.47030"></trkpt>
    <trkpt lat="59.86440" lon="8.47110"></trkpt>
    <trkpt lat="59.86500" lon="8.47200"></trkpt>
    <trkpt lat="59.86530" lon="8.47310"></trkpt>
    <trkpt lat="59.86570" lon="8.47370"></trkpt>
    <trkpt lat="59.86620" lon="8.47400"></trkpt>
    <trkpt lat="59.86670" lon="8.47390"></trkpt>
    <trkpt lat="59.86730" lon="8.47450"></trkpt>
    <trkpt lat="59.86770" lon="8.47540"></trkpt>
    <trkpt lat="59.86810" lon="8.47600"></trkpt>
    <trkpt lat="59.86840" lon="8.47670"></trkpt>
    <trkpt lat="59.86880" lon="8.47730"></trkpt>
    <trkpt lat="59.86910" lon="8.47800"></trkpt>
    <trkpt lat="59.87150" lon="8.48030"></trkpt>
    <trkpt lat="59.87190" lon="8.48080"></trkpt>
    <trkpt lat="59.87220" lon="8.48160"></trkpt>
    <trkpt lat="59.87240" lon="8.48270"></trkpt>
    <trkpt lat="59.87290" lon="8.48330"></trkpt>
    <trkpt lat="59.87340" lon="8.48380"></trkpt>
    <trkpt lat="59.87380" lon="8.48450"></trkpt>
    <trkpt lat="59.87430" lon="8.48540"></trkpt>
    <trkpt lat="59.87460" lon="8.48610"></trkpt>
    <trkpt lat="59.87490" lon="8.48700"></trkpt>
    <trkpt lat="59.87520" lon="8.48770"></trkpt>
    <trkpt lat="59.87560" lon="8.48920"></trkpt>
    <trkpt lat="59.87600" lon="8.49060"></trkpt>
    <trkpt lat="59.87640" lon="8.49150"></trkpt>
    <trkpt lat="59.87710" lon="8.49310"></trkpt>
    <trkpt lat="59.87650" lon="8.49240"></trkpt>
    <trkpt lat="59.87600" lon="8.49160"></trkpt>
    <trkpt lat="59.87560" lon="8.49100"></trkpt>
    <trkpt lat="59.87530" lon="8.49030"></trkpt>
    <trkpt lat="59.87500" lon="8.48960"></trkpt>
    <trkpt lat="59.87470" lon="8.48890"></trkpt>
    <trkpt lat="59.87400" lon="8.48790"></trkpt>
    <trkpt lat="59.87340" lon="8.48730"></trkpt>
    <trkpt lat="59.87280" lon="8.48680"></trkpt>
    <trkpt lat="59.87230" lon="8.48600"></trkpt>
    <trkpt lat="59.87260" lon="8.48680"></trkpt>
    <trkpt lat="59.87300" lon="8.48740"></trkpt>
    <trkpt lat="59.87430" lon="8.48940"></trkpt>
    <trkpt lat="59.87460" lon="8.49010"></trkpt>
    <trkpt lat="59.87490" lon="8.49120"></trkpt>
    <trkpt lat="59.87510" lon="8.49220"></trkpt>
    <trkpt lat="59.87530" lon="8.49330"></trkpt>
    <trkpt lat="59.87540" lon="8.49420"></trkpt>
    <trkpt lat="59.87570" lon="8.49530"></trkpt>
    <trkpt lat="59.87610" lon="8.49710"></trkpt>
    <trkpt lat="59.87640" lon="8.49780"></trkpt>
    <trkpt lat="59.87690" lon="8.49790"></trkpt>
    <trkpt lat="59.87740" lon="8.49760"></trkpt>
    <trkpt lat="59.87790" lon="8.49770"></trkpt>
    <trkpt lat="59.87820" lon="8.49840"></trkpt>
    <trkpt lat="59.87800" lon="8.49930"></trkpt>
    <trkpt lat="59.87770" lon="8.50010"></trkpt>
    <trkpt lat="59.87780" lon="8.50130"></trkpt>
    <trkpt lat="59.87780" lon="8.50250"></trkpt>
    <trkpt lat="59.87780" lon="8.50370"></trkpt>
    <trkpt lat="59.87820" lon="8.50600"></trkpt>
    <trkpt lat="59.87850" lon="8.50890"></trkpt>
    <trkpt lat="59.87860" lon="8.50980"></trkpt>
    <trkpt lat="59.87860" lon="8.51090"></trkpt>
    <trkpt lat="59.87860" lon="8.51220"></trkpt>
    <trkpt lat="59.87840" lon="8.51640"></trkpt>
    <trkpt lat="59.87830" lon="8.51760"></trkpt>
    <trkpt lat="59.87810" lon="8.51960"></trkpt>
    <trkpt lat="59.87800" lon="8.52050"></trkpt>
    <trkpt lat="59.87810" lon="8.52210"></trkpt>
    <trkpt lat="59.87810" lon="8.52310"></trkpt>
    <trkpt lat="59.87810" lon="8.52430"></trkpt>
    <trkpt lat="59.87800" lon="8.52520"></trkpt>
    <trkpt lat="59.87800" lon="8.52610"></trkpt>
    <trkpt lat="59.87810" lon="8.52720"></trkpt>
    <trkpt lat="59.87810" lon="8.52820"></trkpt>
    <trkpt lat="59.87810" lon="8.52940"></trkpt>
    <trkpt lat="59.87820" lon="8.53120"></trkpt>
    <trkpt lat="59.87830" lon="8.53220"></trkpt>
    <trkpt lat="59.87820" lon="8.53340"></trkpt>
    <trkpt lat="59.87810" lon="8.53460"></trkpt>
    <trkpt lat="59.87810" lon="8.53560"></trkpt>
    <trkpt lat="59.87850" lon="8.54240"></trkpt>
    <trkpt lat="59.87850" lon="8.54370"></trkpt>
    <trkpt lat="59.87840" lon="8.54530"></trkpt>
    <trkpt lat="59.87840" lon="8.54690"></trkpt>
    <trkpt lat="59.87840" lon="8.54800"></trkpt>
    <trkpt lat="59.87830" lon="8.54890"></trkpt>
    <trkpt lat="59.87830" lon="8.55000"></trkpt>
    <trkpt lat="59.87840" lon="8.55140"></trkpt>
    <trkpt lat="59.87840" lon="8.55250"></trkpt>
    <trkpt lat="59.87840" lon="8.55500"></trkpt>
    <trkpt lat="59.87850" lon="8.55600"></trkpt>
    <trkpt lat="59.87890" lon="8.55670"></trkpt>
    <trkpt lat="59.87900" lon="8.55760"></trkpt>
    <trkpt lat="59.87880" lon="8.55850"></trkpt>
    <trkpt lat="59.87880" lon="8.55950"></trkpt>
    <trkpt lat="59.87920" lon="8.56080"></trkpt>
    <trkpt lat="59.87940" lon="8.56280"></trkpt>
    <trkpt lat="59.87950" lon="8.56460"></trkpt>
    <trkpt lat="59.87950" lon="8.56570"></trkpt>
    <trkpt lat="59.87940" lon="8.56660"></trkpt>
    <trkpt lat="59.87920" lon="8.56770"></trkpt>
    <trkpt lat="59.87920" lon="8.56860"></trkpt>
    <trkpt lat="59.87910" lon="8.56950"></trkpt>
    <trkpt lat="59.87910" lon="8.57040"></trkpt>
    <trkpt lat="59.87920" lon="8.57140"></trkpt>
    <trkpt lat="59.87920" lon="8.57300"></trkpt>
    <trkpt lat="59.87920" lon="8.57440"></trkpt>
    <trkpt lat="59.87930" lon="8.57530"></trkpt>
    <trkpt lat="59.87920" lon="8.57620"></trkpt>
    <trkpt lat="59.87940" lon="8.57740"></trkpt>
    <trkpt lat="59.87940" lon="8.57880"></trkpt>
    <trkpt lat="59.87940" lon="8.57970"></trkpt>
    <trkpt lat="59.87930" lon="8.58060"></trkpt>
    <trkpt lat="59.87930" lon="8.58180"></trkpt>
    <trkpt lat="59.87880" lon="8.58420"></trkpt>
    <trkpt lat="59.87860" lon="8.58530"></trkpt>
    <trkpt lat="59.87840" lon="8.58630"></trkpt>
    <trkpt lat="59.87830" lon="8.58730"></trkpt>
    <trkpt lat="59.87830" lon="8.58880"></trkpt>
    <trkpt lat="59.87840" lon="8.58990"></trkpt>
    <trkpt lat="59.87870" lon="8.59230"></trkpt>
    <trkpt lat="59.87880" lon="8.59330"></trkpt>
    <trkpt lat="59.87890" lon="8.59450"></trkpt>
    <trkpt lat="59.87900" lon="8.59540"></trkpt>
    <trkpt lat="59.87910" lon="8.59660"></trkpt>
    <trkpt lat="59.87920" lon="8.59760"></trkpt>
    <trkpt lat="59.87920" lon="8.60050"></trkpt>
    <trkpt lat="59.87920" lon="8.60160"></trkpt>
    <trkpt lat="59.87920" lon="8.60250"></trkpt>
    <trkpt lat="59.87930" lon="8.60390"></trkpt>
    <trkpt lat="59.87940" lon="8.60480"></trkpt>
    <trkpt lat="59.87940" lon="8.60570"></trkpt>
    <trkpt lat="59.87920" lon="8.60670"></trkpt>
    <trkpt lat="59.87910" lon="8.60760"></trkpt>
    <trkpt lat="59.87930" lon="8.60860"></trkpt>
    <trkpt lat="59.87930" lon="8.60960"></trkpt>
    <trkpt lat="59.87900" lon="8.61160"></trkpt>
    <trkpt lat="59.87890" lon="8.61250"></trkpt>
    <trkpt lat="59.87890" lon="8.61340"></trkpt>
    <trkpt lat="59.87900" lon="8.61450"></trkpt>
    <trkpt lat="59.87910" lon="8.61550"></trkpt>
    <trkpt lat="59.87930" lon="8.61680"></trkpt>
    <trkpt lat="59.87940" lon="8.61830"></trkpt>
    <trkpt lat="59.87960" lon="8.61950"></trkpt>
    <trkpt lat="59.87970" lon="8.62050"></trkpt>
    <trkpt lat="59.87980" lon="8.62170"></trkpt>
    <trkpt lat="59.87990" lon="8.62260"></trkpt>
    <trkpt lat="59.88010" lon="8.62410"></trkpt>
    <trkpt lat="59.88020" lon="8.62540"></trkpt>
    <trkpt lat="59.88050" lon="8.62770"></trkpt>
    <trkpt lat="59.88070" lon="8.62990"></trkpt>
    <trkpt lat="59.88090" lon="8.63120"></trkpt>
    <trkpt lat="59.88090" lon="8.63230"></trkpt>
    <trkpt lat="59.88090" lon="8.63350"></trkpt>
    <trkpt lat="59.88080" lon="8.63460"></trkpt>
    <trkpt lat="59.88070" lon="8.63600"></trkpt>
    <trkpt lat="59.88070" lon="8.63720"></trkpt>
    <trkpt lat="59.88070" lon="8.63840"></trkpt>
    <trkpt lat="59.88080" lon="8.64010"></trkpt>
    <trkpt lat="59.88090" lon="8.64190"></trkpt>
    <trkpt lat="59.88090" lon="8.64280"></trkpt>
    <trkpt lat="59.88100" lon="8.64410"></trkpt>
    <trkpt lat="59.88100" lon="8.64530"></trkpt>
    <trkpt lat="59.88100" lon="8.64670"></trkpt>
    <trkpt lat="59.88100" lon="8.64780"></trkpt>
    <trkpt lat="59.88120" lon="8.65050"></trkpt>
    <trkpt lat="59.88140" lon="8.65160"></trkpt>
    <trkpt lat="59.88160" lon="8.65370"></trkpt>
    <trkpt lat="59.88170" lon="8.65520"></trkpt>
    <trkpt lat="59.88180" lon="8.65780"></trkpt>
    <trkpt lat="59.88180" lon="8.65890"></trkpt>
    <trkpt lat="59.88150" lon="8.66130"></trkpt>
    <trkpt lat="59.88150" lon="8.66250"></trkpt>
    <trkpt lat="59.88150" lon="8.66340"></trkpt>
    <trkpt lat="59.88180" lon="8.66490"></trkpt>
    <trkpt lat="59.88190" lon="8.66580"></trkpt>
    <trkpt lat="59.88240" lon="8.66870"></trkpt>
    <trkpt lat="59.88270" lon="8.66990"></trkpt>
    <trkpt lat="59.88280" lon="8.67090"></trkpt>
    <trkpt lat="59.88310" lon="8.67280"></trkpt>
    <trkpt lat="59.88330" lon="8.67420"></trkpt>
    <trkpt lat="59.88350" lon="8.67620"></trkpt>
    <trkpt lat="59.88370" lon="8.67730"></trkpt>
    <trkpt lat="59.88380" lon="8.67840"></trkpt>
    <trkpt lat="59.88410" lon="8.67990"></trkpt>
    <trkpt lat="59.88430" lon="8.68090"></trkpt>
    <trkpt lat="59.88480" lon="8.68210"></trkpt>
    <trkpt lat="59.88510" lon="8.68300"></trkpt>
    <trkpt lat="59.88540" lon="8.68420"></trkpt>
    <trkpt lat="59.88560" lon="8.68550"></trkpt>
    <trkpt lat="59.88590" lon="8.68640"></trkpt>
    <trkpt lat="59.88680" lon="8.68800"></trkpt>
    <trkpt lat="59.88770" lon="8.68960"></trkpt>
    <trkpt lat="59.88820" lon="8.69040"></trkpt>
    <trkpt lat="59.88910" lon="8.69210"></trkpt>
    <trkpt lat="59.88950" lon="8.69270"></trkpt>
    <trkpt lat="59.89000" lon="8.69320"></trkpt>
    <trkpt lat="59.89100" lon="8.69380"></trkpt>
    <trkpt lat="59.89160" lon="8.69430"></trkpt>
    <trkpt lat="59.89200" lon="8.69480"></trkpt>
    <trkpt lat="59.89250" lon="8.69570"></trkpt>
    <trkpt lat="59.89330" lon="8.69710"></trkpt>
    <trkpt lat="59.89380" lon="8.69790"></trkpt>
    <trkpt lat="59.89430" lon="8.69860"></trkpt>
    <trkpt lat="59.89470" lon="8.69910"></trkpt>
    <trkpt lat="59.89570" lon="8.69990"></trkpt>
    <trkpt lat="59.89640" lon="8.70060"></trkpt>
    <trkpt lat="59.89840" lon="8.70340"></trkpt>
    <trkpt lat="59.89890" lon="8.70400"></trkpt>
    <trkpt lat="59.90000" lon="8.70480"></trkpt>
    <trkpt lat="59.90090" lon="8.70560"></trkpt>
    <trkpt lat="59.90170" lon="8.70620"></trkpt>
    <trkpt lat="59.90220" lon="8.70680"></trkpt>
    <trkpt lat="59.90260" lon="8.70750"></trkpt>
    <trkpt lat="59.90260" lon="8.70760"></trkpt>
  </trkseg>
</trk>
</gpx>