<?xml version="1.0" encoding="UTF-8"?>
<gpx version="1.1" creator="Linz-Optimizer-v8" xmlns="http://www.topografix.com/GPX/1/1">
<trk>
  <name>Linz-Heiligenhafen</name>
  <type>drive</type>
  <trkseg>
    <trkpt lat="48.28690" lon="14.27760"></trkpt>
    <trkpt lat="48.28560" lon="14.28040"></trkpt>
    <trkpt lat="48.28520" lon="14.28400"></trkpt>
    <trkpt lat="48.28280" lon="14.28490"></trkpt>
    <trkpt lat="48.28100" lon="14.28720"></trkpt>
    <trkpt lat="48.27970" lon="14.29140"></trkpt>
    <trkpt lat="48.27820" lon="14.29400"></trkpt>
    <trkpt lat="48.27590" lon="14.29470"></trkpt>
    <trkpt lat="48.27100" lon="14.29520"></trkpt>
    <trkpt lat="48.26840" lon="14.29610"></trkpt>
    <trkpt lat="48.26600" lon="14.29720"></trkpt>
    <trkpt lat="48.26350" lon="14.29720"></trkpt>
    <trkpt lat="48.26100" lon="14.29700"></trkpt>
    <trkpt lat="48.25870" lon="14.29690"></trkpt>
    <trkpt lat="48.25640" lon="14.29690"></trkpt>
    <trkpt lat="48.25320" lon="14.29710"></trkpt>
    <trkpt lat="48.25020" lon="14.29710"></trkpt>
    <trkpt lat="48.24630" lon="14.29730"></trkpt>
    <trkpt lat="48.24370" lon="14.29730"></trkpt>
    <trkpt lat="48.24080" lon="14.29740"></trkpt>
    <trkpt lat="48.23850" lon="14.29750"></trkpt>
    <trkpt lat="48.23370" lon="14.29760"></trkpt>
    <trkpt lat="48.23110" lon="14.29780"></trkpt>
    <trkpt lat="48.22880" lon="14.29820"></trkpt>
    <trkpt lat="48.22660" lon="14.29890"></trkpt>
    <trkpt lat="48.22420" lon="14.29920"></trkpt>
    <trkpt lat="48.22200" lon="14.29830"></trkpt>
    <trkpt lat="48.22010" lon="14.29610"></trkpt>
    <trkpt lat="48.21860" lon="14.29320"></trkpt>
    <trkpt lat="48.21660" lon="14.28910"></trkpt>
    <trkpt lat="48.21480" lon="14.28510"></trkpt>
    <trkpt lat="48.21160" lon="14.27780"></trkpt>
    <trkpt lat="48.20990" lon="14.27410"></trkpt>
    <trkpt lat="48.20800" lon="14.26980"></trkpt>
    <trkpt lat="48.20600" lon="14.26510"></trkpt>
    <trkpt lat="48.20470" lon="14.26230"></trkpt>
    <trkpt lat="48.20220" lon="14.25660"></trkpt>
    <trkpt lat="48.20090" lon="14.25370"></trkpt>
    <trkpt lat="48.19850" lon="14.24870"></trkpt>
    <trkpt lat="48.19700" lon="14.24580"></trkpt>
    <trkpt lat="48.19540" lon="14.24240"></trkpt>
    <trkpt lat="48.19400" lon="14.23940"></trkpt>
    <trkpt lat="48.19300" lon="14.23610"></trkpt>
    <trkpt lat="48.19250" lon="14.23250"></trkpt>
    <trkpt lat="48.19270" lon="14.22890"></trkpt>
    <trkpt lat="48.19360" lon="14.22520"></trkpt>
    <trkpt lat="48.19490" lon="14.22140"></trkpt>
    <trkpt lat="48.19600" lon="14.21730"></trkpt>
    <trkpt lat="48.19670" lon="14.21400"></trkpt>
    <trkpt lat="48.19720" lon="14.21010"></trkpt>
    <trkpt lat="48.19740" lon="14.20660"></trkpt>
    <trkpt lat="48.19740" lon="14.20320"></trkpt>
    <trkpt lat="48.19710" lon="14.19900"></trkpt>
    <trkpt lat="48.19660" lon="14.19570"></trkpt>
    <trkpt lat="48.19570" lon="14.19160"></trkpt>
    <trkpt lat="48.19440" lon="14.18700"></trkpt>
    <trkpt lat="48.19320" lon="14.18290"></trkpt>
    <trkpt lat="48.19240" lon="14.17930"></trkpt>
    <trkpt lat="48.19170" lon="14.17520"></trkpt>
    <trkpt lat="48.19100" lon="14.17110"></trkpt>
    <trkpt lat="48.19010" lon="14.16760"></trkpt>
    <trkpt lat="48.18910" lon="14.16450"></trkpt>
    <trkpt lat="48.18780" lon="14.16110"></trkpt>
    <trkpt lat="48.18490" lon="14.15440"></trkpt>
    <trkpt lat="48.18120" lon="14.14580"></trkpt>
    <trkpt lat="48.17800" lon="14.13830"></trkpt>
    <trkpt lat="48.17680" lon="14.13540"></trkpt>
    <trkpt lat="48.17570" lon="14.13170"></trkpt>
    <trkpt lat="48.17500" lon="14.12840"></trkpt>
    <trkpt lat="48.17460" lon="14.12430"></trkpt>
    <trkpt lat="48.17460" lon="14.12030"></trkpt>
    <trkpt lat="48.17500" lon="14.11660"></trkpt>
    <trkpt lat="48.17570" lon="14.11310"></trkpt>
    <trkpt lat="48.17670" lon="14.10980"></trkpt>
    <trkpt lat="48.17800" lon="14.10660"></trkpt>
    <trkpt lat="48.17940" lon="14.10390"></trkpt>
    <trkpt lat="48.18100" lon="14.10120"></trkpt>
    <trkpt lat="48.18320" lon="14.09720"></trkpt>
    <trkpt lat="48.18500" lon="14.09360"></trkpt>
    <trkpt lat="48.18630" lon="14.09040"></trkpt>
    <trkpt lat="48.18770" lon="14.08640"></trkpt>
    <trkpt lat="48.18880" lon="14.08250"></trkpt>
    <trkpt lat="48.18980" lon="14.07870"></trkpt>
    <trkpt lat="48.19040" lon="14.07540"></trkpt>
    <trkpt lat="48.19110" lon="14.07080"></trkpt>
    <trkpt lat="48.19140" lon="14.06710"></trkpt>
    <trkpt lat="48.19170" lon="14.06280"></trkpt>
    <trkpt lat="48.19170" lon="14.05920"></trkpt>
    <trkpt lat="48.19160" lon="14.05440"></trkpt>
    <trkpt lat="48.19130" lon="14.04890"></trkpt>
    <trkpt lat="48.19090" lon="14.04150"></trkpt>
    <trkpt lat="48.19060" lon="14.03780"></trkpt>
    <trkpt lat="48.19010" lon="14.03450"></trkpt>
    <trkpt lat="48.18930" lon="14.03120"></trkpt>
    <trkpt lat="48.18810" lon="14.02780"></trkpt>
    <trkpt lat="48.18660" lon="14.02420"></trkpt>
    <trkpt lat="48.18540" lon="14.02130"></trkpt>
    <trkpt lat="48.18430" lon="14.01790"></trkpt>
    <trkpt lat="48.18320" lon="14.01400"></trkpt>
    <trkpt lat="48.18250" lon="14.01040"></trkpt>
    <trkpt lat="48.18200" lon="14.00690"></trkpt>
    <trkpt lat="48.18150" lon="14.00340"></trkpt>
    <trkpt lat="48.18080" lon="13.99990"></trkpt>
    <trkpt lat="48.17970" lon="13.99620"></trkpt>
    <trkpt lat="48.17900" lon="13.99260"></trkpt>
    <trkpt lat="48.17900" lon="13.98900"></trkpt>
    <trkpt lat="48.17950" lon="13.98520"></trkpt>
    <trkpt lat="48.18030" lon="13.98190"></trkpt>
    <trkpt lat="48.18180" lon="13.97860"></trkpt>
    <trkpt lat="48.18320" lon="13.97550"></trkpt>
    <trkpt lat="48.18430" lon="13.97210"></trkpt>
    <trkpt lat="48.18490" lon="13.96830"></trkpt>
    <trkpt lat="48.18540" lon="13.96420"></trkpt>
    <trkpt lat="48.18630" lon="13.96070"></trkpt>
    <trkpt lat="48.18750" lon="13.95710"></trkpt>
    <trkpt lat="48.18820" lon="13.95320"></trkpt>
    <trkpt lat="48.18800" lon="13.94860"></trkpt>
    <trkpt lat="48.18780" lon="13.94500"></trkpt>
    <trkpt lat="48.18810" lon="13.94090"></trkpt>
    <trkpt lat="48.18860" lon="13.93710"></trkpt>
    <trkpt lat="48.18900" lon="13.93340"></trkpt>
    <trkpt lat="48.18930" lon="13.92950"></trkpt>
    <trkpt lat="48.18920" lon="13.92570"></trkpt>
    <trkpt lat="48.18880" lon="13.92180"></trkpt>
    <trkpt lat="48.18820" lon="13.91840"></trkpt>
    <trkpt lat="48.18710" lon="13.91490"></trkpt>
    <trkpt lat="48.18580" lon="13.91180"></trkpt>
    <trkpt lat="48.18380" lon="13.90810"></trkpt>
    <trkpt lat="48.18230" lon="13.90520"></trkpt>
    <trkpt lat="48.18050" lon="13.90090"></trkpt>
    <trkpt lat="48.17930" lon="13.89710"></trkpt>
    <trkpt lat="48.17840" lon="13.89340"></trkpt>
    <trkpt lat="48.17780" lon="13.88960"></trkpt>
    <trkpt lat="48.17740" lon="13.88560"></trkpt>
    <trkpt lat="48.17730" lon="13.88170"></trkpt>
    <trkpt lat="48.17740" lon="13.87810"></trkpt>
    <trkpt lat="48.17770" lon="13.87450"></trkpt>
    <trkpt lat="48.17870" lon="13.86820"></trkpt>
    <trkpt lat="48.17920" lon="13.86490"></trkpt>
    <trkpt lat="48.17940" lon="13.86150"></trkpt>
    <trkpt lat="48.17920" lon="13.85770"></trkpt>
    <trkpt lat="48.17850" lon="13.85430"></trkpt>
    <trkpt lat="48.17740" lon="13.85040"></trkpt>
    <trkpt lat="48.17640" lon="13.84690"></trkpt>
    <trkpt lat="48.17590" lon="13.84360"></trkpt>
    <trkpt lat="48.17600" lon="13.83990"></trkpt>
    <trkpt lat="48.17670" lon="13.83660"></trkpt>
    <trkpt lat="48.17810" lon="13.83350"></trkpt>
    <trkpt lat="48.17990" lon="13.83060"></trkpt>
    <trkpt lat="48.18150" lon="13.82790"></trkpt>
    <trkpt lat="48.18270" lon="13.82480"></trkpt>
    <trkpt lat="48.18340" lon="13.82120"></trkpt>
    <trkpt lat="48.18360" lon="13.81760"></trkpt>
    <trkpt lat="48.18330" lon="13.81410"></trkpt>
    <trkpt lat="48.18260" lon="13.81060"></trkpt>
    <trkpt lat="48.18200" lon="13.80660"></trkpt>
    <trkpt lat="48.18200" lon="13.80270"></trkpt>
    <trkpt lat="48.18280" lon="13.79740"></trkpt>
    <trkpt lat="48.18300" lon="13.79360"></trkpt>
    <trkpt lat="48.18280" lon="13.78990"></trkpt>
    <trkpt lat="48.18210" lon="13.78610"></trkpt>
    <trkpt lat="48.18110" lon="13.78300"></trkpt>
    <trkpt lat="48.17990" lon="13.78010"></trkpt>
    <trkpt lat="48.17890" lon="13.77570"></trkpt>
    <trkpt lat="48.17840" lon="13.77100"></trkpt>
    <trkpt lat="48.17820" lon="13.76760"></trkpt>
    <trkpt lat="48.17810" lon="13.76340"></trkpt>
    <trkpt lat="48.17820" lon="13.75910"></trkpt>
    <trkpt lat="48.17820" lon="13.75560"></trkpt>
    <trkpt lat="48.17820" lon="13.75060"></trkpt>
    <trkpt lat="48.17810" lon="13.74650"></trkpt>
    <trkpt lat="48.17790" lon="13.74260"></trkpt>
    <trkpt lat="48.17770" lon="13.73920"></trkpt>
    <trkpt lat="48.17730" lon="13.73300"></trkpt>
    <trkpt lat="48.17700" lon="13.72930"></trkpt>
    <trkpt lat="48.17660" lon="13.72540"></trkpt>
    <trkpt lat="48.17620" lon="13.72170"></trkpt>
    <trkpt lat="48.17570" lon="13.71690"></trkpt>
    <trkpt lat="48.17530" lon="13.71270"></trkpt>
    <trkpt lat="48.17530" lon="13.70880"></trkpt>
    <trkpt lat="48.17570" lon="13.70540"></trkpt>
    <trkpt lat="48.17660" lon="13.70190"></trkpt>
    <trkpt lat="48.17780" lon="13.69900"></trkpt>
    <trkpt lat="48.17950" lon="13.69620"></trkpt>
    <trkpt lat="48.18140" lon="13.69340"></trkpt>
    <trkpt lat="48.18340" lon="13.69040"></trkpt>
    <trkpt lat="48.18500" lon="13.68770"></trkpt>
    <trkpt lat="48.18640" lon="13.68470"></trkpt>
    <trkpt lat="48.18760" lon="13.68140"></trkpt>
    <trkpt lat="48.18850" lon="13.67820"></trkpt>
    <trkpt lat="48.18920" lon="13.67490"></trkpt>
    <trkpt lat="48.18970" lon="13.67130"></trkpt>
    <trkpt lat="48.18990" lon="13.66750"></trkpt>
    <trkpt lat="48.18990" lon="13.66300"></trkpt>
    <trkpt lat="48.19010" lon="13.65930"></trkpt>
    <trkpt lat="48.19070" lon="13.65590"></trkpt>
    <trkpt lat="48.19160" lon="13.65250"></trkpt>
    <trkpt lat="48.19290" lon="13.64930"></trkpt>
    <trkpt lat="48.19450" lon="13.64660"></trkpt>
    <trkpt lat="48.19650" lon="13.64400"></trkpt>
    <trkpt lat="48.19880" lon="13.64170"></trkpt>
    <trkpt lat="48.20110" lon="13.63980"></trkpt>
    <trkpt lat="48.20380" lon="13.63760"></trkpt>
    <trkpt lat="48.20620" lon="13.63560"></trkpt>
    <trkpt lat="48.20830" lon="13.63360"></trkpt>
    <trkpt lat="48.21040" lon="13.63110"></trkpt>
    <trkpt lat="48.21240" lon="13.62860"></trkpt>
    <trkpt lat="48.21420" lon="13.62600"></trkpt>
    <trkpt lat="48.21610" lon="13.62300"></trkpt>
    <trkpt lat="48.21780" lon="13.62030"></trkpt>
    <trkpt lat="48.21940" lon="13.61760"></trkpt>
    <trkpt lat="48.22140" lon="13.61430"></trkpt>
    <trkpt lat="48.22300" lon="13.61140"></trkpt>
    <trkpt lat="48.22460" lon="13.60850"></trkpt>
    <trkpt lat="48.22630" lon="13.60530"></trkpt>
    <trkpt lat="48.22800" lon="13.60170"></trkpt>
    <trkpt lat="48.22970" lon="13.59800"></trkpt>
    <trkpt lat="48.23090" lon="13.59510"></trkpt>
    <trkpt lat="48.23210" lon="13.59200"></trkpt>
    <trkpt lat="48.23360" lon="13.58780"></trkpt>
    <trkpt lat="48.23470" lon="13.58480"></trkpt>
    <trkpt lat="48.23570" lon="13.58160"></trkpt>
    <trkpt lat="48.23700" lon="13.57740"></trkpt>
    <trkpt lat="48.23800" lon="13.57350"></trkpt>
    <trkpt lat="48.23890" lon="13.56980"></trkpt>
    <trkpt lat="48.23960" lon="13.56590"></trkpt>
    <trkpt lat="48.24020" lon="13.56210"></trkpt>
    <trkpt lat="48.24070" lon="13.55780"></trkpt>
    <trkpt lat="48.24110" lon="13.55390"></trkpt>
    <trkpt lat="48.24150" lon="13.54960"></trkpt>
    <trkpt lat="48.24210" lon="13.54430"></trkpt>
    <trkpt lat="48.24260" lon="13.54060"></trkpt>
    <trkpt lat="48.24330" lon="13.53600"></trkpt>
    <trkpt lat="48.24430" lon="13.53150"></trkpt>
    <trkpt lat="48.24530" lon="13.52770"></trkpt>
    <trkpt lat="48.24650" lon="13.52440"></trkpt>
    <trkpt lat="48.24790" lon="13.52150"></trkpt>
    <trkpt lat="48.24950" lon="13.51900"></trkpt>
    <trkpt lat="48.25170" lon="13.51650"></trkpt>
    <trkpt lat="48.25420" lon="13.51440"></trkpt>
    <trkpt lat="48.25670" lon="13.51290"></trkpt>
    <trkpt lat="48.25880" lon="13.51120"></trkpt>
    <trkpt lat="48.26100" lon="13.50890"></trkpt>
    <trkpt lat="48.26270" lon="13.50650"></trkpt>
    <trkpt lat="48.26470" lon="13.50330"></trkpt>
    <trkpt lat="48.26690" lon="13.50020"></trkpt>
    <trkpt lat="48.26880" lon="13.49770"></trkpt>
    <trkpt lat="48.27100" lon="13.49530"></trkpt>
    <trkpt lat="48.27320" lon="13.49320"></trkpt>
    <trkpt lat="48.27570" lon="13.49130"></trkpt>
    <trkpt lat="48.27790" lon="13.49010"></trkpt>
    <trkpt lat="48.28050" lon="13.48900"></trkpt>
    <trkpt lat="48.28380" lon="13.48810"></trkpt>
    <trkpt lat="48.28620" lon="13.48740"></trkpt>
    <trkpt lat="48.28900" lon="13.48620"></trkpt>
    <trkpt lat="48.29140" lon="13.48470"></trkpt>
    <trkpt lat="48.29370" lon="13.48280"></trkpt>
    <trkpt lat="48.29630" lon="13.48030"></trkpt>
    <trkpt lat="48.29830" lon="13.47780"></trkpt>
    <trkpt lat="48.30000" lon="13.47530"></trkpt>
    <trkpt lat="48.30220" lon="13.47110"></trkpt>
    <trkpt lat="48.30340" lon="13.46820"></trkpt>
    <trkpt lat="48.30450" lon="13.46500"></trkpt>
    <trkpt lat="48.30540" lon="13.46180"></trkpt>
    <trkpt lat="48.30610" lon="13.45850"></trkpt>
    <trkpt lat="48.30670" lon="13.45460"></trkpt>
    <trkpt lat="48.30700" lon="13.45050"></trkpt>
    <trkpt lat="48.30710" lon="13.44710"></trkpt>
    <trkpt lat="48.30720" lon="13.44350"></trkpt>
    <trkpt lat="48.30750" lon="13.43960"></trkpt>
    <trkpt lat="48.30830" lon="13.43580"></trkpt>
    <trkpt lat="48.30950" lon="13.43180"></trkpt>
    <trkpt lat="48.31100" lon="13.42830"></trkpt>
    <trkpt lat="48.31260" lon="13.42540"></trkpt>
    <trkpt lat="48.31430" lon="13.42310"></trkpt>
    <trkpt lat="48.31620" lon="13.42100"></trkpt>
    <trkpt lat="48.31820" lon="13.41940"></trkpt>
    <trkpt lat="48.32240" lon="13.41610"></trkpt>
    <trkpt lat="48.32820" lon="13.41170"></trkpt>
    <trkpt lat="48.33030" lon="13.41000"></trkpt>
    <trkpt lat="48.33250" lon="13.40840"></trkpt>
    <trkpt lat="48.33480" lon="13.40710"></trkpt>
    <trkpt lat="48.33780" lon="13.40610"></trkpt>
    <trkpt lat="48.34090" lon="13.40540"></trkpt>
    <trkpt lat="48.34320" lon="13.40500"></trkpt>
    <trkpt lat="48.34570" lon="13.40500"></trkpt>
    <trkpt lat="48.34830" lon="13.40560"></trkpt>
    <trkpt lat="48.35050" lon="13.40710"></trkpt>
    <trkpt lat="48.35320" lon="13.41030"></trkpt>
    <trkpt lat="48.35510" lon="13.41240"></trkpt>
    <trkpt lat="48.35720" lon="13.41380"></trkpt>
    <trkpt lat="48.35980" lon="13.41470"></trkpt>
    <trkpt lat="48.36230" lon="13.41450"></trkpt>
    <trkpt lat="48.36520" lon="13.41370"></trkpt>
    <trkpt lat="48.36840" lon="13.41310"></trkpt>
    <trkpt lat="48.37080" lon="13.41320"></trkpt>
    <trkpt lat="48.37350" lon="13.41400"></trkpt>
    <trkpt lat="48.37610" lon="13.41540"></trkpt>
    <trkpt lat="48.37990" lon="13.41780"></trkpt>
    <trkpt lat="48.38280" lon="13.41960"></trkpt>
    <trkpt lat="48.38610" lon="13.42160"></trkpt>
    <trkpt lat="48.38860" lon="13.42290"></trkpt>
    <trkpt lat="48.39140" lon="13.42390"></trkpt>
    <trkpt lat="48.39410" lon="13.42460"></trkpt>
    <trkpt lat="48.39680" lon="13.42530"></trkpt>
    <trkpt lat="48.39910" lon="13.42620"></trkpt>
    <trkpt lat="48.40130" lon="13.42720"></trkpt>
    <trkpt lat="48.40380" lon="13.42810"></trkpt>
    <trkpt lat="48.40640" lon="13.42820"></trkpt>
    <trkpt lat="48.40870" lon="13.42750"></trkpt>
    <trkpt lat="48.41110" lon="13.42570"></trkpt>
    <trkpt lat="48.41290" lon="13.42320"></trkpt>
    <trkpt lat="48.41440" lon="13.42010"></trkpt>
    <trkpt lat="48.41540" lon="13.41650"></trkpt>
    <trkpt lat="48.41660" lon="13.41060"></trkpt>
    <trkpt lat="48.41740" lon="13.40680"></trkpt>
    <trkpt lat="48.41850" lon="13.40250"></trkpt>
    <trkpt lat="48.41990" lon="13.39830"></trkpt>
    <trkpt lat="48.42130" lon="13.39500"></trkpt>
    <trkpt lat="48.42270" lon="13.39190"></trkpt>
    <trkpt lat="48.42460" lon="13.38850"></trkpt>
    <trkpt lat="48.42690" lon="13.38510"></trkpt>
    <trkpt lat="48.42870" lon="13.38270"></trkpt>
    <trkpt lat="48.43100" lon="13.38030"></trkpt>
    <trkpt lat="48.43310" lon="13.37860"></trkpt>
    <trkpt lat="48.43520" lon="13.37730"></trkpt>
    <trkpt lat="48.43780" lon="13.37610"></trkpt>
    <trkpt lat="48.44050" lon="13.37550"></trkpt>
    <trkpt lat="48.44350" lon="13.37530"></trkpt>
    <trkpt lat="48.44660" lon="13.37560"></trkpt>
    <trkpt lat="48.44960" lon="13.37590"></trkpt>
    <trkpt lat="48.45280" lon="13.37610"></trkpt>
    <trkpt lat="48.45570" lon="13.37590"></trkpt>
    <trkpt lat="48.45850" lon="13.37540"></trkpt>
    <trkpt lat="48.46130" lon="13.37470"></trkpt>
    <trkpt lat="48.46400" lon="13.37380"></trkpt>
    <trkpt lat="48.46670" lon="13.37290"></trkpt>
    <trkpt lat="48.46980" lon="13.37200"></trkpt>
    <trkpt lat="48.47280" lon="13.37150"></trkpt>
    <trkpt lat="48.47700" lon="13.37130"></trkpt>
    <trkpt lat="48.48110" lon="13.37170"></trkpt>
    <trkpt lat="48.48500" lon="13.37250"></trkpt>
    <trkpt lat="48.48800" lon="13.37340"></trkpt>
    <trkpt lat="48.49100" lon="13.37470"></trkpt>
    <trkpt lat="48.49500" lon="13.37700"></trkpt>
    <trkpt lat="48.49790" lon="13.37900"></trkpt>
    <trkpt lat="48.50000" lon="13.38080"></trkpt>
    <trkpt lat="48.50200" lon="13.38260"></trkpt>
    <trkpt lat="48.50480" lon="13.38560"></trkpt>
    <trkpt lat="48.50770" lon="13.38840"></trkpt>
    <trkpt lat="48.51110" lon="13.39150"></trkpt>
    <trkpt lat="48.51320" lon="13.39310"></trkpt>
    <trkpt lat="48.51530" lon="13.39450"></trkpt>
    <trkpt lat="48.51870" lon="13.39640"></trkpt>
    <trkpt lat="48.52130" lon="13.39750"></trkpt>
    <trkpt lat="48.52470" lon="13.39870"></trkpt>
    <trkpt lat="48.52740" lon="13.39940"></trkpt>
    <trkpt lat="48.53100" lon="13.39990"></trkpt>
    <trkpt lat="48.53350" lon="13.40000"></trkpt>
    <trkpt lat="48.53750" lon="13.39980"></trkpt>
    <trkpt lat="48.54050" lon="13.39940"></trkpt>
    <trkpt lat="48.54330" lon="13.39870"></trkpt>
    <trkpt lat="48.54590" lon="13.39780"></trkpt>
    <trkpt lat="48.54880" lon="13.39650"></trkpt>
    <trkpt lat="48.55110" lon="13.39530"></trkpt>
    <trkpt lat="48.55370" lon="13.39370"></trkpt>
    <trkpt lat="48.55580" lon="13.39220"></trkpt>
    <trkpt lat="48.55780" lon="13.39060"></trkpt>
    <trkpt lat="48.56010" lon="13.38850"></trkpt>
    <trkpt lat="48.56260" lon="13.38590"></trkpt>
    <trkpt lat="48.56470" lon="13.38350"></trkpt>
    <trkpt lat="48.56720" lon="13.38010"></trkpt>
    <trkpt lat="48.56900" lon="13.37750"></trkpt>
    <trkpt lat="48.57140" lon="13.37350"></trkpt>
    <trkpt lat="48.57290" lon="13.37080"></trkpt>
    <trkpt lat="48.57450" lon="13.36820"></trkpt>
    <trkpt lat="48.57640" lon="13.36600"></trkpt>
    <trkpt lat="48.57880" lon="13.36440"></trkpt>
    <trkpt lat="48.58120" lon="13.36360"></trkpt>
    <trkpt lat="48.58350" lon="13.36360"></trkpt>
    <trkpt lat="48.58590" lon="13.36430"></trkpt>
    <trkpt lat="48.58870" lon="13.36600"></trkpt>
    <trkpt lat="48.59110" lon="13.36770"></trkpt>
    <trkpt lat="48.59380" lon="13.36920"></trkpt>
    <trkpt lat="48.59670" lon="13.37020"></trkpt>
    <trkpt lat="48.59910" lon="13.37080"></trkpt>
    <trkpt lat="48.60170" lon="13.37090"></trkpt>
    <trkpt lat="48.60430" lon="13.37020"></trkpt>
    <trkpt lat="48.60660" lon="13.36890"></trkpt>
    <trkpt lat="48.60860" lon="13.36690"></trkpt>
    <trkpt lat="48.61060" lon="13.36410"></trkpt>
    <trkpt lat="48.61210" lon="13.36150"></trkpt>
    <trkpt lat="48.61430" lon="13.35860"></trkpt>
    <trkpt lat="48.61680" lon="13.35550"></trkpt>
    <trkpt lat="48.61860" lon="13.35320"></trkpt>
    <trkpt lat="48.62020" lon="13.35050"></trkpt>
    <trkpt lat="48.62170" lon="13.34730"></trkpt>
    <trkpt lat="48.62300" lon="13.34370"></trkpt>
    <trkpt lat="48.62390" lon="13.34030"></trkpt>
    <trkpt lat="48.62500" lon="13.33500"></trkpt>
    <trkpt lat="48.62590" lon="13.33150"></trkpt>
    <trkpt lat="48.62700" lon="13.32800"></trkpt>
    <trkpt lat="48.62850" lon="13.32440"></trkpt>
    <trkpt lat="48.63000" lon="13.32140"></trkpt>
    <trkpt lat="48.63220" lon="13.31790"></trkpt>
    <trkpt lat="48.63360" lon="13.31460"></trkpt>
    <trkpt lat="48.63460" lon="13.31080"></trkpt>
    <trkpt lat="48.63500" lon="13.30510"></trkpt>
    <trkpt lat="48.63550" lon="13.30150"></trkpt>
    <trkpt lat="48.63650" lon="13.29830"></trkpt>
    <trkpt lat="48.63800" lon="13.29560"></trkpt>
    <trkpt lat="48.64000" lon="13.29330"></trkpt>
    <trkpt lat="48.64220" lon="13.29140"></trkpt>
    <trkpt lat="48.64420" lon="13.28890"></trkpt>
    <trkpt lat="48.64600" lon="13.28650"></trkpt>
    <trkpt lat="48.64850" lon="13.28420"></trkpt>
    <trkpt lat="48.65090" lon="13.28260"></trkpt>
    <trkpt lat="48.65290" lon="13.28090"></trkpt>
    <trkpt lat="48.65480" lon="13.27870"></trkpt>
    <trkpt lat="48.65640" lon="13.27610"></trkpt>
    <trkpt lat="48.65790" lon="13.27300"></trkpt>
    <trkpt lat="48.65980" lon="13.26990"></trkpt>
    <trkpt lat="48.66160" lon="13.26780"></trkpt>
    <trkpt lat="48.66420" lon="13.26550"></trkpt>
    <trkpt lat="48.66620" lon="13.26380"></trkpt>
    <trkpt lat="48.66820" lon="13.26140"></trkpt>
    <trkpt lat="48.67000" lon="13.25850"></trkpt>
    <trkpt lat="48.67140" lon="13.25560"></trkpt>
    <trkpt lat="48.67280" lon="13.25200"></trkpt>
    <trkpt lat="48.67390" lon="13.24850"></trkpt>
    <trkpt lat="48.67470" lon="13.24530"></trkpt>
    <trkpt lat="48.67540" lon="13.24160"></trkpt>
    <trkpt lat="48.67590" lon="13.23710"></trkpt>
    <trkpt lat="48.67640" lon="13.23340"></trkpt>
    <trkpt lat="48.67730" lon="13.22890"></trkpt>
    <trkpt lat="48.67870" lon="13.22490"></trkpt>
    <trkpt lat="48.68030" lon="13.22170"></trkpt>
    <trkpt lat="48.68370" lon="13.21680"></trkpt>
    <trkpt lat="48.68540" lon="13.21370"></trkpt>
    <trkpt lat="48.68690" lon="13.20930"></trkpt>
    <trkpt lat="48.68800" lon="13.20540"></trkpt>
    <trkpt lat="48.68990" lon="13.20100"></trkpt>
    <trkpt lat="48.69180" lon="13.19780"></trkpt>
    <trkpt lat="48.69380" lon="13.19540"></trkpt>
    <trkpt lat="48.69610" lon="13.19340"></trkpt>
    <trkpt lat="48.69830" lon="13.19190"></trkpt>
    <trkpt lat="48.70040" lon="13.19000"></trkpt>
    <trkpt lat="48.70240" lon="13.18710"></trkpt>
    <trkpt lat="48.70380" lon="13.18350"></trkpt>
    <trkpt lat="48.70450" lon="13.17970"></trkpt>
    <trkpt lat="48.70520" lon="13.17590"></trkpt>
    <trkpt lat="48.70640" lon="13.17210"></trkpt>
    <trkpt lat="48.70800" lon="13.16860"></trkpt>
    <trkpt lat="48.70970" lon="13.16600"></trkpt>
    <trkpt lat="48.71220" lon="13.16330"></trkpt>
    <trkpt lat="48.71550" lon="13.16020"></trkpt>
    <trkpt lat="48.71740" lon="13.15820"></trkpt>
    <trkpt lat="48.71910" lon="13.15560"></trkpt>
    <trkpt lat="48.72070" lon="13.15190"></trkpt>
    <trkpt lat="48.72200" lon="13.14700"></trkpt>
    <trkpt lat="48.72320" lon="13.14300"></trkpt>
    <trkpt lat="48.72490" lon="13.13950"></trkpt>
    <trkpt lat="48.72690" lon="13.13720"></trkpt>
    <trkpt lat="48.72890" lon="13.13500"></trkpt>
    <trkpt lat="48.73110" lon="13.13230"></trkpt>
    <trkpt lat="48.73320" lon="13.12940"></trkpt>
    <trkpt lat="48.73510" lon="13.12630"></trkpt>
    <trkpt lat="48.73690" lon="13.12300"></trkpt>
    <trkpt lat="48.73900" lon="13.11820"></trkpt>
    <trkpt lat="48.74020" lon="13.11520"></trkpt>
    <trkpt lat="48.74120" lon="13.11210"></trkpt>
    <trkpt lat="48.74230" lon="13.10860"></trkpt>
    <trkpt lat="48.74360" lon="13.10520"></trkpt>
    <trkpt lat="48.74480" lon="13.10230"></trkpt>
    <trkpt lat="48.74790" lon="13.09600"></trkpt>
    <trkpt lat="48.75000" lon="13.09050"></trkpt>
    <trkpt lat="48.75160" lon="13.08510"></trkpt>
    <trkpt lat="48.75280" lon="13.07980"></trkpt>
    <trkpt lat="48.75370" lon="13.07620"></trkpt>
    <trkpt lat="48.75480" lon="13.07270"></trkpt>
    <trkpt lat="48.75600" lon="13.06960"></trkpt>
    <trkpt lat="48.75760" lon="13.06630"></trkpt>
    <trkpt lat="48.75920" lon="13.06350"></trkpt>
    <trkpt lat="48.76180" lon="13.05960"></trkpt>
    <trkpt lat="48.76420" lon="13.05530"></trkpt>
    <trkpt lat="48.76580" lon="13.05240"></trkpt>
    <trkpt lat="48.76720" lon="13.04930"></trkpt>
    <trkpt lat="48.76850" lon="13.04630"></trkpt>
    <trkpt lat="48.77010" lon="13.04260"></trkpt>
    <trkpt lat="48.77140" lon="13.03970"></trkpt>
    <trkpt lat="48.77350" lon="13.03550"></trkpt>
    <trkpt lat="48.77560" lon="13.03150"></trkpt>
    <trkpt lat="48.77870" lon="13.02650"></trkpt>
    <trkpt lat="48.78130" lon="13.02280"></trkpt>
    <trkpt lat="48.78320" lon="13.01990"></trkpt>
    <trkpt lat="48.78600" lon="13.01520"></trkpt>
    <trkpt lat="48.78760" lon="13.01180"></trkpt>
    <trkpt lat="48.78920" lon="13.00820"></trkpt>
    <trkpt lat="48.79140" lon="13.00320"></trkpt>
    <trkpt lat="48.79350" lon="12.99890"></trkpt>
    <trkpt lat="48.79820" lon="12.99060"></trkpt>
    <trkpt lat="48.79970" lon="12.98770"></trkpt>
    <trkpt lat="48.80220" lon="12.98300"></trkpt>
    <trkpt lat="48.80450" lon="12.97910"></trkpt>
    <trkpt lat="48.80630" lon="12.97590"></trkpt>
    <trkpt lat="48.80910" lon="12.97000"></trkpt>
    <trkpt lat="48.81090" lon="12.96590"></trkpt>
    <trkpt lat="48.81280" lon="12.96100"></trkpt>
    <trkpt lat="48.81420" lon="12.95630"></trkpt>
    <trkpt lat="48.81610" lon="12.94860"></trkpt>
    <trkpt lat="48.81710" lon="12.94470"></trkpt>
    <trkpt lat="48.81810" lon="12.94100"></trkpt>
    <trkpt lat="48.81960" lon="12.93610"></trkpt>
    <trkpt lat="48.82080" lon="12.93270"></trkpt>
    <trkpt lat="48.82240" lon="12.92860"></trkpt>
    <trkpt lat="48.82360" lon="12.92570"></trkpt>
    <trkpt lat="48.82500" lon="12.92260"></trkpt>
    <trkpt lat="48.82720" lon="12.91810"></trkpt>
    <trkpt lat="48.82870" lon="12.91530"></trkpt>
    <trkpt lat="48.83030" lon="12.91250"></trkpt>
    <trkpt lat="48.83310" lon="12.90800"></trkpt>
    <trkpt lat="48.83580" lon="12.90410"></trkpt>
    <trkpt lat="48.83780" lon="12.90140"></trkpt>
    <trkpt lat="48.84080" lon="12.89770"></trkpt>
    <trkpt lat="48.84320" lon="12.89430"></trkpt>
    <trkpt lat="48.84500" lon="12.89160"></trkpt>
    <trkpt lat="48.84670" lon="12.88900"></trkpt>
    <trkpt lat="48.84850" lon="12.88570"></trkpt>
    <trkpt lat="48.85040" lon="12.88220"></trkpt>
    <trkpt lat="48.85170" lon="12.87940"></trkpt>
    <trkpt lat="48.85300" lon="12.87660"></trkpt>
    <trkpt lat="48.85420" lon="12.87360"></trkpt>
    <trkpt lat="48.85580" lon="12.86920"></trkpt>
    <trkpt lat="48.85730" lon="12.86440"></trkpt>
    <trkpt lat="48.85840" lon="12.86090"></trkpt>
    <trkpt lat="48.85950" lon="12.85780"></trkpt>
    <trkpt lat="48.86090" lon="12.85450"></trkpt>
    <trkpt lat="48.86230" lon="12.85160"></trkpt>
    <trkpt lat="48.86460" lon="12.84730"></trkpt>
    <trkpt lat="48.86680" lon="12.84410"></trkpt>
    <trkpt lat="48.86920" lon="12.84090"></trkpt>
    <trkpt lat="48.87100" lon="12.83880"></trkpt>
    <trkpt lat="48.87290" lon="12.83690"></trkpt>
    <trkpt lat="48.87500" lon="12.83500"></trkpt>
    <trkpt lat="48.87750" lon="12.83310"></trkpt>
    <trkpt lat="48.88090" lon="12.83080"></trkpt>
    <trkpt lat="48.88390" lon="12.82840"></trkpt>
    <trkpt lat="48.88590" lon="12.82650"></trkpt>
    <trkpt lat="48.88860" lon="12.82350"></trkpt>
    <trkpt lat="48.89050" lon="12.82110"></trkpt>
    <trkpt lat="48.89230" lon="12.81850"></trkpt>
    <trkpt lat="48.89400" lon="12.81560"></trkpt>
    <trkpt lat="48.89560" lon="12.81260"></trkpt>
    <trkpt lat="48.89730" lon="12.80910"></trkpt>
    <trkpt lat="48.89890" lon="12.80490"></trkpt>
    <trkpt lat="48.90030" lon="12.80070"></trkpt>
    <trkpt lat="48.90140" lon="12.79650"></trkpt>
    <trkpt lat="48.90220" lon="12.79310"></trkpt>
    <trkpt lat="48.90290" lon="12.78920"></trkpt>
    <trkpt lat="48.90370" lon="12.78330"></trkpt>
    <trkpt lat="48.90470" lon="12.77850"></trkpt>
    <trkpt lat="48.90620" lon="12.77440"></trkpt>
    <trkpt lat="48.90830" lon="12.77100"></trkpt>
    <trkpt lat="48.91010" lon="12.76800"></trkpt>
    <trkpt lat="48.91150" lon="12.76420"></trkpt>
    <trkpt lat="48.91240" lon="12.76050"></trkpt>
    <trkpt lat="48.91290" lon="12.75660"></trkpt>
    <trkpt lat="48.91370" lon="12.75300"></trkpt>
    <trkpt lat="48.91490" lon="12.74930"></trkpt>
    <trkpt lat="48.91860" lon="12.74120"></trkpt>
    <trkpt lat="48.91990" lon="12.73780"></trkpt>
    <trkpt lat="48.92100" lon="12.73450"></trkpt>
    <trkpt lat="48.92180" lon="12.73090"></trkpt>
    <trkpt lat="48.92270" lon="12.72660"></trkpt>
    <trkpt lat="48.92400" lon="12.72180"></trkpt>
    <trkpt lat="48.92510" lon="12.71860"></trkpt>
    <trkpt lat="48.92690" lon="12.71430"></trkpt>
    <trkpt lat="48.92880" lon="12.71100"></trkpt>
    <trkpt lat="48.93100" lon="12.70750"></trkpt>
    <trkpt lat="48.93260" lon="12.70480"></trkpt>
    <trkpt lat="48.93400" lon="12.70070"></trkpt>
    <trkpt lat="48.93460" lon="12.69640"></trkpt>
    <trkpt lat="48.93460" lon="12.69270"></trkpt>
    <trkpt lat="48.93430" lon="12.68930"></trkpt>
    <trkpt lat="48.93390" lon="12.68510"></trkpt>
    <trkpt lat="48.93400" lon="12.68060"></trkpt>
    <trkpt lat="48.93430" lon="12.67720"></trkpt>
    <trkpt lat="48.93510" lon="12.67290"></trkpt>
    <trkpt lat="48.93670" lon="12.66710"></trkpt>
    <trkpt lat="48.93790" lon="12.66140"></trkpt>
    <trkpt lat="48.93890" lon="12.65560"></trkpt>
    <trkpt lat="48.93940" lon="12.65210"></trkpt>
    <trkpt lat="48.93980" lon="12.64660"></trkpt>
    <trkpt lat="48.94000" lon="12.63780"></trkpt>
    <trkpt lat="48.94010" lon="12.63420"></trkpt>
    <trkpt lat="48.94040" lon="12.63020"></trkpt>
    <trkpt lat="48.94080" lon="12.62620"></trkpt>
    <trkpt lat="48.94130" lon="12.62280"></trkpt>
    <trkpt lat="48.94200" lon="12.61890"></trkpt>
    <trkpt lat="48.94290" lon="12.61490"></trkpt>
    <trkpt lat="48.94430" lon="12.60960"></trkpt>
    <trkpt lat="48.94510" lon="12.60490"></trkpt>
    <trkpt lat="48.94560" lon="12.60000"></trkpt>
    <trkpt lat="48.94550" lon="12.59600"></trkpt>
    <trkpt lat="48.94520" lon="12.59170"></trkpt>
    <trkpt lat="48.94470" lon="12.58790"></trkpt>
    <trkpt lat="48.94430" lon="12.58450"></trkpt>
    <trkpt lat="48.94430" lon="12.57980"></trkpt>
    <trkpt lat="48.94470" lon="12.57550"></trkpt>
    <trkpt lat="48.94530" lon="12.57170"></trkpt>
    <trkpt lat="48.94630" lon="12.56800"></trkpt>
    <trkpt lat="48.94780" lon="12.56420"></trkpt>
    <trkpt lat="48.94920" lon="12.56140"></trkpt>
    <trkpt lat="48.95200" lon="12.55710"></trkpt>
    <trkpt lat="48.95400" lon="12.55410"></trkpt>
    <trkpt lat="48.95620" lon="12.55040"></trkpt>
    <trkpt lat="48.95800" lon="12.54670"></trkpt>
    <trkpt lat="48.95960" lon="12.54280"></trkpt>
    <trkpt lat="48.96120" lon="12.53820"></trkpt>
    <trkpt lat="48.96230" lon="12.53460"></trkpt>
    <trkpt lat="48.96340" lon="12.53000"></trkpt>
    <trkpt lat="48.96430" lon="12.52560"></trkpt>
    <trkpt lat="48.96520" lon="12.52190"></trkpt>
    <trkpt lat="48.96670" lon="12.51680"></trkpt>
    <trkpt lat="48.96850" lon="12.51150"></trkpt>
    <trkpt lat="48.96970" lon="12.50700"></trkpt>
    <trkpt lat="48.97070" lon="12.50270"></trkpt>
    <trkpt lat="48.97180" lon="12.49650"></trkpt>
    <trkpt lat="48.97280" lon="12.49150"></trkpt>
    <trkpt lat="48.97400" lon="12.48640"></trkpt>
    <trkpt lat="48.97480" lon="12.48320"></trkpt>
    <trkpt lat="48.97580" lon="12.47960"></trkpt>
    <trkpt lat="48.97710" lon="12.47570"></trkpt>
    <trkpt lat="48.97840" lon="12.47200"></trkpt>
    <trkpt lat="48.98020" lon="12.46720"></trkpt>
    <trkpt lat="48.98320" lon="12.46000"></trkpt>
    <trkpt lat="48.98490" lon="12.45510"></trkpt>
    <trkpt lat="48.98640" lon="12.45050"></trkpt>
    <trkpt lat="48.98760" lon="12.44620"></trkpt>
    <trkpt lat="48.98850" lon="12.44260"></trkpt>
    <trkpt lat="48.98960" lon="12.43790"></trkpt>
    <trkpt lat="48.99130" lon="12.42890"></trkpt>
    <trkpt lat="48.99240" lon="12.42300"></trkpt>
    <trkpt lat="48.99340" lon="12.41750"></trkpt>
    <trkpt lat="48.99400" lon="12.41410"></trkpt>
    <trkpt lat="48.99550" lon="12.40540"></trkpt>
    <trkpt lat="48.99750" lon="12.39450"></trkpt>
    <trkpt lat="48.99830" lon="12.39020"></trkpt>
    <trkpt lat="48.99900" lon="12.38580"></trkpt>
    <trkpt lat="48.99960" lon="12.38130"></trkpt>
    <trkpt lat="49.00000" lon="12.37710"></trkpt>
    <trkpt lat="49.00010" lon="12.37360"></trkpt>
    <trkpt lat="49.00020" lon="12.36980"></trkpt>
    <trkpt lat="49.00010" lon="12.36500"></trkpt>
    <trkpt lat="48.99980" lon="12.36140"></trkpt>
    <trkpt lat="48.99940" lon="12.35730"></trkpt>
    <trkpt lat="48.99910" lon="12.35380"></trkpt>
    <trkpt lat="48.99830" lon="12.34670"></trkpt>
    <trkpt lat="48.99780" lon="12.34110"></trkpt>
    <trkpt lat="48.99660" lon="12.32960"></trkpt>
    <trkpt lat="48.99560" lon="12.32030"></trkpt>
    <trkpt lat="48.99510" lon="12.31520"></trkpt>
    <trkpt lat="48.99440" lon="12.30860"></trkpt>
    <trkpt lat="48.99410" lon="12.30460"></trkpt>
    <trkpt lat="48.99370" lon="12.29940"></trkpt>
    <trkpt lat="48.99360" lon="12.29360"></trkpt>
    <trkpt lat="48.99350" lon="12.29000"></trkpt>
    <trkpt lat="48.99380" lon="12.28070"></trkpt>
    <trkpt lat="48.99380" lon="12.27650"></trkpt>
    <trkpt lat="48.99380" lon="12.27290"></trkpt>
    <trkpt lat="48.99360" lon="12.26880"></trkpt>
    <trkpt lat="48.99280" lon="12.25450"></trkpt>
    <trkpt lat="48.99230" lon="12.24610"></trkpt>
    <trkpt lat="48.99200" lon="12.24080"></trkpt>
    <trkpt lat="48.99190" lon="12.23670"></trkpt>
    <trkpt lat="48.99200" lon="12.23230"></trkpt>
    <trkpt lat="48.99220" lon="12.22850"></trkpt>
    <trkpt lat="48.99260" lon="12.22510"></trkpt>
    <trkpt lat="48.99330" lon="12.22110"></trkpt>
    <trkpt lat="48.99650" lon="12.20430"></trkpt>
    <trkpt lat="48.99750" lon="12.19870"></trkpt>
    <trkpt lat="48.99900" lon="12.19090"></trkpt>
    <trkpt lat="48.99970" lon="12.18710"></trkpt>
    <trkpt lat="49.00020" lon="12.18340"></trkpt>
    <trkpt lat="49.00050" lon="12.17920"></trkpt>
    <trkpt lat="49.00070" lon="12.17570"></trkpt>
    <trkpt lat="49.00070" lon="12.17190"></trkpt>
    <trkpt lat="49.00050" lon="12.16800"></trkpt>
    <trkpt lat="49.00010" lon="12.16420"></trkpt>
    <trkpt lat="48.99910" lon="12.15720"></trkpt>
    <trkpt lat="48.99820" lon="12.15150"></trkpt>
    <trkpt lat="48.99700" lon="12.14340"></trkpt>
    <trkpt lat="48.99580" lon="12.13510"></trkpt>
    <trkpt lat="48.99480" lon="12.12840"></trkpt>
    <trkpt lat="48.99420" lon="12.12460"></trkpt>
    <trkpt lat="48.99320" lon="12.11770"></trkpt>
    <trkpt lat="48.99280" lon="12.11430"></trkpt>
    <trkpt lat="48.99180" lon="12.10410"></trkpt>
    <trkpt lat="48.99150" lon="12.09960"></trkpt>
    <trkpt lat="48.99090" lon="12.09270"></trkpt>
    <trkpt lat="48.99060" lon="12.08910"></trkpt>
    <trkpt lat="48.99050" lon="12.08560"></trkpt>
    <trkpt lat="48.99110" lon="12.08100"></trkpt>
    <trkpt lat="48.99130" lon="12.07740"></trkpt>
    <trkpt lat="48.99080" lon="12.07360"></trkpt>
    <trkpt lat="48.99050" lon="12.07020"></trkpt>
    <trkpt lat="48.99110" lon="12.06660"></trkpt>
    <trkpt lat="48.99240" lon="12.06370"></trkpt>
    <trkpt lat="48.99460" lon="12.06160"></trkpt>
    <trkpt lat="48.99690" lon="12.06140"></trkpt>
    <trkpt lat="48.99460" lon="12.06220"></trkpt>
    <trkpt lat="48.99260" lon="12.06050"></trkpt>
    <trkpt lat="48.99250" lon="12.06280"></trkpt>
  </trkseg>
  <trkseg>
    <trkpt lat="48.99250" lon="12.06280"></trkpt>
    <trkpt lat="48.99100" lon="12.06570"></trkpt>
    <trkpt lat="48.99040" lon="12.06920"></trkpt>
    <trkpt lat="48.99100" lon="12.07560"></trkpt>
    <trkpt lat="48.99110" lon="12.07930"></trkpt>
    <trkpt lat="48.99050" lon="12.08340"></trkpt>
    <trkpt lat="48.99030" lon="12.08690"></trkpt>
    <trkpt lat="48.99080" lon="12.09270"></trkpt>
    <trkpt lat="48.99140" lon="12.09970"></trkpt>
    <trkpt lat="48.99170" lon="12.10420"></trkpt>
    <trkpt lat="48.98940" lon="12.10550"></trkpt>
    <trkpt lat="48.99140" lon="12.10370"></trkpt>
    <trkpt lat="48.99150" lon="12.09960"></trkpt>
    <trkpt lat="48.99090" lon="12.09270"></trkpt>
    <trkpt lat="48.99060" lon="12.08910"></trkpt>
    <trkpt lat="48.99050" lon="12.08560"></trkpt>
    <trkpt lat="48.99110" lon="12.08100"></trkpt>
    <trkpt lat="48.99130" lon="12.07740"></trkpt>
    <trkpt lat="48.99080" lon="12.07360"></trkpt>
    <trkpt lat="48.99050" lon="12.07020"></trkpt>
    <trkpt lat="48.99110" lon="12.06660"></trkpt>
    <trkpt lat="48.99350" lon="12.06500"></trkpt>
    <trkpt lat="48.99550" lon="12.06340"></trkpt>
    <trkpt lat="48.99780" lon="12.06350"></trkpt>
    <trkpt lat="49.00030" lon="12.06340"></trkpt>
    <trkpt lat="49.00320" lon="12.06230"></trkpt>
    <trkpt lat="49.00570" lon="12.06110"></trkpt>
    <trkpt lat="49.00840" lon="12.06070"></trkpt>
    <trkpt lat="49.01080" lon="12.06140"></trkpt>
    <trkpt lat="49.01290" lon="12.06300"></trkpt>
    <trkpt lat="49.01530" lon="12.06520"></trkpt>
    <trkpt lat="49.01970" lon="12.06850"></trkpt>
    <trkpt lat="49.02200" lon="12.06920"></trkpt>
    <trkpt lat="49.02440" lon="12.06970"></trkpt>
    <trkpt lat="49.02650" lon="12.07140"></trkpt>
    <trkpt lat="49.02800" lon="12.07430"></trkpt>
    <trkpt lat="49.02940" lon="12.07890"></trkpt>
    <trkpt lat="49.03080" lon="12.08160"></trkpt>
    <trkpt lat="49.03270" lon="12.08380"></trkpt>
    <trkpt lat="49.03490" lon="12.08580"></trkpt>
    <trkpt lat="49.03670" lon="12.08810"></trkpt>
    <trkpt lat="49.03810" lon="12.09110"></trkpt>
    <trkpt lat="49.03950" lon="12.09400"></trkpt>
    <trkpt lat="49.04150" lon="12.09580"></trkpt>
    <trkpt lat="49.04410" lon="12.09620"></trkpt>
    <trkpt lat="49.04620" lon="12.09490"></trkpt>
    <trkpt lat="49.04840" lon="12.09320"></trkpt>
    <trkpt lat="49.05070" lon="12.09220"></trkpt>
    <trkpt lat="49.05360" lon="12.09220"></trkpt>
    <trkpt lat="49.05630" lon="12.09290"></trkpt>
    <trkpt lat="49.05880" lon="12.09280"></trkpt>
    <trkpt lat="49.06120" lon="12.09240"></trkpt>
    <trkpt lat="49.06350" lon="12.09200"></trkpt>
    <trkpt lat="49.06610" lon="12.09220"></trkpt>
    <trkpt lat="49.06870" lon="12.09330"></trkpt>
    <trkpt lat="49.07110" lon="12.09500"></trkpt>
    <trkpt lat="49.07360" lon="12.09760"></trkpt>
    <trkpt lat="49.07560" lon="12.09930"></trkpt>
    <trkpt lat="49.07790" lon="12.10050"></trkpt>
    <trkpt lat="49.08020" lon="12.10100"></trkpt>
    <trkpt lat="49.08270" lon="12.10070"></trkpt>
    <trkpt lat="49.08530" lon="12.09960"></trkpt>
    <trkpt lat="49.08740" lon="12.09820"></trkpt>
    <trkpt lat="49.09010" lon="12.09630"></trkpt>
    <trkpt lat="49.09260" lon="12.09450"></trkpt>
    <trkpt lat="49.09530" lon="12.09330"></trkpt>
    <trkpt lat="49.09830" lon="12.09300"></trkpt>
    <trkpt lat="49.10060" lon="12.09370"></trkpt>
    <trkpt lat="49.10300" lon="12.09520"></trkpt>
    <trkpt lat="49.10520" lon="12.09700"></trkpt>
    <trkpt lat="49.10780" lon="12.09910"></trkpt>
    <trkpt lat="49.11070" lon="12.10120"></trkpt>
    <trkpt lat="49.11370" lon="12.10320"></trkpt>
    <trkpt lat="49.11620" lon="12.10470"></trkpt>
    <trkpt lat="49.11880" lon="12.10600"></trkpt>
    <trkpt lat="49.12120" lon="12.10710"></trkpt>
    <trkpt lat="49.12390" lon="12.10820"></trkpt>
    <trkpt lat="49.12640" lon="12.10880"></trkpt>
    <trkpt lat="49.12890" lon="12.10910"></trkpt>
    <trkpt lat="49.13170" lon="12.10880"></trkpt>
    <trkpt lat="49.13420" lon="12.10810"></trkpt>
    <trkpt lat="49.13670" lon="12.10710"></trkpt>
    <trkpt lat="49.13890" lon="12.10620"></trkpt>
    <trkpt lat="49.14140" lon="12.10540"></trkpt>
    <trkpt lat="49.14400" lon="12.10500"></trkpt>
    <trkpt lat="49.14650" lon="12.10500"></trkpt>
    <trkpt lat="49.14940" lon="12.10570"></trkpt>
    <trkpt lat="49.15240" lon="12.10700"></trkpt>
    <trkpt lat="49.15460" lon="12.10860"></trkpt>
    <trkpt lat="49.15660" lon="12.11030"></trkpt>
    <trkpt lat="49.15870" lon="12.11190"></trkpt>
    <trkpt lat="49.16080" lon="12.11330"></trkpt>
    <trkpt lat="49.16330" lon="12.11430"></trkpt>
    <trkpt lat="49.16580" lon="12.11480"></trkpt>
    <trkpt lat="49.16830" lon="12.11500"></trkpt>
    <trkpt lat="49.17130" lon="12.11560"></trkpt>
    <trkpt lat="49.17350" lon="12.11690"></trkpt>
    <trkpt lat="49.17550" lon="12.11880"></trkpt>
    <trkpt lat="49.17740" lon="12.12090"></trkpt>
    <trkpt lat="49.17970" lon="12.12280"></trkpt>
    <trkpt lat="49.18230" lon="12.12370"></trkpt>
    <trkpt lat="49.18490" lon="12.12370"></trkpt>
    <trkpt lat="49.18730" lon="12.12300"></trkpt>
    <trkpt lat="49.18970" lon="12.12150"></trkpt>
    <trkpt lat="49.19310" lon="12.11880"></trkpt>
    <trkpt lat="49.19530" lon="12.11730"></trkpt>
    <trkpt lat="49.19820" lon="12.11600"></trkpt>
    <trkpt lat="49.20070" lon="12.11530"></trkpt>
    <trkpt lat="49.20320" lon="12.11540"></trkpt>
    <trkpt lat="49.20600" lon="12.11650"></trkpt>
    <trkpt lat="49.20840" lon="12.11860"></trkpt>
    <trkpt lat="49.21060" lon="12.12100"></trkpt>
    <trkpt lat="49.21270" lon="12.12300"></trkpt>
    <trkpt lat="49.21530" lon="12.12490"></trkpt>
    <trkpt lat="49.21750" lon="12.12630"></trkpt>
    <trkpt lat="49.22090" lon="12.12820"></trkpt>
    <trkpt lat="49.22370" lon="12.12950"></trkpt>
    <trkpt lat="49.22620" lon="12.13040"></trkpt>
    <trkpt lat="49.22980" lon="12.13150"></trkpt>
    <trkpt lat="49.23220" lon="12.13210"></trkpt>
    <trkpt lat="49.23460" lon="12.13250"></trkpt>
    <trkpt lat="49.23710" lon="12.13280"></trkpt>
    <trkpt lat="49.23940" lon="12.13280"></trkpt>
    <trkpt lat="49.24180" lon="12.13240"></trkpt>
    <trkpt lat="49.24400" lon="12.13170"></trkpt>
    <trkpt lat="49.24650" lon="12.13060"></trkpt>
    <trkpt lat="49.24900" lon="12.12890"></trkpt>
    <trkpt lat="49.25140" lon="12.12700"></trkpt>
    <trkpt lat="49.25400" lon="12.12500"></trkpt>
    <trkpt lat="49.25650" lon="12.12360"></trkpt>
    <trkpt lat="49.25980" lon="12.12260"></trkpt>
    <trkpt lat="49.26220" lon="12.12250"></trkpt>
    <trkpt lat="49.26540" lon="12.12310"></trkpt>
    <trkpt lat="49.26800" lon="12.12430"></trkpt>
    <trkpt lat="49.27040" lon="12.12580"></trkpt>
    <trkpt lat="49.27250" lon="12.12750"></trkpt>
    <trkpt lat="49.27500" lon="12.12980"></trkpt>
    <trkpt lat="49.27750" lon="12.13220"></trkpt>
    <trkpt lat="49.28070" lon="12.13530"></trkpt>
    <trkpt lat="49.28420" lon="12.13850"></trkpt>
    <trkpt lat="49.28640" lon="12.14050"></trkpt>
    <trkpt lat="49.28840" lon="12.14210"></trkpt>
    <trkpt lat="49.29040" lon="12.14370"></trkpt>
    <trkpt lat="49.29400" lon="12.14620"></trkpt>
    <trkpt lat="49.29610" lon="12.14750"></trkpt>
    <trkpt lat="49.29890" lon="12.14900"></trkpt>
    <trkpt lat="49.30120" lon="12.15010"></trkpt>
    <trkpt lat="49.30390" lon="12.15130"></trkpt>
    <trkpt lat="49.30650" lon="12.15220"></trkpt>
    <trkpt lat="49.30960" lon="12.15310"></trkpt>
    <trkpt lat="49.31350" lon="12.15400"></trkpt>
    <trkpt lat="49.31580" lon="12.15430"></trkpt>
    <trkpt lat="49.31820" lon="12.15460"></trkpt>
    <trkpt lat="49.32060" lon="12.15470"></trkpt>
    <trkpt lat="49.32290" lon="12.15450"></trkpt>
    <trkpt lat="49.32560" lon="12.15410"></trkpt>
    <trkpt lat="49.32880" lon="12.15310"></trkpt>
    <trkpt lat="49.33170" lon="12.15210"></trkpt>
    <trkpt lat="49.33400" lon="12.15130"></trkpt>
    <trkpt lat="49.33780" lon="12.15040"></trkpt>
    <trkpt lat="49.34020" lon="12.15010"></trkpt>
    <trkpt lat="49.34250" lon="12.14990"></trkpt>
    <trkpt lat="49.34490" lon="12.15000"></trkpt>
    <trkpt lat="49.34870" lon="12.15040"></trkpt>
    <trkpt lat="49.36210" lon="12.15200"></trkpt>
    <trkpt lat="49.36610" lon="12.15250"></trkpt>
    <trkpt lat="49.36840" lon="12.15270"></trkpt>
    <trkpt lat="49.37130" lon="12.15250"></trkpt>
    <trkpt lat="49.37400" lon="12.15210"></trkpt>
    <trkpt lat="49.37680" lon="12.15120"></trkpt>
    <trkpt lat="49.38000" lon="12.14990"></trkpt>
    <trkpt lat="49.38220" lon="12.14890"></trkpt>
    <trkpt lat="49.38440" lon="12.14820"></trkpt>
    <trkpt lat="49.38670" lon="12.14810"></trkpt>
    <trkpt lat="49.38910" lon="12.14880"></trkpt>
    <trkpt lat="49.39120" lon="12.15040"></trkpt>
    <trkpt lat="49.39320" lon="12.15290"></trkpt>
    <trkpt lat="49.39500" lon="12.15570"></trkpt>
    <trkpt lat="49.39680" lon="12.15790"></trkpt>
    <trkpt lat="49.39890" lon="12.16000"></trkpt>
    <trkpt lat="49.40100" lon="12.16140"></trkpt>
    <trkpt lat="49.40340" lon="12.16260"></trkpt>
    <trkpt lat="49.40660" lon="12.16340"></trkpt>
    <trkpt lat="49.40970" lon="12.16410"></trkpt>
    <trkpt lat="49.41200" lon="12.16470"></trkpt>
    <trkpt lat="49.41450" lon="12.16550"></trkpt>
    <trkpt lat="49.41690" lon="12.16650"></trkpt>
    <trkpt lat="49.41940" lon="12.16770"></trkpt>
    <trkpt lat="49.42200" lon="12.16930"></trkpt>
    <trkpt lat="49.42430" lon="12.17080"></trkpt>
    <trkpt lat="49.42650" lon="12.17250"></trkpt>
    <trkpt lat="49.42860" lon="12.17430"></trkpt>
    <trkpt lat="49.43070" lon="12.17630"></trkpt>
    <trkpt lat="49.43280" lon="12.17830"></trkpt>
    <trkpt lat="49.43550" lon="12.18120"></trkpt>
    <trkpt lat="49.43760" lon="12.18330"></trkpt>
    <trkpt lat="49.43990" lon="12.18550"></trkpt>
    <trkpt lat="49.44220" lon="12.18750"></trkpt>
    <trkpt lat="49.44460" lon="12.18920"></trkpt>
    <trkpt lat="49.44670" lon="12.19050"></trkpt>
    <trkpt lat="49.44900" lon="12.19170"></trkpt>
    <trkpt lat="49.45120" lon="12.19270"></trkpt>
    <trkpt lat="49.45390" lon="12.19370"></trkpt>
    <trkpt lat="49.45640" lon="12.19430"></trkpt>
    <trkpt lat="49.45880" lon="12.19470"></trkpt>
    <trkpt lat="49.46170" lon="12.19500"></trkpt>
    <trkpt lat="49.46520" lon="12.19490"></trkpt>
    <trkpt lat="49.46840" lon="12.19450"></trkpt>
    <trkpt lat="49.47080" lon="12.19390"></trkpt>
    <trkpt lat="49.47320" lon="12.19310"></trkpt>
    <trkpt lat="49.47560" lon="12.19210"></trkpt>
    <trkpt lat="49.47860" lon="12.19070"></trkpt>
    <trkpt lat="49.48120" lon="12.18960"></trkpt>
    <trkpt lat="49.48340" lon="12.18890"></trkpt>
    <trkpt lat="49.48580" lon="12.18870"></trkpt>
    <trkpt lat="49.48810" lon="12.18870"></trkpt>
    <trkpt lat="49.49060" lon="12.18900"></trkpt>
    <trkpt lat="49.49300" lon="12.18890"></trkpt>
    <trkpt lat="49.49540" lon="12.18840"></trkpt>
    <trkpt lat="49.49780" lon="12.18730"></trkpt>
    <trkpt lat="49.50000" lon="12.18590"></trkpt>
    <trkpt lat="49.50210" lon="12.18430"></trkpt>
    <trkpt lat="49.50420" lon="12.18210"></trkpt>
    <trkpt lat="49.50630" lon="12.17970"></trkpt>
    <trkpt lat="49.50810" lon="12.17700"></trkpt>
    <trkpt lat="49.51000" lon="12.17410"></trkpt>
    <trkpt lat="49.51170" lon="12.17160"></trkpt>
    <trkpt lat="49.51350" lon="12.16940"></trkpt>
    <trkpt lat="49.51570" lon="12.16700"></trkpt>
    <trkpt lat="49.51840" lon="12.16410"></trkpt>
    <trkpt lat="49.52040" lon="12.16180"></trkpt>
    <trkpt lat="49.52210" lon="12.15940"></trkpt>
    <trkpt lat="49.52390" lon="12.15660"></trkpt>
    <trkpt lat="49.52580" lon="12.15280"></trkpt>
    <trkpt lat="49.52760" lon="12.14900"></trkpt>
    <trkpt lat="49.52960" lon="12.14510"></trkpt>
    <trkpt lat="49.53130" lon="12.14230"></trkpt>
    <trkpt lat="49.53340" lon="12.13930"></trkpt>
    <trkpt lat="49.53600" lon="12.13650"></trkpt>
    <trkpt lat="49.53890" lon="12.13390"></trkpt>
    <trkpt lat="49.54110" lon="12.13210"></trkpt>
    <trkpt lat="49.54430" lon="12.12980"></trkpt>
    <trkpt lat="49.54970" lon="12.12640"></trkpt>
    <trkpt lat="49.55300" lon="12.12460"></trkpt>
    <trkpt lat="49.55570" lon="12.12340"></trkpt>
    <trkpt lat="49.55870" lon="12.12230"></trkpt>
    <trkpt lat="49.56130" lon="12.12180"></trkpt>
    <trkpt lat="49.56400" lon="12.12170"></trkpt>
    <trkpt lat="49.56660" lon="12.12180"></trkpt>
    <trkpt lat="49.56950" lon="12.12240"></trkpt>
    <trkpt lat="49.57210" lon="12.12320"></trkpt>
    <trkpt lat="49.57450" lon="12.12420"></trkpt>
    <trkpt lat="49.57700" lon="12.12550"></trkpt>
    <trkpt lat="49.57920" lon="12.12700"></trkpt>
    <trkpt lat="49.58160" lon="12.12890"></trkpt>
    <trkpt lat="49.58370" lon="12.13090"></trkpt>
    <trkpt lat="49.58610" lon="12.13330"></trkpt>
    <trkpt lat="49.58870" lon="12.13640"></trkpt>
    <trkpt lat="49.59080" lon="12.13880"></trkpt>
    <trkpt lat="49.59400" lon="12.14240"></trkpt>
    <trkpt lat="49.59610" lon="12.14460"></trkpt>
    <trkpt lat="49.59840" lon="12.14680"></trkpt>
    <trkpt lat="49.60090" lon="12.14890"></trkpt>
    <trkpt lat="49.60380" lon="12.15070"></trkpt>
    <trkpt lat="49.60650" lon="12.15190"></trkpt>
    <trkpt lat="49.60890" lon="12.15260"></trkpt>
    <trkpt lat="49.61190" lon="12.15300"></trkpt>
    <trkpt lat="49.61480" lon="12.15290"></trkpt>
    <trkpt lat="49.61830" lon="12.15220"></trkpt>
    <trkpt lat="49.62290" lon="12.15070"></trkpt>
    <trkpt lat="49.62650" lon="12.14960"></trkpt>
    <trkpt lat="49.62880" lon="12.14900"></trkpt>
    <trkpt lat="49.63290" lon="12.14820"></trkpt>
    <trkpt lat="49.63690" lon="12.14770"></trkpt>
    <trkpt lat="49.63940" lon="12.14770"></trkpt>
    <trkpt lat="49.64240" lon="12.14770"></trkpt>
    <trkpt lat="49.64490" lon="12.14790"></trkpt>
    <trkpt lat="49.64770" lon="12.14810"></trkpt>
    <trkpt lat="49.65070" lon="12.14790"></trkpt>
    <trkpt lat="49.65350" lon="12.14720"></trkpt>
    <trkpt lat="49.65570" lon="12.14600"></trkpt>
    <trkpt lat="49.65780" lon="12.14460"></trkpt>
    <trkpt lat="49.66150" lon="12.14330"></trkpt>
    <trkpt lat="49.66400" lon="12.14170"></trkpt>
    <trkpt lat="49.66660" lon="12.13830"></trkpt>
    <trkpt lat="49.66830" lon="12.13570"></trkpt>
    <trkpt lat="49.67050" lon="12.13360"></trkpt>
    <trkpt lat="49.67250" lon="12.13200"></trkpt>
    <trkpt lat="49.67480" lon="12.13030"></trkpt>
    <trkpt lat="49.67700" lon="12.12870"></trkpt>
    <trkpt lat="49.67940" lon="12.12740"></trkpt>
    <trkpt lat="49.68170" lon="12.12700"></trkpt>
    <trkpt lat="49.68460" lon="12.12780"></trkpt>
    <trkpt lat="49.68830" lon="12.13020"></trkpt>
    <trkpt lat="49.69070" lon="12.13170"></trkpt>
    <trkpt lat="49.69410" lon="12.13330"></trkpt>
    <trkpt lat="49.69710" lon="12.13430"></trkpt>
    <trkpt lat="49.69950" lon="12.13500"></trkpt>
    <trkpt lat="49.70170" lon="12.13580"></trkpt>
    <trkpt lat="49.70460" lon="12.13750"></trkpt>
    <trkpt lat="49.70710" lon="12.13980"></trkpt>
    <trkpt lat="49.70900" lon="12.14180"></trkpt>
    <trkpt lat="49.71190" lon="12.14460"></trkpt>
    <trkpt lat="49.71480" lon="12.14690"></trkpt>
    <trkpt lat="49.71730" lon="12.14860"></trkpt>
    <trkpt lat="49.71960" lon="12.15010"></trkpt>
    <trkpt lat="49.72230" lon="12.15170"></trkpt>
    <trkpt lat="49.72440" lon="12.15320"></trkpt>
    <trkpt lat="49.72660" lon="12.15510"></trkpt>
    <trkpt lat="49.72870" lon="12.15650"></trkpt>
    <trkpt lat="49.73100" lon="12.15710"></trkpt>
    <trkpt lat="49.73340" lon="12.15690"></trkpt>
    <trkpt lat="49.73690" lon="12.15550"></trkpt>
    <trkpt lat="49.73920" lon="12.15460"></trkpt>
    <trkpt lat="49.74140" lon="12.15390"></trkpt>
    <trkpt lat="49.74380" lon="12.15360"></trkpt>
    <trkpt lat="49.74670" lon="12.15360"></trkpt>
    <trkpt lat="49.74900" lon="12.15380"></trkpt>
    <trkpt lat="49.75240" lon="12.15400"></trkpt>
    <trkpt lat="49.75500" lon="12.15400"></trkpt>
    <trkpt lat="49.75730" lon="12.15370"></trkpt>
    <trkpt lat="49.76010" lon="12.15300"></trkpt>
    <trkpt lat="49.76310" lon="12.15220"></trkpt>
    <trkpt lat="49.76560" lon="12.15190"></trkpt>
    <trkpt lat="49.76830" lon="12.15210"></trkpt>
    <trkpt lat="49.77080" lon="12.15310"></trkpt>
    <trkpt lat="49.77370" lon="12.15530"></trkpt>
    <trkpt lat="49.77820" lon="12.15990"></trkpt>
    <trkpt lat="49.78070" lon="12.16240"></trkpt>
    <trkpt lat="49.78270" lon="12.16450"></trkpt>
    <trkpt lat="49.78570" lon="12.16760"></trkpt>
    <trkpt lat="49.78890" lon="12.17080"></trkpt>
    <trkpt lat="49.79110" lon="12.17310"></trkpt>
    <trkpt lat="49.79370" lon="12.17570"></trkpt>
    <trkpt lat="49.79640" lon="12.17810"></trkpt>
    <trkpt lat="49.79910" lon="12.18010"></trkpt>
    <trkpt lat="49.80240" lon="12.18190"></trkpt>
    <trkpt lat="49.80470" lon="12.18250"></trkpt>
    <trkpt lat="49.80750" lon="12.18230"></trkpt>
    <trkpt lat="49.80980" lon="12.18130"></trkpt>
    <trkpt lat="49.81180" lon="12.17960"></trkpt>
    <trkpt lat="49.81380" lon="12.17700"></trkpt>
    <trkpt lat="49.81520" lon="12.17420"></trkpt>
    <trkpt lat="49.81670" lon="12.17100"></trkpt>
    <trkpt lat="49.81900" lon="12.16770"></trkpt>
    <trkpt lat="49.82130" lon="12.16570"></trkpt>
    <trkpt lat="49.82420" lon="12.16470"></trkpt>
    <trkpt lat="49.82670" lon="12.16480"></trkpt>
    <trkpt lat="49.82910" lon="12.16570"></trkpt>
    <trkpt lat="49.83120" lon="12.16700"></trkpt>
    <trkpt lat="49.83330" lon="12.16870"></trkpt>
    <trkpt lat="49.83530" lon="12.17040"></trkpt>
    <trkpt lat="49.83850" lon="12.17310"></trkpt>
    <trkpt lat="49.84060" lon="12.17480"></trkpt>
    <trkpt lat="49.84310" lon="12.17630"></trkpt>
    <trkpt lat="49.84560" lon="12.17760"></trkpt>
    <trkpt lat="49.84840" lon="12.17850"></trkpt>
    <trkpt lat="49.85070" lon="12.17900"></trkpt>
    <trkpt lat="49.85390" lon="12.17930"></trkpt>
    <trkpt lat="49.85700" lon="12.17970"></trkpt>
    <trkpt lat="49.85940" lon="12.18010"></trkpt>
    <trkpt lat="49.86220" lon="12.18130"></trkpt>
    <trkpt lat="49.86510" lon="12.18300"></trkpt>
    <trkpt lat="49.86780" lon="12.18530"></trkpt>
    <trkpt lat="49.87050" lon="12.18810"></trkpt>
    <trkpt lat="49.87280" lon="12.19090"></trkpt>
    <trkpt lat="49.87550" lon="12.19460"></trkpt>
    <trkpt lat="49.87740" lon="12.19760"></trkpt>
    <trkpt lat="49.87910" lon="12.20050"></trkpt>
    <trkpt lat="49.88190" lon="12.20570"></trkpt>
    <trkpt lat="49.88460" lon="12.21020"></trkpt>
    <trkpt lat="49.88700" lon="12.21320"></trkpt>
    <trkpt lat="49.88950" lon="12.21570"></trkpt>
    <trkpt lat="49.89240" lon="12.21800"></trkpt>
    <trkpt lat="49.89500" lon="12.21940"></trkpt>
    <trkpt lat="49.89730" lon="12.22040"></trkpt>
    <trkpt lat="49.89990" lon="12.22110"></trkpt>
    <trkpt lat="49.90240" lon="12.22130"></trkpt>
    <trkpt lat="49.90490" lon="12.22120"></trkpt>
    <trkpt lat="49.90750" lon="12.22080"></trkpt>
    <trkpt lat="49.91020" lon="12.22000"></trkpt>
    <trkpt lat="49.91310" lon="12.21970"></trkpt>
    <trkpt lat="49.91600" lon="12.22070"></trkpt>
    <trkpt lat="49.91880" lon="12.22210"></trkpt>
    <trkpt lat="49.92110" lon="12.22320"></trkpt>
    <trkpt lat="49.92570" lon="12.22550"></trkpt>
    <trkpt lat="49.92790" lon="12.22630"></trkpt>
    <trkpt lat="49.93020" lon="12.22630"></trkpt>
    <trkpt lat="49.93370" lon="12.22550"></trkpt>
    <trkpt lat="49.93600" lon="12.22500"></trkpt>
    <trkpt lat="49.93870" lon="12.22430"></trkpt>
    <trkpt lat="49.94090" lon="12.22350"></trkpt>
    <trkpt lat="49.94300" lon="12.22200"></trkpt>
    <trkpt lat="49.94550" lon="12.21860"></trkpt>
    <trkpt lat="49.94810" lon="12.21390"></trkpt>
    <trkpt lat="49.94960" lon="12.21080"></trkpt>
    <trkpt lat="49.95080" lon="12.20770"></trkpt>
    <trkpt lat="49.95180" lon="12.20440"></trkpt>
    <trkpt lat="49.95280" lon="12.19970"></trkpt>
    <trkpt lat="49.95410" lon="12.19570"></trkpt>
    <trkpt lat="49.95590" lon="12.19340"></trkpt>
    <trkpt lat="49.95820" lon="12.19190"></trkpt>
    <trkpt lat="49.96220" lon="12.18730"></trkpt>
    <trkpt lat="49.96490" lon="12.18390"></trkpt>
    <trkpt lat="49.96720" lon="12.18160"></trkpt>
    <trkpt lat="49.97110" lon="12.17860"></trkpt>
    <trkpt lat="49.97310" lon="12.17700"></trkpt>
    <trkpt lat="49.97510" lon="12.17500"></trkpt>
    <trkpt lat="49.97720" lon="12.17180"></trkpt>
    <trkpt lat="49.97870" lon="12.16820"></trkpt>
    <trkpt lat="49.97970" lon="12.16420"></trkpt>
    <trkpt lat="49.98020" lon="12.15970"></trkpt>
    <trkpt lat="49.98020" lon="12.15620"></trkpt>
    <trkpt lat="49.97970" lon="12.15240"></trkpt>
    <trkpt lat="49.97880" lon="12.14820"></trkpt>
    <trkpt lat="49.97800" lon="12.14450"></trkpt>
    <trkpt lat="49.97770" lon="12.14090"></trkpt>
    <trkpt lat="49.97830" lon="12.13720"></trkpt>
    <trkpt lat="49.97970" lon="12.13420"></trkpt>
    <trkpt lat="49.98180" lon="12.13190"></trkpt>
    <trkpt lat="49.98440" lon="12.13010"></trkpt>
    <trkpt lat="49.98790" lon="12.12880"></trkpt>
    <trkpt lat="49.99130" lon="12.12670"></trkpt>
    <trkpt lat="49.99350" lon="12.12510"></trkpt>
    <trkpt lat="49.99570" lon="12.12250"></trkpt>
    <trkpt lat="49.99790" lon="12.12050"></trkpt>
    <trkpt lat="50.00010" lon="12.11770"></trkpt>
    <trkpt lat="50.00210" lon="12.11510"></trkpt>
    <trkpt lat="50.00380" lon="12.11220"></trkpt>
    <trkpt lat="50.00580" lon="12.10980"></trkpt>
    <trkpt lat="50.00810" lon="12.10870"></trkpt>
    <trkpt lat="50.01060" lon="12.10900"></trkpt>
    <trkpt lat="50.01300" lon="12.11060"></trkpt>
    <trkpt lat="50.01520" lon="12.11240"></trkpt>
    <trkpt lat="50.01730" lon="12.11420"></trkpt>
    <trkpt lat="50.01940" lon="12.11600"></trkpt>
    <trkpt lat="50.02160" lon="12.11780"></trkpt>
    <trkpt lat="50.02390" lon="12.11910"></trkpt>
    <trkpt lat="50.02620" lon="12.11900"></trkpt>
    <trkpt lat="50.02840" lon="12.11780"></trkpt>
    <trkpt lat="50.03030" lon="12.11550"></trkpt>
    <trkpt lat="50.03160" lon="12.11250"></trkpt>
    <trkpt lat="50.03290" lon="12.10920"></trkpt>
    <trkpt lat="50.03480" lon="12.10700"></trkpt>
    <trkpt lat="50.03710" lon="12.10580"></trkpt>
    <trkpt lat="50.03970" lon="12.10540"></trkpt>
    <trkpt lat="50.04200" lon="12.10500"></trkpt>
    <trkpt lat="50.04420" lon="12.10410"></trkpt>
    <trkpt lat="50.04690" lon="12.10370"></trkpt>
    <trkpt lat="50.04960" lon="12.10370"></trkpt>
    <trkpt lat="50.05210" lon="12.10350"></trkpt>
    <trkpt lat="50.05460" lon="12.10280"></trkpt>
    <trkpt lat="50.05720" lon="12.10150"></trkpt>
    <trkpt lat="50.05950" lon="12.10000"></trkpt>
    <trkpt lat="50.06170" lon="12.09840"></trkpt>
    <trkpt lat="50.06390" lon="12.09740"></trkpt>
    <trkpt lat="50.06620" lon="12.09800"></trkpt>
    <trkpt lat="50.06850" lon="12.10030"></trkpt>
    <trkpt lat="50.07060" lon="12.10190"></trkpt>
    <trkpt lat="50.07310" lon="12.10240"></trkpt>
    <trkpt lat="50.07560" lon="12.10180"></trkpt>
    <trkpt lat="50.07790" lon="12.10200"></trkpt>
    <trkpt lat="50.08030" lon="12.10340"></trkpt>
    <trkpt lat="50.08260" lon="12.10440"></trkpt>
    <trkpt lat="50.08490" lon="12.10390"></trkpt>
    <trkpt lat="50.08770" lon="12.10190"></trkpt>
    <trkpt lat="50.08980" lon="12.10020"></trkpt>
    <trkpt lat="50.09220" lon="12.09940"></trkpt>
    <trkpt lat="50.09450" lon="12.09970"></trkpt>
    <trkpt lat="50.09680" lon="12.09960"></trkpt>
    <trkpt lat="50.09900" lon="12.09830"></trkpt>
    <trkpt lat="50.10090" lon="12.09610"></trkpt>
    <trkpt lat="50.10340" lon="12.09440"></trkpt>
    <trkpt lat="50.10580" lon="12.09420"></trkpt>
    <trkpt lat="50.10850" lon="12.09540"></trkpt>
    <trkpt lat="50.11090" lon="12.09650"></trkpt>
    <trkpt lat="50.11320" lon="12.09690"></trkpt>
    <trkpt lat="50.11570" lon="12.09660"></trkpt>
    <trkpt lat="50.11800" lon="12.09580"></trkpt>
    <trkpt lat="50.12020" lon="12.09490"></trkpt>
    <trkpt lat="50.12320" lon="12.09420"></trkpt>
    <trkpt lat="50.12550" lon="12.09330"></trkpt>
    <trkpt lat="50.12800" lon="12.09150"></trkpt>
    <trkpt lat="50.13020" lon="12.09030"></trkpt>
    <trkpt lat="50.13300" lon="12.09000"></trkpt>
    <trkpt lat="50.13550" lon="12.08910"></trkpt>
    <trkpt lat="50.13750" lon="12.08710"></trkpt>
    <trkpt lat="50.13940" lon="12.08470"></trkpt>
    <trkpt lat="50.14170" lon="12.08350"></trkpt>
    <trkpt lat="50.14420" lon="12.08370"></trkpt>
    <trkpt lat="50.14660" lon="12.08530"></trkpt>
    <trkpt lat="50.14850" lon="12.08800"></trkpt>
    <trkpt lat="50.15000" lon="12.09110"></trkpt>
    <trkpt lat="50.15120" lon="12.09460"></trkpt>
    <trkpt lat="50.15300" lon="12.09840"></trkpt>
    <trkpt lat="50.15460" lon="12.10110"></trkpt>
    <trkpt lat="50.15630" lon="12.10350"></trkpt>
    <trkpt lat="50.15840" lon="12.10600"></trkpt>
    <trkpt lat="50.16040" lon="12.10760"></trkpt>
    <trkpt lat="50.16290" lon="12.10800"></trkpt>
    <trkpt lat="50.16530" lon="12.10740"></trkpt>
    <trkpt lat="50.16760" lon="12.10730"></trkpt>
    <trkpt lat="50.16990" lon="12.10740"></trkpt>
    <trkpt lat="50.17250" lon="12.10900"></trkpt>
    <trkpt lat="50.17430" lon="12.11250"></trkpt>
    <trkpt lat="50.17540" lon="12.11590"></trkpt>
    <trkpt lat="50.17660" lon="12.11900"></trkpt>
    <trkpt lat="50.17850" lon="12.12140"></trkpt>
    <trkpt lat="50.18070" lon="12.12220"></trkpt>
    <trkpt lat="50.18300" lon="12.12160"></trkpt>
    <trkpt lat="50.18500" lon="12.11940"></trkpt>
    <trkpt lat="50.18650" lon="12.11620"></trkpt>
    <trkpt lat="50.18760" lon="12.11180"></trkpt>
    <trkpt lat="50.18830" lon="12.10840"></trkpt>
    <trkpt lat="50.18950" lon="12.10500"></trkpt>
    <trkpt lat="50.19130" lon="12.10220"></trkpt>
    <trkpt lat="50.19340" lon="12.10080"></trkpt>
    <trkpt lat="50.19570" lon="12.10060"></trkpt>
    <trkpt lat="50.19820" lon="12.10190"></trkpt>
    <trkpt lat="50.20020" lon="12.10400"></trkpt>
    <trkpt lat="50.20200" lon="12.10630"></trkpt>
    <trkpt lat="50.20430" lon="12.10840"></trkpt>
    <trkpt lat="50.20660" lon="12.10930"></trkpt>
    <trkpt lat="50.20900" lon="12.10880"></trkpt>
    <trkpt lat="50.21150" lon="12.10680"></trkpt>
    <trkpt lat="50.21300" lon="12.10390"></trkpt>
    <trkpt lat="50.21390" lon="12.10060"></trkpt>
    <trkpt lat="50.21450" lon="12.09620"></trkpt>
    <trkpt lat="50.21510" lon="12.09220"></trkpt>
    <trkpt lat="50.21590" lon="12.08880"></trkpt>
    <trkpt lat="50.21710" lon="12.08540"></trkpt>
    <trkpt lat="50.21880" lon="12.08230"></trkpt>
    <trkpt lat="50.22070" lon="12.08010"></trkpt>
    <trkpt lat="50.22270" lon="12.07800"></trkpt>
    <trkpt lat="50.22480" lon="12.07530"></trkpt>
    <trkpt lat="50.22640" lon="12.07180"></trkpt>
    <trkpt lat="50.22800" lon="12.06850"></trkpt>
    <trkpt lat="50.22990" lon="12.06650"></trkpt>
    <trkpt lat="50.23260" lon="12.06550"></trkpt>
    <trkpt lat="50.23530" lon="12.06520"></trkpt>
    <trkpt lat="50.23780" lon="12.06470"></trkpt>
    <trkpt lat="50.24030" lon="12.06360"></trkpt>
    <trkpt lat="50.24270" lon="12.06240"></trkpt>
    <trkpt lat="50.24520" lon="12.06100"></trkpt>
    <trkpt lat="50.24750" lon="12.05950"></trkpt>
    <trkpt lat="50.24960" lon="12.05810"></trkpt>
    <trkpt lat="50.25260" lon="12.05570"></trkpt>
    <trkpt lat="50.25460" lon="12.05370"></trkpt>
    <trkpt lat="50.25650" lon="12.05140"></trkpt>
    <trkpt lat="50.25840" lon="12.04890"></trkpt>
    <trkpt lat="50.26040" lon="12.04600"></trkpt>
    <trkpt lat="50.26230" lon="12.04320"></trkpt>
    <trkpt lat="50.26470" lon="12.03940"></trkpt>
    <trkpt lat="50.26620" lon="12.03670"></trkpt>
    <trkpt lat="50.26790" lon="12.03380"></trkpt>
    <trkpt lat="50.26980" lon="12.03070"></trkpt>
    <trkpt lat="50.27180" lon="12.02780"></trkpt>
    <trkpt lat="50.27420" lon="12.02520"></trkpt>
    <trkpt lat="50.27720" lon="12.02320"></trkpt>
    <trkpt lat="50.28010" lon="12.02220"></trkpt>
    <trkpt lat="50.28240" lon="12.02190"></trkpt>
    <trkpt lat="50.28470" lon="12.02190"></trkpt>
    <trkpt lat="50.28770" lon="12.02250"></trkpt>
    <trkpt lat="50.29040" lon="12.02350"></trkpt>
    <trkpt lat="50.29260" lon="12.02460"></trkpt>
    <trkpt lat="50.29520" lon="12.02610"></trkpt>
    <trkpt lat="50.29740" lon="12.02710"></trkpt>
    <trkpt lat="50.29970" lon="12.02750"></trkpt>
    <trkpt lat="50.30230" lon="12.02680"></trkpt>
    <trkpt lat="50.30470" lon="12.02540"></trkpt>
    <trkpt lat="50.30710" lon="12.02410"></trkpt>
    <trkpt lat="50.30990" lon="12.02310"></trkpt>
    <trkpt lat="50.31260" lon="12.02290"></trkpt>
    <trkpt lat="50.31510" lon="12.02310"></trkpt>
    <trkpt lat="50.31760" lon="12.02350"></trkpt>
    <trkpt lat="50.32040" lon="12.02390"></trkpt>
    <trkpt lat="50.32320" lon="12.02370"></trkpt>
    <trkpt lat="50.32560" lon="12.02310"></trkpt>
    <trkpt lat="50.32870" lon="12.02180"></trkpt>
    <trkpt lat="50.33090" lon="12.02040"></trkpt>
    <trkpt lat="50.33330" lon="12.01840"></trkpt>
    <trkpt lat="50.33540" lon="12.01610"></trkpt>
    <trkpt lat="50.33730" lon="12.01370"></trkpt>
    <trkpt lat="50.33920" lon="12.01050"></trkpt>
    <trkpt lat="50.34070" lon="12.00730"></trkpt>
    <trkpt lat="50.34190" lon="12.00410"></trkpt>
    <trkpt lat="50.34330" lon="11.99950"></trkpt>
    <trkpt lat="50.34470" lon="11.99420"></trkpt>
    <trkpt lat="50.34560" lon="11.99060"></trkpt>
    <trkpt lat="50.34670" lon="11.98650"></trkpt>
    <trkpt lat="50.34770" lon="11.98230"></trkpt>
    <trkpt lat="50.34870" lon="11.97870"></trkpt>
    <trkpt lat="50.34980" lon="11.97550"></trkpt>
    <trkpt lat="50.35150" lon="11.97270"></trkpt>
    <trkpt lat="50.35360" lon="11.97060"></trkpt>
    <trkpt lat="50.35590" lon="11.96960"></trkpt>
    <trkpt lat="50.35830" lon="11.96950"></trkpt>
    <trkpt lat="50.36050" lon="11.97040"></trkpt>
    <trkpt lat="50.36440" lon="11.97310"></trkpt>
    <trkpt lat="50.36690" lon="11.97450"></trkpt>
    <trkpt lat="50.36930" lon="11.97490"></trkpt>
    <trkpt lat="50.37170" lon="11.97420"></trkpt>
    <trkpt lat="50.37390" lon="11.97240"></trkpt>
    <trkpt lat="50.37600" lon="11.96910"></trkpt>
    <trkpt lat="50.37760" lon="11.96600"></trkpt>
    <trkpt lat="50.37960" lon="11.96380"></trkpt>
    <trkpt lat="50.38190" lon="11.96240"></trkpt>
    <trkpt lat="50.38280" lon="11.95900"></trkpt>
    <trkpt lat="50.38170" lon="11.95590"></trkpt>
    <trkpt lat="50.38040" lon="11.95420"></trkpt>
  </trkseg>
  <trkseg>
    <trkpt lat="50.38040" lon="11.95420"></trkpt>
    <trkpt lat="50.37900" lon="11.95120"></trkpt>
    <trkpt lat="50.37780" lon="11.94800"></trkpt>
    <trkpt lat="50.37700" lon="11.94460"></trkpt>
    <trkpt lat="50.37640" lon="11.94020"></trkpt>
    <trkpt lat="50.37590" lon="11.93610"></trkpt>
    <trkpt lat="50.37540" lon="11.93210"></trkpt>
    <trkpt lat="50.37550" lon="11.92840"></trkpt>
    <trkpt lat="50.37610" lon="11.92500"></trkpt>
    <trkpt lat="50.37670" lon="11.92140"></trkpt>
    <trkpt lat="50.37690" lon="11.91750"></trkpt>
    <trkpt lat="50.37640" lon="11.91400"></trkpt>
    <trkpt lat="50.37520" lon="11.91010"></trkpt>
    <trkpt lat="50.37390" lon="11.90610"></trkpt>
    <trkpt lat="50.37260" lon="11.90200"></trkpt>
    <trkpt lat="50.37120" lon="11.89770"></trkpt>
    <trkpt lat="50.37130" lon="11.89410"></trkpt>
    <trkpt lat="50.37260" lon="11.89110"></trkpt>
    <trkpt lat="50.37460" lon="11.88910"></trkpt>
    <trkpt lat="50.37710" lon="11.88810"></trkpt>
    <trkpt lat="50.37950" lon="11.88790"></trkpt>
    <trkpt lat="50.38290" lon="11.88570"></trkpt>
    <trkpt lat="50.38480" lon="11.88130"></trkpt>
    <trkpt lat="50.38610" lon="11.87840"></trkpt>
    <trkpt lat="50.38810" lon="11.87660"></trkpt>
    <trkpt lat="50.39020" lon="11.87420"></trkpt>
    <trkpt lat="50.39140" lon="11.87060"></trkpt>
    <trkpt lat="50.39320" lon="11.86810"></trkpt>
    <trkpt lat="50.39640" lon="11.86680"></trkpt>
    <trkpt lat="50.39840" lon="11.86850"></trkpt>
    <trkpt lat="50.40060" lon="11.86770"></trkpt>
    <trkpt lat="50.40210" lon="11.86460"></trkpt>
    <trkpt lat="50.40310" lon="11.86120"></trkpt>
    <trkpt lat="50.40570" lon="11.86060"></trkpt>
    <trkpt lat="50.40870" lon="11.86170"></trkpt>
    <trkpt lat="50.41100" lon="11.86180"></trkpt>
    <trkpt lat="50.41330" lon="11.86120"></trkpt>
    <trkpt lat="50.41610" lon="11.85790"></trkpt>
    <trkpt lat="50.41750" lon="11.85460"></trkpt>
    <trkpt lat="50.41920" lon="11.85160"></trkpt>
    <trkpt lat="50.42120" lon="11.84990"></trkpt>
    <trkpt lat="50.42350" lon="11.85100"></trkpt>
    <trkpt lat="50.42520" lon="11.85370"></trkpt>
    <trkpt lat="50.42720" lon="11.85570"></trkpt>
    <trkpt lat="50.42960" lon="11.85560"></trkpt>
    <trkpt lat="50.43230" lon="11.85580"></trkpt>
    <trkpt lat="50.43460" lon="11.85560"></trkpt>
    <trkpt lat="50.43660" lon="11.85770"></trkpt>
    <trkpt lat="50.43850" lon="11.85560"></trkpt>
    <trkpt lat="50.44020" lon="11.85320"></trkpt>
    <trkpt lat="50.44150" lon="11.85030"></trkpt>
    <trkpt lat="50.44310" lon="11.84780"></trkpt>
    <trkpt lat="50.44410" lon="11.84360"></trkpt>
    <trkpt lat="50.44420" lon="11.83970"></trkpt>
    <trkpt lat="50.44300" lon="11.83670"></trkpt>
    <trkpt lat="50.44300" lon="11.83200"></trkpt>
    <trkpt lat="50.44400" lon="11.82750"></trkpt>
    <trkpt lat="50.44540" lon="11.82450"></trkpt>
    <trkpt lat="50.44620" lon="11.82110"></trkpt>
    <trkpt lat="50.44520" lon="11.81770"></trkpt>
    <trkpt lat="50.44460" lon="11.81430"></trkpt>
    <trkpt lat="50.44480" lon="11.81040"></trkpt>
    <trkpt lat="50.44490" lon="11.80670"></trkpt>
    <trkpt lat="50.44440" lon="11.80320"></trkpt>
    <trkpt lat="50.44650" lon="11.80190"></trkpt>
    <trkpt lat="50.44930" lon="11.80060"></trkpt>
    <trkpt lat="50.45250" lon="11.79940"></trkpt>
    <trkpt lat="50.45500" lon="11.79920"></trkpt>
    <trkpt lat="50.45780" lon="11.79990"></trkpt>
    <trkpt lat="50.46340" lon="11.80240"></trkpt>
    <trkpt lat="50.46580" lon="11.80340"></trkpt>
    <trkpt lat="50.46890" lon="11.80400"></trkpt>
    <trkpt lat="50.47210" lon="11.80370"></trkpt>
    <trkpt lat="50.47490" lon="11.80270"></trkpt>
    <trkpt lat="50.47710" lon="11.80190"></trkpt>
    <trkpt lat="50.47980" lon="11.80210"></trkpt>
    <trkpt lat="50.48200" lon="11.80300"></trkpt>
    <trkpt lat="50.48620" lon="11.80520"></trkpt>
    <trkpt lat="50.48900" lon="11.80580"></trkpt>
    <trkpt lat="50.49180" lon="11.80480"></trkpt>
    <trkpt lat="50.49390" lon="11.80250"></trkpt>
    <trkpt lat="50.49570" lon="11.79870"></trkpt>
    <trkpt lat="50.49750" lon="11.79560"></trkpt>
    <trkpt lat="50.49970" lon="11.79360"></trkpt>
    <trkpt lat="50.50190" lon="11.79270"></trkpt>
    <trkpt lat="50.50420" lon="11.79260"></trkpt>
    <trkpt lat="50.50640" lon="11.79350"></trkpt>
    <trkpt lat="50.50940" lon="11.79580"></trkpt>
    <trkpt lat="50.51150" lon="11.79740"></trkpt>
    <trkpt lat="50.51780" lon="11.79850"></trkpt>
    <trkpt lat="50.52260" lon="11.79890"></trkpt>
    <trkpt lat="50.52490" lon="11.79970"></trkpt>
    <trkpt lat="50.52870" lon="11.80280"></trkpt>
    <trkpt lat="50.53110" lon="11.80430"></trkpt>
    <trkpt lat="50.53380" lon="11.80520"></trkpt>
    <trkpt lat="50.53630" lon="11.80530"></trkpt>
    <trkpt lat="50.53860" lon="11.80490"></trkpt>
    <trkpt lat="50.54110" lon="11.80370"></trkpt>
    <trkpt lat="50.54330" lon="11.80200"></trkpt>
    <trkpt lat="50.54520" lon="11.79990"></trkpt>
    <trkpt lat="50.54730" lon="11.79670"></trkpt>
    <trkpt lat="50.54920" lon="11.79400"></trkpt>
    <trkpt lat="50.55210" lon="11.79200"></trkpt>
    <trkpt lat="50.55560" lon="11.79080"></trkpt>
    <trkpt lat="50.55820" lon="11.78990"></trkpt>
    <trkpt lat="50.56040" lon="11.78860"></trkpt>
    <trkpt lat="50.56220" lon="11.78640"></trkpt>
    <trkpt lat="50.56400" lon="11.78380"></trkpt>
    <trkpt lat="50.56620" lon="11.78050"></trkpt>
    <trkpt lat="50.56790" lon="11.77810"></trkpt>
    <trkpt lat="50.57000" lon="11.77600"></trkpt>
    <trkpt lat="50.57260" lon="11.77470"></trkpt>
    <trkpt lat="50.57510" lon="11.77450"></trkpt>
    <trkpt lat="50.57770" lon="11.77550"></trkpt>
    <trkpt lat="50.58050" lon="11.77710"></trkpt>
    <trkpt lat="50.58370" lon="11.77880"></trkpt>
    <trkpt lat="50.58710" lon="11.78070"></trkpt>
    <trkpt lat="50.58940" lon="11.78200"></trkpt>
    <trkpt lat="50.59160" lon="11.78320"></trkpt>
    <trkpt lat="50.59550" lon="11.78530"></trkpt>
    <trkpt lat="50.59970" lon="11.78760"></trkpt>
    <trkpt lat="50.60400" lon="11.79000"></trkpt>
    <trkpt lat="50.60730" lon="11.79130"></trkpt>
    <trkpt lat="50.61020" lon="11.79190"></trkpt>
    <trkpt lat="50.61320" lon="11.79220"></trkpt>
    <trkpt lat="50.61660" lon="11.79250"></trkpt>
    <trkpt lat="50.61990" lon="11.79280"></trkpt>
    <trkpt lat="50.62220" lon="11.79310"></trkpt>
    <trkpt lat="50.62470" lon="11.79390"></trkpt>
    <trkpt lat="50.63100" lon="11.79620"></trkpt>
    <trkpt lat="50.63540" lon="11.79780"></trkpt>
    <trkpt lat="50.63980" lon="11.79940"></trkpt>
    <trkpt lat="50.64370" lon="11.80080"></trkpt>
    <trkpt lat="50.64590" lon="11.80190"></trkpt>
    <trkpt lat="50.64840" lon="11.80370"></trkpt>
    <trkpt lat="50.65060" lon="11.80600"></trkpt>
    <trkpt lat="50.65340" lon="11.80950"></trkpt>
    <trkpt lat="50.65530" lon="11.81190"></trkpt>
    <trkpt lat="50.65720" lon="11.81400"></trkpt>
    <trkpt lat="50.65930" lon="11.81580"></trkpt>
    <trkpt lat="50.66350" lon="11.81820"></trkpt>
    <trkpt lat="50.66740" lon="11.82050"></trkpt>
    <trkpt lat="50.67120" lon="11.82260"></trkpt>
    <trkpt lat="50.67360" lon="11.82420"></trkpt>
    <trkpt lat="50.67620" lon="11.82610"></trkpt>
    <trkpt lat="50.67990" lon="11.82900"></trkpt>
    <trkpt lat="50.68250" lon="11.83090"></trkpt>
    <trkpt lat="50.68580" lon="11.83330"></trkpt>
    <trkpt lat="50.68820" lon="11.83500"></trkpt>
    <trkpt lat="50.69240" lon="11.83800"></trkpt>
    <trkpt lat="50.69650" lon="11.84090"></trkpt>
    <trkpt lat="50.69910" lon="11.84270"></trkpt>
    <trkpt lat="50.70250" lon="11.84610"></trkpt>
    <trkpt lat="50.70460" lon="11.84830"></trkpt>
    <trkpt lat="50.70650" lon="11.85030"></trkpt>
    <trkpt lat="50.70900" lon="11.85210"></trkpt>
    <trkpt lat="50.71160" lon="11.85310"></trkpt>
    <trkpt lat="50.71420" lon="11.85330"></trkpt>
    <trkpt lat="50.71680" lon="11.85270"></trkpt>
    <trkpt lat="50.72130" lon="11.85030"></trkpt>
    <trkpt lat="50.72350" lon="11.84900"></trkpt>
    <trkpt lat="50.72650" lon="11.84780"></trkpt>
    <trkpt lat="50.72910" lon="11.84760"></trkpt>
    <trkpt lat="50.73180" lon="11.84820"></trkpt>
    <trkpt lat="50.73430" lon="11.84970"></trkpt>
    <trkpt lat="50.73680" lon="11.85160"></trkpt>
    <trkpt lat="50.74040" lon="11.85440"></trkpt>
    <trkpt lat="50.74340" lon="11.85670"></trkpt>
    <trkpt lat="50.74570" lon="11.85840"></trkpt>
    <trkpt lat="50.74800" lon="11.86020"></trkpt>
    <trkpt lat="50.75000" lon="11.86220"></trkpt>
    <trkpt lat="50.75190" lon="11.86450"></trkpt>
    <trkpt lat="50.75390" lon="11.86700"></trkpt>
    <trkpt lat="50.75580" lon="11.86950"></trkpt>
    <trkpt lat="50.75780" lon="11.87210"></trkpt>
    <trkpt lat="50.75990" lon="11.87490"></trkpt>
    <trkpt lat="50.76220" lon="11.87730"></trkpt>
    <trkpt lat="50.76450" lon="11.87850"></trkpt>
    <trkpt lat="50.76850" lon="11.87920"></trkpt>
    <trkpt lat="50.77150" lon="11.87960"></trkpt>
    <trkpt lat="50.77390" lon="11.88010"></trkpt>
    <trkpt lat="50.77620" lon="11.88150"></trkpt>
    <trkpt lat="50.77820" lon="11.88390"></trkpt>
    <trkpt lat="50.78020" lon="11.88720"></trkpt>
    <trkpt lat="50.78200" lon="11.89020"></trkpt>
    <trkpt lat="50.78370" lon="11.89280"></trkpt>
    <trkpt lat="50.78600" lon="11.89460"></trkpt>
    <trkpt lat="50.78860" lon="11.89530"></trkpt>
    <trkpt lat="50.79170" lon="11.89530"></trkpt>
    <trkpt lat="50.79730" lon="11.89540"></trkpt>
    <trkpt lat="50.80180" lon="11.89550"></trkpt>
    <trkpt lat="50.80450" lon="11.89550"></trkpt>
    <trkpt lat="50.80770" lon="11.89550"></trkpt>
    <trkpt lat="50.81010" lon="11.89540"></trkpt>
    <trkpt lat="50.81260" lon="11.89410"></trkpt>
    <trkpt lat="50.81480" lon="11.89170"></trkpt>
    <trkpt lat="50.81830" lon="11.88720"></trkpt>
    <trkpt lat="50.82060" lon="11.88470"></trkpt>
    <trkpt lat="50.82400" lon="11.88240"></trkpt>
    <trkpt lat="50.82630" lon="11.88120"></trkpt>
    <trkpt lat="50.82860" lon="11.87990"></trkpt>
    <trkpt lat="50.83090" lon="11.87810"></trkpt>
    <trkpt lat="50.83350" lon="11.87510"></trkpt>
    <trkpt lat="50.83570" lon="11.87240"></trkpt>
    <trkpt lat="50.83770" lon="11.86990"></trkpt>
    <trkpt lat="50.84050" lon="11.86650"></trkpt>
    <trkpt lat="50.84260" lon="11.86430"></trkpt>
    <trkpt lat="50.84520" lon="11.86250"></trkpt>
    <trkpt lat="50.84940" lon="11.85980"></trkpt>
    <trkpt lat="50.85390" lon="11.85690"></trkpt>
    <trkpt lat="50.85660" lon="11.85530"></trkpt>
    <trkpt lat="50.85880" lon="11.85420"></trkpt>
    <trkpt lat="50.86160" lon="11.85310"></trkpt>
    <trkpt lat="50.86510" lon="11.85180"></trkpt>
    <trkpt lat="50.86770" lon="11.85070"></trkpt>
    <trkpt lat="50.87070" lon="11.84950"></trkpt>
    <trkpt lat="50.87420" lon="11.84820"></trkpt>
    <trkpt lat="50.87650" lon="11.84730"></trkpt>
    <trkpt lat="50.87960" lon="11.84680"></trkpt>
    <trkpt lat="50.88360" lon="11.84610"></trkpt>
    <trkpt lat="50.88650" lon="11.84570"></trkpt>
    <trkpt lat="50.88910" lon="11.84530"></trkpt>
    <trkpt lat="50.89320" lon="11.84460"></trkpt>
    <trkpt lat="50.89680" lon="11.84390"></trkpt>
    <trkpt lat="50.90180" lon="11.84310"></trkpt>
    <trkpt lat="50.90530" lon="11.84260"></trkpt>
    <trkpt lat="50.90820" lon="11.84210"></trkpt>
    <trkpt lat="50.91090" lon="11.84170"></trkpt>
    <trkpt lat="50.91330" lon="11.84140"></trkpt>
    <trkpt lat="50.91680" lon="11.84090"></trkpt>
    <trkpt lat="50.92010" lon="11.84040"></trkpt>
    <trkpt lat="50.92250" lon="11.84000"></trkpt>
    <trkpt lat="50.92910" lon="11.83810"></trkpt>
    <trkpt lat="50.93330" lon="11.83680"></trkpt>
    <trkpt lat="50.93770" lon="11.83570"></trkpt>
    <trkpt lat="50.94080" lon="11.83490"></trkpt>
    <trkpt lat="50.94440" lon="11.83410"></trkpt>
    <trkpt lat="50.94670" lon="11.83400"></trkpt>
    <trkpt lat="50.95090" lon="11.83630"></trkpt>
    <trkpt lat="50.95340" lon="11.83810"></trkpt>
    <trkpt lat="50.95550" lon="11.84020"></trkpt>
    <trkpt lat="50.95700" lon="11.84290"></trkpt>
    <trkpt lat="50.95840" lon="11.84610"></trkpt>
    <trkpt lat="50.96020" lon="11.85050"></trkpt>
    <trkpt lat="50.96180" lon="11.85450"></trkpt>
    <trkpt lat="50.96340" lon="11.85750"></trkpt>
    <trkpt lat="50.96550" lon="11.85970"></trkpt>
    <trkpt lat="50.96830" lon="11.86120"></trkpt>
    <trkpt lat="50.97060" lon="11.86220"></trkpt>
    <trkpt lat="50.97300" lon="11.86340"></trkpt>
    <trkpt lat="50.97500" lon="11.86510"></trkpt>
    <trkpt lat="50.97670" lon="11.86760"></trkpt>
    <trkpt lat="50.97790" lon="11.87070"></trkpt>
    <trkpt lat="50.97910" lon="11.87530"></trkpt>
    <trkpt lat="50.98000" lon="11.87870"></trkpt>
    <trkpt lat="50.98100" lon="11.88270"></trkpt>
    <trkpt lat="50.98290" lon="11.89030"></trkpt>
    <trkpt lat="50.98410" lon="11.89510"></trkpt>
    <trkpt lat="50.98530" lon="11.89980"></trkpt>
    <trkpt lat="50.98650" lon="11.90380"></trkpt>
    <trkpt lat="50.98860" lon="11.90840"></trkpt>
    <trkpt lat="50.99090" lon="11.91180"></trkpt>
    <trkpt lat="50.99300" lon="11.91400"></trkpt>
    <trkpt lat="50.99610" lon="11.91630"></trkpt>
    <trkpt lat="51.00000" lon="11.91870"></trkpt>
    <trkpt lat="51.00460" lon="11.92160"></trkpt>
    <trkpt lat="51.00740" lon="11.92330"></trkpt>
    <trkpt lat="51.01240" lon="11.92650"></trkpt>
    <trkpt lat="51.01500" lon="11.92810"></trkpt>
    <trkpt lat="51.01760" lon="11.92960"></trkpt>
    <trkpt lat="51.02100" lon="11.93170"></trkpt>
    <trkpt lat="51.02450" lon="11.93370"></trkpt>
    <trkpt lat="51.02900" lon="11.93650"></trkpt>
    <trkpt lat="51.03370" lon="11.93940"></trkpt>
    <trkpt lat="51.03620" lon="11.94050"></trkpt>
    <trkpt lat="51.03870" lon="11.94100"></trkpt>
    <trkpt lat="51.04240" lon="11.94130"></trkpt>
    <trkpt lat="51.04530" lon="11.94160"></trkpt>
    <trkpt lat="51.04780" lon="11.94230"></trkpt>
    <trkpt lat="51.05150" lon="11.94440"></trkpt>
    <trkpt lat="51.05420" lon="11.94620"></trkpt>
    <trkpt lat="51.05800" lon="11.94860"></trkpt>
    <trkpt lat="51.06020" lon="11.95010"></trkpt>
    <trkpt lat="51.06300" lon="11.95190"></trkpt>
    <trkpt lat="51.06550" lon="11.95320"></trkpt>
    <trkpt lat="51.06820" lon="11.95430"></trkpt>
    <trkpt lat="51.07160" lon="11.95520"></trkpt>
    <trkpt lat="51.07490" lon="11.95550"></trkpt>
    <trkpt lat="51.07790" lon="11.95560"></trkpt>
    <trkpt lat="51.08100" lon="11.95560"></trkpt>
    <trkpt lat="51.08450" lon="11.95570"></trkpt>
    <trkpt lat="51.08690" lon="11.95570"></trkpt>
    <trkpt lat="51.08920" lon="11.95570"></trkpt>
    <trkpt lat="51.09280" lon="11.95570"></trkpt>
    <trkpt lat="51.09560" lon="11.95580"></trkpt>
    <trkpt lat="51.09840" lon="11.95580"></trkpt>
    <trkpt lat="51.10100" lon="11.95580"></trkpt>
    <trkpt lat="51.10440" lon="11.95590"></trkpt>
    <trkpt lat="51.10880" lon="11.95590"></trkpt>
    <trkpt lat="51.11180" lon="11.95600"></trkpt>
    <trkpt lat="51.11540" lon="11.95600"></trkpt>
    <trkpt lat="51.11810" lon="11.95630"></trkpt>
    <trkpt lat="51.12040" lon="11.95680"></trkpt>
    <trkpt lat="51.12270" lon="11.95780"></trkpt>
    <trkpt lat="51.12550" lon="11.95940"></trkpt>
    <trkpt lat="51.12780" lon="11.96110"></trkpt>
    <trkpt lat="51.12990" lon="11.96300"></trkpt>
    <trkpt lat="51.13440" lon="11.96700"></trkpt>
    <trkpt lat="51.13830" lon="11.97040"></trkpt>
    <trkpt lat="51.14220" lon="11.97380"></trkpt>
    <trkpt lat="51.14620" lon="11.97730"></trkpt>
    <trkpt lat="51.14830" lon="11.97910"></trkpt>
    <trkpt lat="51.15090" lon="11.98150"></trkpt>
    <trkpt lat="51.15400" lon="11.98420"></trkpt>
    <trkpt lat="51.15790" lon="11.98760"></trkpt>
    <trkpt lat="51.16080" lon="11.99020"></trkpt>
    <trkpt lat="51.16510" lon="11.99400"></trkpt>
    <trkpt lat="51.16960" lon="11.99790"></trkpt>
    <trkpt lat="51.17260" lon="12.00030"></trkpt>
    <trkpt lat="51.17670" lon="12.00310"></trkpt>
    <trkpt lat="51.18130" lon="12.00620"></trkpt>
    <trkpt lat="51.18590" lon="12.00940"></trkpt>
    <trkpt lat="51.19000" lon="12.01220"></trkpt>
    <trkpt lat="51.19230" lon="12.01390"></trkpt>
    <trkpt lat="51.19590" lon="12.01630"></trkpt>
    <trkpt lat="51.19830" lon="12.01810"></trkpt>
    <trkpt lat="51.20090" lon="12.02060"></trkpt>
    <trkpt lat="51.20540" lon="12.02600"></trkpt>
    <trkpt lat="51.20820" lon="12.02950"></trkpt>
    <trkpt lat="51.21030" lon="12.03210"></trkpt>
    <trkpt lat="51.21260" lon="12.03490"></trkpt>
    <trkpt lat="51.21500" lon="12.03750"></trkpt>
    <trkpt lat="51.21880" lon="12.04120"></trkpt>
    <trkpt lat="51.22380" lon="12.04620"></trkpt>
    <trkpt lat="51.22600" lon="12.04830"></trkpt>
    <trkpt lat="51.22790" lon="12.05030"></trkpt>
    <trkpt lat="51.23150" lon="12.05380"></trkpt>
    <trkpt lat="51.23360" lon="12.05590"></trkpt>
    <trkpt lat="51.23570" lon="12.05800"></trkpt>
    <trkpt lat="51.23950" lon="12.06170"></trkpt>
    <trkpt lat="51.24160" lon="12.06370"></trkpt>
    <trkpt lat="51.24430" lon="12.06640"></trkpt>
    <trkpt lat="51.24710" lon="12.06920"></trkpt>
    <trkpt lat="51.24900" lon="12.07120"></trkpt>
    <trkpt lat="51.25120" lon="12.07390"></trkpt>
    <trkpt lat="51.25310" lon="12.07660"></trkpt>
    <trkpt lat="51.25470" lon="12.07930"></trkpt>
    <trkpt lat="51.25700" lon="12.08340"></trkpt>
    <trkpt lat="51.25980" lon="12.08840"></trkpt>
    <trkpt lat="51.26320" lon="12.09450"></trkpt>
    <trkpt lat="51.26610" lon="12.09970"></trkpt>
    <trkpt lat="51.26820" lon="12.10340"></trkpt>
    <trkpt lat="51.27080" lon="12.10800"></trkpt>
    <trkpt lat="51.27240" lon="12.11090"></trkpt>
    <trkpt lat="51.27450" lon="12.11400"></trkpt>
    <trkpt lat="51.27740" lon="12.11760"></trkpt>
    <trkpt lat="51.28100" lon="12.12280"></trkpt>
    <trkpt lat="51.28350" lon="12.12670"></trkpt>
    <trkpt lat="51.28540" lon="12.12980"></trkpt>
    <trkpt lat="51.28730" lon="12.13260"></trkpt>
    <trkpt lat="51.28920" lon="12.13510"></trkpt>
    <trkpt lat="51.29140" lon="12.13780"></trkpt>
    <trkpt lat="51.29570" lon="12.14300"></trkpt>
    <trkpt lat="51.29780" lon="12.14550"></trkpt>
    <trkpt lat="51.30120" lon="12.14970"></trkpt>
    <trkpt lat="51.30310" lon="12.15170"></trkpt>
    <trkpt lat="51.30700" lon="12.15520"></trkpt>
    <trkpt lat="51.31090" lon="12.15870"></trkpt>
    <trkpt lat="51.31390" lon="12.16130"></trkpt>
    <trkpt lat="51.31670" lon="12.16380"></trkpt>
    <trkpt lat="51.31870" lon="12.16570"></trkpt>
    <trkpt lat="51.32080" lon="12.16760"></trkpt>
    <trkpt lat="51.32290" lon="12.16940"></trkpt>
    <trkpt lat="51.32540" lon="12.17170"></trkpt>
    <trkpt lat="51.32760" lon="12.17370"></trkpt>
    <trkpt lat="51.33000" lon="12.17560"></trkpt>
    <trkpt lat="51.33260" lon="12.17740"></trkpt>
    <trkpt lat="51.33470" lon="12.17880"></trkpt>
    <trkpt lat="51.33880" lon="12.18170"></trkpt>
    <trkpt lat="51.34150" lon="12.18360"></trkpt>
    <trkpt lat="51.34360" lon="12.18500"></trkpt>
    <trkpt lat="51.34660" lon="12.18650"></trkpt>
    <trkpt lat="51.34900" lon="12.18710"></trkpt>
    <trkpt lat="51.35140" lon="12.18760"></trkpt>
    <trkpt lat="51.35440" lon="12.18810"></trkpt>
    <trkpt lat="51.35900" lon="12.18900"></trkpt>
    <trkpt lat="51.36170" lon="12.18950"></trkpt>
    <trkpt lat="51.36470" lon="12.18940"></trkpt>
    <trkpt lat="51.36720" lon="12.18870"></trkpt>
    <trkpt lat="51.36950" lon="12.18790"></trkpt>
    <trkpt lat="51.37220" lon="12.18710"></trkpt>
    <trkpt lat="51.37530" lon="12.18600"></trkpt>
    <trkpt lat="51.37760" lon="12.18530"></trkpt>
    <trkpt lat="51.38040" lon="12.18440"></trkpt>
    <trkpt lat="51.38270" lon="12.18360"></trkpt>
    <trkpt lat="51.38620" lon="12.18250"></trkpt>
    <trkpt lat="51.39000" lon="12.18130"></trkpt>
    <trkpt lat="51.39290" lon="12.18070"></trkpt>
    <trkpt lat="51.39530" lon="12.18070"></trkpt>
    <trkpt lat="51.39780" lon="12.18130"></trkpt>
    <trkpt lat="51.40030" lon="12.18250"></trkpt>
    <trkpt lat="51.40270" lon="12.18390"></trkpt>
    <trkpt lat="51.40650" lon="12.18610"></trkpt>
    <trkpt lat="51.41000" lon="12.18810"></trkpt>
    <trkpt lat="51.41270" lon="12.18960"></trkpt>
    <trkpt lat="51.41690" lon="12.19210"></trkpt>
    <trkpt lat="51.42120" lon="12.19450"></trkpt>
    <trkpt lat="51.42360" lon="12.19590"></trkpt>
    <trkpt lat="51.42580" lon="12.19720"></trkpt>
    <trkpt lat="51.42820" lon="12.19860"></trkpt>
    <trkpt lat="51.43090" lon="12.20010"></trkpt>
    <trkpt lat="51.43350" lon="12.20160"></trkpt>
    <trkpt lat="51.43700" lon="12.20360"></trkpt>
    <trkpt lat="51.44240" lon="12.20670"></trkpt>
    <trkpt lat="51.44650" lon="12.20910"></trkpt>
    <trkpt lat="51.45080" lon="12.21160"></trkpt>
    <trkpt lat="51.45510" lon="12.21410"></trkpt>
    <trkpt lat="51.45760" lon="12.21540"></trkpt>
    <trkpt lat="51.46010" lon="12.21620"></trkpt>
    <trkpt lat="51.46310" lon="12.21670"></trkpt>
    <trkpt lat="51.46550" lon="12.21680"></trkpt>
    <trkpt lat="51.46830" lon="12.21640"></trkpt>
    <trkpt lat="51.47270" lon="12.21540"></trkpt>
    <trkpt lat="51.47610" lon="12.21480"></trkpt>
    <trkpt lat="51.47910" lon="12.21380"></trkpt>
    <trkpt lat="51.48150" lon="12.21270"></trkpt>
    <trkpt lat="51.48480" lon="12.21040"></trkpt>
    <trkpt lat="51.48860" lon="12.20770"></trkpt>
    <trkpt lat="51.49080" lon="12.20600"></trkpt>
    <trkpt lat="51.49290" lon="12.20450"></trkpt>
    <trkpt lat="51.49510" lon="12.20320"></trkpt>
    <trkpt lat="51.49770" lon="12.20240"></trkpt>
    <trkpt lat="51.50180" lon="12.20120"></trkpt>
    <trkpt lat="51.50550" lon="12.20030"></trkpt>
    <trkpt lat="51.50830" lon="12.19950"></trkpt>
    <trkpt lat="51.51150" lon="12.19870"></trkpt>
    <trkpt lat="51.51510" lon="12.19770"></trkpt>
    <trkpt lat="51.51800" lon="12.19730"></trkpt>
    <trkpt lat="51.52040" lon="12.19720"></trkpt>
    <trkpt lat="51.52350" lon="12.19710"></trkpt>
    <trkpt lat="51.52670" lon="12.19700"></trkpt>
    <trkpt lat="51.52940" lon="12.19690"></trkpt>
    <trkpt lat="51.53320" lon="12.19630"></trkpt>
    <trkpt lat="51.53580" lon="12.19540"></trkpt>
    <trkpt lat="51.53830" lon="12.19450"></trkpt>
    <trkpt lat="51.54100" lon="12.19350"></trkpt>
    <trkpt lat="51.54570" lon="12.19170"></trkpt>
    <trkpt lat="51.54890" lon="12.19050"></trkpt>
    <trkpt lat="51.55140" lon="12.18960"></trkpt>
    <trkpt lat="51.55470" lon="12.18830"></trkpt>
    <trkpt lat="51.55780" lon="12.18740"></trkpt>
    <trkpt lat="51.56020" lon="12.18720"></trkpt>
    <trkpt lat="51.56280" lon="12.18760"></trkpt>
    <trkpt lat="51.56520" lon="12.18830"></trkpt>
    <trkpt lat="51.56940" lon="12.18950"></trkpt>
    <trkpt lat="51.57340" lon="12.19060"></trkpt>
    <trkpt lat="51.57580" lon="12.19110"></trkpt>
    <trkpt lat="51.57830" lon="12.19100"></trkpt>
    <trkpt lat="51.58080" lon="12.19030"></trkpt>
    <trkpt lat="51.58300" lon="12.18940"></trkpt>
    <trkpt lat="51.58730" lon="12.18750"></trkpt>
    <trkpt lat="51.59110" lon="12.18580"></trkpt>
    <trkpt lat="51.59460" lon="12.18430"></trkpt>
    <trkpt lat="51.59700" lon="12.18340"></trkpt>
    <trkpt lat="51.59960" lon="12.18310"></trkpt>
    <trkpt lat="51.60190" lon="12.18330"></trkpt>
    <trkpt lat="51.60430" lon="12.18410"></trkpt>
    <trkpt lat="51.60850" lon="12.18580"></trkpt>
    <trkpt lat="51.61110" lon="12.18690"></trkpt>
    <trkpt lat="51.61340" lon="12.18790"></trkpt>
    <trkpt lat="51.61770" lon="12.18960"></trkpt>
    <trkpt lat="51.62230" lon="12.19150"></trkpt>
    <trkpt lat="51.62450" lon="12.19240"></trkpt>
    <trkpt lat="51.62920" lon="12.19440"></trkpt>
    <trkpt lat="51.63190" lon="12.19550"></trkpt>
    <trkpt lat="51.63420" lon="12.19650"></trkpt>
    <trkpt lat="51.63670" lon="12.19750"></trkpt>
    <trkpt lat="51.63930" lon="12.19850"></trkpt>
    <trkpt lat="51.64170" lon="12.19930"></trkpt>
    <trkpt lat="51.64490" lon="12.20030"></trkpt>
    <trkpt lat="51.64820" lon="12.20110"></trkpt>
    <trkpt lat="51.65200" lon="12.20180"></trkpt>
    <trkpt lat="51.65560" lon="12.20250"></trkpt>
    <trkpt lat="51.66460" lon="12.20420"></trkpt>
    <trkpt lat="51.66830" lon="12.20490"></trkpt>
    <trkpt lat="51.68740" lon="12.20850"></trkpt>
    <trkpt lat="51.69560" lon="12.21010"></trkpt>
    <trkpt lat="51.70300" lon="12.21150"></trkpt>
    <trkpt lat="51.70680" lon="12.21220"></trkpt>
    <trkpt lat="51.71080" lon="12.21300"></trkpt>
    <trkpt lat="51.71520" lon="12.21380"></trkpt>
    <trkpt lat="51.71810" lon="12.21430"></trkpt>
    <trkpt lat="51.72080" lon="12.21480"></trkpt>
    <trkpt lat="51.72370" lon="12.21540"></trkpt>
    <trkpt lat="51.72610" lon="12.21580"></trkpt>
    <trkpt lat="51.73050" lon="12.21670"></trkpt>
    <trkpt lat="51.73350" lon="12.21730"></trkpt>
    <trkpt lat="51.73640" lon="12.21810"></trkpt>
    <trkpt lat="51.73860" lon="12.21900"></trkpt>
    <trkpt lat="51.74100" lon="12.22010"></trkpt>
    <trkpt lat="51.74380" lon="12.22170"></trkpt>
    <trkpt lat="51.74730" lon="12.22420"></trkpt>
    <trkpt lat="51.75010" lon="12.22630"></trkpt>
    <trkpt lat="51.75300" lon="12.22860"></trkpt>
    <trkpt lat="51.76050" lon="12.23450"></trkpt>
    <trkpt lat="51.76290" lon="12.23640"></trkpt>
    <trkpt lat="51.76510" lon="12.23870"></trkpt>
    <trkpt lat="51.76760" lon="12.24250"></trkpt>
    <trkpt lat="51.76990" lon="12.24690"></trkpt>
    <trkpt lat="51.77620" lon="12.25880"></trkpt>
    <trkpt lat="51.77840" lon="12.26290"></trkpt>
    <trkpt lat="51.78040" lon="12.26590"></trkpt>
    <trkpt lat="51.78330" lon="12.26900"></trkpt>
    <trkpt lat="51.78650" lon="12.27120"></trkpt>
    <trkpt lat="51.78870" lon="12.27260"></trkpt>
    <trkpt lat="51.79140" lon="12.27450"></trkpt>
    <trkpt lat="51.79400" lon="12.27660"></trkpt>
    <trkpt lat="51.79690" lon="12.27910"></trkpt>
    <trkpt lat="51.80040" lon="12.28200"></trkpt>
    <trkpt lat="51.80310" lon="12.28420"></trkpt>
    <trkpt lat="51.80500" lon="12.28620"></trkpt>
    <trkpt lat="51.80690" lon="12.28880"></trkpt>
    <trkpt lat="51.81010" lon="12.29420"></trkpt>
    <trkpt lat="51.81290" lon="12.29880"></trkpt>
    <trkpt lat="51.81460" lon="12.30120"></trkpt>
    <trkpt lat="51.81730" lon="12.30420"></trkpt>
  </trkseg>
  <trkseg>
    <trkpt lat="51.81730" lon="12.30420"></trkpt>
    <trkpt lat="51.82020" lon="12.30720"></trkpt>
    <trkpt lat="51.82240" lon="12.30940"></trkpt>
    <trkpt lat="51.82460" lon="12.31150"></trkpt>
    <trkpt lat="51.82650" lon="12.31350"></trkpt>
    <trkpt lat="51.83040" lon="12.31740"></trkpt>
    <trkpt lat="51.83250" lon="12.31930"></trkpt>
    <trkpt lat="51.83480" lon="12.32080"></trkpt>
    <trkpt lat="51.83710" lon="12.32230"></trkpt>
    <trkpt lat="51.83940" lon="12.32370"></trkpt>
    <trkpt lat="51.84180" lon="12.32510"></trkpt>
    <trkpt lat="51.84400" lon="12.32650"></trkpt>
    <trkpt lat="51.84630" lon="12.32810"></trkpt>
    <trkpt lat="51.84840" lon="12.33020"></trkpt>
    <trkpt lat="51.85020" lon="12.33250"></trkpt>
    <trkpt lat="51.85200" lon="12.33510"></trkpt>
    <trkpt lat="51.85360" lon="12.33820"></trkpt>
    <trkpt lat="51.85490" lon="12.34120"></trkpt>
    <trkpt lat="51.85730" lon="12.34670"></trkpt>
    <trkpt lat="51.86080" lon="12.35490"></trkpt>
    <trkpt lat="51.86260" lon="12.35880"></trkpt>
    <trkpt lat="51.86410" lon="12.36240"></trkpt>
    <trkpt lat="51.86540" lon="12.36560"></trkpt>
    <trkpt lat="51.86660" lon="12.36890"></trkpt>
    <trkpt lat="51.86800" lon="12.37310"></trkpt>
    <trkpt lat="51.86920" lon="12.37690"></trkpt>
    <trkpt lat="51.87060" lon="12.38040"></trkpt>
    <trkpt lat="51.87250" lon="12.38410"></trkpt>
    <trkpt lat="51.87540" lon="12.38830"></trkpt>
    <trkpt lat="51.87800" lon="12.39100"></trkpt>
    <trkpt lat="51.88190" lon="12.39430"></trkpt>
    <trkpt lat="51.88480" lon="12.39680"></trkpt>
    <trkpt lat="51.88680" lon="12.39860"></trkpt>
    <trkpt lat="51.88890" lon="12.40040"></trkpt>
    <trkpt lat="51.89140" lon="12.40250"></trkpt>
    <trkpt lat="51.89620" lon="12.40670"></trkpt>
    <trkpt lat="51.89860" lon="12.40880"></trkpt>
    <trkpt lat="51.90080" lon="12.41070"></trkpt>
    <trkpt lat="51.90270" lon="12.41300"></trkpt>
    <trkpt lat="51.90450" lon="12.41570"></trkpt>
    <trkpt lat="51.90760" lon="12.42200"></trkpt>
    <trkpt lat="51.91090" lon="12.42850"></trkpt>
    <trkpt lat="51.91320" lon="12.43320"></trkpt>
    <trkpt lat="51.91490" lon="12.43620"></trkpt>
    <trkpt lat="51.91680" lon="12.43870"></trkpt>
    <trkpt lat="51.91940" lon="12.44120"></trkpt>
    <trkpt lat="51.92180" lon="12.44270"></trkpt>
    <trkpt lat="51.92500" lon="12.44410"></trkpt>
    <trkpt lat="51.92820" lon="12.44550"></trkpt>
    <trkpt lat="51.93070" lon="12.44650"></trkpt>
    <trkpt lat="51.93450" lon="12.44840"></trkpt>
    <trkpt lat="51.93830" lon="12.45010"></trkpt>
    <trkpt lat="51.94110" lon="12.45130"></trkpt>
    <trkpt lat="51.94480" lon="12.45280"></trkpt>
    <trkpt lat="51.94900" lon="12.45450"></trkpt>
    <trkpt lat="51.95230" lon="12.45590"></trkpt>
    <trkpt lat="51.95470" lon="12.45710"></trkpt>
    <trkpt lat="51.95760" lon="12.45960"></trkpt>
    <trkpt lat="51.95970" lon="12.46210"></trkpt>
    <trkpt lat="51.96130" lon="12.46490"></trkpt>
    <trkpt lat="51.96360" lon="12.46390"></trkpt>
    <trkpt lat="51.96580" lon="12.46510"></trkpt>
    <trkpt lat="51.96900" lon="12.46570"></trkpt>
    <trkpt lat="51.97650" lon="12.46660"></trkpt>
    <trkpt lat="51.98110" lon="12.46790"></trkpt>
    <trkpt lat="51.99090" lon="12.47120"></trkpt>
    <trkpt lat="51.99320" lon="12.47190"></trkpt>
    <trkpt lat="51.99590" lon="12.47190"></trkpt>
    <trkpt lat="51.99830" lon="12.47190"></trkpt>
    <trkpt lat="52.00050" lon="12.47080"></trkpt>
    <trkpt lat="52.00570" lon="12.46710"></trkpt>
    <trkpt lat="52.01210" lon="12.46250"></trkpt>
    <trkpt lat="52.01420" lon="12.46100"></trkpt>
    <trkpt lat="52.01650" lon="12.46010"></trkpt>
    <trkpt lat="52.01990" lon="12.46020"></trkpt>
    <trkpt lat="52.02240" lon="12.46040"></trkpt>
    <trkpt lat="52.02530" lon="12.46050"></trkpt>
    <trkpt lat="52.02750" lon="12.45840"></trkpt>
    <trkpt lat="52.02950" lon="12.45640"></trkpt>
    <trkpt lat="52.03390" lon="12.45550"></trkpt>
    <trkpt lat="52.03650" lon="12.45500"></trkpt>
    <trkpt lat="52.04030" lon="12.45420"></trkpt>
    <trkpt lat="52.04360" lon="12.45340"></trkpt>
    <trkpt lat="52.04700" lon="12.45270"></trkpt>
    <trkpt lat="52.04930" lon="12.45230"></trkpt>
    <trkpt lat="52.05180" lon="12.45340"></trkpt>
    <trkpt lat="52.05780" lon="12.45290"></trkpt>
    <trkpt lat="52.06030" lon="12.45250"></trkpt>
    <trkpt lat="52.06410" lon="12.45160"></trkpt>
    <trkpt lat="52.06830" lon="12.45120"></trkpt>
    <trkpt lat="52.07130" lon="12.45160"></trkpt>
    <trkpt lat="52.07360" lon="12.45150"></trkpt>
    <trkpt lat="52.07670" lon="12.45120"></trkpt>
    <trkpt lat="52.07900" lon="12.45100"></trkpt>
    <trkpt lat="52.08110" lon="12.44920"></trkpt>
    <trkpt lat="52.08290" lon="12.44620"></trkpt>
    <trkpt lat="52.08510" lon="12.44510"></trkpt>
    <trkpt lat="52.08750" lon="12.44500"></trkpt>
    <trkpt lat="52.08970" lon="12.44290"></trkpt>
    <trkpt lat="52.09160" lon="12.43950"></trkpt>
    <trkpt lat="52.09350" lon="12.43700"></trkpt>
    <trkpt lat="52.09470" lon="12.43360"></trkpt>
    <trkpt lat="52.09570" lon="12.43090"></trkpt>
  </trkseg>
  <trkseg>
    <trkpt lat="52.09570" lon="12.43090"></trkpt>
    <trkpt lat="52.09850" lon="12.42960"></trkpt>
    <trkpt lat="52.10080" lon="12.43050"></trkpt>
    <trkpt lat="52.10360" lon="12.43340"></trkpt>
    <trkpt lat="52.10870" lon="12.43930"></trkpt>
    <trkpt lat="52.11060" lon="12.44140"></trkpt>
    <trkpt lat="52.11100" lon="12.44550"></trkpt>
    <trkpt lat="52.11200" lon="12.44880"></trkpt>
    <trkpt lat="52.11420" lon="12.44760"></trkpt>
    <trkpt lat="52.11520" lon="12.44430"></trkpt>
    <trkpt lat="52.11650" lon="12.44100"></trkpt>
    <trkpt lat="52.11760" lon="12.43770"></trkpt>
    <trkpt lat="52.11890" lon="12.43250"></trkpt>
    <trkpt lat="52.12000" lon="12.42910"></trkpt>
    <trkpt lat="52.12190" lon="12.42710"></trkpt>
    <trkpt lat="52.12400" lon="12.42520"></trkpt>
    <trkpt lat="52.12610" lon="12.42240"></trkpt>
    <trkpt lat="52.12800" lon="12.41960"></trkpt>
    <trkpt lat="52.13030" lon="12.41680"></trkpt>
    <trkpt lat="52.13290" lon="12.41410"></trkpt>
    <trkpt lat="52.13530" lon="12.41060"></trkpt>
    <trkpt lat="52.13740" lon="12.40690"></trkpt>
    <trkpt lat="52.14030" lon="12.40230"></trkpt>
    <trkpt lat="52.14290" lon="12.39990"></trkpt>
    <trkpt lat="52.14580" lon="12.39770"></trkpt>
    <trkpt lat="52.14800" lon="12.39640"></trkpt>
    <trkpt lat="52.15240" lon="12.39520"></trkpt>
    <trkpt lat="52.15460" lon="12.39320"></trkpt>
    <trkpt lat="52.15870" lon="12.38770"></trkpt>
    <trkpt lat="52.16090" lon="12.38510"></trkpt>
    <trkpt lat="52.16330" lon="12.38280"></trkpt>
    <trkpt lat="52.16540" lon="12.38080"></trkpt>
    <trkpt lat="52.16740" lon="12.37910"></trkpt>
    <trkpt lat="52.16930" lon="12.37710"></trkpt>
    <trkpt lat="52.17180" lon="12.37460"></trkpt>
    <trkpt lat="52.17420" lon="12.37490"></trkpt>
    <trkpt lat="52.17590" lon="12.37250"></trkpt>
    <trkpt lat="52.17790" lon="12.37050"></trkpt>
    <trkpt lat="52.17940" lon="12.36750"></trkpt>
    <trkpt lat="52.18270" lon="12.36530"></trkpt>
    <trkpt lat="52.18480" lon="12.36220"></trkpt>
    <trkpt lat="52.18600" lon="12.35910"></trkpt>
    <trkpt lat="52.18890" lon="12.35680"></trkpt>
    <trkpt lat="52.19470" lon="12.35360"></trkpt>
    <trkpt lat="52.19680" lon="12.35150"></trkpt>
    <trkpt lat="52.19880" lon="12.34960"></trkpt>
    <trkpt lat="52.20520" lon="12.34430"></trkpt>
    <trkpt lat="52.20760" lon="12.34220"></trkpt>
    <trkpt lat="52.21120" lon="12.33960"></trkpt>
    <trkpt lat="52.21350" lon="12.33890"></trkpt>
    <trkpt lat="52.21780" lon="12.33450"></trkpt>
    <trkpt lat="52.22030" lon="12.33030"></trkpt>
    <trkpt lat="52.22200" lon="12.32730"></trkpt>
    <trkpt lat="52.22350" lon="12.32430"></trkpt>
    <trkpt lat="52.22490" lon="12.32110"></trkpt>
    <trkpt lat="52.22770" lon="12.31880"></trkpt>
    <trkpt lat="52.22970" lon="12.31700"></trkpt>
    <trkpt lat="52.23220" lon="12.31570"></trkpt>
    <trkpt lat="52.23490" lon="12.31410"></trkpt>
    <trkpt lat="52.23710" lon="12.31290"></trkpt>
    <trkpt lat="52.23920" lon="12.31150"></trkpt>
    <trkpt lat="52.24130" lon="12.31000"></trkpt>
    <trkpt lat="52.24320" lon="12.30730"></trkpt>
    <trkpt lat="52.24530" lon="12.30600"></trkpt>
    <trkpt lat="52.24810" lon="12.30220"></trkpt>
    <trkpt lat="52.24990" lon="12.29980"></trkpt>
    <trkpt lat="52.25220" lon="12.29670"></trkpt>
    <trkpt lat="52.25400" lon="12.29430"></trkpt>
    <trkpt lat="52.25580" lon="12.29180"></trkpt>
    <trkpt lat="52.25810" lon="12.29130"></trkpt>
    <trkpt lat="52.26050" lon="12.29310"></trkpt>
    <trkpt lat="52.26260" lon="12.29470"></trkpt>
    <trkpt lat="52.26480" lon="12.29590"></trkpt>
    <trkpt lat="52.26740" lon="12.29800"></trkpt>
    <trkpt lat="52.26910" lon="12.29970"></trkpt>
  </trkseg>
  <trkseg>
    <trkpt lat="52.26910" lon="12.29970"></trkpt>
    <trkpt lat="52.27120" lon="12.29310"></trkpt>
    <trkpt lat="52.27140" lon="12.28920"></trkpt>
    <trkpt lat="52.26980" lon="12.28540"></trkpt>
    <trkpt lat="52.26810" lon="12.28230"></trkpt>
    <trkpt lat="52.26780" lon="12.27830"></trkpt>
    <trkpt lat="52.26910" lon="12.27530"></trkpt>
    <trkpt lat="52.27020" lon="12.27200"></trkpt>
    <trkpt lat="52.27120" lon="12.26800"></trkpt>
    <trkpt lat="52.27230" lon="12.26400"></trkpt>
    <trkpt lat="52.27340" lon="12.25960"></trkpt>
    <trkpt lat="52.27450" lon="12.25530"></trkpt>
    <trkpt lat="52.27610" lon="12.24900"></trkpt>
    <trkpt lat="52.27730" lon="12.24430"></trkpt>
    <trkpt lat="52.27820" lon="12.24070"></trkpt>
    <trkpt lat="52.27890" lon="12.23720"></trkpt>
    <trkpt lat="52.27930" lon="12.23290"></trkpt>
    <trkpt lat="52.28000" lon="12.22910"></trkpt>
    <trkpt lat="52.28080" lon="12.22470"></trkpt>
    <trkpt lat="52.28150" lon="12.22120"></trkpt>
    <trkpt lat="52.28230" lon="12.21740"></trkpt>
    <trkpt lat="52.28310" lon="12.21390"></trkpt>
    <trkpt lat="52.28550" lon="12.20850"></trkpt>
    <trkpt lat="52.28740" lon="12.20120"></trkpt>
    <trkpt lat="52.28820" lon="12.19710"></trkpt>
    <trkpt lat="52.28900" lon="12.19330"></trkpt>
    <trkpt lat="52.28950" lon="12.18970"></trkpt>
    <trkpt lat="52.28970" lon="12.18600"></trkpt>
    <trkpt lat="52.28970" lon="12.18220"></trkpt>
    <trkpt lat="52.29100" lon="12.17920"></trkpt>
    <trkpt lat="52.29200" lon="12.17590"></trkpt>
    <trkpt lat="52.29360" lon="12.17300"></trkpt>
    <trkpt lat="52.29820" lon="12.16500"></trkpt>
    <trkpt lat="52.30160" lon="12.15890"></trkpt>
    <trkpt lat="52.30410" lon="12.15440"></trkpt>
    <trkpt lat="52.30630" lon="12.15060"></trkpt>
    <trkpt lat="52.30840" lon="12.14680"></trkpt>
    <trkpt lat="52.30970" lon="12.14100"></trkpt>
    <trkpt lat="52.31040" lon="12.13700"></trkpt>
    <trkpt lat="52.31090" lon="12.13430"></trkpt>
  </trkseg>
  <trkseg>
    <trkpt lat="52.31090" lon="12.13430"></trkpt>
    <trkpt lat="52.31350" lon="12.13560"></trkpt>
    <trkpt lat="52.31650" lon="12.13780"></trkpt>
    <trkpt lat="52.31900" lon="12.13970"></trkpt>
    <trkpt lat="52.32130" lon="12.14140"></trkpt>
    <trkpt lat="52.32640" lon="12.14530"></trkpt>
    <trkpt lat="52.33350" lon="12.15060"></trkpt>
    <trkpt lat="52.33600" lon="12.15240"></trkpt>
    <trkpt lat="52.34350" lon="12.15820"></trkpt>
    <trkpt lat="52.34650" lon="12.16040"></trkpt>
    <trkpt lat="52.34870" lon="12.16160"></trkpt>
    <trkpt lat="52.35110" lon="12.16180"></trkpt>
    <trkpt lat="52.35490" lon="12.16120"></trkpt>
    <trkpt lat="52.35800" lon="12.16080"></trkpt>
    <trkpt lat="52.36120" lon="12.16030"></trkpt>
    <trkpt lat="52.36350" lon="12.16000"></trkpt>
    <trkpt lat="52.36640" lon="12.15960"></trkpt>
    <trkpt lat="52.36880" lon="12.15910"></trkpt>
    <trkpt lat="52.37340" lon="12.15680"></trkpt>
    <trkpt lat="52.37550" lon="12.15470"></trkpt>
    <trkpt lat="52.37720" lon="12.15220"></trkpt>
    <trkpt lat="52.37970" lon="12.15070"></trkpt>
    <trkpt lat="52.38200" lon="12.14840"></trkpt>
    <trkpt lat="52.38390" lon="12.14640"></trkpt>
    <trkpt lat="52.38810" lon="12.14200"></trkpt>
    <trkpt lat="52.39030" lon="12.13970"></trkpt>
    <trkpt lat="52.39260" lon="12.13890"></trkpt>
    <trkpt lat="52.39450" lon="12.14130"></trkpt>
    <trkpt lat="52.39630" lon="12.14360"></trkpt>
    <trkpt lat="52.39920" lon="12.14230"></trkpt>
    <trkpt lat="52.40140" lon="12.14120"></trkpt>
    <trkpt lat="52.40370" lon="12.14170"></trkpt>
    <trkpt lat="52.40560" lon="12.14380"></trkpt>
    <trkpt lat="52.40680" lon="12.14720"></trkpt>
    <trkpt lat="52.40780" lon="12.15120"></trkpt>
    <trkpt lat="52.40970" lon="12.15340"></trkpt>
    <trkpt lat="52.41210" lon="12.15180"></trkpt>
    <trkpt lat="52.41430" lon="12.15000"></trkpt>
    <trkpt lat="52.41650" lon="12.14830"></trkpt>
    <trkpt lat="52.41870" lon="12.14530"></trkpt>
    <trkpt lat="52.42070" lon="12.14270"></trkpt>
    <trkpt lat="52.42260" lon="12.14000"></trkpt>
    <trkpt lat="52.42440" lon="12.13760"></trkpt>
    <trkpt lat="52.42660" lon="12.13470"></trkpt>
    <trkpt lat="52.42960" lon="12.13070"></trkpt>
    <trkpt lat="52.43140" lon="12.12840"></trkpt>
    <trkpt lat="52.43360" lon="12.12650"></trkpt>
    <trkpt lat="52.43650" lon="12.12390"></trkpt>
    <trkpt lat="52.43900" lon="12.12170"></trkpt>
    <trkpt lat="52.44120" lon="12.11970"></trkpt>
    <trkpt lat="52.44340" lon="12.11780"></trkpt>
    <trkpt lat="52.44550" lon="12.11490"></trkpt>
    <trkpt lat="52.44810" lon="12.11070"></trkpt>
    <trkpt lat="52.45000" lon="12.10780"></trkpt>
    <trkpt lat="52.45320" lon="12.10280"></trkpt>
    <trkpt lat="52.45750" lon="12.09590"></trkpt>
    <trkpt lat="52.45950" lon="12.09280"></trkpt>
    <trkpt lat="52.46120" lon="12.09010"></trkpt>
    <trkpt lat="52.46420" lon="12.08550"></trkpt>
    <trkpt lat="52.46580" lon="12.08290"></trkpt>
    <trkpt lat="52.46750" lon="12.08030"></trkpt>
    <trkpt lat="52.46780" lon="12.07660"></trkpt>
    <trkpt lat="52.46900" lon="12.07340"></trkpt>
    <trkpt lat="52.47040" lon="12.07000"></trkpt>
    <trkpt lat="52.47170" lon="12.06670"></trkpt>
    <trkpt lat="52.47340" lon="12.06390"></trkpt>
    <trkpt lat="52.47510" lon="12.06110"></trkpt>
    <trkpt lat="52.47720" lon="12.05750"></trkpt>
    <trkpt lat="52.47910" lon="12.05450"></trkpt>
    <trkpt lat="52.48100" lon="12.05130"></trkpt>
    <trkpt lat="52.48300" lon="12.04790"></trkpt>
    <trkpt lat="52.48530" lon="12.04410"></trkpt>
    <trkpt lat="52.48850" lon="12.03870"></trkpt>
    <trkpt lat="52.49110" lon="12.03440"></trkpt>
    <trkpt lat="52.49280" lon="12.03170"></trkpt>
    <trkpt lat="52.49470" lon="12.02840"></trkpt>
    <trkpt lat="52.49630" lon="12.02580"></trkpt>
    <trkpt lat="52.49850" lon="12.02470"></trkpt>
    <trkpt lat="52.50040" lon="12.02240"></trkpt>
    <trkpt lat="52.50180" lon="12.01930"></trkpt>
    <trkpt lat="52.50520" lon="12.01780"></trkpt>
    <trkpt lat="52.50880" lon="12.01710"></trkpt>
    <trkpt lat="52.51370" lon="12.01620"></trkpt>
    <trkpt lat="52.51610" lon="12.01580"></trkpt>
    <trkpt lat="52.51890" lon="12.01580"></trkpt>
    <trkpt lat="52.52130" lon="12.01580"></trkpt>
    <trkpt lat="52.52360" lon="12.01580"></trkpt>
    <trkpt lat="52.52670" lon="12.01580"></trkpt>
    <trkpt lat="52.52990" lon="12.01590"></trkpt>
    <trkpt lat="52.53280" lon="12.01590"></trkpt>
    <trkpt lat="52.53540" lon="12.01570"></trkpt>
    <trkpt lat="52.53800" lon="12.01550"></trkpt>
    <trkpt lat="52.54020" lon="12.01650"></trkpt>
    <trkpt lat="52.54250" lon="12.01720"></trkpt>
    <trkpt lat="52.54440" lon="12.01950"></trkpt>
    <trkpt lat="52.54740" lon="12.02160"></trkpt>
    <trkpt lat="52.54980" lon="12.02310"></trkpt>
    <trkpt lat="52.55190" lon="12.02450"></trkpt>
    <trkpt lat="52.55410" lon="12.02580"></trkpt>
    <trkpt lat="52.55680" lon="12.02760"></trkpt>
    <trkpt lat="52.55940" lon="12.02910"></trkpt>
    <trkpt lat="52.56210" lon="12.02990"></trkpt>
    <trkpt lat="52.56610" lon="12.03100"></trkpt>
    <trkpt lat="52.56940" lon="12.03190"></trkpt>
    <trkpt lat="52.57180" lon="12.03260"></trkpt>
    <trkpt lat="52.57480" lon="12.03410"></trkpt>
    <trkpt lat="52.57720" lon="12.03520"></trkpt>
    <trkpt lat="52.57960" lon="12.03600"></trkpt>
    <trkpt lat="52.58190" lon="12.03650"></trkpt>
    <trkpt lat="52.58440" lon="12.03690"></trkpt>
    <trkpt lat="52.58710" lon="12.03530"></trkpt>
    <trkpt lat="52.58940" lon="12.03390"></trkpt>
    <trkpt lat="52.59180" lon="12.03350"></trkpt>
    <trkpt lat="52.59400" lon="12.03460"></trkpt>
    <trkpt lat="52.59530" lon="12.03620"></trkpt>
  </trkseg>
  <trkseg>
    <trkpt lat="52.59530" lon="12.03620"></trkpt>
    <trkpt lat="52.59810" lon="12.03680"></trkpt>
    <trkpt lat="52.60040" lon="12.03700"></trkpt>
    <trkpt lat="52.60280" lon="12.03720"></trkpt>
    <trkpt lat="52.60640" lon="12.03750"></trkpt>
    <trkpt lat="52.60940" lon="12.03770"></trkpt>
    <trkpt lat="52.61170" lon="12.03820"></trkpt>
    <trkpt lat="52.61390" lon="12.03730"></trkpt>
    <trkpt lat="52.61620" lon="12.03730"></trkpt>
    <trkpt lat="52.61840" lon="12.03810"></trkpt>
    <trkpt lat="52.62040" lon="12.04070"></trkpt>
    <trkpt lat="52.62260" lon="12.04210"></trkpt>
    <trkpt lat="52.62510" lon="12.04310"></trkpt>
    <trkpt lat="52.62780" lon="12.04440"></trkpt>
    <trkpt lat="52.63060" lon="12.04580"></trkpt>
    <trkpt lat="52.63280" lon="12.04690"></trkpt>
    <trkpt lat="52.63690" lon="12.04890"></trkpt>
    <trkpt lat="52.63930" lon="12.05020"></trkpt>
    <trkpt lat="52.64200" lon="12.05150"></trkpt>
    <trkpt lat="52.64460" lon="12.05280"></trkpt>
    <trkpt lat="52.64810" lon="12.05450"></trkpt>
    <trkpt lat="52.65050" lon="12.05570"></trkpt>
    <trkpt lat="52.65430" lon="12.05760"></trkpt>
    <trkpt lat="52.65730" lon="12.05910"></trkpt>
    <trkpt lat="52.65990" lon="12.06020"></trkpt>
    <trkpt lat="52.66220" lon="12.06080"></trkpt>
    <trkpt lat="52.66460" lon="12.06150"></trkpt>
    <trkpt lat="52.66700" lon="12.06210"></trkpt>
    <trkpt lat="52.66930" lon="12.06130"></trkpt>
    <trkpt lat="52.67160" lon="12.06070"></trkpt>
    <trkpt lat="52.67400" lon="12.06230"></trkpt>
    <trkpt lat="52.67730" lon="12.06370"></trkpt>
    <trkpt lat="52.68130" lon="12.06500"></trkpt>
    <trkpt lat="52.68440" lon="12.06600"></trkpt>
    <trkpt lat="52.68740" lon="12.06700"></trkpt>
    <trkpt lat="52.69000" lon="12.06740"></trkpt>
    <trkpt lat="52.69230" lon="12.06760"></trkpt>
    <trkpt lat="52.69470" lon="12.06870"></trkpt>
    <trkpt lat="52.69660" lon="12.07070"></trkpt>
    <trkpt lat="52.69870" lon="12.07270"></trkpt>
    <trkpt lat="52.70110" lon="12.07220"></trkpt>
    <trkpt lat="52.70300" lon="12.06990"></trkpt>
    <trkpt lat="52.70600" lon="12.06880"></trkpt>
    <trkpt lat="52.70970" lon="12.06840"></trkpt>
    <trkpt lat="52.71280" lon="12.06810"></trkpt>
    <trkpt lat="52.71580" lon="12.06780"></trkpt>
    <trkpt lat="52.71820" lon="12.06750"></trkpt>
    <trkpt lat="52.72330" lon="12.06700"></trkpt>
    <trkpt lat="52.72580" lon="12.06670"></trkpt>
    <trkpt lat="52.72810" lon="12.06640"></trkpt>
    <trkpt lat="52.73210" lon="12.06600"></trkpt>
    <trkpt lat="52.73900" lon="12.06520"></trkpt>
    <trkpt lat="52.75280" lon="12.06370"></trkpt>
    <trkpt lat="52.75520" lon="12.06340"></trkpt>
    <trkpt lat="52.75820" lon="12.06200"></trkpt>
    <trkpt lat="52.76080" lon="12.06070"></trkpt>
    <trkpt lat="52.76420" lon="12.05910"></trkpt>
    <trkpt lat="52.76650" lon="12.05800"></trkpt>
    <trkpt lat="52.76980" lon="12.05640"></trkpt>
    <trkpt lat="52.77200" lon="12.05540"></trkpt>
    <trkpt lat="52.77460" lon="12.05410"></trkpt>
    <trkpt lat="52.77800" lon="12.05250"></trkpt>
    <trkpt lat="52.78030" lon="12.05140"></trkpt>
    <trkpt lat="52.78250" lon="12.05030"></trkpt>
    <trkpt lat="52.78410" lon="12.04720"></trkpt>
    <trkpt lat="52.78610" lon="12.04530"></trkpt>
    <trkpt lat="52.78850" lon="12.04570"></trkpt>
    <trkpt lat="52.79080" lon="12.04680"></trkpt>
    <trkpt lat="52.79290" lon="12.04930"></trkpt>
    <trkpt lat="52.79520" lon="12.05150"></trkpt>
    <trkpt lat="52.79740" lon="12.05320"></trkpt>
    <trkpt lat="52.80230" lon="12.05720"></trkpt>
    <trkpt lat="52.80500" lon="12.05940"></trkpt>
    <trkpt lat="52.80720" lon="12.06110"></trkpt>
    <trkpt lat="52.81010" lon="12.06350"></trkpt>
    <trkpt lat="52.81320" lon="12.06600"></trkpt>
    <trkpt lat="52.81600" lon="12.06830"></trkpt>
    <trkpt lat="52.81810" lon="12.07000"></trkpt>
    <trkpt lat="52.82060" lon="12.07190"></trkpt>
    <trkpt lat="52.82320" lon="12.07310"></trkpt>
    <trkpt lat="52.82540" lon="12.07180"></trkpt>
    <trkpt lat="52.82780" lon="12.07290"></trkpt>
    <trkpt lat="52.83030" lon="12.07530"></trkpt>
    <trkpt lat="52.83320" lon="12.07780"></trkpt>
    <trkpt lat="52.83530" lon="12.07960"></trkpt>
    <trkpt lat="52.83740" lon="12.08170"></trkpt>
    <trkpt lat="52.83980" lon="12.08260"></trkpt>
    <trkpt lat="52.84240" lon="12.08270"></trkpt>
    <trkpt lat="52.84480" lon="12.08280"></trkpt>
    <trkpt lat="52.84840" lon="12.08290"></trkpt>
    <trkpt lat="52.85550" lon="12.08320"></trkpt>
    <trkpt lat="52.86010" lon="12.08330"></trkpt>
    <trkpt lat="52.86380" lon="12.08350"></trkpt>
    <trkpt lat="52.86840" lon="12.08370"></trkpt>
    <trkpt lat="52.87220" lon="12.08380"></trkpt>
    <trkpt lat="52.87660" lon="12.08400"></trkpt>
    <trkpt lat="52.88160" lon="12.08420"></trkpt>
    <trkpt lat="52.88640" lon="12.08440"></trkpt>
    <trkpt lat="52.88960" lon="12.08450"></trkpt>
    <trkpt lat="52.89310" lon="12.08460"></trkpt>
    <trkpt lat="52.89680" lon="12.08480"></trkpt>
    <trkpt lat="52.89980" lon="12.08490"></trkpt>
    <trkpt lat="52.90250" lon="12.08500"></trkpt>
    <trkpt lat="52.90600" lon="12.08510"></trkpt>
    <trkpt lat="52.90830" lon="12.08520"></trkpt>
    <trkpt lat="52.91090" lon="12.08530"></trkpt>
    <trkpt lat="52.91450" lon="12.08540"></trkpt>
    <trkpt lat="52.91810" lon="12.08550"></trkpt>
    <trkpt lat="52.92060" lon="12.08430"></trkpt>
    <trkpt lat="52.92290" lon="12.08350"></trkpt>
    <trkpt lat="52.92530" lon="12.08390"></trkpt>
    <trkpt lat="52.93320" lon="12.08500"></trkpt>
    <trkpt lat="52.93600" lon="12.08550"></trkpt>
    <trkpt lat="52.94070" lon="12.08610"></trkpt>
    <trkpt lat="52.94410" lon="12.08670"></trkpt>
    <trkpt lat="52.96270" lon="12.08940"></trkpt>
    <trkpt lat="52.97370" lon="12.09120"></trkpt>
    <trkpt lat="52.97620" lon="12.09150"></trkpt>
    <trkpt lat="52.97850" lon="12.09190"></trkpt>
    <trkpt lat="52.98290" lon="12.09250"></trkpt>
    <trkpt lat="52.99400" lon="12.09420"></trkpt>
    <trkpt lat="52.99460" lon="12.09430"></trkpt>
  </trkseg>
  <trkseg>
    <trkpt lat="52.99460" lon="12.09430"></trkpt>
    <trkpt lat="52.99540" lon="12.09070"></trkpt>
    <trkpt lat="52.99640" lon="12.08640"></trkpt>
    <trkpt lat="52.99810" lon="12.07870"></trkpt>
    <trkpt lat="52.99950" lon="12.07200"></trkpt>
    <trkpt lat="53.00080" lon="12.06660"></trkpt>
    <trkpt lat="53.00170" lon="12.06230"></trkpt>
    <trkpt lat="53.00280" lon="12.05760"></trkpt>
    <trkpt lat="53.00370" lon="12.05330"></trkpt>
    <trkpt lat="53.00470" lon="12.04900"></trkpt>
    <trkpt lat="53.00760" lon="12.03610"></trkpt>
    <trkpt lat="53.00980" lon="12.02610"></trkpt>
    <trkpt lat="53.01090" lon="12.02250"></trkpt>
    <trkpt lat="53.01230" lon="12.01920"></trkpt>
    <trkpt lat="53.01490" lon="12.01290"></trkpt>
    <trkpt lat="53.01620" lon="12.00960"></trkpt>
    <trkpt lat="53.01680" lon="12.00600"></trkpt>
    <trkpt lat="53.01830" lon="12.00230"></trkpt>
    <trkpt lat="53.02080" lon="11.99650"></trkpt>
    <trkpt lat="53.02470" lon="11.98710"></trkpt>
    <trkpt lat="53.02620" lon="11.98350"></trkpt>
    <trkpt lat="53.02820" lon="11.97860"></trkpt>
    <trkpt lat="53.02970" lon="11.97490"></trkpt>
    <trkpt lat="53.03110" lon="11.97160"></trkpt>
    <trkpt lat="53.03250" lon="11.96820"></trkpt>
    <trkpt lat="53.03430" lon="11.96380"></trkpt>
    <trkpt lat="53.03670" lon="11.95810"></trkpt>
    <trkpt lat="53.04080" lon="11.94830"></trkpt>
    <trkpt lat="53.04640" lon="11.93480"></trkpt>
    <trkpt lat="53.05520" lon="11.91340"></trkpt>
    <trkpt lat="53.05830" lon="11.90570"></trkpt>
    <trkpt lat="53.06120" lon="11.89890"></trkpt>
    <trkpt lat="53.06290" lon="11.89490"></trkpt>
    <trkpt lat="53.06730" lon="11.88420"></trkpt>
    <trkpt lat="53.06880" lon="11.88050"></trkpt>
    <trkpt lat="53.07040" lon="11.87740"></trkpt>
    <trkpt lat="53.07430" lon="11.87540"></trkpt>
    <trkpt lat="53.07710" lon="11.87450"></trkpt>
    <trkpt lat="53.07930" lon="11.87240"></trkpt>
    <trkpt lat="53.08110" lon="11.86710"></trkpt>
    <trkpt lat="53.08190" lon="11.86360"></trkpt>
    <trkpt lat="53.08210" lon="11.85980"></trkpt>
    <trkpt lat="53.08340" lon="11.85630"></trkpt>
    <trkpt lat="53.08480" lon="11.85300"></trkpt>
    <trkpt lat="53.08620" lon="11.85000"></trkpt>
    <trkpt lat="53.08860" lon="11.84700"></trkpt>
    <trkpt lat="53.09060" lon="11.84450"></trkpt>
    <trkpt lat="53.09300" lon="11.84170"></trkpt>
    <trkpt lat="53.09430" lon="11.84010"></trkpt>
  </trkseg>
  <trkseg>
    <trkpt lat="53.09430" lon="11.84010"></trkpt>
    <trkpt lat="53.09620" lon="11.83780"></trkpt>
    <trkpt lat="53.09920" lon="11.83410"></trkpt>
    <trkpt lat="53.10160" lon="11.83120"></trkpt>
    <trkpt lat="53.10780" lon="11.82380"></trkpt>
    <trkpt lat="53.11460" lon="11.81560"></trkpt>
    <trkpt lat="53.11690" lon="11.81280"></trkpt>
    <trkpt lat="53.11940" lon="11.80980"></trkpt>
    <trkpt lat="53.12150" lon="11.80730"></trkpt>
    <trkpt lat="53.12380" lon="11.80260"></trkpt>
    <trkpt lat="53.12640" lon="11.79700"></trkpt>
    <trkpt lat="53.12800" lon="11.79340"></trkpt>
    <trkpt lat="53.12940" lon="11.79020"></trkpt>
    <trkpt lat="53.13200" lon="11.78680"></trkpt>
    <trkpt lat="53.13360" lon="11.78390"></trkpt>
    <trkpt lat="53.13550" lon="11.78190"></trkpt>
    <trkpt lat="53.13700" lon="11.77890"></trkpt>
    <trkpt lat="53.14020" lon="11.77370"></trkpt>
    <trkpt lat="53.14260" lon="11.76980"></trkpt>
    <trkpt lat="53.14410" lon="11.76670"></trkpt>
    <trkpt lat="53.14480" lon="11.76290"></trkpt>
    <trkpt lat="53.14490" lon="11.75860"></trkpt>
    <trkpt lat="53.14470" lon="11.75360"></trkpt>
    <trkpt lat="53.14480" lon="11.74900"></trkpt>
    <trkpt lat="53.14550" lon="11.74500"></trkpt>
    <trkpt lat="53.14680" lon="11.74160"></trkpt>
    <trkpt lat="53.14870" lon="11.73890"></trkpt>
    <trkpt lat="53.15080" lon="11.73730"></trkpt>
    <trkpt lat="53.15330" lon="11.73670"></trkpt>
    <trkpt lat="53.15620" lon="11.73730"></trkpt>
    <trkpt lat="53.15850" lon="11.73720"></trkpt>
    <trkpt lat="53.15820" lon="11.73290"></trkpt>
    <trkpt lat="53.15860" lon="11.72910"></trkpt>
    <trkpt lat="53.16080" lon="11.72650"></trkpt>
    <trkpt lat="53.16330" lon="11.72360"></trkpt>
    <trkpt lat="53.16600" lon="11.71990"></trkpt>
    <trkpt lat="53.16770" lon="11.71730"></trkpt>
    <trkpt lat="53.17000" lon="11.71340"></trkpt>
    <trkpt lat="53.17150" lon="11.71050"></trkpt>
    <trkpt lat="53.17340" lon="11.70700"></trkpt>
    <trkpt lat="53.17530" lon="11.70390"></trkpt>
    <trkpt lat="53.17700" lon="11.70120"></trkpt>
    <trkpt lat="53.17940" lon="11.69810"></trkpt>
    <trkpt lat="53.18190" lon="11.69490"></trkpt>
    <trkpt lat="53.18450" lon="11.69140"></trkpt>
    <trkpt lat="53.18650" lon="11.68820"></trkpt>
    <trkpt lat="53.18890" lon="11.68410"></trkpt>
    <trkpt lat="53.19110" lon="11.67970"></trkpt>
    <trkpt lat="53.19330" lon="11.67460"></trkpt>
    <trkpt lat="53.19480" lon="11.67160"></trkpt>
    <trkpt lat="53.19650" lon="11.66850"></trkpt>
    <trkpt lat="53.19850" lon="11.66520"></trkpt>
    <trkpt lat="53.20170" lon="11.66020"></trkpt>
    <trkpt lat="53.20350" lon="11.65740"></trkpt>
    <trkpt lat="53.20870" lon="11.64920"></trkpt>
    <trkpt lat="53.21140" lon="11.64490"></trkpt>
    <trkpt lat="53.21500" lon="11.63930"></trkpt>
    <trkpt lat="53.21680" lon="11.63640"></trkpt>
    <trkpt lat="53.21900" lon="11.63210"></trkpt>
    <trkpt lat="53.22050" lon="11.62840"></trkpt>
    <trkpt lat="53.22170" lon="11.62420"></trkpt>
    <trkpt lat="53.22260" lon="11.62030"></trkpt>
    <trkpt lat="53.22310" lon="11.61630"></trkpt>
    <trkpt lat="53.22350" lon="11.61140"></trkpt>
    <trkpt lat="53.22380" lon="11.60710"></trkpt>
    <trkpt lat="53.22430" lon="11.60250"></trkpt>
    <trkpt lat="53.22490" lon="11.59880"></trkpt>
    <trkpt lat="53.22570" lon="11.59480"></trkpt>
    <trkpt lat="53.22670" lon="11.59070"></trkpt>
    <trkpt lat="53.22790" lon="11.58680"></trkpt>
    <trkpt lat="53.22970" lon="11.58200"></trkpt>
    <trkpt lat="53.23140" lon="11.57850"></trkpt>
    <trkpt lat="53.23380" lon="11.57410"></trkpt>
    <trkpt lat="53.23690" lon="11.56900"></trkpt>
    <trkpt lat="53.23920" lon="11.56510"></trkpt>
    <trkpt lat="53.24230" lon="11.56000"></trkpt>
    <trkpt lat="53.24470" lon="11.55600"></trkpt>
    <trkpt lat="53.24830" lon="11.55000"></trkpt>
    <trkpt lat="53.25060" lon="11.54650"></trkpt>
    <trkpt lat="53.25310" lon="11.54320"></trkpt>
    <trkpt lat="53.25510" lon="11.54080"></trkpt>
    <trkpt lat="53.25780" lon="11.53800"></trkpt>
    <trkpt lat="53.26050" lon="11.53550"></trkpt>
    <trkpt lat="53.26280" lon="11.53370"></trkpt>
    <trkpt lat="53.26500" lon="11.53220"></trkpt>
    <trkpt lat="53.26760" lon="11.53070"></trkpt>
    <trkpt lat="53.26990" lon="11.52960"></trkpt>
    <trkpt lat="53.27220" lon="11.52870"></trkpt>
    <trkpt lat="53.27540" lon="11.52770"></trkpt>
    <trkpt lat="53.27800" lon="11.52710"></trkpt>
    <trkpt lat="53.28030" lon="11.52690"></trkpt>
    <trkpt lat="53.28260" lon="11.52680"></trkpt>
    <trkpt lat="53.29580" lon="11.52720"></trkpt>
    <trkpt lat="53.29960" lon="11.52740"></trkpt>
    <trkpt lat="53.30190" lon="11.52750"></trkpt>
    <trkpt lat="53.30490" lon="11.52760"></trkpt>
    <trkpt lat="53.30790" lon="11.52770"></trkpt>
    <trkpt lat="53.31160" lon="11.52780"></trkpt>
    <trkpt lat="53.32000" lon="11.52810"></trkpt>
    <trkpt lat="53.32370" lon="11.52790"></trkpt>
    <trkpt lat="53.32780" lon="11.52730"></trkpt>
    <trkpt lat="53.33110" lon="11.52630"></trkpt>
    <trkpt lat="53.33420" lon="11.52500"></trkpt>
    <trkpt lat="53.33860" lon="11.52260"></trkpt>
    <trkpt lat="53.34140" lon="11.52100"></trkpt>
    <trkpt lat="53.34400" lon="11.51950"></trkpt>
    <trkpt lat="53.34680" lon="11.51820"></trkpt>
    <trkpt lat="53.35010" lon="11.51700"></trkpt>
    <trkpt lat="53.35390" lon="11.51600"></trkpt>
    <trkpt lat="53.35830" lon="11.51560"></trkpt>
    <trkpt lat="53.36060" lon="11.51560"></trkpt>
    <trkpt lat="53.36290" lon="11.51580"></trkpt>
    <trkpt lat="53.36610" lon="11.51640"></trkpt>
    <trkpt lat="53.37000" lon="11.51760"></trkpt>
    <trkpt lat="53.37340" lon="11.51910"></trkpt>
    <trkpt lat="53.37660" lon="11.52090"></trkpt>
    <trkpt lat="53.37880" lon="11.52240"></trkpt>
    <trkpt lat="53.38220" lon="11.52500"></trkpt>
    <trkpt lat="53.38430" lon="11.52670"></trkpt>
    <trkpt lat="53.38680" lon="11.52860"></trkpt>
    <trkpt lat="53.38930" lon="11.53020"></trkpt>
    <trkpt lat="53.39260" lon="11.53170"></trkpt>
    <trkpt lat="53.39540" lon="11.53240"></trkpt>
    <trkpt lat="53.39900" lon="11.53260"></trkpt>
    <trkpt lat="53.40200" lon="11.53220"></trkpt>
    <trkpt lat="53.40490" lon="11.53130"></trkpt>
    <trkpt lat="53.40750" lon="11.53000"></trkpt>
    <trkpt lat="53.40980" lon="11.52850"></trkpt>
    <trkpt lat="53.41230" lon="11.52640"></trkpt>
    <trkpt lat="53.41480" lon="11.52410"></trkpt>
    <trkpt lat="53.41750" lon="11.52210"></trkpt>
    <trkpt lat="53.41990" lon="11.52140"></trkpt>
    <trkpt lat="53.42220" lon="11.52120"></trkpt>
    <trkpt lat="53.42450" lon="11.52110"></trkpt>
    <trkpt lat="53.42560" lon="11.51580"></trkpt>
    <trkpt lat="53.42660" lon="11.51210"></trkpt>
    <trkpt lat="53.42760" lon="11.50840"></trkpt>
    <trkpt lat="53.42840" lon="11.50480"></trkpt>
    <trkpt lat="53.42940" lon="11.50000"></trkpt>
    <trkpt lat="53.43010" lon="11.49610"></trkpt>
    <trkpt lat="53.43060" lon="11.49240"></trkpt>
    <trkpt lat="53.43110" lon="11.48830"></trkpt>
    <trkpt lat="53.43150" lon="11.48430"></trkpt>
    <trkpt lat="53.43180" lon="11.47900"></trkpt>
    <trkpt lat="53.43190" lon="11.47500"></trkpt>
    <trkpt lat="53.43200" lon="11.47040"></trkpt>
    <trkpt lat="53.43180" lon="11.46590"></trkpt>
    <trkpt lat="53.43160" lon="11.46190"></trkpt>
    <trkpt lat="53.43130" lon="11.45780"></trkpt>
    <trkpt lat="53.43070" lon="11.45210"></trkpt>
    <trkpt lat="53.43020" lon="11.44600"></trkpt>
    <trkpt lat="53.43000" lon="11.44220"></trkpt>
    <trkpt lat="53.42980" lon="11.43700"></trkpt>
    <trkpt lat="53.42990" lon="11.43210"></trkpt>
    <trkpt lat="53.43000" lon="11.42830"></trkpt>
    <trkpt lat="53.43040" lon="11.42230"></trkpt>
    <trkpt lat="53.43080" lon="11.41850"></trkpt>
    <trkpt lat="53.43130" lon="11.41480"></trkpt>
    <trkpt lat="53.43190" lon="11.41080"></trkpt>
    <trkpt lat="53.43270" lon="11.40610"></trkpt>
    <trkpt lat="53.43390" lon="11.40110"></trkpt>
    <trkpt lat="53.43480" lon="11.39730"></trkpt>
    <trkpt lat="53.43590" lon="11.39360"></trkpt>
    <trkpt lat="53.43700" lon="11.39030"></trkpt>
    <trkpt lat="53.43850" lon="11.38610"></trkpt>
    <trkpt lat="53.44010" lon="11.38210"></trkpt>
    <trkpt lat="53.44150" lon="11.37900"></trkpt>
  </trkseg>
  <trkseg>
    <trkpt lat="53.44150" lon="11.37900"></trkpt>
    <trkpt lat="53.44320" lon="11.37570"></trkpt>
    <trkpt lat="53.44470" lon="11.37280"></trkpt>
    <trkpt lat="53.44640" lon="11.36990"></trkpt>
    <trkpt lat="53.44860" lon="11.36640"></trkpt>
    <trkpt lat="53.45840" lon="11.35090"></trkpt>
    <trkpt lat="53.46030" lon="11.34780"></trkpt>
    <trkpt lat="53.46210" lon="11.34440"></trkpt>
    <trkpt lat="53.46410" lon="11.34020"></trkpt>
    <trkpt lat="53.46560" lon="11.33650"></trkpt>
    <trkpt lat="53.46690" lon="11.33290"></trkpt>
    <trkpt lat="53.46820" lon="11.32880"></trkpt>
    <trkpt lat="53.46940" lon="11.32430"></trkpt>
    <trkpt lat="53.47050" lon="11.31940"></trkpt>
    <trkpt lat="53.47130" lon="11.31520"></trkpt>
    <trkpt lat="53.47240" lon="11.31110"></trkpt>
    <trkpt lat="53.47400" lon="11.30580"></trkpt>
    <trkpt lat="53.47530" lon="11.30210"></trkpt>
    <trkpt lat="53.47650" lon="11.29890"></trkpt>
    <trkpt lat="53.47890" lon="11.29370"></trkpt>
    <trkpt lat="53.48020" lon="11.29060"></trkpt>
    <trkpt lat="53.48150" lon="11.28720"></trkpt>
    <trkpt lat="53.48270" lon="11.28400"></trkpt>
    <trkpt lat="53.48380" lon="11.28020"></trkpt>
    <trkpt lat="53.48500" lon="11.27580"></trkpt>
    <trkpt lat="53.48600" lon="11.27130"></trkpt>
    <trkpt lat="53.48670" lon="11.26740"></trkpt>
    <trkpt lat="53.48730" lon="11.26270"></trkpt>
    <trkpt lat="53.48780" lon="11.25840"></trkpt>
    <trkpt lat="53.48810" lon="11.25370"></trkpt>
    <trkpt lat="53.48820" lon="11.24820"></trkpt>
    <trkpt lat="53.48820" lon="11.24360"></trkpt>
    <trkpt lat="53.48790" lon="11.23830"></trkpt>
    <trkpt lat="53.48750" lon="11.23450"></trkpt>
    <trkpt lat="53.48710" lon="11.23070"></trkpt>
    <trkpt lat="53.48660" lon="11.22700"></trkpt>
    <trkpt lat="53.48610" lon="11.22220"></trkpt>
    <trkpt lat="53.48580" lon="11.21750"></trkpt>
    <trkpt lat="53.48560" lon="11.21290"></trkpt>
    <trkpt lat="53.48560" lon="11.20870"></trkpt>
    <trkpt lat="53.48580" lon="11.20450"></trkpt>
    <trkpt lat="53.48610" lon="11.19980"></trkpt>
    <trkpt lat="53.48650" lon="11.19550"></trkpt>
    <trkpt lat="53.49320" lon="11.14750"></trkpt>
    <trkpt lat="53.49380" lon="11.14270"></trkpt>
    <trkpt lat="53.49440" lon="11.13770"></trkpt>
    <trkpt lat="53.49490" lon="11.13210"></trkpt>
    <trkpt lat="53.49560" lon="11.12440"></trkpt>
    <trkpt lat="53.49680" lon="11.11150"></trkpt>
    <trkpt lat="53.49740" lon="11.10460"></trkpt>
    <trkpt lat="53.49760" lon="11.10000"></trkpt>
    <trkpt lat="53.49780" lon="11.09580"></trkpt>
    <trkpt lat="53.49810" lon="11.08680"></trkpt>
    <trkpt lat="53.49830" lon="11.08160"></trkpt>
    <trkpt lat="53.49860" lon="11.07640"></trkpt>
    <trkpt lat="53.49890" lon="11.07240"></trkpt>
    <trkpt lat="53.49930" lon="11.06720"></trkpt>
    <trkpt lat="53.50000" lon="11.06130"></trkpt>
    <trkpt lat="53.50270" lon="11.03840"></trkpt>
    <trkpt lat="53.50740" lon="10.99790"></trkpt>
    <trkpt lat="53.50850" lon="10.98910"></trkpt>
    <trkpt lat="53.50940" lon="10.98150"></trkpt>
    <trkpt lat="53.50980" lon="10.97770"></trkpt>
    <trkpt lat="53.51020" lon="10.97380"></trkpt>
    <trkpt lat="53.51060" lon="10.97000"></trkpt>
    <trkpt lat="53.51090" lon="10.96610"></trkpt>
    <trkpt lat="53.51170" lon="10.94990"></trkpt>
    <trkpt lat="53.51210" lon="10.94170"></trkpt>
    <trkpt lat="53.51220" lon="10.93790"></trkpt>
    <trkpt lat="53.51230" lon="10.93370"></trkpt>
    <trkpt lat="53.51230" lon="10.92960"></trkpt>
    <trkpt lat="53.51210" lon="10.92560"></trkpt>
    <trkpt lat="53.51150" lon="10.91640"></trkpt>
    <trkpt lat="53.51130" lon="10.91140"></trkpt>
    <trkpt lat="53.51120" lon="10.90570"></trkpt>
    <trkpt lat="53.51120" lon="10.90120"></trkpt>
    <trkpt lat="53.51130" lon="10.89590"></trkpt>
    <trkpt lat="53.51160" lon="10.86970"></trkpt>
    <trkpt lat="53.51160" lon="10.86570"></trkpt>
    <trkpt lat="53.51170" lon="10.86080"></trkpt>
    <trkpt lat="53.51170" lon="10.85620"></trkpt>
    <trkpt lat="53.51190" lon="10.85110"></trkpt>
    <trkpt lat="53.51220" lon="10.84730"></trkpt>
    <trkpt lat="53.51260" lon="10.84280"></trkpt>
    <trkpt lat="53.51350" lon="10.83640"></trkpt>
    <trkpt lat="53.51420" lon="10.83200"></trkpt>
    <trkpt lat="53.51510" lon="10.82780"></trkpt>
    <trkpt lat="53.51600" lon="10.82390"></trkpt>
    <trkpt lat="53.51700" lon="10.81990"></trkpt>
    <trkpt lat="53.52210" lon="10.79960"></trkpt>
    <trkpt lat="53.52340" lon="10.79410"></trkpt>
    <trkpt lat="53.52500" lon="10.78800"></trkpt>
    <trkpt lat="53.52630" lon="10.78260"></trkpt>
    <trkpt lat="53.52740" lon="10.77810"></trkpt>
    <trkpt lat="53.52840" lon="10.77390"></trkpt>
    <trkpt lat="53.52930" lon="10.77010"></trkpt>
    <trkpt lat="53.53010" lon="10.76600"></trkpt>
    <trkpt lat="53.53100" lon="10.76200"></trkpt>
    <trkpt lat="53.53250" lon="10.75440"></trkpt>
    <trkpt lat="53.53510" lon="10.74120"></trkpt>
    <trkpt lat="53.53650" lon="10.73490"></trkpt>
    <trkpt lat="53.53750" lon="10.73070"></trkpt>
    <trkpt lat="53.53850" lon="10.72720"></trkpt>
    <trkpt lat="53.53960" lon="10.72320"></trkpt>
    <trkpt lat="53.54100" lon="10.71880"></trkpt>
    <trkpt lat="53.54250" lon="10.71440"></trkpt>
    <trkpt lat="53.54530" lon="10.70580"></trkpt>
    <trkpt lat="53.54640" lon="10.70230"></trkpt>
    <trkpt lat="53.54790" lon="10.69670"></trkpt>
    <trkpt lat="53.54870" lon="10.69300"></trkpt>
    <trkpt lat="53.54940" lon="10.68930"></trkpt>
    <trkpt lat="53.55010" lon="10.68450"></trkpt>
    <trkpt lat="53.55080" lon="10.67880"></trkpt>
    <trkpt lat="53.55140" lon="10.67300"></trkpt>
    <trkpt lat="53.55170" lon="10.66790"></trkpt>
    <trkpt lat="53.55190" lon="10.66230"></trkpt>
    <trkpt lat="53.55200" lon="10.65800"></trkpt>
    <trkpt lat="53.55200" lon="10.65390"></trkpt>
    <trkpt lat="53.55210" lon="10.64980"></trkpt>
    <trkpt lat="53.55430" lon="10.64870"></trkpt>
    <trkpt lat="53.55660" lon="10.64910"></trkpt>
    <trkpt lat="53.55900" lon="10.64840"></trkpt>
    <trkpt lat="53.56150" lon="10.64780"></trkpt>
    <trkpt lat="53.56360" lon="10.64530"></trkpt>
    <trkpt lat="53.56590" lon="10.64290"></trkpt>
    <trkpt lat="53.56830" lon="10.64200"></trkpt>
    <trkpt lat="53.57060" lon="10.64200"></trkpt>
    <trkpt lat="53.57310" lon="10.64220"></trkpt>
    <trkpt lat="53.57570" lon="10.64130"></trkpt>
    <trkpt lat="53.57780" lon="10.63960"></trkpt>
    <trkpt lat="53.58340" lon="10.64030"></trkpt>
    <trkpt lat="53.58680" lon="10.64080"></trkpt>
    <trkpt lat="53.58960" lon="10.64090"></trkpt>
    <trkpt lat="53.59230" lon="10.64160"></trkpt>
    <trkpt lat="53.59540" lon="10.64270"></trkpt>
    <trkpt lat="53.59800" lon="10.64120"></trkpt>
    <trkpt lat="53.60050" lon="10.64170"></trkpt>
    <trkpt lat="53.60280" lon="10.64070"></trkpt>
    <trkpt lat="53.60440" lon="10.63800"></trkpt>
    <trkpt lat="53.60490" lon="10.63430"></trkpt>
    <trkpt lat="53.60530" lon="10.63000"></trkpt>
    <trkpt lat="53.60530" lon="10.62960"></trkpt>
  </trkseg>
  <trkseg>
    <trkpt lat="53.60530" lon="10.62960"></trkpt>
    <trkpt lat="53.60730" lon="10.63170"></trkpt>
    <trkpt lat="53.60860" lon="10.63490"></trkpt>
    <trkpt lat="53.60990" lon="10.63810"></trkpt>
    <trkpt lat="53.61170" lon="10.64260"></trkpt>
    <trkpt lat="53.61310" lon="10.64600"></trkpt>
    <trkpt lat="53.61450" lon="10.64930"></trkpt>
    <trkpt lat="53.61600" lon="10.65330"></trkpt>
    <trkpt lat="53.61740" lon="10.65650"></trkpt>
    <trkpt lat="53.61870" lon="10.65960"></trkpt>
    <trkpt lat="53.62040" lon="10.66280"></trkpt>
    <trkpt lat="53.62230" lon="10.66520"></trkpt>
    <trkpt lat="53.62460" lon="10.66720"></trkpt>
    <trkpt lat="53.62730" lon="10.66940"></trkpt>
    <trkpt lat="53.62980" lon="10.67170"></trkpt>
    <trkpt lat="53.63200" lon="10.67390"></trkpt>
    <trkpt lat="53.63390" lon="10.67620"></trkpt>
    <trkpt lat="53.63580" lon="10.67970"></trkpt>
    <trkpt lat="53.63720" lon="10.68360"></trkpt>
    <trkpt lat="53.63850" lon="10.68800"></trkpt>
    <trkpt lat="53.63970" lon="10.69180"></trkpt>
    <trkpt lat="53.64110" lon="10.69540"></trkpt>
    <trkpt lat="53.64260" lon="10.69830"></trkpt>
    <trkpt lat="53.64460" lon="10.70100"></trkpt>
    <trkpt lat="53.64700" lon="10.70370"></trkpt>
    <trkpt lat="53.64940" lon="10.70640"></trkpt>
    <trkpt lat="53.65140" lon="10.70860"></trkpt>
    <trkpt lat="53.65340" lon="10.71080"></trkpt>
    <trkpt lat="53.65780" lon="10.71480"></trkpt>
    <trkpt lat="53.66040" lon="10.71580"></trkpt>
    <trkpt lat="53.66580" lon="10.71790"></trkpt>
    <trkpt lat="53.66990" lon="10.72160"></trkpt>
    <trkpt lat="53.67200" lon="10.72380"></trkpt>
    <trkpt lat="53.67410" lon="10.72700"></trkpt>
    <trkpt lat="53.67600" lon="10.72910"></trkpt>
    <trkpt lat="53.67820" lon="10.72990"></trkpt>
    <trkpt lat="53.68110" lon="10.72930"></trkpt>
    <trkpt lat="53.68350" lon="10.72890"></trkpt>
    <trkpt lat="53.68630" lon="10.72900"></trkpt>
    <trkpt lat="53.68860" lon="10.72930"></trkpt>
    <trkpt lat="53.69130" lon="10.72980"></trkpt>
    <trkpt lat="53.69610" lon="10.73130"></trkpt>
    <trkpt lat="53.69840" lon="10.73160"></trkpt>
    <trkpt lat="53.70080" lon="10.73160"></trkpt>
    <trkpt lat="53.70360" lon="10.73250"></trkpt>
    <trkpt lat="53.70610" lon="10.73370"></trkpt>
    <trkpt lat="53.70870" lon="10.73430"></trkpt>
    <trkpt lat="53.71190" lon="10.73410"></trkpt>
    <trkpt lat="53.71490" lon="10.73400"></trkpt>
    <trkpt lat="53.71740" lon="10.73390"></trkpt>
    <trkpt lat="53.72050" lon="10.73390"></trkpt>
    <trkpt lat="53.72310" lon="10.73420"></trkpt>
    <trkpt lat="53.72590" lon="10.73660"></trkpt>
    <trkpt lat="53.72810" lon="10.73800"></trkpt>
    <trkpt lat="53.73070" lon="10.73800"></trkpt>
    <trkpt lat="53.73300" lon="10.73690"></trkpt>
    <trkpt lat="53.73690" lon="10.73420"></trkpt>
    <trkpt lat="53.74040" lon="10.73190"></trkpt>
    <trkpt lat="53.74240" lon="10.72980"></trkpt>
    <trkpt lat="53.74400" lon="10.72680"></trkpt>
    <trkpt lat="53.74640" lon="10.72450"></trkpt>
    <trkpt lat="53.74870" lon="10.72400"></trkpt>
    <trkpt lat="53.75270" lon="10.72460"></trkpt>
    <trkpt lat="53.75660" lon="10.72530"></trkpt>
    <trkpt lat="53.75890" lon="10.72500"></trkpt>
    <trkpt lat="53.76120" lon="10.72340"></trkpt>
    <trkpt lat="53.76310" lon="10.72060"></trkpt>
    <trkpt lat="53.76530" lon="10.71930"></trkpt>
    <trkpt lat="53.76770" lon="10.71950"></trkpt>
    <trkpt lat="53.77010" lon="10.71830"></trkpt>
    <trkpt lat="53.77370" lon="10.71350"></trkpt>
    <trkpt lat="53.77740" lon="10.70820"></trkpt>
    <trkpt lat="53.77940" lon="10.70640"></trkpt>
    <trkpt lat="53.78250" lon="10.70510"></trkpt>
    <trkpt lat="53.78510" lon="10.70420"></trkpt>
    <trkpt lat="53.78440" lon="10.69940"></trkpt>
    <trkpt lat="53.78530" lon="10.69500"></trkpt>
    <trkpt lat="53.78660" lon="10.69140"></trkpt>
    <trkpt lat="53.78840" lon="10.68830"></trkpt>
    <trkpt lat="53.79080" lon="10.68590"></trkpt>
    <trkpt lat="53.79330" lon="10.68400"></trkpt>
    <trkpt lat="53.79530" lon="10.68220"></trkpt>
    <trkpt lat="53.79720" lon="10.68010"></trkpt>
    <trkpt lat="53.79940" lon="10.67730"></trkpt>
    <trkpt lat="53.80130" lon="10.67400"></trkpt>
    <trkpt lat="53.80340" lon="10.67010"></trkpt>
    <trkpt lat="53.80550" lon="10.66710"></trkpt>
    <trkpt lat="53.80750" lon="10.66520"></trkpt>
    <trkpt lat="53.80990" lon="10.66380"></trkpt>
    <trkpt lat="53.81230" lon="10.66320"></trkpt>
    <trkpt lat="53.81480" lon="10.66320"></trkpt>
    <trkpt lat="53.81730" lon="10.66300"></trkpt>
    <trkpt lat="53.81980" lon="10.66200"></trkpt>
    <trkpt lat="53.82230" lon="10.66000"></trkpt>
    <trkpt lat="53.82470" lon="10.65700"></trkpt>
    <trkpt lat="53.82650" lon="10.65420"></trkpt>
    <trkpt lat="53.82810" lon="10.65100"></trkpt>
    <trkpt lat="53.82940" lon="10.64780"></trkpt>
    <trkpt lat="53.83070" lon="10.64370"></trkpt>
    <trkpt lat="53.83170" lon="10.63960"></trkpt>
    <trkpt lat="53.83230" lon="10.63540"></trkpt>
    <trkpt lat="53.83240" lon="10.62580"></trkpt>
    <trkpt lat="53.83270" lon="10.62170"></trkpt>
    <trkpt lat="53.83360" lon="10.61780"></trkpt>
    <trkpt lat="53.83500" lon="10.61460"></trkpt>
    <trkpt lat="53.83690" lon="10.61180"></trkpt>
    <trkpt lat="53.83900" lon="10.61000"></trkpt>
    <trkpt lat="53.84150" lon="10.60830"></trkpt>
    <trkpt lat="53.84360" lon="10.60630"></trkpt>
    <trkpt lat="53.84570" lon="10.60360"></trkpt>
    <trkpt lat="53.84730" lon="10.60080"></trkpt>
    <trkpt lat="53.84900" lon="10.59790"></trkpt>
    <trkpt lat="53.85140" lon="10.59770"></trkpt>
    <trkpt lat="53.85310" lon="10.60080"></trkpt>
    <trkpt lat="53.85540" lon="10.60540"></trkpt>
    <trkpt lat="53.85690" lon="10.60870"></trkpt>
    <trkpt lat="53.85900" lon="10.61370"></trkpt>
    <trkpt lat="53.86120" lon="10.61920"></trkpt>
    <trkpt lat="53.86270" lon="10.62280"></trkpt>
    <trkpt lat="53.86460" lon="10.62760"></trkpt>
    <trkpt lat="53.86790" lon="10.63560"></trkpt>
    <trkpt lat="53.86960" lon="10.63940"></trkpt>
    <trkpt lat="53.87300" lon="10.64760"></trkpt>
    <trkpt lat="53.87580" lon="10.65410"></trkpt>
    <trkpt lat="53.87770" lon="10.65830"></trkpt>
    <trkpt lat="53.87980" lon="10.66150"></trkpt>
    <trkpt lat="53.88190" lon="10.66380"></trkpt>
    <trkpt lat="53.88420" lon="10.66570"></trkpt>
    <trkpt lat="53.88690" lon="10.66740"></trkpt>
    <trkpt lat="53.89200" lon="10.67050"></trkpt>
    <trkpt lat="53.89440" lon="10.67210"></trkpt>
    <trkpt lat="53.89650" lon="10.67450"></trkpt>
    <trkpt lat="53.89920" lon="10.67870"></trkpt>
    <trkpt lat="53.90110" lon="10.68160"></trkpt>
    <trkpt lat="53.90300" lon="10.68380"></trkpt>
    <trkpt lat="53.90500" lon="10.68570"></trkpt>
    <trkpt lat="53.90690" lon="10.68860"></trkpt>
    <trkpt lat="53.90830" lon="10.69240"></trkpt>
    <trkpt lat="53.90970" lon="10.69610"></trkpt>
    <trkpt lat="53.91150" lon="10.69920"></trkpt>
    <trkpt lat="53.91300" lon="10.70300"></trkpt>
    <trkpt lat="53.91420" lon="10.70860"></trkpt>
    <trkpt lat="53.91520" lon="10.71420"></trkpt>
    <trkpt lat="53.91630" lon="10.71830"></trkpt>
    <trkpt lat="53.91780" lon="10.72160"></trkpt>
    <trkpt lat="53.91970" lon="10.72390"></trkpt>
    <trkpt lat="53.92180" lon="10.72530"></trkpt>
    <trkpt lat="53.92520" lon="10.72650"></trkpt>
    <trkpt lat="53.92810" lon="10.72780"></trkpt>
    <trkpt lat="53.93050" lon="10.72970"></trkpt>
    <trkpt lat="53.93310" lon="10.73280"></trkpt>
    <trkpt lat="53.93540" lon="10.73600"></trkpt>
    <trkpt lat="53.93810" lon="10.74000"></trkpt>
    <trkpt lat="53.94020" lon="10.74280"></trkpt>
    <trkpt lat="53.94250" lon="10.74510"></trkpt>
    <trkpt lat="53.94480" lon="10.74670"></trkpt>
    <trkpt lat="53.94740" lon="10.74760"></trkpt>
    <trkpt lat="53.94950" lon="10.74790"></trkpt>
  </trkseg>
  <trkseg>
    <trkpt lat="53.94950" lon="10.74790"></trkpt>
    <trkpt lat="53.95180" lon="10.74760"></trkpt>
    <trkpt lat="53.95410" lon="10.74680"></trkpt>
    <trkpt lat="53.95640" lon="10.74540"></trkpt>
    <trkpt lat="53.95930" lon="10.74280"></trkpt>
    <trkpt lat="53.96140" lon="10.74070"></trkpt>
    <trkpt lat="53.96430" lon="10.73790"></trkpt>
    <trkpt lat="53.96650" lon="10.73610"></trkpt>
    <trkpt lat="53.96980" lon="10.73420"></trkpt>
    <trkpt lat="53.97200" lon="10.73330"></trkpt>
    <trkpt lat="53.97480" lon="10.73270"></trkpt>
    <trkpt lat="53.97840" lon="10.73270"></trkpt>
    <trkpt lat="53.98170" lon="10.73310"></trkpt>
    <trkpt lat="53.98430" lon="10.73350"></trkpt>
    <trkpt lat="53.98740" lon="10.73380"></trkpt>
    <trkpt lat="53.99070" lon="10.73360"></trkpt>
    <trkpt lat="53.99300" lon="10.73310"></trkpt>
    <trkpt lat="53.99940" lon="10.73100"></trkpt>
    <trkpt lat="54.00340" lon="10.72960"></trkpt>
    <trkpt lat="54.00680" lon="10.72890"></trkpt>
    <trkpt lat="54.00950" lon="10.72870"></trkpt>
    <trkpt lat="54.01250" lon="10.72900"></trkpt>
    <trkpt lat="54.01730" lon="10.73020"></trkpt>
    <trkpt lat="54.01970" lon="10.73080"></trkpt>
    <trkpt lat="54.02210" lon="10.73130"></trkpt>
    <trkpt lat="54.02470" lon="10.73140"></trkpt>
    <trkpt lat="54.02720" lon="10.73120"></trkpt>
    <trkpt lat="54.02970" lon="10.73070"></trkpt>
    <trkpt lat="54.03410" lon="10.72940"></trkpt>
    <trkpt lat="54.03750" lon="10.72850"></trkpt>
    <trkpt lat="54.04000" lon="10.72830"></trkpt>
    <trkpt lat="54.04230" lon="10.72850"></trkpt>
    <trkpt lat="54.04510" lon="10.72930"></trkpt>
    <trkpt lat="54.04760" lon="10.73040"></trkpt>
    <trkpt lat="54.05090" lon="10.73270"></trkpt>
    <trkpt lat="54.05340" lon="10.73510"></trkpt>
    <trkpt lat="54.05550" lon="10.73760"></trkpt>
    <trkpt lat="54.05740" lon="10.74040"></trkpt>
    <trkpt lat="54.05940" lon="10.74370"></trkpt>
    <trkpt lat="54.06130" lon="10.74680"></trkpt>
    <trkpt lat="54.06320" lon="10.74950"></trkpt>
    <trkpt lat="54.06530" lon="10.75220"></trkpt>
    <trkpt lat="54.06740" lon="10.75440"></trkpt>
    <trkpt lat="54.06980" lon="10.75650"></trkpt>
    <trkpt lat="54.07200" lon="10.75800"></trkpt>
    <trkpt lat="54.07450" lon="10.75940"></trkpt>
    <trkpt lat="54.07770" lon="10.76070"></trkpt>
    <trkpt lat="54.08050" lon="10.76200"></trkpt>
    <trkpt lat="54.08270" lon="10.76310"></trkpt>
    <trkpt lat="54.08510" lon="10.76500"></trkpt>
    <trkpt lat="54.08750" lon="10.76750"></trkpt>
    <trkpt lat="54.08950" lon="10.77010"></trkpt>
    <trkpt lat="54.09160" lon="10.77290"></trkpt>
    <trkpt lat="54.09370" lon="10.77520"></trkpt>
    <trkpt lat="54.09620" lon="10.77740"></trkpt>
    <trkpt lat="54.09850" lon="10.77890"></trkpt>
    <trkpt lat="54.10150" lon="10.78030"></trkpt>
    <trkpt lat="54.10470" lon="10.78140"></trkpt>
    <trkpt lat="54.10730" lon="10.78210"></trkpt>
    <trkpt lat="54.11010" lon="10.78300"></trkpt>
    <trkpt lat="54.11260" lon="10.78410"></trkpt>
    <trkpt lat="54.11510" lon="10.78560"></trkpt>
    <trkpt lat="54.11740" lon="10.78760"></trkpt>
    <trkpt lat="54.11930" lon="10.78970"></trkpt>
    <trkpt lat="54.12120" lon="10.79300"></trkpt>
    <trkpt lat="54.12250" lon="10.79690"></trkpt>
    <trkpt lat="54.12330" lon="10.80100"></trkpt>
    <trkpt lat="54.12410" lon="10.80650"></trkpt>
    <trkpt lat="54.12470" lon="10.81120"></trkpt>
    <trkpt lat="54.12520" lon="10.81610"></trkpt>
    <trkpt lat="54.12610" lon="10.82100"></trkpt>
    <trkpt lat="54.12730" lon="10.82550"></trkpt>
    <trkpt lat="54.12850" lon="10.82890"></trkpt>
    <trkpt lat="54.13020" lon="10.83230"></trkpt>
    <trkpt lat="54.13220" lon="10.83530"></trkpt>
    <trkpt lat="54.13420" lon="10.83750"></trkpt>
    <trkpt lat="54.13650" lon="10.83970"></trkpt>
    <trkpt lat="54.13940" lon="10.84190"></trkpt>
    <trkpt lat="54.14150" lon="10.84330"></trkpt>
    <trkpt lat="54.14420" lon="10.84500"></trkpt>
    <trkpt lat="54.14670" lon="10.84680"></trkpt>
    <trkpt lat="54.14880" lon="10.84860"></trkpt>
    <trkpt lat="54.15120" lon="10.85100"></trkpt>
    <trkpt lat="54.15370" lon="10.85400"></trkpt>
    <trkpt lat="54.15580" lon="10.85700"></trkpt>
    <trkpt lat="54.15820" lon="10.86080"></trkpt>
    <trkpt lat="54.15990" lon="10.86350"></trkpt>
    <trkpt lat="54.16330" lon="10.86920"></trkpt>
    <trkpt lat="54.16620" lon="10.87410"></trkpt>
    <trkpt lat="54.16890" lon="10.87860"></trkpt>
    <trkpt lat="54.17090" lon="10.88170"></trkpt>
    <trkpt lat="54.17290" lon="10.88440"></trkpt>
    <trkpt lat="54.17560" lon="10.88750"></trkpt>
    <trkpt lat="54.17770" lon="10.88940"></trkpt>
    <trkpt lat="54.18050" lon="10.89160"></trkpt>
    <trkpt lat="54.18290" lon="10.89310"></trkpt>
    <trkpt lat="54.18530" lon="10.89440"></trkpt>
    <trkpt lat="54.18820" lon="10.89540"></trkpt>
    <trkpt lat="54.19110" lon="10.89620"></trkpt>
    <trkpt lat="54.19430" lon="10.89700"></trkpt>
    <trkpt lat="54.19980" lon="10.89830"></trkpt>
    <trkpt lat="54.20320" lon="10.89920"></trkpt>
    <trkpt lat="54.20640" lon="10.90000"></trkpt>
    <trkpt lat="54.21170" lon="10.90130"></trkpt>
    <trkpt lat="54.21440" lon="10.90190"></trkpt>
    <trkpt lat="54.21690" lon="10.90220"></trkpt>
    <trkpt lat="54.21930" lon="10.90230"></trkpt>
    <trkpt lat="54.22160" lon="10.90190"></trkpt>
    <trkpt lat="54.22390" lon="10.90130"></trkpt>
    <trkpt lat="54.22650" lon="10.90010"></trkpt>
    <trkpt lat="54.22910" lon="10.89870"></trkpt>
    <trkpt lat="54.23160" lon="10.89710"></trkpt>
    <trkpt lat="54.23550" lon="10.89440"></trkpt>
    <trkpt lat="54.23770" lon="10.89290"></trkpt>
    <trkpt lat="54.24030" lon="10.89130"></trkpt>
    <trkpt lat="54.24290" lon="10.89000"></trkpt>
    <trkpt lat="54.24530" lon="10.88910"></trkpt>
    <trkpt lat="54.24770" lon="10.88840"></trkpt>
    <trkpt lat="54.25020" lon="10.88800"></trkpt>
    <trkpt lat="54.25260" lon="10.88780"></trkpt>
    <trkpt lat="54.25490" lon="10.88790"></trkpt>
    <trkpt lat="54.25760" lon="10.88820"></trkpt>
    <trkpt lat="54.26070" lon="10.88910"></trkpt>
    <trkpt lat="54.26300" lon="10.88990"></trkpt>
    <trkpt lat="54.26550" lon="10.88980"></trkpt>
    <trkpt lat="54.26780" lon="10.88810"></trkpt>
    <trkpt lat="54.26990" lon="10.88620"></trkpt>
    <trkpt lat="54.27210" lon="10.88470"></trkpt>
    <trkpt lat="54.27500" lon="10.88330"></trkpt>
    <trkpt lat="54.27750" lon="10.88200"></trkpt>
    <trkpt lat="54.27960" lon="10.88040"></trkpt>
    <trkpt lat="54.28230" lon="10.87820"></trkpt>
    <trkpt lat="54.28570" lon="10.87530"></trkpt>
    <trkpt lat="54.28880" lon="10.87280"></trkpt>
    <trkpt lat="54.29110" lon="10.87120"></trkpt>
    <trkpt lat="54.29350" lon="10.87080"></trkpt>
    <trkpt lat="54.29580" lon="10.87200"></trkpt>
    <trkpt lat="54.29770" lon="10.87470"></trkpt>
    <trkpt lat="54.29890" lon="10.87810"></trkpt>
    <trkpt lat="54.30000" lon="10.88320"></trkpt>
    <trkpt lat="54.30110" lon="10.88810"></trkpt>
    <trkpt lat="54.30200" lon="10.89210"></trkpt>
    <trkpt lat="54.30310" lon="10.89600"></trkpt>
    <trkpt lat="54.30460" lon="10.89980"></trkpt>
    <trkpt lat="54.30680" lon="10.90460"></trkpt>
    <trkpt lat="54.30850" lon="10.90730"></trkpt>
    <trkpt lat="54.31060" lon="10.90950"></trkpt>
    <trkpt lat="54.31340" lon="10.91230"></trkpt>
    <trkpt lat="54.31520" lon="10.91480"></trkpt>
    <trkpt lat="54.31680" lon="10.91830"></trkpt>
    <trkpt lat="54.31870" lon="10.92180"></trkpt>
    <trkpt lat="54.32080" lon="10.92540"></trkpt>
    <trkpt lat="54.32280" lon="10.92860"></trkpt>
    <trkpt lat="54.32470" lon="10.93100"></trkpt>
    <trkpt lat="54.32740" lon="10.93220"></trkpt>
    <trkpt lat="54.32990" lon="10.93260"></trkpt>
    <trkpt lat="54.33240" lon="10.93420"></trkpt>
    <trkpt lat="54.33460" lon="10.93610"></trkpt>
    <trkpt lat="54.33990" lon="10.94150"></trkpt>
    <trkpt lat="54.34580" lon="10.94750"></trkpt>
    <trkpt lat="54.34880" lon="10.95050"></trkpt>
    <trkpt lat="54.35210" lon="10.95380"></trkpt>
    <trkpt lat="54.35560" lon="10.95740"></trkpt>
    <trkpt lat="54.35780" lon="10.95960"></trkpt>
  </trkseg>
  <trkseg>
    <trkpt lat="54.35780" lon="10.95960"></trkpt>
    <trkpt lat="54.35960" lon="10.96200"></trkpt>
    <trkpt lat="54.36180" lon="10.96320"></trkpt>
    <trkpt lat="54.36370" lon="10.96540"></trkpt>
    <trkpt lat="54.36600" lon="10.96770"></trkpt>
    <trkpt lat="54.36880" lon="10.97060"></trkpt>
    <trkpt lat="54.37090" lon="10.97260"></trkpt>
    <trkpt lat="54.37300" lon="10.97430"></trkpt>
    <trkpt lat="54.37430" lon="10.97090"></trkpt>
    <trkpt lat="54.37450" lon="10.96660"></trkpt>
    <trkpt lat="54.37490" lon="10.96270"></trkpt>
    <trkpt lat="54.37600" lon="10.95760"></trkpt>
    <trkpt lat="54.37750" lon="10.95460"></trkpt>
    <trkpt lat="54.37740" lon="10.95410"></trkpt>
  </trkseg>
</trk>
</gpx>