<?xml version="1.0" encoding="UTF-8"?>
<gpx version="1.1" creator="Linz-Optimizer-v8" xmlns="http://www.topografix.com/GPX/1/1">
<trk>
  <name>Gjende-Nigardsbreen</name>
  <type>Fahren</type>
  <trkseg>
    <trkpt lat="61.48840" lon="8.84230"></trkpt>
    <trkpt lat="61.48800" lon="8.84150"></trkpt>
    <trkpt lat="61.48770" lon="8.84070"></trkpt>
    <trkpt lat="61.48770" lon="8.83910"></trkpt>
    <trkpt lat="61.48830" lon="8.83910"></trkpt>
    <trkpt lat="61.48880" lon="8.83920"></trkpt>
    <trkpt lat="61.48930" lon="8.83950"></trkpt>
    <trkpt lat="61.48990" lon="8.84010"></trkpt>
    <trkpt lat="61.49130" lon="8.84140"></trkpt>
    <trkpt lat="61.49250" lon="8.84250"></trkpt>
    <trkpt lat="61.49320" lon="8.84310"></trkpt>
    <trkpt lat="61.49370" lon="8.84350"></trkpt>
    <trkpt lat="61.49440" lon="8.84380"></trkpt>
    <trkpt lat="61.49560" lon="8.84430"></trkpt>
    <trkpt lat="61.49610" lon="8.84450"></trkpt>
    <trkpt lat="61.49660" lon="8.84470"></trkpt>
    <trkpt lat="61.49740" lon="8.84460"></trkpt>
    <trkpt lat="61.49790" lon="8.84430"></trkpt>
    <trkpt lat="61.49850" lon="8.84390"></trkpt>
    <trkpt lat="61.49910" lon="8.84340"></trkpt>
    <trkpt lat="61.50030" lon="8.84240"></trkpt>
    <trkpt lat="61.50100" lon="8.84170"></trkpt>
    <trkpt lat="61.50170" lon="8.84110"></trkpt>
    <trkpt lat="61.50220" lon="8.84080"></trkpt>
    <trkpt lat="61.50280" lon="8.84050"></trkpt>
    <trkpt lat="61.50350" lon="8.84040"></trkpt>
    <trkpt lat="61.50400" lon="8.84050"></trkpt>
    <trkpt lat="61.50480" lon="8.84070"></trkpt>
    <trkpt lat="61.50540" lon="8.84080"></trkpt>
    <trkpt lat="61.50600" lon="8.84100"></trkpt>
    <trkpt lat="61.50710" lon="8.84120"></trkpt>
    <trkpt lat="61.50830" lon="8.84140"></trkpt>
    <trkpt lat="61.50900" lon="8.84170"></trkpt>
    <trkpt lat="61.50970" lon="8.84220"></trkpt>
    <trkpt lat="61.51030" lon="8.84270"></trkpt>
    <trkpt lat="61.51090" lon="8.84350"></trkpt>
    <trkpt lat="61.51150" lon="8.84430"></trkpt>
    <trkpt lat="61.51190" lon="8.84500"></trkpt>
    <trkpt lat="61.51240" lon="8.84640"></trkpt>
    <trkpt lat="61.51270" lon="8.84720"></trkpt>
    <trkpt lat="61.51320" lon="8.84910"></trkpt>
    <trkpt lat="61.51360" lon="8.85100"></trkpt>
    <trkpt lat="61.51390" lon="8.85190"></trkpt>
    <trkpt lat="61.51420" lon="8.85300"></trkpt>
    <trkpt lat="61.51450" lon="8.85390"></trkpt>
    <trkpt lat="61.51480" lon="8.85480"></trkpt>
    <trkpt lat="61.51570" lon="8.85760"></trkpt>
    <trkpt lat="61.51620" lon="8.85940"></trkpt>
    <trkpt lat="61.51640" lon="8.86030"></trkpt>
    <trkpt lat="61.51680" lon="8.86130"></trkpt>
    <trkpt lat="61.51720" lon="8.86210"></trkpt>
    <trkpt lat="61.51770" lon="8.86260"></trkpt>
    <trkpt lat="61.51820" lon="8.86330"></trkpt>
    <trkpt lat="61.51880" lon="8.86380"></trkpt>
    <trkpt lat="61.52050" lon="8.86530"></trkpt>
    <trkpt lat="61.52170" lon="8.86650"></trkpt>
    <trkpt lat="61.52290" lon="8.86750"></trkpt>
    <trkpt lat="61.52330" lon="8.86800"></trkpt>
    <trkpt lat="61.52380" lon="8.86860"></trkpt>
    <trkpt lat="61.52420" lon="8.86920"></trkpt>
    <trkpt lat="61.52460" lon="8.87070"></trkpt>
    <trkpt lat="61.52510" lon="8.87150"></trkpt>
    <trkpt lat="61.52560" lon="8.87220"></trkpt>
    <trkpt lat="61.52600" lon="8.87310"></trkpt>
    <trkpt lat="61.52630" lon="8.87410"></trkpt>
    <trkpt lat="61.52670" lon="8.87540"></trkpt>
    <trkpt lat="61.52710" lon="8.87630"></trkpt>
    <trkpt lat="61.52760" lon="8.87700"></trkpt>
    <trkpt lat="61.52870" lon="8.87820"></trkpt>
    <trkpt lat="61.52930" lon="8.87870"></trkpt>
    <trkpt lat="61.52980" lon="8.87900"></trkpt>
    <trkpt lat="61.53030" lon="8.87920"></trkpt>
    <trkpt lat="61.53100" lon="8.87970"></trkpt>
    <trkpt lat="61.53180" lon="8.88060"></trkpt>
    <trkpt lat="61.53230" lon="8.88120"></trkpt>
    <trkpt lat="61.53300" lon="8.88170"></trkpt>
    <trkpt lat="61.53390" lon="8.88220"></trkpt>
    <trkpt lat="61.53510" lon="8.88300"></trkpt>
    <trkpt lat="61.53620" lon="8.88360"></trkpt>
    <trkpt lat="61.53700" lon="8.88400"></trkpt>
    <trkpt lat="61.53770" lon="8.88440"></trkpt>
    <trkpt lat="61.53820" lon="8.88510"></trkpt>
    <trkpt lat="61.53870" lon="8.88600"></trkpt>
    <trkpt lat="61.53940" lon="8.88740"></trkpt>
    <trkpt lat="61.54040" lon="8.88950"></trkpt>
    <trkpt lat="61.54080" lon="8.89040"></trkpt>
    <trkpt lat="61.54110" lon="8.89140"></trkpt>
    <trkpt lat="61.54140" lon="8.89240"></trkpt>
    <trkpt lat="61.54160" lon="8.89350"></trkpt>
    <trkpt lat="61.54170" lon="8.89450"></trkpt>
    <trkpt lat="61.54180" lon="8.89670"></trkpt>
    <trkpt lat="61.54190" lon="8.89810"></trkpt>
    <trkpt lat="61.54210" lon="8.89920"></trkpt>
    <trkpt lat="61.54250" lon="8.90060"></trkpt>
    <trkpt lat="61.54310" lon="8.90280"></trkpt>
    <trkpt lat="61.54340" lon="8.90360"></trkpt>
    <trkpt lat="61.54420" lon="8.90490"></trkpt>
    <trkpt lat="61.54480" lon="8.90600"></trkpt>
    <trkpt lat="61.54530" lon="8.90680"></trkpt>
    <trkpt lat="61.54570" lon="8.90750"></trkpt>
    <trkpt lat="61.54610" lon="8.90860"></trkpt>
    <trkpt lat="61.54650" lon="8.91000"></trkpt>
    <trkpt lat="61.54690" lon="8.91150"></trkpt>
    <trkpt lat="61.54720" lon="8.91250"></trkpt>
    <trkpt lat="61.54750" lon="8.91350"></trkpt>
    <trkpt lat="61.54780" lon="8.91450"></trkpt>
    <trkpt lat="61.54820" lon="8.91520"></trkpt>
    <trkpt lat="61.54860" lon="8.91600"></trkpt>
    <trkpt lat="61.54890" lon="8.91690"></trkpt>
    <trkpt lat="61.54930" lon="8.91860"></trkpt>
    <trkpt lat="61.54950" lon="8.91950"></trkpt>
    <trkpt lat="61.54990" lon="8.92030"></trkpt>
    <trkpt lat="61.55030" lon="8.92100"></trkpt>
    <trkpt lat="61.55080" lon="8.92150"></trkpt>
    <trkpt lat="61.55130" lon="8.92190"></trkpt>
    <trkpt lat="61.55180" lon="8.92220"></trkpt>
    <trkpt lat="61.55230" lon="8.92210"></trkpt>
    <trkpt lat="61.55280" lon="8.92160"></trkpt>
    <trkpt lat="61.55340" lon="8.92050"></trkpt>
    <trkpt lat="61.55380" lon="8.91990"></trkpt>
    <trkpt lat="61.55440" lon="8.91940"></trkpt>
    <trkpt lat="61.55500" lon="8.91890"></trkpt>
    <trkpt lat="61.55550" lon="8.91860"></trkpt>
    <trkpt lat="61.55620" lon="8.91830"></trkpt>
    <trkpt lat="61.55670" lon="8.91790"></trkpt>
    <trkpt lat="61.55770" lon="8.91700"></trkpt>
    <trkpt lat="61.55830" lon="8.91650"></trkpt>
    <trkpt lat="61.55890" lon="8.91640"></trkpt>
    <trkpt lat="61.55940" lon="8.91640"></trkpt>
    <trkpt lat="61.55990" lon="8.91670"></trkpt>
    <trkpt lat="61.56080" lon="8.91740"></trkpt>
    <trkpt lat="61.56130" lon="8.91780"></trkpt>
    <trkpt lat="61.56180" lon="8.91840"></trkpt>
    <trkpt lat="61.56220" lon="8.91900"></trkpt>
    <trkpt lat="61.56270" lon="8.91950"></trkpt>
    <trkpt lat="61.56330" lon="8.92010"></trkpt>
    <trkpt lat="61.56410" lon="8.92060"></trkpt>
    <trkpt lat="61.56470" lon="8.92120"></trkpt>
    <trkpt lat="61.56530" lon="8.92200"></trkpt>
    <trkpt lat="61.56630" lon="8.92320"></trkpt>
    <trkpt lat="61.56700" lon="8.92400"></trkpt>
    <trkpt lat="61.56740" lon="8.92450"></trkpt>
    <trkpt lat="61.56800" lon="8.92480"></trkpt>
    <trkpt lat="61.56850" lon="8.92480"></trkpt>
    <trkpt lat="61.56910" lon="8.92450"></trkpt>
    <trkpt lat="61.56970" lon="8.92410"></trkpt>
    <trkpt lat="61.57020" lon="8.92390"></trkpt>
    <trkpt lat="61.57070" lon="8.92390"></trkpt>
    <trkpt lat="61.57120" lon="8.92400"></trkpt>
    <trkpt lat="61.57170" lon="8.92410"></trkpt>
    <trkpt lat="61.57220" lon="8.92390"></trkpt>
    <trkpt lat="61.57400" lon="8.92260"></trkpt>
    <trkpt lat="61.57450" lon="8.92230"></trkpt>
    <trkpt lat="61.57500" lon="8.92190"></trkpt>
    <trkpt lat="61.57570" lon="8.92160"></trkpt>
    <trkpt lat="61.57620" lon="8.92140"></trkpt>
    <trkpt lat="61.57670" lon="8.92140"></trkpt>
    <trkpt lat="61.57790" lon="8.92170"></trkpt>
    <trkpt lat="61.57910" lon="8.92220"></trkpt>
    <trkpt lat="61.58140" lon="8.92310"></trkpt>
    <trkpt lat="61.58300" lon="8.92360"></trkpt>
    <trkpt lat="61.58350" lon="8.92390"></trkpt>
    <trkpt lat="61.58400" lon="8.92420"></trkpt>
    <trkpt lat="61.58510" lon="8.92550"></trkpt>
    <trkpt lat="61.58590" lon="8.92650"></trkpt>
    <trkpt lat="61.58660" lon="8.92730"></trkpt>
    <trkpt lat="61.58720" lon="8.92810"></trkpt>
    <trkpt lat="61.58860" lon="8.93010"></trkpt>
    <trkpt lat="61.58960" lon="8.93160"></trkpt>
    <trkpt lat="61.59000" lon="8.93210"></trkpt>
    <trkpt lat="61.59050" lon="8.93280"></trkpt>
    <trkpt lat="61.59110" lon="8.93320"></trkpt>
    <trkpt lat="61.59160" lon="8.93360"></trkpt>
    <trkpt lat="61.59220" lon="8.93410"></trkpt>
    <trkpt lat="61.59330" lon="8.93530"></trkpt>
    <trkpt lat="61.59450" lon="8.93670"></trkpt>
    <trkpt lat="61.59510" lon="8.93720"></trkpt>
    <trkpt lat="61.59850" lon="8.93960"></trkpt>
    <trkpt lat="61.59910" lon="8.94000"></trkpt>
    <trkpt lat="61.59980" lon="8.94080"></trkpt>
    <trkpt lat="61.60040" lon="8.94150"></trkpt>
    <trkpt lat="61.60120" lon="8.94250"></trkpt>
    <trkpt lat="61.60190" lon="8.94360"></trkpt>
    <trkpt lat="61.60240" lon="8.94430"></trkpt>
    <trkpt lat="61.60300" lon="8.94490"></trkpt>
    <trkpt lat="61.60420" lon="8.94590"></trkpt>
    <trkpt lat="61.60560" lon="8.94720"></trkpt>
    <trkpt lat="61.60710" lon="8.94850"></trkpt>
    <trkpt lat="61.60790" lon="8.94920"></trkpt>
    <trkpt lat="61.60860" lon="8.95000"></trkpt>
    <trkpt lat="61.60920" lon="8.95050"></trkpt>
    <trkpt lat="61.60980" lon="8.95080"></trkpt>
    <trkpt lat="61.61060" lon="8.95140"></trkpt>
    <trkpt lat="61.61260" lon="8.95320"></trkpt>
    <trkpt lat="61.61320" lon="8.95360"></trkpt>
    <trkpt lat="61.61370" lon="8.95400"></trkpt>
    <trkpt lat="61.61410" lon="8.95460"></trkpt>
    <trkpt lat="61.61470" lon="8.95520"></trkpt>
    <trkpt lat="61.61510" lon="8.95570"></trkpt>
    <trkpt lat="61.61560" lon="8.95650"></trkpt>
    <trkpt lat="61.61610" lon="8.95740"></trkpt>
    <trkpt lat="61.61640" lon="8.95830"></trkpt>
    <trkpt lat="61.61670" lon="8.95930"></trkpt>
    <trkpt lat="61.61700" lon="8.96080"></trkpt>
    <trkpt lat="61.61720" lon="8.96170"></trkpt>
    <trkpt lat="61.61720" lon="8.96180"></trkpt>
  </trkseg>
  <trkseg>
    <trkpt lat="61.61720" lon="8.96180"></trkpt>
    <trkpt lat="61.61740" lon="8.96320"></trkpt>
    <trkpt lat="61.61740" lon="8.96460"></trkpt>
    <trkpt lat="61.61730" lon="8.96570"></trkpt>
    <trkpt lat="61.61720" lon="8.96680"></trkpt>
    <trkpt lat="61.61710" lon="8.96800"></trkpt>
    <trkpt lat="61.61710" lon="8.96990"></trkpt>
    <trkpt lat="61.61710" lon="8.97100"></trkpt>
    <trkpt lat="61.61730" lon="8.97190"></trkpt>
    <trkpt lat="61.61770" lon="8.97260"></trkpt>
    <trkpt lat="61.61820" lon="8.97280"></trkpt>
    <trkpt lat="61.61870" lon="8.97270"></trkpt>
    <trkpt lat="61.61930" lon="8.97230"></trkpt>
    <trkpt lat="61.61980" lon="8.97220"></trkpt>
    <trkpt lat="61.62020" lon="8.97270"></trkpt>
    <trkpt lat="61.62050" lon="8.97380"></trkpt>
    <trkpt lat="61.62080" lon="8.97470"></trkpt>
    <trkpt lat="61.62110" lon="8.97550"></trkpt>
    <trkpt lat="61.62150" lon="8.97600"></trkpt>
    <trkpt lat="61.62210" lon="8.97640"></trkpt>
    <trkpt lat="61.62300" lon="8.97710"></trkpt>
    <trkpt lat="61.62360" lon="8.97760"></trkpt>
    <trkpt lat="61.62400" lon="8.97810"></trkpt>
    <trkpt lat="61.62440" lon="8.97920"></trkpt>
    <trkpt lat="61.62470" lon="8.98070"></trkpt>
    <trkpt lat="61.62500" lon="8.98180"></trkpt>
    <trkpt lat="61.62540" lon="8.98280"></trkpt>
    <trkpt lat="61.62570" lon="8.98380"></trkpt>
    <trkpt lat="61.62600" lon="8.98460"></trkpt>
    <trkpt lat="61.62680" lon="8.98650"></trkpt>
    <trkpt lat="61.62730" lon="8.98770"></trkpt>
    <trkpt lat="61.62830" lon="8.98990"></trkpt>
    <trkpt lat="61.62880" lon="8.99110"></trkpt>
    <trkpt lat="61.62930" lon="8.99190"></trkpt>
    <trkpt lat="61.62990" lon="8.99270"></trkpt>
    <trkpt lat="61.63050" lon="8.99330"></trkpt>
    <trkpt lat="61.63100" lon="8.99350"></trkpt>
    <trkpt lat="61.63240" lon="8.99390"></trkpt>
    <trkpt lat="61.63370" lon="8.99420"></trkpt>
    <trkpt lat="61.63510" lon="8.99460"></trkpt>
    <trkpt lat="61.63620" lon="8.99490"></trkpt>
    <trkpt lat="61.63690" lon="8.99510"></trkpt>
    <trkpt lat="61.63740" lon="8.99530"></trkpt>
    <trkpt lat="61.63790" lon="8.99600"></trkpt>
    <trkpt lat="61.63830" lon="8.99700"></trkpt>
    <trkpt lat="61.63870" lon="8.99850"></trkpt>
    <trkpt lat="61.63930" lon="9.00040"></trkpt>
    <trkpt lat="61.63970" lon="9.00180"></trkpt>
    <trkpt lat="61.63990" lon="9.00280"></trkpt>
    <trkpt lat="61.64020" lon="9.00460"></trkpt>
    <trkpt lat="61.64030" lon="9.00560"></trkpt>
    <trkpt lat="61.64060" lon="9.00640"></trkpt>
    <trkpt lat="61.64110" lon="9.00730"></trkpt>
    <trkpt lat="61.64210" lon="9.00860"></trkpt>
    <trkpt lat="61.64250" lon="9.00920"></trkpt>
    <trkpt lat="61.64390" lon="9.01000"></trkpt>
    <trkpt lat="61.64450" lon="9.01010"></trkpt>
    <trkpt lat="61.64500" lon="9.01020"></trkpt>
    <trkpt lat="61.64620" lon="9.01040"></trkpt>
    <trkpt lat="61.64690" lon="9.01050"></trkpt>
    <trkpt lat="61.64800" lon="9.01060"></trkpt>
    <trkpt lat="61.64870" lon="9.01070"></trkpt>
    <trkpt lat="61.64970" lon="9.01080"></trkpt>
    <trkpt lat="61.65020" lon="9.01080"></trkpt>
    <trkpt lat="61.65070" lon="9.01030"></trkpt>
    <trkpt lat="61.65120" lon="9.01010"></trkpt>
    <trkpt lat="61.65170" lon="9.01040"></trkpt>
    <trkpt lat="61.65310" lon="9.01360"></trkpt>
    <trkpt lat="61.65410" lon="9.01570"></trkpt>
    <trkpt lat="61.65460" lon="9.01660"></trkpt>
    <trkpt lat="61.65560" lon="9.01880"></trkpt>
    <trkpt lat="61.65610" lon="9.01980"></trkpt>
    <trkpt lat="61.65660" lon="9.02100"></trkpt>
    <trkpt lat="61.65730" lon="9.02260"></trkpt>
    <trkpt lat="61.65770" lon="9.02360"></trkpt>
    <trkpt lat="61.65830" lon="9.02490"></trkpt>
    <trkpt lat="61.65870" lon="9.02560"></trkpt>
    <trkpt lat="61.65910" lon="9.02610"></trkpt>
    <trkpt lat="61.65970" lon="9.02670"></trkpt>
    <trkpt lat="61.66200" lon="9.02730"></trkpt>
    <trkpt lat="61.66400" lon="9.02780"></trkpt>
    <trkpt lat="61.66670" lon="9.02840"></trkpt>
    <trkpt lat="61.66720" lon="9.02860"></trkpt>
    <trkpt lat="61.66770" lon="9.02920"></trkpt>
    <trkpt lat="61.66820" lon="9.03010"></trkpt>
    <trkpt lat="61.66860" lon="9.03110"></trkpt>
    <trkpt lat="61.66900" lon="9.03200"></trkpt>
    <trkpt lat="61.66960" lon="9.03310"></trkpt>
    <trkpt lat="61.66990" lon="9.03390"></trkpt>
    <trkpt lat="61.67030" lon="9.03450"></trkpt>
    <trkpt lat="61.67100" lon="9.03650"></trkpt>
    <trkpt lat="61.67140" lon="9.03730"></trkpt>
    <trkpt lat="61.67190" lon="9.03770"></trkpt>
    <trkpt lat="61.67250" lon="9.03810"></trkpt>
    <trkpt lat="61.67300" lon="9.03860"></trkpt>
    <trkpt lat="61.67380" lon="9.04010"></trkpt>
    <trkpt lat="61.67430" lon="9.04080"></trkpt>
    <trkpt lat="61.67480" lon="9.04150"></trkpt>
    <trkpt lat="61.67580" lon="9.04360"></trkpt>
    <trkpt lat="61.67620" lon="9.04460"></trkpt>
    <trkpt lat="61.67660" lon="9.04620"></trkpt>
    <trkpt lat="61.67690" lon="9.04710"></trkpt>
    <trkpt lat="61.67720" lon="9.04800"></trkpt>
    <trkpt lat="61.67810" lon="9.04940"></trkpt>
    <trkpt lat="61.67880" lon="9.05030"></trkpt>
    <trkpt lat="61.67930" lon="9.05100"></trkpt>
    <trkpt lat="61.68000" lon="9.05190"></trkpt>
    <trkpt lat="61.68040" lon="9.05270"></trkpt>
    <trkpt lat="61.68060" lon="9.05370"></trkpt>
    <trkpt lat="61.68090" lon="9.05530"></trkpt>
    <trkpt lat="61.68130" lon="9.05610"></trkpt>
    <trkpt lat="61.68170" lon="9.05660"></trkpt>
    <trkpt lat="61.68340" lon="9.05790"></trkpt>
    <trkpt lat="61.68440" lon="9.05870"></trkpt>
    <trkpt lat="61.68490" lon="9.05890"></trkpt>
    <trkpt lat="61.68540" lon="9.05880"></trkpt>
    <trkpt lat="61.68680" lon="9.05830"></trkpt>
    <trkpt lat="61.68730" lon="9.05810"></trkpt>
    <trkpt lat="61.68790" lon="9.05780"></trkpt>
    <trkpt lat="61.68870" lon="9.05750"></trkpt>
    <trkpt lat="61.68960" lon="9.05730"></trkpt>
    <trkpt lat="61.69010" lon="9.05730"></trkpt>
    <trkpt lat="61.69080" lon="9.05800"></trkpt>
    <trkpt lat="61.69140" lon="9.05860"></trkpt>
    <trkpt lat="61.69370" lon="9.06030"></trkpt>
    <trkpt lat="61.69420" lon="9.06050"></trkpt>
    <trkpt lat="61.69470" lon="9.06050"></trkpt>
    <trkpt lat="61.69530" lon="9.06040"></trkpt>
    <trkpt lat="61.69590" lon="9.06020"></trkpt>
    <trkpt lat="61.69760" lon="9.05980"></trkpt>
    <trkpt lat="61.69810" lon="9.05970"></trkpt>
    <trkpt lat="61.69990" lon="9.05920"></trkpt>
    <trkpt lat="61.70150" lon="9.05880"></trkpt>
    <trkpt lat="61.70280" lon="9.05850"></trkpt>
    <trkpt lat="61.70350" lon="9.05830"></trkpt>
    <trkpt lat="61.70500" lon="9.05790"></trkpt>
    <trkpt lat="61.70800" lon="9.05730"></trkpt>
    <trkpt lat="61.70880" lon="9.05710"></trkpt>
    <trkpt lat="61.70930" lon="9.05670"></trkpt>
    <trkpt lat="61.70990" lon="9.05580"></trkpt>
    <trkpt lat="61.71050" lon="9.05520"></trkpt>
    <trkpt lat="61.71140" lon="9.05450"></trkpt>
    <trkpt lat="61.71180" lon="9.05400"></trkpt>
    <trkpt lat="61.71290" lon="9.05180"></trkpt>
    <trkpt lat="61.71330" lon="9.05130"></trkpt>
    <trkpt lat="61.71390" lon="9.05100"></trkpt>
    <trkpt lat="61.71450" lon="9.05120"></trkpt>
    <trkpt lat="61.71520" lon="9.05160"></trkpt>
    <trkpt lat="61.71570" lon="9.05190"></trkpt>
    <trkpt lat="61.71620" lon="9.05230"></trkpt>
    <trkpt lat="61.71670" lon="9.05280"></trkpt>
    <trkpt lat="61.71810" lon="9.05460"></trkpt>
    <trkpt lat="61.71970" lon="9.05690"></trkpt>
    <trkpt lat="61.72160" lon="9.05940"></trkpt>
    <trkpt lat="61.72270" lon="9.06100"></trkpt>
    <trkpt lat="61.72320" lon="9.06170"></trkpt>
    <trkpt lat="61.72420" lon="9.06300"></trkpt>
    <trkpt lat="61.72460" lon="9.06360"></trkpt>
    <trkpt lat="61.72540" lon="9.06470"></trkpt>
    <trkpt lat="61.72680" lon="9.06660"></trkpt>
    <trkpt lat="61.72720" lon="9.06730"></trkpt>
    <trkpt lat="61.72800" lon="9.07000"></trkpt>
    <trkpt lat="61.72830" lon="9.07110"></trkpt>
    <trkpt lat="61.72850" lon="9.07320"></trkpt>
    <trkpt lat="61.72870" lon="9.07440"></trkpt>
    <trkpt lat="61.72930" lon="9.07620"></trkpt>
    <trkpt lat="61.72950" lon="9.07720"></trkpt>
    <trkpt lat="61.72990" lon="9.07910"></trkpt>
    <trkpt lat="61.73010" lon="9.08030"></trkpt>
    <trkpt lat="61.73050" lon="9.08120"></trkpt>
    <trkpt lat="61.73090" lon="9.08200"></trkpt>
    <trkpt lat="61.73130" lon="9.08290"></trkpt>
    <trkpt lat="61.73160" lon="9.08370"></trkpt>
    <trkpt lat="61.73210" lon="9.08520"></trkpt>
    <trkpt lat="61.73240" lon="9.08620"></trkpt>
    <trkpt lat="61.73280" lon="9.08700"></trkpt>
    <trkpt lat="61.73390" lon="9.08970"></trkpt>
    <trkpt lat="61.73430" lon="9.09070"></trkpt>
    <trkpt lat="61.73470" lon="9.09120"></trkpt>
    <trkpt lat="61.73550" lon="9.09160"></trkpt>
    <trkpt lat="61.73640" lon="9.09210"></trkpt>
    <trkpt lat="61.73690" lon="9.09210"></trkpt>
    <trkpt lat="61.73760" lon="9.09190"></trkpt>
    <trkpt lat="61.73830" lon="9.09150"></trkpt>
    <trkpt lat="61.73910" lon="9.09120"></trkpt>
    <trkpt lat="61.73960" lon="9.09120"></trkpt>
    <trkpt lat="61.74010" lon="9.09140"></trkpt>
    <trkpt lat="61.74070" lon="9.09150"></trkpt>
    <trkpt lat="61.74140" lon="9.09120"></trkpt>
    <trkpt lat="61.74190" lon="9.09120"></trkpt>
    <trkpt lat="61.74240" lon="9.09140"></trkpt>
    <trkpt lat="61.74300" lon="9.09130"></trkpt>
    <trkpt lat="61.74350" lon="9.09100"></trkpt>
    <trkpt lat="61.74420" lon="9.09080"></trkpt>
    <trkpt lat="61.74470" lon="9.09040"></trkpt>
    <trkpt lat="61.74520" lon="9.08980"></trkpt>
    <trkpt lat="61.74570" lon="9.08870"></trkpt>
    <trkpt lat="61.74610" lon="9.08750"></trkpt>
    <trkpt lat="61.74650" lon="9.08670"></trkpt>
    <trkpt lat="61.74700" lon="9.08620"></trkpt>
    <trkpt lat="61.74740" lon="9.08550"></trkpt>
    <trkpt lat="61.74780" lon="9.08490"></trkpt>
    <trkpt lat="61.74820" lon="9.08380"></trkpt>
    <trkpt lat="61.74850" lon="9.08290"></trkpt>
    <trkpt lat="61.74920" lon="9.08170"></trkpt>
    <trkpt lat="61.74960" lon="9.08090"></trkpt>
    <trkpt lat="61.75050" lon="9.07900"></trkpt>
    <trkpt lat="61.75090" lon="9.07820"></trkpt>
    <trkpt lat="61.75250" lon="9.07570"></trkpt>
    <trkpt lat="61.75320" lon="9.07470"></trkpt>
    <trkpt lat="61.75420" lon="9.07320"></trkpt>
    <trkpt lat="61.75500" lon="9.07190"></trkpt>
    <trkpt lat="61.75550" lon="9.07130"></trkpt>
    <trkpt lat="61.75600" lon="9.07080"></trkpt>
    <trkpt lat="61.75650" lon="9.07070"></trkpt>
    <trkpt lat="61.75720" lon="9.07040"></trkpt>
    <trkpt lat="61.75770" lon="9.07050"></trkpt>
    <trkpt lat="61.75820" lon="9.07080"></trkpt>
    <trkpt lat="61.75860" lon="9.07150"></trkpt>
    <trkpt lat="61.75890" lon="9.07240"></trkpt>
    <trkpt lat="61.75920" lon="9.07370"></trkpt>
    <trkpt lat="61.75940" lon="9.07470"></trkpt>
    <trkpt lat="61.75970" lon="9.07660"></trkpt>
    <trkpt lat="61.75980" lon="9.07760"></trkpt>
    <trkpt lat="61.76000" lon="9.07860"></trkpt>
    <trkpt lat="61.76030" lon="9.07960"></trkpt>
    <trkpt lat="61.76090" lon="9.08040"></trkpt>
    <trkpt lat="61.76360" lon="9.08420"></trkpt>
    <trkpt lat="61.76420" lon="9.08530"></trkpt>
    <trkpt lat="61.76510" lon="9.08660"></trkpt>
    <trkpt lat="61.76550" lon="9.08710"></trkpt>
    <trkpt lat="61.76600" lon="9.08740"></trkpt>
    <trkpt lat="61.76670" lon="9.08760"></trkpt>
    <trkpt lat="61.76780" lon="9.08800"></trkpt>
    <trkpt lat="61.76910" lon="9.08840"></trkpt>
    <trkpt lat="61.76960" lon="9.08850"></trkpt>
    <trkpt lat="61.77020" lon="9.08820"></trkpt>
    <trkpt lat="61.77070" lon="9.08780"></trkpt>
    <trkpt lat="61.77250" lon="9.08770"></trkpt>
    <trkpt lat="61.77330" lon="9.08760"></trkpt>
    <trkpt lat="61.77400" lon="9.08730"></trkpt>
    <trkpt lat="61.77450" lon="9.08710"></trkpt>
    <trkpt lat="61.77540" lon="9.08650"></trkpt>
    <trkpt lat="61.77590" lon="9.08640"></trkpt>
    <trkpt lat="61.77650" lon="9.08660"></trkpt>
    <trkpt lat="61.77700" lon="9.08660"></trkpt>
    <trkpt lat="61.77800" lon="9.08630"></trkpt>
    <trkpt lat="61.77870" lon="9.08590"></trkpt>
    <trkpt lat="61.77920" lon="9.08570"></trkpt>
    <trkpt lat="61.77980" lon="9.08520"></trkpt>
    <trkpt lat="61.78100" lon="9.08420"></trkpt>
    <trkpt lat="61.78150" lon="9.08380"></trkpt>
    <trkpt lat="61.78190" lon="9.08330"></trkpt>
    <trkpt lat="61.78270" lon="9.08180"></trkpt>
    <trkpt lat="61.78300" lon="9.08090"></trkpt>
    <trkpt lat="61.78320" lon="9.08000"></trkpt>
    <trkpt lat="61.78330" lon="9.07900"></trkpt>
    <trkpt lat="61.78350" lon="9.07750"></trkpt>
    <trkpt lat="61.78380" lon="9.07520"></trkpt>
    <trkpt lat="61.78390" lon="9.07410"></trkpt>
    <trkpt lat="61.78410" lon="9.07260"></trkpt>
    <trkpt lat="61.78430" lon="9.07120"></trkpt>
    <trkpt lat="61.78440" lon="9.07000"></trkpt>
    <trkpt lat="61.78460" lon="9.06880"></trkpt>
    <trkpt lat="61.78470" lon="9.06760"></trkpt>
    <trkpt lat="61.78490" lon="9.06630"></trkpt>
    <trkpt lat="61.78510" lon="9.06540"></trkpt>
    <trkpt lat="61.78540" lon="9.06450"></trkpt>
    <trkpt lat="61.78590" lon="9.06240"></trkpt>
    <trkpt lat="61.78630" lon="9.06150"></trkpt>
    <trkpt lat="61.78680" lon="9.06070"></trkpt>
    <trkpt lat="61.78740" lon="9.06010"></trkpt>
    <trkpt lat="61.78780" lon="9.05940"></trkpt>
    <trkpt lat="61.78900" lon="9.05620"></trkpt>
    <trkpt lat="61.78990" lon="9.05360"></trkpt>
    <trkpt lat="61.79080" lon="9.05110"></trkpt>
    <trkpt lat="61.79120" lon="9.05010"></trkpt>
    <trkpt lat="61.79140" lon="9.04900"></trkpt>
    <trkpt lat="61.79170" lon="9.04760"></trkpt>
    <trkpt lat="61.79200" lon="9.04550"></trkpt>
    <trkpt lat="61.79220" lon="9.04430"></trkpt>
    <trkpt lat="61.79230" lon="9.04230"></trkpt>
    <trkpt lat="61.79230" lon="9.03940"></trkpt>
    <trkpt lat="61.79250" lon="9.03550"></trkpt>
    <trkpt lat="61.79250" lon="9.03450"></trkpt>
    <trkpt lat="61.79260" lon="9.03340"></trkpt>
    <trkpt lat="61.79280" lon="9.03200"></trkpt>
    <trkpt lat="61.79310" lon="9.03110"></trkpt>
    <trkpt lat="61.79330" lon="9.03020"></trkpt>
    <trkpt lat="61.79370" lon="9.02930"></trkpt>
    <trkpt lat="61.79430" lon="9.02790"></trkpt>
    <trkpt lat="61.79460" lon="9.02700"></trkpt>
    <trkpt lat="61.79490" lon="9.02570"></trkpt>
    <trkpt lat="61.79520" lon="9.02490"></trkpt>
    <trkpt lat="61.79620" lon="9.02320"></trkpt>
    <trkpt lat="61.79710" lon="9.02170"></trkpt>
    <trkpt lat="61.79760" lon="9.02100"></trkpt>
    <trkpt lat="61.79810" lon="9.02060"></trkpt>
    <trkpt lat="61.79910" lon="9.01970"></trkpt>
    <trkpt lat="61.80030" lon="9.01860"></trkpt>
    <trkpt lat="61.80220" lon="9.01680"></trkpt>
    <trkpt lat="61.80380" lon="9.01530"></trkpt>
    <trkpt lat="61.80430" lon="9.01490"></trkpt>
    <trkpt lat="61.80480" lon="9.01450"></trkpt>
    <trkpt lat="61.80540" lon="9.01410"></trkpt>
    <trkpt lat="61.80630" lon="9.01300"></trkpt>
    <trkpt lat="61.80680" lon="9.01250"></trkpt>
    <trkpt lat="61.80740" lon="9.01210"></trkpt>
    <trkpt lat="61.80850" lon="9.01140"></trkpt>
    <trkpt lat="61.80980" lon="9.01070"></trkpt>
    <trkpt lat="61.81030" lon="9.01030"></trkpt>
    <trkpt lat="61.81080" lon="9.00970"></trkpt>
    <trkpt lat="61.81110" lon="9.00880"></trkpt>
    <trkpt lat="61.81140" lon="9.00700"></trkpt>
    <trkpt lat="61.81150" lon="9.00600"></trkpt>
    <trkpt lat="61.81160" lon="9.00500"></trkpt>
    <trkpt lat="61.81150" lon="9.00370"></trkpt>
    <trkpt lat="61.81150" lon="9.00260"></trkpt>
    <trkpt lat="61.81170" lon="9.00170"></trkpt>
    <trkpt lat="61.81210" lon="9.00090"></trkpt>
    <trkpt lat="61.81280" lon="9.00040"></trkpt>
    <trkpt lat="61.81330" lon="9.00000"></trkpt>
    <trkpt lat="61.81370" lon="8.99930"></trkpt>
    <trkpt lat="61.81420" lon="8.99790"></trkpt>
    <trkpt lat="61.81440" lon="8.99690"></trkpt>
    <trkpt lat="61.81450" lon="8.99580"></trkpt>
    <trkpt lat="61.81490" lon="8.99320"></trkpt>
    <trkpt lat="61.81510" lon="8.99210"></trkpt>
    <trkpt lat="61.81550" lon="8.99060"></trkpt>
    <trkpt lat="61.81580" lon="8.98950"></trkpt>
    <trkpt lat="61.81610" lon="8.98870"></trkpt>
    <trkpt lat="61.81640" lon="8.98640"></trkpt>
    <trkpt lat="61.81670" lon="8.98540"></trkpt>
    <trkpt lat="61.81750" lon="8.98300"></trkpt>
    <trkpt lat="61.81780" lon="8.98220"></trkpt>
    <trkpt lat="61.81820" lon="8.98160"></trkpt>
    <trkpt lat="61.81870" lon="8.98110"></trkpt>
    <trkpt lat="61.81960" lon="8.98060"></trkpt>
    <trkpt lat="61.82050" lon="8.98000"></trkpt>
    <trkpt lat="61.82090" lon="8.97950"></trkpt>
    <trkpt lat="61.82140" lon="8.97830"></trkpt>
    <trkpt lat="61.82160" lon="8.97740"></trkpt>
    <trkpt lat="61.82170" lon="8.97640"></trkpt>
    <trkpt lat="61.82160" lon="8.97540"></trkpt>
    <trkpt lat="61.82160" lon="8.97430"></trkpt>
    <trkpt lat="61.82200" lon="8.97360"></trkpt>
    <trkpt lat="61.82320" lon="8.97270"></trkpt>
    <trkpt lat="61.82380" lon="8.97200"></trkpt>
    <trkpt lat="61.82420" lon="8.97140"></trkpt>
    <trkpt lat="61.82500" lon="8.96960"></trkpt>
    <trkpt lat="61.82540" lon="8.96860"></trkpt>
    <trkpt lat="61.82610" lon="8.96730"></trkpt>
    <trkpt lat="61.82650" lon="8.96650"></trkpt>
    <trkpt lat="61.82700" lon="8.96590"></trkpt>
    <trkpt lat="61.82750" lon="8.96550"></trkpt>
    <trkpt lat="61.82790" lon="8.96500"></trkpt>
    <trkpt lat="61.82830" lon="8.96430"></trkpt>
    <trkpt lat="61.82880" lon="8.96360"></trkpt>
    <trkpt lat="61.82920" lon="8.96300"></trkpt>
    <trkpt lat="61.82970" lon="8.96260"></trkpt>
    <trkpt lat="61.83030" lon="8.96230"></trkpt>
    <trkpt lat="61.83110" lon="8.96220"></trkpt>
    <trkpt lat="61.83260" lon="8.96190"></trkpt>
    <trkpt lat="61.83310" lon="8.96190"></trkpt>
    <trkpt lat="61.83440" lon="8.96200"></trkpt>
    <trkpt lat="61.83520" lon="8.96210"></trkpt>
    <trkpt lat="61.83670" lon="8.96180"></trkpt>
    <trkpt lat="61.83720" lon="8.96180"></trkpt>
    <trkpt lat="61.83770" lon="8.96200"></trkpt>
    <trkpt lat="61.83820" lon="8.96260"></trkpt>
    <trkpt lat="61.83890" lon="8.96400"></trkpt>
    <trkpt lat="61.83970" lon="8.96510"></trkpt>
    <trkpt lat="61.84010" lon="8.96580"></trkpt>
    <trkpt lat="61.84050" lon="8.96630"></trkpt>
    <trkpt lat="61.84090" lon="8.96710"></trkpt>
    <trkpt lat="61.84120" lon="8.96800"></trkpt>
    <trkpt lat="61.84150" lon="8.96890"></trkpt>
    <trkpt lat="61.84180" lon="8.96990"></trkpt>
    <trkpt lat="61.84210" lon="8.97070"></trkpt>
    <trkpt lat="61.84250" lon="8.97150"></trkpt>
    <trkpt lat="61.84310" lon="8.97400"></trkpt>
    <trkpt lat="61.84360" lon="8.97550"></trkpt>
    <trkpt lat="61.84380" lon="8.97640"></trkpt>
    <trkpt lat="61.84400" lon="8.97730"></trkpt>
    <trkpt lat="61.84420" lon="8.97860"></trkpt>
    <trkpt lat="61.84450" lon="8.97950"></trkpt>
    <trkpt lat="61.84500" lon="8.98020"></trkpt>
    <trkpt lat="61.84540" lon="8.98110"></trkpt>
    <trkpt lat="61.84580" lon="8.98240"></trkpt>
    <trkpt lat="61.84600" lon="8.98330"></trkpt>
    <trkpt lat="61.84620" lon="8.98420"></trkpt>
    <trkpt lat="61.84650" lon="8.98550"></trkpt>
    <trkpt lat="61.84670" lon="8.98660"></trkpt>
    <trkpt lat="61.84690" lon="8.98800"></trkpt>
    <trkpt lat="61.84750" lon="8.99000"></trkpt>
    <trkpt lat="61.84780" lon="8.99120"></trkpt>
    <trkpt lat="61.84810" lon="8.99220"></trkpt>
    <trkpt lat="61.84840" lon="8.99480"></trkpt>
    <trkpt lat="61.84860" lon="8.99630"></trkpt>
    <trkpt lat="61.84880" lon="8.99770"></trkpt>
    <trkpt lat="61.84920" lon="8.99940"></trkpt>
    <trkpt lat="61.84940" lon="9.00030"></trkpt>
    <trkpt lat="61.84960" lon="9.00190"></trkpt>
    <trkpt lat="61.84960" lon="9.00350"></trkpt>
    <trkpt lat="61.84960" lon="9.00470"></trkpt>
    <trkpt lat="61.84950" lon="9.00570"></trkpt>
    <trkpt lat="61.84960" lon="9.00680"></trkpt>
    <trkpt lat="61.84980" lon="9.00810"></trkpt>
    <trkpt lat="61.84990" lon="9.00910"></trkpt>
    <trkpt lat="61.84980" lon="9.01010"></trkpt>
    <trkpt lat="61.85000" lon="9.01100"></trkpt>
    <trkpt lat="61.85000" lon="9.00870"></trkpt>
    <trkpt lat="61.84990" lon="9.00760"></trkpt>
    <trkpt lat="61.84990" lon="9.00660"></trkpt>
    <trkpt lat="61.85000" lon="9.00550"></trkpt>
    <trkpt lat="61.85020" lon="9.00390"></trkpt>
    <trkpt lat="61.85030" lon="9.00290"></trkpt>
    <trkpt lat="61.85040" lon="9.00190"></trkpt>
    <trkpt lat="61.85030" lon="9.00070"></trkpt>
    <trkpt lat="61.85030" lon="8.99880"></trkpt>
    <trkpt lat="61.85020" lon="8.99750"></trkpt>
    <trkpt lat="61.85030" lon="8.99620"></trkpt>
    <trkpt lat="61.85050" lon="8.99520"></trkpt>
    <trkpt lat="61.85110" lon="8.99230"></trkpt>
    <trkpt lat="61.85140" lon="8.99110"></trkpt>
    <trkpt lat="61.85160" lon="8.98990"></trkpt>
    <trkpt lat="61.85160" lon="8.98880"></trkpt>
    <trkpt lat="61.85150" lon="8.98780"></trkpt>
    <trkpt lat="61.85120" lon="8.98690"></trkpt>
    <trkpt lat="61.85090" lon="8.98600"></trkpt>
    <trkpt lat="61.85060" lon="8.98510"></trkpt>
    <trkpt lat="61.85040" lon="8.98350"></trkpt>
    <trkpt lat="61.85020" lon="8.98250"></trkpt>
    <trkpt lat="61.84990" lon="8.98130"></trkpt>
    <trkpt lat="61.84910" lon="8.97870"></trkpt>
    <trkpt lat="61.84880" lon="8.97760"></trkpt>
    <trkpt lat="61.84860" lon="8.97660"></trkpt>
    <trkpt lat="61.84850" lon="8.97550"></trkpt>
    <trkpt lat="61.84840" lon="8.97400"></trkpt>
    <trkpt lat="61.84830" lon="8.97270"></trkpt>
    <trkpt lat="61.84830" lon="8.97170"></trkpt>
    <trkpt lat="61.84830" lon="8.97070"></trkpt>
    <trkpt lat="61.84850" lon="8.96970"></trkpt>
    <trkpt lat="61.84880" lon="8.96760"></trkpt>
    <trkpt lat="61.84900" lon="8.96650"></trkpt>
    <trkpt lat="61.84920" lon="8.96540"></trkpt>
    <trkpt lat="61.84920" lon="8.96420"></trkpt>
    <trkpt lat="61.84920" lon="8.96300"></trkpt>
    <trkpt lat="61.84900" lon="8.96180"></trkpt>
    <trkpt lat="61.84880" lon="8.96070"></trkpt>
    <trkpt lat="61.84850" lon="8.95910"></trkpt>
    <trkpt lat="61.84820" lon="8.95730"></trkpt>
    <trkpt lat="61.84800" lon="8.95620"></trkpt>
    <trkpt lat="61.84790" lon="8.95510"></trkpt>
    <trkpt lat="61.84790" lon="8.95410"></trkpt>
    <trkpt lat="61.84800" lon="8.95180"></trkpt>
    <trkpt lat="61.84810" lon="8.95000"></trkpt>
    <trkpt lat="61.84810" lon="8.94890"></trkpt>
    <trkpt lat="61.84820" lon="8.94670"></trkpt>
    <trkpt lat="61.84830" lon="8.94540"></trkpt>
    <trkpt lat="61.84830" lon="8.94420"></trkpt>
    <trkpt lat="61.84830" lon="8.94320"></trkpt>
    <trkpt lat="61.84820" lon="8.94220"></trkpt>
    <trkpt lat="61.84820" lon="8.94100"></trkpt>
    <trkpt lat="61.84800" lon="8.93960"></trkpt>
    <trkpt lat="61.84780" lon="8.93710"></trkpt>
    <trkpt lat="61.84770" lon="8.93590"></trkpt>
    <trkpt lat="61.84760" lon="8.93350"></trkpt>
    <trkpt lat="61.84760" lon="8.93210"></trkpt>
    <trkpt lat="61.84760" lon="8.93110"></trkpt>
    <trkpt lat="61.84760" lon="8.93000"></trkpt>
    <trkpt lat="61.84780" lon="8.92890"></trkpt>
    <trkpt lat="61.84810" lon="8.92760"></trkpt>
    <trkpt lat="61.84830" lon="8.92640"></trkpt>
    <trkpt lat="61.84830" lon="8.92530"></trkpt>
    <trkpt lat="61.84820" lon="8.92430"></trkpt>
    <trkpt lat="61.84810" lon="8.92300"></trkpt>
    <trkpt lat="61.84800" lon="8.92200"></trkpt>
    <trkpt lat="61.84790" lon="8.92100"></trkpt>
    <trkpt lat="61.84790" lon="8.91950"></trkpt>
    <trkpt lat="61.84790" lon="8.91830"></trkpt>
    <trkpt lat="61.84800" lon="8.91710"></trkpt>
    <trkpt lat="61.84800" lon="8.91590"></trkpt>
    <trkpt lat="61.84800" lon="8.91490"></trkpt>
    <trkpt lat="61.84790" lon="8.91370"></trkpt>
    <trkpt lat="61.84780" lon="8.91260"></trkpt>
    <trkpt lat="61.84780" lon="8.91160"></trkpt>
    <trkpt lat="61.84770" lon="8.90880"></trkpt>
    <trkpt lat="61.84770" lon="8.90650"></trkpt>
    <trkpt lat="61.84770" lon="8.90530"></trkpt>
    <trkpt lat="61.84770" lon="8.90400"></trkpt>
    <trkpt lat="61.84790" lon="8.90300"></trkpt>
    <trkpt lat="61.84800" lon="8.90190"></trkpt>
    <trkpt lat="61.84820" lon="8.90070"></trkpt>
    <trkpt lat="61.84820" lon="8.89970"></trkpt>
    <trkpt lat="61.84810" lon="8.89870"></trkpt>
    <trkpt lat="61.84790" lon="8.89670"></trkpt>
    <trkpt lat="61.84750" lon="8.89350"></trkpt>
    <trkpt lat="61.84730" lon="8.89250"></trkpt>
    <trkpt lat="61.84730" lon="8.89140"></trkpt>
    <trkpt lat="61.84730" lon="8.88980"></trkpt>
    <trkpt lat="61.84730" lon="8.88870"></trkpt>
    <trkpt lat="61.84730" lon="8.88740"></trkpt>
    <trkpt lat="61.84720" lon="8.88480"></trkpt>
    <trkpt lat="61.84710" lon="8.88310"></trkpt>
    <trkpt lat="61.84700" lon="8.88210"></trkpt>
    <trkpt lat="61.84690" lon="8.88100"></trkpt>
    <trkpt lat="61.84670" lon="8.87960"></trkpt>
    <trkpt lat="61.84650" lon="8.87850"></trkpt>
    <trkpt lat="61.84620" lon="8.87660"></trkpt>
    <trkpt lat="61.84600" lon="8.87540"></trkpt>
    <trkpt lat="61.84580" lon="8.87430"></trkpt>
    <trkpt lat="61.84560" lon="8.87280"></trkpt>
    <trkpt lat="61.84560" lon="8.87120"></trkpt>
    <trkpt lat="61.84550" lon="8.86970"></trkpt>
    <trkpt lat="61.84560" lon="8.86830"></trkpt>
    <trkpt lat="61.84560" lon="8.86710"></trkpt>
    <trkpt lat="61.84550" lon="8.86520"></trkpt>
    <trkpt lat="61.84550" lon="8.86410"></trkpt>
    <trkpt lat="61.84560" lon="8.86270"></trkpt>
    <trkpt lat="61.84570" lon="8.86140"></trkpt>
    <trkpt lat="61.84600" lon="8.85880"></trkpt>
    <trkpt lat="61.84620" lon="8.85720"></trkpt>
    <trkpt lat="61.84630" lon="8.85600"></trkpt>
    <trkpt lat="61.84640" lon="8.85470"></trkpt>
    <trkpt lat="61.84640" lon="8.85340"></trkpt>
    <trkpt lat="61.84630" lon="8.85230"></trkpt>
    <trkpt lat="61.84610" lon="8.85100"></trkpt>
    <trkpt lat="61.84590" lon="8.84980"></trkpt>
    <trkpt lat="61.84590" lon="8.84880"></trkpt>
    <trkpt lat="61.84590" lon="8.84720"></trkpt>
    <trkpt lat="61.84580" lon="8.84590"></trkpt>
    <trkpt lat="61.84570" lon="8.84460"></trkpt>
    <trkpt lat="61.84570" lon="8.84350"></trkpt>
    <trkpt lat="61.84570" lon="8.84160"></trkpt>
    <trkpt lat="61.84560" lon="8.83940"></trkpt>
    <trkpt lat="61.84560" lon="8.83780"></trkpt>
    <trkpt lat="61.84570" lon="8.83580"></trkpt>
    <trkpt lat="61.84570" lon="8.83430"></trkpt>
    <trkpt lat="61.84580" lon="8.83320"></trkpt>
    <trkpt lat="61.84590" lon="8.83210"></trkpt>
    <trkpt lat="61.84610" lon="8.83090"></trkpt>
    <trkpt lat="61.84620" lon="8.82980"></trkpt>
    <trkpt lat="61.84640" lon="8.82860"></trkpt>
    <trkpt lat="61.84650" lon="8.82740"></trkpt>
    <trkpt lat="61.84650" lon="8.82640"></trkpt>
    <trkpt lat="61.84670" lon="8.82550"></trkpt>
    <trkpt lat="61.84690" lon="8.82450"></trkpt>
    <trkpt lat="61.84720" lon="8.82320"></trkpt>
    <trkpt lat="61.84740" lon="8.82190"></trkpt>
    <trkpt lat="61.84770" lon="8.81760"></trkpt>
    <trkpt lat="61.84790" lon="8.81570"></trkpt>
    <trkpt lat="61.84800" lon="8.81410"></trkpt>
    <trkpt lat="61.84810" lon="8.81290"></trkpt>
    <trkpt lat="61.84820" lon="8.81030"></trkpt>
    <trkpt lat="61.84850" lon="8.80580"></trkpt>
    <trkpt lat="61.84860" lon="8.80480"></trkpt>
    <trkpt lat="61.84870" lon="8.80360"></trkpt>
    <trkpt lat="61.84870" lon="8.80220"></trkpt>
    <trkpt lat="61.84880" lon="8.80080"></trkpt>
    <trkpt lat="61.84900" lon="8.79870"></trkpt>
    <trkpt lat="61.84900" lon="8.79710"></trkpt>
    <trkpt lat="61.84900" lon="8.79530"></trkpt>
    <trkpt lat="61.84900" lon="8.79410"></trkpt>
    <trkpt lat="61.84910" lon="8.79300"></trkpt>
    <trkpt lat="61.84930" lon="8.79100"></trkpt>
    <trkpt lat="61.84950" lon="8.79000"></trkpt>
    <trkpt lat="61.84950" lon="8.78900"></trkpt>
    <trkpt lat="61.84950" lon="8.78790"></trkpt>
    <trkpt lat="61.84930" lon="8.78540"></trkpt>
    <trkpt lat="61.84920" lon="8.78420"></trkpt>
    <trkpt lat="61.84930" lon="8.78010"></trkpt>
    <trkpt lat="61.84930" lon="8.77910"></trkpt>
    <trkpt lat="61.84930" lon="8.77780"></trkpt>
    <trkpt lat="61.84940" lon="8.77680"></trkpt>
    <trkpt lat="61.84950" lon="8.77430"></trkpt>
    <trkpt lat="61.84970" lon="8.77190"></trkpt>
    <trkpt lat="61.84970" lon="8.77020"></trkpt>
    <trkpt lat="61.84980" lon="8.76830"></trkpt>
    <trkpt lat="61.84980" lon="8.76710"></trkpt>
    <trkpt lat="61.84980" lon="8.76540"></trkpt>
    <trkpt lat="61.84980" lon="8.76340"></trkpt>
    <trkpt lat="61.84990" lon="8.76000"></trkpt>
    <trkpt lat="61.84990" lon="8.75890"></trkpt>
    <trkpt lat="61.84980" lon="8.75760"></trkpt>
    <trkpt lat="61.84970" lon="8.75660"></trkpt>
    <trkpt lat="61.84980" lon="8.75530"></trkpt>
    <trkpt lat="61.85010" lon="8.75250"></trkpt>
    <trkpt lat="61.85020" lon="8.75140"></trkpt>
    <trkpt lat="61.85040" lon="8.74930"></trkpt>
    <trkpt lat="61.85040" lon="8.74820"></trkpt>
    <trkpt lat="61.85050" lon="8.74720"></trkpt>
    <trkpt lat="61.85050" lon="8.74620"></trkpt>
    <trkpt lat="61.85070" lon="8.74500"></trkpt>
    <trkpt lat="61.85110" lon="8.74290"></trkpt>
    <trkpt lat="61.85130" lon="8.74160"></trkpt>
    <trkpt lat="61.85180" lon="8.73790"></trkpt>
    <trkpt lat="61.85190" lon="8.73650"></trkpt>
    <trkpt lat="61.85200" lon="8.73540"></trkpt>
    <trkpt lat="61.85210" lon="8.73410"></trkpt>
    <trkpt lat="61.85230" lon="8.73310"></trkpt>
    <trkpt lat="61.85260" lon="8.73130"></trkpt>
    <trkpt lat="61.85300" lon="8.72960"></trkpt>
    <trkpt lat="61.85310" lon="8.72860"></trkpt>
    <trkpt lat="61.85320" lon="8.72750"></trkpt>
    <trkpt lat="61.85310" lon="8.72610"></trkpt>
    <trkpt lat="61.85290" lon="8.72410"></trkpt>
    <trkpt lat="61.85280" lon="8.72200"></trkpt>
    <trkpt lat="61.85250" lon="8.71890"></trkpt>
    <trkpt lat="61.85230" lon="8.71650"></trkpt>
    <trkpt lat="61.85220" lon="8.71450"></trkpt>
    <trkpt lat="61.85190" lon="8.71120"></trkpt>
    <trkpt lat="61.85170" lon="8.70870"></trkpt>
    <trkpt lat="61.85150" lon="8.70620"></trkpt>
    <trkpt lat="61.85140" lon="8.70420"></trkpt>
    <trkpt lat="61.85130" lon="8.70290"></trkpt>
    <trkpt lat="61.85120" lon="8.70190"></trkpt>
    <trkpt lat="61.85130" lon="8.70090"></trkpt>
    <trkpt lat="61.85160" lon="8.70000"></trkpt>
    <trkpt lat="61.85230" lon="8.69900"></trkpt>
    <trkpt lat="61.85270" lon="8.69840"></trkpt>
    <trkpt lat="61.85310" lon="8.69760"></trkpt>
    <trkpt lat="61.85350" lon="8.69660"></trkpt>
    <trkpt lat="61.85360" lon="8.69480"></trkpt>
    <trkpt lat="61.85370" lon="8.69370"></trkpt>
    <trkpt lat="61.85400" lon="8.69250"></trkpt>
    <trkpt lat="61.85410" lon="8.69150"></trkpt>
    <trkpt lat="61.85420" lon="8.69040"></trkpt>
    <trkpt lat="61.85430" lon="8.68930"></trkpt>
    <trkpt lat="61.85450" lon="8.68840"></trkpt>
    <trkpt lat="61.85480" lon="8.68740"></trkpt>
    <trkpt lat="61.85500" lon="8.68640"></trkpt>
    <trkpt lat="61.85500" lon="8.68520"></trkpt>
    <trkpt lat="61.85530" lon="8.68300"></trkpt>
    <trkpt lat="61.85530" lon="8.68180"></trkpt>
    <trkpt lat="61.85530" lon="8.67970"></trkpt>
    <trkpt lat="61.85550" lon="8.67760"></trkpt>
    <trkpt lat="61.85550" lon="8.67650"></trkpt>
    <trkpt lat="61.85540" lon="8.67520"></trkpt>
    <trkpt lat="61.85510" lon="8.67270"></trkpt>
    <trkpt lat="61.85500" lon="8.67170"></trkpt>
    <trkpt lat="61.85500" lon="8.67020"></trkpt>
    <trkpt lat="61.85500" lon="8.66890"></trkpt>
    <trkpt lat="61.85490" lon="8.66790"></trkpt>
    <trkpt lat="61.85480" lon="8.66690"></trkpt>
    <trkpt lat="61.85480" lon="8.66540"></trkpt>
    <trkpt lat="61.85470" lon="8.66430"></trkpt>
    <trkpt lat="61.85450" lon="8.66310"></trkpt>
    <trkpt lat="61.85420" lon="8.66200"></trkpt>
    <trkpt lat="61.85370" lon="8.66090"></trkpt>
    <trkpt lat="61.85350" lon="8.65990"></trkpt>
    <trkpt lat="61.85340" lon="8.65870"></trkpt>
    <trkpt lat="61.85340" lon="8.65580"></trkpt>
    <trkpt lat="61.85340" lon="8.65480"></trkpt>
    <trkpt lat="61.85340" lon="8.65330"></trkpt>
    <trkpt lat="61.85330" lon="8.65120"></trkpt>
    <trkpt lat="61.85320" lon="8.64890"></trkpt>
    <trkpt lat="61.85320" lon="8.64750"></trkpt>
    <trkpt lat="61.85310" lon="8.64610"></trkpt>
    <trkpt lat="61.85310" lon="8.64500"></trkpt>
    <trkpt lat="61.85300" lon="8.64370"></trkpt>
    <trkpt lat="61.85300" lon="8.64270"></trkpt>
    <trkpt lat="61.85300" lon="8.64160"></trkpt>
    <trkpt lat="61.85300" lon="8.64050"></trkpt>
    <trkpt lat="61.85300" lon="8.63920"></trkpt>
    <trkpt lat="61.85280" lon="8.63750"></trkpt>
    <trkpt lat="61.85270" lon="8.63610"></trkpt>
    <trkpt lat="61.85260" lon="8.63480"></trkpt>
    <trkpt lat="61.85250" lon="8.63300"></trkpt>
    <trkpt lat="61.85260" lon="8.63170"></trkpt>
    <trkpt lat="61.85290" lon="8.63010"></trkpt>
    <trkpt lat="61.85310" lon="8.62890"></trkpt>
    <trkpt lat="61.85320" lon="8.62790"></trkpt>
    <trkpt lat="61.85330" lon="8.62690"></trkpt>
    <trkpt lat="61.85340" lon="8.62570"></trkpt>
    <trkpt lat="61.85340" lon="8.62470"></trkpt>
    <trkpt lat="61.85340" lon="8.62360"></trkpt>
    <trkpt lat="61.85320" lon="8.62260"></trkpt>
    <trkpt lat="61.85280" lon="8.62170"></trkpt>
    <trkpt lat="61.85250" lon="8.62080"></trkpt>
    <trkpt lat="61.85230" lon="8.61990"></trkpt>
    <trkpt lat="61.85200" lon="8.61750"></trkpt>
    <trkpt lat="61.85180" lon="8.61660"></trkpt>
    <trkpt lat="61.85150" lon="8.61540"></trkpt>
    <trkpt lat="61.85120" lon="8.61440"></trkpt>
    <trkpt lat="61.85100" lon="8.61320"></trkpt>
    <trkpt lat="61.85040" lon="8.61100"></trkpt>
    <trkpt lat="61.84970" lon="8.60860"></trkpt>
    <trkpt lat="61.84940" lon="8.60730"></trkpt>
    <trkpt lat="61.84910" lon="8.60630"></trkpt>
    <trkpt lat="61.84880" lon="8.60530"></trkpt>
    <trkpt lat="61.84860" lon="8.60430"></trkpt>
    <trkpt lat="61.84830" lon="8.60340"></trkpt>
    <trkpt lat="61.84800" lon="8.60250"></trkpt>
    <trkpt lat="61.84710" lon="8.59980"></trkpt>
    <trkpt lat="61.84680" lon="8.59890"></trkpt>
    <trkpt lat="61.84640" lon="8.59780"></trkpt>
    <trkpt lat="61.84550" lon="8.59590"></trkpt>
    <trkpt lat="61.84520" lon="8.59510"></trkpt>
    <trkpt lat="61.84400" lon="8.59310"></trkpt>
    <trkpt lat="61.84360" lon="8.59210"></trkpt>
    <trkpt lat="61.84330" lon="8.59120"></trkpt>
    <trkpt lat="61.84290" lon="8.58970"></trkpt>
    <trkpt lat="61.84260" lon="8.58870"></trkpt>
    <trkpt lat="61.84230" lon="8.58760"></trkpt>
    <trkpt lat="61.84200" lon="8.58670"></trkpt>
    <trkpt lat="61.84140" lon="8.58510"></trkpt>
    <trkpt lat="61.84110" lon="8.58420"></trkpt>
    <trkpt lat="61.84090" lon="8.58310"></trkpt>
    <trkpt lat="61.84080" lon="8.58210"></trkpt>
    <trkpt lat="61.84060" lon="8.58100"></trkpt>
    <trkpt lat="61.84040" lon="8.57980"></trkpt>
    <trkpt lat="61.84000" lon="8.57790"></trkpt>
    <trkpt lat="61.83940" lon="8.57560"></trkpt>
    <trkpt lat="61.83920" lon="8.57460"></trkpt>
    <trkpt lat="61.83890" lon="8.57340"></trkpt>
    <trkpt lat="61.83840" lon="8.57170"></trkpt>
    <trkpt lat="61.83810" lon="8.57070"></trkpt>
    <trkpt lat="61.83790" lon="8.56970"></trkpt>
    <trkpt lat="61.83780" lon="8.56870"></trkpt>
    <trkpt lat="61.83800" lon="8.56760"></trkpt>
    <trkpt lat="61.83830" lon="8.56670"></trkpt>
    <trkpt lat="61.83880" lon="8.56660"></trkpt>
  </trkseg>
  <trkseg>
    <trkpt lat="61.83880" lon="8.56660"></trkpt>
    <trkpt lat="61.83830" lon="8.56650"></trkpt>
    <trkpt lat="61.83800" lon="8.56760"></trkpt>
    <trkpt lat="61.83760" lon="8.56820"></trkpt>
    <trkpt lat="61.83710" lon="8.56780"></trkpt>
    <trkpt lat="61.83660" lon="8.56700"></trkpt>
    <trkpt lat="61.83620" lon="8.56630"></trkpt>
    <trkpt lat="61.83580" lon="8.56520"></trkpt>
    <trkpt lat="61.83490" lon="8.56250"></trkpt>
    <trkpt lat="61.83450" lon="8.56130"></trkpt>
    <trkpt lat="61.83410" lon="8.56030"></trkpt>
    <trkpt lat="61.83360" lon="8.55920"></trkpt>
    <trkpt lat="61.83320" lon="8.55860"></trkpt>
    <trkpt lat="61.83230" lon="8.55680"></trkpt>
    <trkpt lat="61.83160" lon="8.55530"></trkpt>
    <trkpt lat="61.83090" lon="8.55370"></trkpt>
    <trkpt lat="61.83040" lon="8.55250"></trkpt>
    <trkpt lat="61.83000" lon="8.55190"></trkpt>
    <trkpt lat="61.82940" lon="8.55120"></trkpt>
    <trkpt lat="61.82900" lon="8.55070"></trkpt>
    <trkpt lat="61.82860" lon="8.54990"></trkpt>
    <trkpt lat="61.82760" lon="8.54760"></trkpt>
    <trkpt lat="61.82690" lon="8.54610"></trkpt>
    <trkpt lat="61.82590" lon="8.54450"></trkpt>
    <trkpt lat="61.82550" lon="8.54370"></trkpt>
    <trkpt lat="61.82490" lon="8.54280"></trkpt>
    <trkpt lat="61.82440" lon="8.54210"></trkpt>
    <trkpt lat="61.82390" lon="8.54130"></trkpt>
    <trkpt lat="61.82350" lon="8.54080"></trkpt>
    <trkpt lat="61.82290" lon="8.53980"></trkpt>
    <trkpt lat="61.82260" lon="8.53900"></trkpt>
    <trkpt lat="61.82220" lon="8.53830"></trkpt>
    <trkpt lat="61.82170" lon="8.53720"></trkpt>
    <trkpt lat="61.82130" lon="8.53650"></trkpt>
    <trkpt lat="61.82110" lon="8.53560"></trkpt>
    <trkpt lat="61.82050" lon="8.53340"></trkpt>
    <trkpt lat="61.82010" lon="8.53190"></trkpt>
    <trkpt lat="61.81940" lon="8.52980"></trkpt>
    <trkpt lat="61.81920" lon="8.52890"></trkpt>
    <trkpt lat="61.81890" lon="8.52810"></trkpt>
    <trkpt lat="61.81880" lon="8.52700"></trkpt>
    <trkpt lat="61.81870" lon="8.52600"></trkpt>
    <trkpt lat="61.81880" lon="8.52470"></trkpt>
    <trkpt lat="61.81900" lon="8.52360"></trkpt>
    <trkpt lat="61.81920" lon="8.52250"></trkpt>
    <trkpt lat="61.81920" lon="8.52130"></trkpt>
    <trkpt lat="61.81880" lon="8.51970"></trkpt>
    <trkpt lat="61.81860" lon="8.51850"></trkpt>
    <trkpt lat="61.81840" lon="8.51670"></trkpt>
    <trkpt lat="61.81820" lon="8.51530"></trkpt>
    <trkpt lat="61.81780" lon="8.51380"></trkpt>
    <trkpt lat="61.81750" lon="8.51260"></trkpt>
    <trkpt lat="61.81720" lon="8.51130"></trkpt>
    <trkpt lat="61.81680" lon="8.51030"></trkpt>
    <trkpt lat="61.81630" lon="8.50940"></trkpt>
    <trkpt lat="61.81580" lon="8.50830"></trkpt>
    <trkpt lat="61.81540" lon="8.50760"></trkpt>
    <trkpt lat="61.81490" lon="8.50660"></trkpt>
    <trkpt lat="61.81440" lon="8.50550"></trkpt>
    <trkpt lat="61.81390" lon="8.50400"></trkpt>
    <trkpt lat="61.81320" lon="8.50230"></trkpt>
    <trkpt lat="61.81290" lon="8.50120"></trkpt>
    <trkpt lat="61.81260" lon="8.50000"></trkpt>
    <trkpt lat="61.81220" lon="8.49830"></trkpt>
    <trkpt lat="61.81200" lon="8.49720"></trkpt>
    <trkpt lat="61.81170" lon="8.49560"></trkpt>
    <trkpt lat="61.81160" lon="8.49420"></trkpt>
    <trkpt lat="61.81150" lon="8.49320"></trkpt>
    <trkpt lat="61.81150" lon="8.49150"></trkpt>
    <trkpt lat="61.81150" lon="8.49020"></trkpt>
    <trkpt lat="61.81140" lon="8.48900"></trkpt>
    <trkpt lat="61.81120" lon="8.48810"></trkpt>
    <trkpt lat="61.81100" lon="8.48720"></trkpt>
    <trkpt lat="61.81050" lon="8.48620"></trkpt>
    <trkpt lat="61.80930" lon="8.48340"></trkpt>
    <trkpt lat="61.80900" lon="8.48250"></trkpt>
    <trkpt lat="61.80880" lon="8.48130"></trkpt>
    <trkpt lat="61.80880" lon="8.48020"></trkpt>
    <trkpt lat="61.80900" lon="8.47890"></trkpt>
    <trkpt lat="61.80920" lon="8.47790"></trkpt>
    <trkpt lat="61.80940" lon="8.47690"></trkpt>
    <trkpt lat="61.80940" lon="8.47580"></trkpt>
    <trkpt lat="61.80920" lon="8.47450"></trkpt>
    <trkpt lat="61.80890" lon="8.47260"></trkpt>
    <trkpt lat="61.80870" lon="8.47150"></trkpt>
    <trkpt lat="61.80850" lon="8.47060"></trkpt>
    <trkpt lat="61.80850" lon="8.46910"></trkpt>
    <trkpt lat="61.80880" lon="8.46490"></trkpt>
    <trkpt lat="61.80890" lon="8.46360"></trkpt>
    <trkpt lat="61.80880" lon="8.46230"></trkpt>
    <trkpt lat="61.80860" lon="8.46110"></trkpt>
    <trkpt lat="61.80820" lon="8.45990"></trkpt>
    <trkpt lat="61.80770" lon="8.45890"></trkpt>
    <trkpt lat="61.80730" lon="8.45830"></trkpt>
    <trkpt lat="61.80630" lon="8.45670"></trkpt>
    <trkpt lat="61.80520" lon="8.45520"></trkpt>
    <trkpt lat="61.80470" lon="8.45460"></trkpt>
    <trkpt lat="61.80420" lon="8.45410"></trkpt>
    <trkpt lat="61.80380" lon="8.45350"></trkpt>
    <trkpt lat="61.80340" lon="8.45280"></trkpt>
    <trkpt lat="61.80300" lon="8.45210"></trkpt>
    <trkpt lat="61.80180" lon="8.45060"></trkpt>
    <trkpt lat="61.80130" lon="8.45020"></trkpt>
    <trkpt lat="61.80030" lon="8.44910"></trkpt>
    <trkpt lat="61.79940" lon="8.44830"></trkpt>
    <trkpt lat="61.79890" lon="8.44780"></trkpt>
    <trkpt lat="61.79830" lon="8.44780"></trkpt>
    <trkpt lat="61.79780" lon="8.44790"></trkpt>
    <trkpt lat="61.79730" lon="8.44800"></trkpt>
    <trkpt lat="61.79670" lon="8.44780"></trkpt>
    <trkpt lat="61.79620" lon="8.44750"></trkpt>
    <trkpt lat="61.79570" lon="8.44730"></trkpt>
    <trkpt lat="61.79520" lon="8.44700"></trkpt>
    <trkpt lat="61.79470" lon="8.44690"></trkpt>
    <trkpt lat="61.79410" lon="8.44720"></trkpt>
    <trkpt lat="61.79330" lon="8.44780"></trkpt>
    <trkpt lat="61.79260" lon="8.44840"></trkpt>
    <trkpt lat="61.79190" lon="8.44890"></trkpt>
    <trkpt lat="61.79140" lon="8.44930"></trkpt>
    <trkpt lat="61.79100" lon="8.45000"></trkpt>
    <trkpt lat="61.79060" lon="8.45090"></trkpt>
    <trkpt lat="61.79010" lon="8.45130"></trkpt>
    <trkpt lat="61.78950" lon="8.45110"></trkpt>
    <trkpt lat="61.78780" lon="8.44990"></trkpt>
    <trkpt lat="61.78720" lon="8.44920"></trkpt>
    <trkpt lat="61.78680" lon="8.44830"></trkpt>
    <trkpt lat="61.78650" lon="8.44720"></trkpt>
    <trkpt lat="61.78600" lon="8.44490"></trkpt>
    <trkpt lat="61.78560" lon="8.44360"></trkpt>
    <trkpt lat="61.78450" lon="8.44080"></trkpt>
    <trkpt lat="61.78400" lon="8.43970"></trkpt>
    <trkpt lat="61.78300" lon="8.43790"></trkpt>
    <trkpt lat="61.78260" lon="8.43710"></trkpt>
    <trkpt lat="61.78220" lon="8.43600"></trkpt>
    <trkpt lat="61.78200" lon="8.43470"></trkpt>
    <trkpt lat="61.78170" lon="8.43360"></trkpt>
    <trkpt lat="61.78160" lon="8.43250"></trkpt>
    <trkpt lat="61.78130" lon="8.43150"></trkpt>
    <trkpt lat="61.78100" lon="8.43070"></trkpt>
    <trkpt lat="61.78050" lon="8.43020"></trkpt>
    <trkpt lat="61.77990" lon="8.42980"></trkpt>
    <trkpt lat="61.77700" lon="8.42790"></trkpt>
    <trkpt lat="61.77510" lon="8.42660"></trkpt>
    <trkpt lat="61.77460" lon="8.42620"></trkpt>
    <trkpt lat="61.77420" lon="8.42560"></trkpt>
    <trkpt lat="61.77210" lon="8.42210"></trkpt>
    <trkpt lat="61.77090" lon="8.42000"></trkpt>
    <trkpt lat="61.77050" lon="8.41920"></trkpt>
    <trkpt lat="61.77000" lon="8.41850"></trkpt>
    <trkpt lat="61.76950" lon="8.41800"></trkpt>
    <trkpt lat="61.76890" lon="8.41760"></trkpt>
    <trkpt lat="61.76780" lon="8.41720"></trkpt>
    <trkpt lat="61.76720" lon="8.41690"></trkpt>
    <trkpt lat="61.76660" lon="8.41640"></trkpt>
    <trkpt lat="61.76590" lon="8.41570"></trkpt>
    <trkpt lat="61.76530" lon="8.41510"></trkpt>
    <trkpt lat="61.76490" lon="8.41440"></trkpt>
    <trkpt lat="61.76440" lon="8.41370"></trkpt>
    <trkpt lat="61.76370" lon="8.41220"></trkpt>
    <trkpt lat="61.76320" lon="8.41100"></trkpt>
    <trkpt lat="61.76290" lon="8.41020"></trkpt>
    <trkpt lat="61.76260" lon="8.40940"></trkpt>
    <trkpt lat="61.76230" lon="8.40840"></trkpt>
    <trkpt lat="61.76140" lon="8.40530"></trkpt>
    <trkpt lat="61.76080" lon="8.40300"></trkpt>
    <trkpt lat="61.76010" lon="8.40030"></trkpt>
    <trkpt lat="61.75980" lon="8.39910"></trkpt>
    <trkpt lat="61.75940" lon="8.39830"></trkpt>
    <trkpt lat="61.75900" lon="8.39740"></trkpt>
    <trkpt lat="61.75860" lon="8.39690"></trkpt>
    <trkpt lat="61.75810" lon="8.39630"></trkpt>
    <trkpt lat="61.75730" lon="8.39550"></trkpt>
    <trkpt lat="61.75680" lon="8.39490"></trkpt>
    <trkpt lat="61.75540" lon="8.39340"></trkpt>
    <trkpt lat="61.75490" lon="8.39280"></trkpt>
    <trkpt lat="61.75450" lon="8.39220"></trkpt>
    <trkpt lat="61.75410" lon="8.39160"></trkpt>
    <trkpt lat="61.75300" lon="8.39050"></trkpt>
    <trkpt lat="61.75230" lon="8.38960"></trkpt>
    <trkpt lat="61.75180" lon="8.38890"></trkpt>
    <trkpt lat="61.75130" lon="8.38800"></trkpt>
    <trkpt lat="61.75080" lon="8.38700"></trkpt>
    <trkpt lat="61.75030" lon="8.38620"></trkpt>
    <trkpt lat="61.75000" lon="8.38540"></trkpt>
    <trkpt lat="61.74970" lon="8.38460"></trkpt>
    <trkpt lat="61.74930" lon="8.38390"></trkpt>
    <trkpt lat="61.74890" lon="8.38340"></trkpt>
    <trkpt lat="61.74850" lon="8.38290"></trkpt>
    <trkpt lat="61.74780" lon="8.38180"></trkpt>
    <trkpt lat="61.74740" lon="8.38120"></trkpt>
    <trkpt lat="61.74700" lon="8.38040"></trkpt>
    <trkpt lat="61.74660" lon="8.37980"></trkpt>
    <trkpt lat="61.74490" lon="8.37820"></trkpt>
    <trkpt lat="61.74430" lon="8.37780"></trkpt>
    <trkpt lat="61.74360" lon="8.37760"></trkpt>
    <trkpt lat="61.74300" lon="8.37760"></trkpt>
    <trkpt lat="61.74250" lon="8.37770"></trkpt>
    <trkpt lat="61.74190" lon="8.37780"></trkpt>
    <trkpt lat="61.74120" lon="8.37790"></trkpt>
    <trkpt lat="61.74060" lon="8.37810"></trkpt>
    <trkpt lat="61.73970" lon="8.37810"></trkpt>
    <trkpt lat="61.73900" lon="8.37810"></trkpt>
    <trkpt lat="61.73850" lon="8.37800"></trkpt>
    <trkpt lat="61.73770" lon="8.37770"></trkpt>
    <trkpt lat="61.73720" lon="8.37750"></trkpt>
    <trkpt lat="61.73640" lon="8.37710"></trkpt>
    <trkpt lat="61.73590" lon="8.37690"></trkpt>
    <trkpt lat="61.73520" lon="8.37680"></trkpt>
    <trkpt lat="61.73470" lon="8.37680"></trkpt>
    <trkpt lat="61.73420" lon="8.37680"></trkpt>
    <trkpt lat="61.73360" lon="8.37670"></trkpt>
    <trkpt lat="61.73310" lon="8.37640"></trkpt>
    <trkpt lat="61.73230" lon="8.37530"></trkpt>
    <trkpt lat="61.73170" lon="8.37450"></trkpt>
    <trkpt lat="61.73090" lon="8.37340"></trkpt>
    <trkpt lat="61.73050" lon="8.37270"></trkpt>
    <trkpt lat="61.72980" lon="8.37090"></trkpt>
    <trkpt lat="61.72950" lon="8.37000"></trkpt>
    <trkpt lat="61.72930" lon="8.36910"></trkpt>
    <trkpt lat="61.72900" lon="8.36740"></trkpt>
    <trkpt lat="61.72870" lon="8.36610"></trkpt>
    <trkpt lat="61.72840" lon="8.36510"></trkpt>
    <trkpt lat="61.72700" lon="8.36140"></trkpt>
    <trkpt lat="61.72650" lon="8.35960"></trkpt>
    <trkpt lat="61.72620" lon="8.35880"></trkpt>
    <trkpt lat="61.72570" lon="8.35800"></trkpt>
    <trkpt lat="61.72490" lon="8.35760"></trkpt>
    <trkpt lat="61.72430" lon="8.35710"></trkpt>
    <trkpt lat="61.72390" lon="8.35650"></trkpt>
    <trkpt lat="61.72350" lon="8.35590"></trkpt>
    <trkpt lat="61.72290" lon="8.35440"></trkpt>
    <trkpt lat="61.72220" lon="8.35290"></trkpt>
    <trkpt lat="61.72170" lon="8.35180"></trkpt>
    <trkpt lat="61.72140" lon="8.35090"></trkpt>
    <trkpt lat="61.72110" lon="8.34980"></trkpt>
    <trkpt lat="61.72090" lon="8.34870"></trkpt>
    <trkpt lat="61.72070" lon="8.34770"></trkpt>
    <trkpt lat="61.72050" lon="8.34680"></trkpt>
    <trkpt lat="61.72000" lon="8.34590"></trkpt>
    <trkpt lat="61.71970" lon="8.34460"></trkpt>
    <trkpt lat="61.71940" lon="8.34370"></trkpt>
    <trkpt lat="61.71920" lon="8.34260"></trkpt>
    <trkpt lat="61.71900" lon="8.34160"></trkpt>
    <trkpt lat="61.71840" lon="8.34030"></trkpt>
    <trkpt lat="61.71800" lon="8.33970"></trkpt>
    <trkpt lat="61.71740" lon="8.33950"></trkpt>
    <trkpt lat="61.71690" lon="8.33910"></trkpt>
    <trkpt lat="61.71650" lon="8.33850"></trkpt>
    <trkpt lat="61.71620" lon="8.33770"></trkpt>
    <trkpt lat="61.71580" lon="8.33720"></trkpt>
    <trkpt lat="61.71530" lon="8.33700"></trkpt>
    <trkpt lat="61.71480" lon="8.33660"></trkpt>
    <trkpt lat="61.71440" lon="8.33600"></trkpt>
    <trkpt lat="61.71410" lon="8.33510"></trkpt>
    <trkpt lat="61.71370" lon="8.33430"></trkpt>
    <trkpt lat="61.71320" lon="8.33340"></trkpt>
    <trkpt lat="61.71290" lon="8.33250"></trkpt>
    <trkpt lat="61.71280" lon="8.33150"></trkpt>
    <trkpt lat="61.71290" lon="8.33050"></trkpt>
    <trkpt lat="61.71300" lon="8.32890"></trkpt>
    <trkpt lat="61.71320" lon="8.32800"></trkpt>
    <trkpt lat="61.71360" lon="8.32720"></trkpt>
    <trkpt lat="61.71430" lon="8.32680"></trkpt>
    <trkpt lat="61.71470" lon="8.32620"></trkpt>
    <trkpt lat="61.71490" lon="8.32520"></trkpt>
    <trkpt lat="61.71490" lon="8.32320"></trkpt>
    <trkpt lat="61.71480" lon="8.32210"></trkpt>
    <trkpt lat="61.71460" lon="8.32100"></trkpt>
    <trkpt lat="61.71410" lon="8.31990"></trkpt>
    <trkpt lat="61.71360" lon="8.31860"></trkpt>
    <trkpt lat="61.71330" lon="8.31780"></trkpt>
    <trkpt lat="61.71300" lon="8.31690"></trkpt>
    <trkpt lat="61.71280" lon="8.31600"></trkpt>
    <trkpt lat="61.71270" lon="8.31470"></trkpt>
    <trkpt lat="61.71240" lon="8.31370"></trkpt>
    <trkpt lat="61.71180" lon="8.31290"></trkpt>
    <trkpt lat="61.71120" lon="8.31220"></trkpt>
    <trkpt lat="61.71070" lon="8.31170"></trkpt>
    <trkpt lat="61.71020" lon="8.31080"></trkpt>
    <trkpt lat="61.70950" lon="8.30920"></trkpt>
    <trkpt lat="61.70910" lon="8.30820"></trkpt>
    <trkpt lat="61.70880" lon="8.30720"></trkpt>
    <trkpt lat="61.70840" lon="8.30610"></trkpt>
    <trkpt lat="61.70810" lon="8.30510"></trkpt>
    <trkpt lat="61.70770" lon="8.30410"></trkpt>
    <trkpt lat="61.70720" lon="8.30300"></trkpt>
    <trkpt lat="61.70690" lon="8.30220"></trkpt>
    <trkpt lat="61.70670" lon="8.30090"></trkpt>
    <trkpt lat="61.70660" lon="8.29980"></trkpt>
    <trkpt lat="61.70660" lon="8.29860"></trkpt>
    <trkpt lat="61.70660" lon="8.29710"></trkpt>
    <trkpt lat="61.70640" lon="8.29590"></trkpt>
    <trkpt lat="61.70620" lon="8.29470"></trkpt>
    <trkpt lat="61.70570" lon="8.29350"></trkpt>
    <trkpt lat="61.70530" lon="8.29270"></trkpt>
    <trkpt lat="61.70490" lon="8.29180"></trkpt>
    <trkpt lat="61.70460" lon="8.29080"></trkpt>
    <trkpt lat="61.70420" lon="8.28980"></trkpt>
    <trkpt lat="61.70380" lon="8.28900"></trkpt>
    <trkpt lat="61.70360" lon="8.28730"></trkpt>
    <trkpt lat="61.70330" lon="8.28650"></trkpt>
    <trkpt lat="61.70280" lon="8.28550"></trkpt>
    <trkpt lat="61.70240" lon="8.28480"></trkpt>
    <trkpt lat="61.70200" lon="8.28370"></trkpt>
    <trkpt lat="61.70160" lon="8.28310"></trkpt>
    <trkpt lat="61.70100" lon="8.28260"></trkpt>
    <trkpt lat="61.70040" lon="8.28210"></trkpt>
    <trkpt lat="61.69960" lon="8.28120"></trkpt>
    <trkpt lat="61.69910" lon="8.28080"></trkpt>
    <trkpt lat="61.69860" lon="8.28050"></trkpt>
    <trkpt lat="61.69810" lon="8.28010"></trkpt>
    <trkpt lat="61.69760" lon="8.28010"></trkpt>
    <trkpt lat="61.69690" lon="8.28040"></trkpt>
    <trkpt lat="61.69640" lon="8.28030"></trkpt>
    <trkpt lat="61.69570" lon="8.27960"></trkpt>
    <trkpt lat="61.69460" lon="8.27750"></trkpt>
    <trkpt lat="61.69420" lon="8.27660"></trkpt>
    <trkpt lat="61.69410" lon="8.27550"></trkpt>
    <trkpt lat="61.69400" lon="8.27440"></trkpt>
    <trkpt lat="61.69380" lon="8.27350"></trkpt>
    <trkpt lat="61.69340" lon="8.27230"></trkpt>
    <trkpt lat="61.69310" lon="8.27150"></trkpt>
    <trkpt lat="61.69240" lon="8.27050"></trkpt>
    <trkpt lat="61.69200" lon="8.26980"></trkpt>
    <trkpt lat="61.69110" lon="8.26830"></trkpt>
    <trkpt lat="61.69050" lon="8.26740"></trkpt>
    <trkpt lat="61.69010" lon="8.26670"></trkpt>
    <trkpt lat="61.68980" lon="8.26570"></trkpt>
    <trkpt lat="61.68940" lon="8.26450"></trkpt>
    <trkpt lat="61.68900" lon="8.26320"></trkpt>
    <trkpt lat="61.68880" lon="8.26210"></trkpt>
    <trkpt lat="61.68860" lon="8.26030"></trkpt>
    <trkpt lat="61.68840" lon="8.25830"></trkpt>
    <trkpt lat="61.68820" lon="8.25740"></trkpt>
    <trkpt lat="61.68810" lon="8.25620"></trkpt>
    <trkpt lat="61.68770" lon="8.25410"></trkpt>
    <trkpt lat="61.68750" lon="8.25290"></trkpt>
    <trkpt lat="61.68730" lon="8.25200"></trkpt>
    <trkpt lat="61.68700" lon="8.25120"></trkpt>
    <trkpt lat="61.68670" lon="8.25040"></trkpt>
    <trkpt lat="61.68630" lon="8.24980"></trkpt>
    <trkpt lat="61.68570" lon="8.24900"></trkpt>
    <trkpt lat="61.68550" lon="8.24810"></trkpt>
    <trkpt lat="61.68560" lon="8.24660"></trkpt>
    <trkpt lat="61.68580" lon="8.24540"></trkpt>
    <trkpt lat="61.68570" lon="8.24420"></trkpt>
    <trkpt lat="61.68540" lon="8.24330"></trkpt>
    <trkpt lat="61.68440" lon="8.24020"></trkpt>
    <trkpt lat="61.68410" lon="8.23940"></trkpt>
    <trkpt lat="61.68340" lon="8.23740"></trkpt>
    <trkpt lat="61.68280" lon="8.23560"></trkpt>
    <trkpt lat="61.68170" lon="8.23220"></trkpt>
    <trkpt lat="61.68140" lon="8.23130"></trkpt>
    <trkpt lat="61.68100" lon="8.23030"></trkpt>
    <trkpt lat="61.68070" lon="8.22940"></trkpt>
    <trkpt lat="61.68040" lon="8.22840"></trkpt>
    <trkpt lat="61.68020" lon="8.22670"></trkpt>
    <trkpt lat="61.68000" lon="8.22580"></trkpt>
    <trkpt lat="61.67930" lon="8.22410"></trkpt>
    <trkpt lat="61.67900" lon="8.22310"></trkpt>
    <trkpt lat="61.67890" lon="8.22160"></trkpt>
    <trkpt lat="61.67880" lon="8.22030"></trkpt>
    <trkpt lat="61.67860" lon="8.21920"></trkpt>
    <trkpt lat="61.67840" lon="8.21830"></trkpt>
    <trkpt lat="61.67810" lon="8.21750"></trkpt>
    <trkpt lat="61.67770" lon="8.21640"></trkpt>
    <trkpt lat="61.67660" lon="8.21420"></trkpt>
    <trkpt lat="61.67620" lon="8.21330"></trkpt>
    <trkpt lat="61.67570" lon="8.21210"></trkpt>
    <trkpt lat="61.67520" lon="8.21120"></trkpt>
    <trkpt lat="61.67470" lon="8.21040"></trkpt>
    <trkpt lat="61.67430" lon="8.20950"></trkpt>
    <trkpt lat="61.67410" lon="8.20830"></trkpt>
    <trkpt lat="61.67390" lon="8.20740"></trkpt>
    <trkpt lat="61.67360" lon="8.20630"></trkpt>
    <trkpt lat="61.67290" lon="8.20410"></trkpt>
    <trkpt lat="61.67250" lon="8.20310"></trkpt>
    <trkpt lat="61.67190" lon="8.20200"></trkpt>
    <trkpt lat="61.67150" lon="8.20120"></trkpt>
    <trkpt lat="61.67100" lon="8.19960"></trkpt>
    <trkpt lat="61.67000" lon="8.19800"></trkpt>
    <trkpt lat="61.66960" lon="8.19730"></trkpt>
    <trkpt lat="61.66920" lon="8.19620"></trkpt>
    <trkpt lat="61.66900" lon="8.19530"></trkpt>
    <trkpt lat="61.66870" lon="8.19360"></trkpt>
    <trkpt lat="61.66840" lon="8.19230"></trkpt>
    <trkpt lat="61.66820" lon="8.19110"></trkpt>
    <trkpt lat="61.66810" lon="8.19010"></trkpt>
    <trkpt lat="61.66790" lon="8.18910"></trkpt>
    <trkpt lat="61.66760" lon="8.18830"></trkpt>
    <trkpt lat="61.66710" lon="8.18720"></trkpt>
    <trkpt lat="61.66670" lon="8.18660"></trkpt>
    <trkpt lat="61.66580" lon="8.18530"></trkpt>
    <trkpt lat="61.66530" lon="8.18460"></trkpt>
    <trkpt lat="61.66450" lon="8.18330"></trkpt>
    <trkpt lat="61.66410" lon="8.18270"></trkpt>
    <trkpt lat="61.66300" lon="8.18060"></trkpt>
    <trkpt lat="61.66260" lon="8.17980"></trkpt>
    <trkpt lat="61.66220" lon="8.17880"></trkpt>
    <trkpt lat="61.66200" lon="8.17770"></trkpt>
    <trkpt lat="61.66170" lon="8.17660"></trkpt>
    <trkpt lat="61.66110" lon="8.17530"></trkpt>
    <trkpt lat="61.66070" lon="8.17420"></trkpt>
    <trkpt lat="61.66050" lon="8.17330"></trkpt>
    <trkpt lat="61.66020" lon="8.17220"></trkpt>
    <trkpt lat="61.65980" lon="8.17140"></trkpt>
    <trkpt lat="61.65940" lon="8.17070"></trkpt>
    <trkpt lat="61.65900" lon="8.16970"></trkpt>
    <trkpt lat="61.65830" lon="8.16790"></trkpt>
    <trkpt lat="61.65800" lon="8.16690"></trkpt>
    <trkpt lat="61.65780" lon="8.16560"></trkpt>
    <trkpt lat="61.65740" lon="8.16340"></trkpt>
    <trkpt lat="61.65710" lon="8.16090"></trkpt>
    <trkpt lat="61.65700" lon="8.15990"></trkpt>
    <trkpt lat="61.65710" lon="8.15890"></trkpt>
    <trkpt lat="61.65750" lon="8.15810"></trkpt>
    <trkpt lat="61.65820" lon="8.15660"></trkpt>
    <trkpt lat="61.65870" lon="8.15540"></trkpt>
    <trkpt lat="61.65900" lon="8.15450"></trkpt>
    <trkpt lat="61.65910" lon="8.15330"></trkpt>
    <trkpt lat="61.65930" lon="8.15240"></trkpt>
    <trkpt lat="61.65950" lon="8.15140"></trkpt>
    <trkpt lat="61.65990" lon="8.15010"></trkpt>
    <trkpt lat="61.66010" lon="8.14910"></trkpt>
    <trkpt lat="61.66030" lon="8.14710"></trkpt>
    <trkpt lat="61.66040" lon="8.14600"></trkpt>
    <trkpt lat="61.66020" lon="8.14490"></trkpt>
    <trkpt lat="61.65950" lon="8.14310"></trkpt>
    <trkpt lat="61.65880" lon="8.14100"></trkpt>
    <trkpt lat="61.65840" lon="8.13990"></trkpt>
    <trkpt lat="61.65820" lon="8.13900"></trkpt>
    <trkpt lat="61.65790" lon="8.13790"></trkpt>
    <trkpt lat="61.65760" lon="8.13710"></trkpt>
    <trkpt lat="61.65720" lon="8.13630"></trkpt>
    <trkpt lat="61.65660" lon="8.13520"></trkpt>
    <trkpt lat="61.65580" lon="8.13360"></trkpt>
    <trkpt lat="61.65530" lon="8.13270"></trkpt>
    <trkpt lat="61.65490" lon="8.13190"></trkpt>
    <trkpt lat="61.65450" lon="8.13120"></trkpt>
    <trkpt lat="61.65380" lon="8.12990"></trkpt>
    <trkpt lat="61.65310" lon="8.12900"></trkpt>
    <trkpt lat="61.65240" lon="8.12790"></trkpt>
    <trkpt lat="61.65180" lon="8.12700"></trkpt>
    <trkpt lat="61.65140" lon="8.12630"></trkpt>
    <trkpt lat="61.65080" lon="8.12490"></trkpt>
    <trkpt lat="61.65020" lon="8.12350"></trkpt>
    <trkpt lat="61.64990" lon="8.12260"></trkpt>
    <trkpt lat="61.64950" lon="8.12150"></trkpt>
    <trkpt lat="61.64920" lon="8.12060"></trkpt>
    <trkpt lat="61.64840" lon="8.11730"></trkpt>
    <trkpt lat="61.64810" lon="8.11610"></trkpt>
    <trkpt lat="61.64780" lon="8.11480"></trkpt>
    <trkpt lat="61.64750" lon="8.11350"></trkpt>
    <trkpt lat="61.64670" lon="8.11130"></trkpt>
    <trkpt lat="61.64640" lon="8.11020"></trkpt>
    <trkpt lat="61.64600" lon="8.10930"></trkpt>
    <trkpt lat="61.64570" lon="8.10820"></trkpt>
    <trkpt lat="61.64530" lon="8.10710"></trkpt>
    <trkpt lat="61.64510" lon="8.10620"></trkpt>
    <trkpt lat="61.64500" lon="8.10510"></trkpt>
    <trkpt lat="61.64500" lon="8.10390"></trkpt>
    <trkpt lat="61.64510" lon="8.10290"></trkpt>
    <trkpt lat="61.64510" lon="8.10190"></trkpt>
    <trkpt lat="61.64520" lon="8.10060"></trkpt>
    <trkpt lat="61.64560" lon="8.09810"></trkpt>
    <trkpt lat="61.64580" lon="8.09720"></trkpt>
    <trkpt lat="61.64590" lon="8.09610"></trkpt>
    <trkpt lat="61.64580" lon="8.09510"></trkpt>
    <trkpt lat="61.64570" lon="8.09370"></trkpt>
    <trkpt lat="61.64550" lon="8.09230"></trkpt>
    <trkpt lat="61.64520" lon="8.09060"></trkpt>
    <trkpt lat="61.64500" lon="8.08950"></trkpt>
    <trkpt lat="61.64490" lon="8.08840"></trkpt>
    <trkpt lat="61.64470" lon="8.08740"></trkpt>
    <trkpt lat="61.64460" lon="8.08620"></trkpt>
    <trkpt lat="61.64480" lon="8.08460"></trkpt>
    <trkpt lat="61.64480" lon="8.08340"></trkpt>
    <trkpt lat="61.64500" lon="8.08240"></trkpt>
    <trkpt lat="61.64520" lon="8.08150"></trkpt>
    <trkpt lat="61.64520" lon="8.08020"></trkpt>
    <trkpt lat="61.64530" lon="8.07900"></trkpt>
    <trkpt lat="61.64520" lon="8.07790"></trkpt>
    <trkpt lat="61.64500" lon="8.07690"></trkpt>
    <trkpt lat="61.64500" lon="8.07590"></trkpt>
    <trkpt lat="61.64480" lon="8.07450"></trkpt>
    <trkpt lat="61.64430" lon="8.07280"></trkpt>
    <trkpt lat="61.64390" lon="8.07140"></trkpt>
    <trkpt lat="61.64350" lon="8.06990"></trkpt>
    <trkpt lat="61.64330" lon="8.06900"></trkpt>
    <trkpt lat="61.64320" lon="8.06800"></trkpt>
    <trkpt lat="61.64280" lon="8.06630"></trkpt>
    <trkpt lat="61.64230" lon="8.06460"></trkpt>
    <trkpt lat="61.64190" lon="8.06350"></trkpt>
    <trkpt lat="61.64170" lon="8.06260"></trkpt>
    <trkpt lat="61.64130" lon="8.06160"></trkpt>
    <trkpt lat="61.64110" lon="8.06060"></trkpt>
    <trkpt lat="61.64100" lon="8.05910"></trkpt>
    <trkpt lat="61.64080" lon="8.05700"></trkpt>
    <trkpt lat="61.64050" lon="8.05550"></trkpt>
    <trkpt lat="61.64000" lon="8.05360"></trkpt>
    <trkpt lat="61.63970" lon="8.05250"></trkpt>
    <trkpt lat="61.63920" lon="8.05180"></trkpt>
    <trkpt lat="61.63870" lon="8.05130"></trkpt>
    <trkpt lat="61.63810" lon="8.05110"></trkpt>
    <trkpt lat="61.63760" lon="8.05100"></trkpt>
    <trkpt lat="61.63710" lon="8.05090"></trkpt>
    <trkpt lat="61.63660" lon="8.05070"></trkpt>
    <trkpt lat="61.63600" lon="8.05040"></trkpt>
    <trkpt lat="61.63540" lon="8.05010"></trkpt>
    <trkpt lat="61.63460" lon="8.04960"></trkpt>
    <trkpt lat="61.63400" lon="8.04940"></trkpt>
    <trkpt lat="61.63350" lon="8.04960"></trkpt>
    <trkpt lat="61.63270" lon="8.05020"></trkpt>
    <trkpt lat="61.63220" lon="8.05050"></trkpt>
    <trkpt lat="61.63170" lon="8.05060"></trkpt>
    <trkpt lat="61.63060" lon="8.05020"></trkpt>
    <trkpt lat="61.63010" lon="8.04990"></trkpt>
    <trkpt lat="61.62940" lon="8.04960"></trkpt>
    <trkpt lat="61.62830" lon="8.04890"></trkpt>
    <trkpt lat="61.62740" lon="8.04830"></trkpt>
    <trkpt lat="61.62630" lon="8.04760"></trkpt>
    <trkpt lat="61.62520" lon="8.04690"></trkpt>
    <trkpt lat="61.62420" lon="8.04630"></trkpt>
    <trkpt lat="61.62360" lon="8.04580"></trkpt>
    <trkpt lat="61.62310" lon="8.04530"></trkpt>
    <trkpt lat="61.62270" lon="8.04480"></trkpt>
    <trkpt lat="61.62200" lon="8.04420"></trkpt>
    <trkpt lat="61.62160" lon="8.04370"></trkpt>
    <trkpt lat="61.62100" lon="8.04330"></trkpt>
    <trkpt lat="61.62050" lon="8.04310"></trkpt>
    <trkpt lat="61.62000" lon="8.04320"></trkpt>
    <trkpt lat="61.61900" lon="8.04390"></trkpt>
    <trkpt lat="61.61850" lon="8.04410"></trkpt>
    <trkpt lat="61.61800" lon="8.04400"></trkpt>
    <trkpt lat="61.61740" lon="8.04360"></trkpt>
    <trkpt lat="61.61680" lon="8.04340"></trkpt>
    <trkpt lat="61.61630" lon="8.04340"></trkpt>
    <trkpt lat="61.61530" lon="8.04340"></trkpt>
    <trkpt lat="61.61480" lon="8.04340"></trkpt>
    <trkpt lat="61.61420" lon="8.04310"></trkpt>
    <trkpt lat="61.61350" lon="8.04260"></trkpt>
    <trkpt lat="61.61270" lon="8.04190"></trkpt>
    <trkpt lat="61.61200" lon="8.04130"></trkpt>
    <trkpt lat="61.61150" lon="8.04100"></trkpt>
    <trkpt lat="61.61100" lon="8.04100"></trkpt>
    <trkpt lat="61.61050" lon="8.04130"></trkpt>
    <trkpt lat="61.61000" lon="8.04130"></trkpt>
    <trkpt lat="61.60950" lon="8.04120"></trkpt>
    <trkpt lat="61.60900" lon="8.04100"></trkpt>
    <trkpt lat="61.60840" lon="8.04050"></trkpt>
    <trkpt lat="61.60780" lon="8.04040"></trkpt>
    <trkpt lat="61.60730" lon="8.04070"></trkpt>
    <trkpt lat="61.60690" lon="8.04120"></trkpt>
    <trkpt lat="61.60620" lon="8.04150"></trkpt>
    <trkpt lat="61.60570" lon="8.04160"></trkpt>
    <trkpt lat="61.60490" lon="8.04170"></trkpt>
    <trkpt lat="61.60430" lon="8.04180"></trkpt>
    <trkpt lat="61.60360" lon="8.04200"></trkpt>
    <trkpt lat="61.60310" lon="8.04200"></trkpt>
    <trkpt lat="61.60250" lon="8.04180"></trkpt>
    <trkpt lat="61.60190" lon="8.04150"></trkpt>
    <trkpt lat="61.60110" lon="8.04100"></trkpt>
    <trkpt lat="61.60060" lon="8.04050"></trkpt>
    <trkpt lat="61.59970" lon="8.03930"></trkpt>
    <trkpt lat="61.59890" lon="8.03880"></trkpt>
    <trkpt lat="61.59840" lon="8.03870"></trkpt>
    <trkpt lat="61.59790" lon="8.03860"></trkpt>
    <trkpt lat="61.59720" lon="8.03870"></trkpt>
    <trkpt lat="61.59660" lon="8.03890"></trkpt>
    <trkpt lat="61.59600" lon="8.03910"></trkpt>
    <trkpt lat="61.59540" lon="8.03920"></trkpt>
    <trkpt lat="61.59460" lon="8.03890"></trkpt>
    <trkpt lat="61.59410" lon="8.03860"></trkpt>
    <trkpt lat="61.59360" lon="8.03830"></trkpt>
    <trkpt lat="61.59300" lon="8.03820"></trkpt>
    <trkpt lat="61.59250" lon="8.03790"></trkpt>
    <trkpt lat="61.59190" lon="8.03750"></trkpt>
    <trkpt lat="61.59100" lon="8.03680"></trkpt>
    <trkpt lat="61.58990" lon="8.03640"></trkpt>
    <trkpt lat="61.58920" lon="8.03610"></trkpt>
    <trkpt lat="61.58870" lon="8.03590"></trkpt>
    <trkpt lat="61.58810" lon="8.03570"></trkpt>
    <trkpt lat="61.58750" lon="8.03570"></trkpt>
    <trkpt lat="61.58700" lon="8.03590"></trkpt>
    <trkpt lat="61.58650" lon="8.03590"></trkpt>
    <trkpt lat="61.58600" lon="8.03570"></trkpt>
    <trkpt lat="61.58550" lon="8.03530"></trkpt>
    <trkpt lat="61.58480" lon="8.03480"></trkpt>
    <trkpt lat="61.58430" lon="8.03460"></trkpt>
    <trkpt lat="61.58350" lon="8.03460"></trkpt>
    <trkpt lat="61.58270" lon="8.03460"></trkpt>
    <trkpt lat="61.58210" lon="8.03460"></trkpt>
    <trkpt lat="61.58130" lon="8.03490"></trkpt>
    <trkpt lat="61.58020" lon="8.03540"></trkpt>
    <trkpt lat="61.57940" lon="8.03570"></trkpt>
    <trkpt lat="61.57850" lon="8.03620"></trkpt>
    <trkpt lat="61.57800" lon="8.03640"></trkpt>
    <trkpt lat="61.57710" lon="8.03660"></trkpt>
    <trkpt lat="61.57650" lon="8.03640"></trkpt>
    <trkpt lat="61.57600" lon="8.03590"></trkpt>
    <trkpt lat="61.57550" lon="8.03530"></trkpt>
    <trkpt lat="61.57500" lon="8.03460"></trkpt>
    <trkpt lat="61.57460" lon="8.03380"></trkpt>
    <trkpt lat="61.57440" lon="8.03290"></trkpt>
    <trkpt lat="61.57430" lon="8.03180"></trkpt>
    <trkpt lat="61.57460" lon="8.03100"></trkpt>
    <trkpt lat="61.57390" lon="8.03120"></trkpt>
    <trkpt lat="61.57340" lon="8.03130"></trkpt>
    <trkpt lat="61.57240" lon="8.03060"></trkpt>
    <trkpt lat="61.57190" lon="8.03040"></trkpt>
    <trkpt lat="61.57100" lon="8.03060"></trkpt>
    <trkpt lat="61.57130" lon="8.02970"></trkpt>
    <trkpt lat="61.57190" lon="8.02910"></trkpt>
    <trkpt lat="61.57250" lon="8.02900"></trkpt>
    <trkpt lat="61.57170" lon="8.02810"></trkpt>
    <trkpt lat="61.57130" lon="8.02760"></trkpt>
    <trkpt lat="61.57090" lon="8.02680"></trkpt>
    <trkpt lat="61.57030" lon="8.02640"></trkpt>
    <trkpt lat="61.56990" lon="8.02570"></trkpt>
    <trkpt lat="61.56920" lon="8.02430"></trkpt>
    <trkpt lat="61.56880" lon="8.02360"></trkpt>
    <trkpt lat="61.56840" lon="8.02300"></trkpt>
    <trkpt lat="61.56800" lon="8.02230"></trkpt>
    <trkpt lat="61.56760" lon="8.02160"></trkpt>
    <trkpt lat="61.56730" lon="8.02070"></trkpt>
    <trkpt lat="61.56720" lon="8.01970"></trkpt>
    <trkpt lat="61.56680" lon="8.01920"></trkpt>
    <trkpt lat="61.56660" lon="8.01830"></trkpt>
    <trkpt lat="61.56660" lon="8.01550"></trkpt>
    <trkpt lat="61.56660" lon="8.01450"></trkpt>
    <trkpt lat="61.56660" lon="8.01280"></trkpt>
    <trkpt lat="61.56660" lon="8.01150"></trkpt>
    <trkpt lat="61.56640" lon="8.00990"></trkpt>
    <trkpt lat="61.56610" lon="8.00800"></trkpt>
    <trkpt lat="61.56600" lon="8.00700"></trkpt>
    <trkpt lat="61.56580" lon="8.00600"></trkpt>
    <trkpt lat="61.56560" lon="8.00480"></trkpt>
    <trkpt lat="61.56540" lon="8.00390"></trkpt>
    <trkpt lat="61.56540" lon="8.00250"></trkpt>
    <trkpt lat="61.56520" lon="7.99850"></trkpt>
    <trkpt lat="61.56510" lon="7.99690"></trkpt>
    <trkpt lat="61.56510" lon="7.99650"></trkpt>
  </trkseg>
  <trkseg>
    <trkpt lat="61.56510" lon="7.99650"></trkpt>
    <trkpt lat="61.56500" lon="7.99550"></trkpt>
    <trkpt lat="61.56490" lon="7.99450"></trkpt>
    <trkpt lat="61.56440" lon="7.99370"></trkpt>
    <trkpt lat="61.56350" lon="7.99260"></trkpt>
    <trkpt lat="61.56310" lon="7.99180"></trkpt>
    <trkpt lat="61.56200" lon="7.98920"></trkpt>
    <trkpt lat="61.56160" lon="7.98840"></trkpt>
    <trkpt lat="61.56140" lon="7.98750"></trkpt>
    <trkpt lat="61.56140" lon="7.98600"></trkpt>
    <trkpt lat="61.56150" lon="7.98470"></trkpt>
    <trkpt lat="61.56150" lon="7.98350"></trkpt>
    <trkpt lat="61.56140" lon="7.98240"></trkpt>
    <trkpt lat="61.56110" lon="7.98130"></trkpt>
    <trkpt lat="61.56090" lon="7.98030"></trkpt>
    <trkpt lat="61.56100" lon="7.97890"></trkpt>
    <trkpt lat="61.56100" lon="7.97760"></trkpt>
    <trkpt lat="61.56110" lon="7.97660"></trkpt>
    <trkpt lat="61.56110" lon="7.97540"></trkpt>
    <trkpt lat="61.56110" lon="7.97440"></trkpt>
    <trkpt lat="61.56090" lon="7.97310"></trkpt>
    <trkpt lat="61.56060" lon="7.97210"></trkpt>
    <trkpt lat="61.56030" lon="7.97070"></trkpt>
    <trkpt lat="61.56000" lon="7.96950"></trkpt>
    <trkpt lat="61.55980" lon="7.96840"></trkpt>
    <trkpt lat="61.55980" lon="7.96720"></trkpt>
    <trkpt lat="61.55980" lon="7.96600"></trkpt>
    <trkpt lat="61.55980" lon="7.96500"></trkpt>
    <trkpt lat="61.55990" lon="7.96360"></trkpt>
    <trkpt lat="61.56000" lon="7.96210"></trkpt>
    <trkpt lat="61.55990" lon="7.96100"></trkpt>
    <trkpt lat="61.55950" lon="7.95870"></trkpt>
    <trkpt lat="61.55930" lon="7.95740"></trkpt>
    <trkpt lat="61.55910" lon="7.95640"></trkpt>
    <trkpt lat="61.55890" lon="7.95540"></trkpt>
    <trkpt lat="61.55850" lon="7.95440"></trkpt>
    <trkpt lat="61.55720" lon="7.95120"></trkpt>
    <trkpt lat="61.55690" lon="7.95010"></trkpt>
    <trkpt lat="61.55670" lon="7.94860"></trkpt>
    <trkpt lat="61.55650" lon="7.94760"></trkpt>
    <trkpt lat="61.55630" lon="7.94670"></trkpt>
    <trkpt lat="61.55570" lon="7.94520"></trkpt>
    <trkpt lat="61.55530" lon="7.94430"></trkpt>
    <trkpt lat="61.55400" lon="7.94170"></trkpt>
    <trkpt lat="61.55300" lon="7.93980"></trkpt>
    <trkpt lat="61.55270" lon="7.93900"></trkpt>
    <trkpt lat="61.55240" lon="7.93810"></trkpt>
    <trkpt lat="61.55220" lon="7.93690"></trkpt>
    <trkpt lat="61.55200" lon="7.93530"></trkpt>
    <trkpt lat="61.55210" lon="7.93330"></trkpt>
    <trkpt lat="61.55220" lon="7.93090"></trkpt>
    <trkpt lat="61.55220" lon="7.92980"></trkpt>
    <trkpt lat="61.55200" lon="7.92880"></trkpt>
    <trkpt lat="61.55170" lon="7.92790"></trkpt>
    <trkpt lat="61.55140" lon="7.92660"></trkpt>
    <trkpt lat="61.55140" lon="7.92540"></trkpt>
    <trkpt lat="61.55080" lon="7.92370"></trkpt>
    <trkpt lat="61.55040" lon="7.92280"></trkpt>
    <trkpt lat="61.55030" lon="7.92170"></trkpt>
    <trkpt lat="61.55020" lon="7.92020"></trkpt>
    <trkpt lat="61.55010" lon="7.91820"></trkpt>
    <trkpt lat="61.54990" lon="7.91120"></trkpt>
    <trkpt lat="61.54970" lon="7.90410"></trkpt>
    <trkpt lat="61.54960" lon="7.90270"></trkpt>
    <trkpt lat="61.54950" lon="7.90100"></trkpt>
    <trkpt lat="61.54950" lon="7.90000"></trkpt>
    <trkpt lat="61.54930" lon="7.89840"></trkpt>
    <trkpt lat="61.54900" lon="7.89390"></trkpt>
    <trkpt lat="61.54890" lon="7.89240"></trkpt>
    <trkpt lat="61.54890" lon="7.89120"></trkpt>
    <trkpt lat="61.54880" lon="7.89000"></trkpt>
    <trkpt lat="61.54890" lon="7.88800"></trkpt>
    <trkpt lat="61.54910" lon="7.88630"></trkpt>
    <trkpt lat="61.54930" lon="7.88410"></trkpt>
    <trkpt lat="61.54930" lon="7.88310"></trkpt>
    <trkpt lat="61.54910" lon="7.88170"></trkpt>
    <trkpt lat="61.54890" lon="7.88060"></trkpt>
    <trkpt lat="61.54890" lon="7.87940"></trkpt>
    <trkpt lat="61.54870" lon="7.87830"></trkpt>
    <trkpt lat="61.54860" lon="7.87730"></trkpt>
    <trkpt lat="61.54860" lon="7.87610"></trkpt>
    <trkpt lat="61.54870" lon="7.87510"></trkpt>
    <trkpt lat="61.54880" lon="7.87400"></trkpt>
    <trkpt lat="61.54900" lon="7.87280"></trkpt>
    <trkpt lat="61.54910" lon="7.87170"></trkpt>
    <trkpt lat="61.54880" lon="7.87080"></trkpt>
    <trkpt lat="61.54700" lon="7.86890"></trkpt>
    <trkpt lat="61.54660" lon="7.86840"></trkpt>
    <trkpt lat="61.54620" lon="7.86730"></trkpt>
    <trkpt lat="61.54580" lon="7.86630"></trkpt>
    <trkpt lat="61.54540" lon="7.86540"></trkpt>
    <trkpt lat="61.54400" lon="7.86290"></trkpt>
    <trkpt lat="61.54350" lon="7.86200"></trkpt>
    <trkpt lat="61.54300" lon="7.86120"></trkpt>
    <trkpt lat="61.54260" lon="7.86040"></trkpt>
    <trkpt lat="61.54190" lon="7.85830"></trkpt>
    <trkpt lat="61.54160" lon="7.85740"></trkpt>
    <trkpt lat="61.54140" lon="7.85610"></trkpt>
    <trkpt lat="61.54110" lon="7.85520"></trkpt>
    <trkpt lat="61.54060" lon="7.85480"></trkpt>
    <trkpt lat="61.54000" lon="7.85490"></trkpt>
    <trkpt lat="61.53950" lon="7.85480"></trkpt>
    <trkpt lat="61.53900" lon="7.85450"></trkpt>
    <trkpt lat="61.53850" lon="7.85380"></trkpt>
    <trkpt lat="61.53810" lon="7.85290"></trkpt>
    <trkpt lat="61.53740" lon="7.85110"></trkpt>
    <trkpt lat="61.53690" lon="7.85040"></trkpt>
    <trkpt lat="61.53640" lon="7.85000"></trkpt>
    <trkpt lat="61.53580" lon="7.85000"></trkpt>
    <trkpt lat="61.53530" lon="7.85020"></trkpt>
    <trkpt lat="61.53480" lon="7.85020"></trkpt>
    <trkpt lat="61.53430" lon="7.84970"></trkpt>
    <trkpt lat="61.53340" lon="7.84810"></trkpt>
    <trkpt lat="61.53300" lon="7.84760"></trkpt>
    <trkpt lat="61.53250" lon="7.84710"></trkpt>
    <trkpt lat="61.53200" lon="7.84690"></trkpt>
    <trkpt lat="61.53140" lon="7.84700"></trkpt>
    <trkpt lat="61.53030" lon="7.84720"></trkpt>
    <trkpt lat="61.52980" lon="7.84750"></trkpt>
    <trkpt lat="61.52930" lon="7.84830"></trkpt>
    <trkpt lat="61.52880" lon="7.84900"></trkpt>
    <trkpt lat="61.52830" lon="7.84950"></trkpt>
    <trkpt lat="61.52780" lon="7.84970"></trkpt>
    <trkpt lat="61.52730" lon="7.84910"></trkpt>
    <trkpt lat="61.52660" lon="7.84770"></trkpt>
    <trkpt lat="61.52620" lon="7.84670"></trkpt>
    <trkpt lat="61.52570" lon="7.84570"></trkpt>
    <trkpt lat="61.52520" lon="7.84500"></trkpt>
    <trkpt lat="61.52460" lon="7.84430"></trkpt>
    <trkpt lat="61.52410" lon="7.84380"></trkpt>
    <trkpt lat="61.52380" lon="7.84300"></trkpt>
    <trkpt lat="61.52370" lon="7.84190"></trkpt>
    <trkpt lat="61.52420" lon="7.83990"></trkpt>
    <trkpt lat="61.52450" lon="7.83880"></trkpt>
    <trkpt lat="61.52500" lon="7.83790"></trkpt>
    <trkpt lat="61.52530" lon="7.83710"></trkpt>
    <trkpt lat="61.52540" lon="7.83600"></trkpt>
    <trkpt lat="61.52510" lon="7.83510"></trkpt>
    <trkpt lat="61.52460" lon="7.83400"></trkpt>
    <trkpt lat="61.52400" lon="7.83280"></trkpt>
    <trkpt lat="61.52280" lon="7.83040"></trkpt>
    <trkpt lat="61.52210" lon="7.82890"></trkpt>
    <trkpt lat="61.52170" lon="7.82840"></trkpt>
    <trkpt lat="61.52110" lon="7.82790"></trkpt>
    <trkpt lat="61.52010" lon="7.82770"></trkpt>
    <trkpt lat="61.51960" lon="7.82750"></trkpt>
    <trkpt lat="61.51890" lon="7.82700"></trkpt>
    <trkpt lat="61.51660" lon="7.82510"></trkpt>
    <trkpt lat="61.51610" lon="7.82470"></trkpt>
    <trkpt lat="61.51560" lon="7.82390"></trkpt>
    <trkpt lat="61.51520" lon="7.82340"></trkpt>
    <trkpt lat="61.51420" lon="7.82280"></trkpt>
    <trkpt lat="61.51230" lon="7.82230"></trkpt>
    <trkpt lat="61.51090" lon="7.82190"></trkpt>
    <trkpt lat="61.51030" lon="7.82180"></trkpt>
    <trkpt lat="61.50980" lon="7.82150"></trkpt>
    <trkpt lat="61.50940" lon="7.82090"></trkpt>
    <trkpt lat="61.50900" lon="7.81960"></trkpt>
    <trkpt lat="61.50870" lon="7.81880"></trkpt>
    <trkpt lat="61.50840" lon="7.81800"></trkpt>
    <trkpt lat="61.50800" lon="7.81720"></trkpt>
    <trkpt lat="61.50790" lon="7.81600"></trkpt>
    <trkpt lat="61.50810" lon="7.81510"></trkpt>
    <trkpt lat="61.50850" lon="7.81450"></trkpt>
    <trkpt lat="61.50910" lon="7.81410"></trkpt>
    <trkpt lat="61.50970" lon="7.81420"></trkpt>
    <trkpt lat="61.50940" lon="7.81330"></trkpt>
    <trkpt lat="61.50900" lon="7.81250"></trkpt>
    <trkpt lat="61.50830" lon="7.81170"></trkpt>
    <trkpt lat="61.50880" lon="7.81170"></trkpt>
    <trkpt lat="61.50930" lon="7.81170"></trkpt>
    <trkpt lat="61.50960" lon="7.81090"></trkpt>
    <trkpt lat="61.50930" lon="7.81000"></trkpt>
    <trkpt lat="61.50860" lon="7.80950"></trkpt>
    <trkpt lat="61.50810" lon="7.80920"></trkpt>
    <trkpt lat="61.50750" lon="7.80900"></trkpt>
    <trkpt lat="61.50700" lon="7.80900"></trkpt>
    <trkpt lat="61.50650" lon="7.80920"></trkpt>
    <trkpt lat="61.50590" lon="7.80970"></trkpt>
    <trkpt lat="61.50550" lon="7.81030"></trkpt>
    <trkpt lat="61.50530" lon="7.81120"></trkpt>
    <trkpt lat="61.50520" lon="7.81020"></trkpt>
    <trkpt lat="61.50550" lon="7.80940"></trkpt>
    <trkpt lat="61.50580" lon="7.80860"></trkpt>
    <trkpt lat="61.50580" lon="7.80740"></trkpt>
    <trkpt lat="61.50540" lon="7.80810"></trkpt>
    <trkpt lat="61.50510" lon="7.80910"></trkpt>
    <trkpt lat="61.50430" lon="7.81000"></trkpt>
    <trkpt lat="61.50420" lon="7.81110"></trkpt>
    <trkpt lat="61.50440" lon="7.81210"></trkpt>
    <trkpt lat="61.50460" lon="7.81340"></trkpt>
    <trkpt lat="61.50480" lon="7.81430"></trkpt>
    <trkpt lat="61.50480" lon="7.81560"></trkpt>
    <trkpt lat="61.50460" lon="7.81470"></trkpt>
    <trkpt lat="61.50420" lon="7.81380"></trkpt>
    <trkpt lat="61.50380" lon="7.81320"></trkpt>
    <trkpt lat="61.50340" lon="7.81260"></trkpt>
    <trkpt lat="61.50290" lon="7.81230"></trkpt>
    <trkpt lat="61.50260" lon="7.81150"></trkpt>
    <trkpt lat="61.50240" lon="7.81040"></trkpt>
    <trkpt lat="61.50190" lon="7.80960"></trkpt>
    <trkpt lat="61.50160" lon="7.80870"></trkpt>
    <trkpt lat="61.50130" lon="7.80790"></trkpt>
    <trkpt lat="61.50120" lon="7.80690"></trkpt>
    <trkpt lat="61.50140" lon="7.80590"></trkpt>
    <trkpt lat="61.50200" lon="7.80540"></trkpt>
    <trkpt lat="61.50280" lon="7.80530"></trkpt>
    <trkpt lat="61.50350" lon="7.80500"></trkpt>
    <trkpt lat="61.50400" lon="7.80430"></trkpt>
    <trkpt lat="61.50430" lon="7.80350"></trkpt>
    <trkpt lat="61.50400" lon="7.80230"></trkpt>
    <trkpt lat="61.50340" lon="7.80060"></trkpt>
    <trkpt lat="61.50280" lon="7.79870"></trkpt>
    <trkpt lat="61.50250" lon="7.79780"></trkpt>
    <trkpt lat="61.50210" lon="7.79690"></trkpt>
    <trkpt lat="61.50210" lon="7.79570"></trkpt>
    <trkpt lat="61.50210" lon="7.79160"></trkpt>
    <trkpt lat="61.50210" lon="7.79060"></trkpt>
    <trkpt lat="61.50200" lon="7.78960"></trkpt>
    <trkpt lat="61.50180" lon="7.78870"></trkpt>
    <trkpt lat="61.50140" lon="7.78750"></trkpt>
    <trkpt lat="61.50070" lon="7.78580"></trkpt>
    <trkpt lat="61.50040" lon="7.78460"></trkpt>
    <trkpt lat="61.50020" lon="7.78370"></trkpt>
    <trkpt lat="61.49930" lon="7.78040"></trkpt>
    <trkpt lat="61.49920" lon="7.77940"></trkpt>
    <trkpt lat="61.49920" lon="7.77740"></trkpt>
    <trkpt lat="61.49930" lon="7.77600"></trkpt>
    <trkpt lat="61.49930" lon="7.77500"></trkpt>
    <trkpt lat="61.49920" lon="7.77400"></trkpt>
    <trkpt lat="61.49940" lon="7.77300"></trkpt>
    <trkpt lat="61.49950" lon="7.77200"></trkpt>
    <trkpt lat="61.49960" lon="7.77080"></trkpt>
    <trkpt lat="61.49960" lon="7.76970"></trkpt>
    <trkpt lat="61.49950" lon="7.76790"></trkpt>
    <trkpt lat="61.49940" lon="7.76640"></trkpt>
    <trkpt lat="61.49920" lon="7.76450"></trkpt>
    <trkpt lat="61.49920" lon="7.76330"></trkpt>
    <trkpt lat="61.49940" lon="7.76170"></trkpt>
    <trkpt lat="61.49950" lon="7.76060"></trkpt>
    <trkpt lat="61.49940" lon="7.75940"></trkpt>
    <trkpt lat="61.49920" lon="7.75800"></trkpt>
    <trkpt lat="61.49900" lon="7.75710"></trkpt>
    <trkpt lat="61.49870" lon="7.75590"></trkpt>
    <trkpt lat="61.49830" lon="7.75460"></trkpt>
    <trkpt lat="61.49800" lon="7.75350"></trkpt>
    <trkpt lat="61.49760" lon="7.75270"></trkpt>
    <trkpt lat="61.49720" lon="7.75210"></trkpt>
    <trkpt lat="61.49700" lon="7.75110"></trkpt>
    <trkpt lat="61.49710" lon="7.75000"></trkpt>
    <trkpt lat="61.49750" lon="7.74940"></trkpt>
    <trkpt lat="61.49740" lon="7.74760"></trkpt>
    <trkpt lat="61.49750" lon="7.74580"></trkpt>
    <trkpt lat="61.49760" lon="7.74280"></trkpt>
    <trkpt lat="61.49780" lon="7.74190"></trkpt>
    <trkpt lat="61.49730" lon="7.74250"></trkpt>
    <trkpt lat="61.49680" lon="7.74300"></trkpt>
    <trkpt lat="61.49630" lon="7.74340"></trkpt>
    <trkpt lat="61.49640" lon="7.74140"></trkpt>
    <trkpt lat="61.49650" lon="7.74030"></trkpt>
    <trkpt lat="61.49630" lon="7.73850"></trkpt>
    <trkpt lat="61.49640" lon="7.73740"></trkpt>
    <trkpt lat="61.49680" lon="7.73690"></trkpt>
    <trkpt lat="61.49850" lon="7.73570"></trkpt>
    <trkpt lat="61.49890" lon="7.73520"></trkpt>
    <trkpt lat="61.49920" lon="7.73420"></trkpt>
    <trkpt lat="61.49970" lon="7.73150"></trkpt>
    <trkpt lat="61.49990" lon="7.73050"></trkpt>
    <trkpt lat="61.49940" lon="7.73090"></trkpt>
    <trkpt lat="61.49890" lon="7.73180"></trkpt>
    <trkpt lat="61.49820" lon="7.73260"></trkpt>
    <trkpt lat="61.49820" lon="7.73130"></trkpt>
    <trkpt lat="61.49850" lon="7.72990"></trkpt>
    <trkpt lat="61.49870" lon="7.72890"></trkpt>
    <trkpt lat="61.49930" lon="7.72730"></trkpt>
    <trkpt lat="61.49950" lon="7.72550"></trkpt>
    <trkpt lat="61.49950" lon="7.72420"></trkpt>
    <trkpt lat="61.49970" lon="7.72300"></trkpt>
    <trkpt lat="61.49990" lon="7.72140"></trkpt>
    <trkpt lat="61.50010" lon="7.72000"></trkpt>
    <trkpt lat="61.50030" lon="7.71890"></trkpt>
    <trkpt lat="61.50070" lon="7.71780"></trkpt>
    <trkpt lat="61.50100" lon="7.71700"></trkpt>
    <trkpt lat="61.50140" lon="7.71620"></trkpt>
    <trkpt lat="61.50180" lon="7.71530"></trkpt>
    <trkpt lat="61.50210" lon="7.71440"></trkpt>
    <trkpt lat="61.50150" lon="7.71430"></trkpt>
    <trkpt lat="61.50050" lon="7.71510"></trkpt>
    <trkpt lat="61.49990" lon="7.71590"></trkpt>
    <trkpt lat="61.49950" lon="7.71650"></trkpt>
    <trkpt lat="61.49910" lon="7.71700"></trkpt>
    <trkpt lat="61.49840" lon="7.71840"></trkpt>
    <trkpt lat="61.49790" lon="7.71860"></trkpt>
    <trkpt lat="61.49750" lon="7.71760"></trkpt>
    <trkpt lat="61.49730" lon="7.71670"></trkpt>
    <trkpt lat="61.49740" lon="7.71570"></trkpt>
    <trkpt lat="61.49740" lon="7.71460"></trkpt>
    <trkpt lat="61.49740" lon="7.71350"></trkpt>
    <trkpt lat="61.49740" lon="7.71240"></trkpt>
    <trkpt lat="61.49780" lon="7.71100"></trkpt>
    <trkpt lat="61.49840" lon="7.70940"></trkpt>
    <trkpt lat="61.49970" lon="7.70570"></trkpt>
    <trkpt lat="61.50010" lon="7.70480"></trkpt>
    <trkpt lat="61.50070" lon="7.70440"></trkpt>
    <trkpt lat="61.50120" lon="7.70420"></trkpt>
    <trkpt lat="61.50160" lon="7.70340"></trkpt>
    <trkpt lat="61.50160" lon="7.70240"></trkpt>
    <trkpt lat="61.50130" lon="7.70160"></trkpt>
    <trkpt lat="61.50050" lon="7.70130"></trkpt>
    <trkpt lat="61.49990" lon="7.70100"></trkpt>
    <trkpt lat="61.50040" lon="7.70080"></trkpt>
    <trkpt lat="61.50090" lon="7.70090"></trkpt>
    <trkpt lat="61.50150" lon="7.70080"></trkpt>
    <trkpt lat="61.50230" lon="7.70160"></trkpt>
    <trkpt lat="61.50190" lon="7.70070"></trkpt>
    <trkpt lat="61.50150" lon="7.70020"></trkpt>
    <trkpt lat="61.50220" lon="7.70020"></trkpt>
    <trkpt lat="61.50270" lon="7.70070"></trkpt>
    <trkpt lat="61.50240" lon="7.69990"></trkpt>
    <trkpt lat="61.50190" lon="7.69940"></trkpt>
    <trkpt lat="61.50140" lon="7.69920"></trkpt>
    <trkpt lat="61.50090" lon="7.69920"></trkpt>
    <trkpt lat="61.50040" lon="7.69910"></trkpt>
    <trkpt lat="61.49970" lon="7.69920"></trkpt>
    <trkpt lat="61.49920" lon="7.69910"></trkpt>
    <trkpt lat="61.49840" lon="7.69880"></trkpt>
    <trkpt lat="61.49780" lon="7.69820"></trkpt>
    <trkpt lat="61.49710" lon="7.69750"></trkpt>
    <trkpt lat="61.49660" lon="7.69710"></trkpt>
    <trkpt lat="61.49610" lon="7.69670"></trkpt>
    <trkpt lat="61.49600" lon="7.69570"></trkpt>
    <trkpt lat="61.49610" lon="7.69470"></trkpt>
    <trkpt lat="61.49620" lon="7.69350"></trkpt>
    <trkpt lat="61.49620" lon="7.69240"></trkpt>
    <trkpt lat="61.49560" lon="7.69180"></trkpt>
    <trkpt lat="61.49500" lon="7.69190"></trkpt>
    <trkpt lat="61.49450" lon="7.69150"></trkpt>
    <trkpt lat="61.49400" lon="7.69080"></trkpt>
    <trkpt lat="61.49450" lon="7.69070"></trkpt>
    <trkpt lat="61.49490" lon="7.69010"></trkpt>
    <trkpt lat="61.49510" lon="7.68910"></trkpt>
    <trkpt lat="61.49430" lon="7.68830"></trkpt>
    <trkpt lat="61.49380" lon="7.68790"></trkpt>
    <trkpt lat="61.49330" lon="7.68720"></trkpt>
    <trkpt lat="61.49290" lon="7.68670"></trkpt>
    <trkpt lat="61.49250" lon="7.68610"></trkpt>
    <trkpt lat="61.49230" lon="7.68580"></trkpt>
  </trkseg>
  <trkseg>
    <trkpt lat="61.49230" lon="7.68580"></trkpt>
    <trkpt lat="61.49180" lon="7.68560"></trkpt>
    <trkpt lat="61.49110" lon="7.68550"></trkpt>
    <trkpt lat="61.49060" lon="7.68530"></trkpt>
    <trkpt lat="61.48970" lon="7.68300"></trkpt>
    <trkpt lat="61.48940" lon="7.68210"></trkpt>
    <trkpt lat="61.48940" lon="7.68100"></trkpt>
    <trkpt lat="61.48940" lon="7.67990"></trkpt>
    <trkpt lat="61.48940" lon="7.67830"></trkpt>
    <trkpt lat="61.48930" lon="7.67730"></trkpt>
    <trkpt lat="61.48910" lon="7.67550"></trkpt>
    <trkpt lat="61.48880" lon="7.67450"></trkpt>
    <trkpt lat="61.48840" lon="7.67340"></trkpt>
    <trkpt lat="61.48800" lon="7.67230"></trkpt>
    <trkpt lat="61.48750" lon="7.67100"></trkpt>
    <trkpt lat="61.48720" lon="7.67010"></trkpt>
    <trkpt lat="61.48690" lon="7.66910"></trkpt>
    <trkpt lat="61.48670" lon="7.66800"></trkpt>
    <trkpt lat="61.48650" lon="7.66690"></trkpt>
    <trkpt lat="61.48650" lon="7.66590"></trkpt>
    <trkpt lat="61.48650" lon="7.66470"></trkpt>
    <trkpt lat="61.48670" lon="7.66350"></trkpt>
    <trkpt lat="61.48680" lon="7.66230"></trkpt>
    <trkpt lat="61.48700" lon="7.66100"></trkpt>
    <trkpt lat="61.48710" lon="7.65990"></trkpt>
    <trkpt lat="61.48720" lon="7.65890"></trkpt>
    <trkpt lat="61.48710" lon="7.65790"></trkpt>
    <trkpt lat="61.48690" lon="7.65640"></trkpt>
    <trkpt lat="61.48680" lon="7.65540"></trkpt>
    <trkpt lat="61.48670" lon="7.65430"></trkpt>
    <trkpt lat="61.48650" lon="7.65340"></trkpt>
    <trkpt lat="61.48600" lon="7.65260"></trkpt>
    <trkpt lat="61.48560" lon="7.65190"></trkpt>
    <trkpt lat="61.48540" lon="7.65100"></trkpt>
    <trkpt lat="61.48490" lon="7.64890"></trkpt>
    <trkpt lat="61.48460" lon="7.64760"></trkpt>
    <trkpt lat="61.48410" lon="7.64560"></trkpt>
    <trkpt lat="61.48390" lon="7.64460"></trkpt>
    <trkpt lat="61.48380" lon="7.64360"></trkpt>
    <trkpt lat="61.48360" lon="7.64220"></trkpt>
    <trkpt lat="61.48340" lon="7.64070"></trkpt>
    <trkpt lat="61.48310" lon="7.63810"></trkpt>
    <trkpt lat="61.48300" lon="7.63710"></trkpt>
    <trkpt lat="61.48290" lon="7.63580"></trkpt>
    <trkpt lat="61.48290" lon="7.63180"></trkpt>
    <trkpt lat="61.48290" lon="7.63010"></trkpt>
    <trkpt lat="61.48290" lon="7.62880"></trkpt>
    <trkpt lat="61.48310" lon="7.62790"></trkpt>
    <trkpt lat="61.48370" lon="7.62610"></trkpt>
    <trkpt lat="61.48420" lon="7.62480"></trkpt>
    <trkpt lat="61.48450" lon="7.62370"></trkpt>
    <trkpt lat="61.48480" lon="7.62240"></trkpt>
    <trkpt lat="61.48520" lon="7.62100"></trkpt>
    <trkpt lat="61.48590" lon="7.61920"></trkpt>
    <trkpt lat="61.48620" lon="7.61840"></trkpt>
    <trkpt lat="61.48630" lon="7.61730"></trkpt>
    <trkpt lat="61.48630" lon="7.61620"></trkpt>
    <trkpt lat="61.48650" lon="7.61470"></trkpt>
    <trkpt lat="61.48670" lon="7.61310"></trkpt>
    <trkpt lat="61.48690" lon="7.61200"></trkpt>
    <trkpt lat="61.48720" lon="7.61100"></trkpt>
    <trkpt lat="61.48760" lon="7.60990"></trkpt>
    <trkpt lat="61.48800" lon="7.60920"></trkpt>
    <trkpt lat="61.48840" lon="7.60870"></trkpt>
    <trkpt lat="61.48880" lon="7.60820"></trkpt>
    <trkpt lat="61.48930" lon="7.60770"></trkpt>
    <trkpt lat="61.48970" lon="7.60690"></trkpt>
    <trkpt lat="61.48980" lon="7.60580"></trkpt>
    <trkpt lat="61.48980" lon="7.60430"></trkpt>
    <trkpt lat="61.48990" lon="7.60330"></trkpt>
    <trkpt lat="61.49020" lon="7.60230"></trkpt>
    <trkpt lat="61.49050" lon="7.60120"></trkpt>
    <trkpt lat="61.49080" lon="7.60030"></trkpt>
    <trkpt lat="61.49120" lon="7.59950"></trkpt>
    <trkpt lat="61.49200" lon="7.59830"></trkpt>
    <trkpt lat="61.49290" lon="7.59710"></trkpt>
    <trkpt lat="61.49330" lon="7.59650"></trkpt>
    <trkpt lat="61.49370" lon="7.59560"></trkpt>
    <trkpt lat="61.49400" lon="7.59480"></trkpt>
    <trkpt lat="61.49430" lon="7.59390"></trkpt>
    <trkpt lat="61.49440" lon="7.59290"></trkpt>
    <trkpt lat="61.49450" lon="7.59190"></trkpt>
    <trkpt lat="61.49460" lon="7.59050"></trkpt>
    <trkpt lat="61.49470" lon="7.58940"></trkpt>
    <trkpt lat="61.49480" lon="7.58800"></trkpt>
    <trkpt lat="61.49470" lon="7.58700"></trkpt>
    <trkpt lat="61.49450" lon="7.58590"></trkpt>
    <trkpt lat="61.49420" lon="7.58490"></trkpt>
    <trkpt lat="61.49370" lon="7.58370"></trkpt>
    <trkpt lat="61.49320" lon="7.58270"></trkpt>
    <trkpt lat="61.49260" lon="7.58200"></trkpt>
    <trkpt lat="61.49180" lon="7.58110"></trkpt>
    <trkpt lat="61.49130" lon="7.58060"></trkpt>
    <trkpt lat="61.49110" lon="7.57970"></trkpt>
    <trkpt lat="61.49090" lon="7.57880"></trkpt>
    <trkpt lat="61.49070" lon="7.57760"></trkpt>
    <trkpt lat="61.49050" lon="7.57660"></trkpt>
    <trkpt lat="61.49020" lon="7.57560"></trkpt>
    <trkpt lat="61.48980" lon="7.57470"></trkpt>
    <trkpt lat="61.48940" lon="7.57420"></trkpt>
    <trkpt lat="61.48840" lon="7.57360"></trkpt>
    <trkpt lat="61.48770" lon="7.57320"></trkpt>
    <trkpt lat="61.48660" lon="7.57260"></trkpt>
    <trkpt lat="61.48610" lon="7.57210"></trkpt>
    <trkpt lat="61.48510" lon="7.57080"></trkpt>
    <trkpt lat="61.48440" lon="7.57050"></trkpt>
    <trkpt lat="61.48380" lon="7.56980"></trkpt>
    <trkpt lat="61.48320" lon="7.56950"></trkpt>
    <trkpt lat="61.48230" lon="7.56990"></trkpt>
    <trkpt lat="61.48180" lon="7.56970"></trkpt>
    <trkpt lat="61.48130" lon="7.56900"></trkpt>
    <trkpt lat="61.48060" lon="7.56790"></trkpt>
    <trkpt lat="61.48020" lon="7.56730"></trkpt>
    <trkpt lat="61.47990" lon="7.56650"></trkpt>
    <trkpt lat="61.47940" lon="7.56540"></trkpt>
    <trkpt lat="61.47890" lon="7.56390"></trkpt>
    <trkpt lat="61.47850" lon="7.56260"></trkpt>
    <trkpt lat="61.47800" lon="7.56130"></trkpt>
    <trkpt lat="61.47770" lon="7.56040"></trkpt>
    <trkpt lat="61.47760" lon="7.55860"></trkpt>
    <trkpt lat="61.47740" lon="7.55760"></trkpt>
    <trkpt lat="61.47660" lon="7.55580"></trkpt>
    <trkpt lat="61.47570" lon="7.55380"></trkpt>
    <trkpt lat="61.47540" lon="7.55290"></trkpt>
    <trkpt lat="61.47510" lon="7.55200"></trkpt>
    <trkpt lat="61.47480" lon="7.55100"></trkpt>
    <trkpt lat="61.47430" lon="7.54870"></trkpt>
    <trkpt lat="61.47410" lon="7.54760"></trkpt>
    <trkpt lat="61.47380" lon="7.54650"></trkpt>
    <trkpt lat="61.47340" lon="7.54550"></trkpt>
    <trkpt lat="61.47300" lon="7.54460"></trkpt>
    <trkpt lat="61.47260" lon="7.54370"></trkpt>
    <trkpt lat="61.47200" lon="7.54270"></trkpt>
    <trkpt lat="61.47150" lon="7.54190"></trkpt>
    <trkpt lat="61.47100" lon="7.54120"></trkpt>
    <trkpt lat="61.47050" lon="7.54060"></trkpt>
    <trkpt lat="61.46990" lon="7.54000"></trkpt>
    <trkpt lat="61.46910" lon="7.53930"></trkpt>
    <trkpt lat="61.46830" lon="7.53870"></trkpt>
    <trkpt lat="61.46790" lon="7.53820"></trkpt>
    <trkpt lat="61.46760" lon="7.53750"></trkpt>
    <trkpt lat="61.46730" lon="7.53650"></trkpt>
    <trkpt lat="61.46700" lon="7.53500"></trkpt>
    <trkpt lat="61.46670" lon="7.53400"></trkpt>
    <trkpt lat="61.46620" lon="7.53350"></trkpt>
    <trkpt lat="61.46580" lon="7.53280"></trkpt>
    <trkpt lat="61.46550" lon="7.53200"></trkpt>
    <trkpt lat="61.46510" lon="7.53150"></trkpt>
    <trkpt lat="61.46440" lon="7.53070"></trkpt>
    <trkpt lat="61.46380" lon="7.53060"></trkpt>
    <trkpt lat="61.46330" lon="7.53080"></trkpt>
    <trkpt lat="61.46250" lon="7.52990"></trkpt>
    <trkpt lat="61.46210" lon="7.52930"></trkpt>
    <trkpt lat="61.46160" lon="7.52840"></trkpt>
    <trkpt lat="61.46120" lon="7.52760"></trkpt>
    <trkpt lat="61.46090" lon="7.52670"></trkpt>
    <trkpt lat="61.46070" lon="7.52560"></trkpt>
    <trkpt lat="61.46030" lon="7.52500"></trkpt>
    <trkpt lat="61.45960" lon="7.52450"></trkpt>
    <trkpt lat="61.45860" lon="7.52390"></trkpt>
    <trkpt lat="61.45810" lon="7.52340"></trkpt>
    <trkpt lat="61.45760" lon="7.52260"></trkpt>
    <trkpt lat="61.45740" lon="7.52170"></trkpt>
    <trkpt lat="61.45690" lon="7.51840"></trkpt>
    <trkpt lat="61.45680" lon="7.51730"></trkpt>
    <trkpt lat="61.45690" lon="7.51550"></trkpt>
    <trkpt lat="61.45700" lon="7.51450"></trkpt>
    <trkpt lat="61.45700" lon="7.51340"></trkpt>
    <trkpt lat="61.45690" lon="7.51220"></trkpt>
    <trkpt lat="61.45670" lon="7.51130"></trkpt>
    <trkpt lat="61.45650" lon="7.51030"></trkpt>
    <trkpt lat="61.45620" lon="7.50940"></trkpt>
    <trkpt lat="61.45520" lon="7.50740"></trkpt>
    <trkpt lat="61.45480" lon="7.50650"></trkpt>
    <trkpt lat="61.45420" lon="7.50580"></trkpt>
    <trkpt lat="61.45360" lon="7.50520"></trkpt>
    <trkpt lat="61.45320" lon="7.50460"></trkpt>
    <trkpt lat="61.45280" lon="7.50390"></trkpt>
    <trkpt lat="61.45240" lon="7.50320"></trkpt>
    <trkpt lat="61.45200" lon="7.50230"></trkpt>
    <trkpt lat="61.45160" lon="7.50120"></trkpt>
    <trkpt lat="61.45130" lon="7.49990"></trkpt>
    <trkpt lat="61.45100" lon="7.49910"></trkpt>
    <trkpt lat="61.45060" lon="7.49840"></trkpt>
    <trkpt lat="61.45010" lon="7.49780"></trkpt>
    <trkpt lat="61.44980" lon="7.49710"></trkpt>
    <trkpt lat="61.44950" lon="7.49570"></trkpt>
    <trkpt lat="61.44930" lon="7.49470"></trkpt>
    <trkpt lat="61.44900" lon="7.49390"></trkpt>
    <trkpt lat="61.44870" lon="7.49320"></trkpt>
    <trkpt lat="61.44830" lon="7.49230"></trkpt>
    <trkpt lat="61.44810" lon="7.49140"></trkpt>
    <trkpt lat="61.44830" lon="7.49050"></trkpt>
    <trkpt lat="61.44850" lon="7.48960"></trkpt>
    <trkpt lat="61.44840" lon="7.48850"></trkpt>
    <trkpt lat="61.44790" lon="7.48740"></trkpt>
    <trkpt lat="61.44760" lon="7.48620"></trkpt>
    <trkpt lat="61.44740" lon="7.48520"></trkpt>
    <trkpt lat="61.44720" lon="7.48400"></trkpt>
    <trkpt lat="61.44730" lon="7.48260"></trkpt>
    <trkpt lat="61.44730" lon="7.48140"></trkpt>
    <trkpt lat="61.44740" lon="7.48030"></trkpt>
    <trkpt lat="61.44750" lon="7.47920"></trkpt>
    <trkpt lat="61.44720" lon="7.47840"></trkpt>
    <trkpt lat="61.44680" lon="7.47790"></trkpt>
    <trkpt lat="61.44640" lon="7.47720"></trkpt>
    <trkpt lat="61.44590" lon="7.47650"></trkpt>
    <trkpt lat="61.44550" lon="7.47580"></trkpt>
    <trkpt lat="61.44510" lon="7.47510"></trkpt>
    <trkpt lat="61.44470" lon="7.47430"></trkpt>
    <trkpt lat="61.44440" lon="7.47330"></trkpt>
    <trkpt lat="61.44440" lon="7.47220"></trkpt>
    <trkpt lat="61.44440" lon="7.47090"></trkpt>
    <trkpt lat="61.44470" lon="7.46970"></trkpt>
    <trkpt lat="61.44490" lon="7.46870"></trkpt>
    <trkpt lat="61.44510" lon="7.46770"></trkpt>
    <trkpt lat="61.44540" lon="7.46700"></trkpt>
    <trkpt lat="61.44570" lon="7.46620"></trkpt>
    <trkpt lat="61.44590" lon="7.46520"></trkpt>
    <trkpt lat="61.44600" lon="7.46410"></trkpt>
    <trkpt lat="61.44590" lon="7.46270"></trkpt>
    <trkpt lat="61.44560" lon="7.46190"></trkpt>
    <trkpt lat="61.44520" lon="7.46130"></trkpt>
    <trkpt lat="61.44470" lon="7.46100"></trkpt>
    <trkpt lat="61.44420" lon="7.46080"></trkpt>
    <trkpt lat="61.44360" lon="7.46050"></trkpt>
    <trkpt lat="61.44320" lon="7.45990"></trkpt>
    <trkpt lat="61.44280" lon="7.45900"></trkpt>
    <trkpt lat="61.44250" lon="7.45830"></trkpt>
    <trkpt lat="61.44190" lon="7.45720"></trkpt>
    <trkpt lat="61.44150" lon="7.45660"></trkpt>
    <trkpt lat="61.44100" lon="7.45600"></trkpt>
    <trkpt lat="61.44070" lon="7.45530"></trkpt>
    <trkpt lat="61.44040" lon="7.45380"></trkpt>
    <trkpt lat="61.44020" lon="7.45280"></trkpt>
    <trkpt lat="61.43980" lon="7.45210"></trkpt>
    <trkpt lat="61.43940" lon="7.45140"></trkpt>
    <trkpt lat="61.43870" lon="7.45090"></trkpt>
    <trkpt lat="61.43800" lon="7.45010"></trkpt>
    <trkpt lat="61.43750" lon="7.44930"></trkpt>
    <trkpt lat="61.43700" lon="7.44890"></trkpt>
    <trkpt lat="61.43650" lon="7.44930"></trkpt>
    <trkpt lat="61.43590" lon="7.44930"></trkpt>
    <trkpt lat="61.43520" lon="7.44930"></trkpt>
    <trkpt lat="61.43470" lon="7.44930"></trkpt>
    <trkpt lat="61.43410" lon="7.44940"></trkpt>
    <trkpt lat="61.43360" lon="7.44950"></trkpt>
    <trkpt lat="61.43290" lon="7.44930"></trkpt>
    <trkpt lat="61.43240" lon="7.44910"></trkpt>
    <trkpt lat="61.43180" lon="7.44910"></trkpt>
    <trkpt lat="61.43100" lon="7.44920"></trkpt>
    <trkpt lat="61.43050" lon="7.44920"></trkpt>
    <trkpt lat="61.42950" lon="7.44880"></trkpt>
    <trkpt lat="61.42860" lon="7.44820"></trkpt>
    <trkpt lat="61.42810" lon="7.44780"></trkpt>
    <trkpt lat="61.42750" lon="7.44730"></trkpt>
    <trkpt lat="61.42710" lon="7.44670"></trkpt>
    <trkpt lat="61.42640" lon="7.44600"></trkpt>
    <trkpt lat="61.42600" lon="7.44540"></trkpt>
    <trkpt lat="61.42560" lon="7.44470"></trkpt>
    <trkpt lat="61.42520" lon="7.44410"></trkpt>
    <trkpt lat="61.42470" lon="7.44380"></trkpt>
    <trkpt lat="61.42420" lon="7.44370"></trkpt>
    <trkpt lat="61.42330" lon="7.44300"></trkpt>
    <trkpt lat="61.42280" lon="7.44260"></trkpt>
    <trkpt lat="61.42220" lon="7.44220"></trkpt>
    <trkpt lat="61.42170" lon="7.44200"></trkpt>
    <trkpt lat="61.42020" lon="7.44130"></trkpt>
    <trkpt lat="61.41940" lon="7.44100"></trkpt>
    <trkpt lat="61.41870" lon="7.44080"></trkpt>
    <trkpt lat="61.41770" lon="7.44060"></trkpt>
    <trkpt lat="61.41720" lon="7.44050"></trkpt>
    <trkpt lat="61.41660" lon="7.44050"></trkpt>
    <trkpt lat="61.41610" lon="7.44040"></trkpt>
    <trkpt lat="61.41500" lon="7.43970"></trkpt>
    <trkpt lat="61.41410" lon="7.43920"></trkpt>
    <trkpt lat="61.41330" lon="7.43880"></trkpt>
    <trkpt lat="61.41280" lon="7.43860"></trkpt>
    <trkpt lat="61.41230" lon="7.43860"></trkpt>
    <trkpt lat="61.41160" lon="7.43840"></trkpt>
    <trkpt lat="61.41100" lon="7.43800"></trkpt>
    <trkpt lat="61.41060" lon="7.43750"></trkpt>
    <trkpt lat="61.41000" lon="7.43680"></trkpt>
    <trkpt lat="61.40960" lon="7.43630"></trkpt>
    <trkpt lat="61.40920" lon="7.43580"></trkpt>
    <trkpt lat="61.40890" lon="7.43510"></trkpt>
    <trkpt lat="61.40810" lon="7.43340"></trkpt>
    <trkpt lat="61.40780" lon="7.43210"></trkpt>
    <trkpt lat="61.40750" lon="7.43100"></trkpt>
    <trkpt lat="61.40740" lon="7.42990"></trkpt>
    <trkpt lat="61.40740" lon="7.42880"></trkpt>
    <trkpt lat="61.40720" lon="7.42730"></trkpt>
    <trkpt lat="61.40710" lon="7.42600"></trkpt>
    <trkpt lat="61.40690" lon="7.42480"></trkpt>
    <trkpt lat="61.40660" lon="7.42360"></trkpt>
    <trkpt lat="61.40650" lon="7.42240"></trkpt>
    <trkpt lat="61.40630" lon="7.42120"></trkpt>
    <trkpt lat="61.40620" lon="7.42020"></trkpt>
    <trkpt lat="61.40600" lon="7.41870"></trkpt>
    <trkpt lat="61.40590" lon="7.41770"></trkpt>
    <trkpt lat="61.40540" lon="7.41540"></trkpt>
    <trkpt lat="61.40510" lon="7.41400"></trkpt>
    <trkpt lat="61.40480" lon="7.41260"></trkpt>
    <trkpt lat="61.40440" lon="7.41130"></trkpt>
    <trkpt lat="61.40430" lon="7.41000"></trkpt>
    <trkpt lat="61.40410" lon="7.40870"></trkpt>
    <trkpt lat="61.40390" lon="7.40750"></trkpt>
    <trkpt lat="61.40400" lon="7.40610"></trkpt>
    <trkpt lat="61.40360" lon="7.40380"></trkpt>
    <trkpt lat="61.40310" lon="7.40150"></trkpt>
    <trkpt lat="61.40290" lon="7.40030"></trkpt>
    <trkpt lat="61.40240" lon="7.39920"></trkpt>
    <trkpt lat="61.40160" lon="7.39810"></trkpt>
    <trkpt lat="61.40090" lon="7.39690"></trkpt>
    <trkpt lat="61.40050" lon="7.39640"></trkpt>
    <trkpt lat="61.39980" lon="7.39580"></trkpt>
    <trkpt lat="61.39940" lon="7.39530"></trkpt>
    <trkpt lat="61.39910" lon="7.39420"></trkpt>
    <trkpt lat="61.39880" lon="7.39310"></trkpt>
    <trkpt lat="61.39850" lon="7.39210"></trkpt>
    <trkpt lat="61.39820" lon="7.39090"></trkpt>
    <trkpt lat="61.39790" lon="7.39000"></trkpt>
    <trkpt lat="61.39770" lon="7.38900"></trkpt>
    <trkpt lat="61.39750" lon="7.38810"></trkpt>
    <trkpt lat="61.39750" lon="7.38690"></trkpt>
    <trkpt lat="61.39730" lon="7.38580"></trkpt>
    <trkpt lat="61.39710" lon="7.38480"></trkpt>
    <trkpt lat="61.39680" lon="7.38340"></trkpt>
    <trkpt lat="61.39650" lon="7.38250"></trkpt>
    <trkpt lat="61.39590" lon="7.38100"></trkpt>
    <trkpt lat="61.39550" lon="7.38000"></trkpt>
    <trkpt lat="61.39510" lon="7.37920"></trkpt>
    <trkpt lat="61.39470" lon="7.37830"></trkpt>
    <trkpt lat="61.39420" lon="7.37680"></trkpt>
    <trkpt lat="61.39380" lon="7.37610"></trkpt>
    <trkpt lat="61.39340" lon="7.37560"></trkpt>
    <trkpt lat="61.39280" lon="7.37450"></trkpt>
    <trkpt lat="61.39230" lon="7.37370"></trkpt>
    <trkpt lat="61.39170" lon="7.37260"></trkpt>
    <trkpt lat="61.39130" lon="7.37190"></trkpt>
    <trkpt lat="61.39020" lon="7.36980"></trkpt>
    <trkpt lat="61.38970" lon="7.36910"></trkpt>
    <trkpt lat="61.38920" lon="7.36880"></trkpt>
    <trkpt lat="61.38850" lon="7.36810"></trkpt>
    <trkpt lat="61.38810" lon="7.36760"></trkpt>
    <trkpt lat="61.38770" lon="7.36690"></trkpt>
    <trkpt lat="61.38710" lon="7.36620"></trkpt>
    <trkpt lat="61.38650" lon="7.36550"></trkpt>
    <trkpt lat="61.38570" lon="7.36510"></trkpt>
    <trkpt lat="61.38520" lon="7.36480"></trkpt>
    <trkpt lat="61.38430" lon="7.36420"></trkpt>
    <trkpt lat="61.38380" lon="7.36380"></trkpt>
    <trkpt lat="61.38330" lon="7.36340"></trkpt>
    <trkpt lat="61.38290" lon="7.36280"></trkpt>
    <trkpt lat="61.38260" lon="7.36190"></trkpt>
    <trkpt lat="61.38240" lon="7.36100"></trkpt>
    <trkpt lat="61.38230" lon="7.35940"></trkpt>
    <trkpt lat="61.38210" lon="7.35760"></trkpt>
    <trkpt lat="61.38210" lon="7.35660"></trkpt>
    <trkpt lat="61.38230" lon="7.35530"></trkpt>
    <trkpt lat="61.38260" lon="7.35450"></trkpt>
    <trkpt lat="61.38290" lon="7.35380"></trkpt>
    <trkpt lat="61.38340" lon="7.35330"></trkpt>
    <trkpt lat="61.38410" lon="7.35280"></trkpt>
    <trkpt lat="61.38450" lon="7.35220"></trkpt>
    <trkpt lat="61.38470" lon="7.35120"></trkpt>
    <trkpt lat="61.38470" lon="7.35020"></trkpt>
    <trkpt lat="61.38460" lon="7.34920"></trkpt>
    <trkpt lat="61.38470" lon="7.34810"></trkpt>
    <trkpt lat="61.38500" lon="7.34730"></trkpt>
    <trkpt lat="61.38540" lon="7.34680"></trkpt>
    <trkpt lat="61.38600" lon="7.34650"></trkpt>
    <trkpt lat="61.38650" lon="7.34630"></trkpt>
    <trkpt lat="61.38700" lon="7.34600"></trkpt>
    <trkpt lat="61.38750" lon="7.34550"></trkpt>
    <trkpt lat="61.38800" lon="7.34480"></trkpt>
    <trkpt lat="61.38830" lon="7.34380"></trkpt>
    <trkpt lat="61.38860" lon="7.34270"></trkpt>
    <trkpt lat="61.38880" lon="7.34180"></trkpt>
    <trkpt lat="61.38930" lon="7.34080"></trkpt>
    <trkpt lat="61.38960" lon="7.33960"></trkpt>
    <trkpt lat="61.38980" lon="7.33860"></trkpt>
    <trkpt lat="61.39020" lon="7.33780"></trkpt>
    <trkpt lat="61.39050" lon="7.33700"></trkpt>
    <trkpt lat="61.39080" lon="7.33590"></trkpt>
    <trkpt lat="61.39100" lon="7.33470"></trkpt>
    <trkpt lat="61.39110" lon="7.33370"></trkpt>
    <trkpt lat="61.39100" lon="7.33170"></trkpt>
    <trkpt lat="61.39100" lon="7.33060"></trkpt>
    <trkpt lat="61.39110" lon="7.32920"></trkpt>
    <trkpt lat="61.39110" lon="7.32810"></trkpt>
    <trkpt lat="61.39080" lon="7.32590"></trkpt>
    <trkpt lat="61.39060" lon="7.32420"></trkpt>
    <trkpt lat="61.39060" lon="7.32320"></trkpt>
    <trkpt lat="61.39060" lon="7.32200"></trkpt>
    <trkpt lat="61.39060" lon="7.32060"></trkpt>
    <trkpt lat="61.39070" lon="7.31960"></trkpt>
    <trkpt lat="61.39080" lon="7.31860"></trkpt>
    <trkpt lat="61.39200" lon="7.31160"></trkpt>
    <trkpt lat="61.39220" lon="7.31060"></trkpt>
    <trkpt lat="61.39250" lon="7.30970"></trkpt>
    <trkpt lat="61.39280" lon="7.30900"></trkpt>
    <trkpt lat="61.39360" lon="7.30810"></trkpt>
    <trkpt lat="61.39400" lon="7.30730"></trkpt>
    <trkpt lat="61.39420" lon="7.30620"></trkpt>
    <trkpt lat="61.39430" lon="7.30520"></trkpt>
    <trkpt lat="61.39450" lon="7.30410"></trkpt>
    <trkpt lat="61.39480" lon="7.30340"></trkpt>
    <trkpt lat="61.39570" lon="7.30240"></trkpt>
    <trkpt lat="61.39610" lon="7.30170"></trkpt>
    <trkpt lat="61.39650" lon="7.30080"></trkpt>
    <trkpt lat="61.39700" lon="7.30010"></trkpt>
    <trkpt lat="61.39820" lon="7.29980"></trkpt>
    <trkpt lat="61.39890" lon="7.29980"></trkpt>
    <trkpt lat="61.39950" lon="7.29970"></trkpt>
    <trkpt lat="61.40000" lon="7.29940"></trkpt>
    <trkpt lat="61.40060" lon="7.29890"></trkpt>
    <trkpt lat="61.40100" lon="7.29840"></trkpt>
    <trkpt lat="61.40140" lon="7.29760"></trkpt>
    <trkpt lat="61.40180" lon="7.29680"></trkpt>
    <trkpt lat="61.40200" lon="7.29590"></trkpt>
    <trkpt lat="61.40230" lon="7.29480"></trkpt>
    <trkpt lat="61.40240" lon="7.29380"></trkpt>
    <trkpt lat="61.40250" lon="7.29250"></trkpt>
    <trkpt lat="61.40240" lon="7.29120"></trkpt>
    <trkpt lat="61.40230" lon="7.28990"></trkpt>
    <trkpt lat="61.40210" lon="7.28900"></trkpt>
    <trkpt lat="61.40170" lon="7.28770"></trkpt>
    <trkpt lat="61.40140" lon="7.28690"></trkpt>
    <trkpt lat="61.40190" lon="7.28570"></trkpt>
    <trkpt lat="61.40230" lon="7.28510"></trkpt>
    <trkpt lat="61.40320" lon="7.28400"></trkpt>
    <trkpt lat="61.40360" lon="7.28330"></trkpt>
    <trkpt lat="61.40410" lon="7.28290"></trkpt>
    <trkpt lat="61.40490" lon="7.28270"></trkpt>
    <trkpt lat="61.40550" lon="7.28250"></trkpt>
    <trkpt lat="61.40760" lon="7.28020"></trkpt>
    <trkpt lat="61.40810" lon="7.27960"></trkpt>
    <trkpt lat="61.40850" lon="7.27910"></trkpt>
    <trkpt lat="61.40900" lon="7.27830"></trkpt>
    <trkpt lat="61.40950" lon="7.27760"></trkpt>
    <trkpt lat="61.41000" lon="7.27720"></trkpt>
    <trkpt lat="61.41060" lon="7.27690"></trkpt>
    <trkpt lat="61.41110" lon="7.27660"></trkpt>
    <trkpt lat="61.41150" lon="7.27610"></trkpt>
    <trkpt lat="61.41190" lon="7.27520"></trkpt>
    <trkpt lat="61.41200" lon="7.27420"></trkpt>
    <trkpt lat="61.41210" lon="7.27320"></trkpt>
    <trkpt lat="61.41220" lon="7.27200"></trkpt>
    <trkpt lat="61.41250" lon="7.27060"></trkpt>
    <trkpt lat="61.41270" lon="7.26940"></trkpt>
    <trkpt lat="61.41290" lon="7.26840"></trkpt>
    <trkpt lat="61.41330" lon="7.26720"></trkpt>
    <trkpt lat="61.41360" lon="7.26640"></trkpt>
    <trkpt lat="61.41390" lon="7.26520"></trkpt>
    <trkpt lat="61.41420" lon="7.26420"></trkpt>
    <trkpt lat="61.41480" lon="7.26250"></trkpt>
    <trkpt lat="61.41520" lon="7.26190"></trkpt>
    <trkpt lat="61.41590" lon="7.26150"></trkpt>
    <trkpt lat="61.41640" lon="7.26140"></trkpt>
    <trkpt lat="61.41690" lon="7.26120"></trkpt>
    <trkpt lat="61.41750" lon="7.26110"></trkpt>
    <trkpt lat="61.41800" lon="7.26100"></trkpt>
    <trkpt lat="61.41850" lon="7.26090"></trkpt>
    <trkpt lat="61.41900" lon="7.26070"></trkpt>
    <trkpt lat="61.41970" lon="7.25910"></trkpt>
    <trkpt lat="61.42010" lon="7.25830"></trkpt>
    <trkpt lat="61.42060" lon="7.25740"></trkpt>
    <trkpt lat="61.42110" lon="7.25640"></trkpt>
    <trkpt lat="61.42160" lon="7.25580"></trkpt>
    <trkpt lat="61.42210" lon="7.25520"></trkpt>
    <trkpt lat="61.42290" lon="7.25380"></trkpt>
    <trkpt lat="61.42330" lon="7.25310"></trkpt>
    <trkpt lat="61.42380" lon="7.25280"></trkpt>
    <trkpt lat="61.42430" lon="7.25270"></trkpt>
    <trkpt lat="61.42480" lon="7.25240"></trkpt>
    <trkpt lat="61.42530" lon="7.25200"></trkpt>
    <trkpt lat="61.42600" lon="7.25110"></trkpt>
    <trkpt lat="61.42640" lon="7.25050"></trkpt>
    <trkpt lat="61.42700" lon="7.25000"></trkpt>
    <trkpt lat="61.42750" lon="7.24970"></trkpt>
    <trkpt lat="61.42800" lon="7.24970"></trkpt>
    <trkpt lat="61.42870" lon="7.24980"></trkpt>
    <trkpt lat="61.42950" lon="7.25000"></trkpt>
    <trkpt lat="61.43000" lon="7.25010"></trkpt>
    <trkpt lat="61.43050" lon="7.25000"></trkpt>
    <trkpt lat="61.43100" lon="7.24970"></trkpt>
    <trkpt lat="61.43160" lon="7.24970"></trkpt>
    <trkpt lat="61.43210" lon="7.24990"></trkpt>
    <trkpt lat="61.43260" lon="7.25020"></trkpt>
    <trkpt lat="61.43310" lon="7.25030"></trkpt>
    <trkpt lat="61.43380" lon="7.25020"></trkpt>
    <trkpt lat="61.43440" lon="7.25010"></trkpt>
    <trkpt lat="61.43500" lon="7.24970"></trkpt>
    <trkpt lat="61.43550" lon="7.24900"></trkpt>
    <trkpt lat="61.43590" lon="7.24830"></trkpt>
    <trkpt lat="61.43640" lon="7.24790"></trkpt>
    <trkpt lat="61.43700" lon="7.24770"></trkpt>
    <trkpt lat="61.43760" lon="7.24760"></trkpt>
    <trkpt lat="61.43840" lon="7.24760"></trkpt>
    <trkpt lat="61.43900" lon="7.24760"></trkpt>
    <trkpt lat="61.43950" lon="7.24800"></trkpt>
    <trkpt lat="61.43990" lon="7.24860"></trkpt>
    <trkpt lat="61.44020" lon="7.24940"></trkpt>
    <trkpt lat="61.44060" lon="7.25110"></trkpt>
    <trkpt lat="61.44090" lon="7.25230"></trkpt>
    <trkpt lat="61.44120" lon="7.25340"></trkpt>
    <trkpt lat="61.44160" lon="7.25550"></trkpt>
    <trkpt lat="61.44180" lon="7.25670"></trkpt>
    <trkpt lat="61.44210" lon="7.25770"></trkpt>
    <trkpt lat="61.44240" lon="7.25850"></trkpt>
    <trkpt lat="61.44290" lon="7.25920"></trkpt>
    <trkpt lat="61.44320" lon="7.25990"></trkpt>
    <trkpt lat="61.44360" lon="7.26110"></trkpt>
    <trkpt lat="61.44380" lon="7.26210"></trkpt>
    <trkpt lat="61.44400" lon="7.26300"></trkpt>
    <trkpt lat="61.44480" lon="7.26320"></trkpt>
    <trkpt lat="61.44560" lon="7.26350"></trkpt>
    <trkpt lat="61.44610" lon="7.26370"></trkpt>
    <trkpt lat="61.44660" lon="7.26380"></trkpt>
    <trkpt lat="61.44730" lon="7.26400"></trkpt>
    <trkpt lat="61.44790" lon="7.26410"></trkpt>
    <trkpt lat="61.44860" lon="7.26390"></trkpt>
    <trkpt lat="61.44920" lon="7.26360"></trkpt>
    <trkpt lat="61.44970" lon="7.26370"></trkpt>
    <trkpt lat="61.45020" lon="7.26420"></trkpt>
    <trkpt lat="61.45070" lon="7.26460"></trkpt>
    <trkpt lat="61.45120" lon="7.26460"></trkpt>
    <trkpt lat="61.45170" lon="7.26460"></trkpt>
    <trkpt lat="61.45230" lon="7.26470"></trkpt>
    <trkpt lat="61.45280" lon="7.26450"></trkpt>
    <trkpt lat="61.45330" lon="7.26400"></trkpt>
    <trkpt lat="61.45370" lon="7.26350"></trkpt>
    <trkpt lat="61.45400" lon="7.26220"></trkpt>
    <trkpt lat="61.45430" lon="7.26110"></trkpt>
    <trkpt lat="61.45450" lon="7.26010"></trkpt>
    <trkpt lat="61.45480" lon="7.25920"></trkpt>
    <trkpt lat="61.45530" lon="7.25780"></trkpt>
    <trkpt lat="61.45570" lon="7.25680"></trkpt>
    <trkpt lat="61.45620" lon="7.25620"></trkpt>
    <trkpt lat="61.45680" lon="7.25600"></trkpt>
    <trkpt lat="61.45740" lon="7.25560"></trkpt>
    <trkpt lat="61.45800" lon="7.25530"></trkpt>
    <trkpt lat="61.45860" lon="7.25550"></trkpt>
    <trkpt lat="61.45910" lon="7.25570"></trkpt>
    <trkpt lat="61.45970" lon="7.25550"></trkpt>
    <trkpt lat="61.46010" lon="7.25470"></trkpt>
    <trkpt lat="61.46020" lon="7.25370"></trkpt>
    <trkpt lat="61.46050" lon="7.25300"></trkpt>
    <trkpt lat="61.46090" lon="7.25250"></trkpt>
    <trkpt lat="61.46170" lon="7.25190"></trkpt>
    <trkpt lat="61.46210" lon="7.25130"></trkpt>
    <trkpt lat="61.46260" lon="7.25050"></trkpt>
    <trkpt lat="61.46300" lon="7.24990"></trkpt>
    <trkpt lat="61.46350" lon="7.24980"></trkpt>
    <trkpt lat="61.46400" lon="7.24960"></trkpt>
    <trkpt lat="61.46480" lon="7.25030"></trkpt>
    <trkpt lat="61.46530" lon="7.25070"></trkpt>
    <trkpt lat="61.46580" lon="7.25090"></trkpt>
    <trkpt lat="61.46670" lon="7.25100"></trkpt>
    <trkpt lat="61.46720" lon="7.25110"></trkpt>
    <trkpt lat="61.46770" lon="7.25180"></trkpt>
    <trkpt lat="61.46820" lon="7.25220"></trkpt>
    <trkpt lat="61.46870" lon="7.25170"></trkpt>
    <trkpt lat="61.46910" lon="7.25120"></trkpt>
    <trkpt lat="61.46960" lon="7.25100"></trkpt>
    <trkpt lat="61.47050" lon="7.25170"></trkpt>
    <trkpt lat="61.47100" lon="7.25210"></trkpt>
    <trkpt lat="61.47150" lon="7.25190"></trkpt>
    <trkpt lat="61.47200" lon="7.25190"></trkpt>
    <trkpt lat="61.47260" lon="7.25240"></trkpt>
    <trkpt lat="61.47300" lon="7.25320"></trkpt>
    <trkpt lat="61.47330" lon="7.25470"></trkpt>
    <trkpt lat="61.47360" lon="7.25590"></trkpt>
    <trkpt lat="61.47390" lon="7.25670"></trkpt>
    <trkpt lat="61.47440" lon="7.25720"></trkpt>
    <trkpt lat="61.47480" lon="7.25790"></trkpt>
    <trkpt lat="61.47530" lon="7.25830"></trkpt>
    <trkpt lat="61.47580" lon="7.25840"></trkpt>
    <trkpt lat="61.47630" lon="7.25880"></trkpt>
    <trkpt lat="61.47690" lon="7.25860"></trkpt>
    <trkpt lat="61.47750" lon="7.25810"></trkpt>
    <trkpt lat="61.47800" lon="7.25790"></trkpt>
    <trkpt lat="61.47950" lon="7.25740"></trkpt>
    <trkpt lat="61.48030" lon="7.25720"></trkpt>
    <trkpt lat="61.48090" lon="7.25730"></trkpt>
    <trkpt lat="61.48140" lon="7.25770"></trkpt>
    <trkpt lat="61.48200" lon="7.25830"></trkpt>
    <trkpt lat="61.48260" lon="7.25910"></trkpt>
    <trkpt lat="61.48330" lon="7.25980"></trkpt>
    <trkpt lat="61.48390" lon="7.26050"></trkpt>
    <trkpt lat="61.48460" lon="7.26120"></trkpt>
    <trkpt lat="61.48560" lon="7.26230"></trkpt>
    <trkpt lat="61.48640" lon="7.26320"></trkpt>
    <trkpt lat="61.48690" lon="7.26400"></trkpt>
    <trkpt lat="61.48750" lon="7.26500"></trkpt>
    <trkpt lat="61.48820" lon="7.26640"></trkpt>
    <trkpt lat="61.48890" lon="7.26760"></trkpt>
    <trkpt lat="61.48930" lon="7.26810"></trkpt>
    <trkpt lat="61.48980" lon="7.26840"></trkpt>
    <trkpt lat="61.49030" lon="7.26840"></trkpt>
    <trkpt lat="61.49080" lon="7.26830"></trkpt>
    <trkpt lat="61.49150" lon="7.26800"></trkpt>
    <trkpt lat="61.49200" lon="7.26780"></trkpt>
    <trkpt lat="61.49250" lon="7.26790"></trkpt>
    <trkpt lat="61.49290" lon="7.26840"></trkpt>
    <trkpt lat="61.49310" lon="7.26930"></trkpt>
    <trkpt lat="61.49310" lon="7.27100"></trkpt>
    <trkpt lat="61.49310" lon="7.27200"></trkpt>
    <trkpt lat="61.49330" lon="7.27290"></trkpt>
    <trkpt lat="61.49370" lon="7.27360"></trkpt>
    <trkpt lat="61.49430" lon="7.27390"></trkpt>
    <trkpt lat="61.49480" lon="7.27390"></trkpt>
    <trkpt lat="61.49540" lon="7.27390"></trkpt>
    <trkpt lat="61.49590" lon="7.27390"></trkpt>
    <trkpt lat="61.49640" lon="7.27440"></trkpt>
    <trkpt lat="61.49680" lon="7.27490"></trkpt>
    <trkpt lat="61.49730" lon="7.27480"></trkpt>
    <trkpt lat="61.49820" lon="7.27470"></trkpt>
    <trkpt lat="61.49900" lon="7.27460"></trkpt>
    <trkpt lat="61.49950" lon="7.27430"></trkpt>
    <trkpt lat="61.49990" lon="7.27350"></trkpt>
    <trkpt lat="61.50040" lon="7.27330"></trkpt>
    <trkpt lat="61.50100" lon="7.27330"></trkpt>
    <trkpt lat="61.50150" lon="7.27330"></trkpt>
    <trkpt lat="61.50200" lon="7.27370"></trkpt>
    <trkpt lat="61.50240" lon="7.27430"></trkpt>
    <trkpt lat="61.50300" lon="7.27460"></trkpt>
    <trkpt lat="61.50350" lon="7.27490"></trkpt>
    <trkpt lat="61.50400" lon="7.27500"></trkpt>
    <trkpt lat="61.50450" lon="7.27490"></trkpt>
    <trkpt lat="61.50500" lon="7.27490"></trkpt>
    <trkpt lat="61.50550" lon="7.27470"></trkpt>
    <trkpt lat="61.50590" lon="7.27420"></trkpt>
    <trkpt lat="61.50720" lon="7.27170"></trkpt>
    <trkpt lat="61.50760" lon="7.27100"></trkpt>
    <trkpt lat="61.50810" lon="7.27040"></trkpt>
    <trkpt lat="61.50860" lon="7.27010"></trkpt>
    <trkpt lat="61.50910" lon="7.26990"></trkpt>
    <trkpt lat="61.50960" lon="7.26950"></trkpt>
    <trkpt lat="61.51020" lon="7.26930"></trkpt>
    <trkpt lat="61.51080" lon="7.26900"></trkpt>
    <trkpt lat="61.51130" lon="7.26850"></trkpt>
    <trkpt lat="61.51180" lon="7.26810"></trkpt>
    <trkpt lat="61.51220" lon="7.26750"></trkpt>
    <trkpt lat="61.51260" lon="7.26690"></trkpt>
    <trkpt lat="61.51340" lon="7.26630"></trkpt>
    <trkpt lat="61.51400" lon="7.26580"></trkpt>
    <trkpt lat="61.51450" lon="7.26500"></trkpt>
    <trkpt lat="61.51500" lon="7.26450"></trkpt>
    <trkpt lat="61.51550" lon="7.26430"></trkpt>
    <trkpt lat="61.51610" lon="7.26460"></trkpt>
    <trkpt lat="61.51790" lon="7.26570"></trkpt>
    <trkpt lat="61.51850" lon="7.26590"></trkpt>
    <trkpt lat="61.51900" lon="7.26600"></trkpt>
    <trkpt lat="61.51940" lon="7.26650"></trkpt>
    <trkpt lat="61.51990" lon="7.26720"></trkpt>
    <trkpt lat="61.52110" lon="7.26930"></trkpt>
    <trkpt lat="61.52170" lon="7.27020"></trkpt>
    <trkpt lat="61.52210" lon="7.27090"></trkpt>
    <trkpt lat="61.52260" lon="7.27170"></trkpt>
    <trkpt lat="61.52320" lon="7.27230"></trkpt>
    <trkpt lat="61.52410" lon="7.27280"></trkpt>
    <trkpt lat="61.52470" lon="7.27340"></trkpt>
    <trkpt lat="61.52520" lon="7.27400"></trkpt>
    <trkpt lat="61.52560" lon="7.27460"></trkpt>
    <trkpt lat="61.52650" lon="7.27680"></trkpt>
    <trkpt lat="61.52700" lon="7.27800"></trkpt>
    <trkpt lat="61.52740" lon="7.27890"></trkpt>
    <trkpt lat="61.52770" lon="7.28060"></trkpt>
    <trkpt lat="61.52780" lon="7.28190"></trkpt>
    <trkpt lat="61.52790" lon="7.28300"></trkpt>
    <trkpt lat="61.52790" lon="7.28420"></trkpt>
    <trkpt lat="61.52780" lon="7.28540"></trkpt>
    <trkpt lat="61.52770" lon="7.28660"></trkpt>
    <trkpt lat="61.52760" lon="7.28790"></trkpt>
    <trkpt lat="61.52760" lon="7.28890"></trkpt>
    <trkpt lat="61.52780" lon="7.28990"></trkpt>
    <trkpt lat="61.52820" lon="7.29040"></trkpt>
    <trkpt lat="61.52870" lon="7.29050"></trkpt>
    <trkpt lat="61.52930" lon="7.29050"></trkpt>
    <trkpt lat="61.53070" lon="7.29080"></trkpt>
    <trkpt lat="61.53140" lon="7.29080"></trkpt>
    <trkpt lat="61.53200" lon="7.29080"></trkpt>
    <trkpt lat="61.53250" lon="7.29080"></trkpt>
    <trkpt lat="61.53300" lon="7.29090"></trkpt>
    <trkpt lat="61.53360" lon="7.29070"></trkpt>
    <trkpt lat="61.53400" lon="7.29020"></trkpt>
    <trkpt lat="61.53450" lon="7.29000"></trkpt>
    <trkpt lat="61.53510" lon="7.29000"></trkpt>
    <trkpt lat="61.53560" lon="7.29000"></trkpt>
    <trkpt lat="61.53620" lon="7.28990"></trkpt>
    <trkpt lat="61.53670" lon="7.28980"></trkpt>
    <trkpt lat="61.53720" lon="7.28970"></trkpt>
    <trkpt lat="61.53770" lon="7.28970"></trkpt>
    <trkpt lat="61.53870" lon="7.28810"></trkpt>
    <trkpt lat="61.53920" lon="7.28740"></trkpt>
    <trkpt lat="61.53980" lon="7.28640"></trkpt>
    <trkpt lat="61.54070" lon="7.28510"></trkpt>
    <trkpt lat="61.54110" lon="7.28460"></trkpt>
    <trkpt lat="61.54170" lon="7.28410"></trkpt>
    <trkpt lat="61.54220" lon="7.28410"></trkpt>
    <trkpt lat="61.54390" lon="7.28540"></trkpt>
    <trkpt lat="61.54430" lon="7.28600"></trkpt>
    <trkpt lat="61.54450" lon="7.28750"></trkpt>
    <trkpt lat="61.54460" lon="7.28850"></trkpt>
    <trkpt lat="61.54500" lon="7.28960"></trkpt>
    <trkpt lat="61.54540" lon="7.29040"></trkpt>
    <trkpt lat="61.54660" lon="7.29330"></trkpt>
    <trkpt lat="61.54700" lon="7.29410"></trkpt>
    <trkpt lat="61.54750" lon="7.29530"></trkpt>
    <trkpt lat="61.54810" lon="7.29690"></trkpt>
    <trkpt lat="61.54850" lon="7.29760"></trkpt>
    <trkpt lat="61.54890" lon="7.29820"></trkpt>
    <trkpt lat="61.54960" lon="7.29860"></trkpt>
    <trkpt lat="61.55040" lon="7.29890"></trkpt>
    <trkpt lat="61.55190" lon="7.29930"></trkpt>
    <trkpt lat="61.55240" lon="7.29950"></trkpt>
    <trkpt lat="61.55290" lon="7.29960"></trkpt>
    <trkpt lat="61.55350" lon="7.29960"></trkpt>
    <trkpt lat="61.55440" lon="7.29950"></trkpt>
    <trkpt lat="61.55520" lon="7.29930"></trkpt>
    <trkpt lat="61.55650" lon="7.29880"></trkpt>
    <trkpt lat="61.55730" lon="7.29840"></trkpt>
    <trkpt lat="61.55780" lon="7.29840"></trkpt>
    <trkpt lat="61.55830" lon="7.29850"></trkpt>
    <trkpt lat="61.55880" lon="7.29870"></trkpt>
    <trkpt lat="61.55930" lon="7.29870"></trkpt>
    <trkpt lat="61.56020" lon="7.29770"></trkpt>
    <trkpt lat="61.56110" lon="7.29690"></trkpt>
    <trkpt lat="61.56170" lon="7.29640"></trkpt>
    <trkpt lat="61.56220" lon="7.29600"></trkpt>
    <trkpt lat="61.56270" lon="7.29540"></trkpt>
    <trkpt lat="61.56320" lon="7.29510"></trkpt>
    <trkpt lat="61.56370" lon="7.29470"></trkpt>
    <trkpt lat="61.56430" lon="7.29430"></trkpt>
    <trkpt lat="61.56490" lon="7.29370"></trkpt>
    <trkpt lat="61.56540" lon="7.29350"></trkpt>
    <trkpt lat="61.56590" lon="7.29330"></trkpt>
    <trkpt lat="61.56660" lon="7.29290"></trkpt>
    <trkpt lat="61.56730" lon="7.29250"></trkpt>
    <trkpt lat="61.56780" lon="7.29210"></trkpt>
    <trkpt lat="61.56830" lon="7.29170"></trkpt>
    <trkpt lat="61.56890" lon="7.29140"></trkpt>
    <trkpt lat="61.56950" lon="7.29090"></trkpt>
    <trkpt lat="61.56990" lon="7.29030"></trkpt>
    <trkpt lat="61.57030" lon="7.28950"></trkpt>
    <trkpt lat="61.57070" lon="7.28900"></trkpt>
    <trkpt lat="61.57120" lon="7.28880"></trkpt>
    <trkpt lat="61.57190" lon="7.28880"></trkpt>
    <trkpt lat="61.57250" lon="7.28880"></trkpt>
    <trkpt lat="61.57300" lon="7.28890"></trkpt>
    <trkpt lat="61.57350" lon="7.28920"></trkpt>
    <trkpt lat="61.57410" lon="7.28980"></trkpt>
    <trkpt lat="61.57460" lon="7.29000"></trkpt>
    <trkpt lat="61.57520" lon="7.29000"></trkpt>
    <trkpt lat="61.57590" lon="7.29000"></trkpt>
    <trkpt lat="61.57640" lon="7.29010"></trkpt>
    <trkpt lat="61.57690" lon="7.29050"></trkpt>
    <trkpt lat="61.57820" lon="7.29200"></trkpt>
    <trkpt lat="61.57950" lon="7.29350"></trkpt>
    <trkpt lat="61.58000" lon="7.29380"></trkpt>
    <trkpt lat="61.58050" lon="7.29370"></trkpt>
    <trkpt lat="61.58090" lon="7.29310"></trkpt>
    <trkpt lat="61.58130" lon="7.29250"></trkpt>
    <trkpt lat="61.58290" lon="7.29000"></trkpt>
    <trkpt lat="61.58330" lon="7.28940"></trkpt>
    <trkpt lat="61.58390" lon="7.28880"></trkpt>
    <trkpt lat="61.58440" lon="7.28830"></trkpt>
    <trkpt lat="61.58490" lon="7.28770"></trkpt>
    <trkpt lat="61.58520" lon="7.28690"></trkpt>
    <trkpt lat="61.58550" lon="7.28560"></trkpt>
    <trkpt lat="61.58570" lon="7.28450"></trkpt>
    <trkpt lat="61.58610" lon="7.28390"></trkpt>
    <trkpt lat="61.58670" lon="7.28310"></trkpt>
    <trkpt lat="61.58710" lon="7.28230"></trkpt>
    <trkpt lat="61.58720" lon="7.28070"></trkpt>
    <trkpt lat="61.58740" lon="7.27980"></trkpt>
    <trkpt lat="61.58780" lon="7.27900"></trkpt>
    <trkpt lat="61.58830" lon="7.27860"></trkpt>
    <trkpt lat="61.58900" lon="7.27870"></trkpt>
    <trkpt lat="61.58950" lon="7.27870"></trkpt>
    <trkpt lat="61.59010" lon="7.27900"></trkpt>
    <trkpt lat="61.59150" lon="7.27980"></trkpt>
    <trkpt lat="61.59200" lon="7.28000"></trkpt>
    <trkpt lat="61.59250" lon="7.28050"></trkpt>
    <trkpt lat="61.59300" lon="7.28070"></trkpt>
    <trkpt lat="61.59360" lon="7.28050"></trkpt>
    <trkpt lat="61.59410" lon="7.28070"></trkpt>
    <trkpt lat="61.59530" lon="7.28150"></trkpt>
    <trkpt lat="61.59600" lon="7.28220"></trkpt>
    <trkpt lat="61.59660" lon="7.28260"></trkpt>
    <trkpt lat="61.59710" lon="7.28300"></trkpt>
    <trkpt lat="61.59750" lon="7.28380"></trkpt>
    <trkpt lat="61.59800" lon="7.28460"></trkpt>
    <trkpt lat="61.59860" lon="7.28510"></trkpt>
    <trkpt lat="61.59930" lon="7.28520"></trkpt>
    <trkpt lat="61.60170" lon="7.28670"></trkpt>
    <trkpt lat="61.60230" lon="7.28690"></trkpt>
    <trkpt lat="61.60280" lon="7.28700"></trkpt>
    <trkpt lat="61.60360" lon="7.28660"></trkpt>
    <trkpt lat="61.60420" lon="7.28650"></trkpt>
    <trkpt lat="61.60470" lon="7.28660"></trkpt>
    <trkpt lat="61.60520" lon="7.28690"></trkpt>
    <trkpt lat="61.60570" lon="7.28730"></trkpt>
    <trkpt lat="61.60640" lon="7.28770"></trkpt>
    <trkpt lat="61.60690" lon="7.28790"></trkpt>
    <trkpt lat="61.60750" lon="7.28840"></trkpt>
    <trkpt lat="61.60810" lon="7.28880"></trkpt>
    <trkpt lat="61.60860" lon="7.28880"></trkpt>
    <trkpt lat="61.60920" lon="7.28840"></trkpt>
    <trkpt lat="61.61010" lon="7.28760"></trkpt>
    <trkpt lat="61.61120" lon="7.28660"></trkpt>
    <trkpt lat="61.61190" lon="7.28600"></trkpt>
    <trkpt lat="61.61230" lon="7.28550"></trkpt>
    <trkpt lat="61.61280" lon="7.28480"></trkpt>
    <trkpt lat="61.61440" lon="7.28260"></trkpt>
    <trkpt lat="61.61540" lon="7.28130"></trkpt>
    <trkpt lat="61.61640" lon="7.27990"></trkpt>
    <trkpt lat="61.61820" lon="7.27750"></trkpt>
    <trkpt lat="61.61870" lon="7.27680"></trkpt>
    <trkpt lat="61.62020" lon="7.27400"></trkpt>
    <trkpt lat="61.62060" lon="7.27340"></trkpt>
    <trkpt lat="61.62150" lon="7.27260"></trkpt>
    <trkpt lat="61.62190" lon="7.27210"></trkpt>
    <trkpt lat="61.62240" lon="7.27120"></trkpt>
    <trkpt lat="61.62280" lon="7.27060"></trkpt>
    <trkpt lat="61.62340" lon="7.27000"></trkpt>
    <trkpt lat="61.62410" lon="7.26930"></trkpt>
    <trkpt lat="61.62460" lon="7.26870"></trkpt>
    <trkpt lat="61.62500" lon="7.26820"></trkpt>
    <trkpt lat="61.62550" lon="7.26760"></trkpt>
    <trkpt lat="61.62630" lon="7.26690"></trkpt>
    <trkpt lat="61.62670" lon="7.26640"></trkpt>
    <trkpt lat="61.62720" lon="7.26550"></trkpt>
    <trkpt lat="61.62760" lon="7.26500"></trkpt>
    <trkpt lat="61.62830" lon="7.26380"></trkpt>
    <trkpt lat="61.62880" lon="7.26330"></trkpt>
    <trkpt lat="61.62930" lon="7.26310"></trkpt>
    <trkpt lat="61.63000" lon="7.26310"></trkpt>
    <trkpt lat="61.63050" lon="7.26420"></trkpt>
    <trkpt lat="61.63060" lon="7.26540"></trkpt>
    <trkpt lat="61.63060" lon="7.26550"></trkpt>
  </trkseg>
</trk>
</gpx>