<?xml version="1.0" encoding="UTF-8"?>
<gpx version="1.1" creator="Linz-Optimizer-v8" xmlns="http://www.topografix.com/GPX/1/1">
<trk>
  <name>Nigardsbreen-Rodal</name>
  <type>Laufen, Fahren</type>
  <trkseg>
    <trkpt lat="61.63062" lon="7.26602"><ele>196</ele></trkpt>
    <trkpt lat="61.63063" lon="7.26487"><ele>196</ele></trkpt>
    <trkpt lat="61.63042" lon="7.26346"><ele>199</ele></trkpt>
    <trkpt lat="61.63132" lon="7.26332"><ele>208</ele></trkpt>
    <trkpt lat="61.63191" lon="7.26332"><ele>210</ele></trkpt>
    <trkpt lat="61.63255" lon="7.26312"><ele>206</ele></trkpt>
    <trkpt lat="61.63307" lon="7.26310"><ele>212</ele></trkpt>
    <trkpt lat="61.63346" lon="7.26389"><ele>216</ele></trkpt>
    <trkpt lat="61.63367" lon="7.26266"><ele>224</ele></trkpt>
    <trkpt lat="61.63347" lon="7.26155"><ele>228</ele></trkpt>
    <trkpt lat="61.63330" lon="7.26041"><ele>234</ele></trkpt>
    <trkpt lat="61.63302" lon="7.25951"><ele>240</ele></trkpt>
    <trkpt lat="61.63212" lon="7.25794"><ele>251</ele></trkpt>
    <trkpt lat="61.63183" lon="7.25716"><ele>253</ele></trkpt>
    <trkpt lat="61.63156" lon="7.25492"><ele>266</ele></trkpt>
    <trkpt lat="61.63149" lon="7.25382"><ele>273</ele></trkpt>
    <trkpt lat="61.63127" lon="7.25295"><ele>279</ele></trkpt>
    <trkpt lat="61.63132" lon="7.25185"><ele>287</ele></trkpt>
    <trkpt lat="61.63139" lon="7.25086"><ele>292</ele></trkpt>
    <trkpt lat="61.63141" lon="7.24980"><ele>296</ele></trkpt>
    <trkpt lat="61.63213" lon="7.24808"><ele>306</ele></trkpt>
    <trkpt lat="61.63245" lon="7.24719"><ele>310</ele></trkpt>
    <trkpt lat="61.63277" lon="7.24496"><ele>316</ele></trkpt>
    <trkpt lat="61.63291" lon="7.24404"><ele>317</ele></trkpt>
    <trkpt lat="61.63325" lon="7.24191"><ele>321</ele></trkpt>
    <trkpt lat="61.63339" lon="7.24091"><ele>322</ele></trkpt>
    <trkpt lat="61.63359" lon="7.23641"><ele>328</ele></trkpt>
    <trkpt lat="61.63365" lon="7.23465"><ele>328</ele></trkpt>
    <trkpt lat="61.63371" lon="7.23277"><ele>328</ele></trkpt>
    <trkpt lat="61.63374" lon="7.23164"><ele>329</ele></trkpt>
    <trkpt lat="61.63377" lon="7.23037"><ele>328</ele></trkpt>
    <trkpt lat="61.63380" lon="7.22845"><ele>330</ele></trkpt>
    <trkpt lat="61.63383" lon="7.22709"><ele>332</ele></trkpt>
    <trkpt lat="61.63390" lon="7.22587"><ele>336</ele></trkpt>
    <trkpt lat="61.63402" lon="7.22486"><ele>337</ele></trkpt>
    <trkpt lat="61.63421" lon="7.22356"><ele>339</ele></trkpt>
    <trkpt lat="61.63488" lon="7.22046"><ele>346</ele></trkpt>
    <trkpt lat="61.63512" lon="7.21944"><ele>348</ele></trkpt>
    <trkpt lat="61.63537" lon="7.21800"><ele>349</ele></trkpt>
    <trkpt lat="61.63552" lon="7.21705"><ele>350</ele></trkpt>
    <trkpt lat="61.63559" lon="7.21599"><ele>350</ele></trkpt>
    <trkpt lat="61.63555" lon="7.21490"><ele>350</ele></trkpt>
    <trkpt lat="61.63562" lon="7.21369"><ele>349</ele></trkpt>
    <trkpt lat="61.63583" lon="7.21155"><ele>349</ele></trkpt>
    <trkpt lat="61.63594" lon="7.21038"><ele>351</ele></trkpt>
    <trkpt lat="61.63612" lon="7.20922"><ele>352</ele></trkpt>
    <trkpt lat="61.63722" lon="7.20444"><ele>361</ele></trkpt>
    <trkpt lat="61.63804" lon="7.20091"><ele>360</ele></trkpt>
    <trkpt lat="61.63831" lon="7.19997"><ele>361</ele></trkpt>
    <trkpt lat="61.63982" lon="7.19489"><ele>371</ele></trkpt>
    <trkpt lat="61.64041" lon="7.19290"><ele>378</ele></trkpt>
    <trkpt lat="61.64067" lon="7.19141"><ele>381</ele></trkpt>
    <trkpt lat="61.64101" lon="7.18923"><ele>383</ele></trkpt>
    <trkpt lat="61.64163" lon="7.18590"><ele>386</ele></trkpt>
    <trkpt lat="61.64202" lon="7.18374"><ele>386</ele></trkpt>
    <trkpt lat="61.64233" lon="7.18195"><ele>386</ele></trkpt>
    <trkpt lat="61.64281" lon="7.17904"><ele>389</ele></trkpt>
    <trkpt lat="61.64309" lon="7.17752"><ele>391</ele></trkpt>
    <trkpt lat="61.64335" lon="7.17648"><ele>393</ele></trkpt>
    <trkpt lat="61.64352" lon="7.17495"><ele>397</ele></trkpt>
    <trkpt lat="61.64374" lon="7.17389"><ele>401</ele></trkpt>
    <trkpt lat="61.64404" lon="7.17306"><ele>403</ele></trkpt>
    <trkpt lat="61.64442" lon="7.17223"><ele>404</ele></trkpt>
    <trkpt lat="61.64473" lon="7.17155"><ele>403</ele></trkpt>
    <trkpt lat="61.64495" lon="7.17115"><ele>406</ele></trkpt>
  </trkseg>
  <trkseg>
    <trkpt lat="61.64495" lon="7.17115"><ele>406</ele></trkpt>
    <trkpt lat="61.64506" lon="7.17012"><ele>403</ele></trkpt>
    <trkpt lat="61.64479" lon="7.16842"><ele>398</ele></trkpt>
    <trkpt lat="61.64465" lon="7.16730"><ele>396</ele></trkpt>
    <trkpt lat="61.64434" lon="7.16495"><ele>398</ele></trkpt>
    <trkpt lat="61.64433" lon="7.16387"><ele>400</ele></trkpt>
    <trkpt lat="61.64430" lon="7.16290"><ele>403</ele></trkpt>
    <trkpt lat="61.64418" lon="7.16125"><ele>406</ele></trkpt>
    <trkpt lat="61.64426" lon="7.16015"><ele>408</ele></trkpt>
    <trkpt lat="61.64434" lon="7.15912"><ele>409</ele></trkpt>
    <trkpt lat="61.64436" lon="7.15798"><ele>410</ele></trkpt>
    <trkpt lat="61.64415" lon="7.15714"><ele>408</ele></trkpt>
    <trkpt lat="61.64425" lon="7.15583"><ele>409</ele></trkpt>
    <trkpt lat="61.64447" lon="7.15468"><ele>411</ele></trkpt>
    <trkpt lat="61.64447" lon="7.15360"><ele>409</ele></trkpt>
    <trkpt lat="61.64437" lon="7.15257"><ele>408</ele></trkpt>
    <trkpt lat="61.64410" lon="7.15165"><ele>407</ele></trkpt>
    <trkpt lat="61.64389" lon="7.15002"><ele>407</ele></trkpt>
    <trkpt lat="61.64374" lon="7.14858"><ele>409</ele></trkpt>
    <trkpt lat="61.64378" lon="7.14709"><ele>410</ele></trkpt>
    <trkpt lat="61.64359" lon="7.14605"><ele>411</ele></trkpt>
    <trkpt lat="61.64361" lon="7.14505"><ele>412</ele></trkpt>
    <trkpt lat="61.64366" lon="7.14393"><ele>415</ele></trkpt>
    <trkpt lat="61.64360" lon="7.14282"><ele>416</ele></trkpt>
    <trkpt lat="61.64348" lon="7.14173"><ele>416</ele></trkpt>
    <trkpt lat="61.64351" lon="7.14076"><ele>417</ele></trkpt>
    <trkpt lat="61.64369" lon="7.13978"><ele>418</ele></trkpt>
    <trkpt lat="61.64366" lon="7.13867"><ele>419</ele></trkpt>
    <trkpt lat="61.64365" lon="7.13715"><ele>420</ele></trkpt>
    <trkpt lat="61.64380" lon="7.13589"><ele>421</ele></trkpt>
    <trkpt lat="61.64409" lon="7.13501"><ele>422</ele></trkpt>
    <trkpt lat="61.64443" lon="7.13427"><ele>425</ele></trkpt>
    <trkpt lat="61.64452" lon="7.13326"><ele>425</ele></trkpt>
    <trkpt lat="61.64478" lon="7.13240"><ele>427</ele></trkpt>
    <trkpt lat="61.64484" lon="7.13126"><ele>428</ele></trkpt>
    <trkpt lat="61.64513" lon="7.12976"><ele>430</ele></trkpt>
    <trkpt lat="61.64529" lon="7.12879"><ele>431</ele></trkpt>
    <trkpt lat="61.64548" lon="7.12781"><ele>431</ele></trkpt>
    <trkpt lat="61.64603" lon="7.12558"><ele>432</ele></trkpt>
    <trkpt lat="61.64641" lon="7.12429"><ele>433</ele></trkpt>
    <trkpt lat="61.64675" lon="7.12360"><ele>440</ele></trkpt>
    <trkpt lat="61.64711" lon="7.12283"><ele>449</ele></trkpt>
    <trkpt lat="61.64753" lon="7.12147"><ele>456</ele></trkpt>
    <trkpt lat="61.64788" lon="7.12032"><ele>462</ele></trkpt>
    <trkpt lat="61.64765" lon="7.11919"><ele>458</ele></trkpt>
    <trkpt lat="61.64744" lon="7.11830"><ele>451</ele></trkpt>
    <trkpt lat="61.64748" lon="7.11637"><ele>446</ele></trkpt>
    <trkpt lat="61.64710" lon="7.11555"><ele>444</ele></trkpt>
    <trkpt lat="61.64708" lon="7.11450"><ele>444</ele></trkpt>
    <trkpt lat="61.64701" lon="7.11339"><ele>444</ele></trkpt>
    <trkpt lat="61.64702" lon="7.11215"><ele>446</ele></trkpt>
    <trkpt lat="61.64719" lon="7.11052"><ele>448</ele></trkpt>
    <trkpt lat="61.64734" lon="7.10932"><ele>450</ele></trkpt>
    <trkpt lat="61.64724" lon="7.10820"><ele>450</ele></trkpt>
    <trkpt lat="61.64724" lon="7.10699"><ele>453</ele></trkpt>
    <trkpt lat="61.64716" lon="7.08935"><ele>782</ele></trkpt>
  </trkseg>
  <trkseg>
    <trkpt lat="61.64716" lon="7.08935"><ele>782</ele></trkpt>
    <trkpt lat="61.64724" lon="7.10699"><ele>453</ele></trkpt>
    <trkpt lat="61.64724" lon="7.10820"><ele>450</ele></trkpt>
    <trkpt lat="61.64734" lon="7.10932"><ele>450</ele></trkpt>
    <trkpt lat="61.64719" lon="7.11052"><ele>448</ele></trkpt>
    <trkpt lat="61.64708" lon="7.11151"><ele>446</ele></trkpt>
    <trkpt lat="61.64709" lon="7.11307"><ele>445</ele></trkpt>
    <trkpt lat="61.64708" lon="7.11450"><ele>444</ele></trkpt>
    <trkpt lat="61.64710" lon="7.11555"><ele>444</ele></trkpt>
    <trkpt lat="61.64748" lon="7.11637"><ele>446</ele></trkpt>
    <trkpt lat="61.64755" lon="7.11753"><ele>448</ele></trkpt>
    <trkpt lat="61.64748" lon="7.11874"><ele>453</ele></trkpt>
    <trkpt lat="61.64780" lon="7.11954"><ele>460</ele></trkpt>
    <trkpt lat="61.64777" lon="7.12088"><ele>461</ele></trkpt>
    <trkpt lat="61.64728" lon="7.12256"><ele>452</ele></trkpt>
    <trkpt lat="61.64697" lon="7.12328"><ele>446</ele></trkpt>
    <trkpt lat="61.64641" lon="7.12429"><ele>433</ele></trkpt>
    <trkpt lat="61.64603" lon="7.12558"><ele>432</ele></trkpt>
    <trkpt lat="61.64562" lon="7.12729"><ele>432</ele></trkpt>
    <trkpt lat="61.64538" lon="7.12822"><ele>431</ele></trkpt>
    <trkpt lat="61.64513" lon="7.12976"><ele>430</ele></trkpt>
    <trkpt lat="61.64489" lon="7.13080"><ele>428</ele></trkpt>
    <trkpt lat="61.64478" lon="7.13188"><ele>427</ele></trkpt>
    <trkpt lat="61.64465" lon="7.13281"><ele>426</ele></trkpt>
    <trkpt lat="61.64457" lon="7.13378"><ele>426</ele></trkpt>
    <trkpt lat="61.64429" lon="7.13455"><ele>424</ele></trkpt>
    <trkpt lat="61.64395" lon="7.13550"><ele>422</ele></trkpt>
    <trkpt lat="61.64367" lon="7.13645"><ele>421</ele></trkpt>
    <trkpt lat="61.64367" lon="7.13776"><ele>419</ele></trkpt>
    <trkpt lat="61.64363" lon="7.13892"><ele>418</ele></trkpt>
    <trkpt lat="61.64366" lon="7.14022"><ele>417</ele></trkpt>
    <trkpt lat="61.64354" lon="7.14129"><ele>417</ele></trkpt>
    <trkpt lat="61.64360" lon="7.14282"><ele>416</ele></trkpt>
    <trkpt lat="61.64366" lon="7.14393"><ele>415</ele></trkpt>
    <trkpt lat="61.64360" lon="7.14497"><ele>412</ele></trkpt>
    <trkpt lat="61.64359" lon="7.14605"><ele>411</ele></trkpt>
    <trkpt lat="61.64378" lon="7.14709"><ele>410</ele></trkpt>
    <trkpt lat="61.64370" lon="7.14805"><ele>409</ele></trkpt>
    <trkpt lat="61.64389" lon="7.15002"><ele>407</ele></trkpt>
    <trkpt lat="61.64400" lon="7.15115"><ele>407</ele></trkpt>
    <trkpt lat="61.64419" lon="7.15208"><ele>407</ele></trkpt>
    <trkpt lat="61.64445" lon="7.15311"><ele>408</ele></trkpt>
    <trkpt lat="61.64458" lon="7.15404"><ele>412</ele></trkpt>
    <trkpt lat="61.64437" lon="7.15516"><ele>409</ele></trkpt>
    <trkpt lat="61.64410" lon="7.15628"><ele>408</ele></trkpt>
    <trkpt lat="61.64421" lon="7.15736"><ele>409</ele></trkpt>
    <trkpt lat="61.64440" lon="7.15858"><ele>410</ele></trkpt>
    <trkpt lat="61.64430" lon="7.15954"><ele>408</ele></trkpt>
    <trkpt lat="61.64421" lon="7.16082"><ele>406</ele></trkpt>
    <trkpt lat="61.64424" lon="7.16201"><ele>405</ele></trkpt>
    <trkpt lat="61.64437" lon="7.16324"><ele>403</ele></trkpt>
    <trkpt lat="61.64433" lon="7.16454"><ele>399</ele></trkpt>
    <trkpt lat="61.64460" lon="7.16674"><ele>397</ele></trkpt>
    <trkpt lat="61.64479" lon="7.16842"><ele>398</ele></trkpt>
    <trkpt lat="61.64496" lon="7.16945"><ele>401</ele></trkpt>
    <trkpt lat="61.64506" lon="7.17049"><ele>405</ele></trkpt>
    <trkpt lat="61.64500" lon="7.17108"><ele>406</ele></trkpt>
  </trkseg>
  <trkseg>
    <trkpt lat="61.64500" lon="7.17108"><ele>406</ele></trkpt>
    <trkpt lat="61.64442" lon="7.17223"><ele>404</ele></trkpt>
    <trkpt lat="61.64404" lon="7.17306"><ele>403</ele></trkpt>
    <trkpt lat="61.64374" lon="7.17389"><ele>401</ele></trkpt>
    <trkpt lat="61.64352" lon="7.17495"><ele>397</ele></trkpt>
    <trkpt lat="61.64343" lon="7.17607"><ele>393</ele></trkpt>
    <trkpt lat="61.64317" lon="7.17716"><ele>392</ele></trkpt>
    <trkpt lat="61.64281" lon="7.17904"><ele>389</ele></trkpt>
    <trkpt lat="61.64245" lon="7.18122"><ele>387</ele></trkpt>
    <trkpt lat="61.64202" lon="7.18374"><ele>386</ele></trkpt>
    <trkpt lat="61.64172" lon="7.18537"><ele>386</ele></trkpt>
    <trkpt lat="61.64115" lon="7.18849"><ele>384</ele></trkpt>
    <trkpt lat="61.64075" lon="7.19076"><ele>382</ele></trkpt>
    <trkpt lat="61.64058" lon="7.19212"><ele>379</ele></trkpt>
    <trkpt lat="61.63982" lon="7.19489"><ele>371</ele></trkpt>
    <trkpt lat="61.63831" lon="7.19997"><ele>361</ele></trkpt>
    <trkpt lat="61.63804" lon="7.20091"><ele>360</ele></trkpt>
    <trkpt lat="61.63722" lon="7.20444"><ele>361</ele></trkpt>
    <trkpt lat="61.63612" lon="7.20922"><ele>352</ele></trkpt>
    <trkpt lat="61.63594" lon="7.21038"><ele>351</ele></trkpt>
    <trkpt lat="61.63583" lon="7.21155"><ele>349</ele></trkpt>
    <trkpt lat="61.63562" lon="7.21369"><ele>349</ele></trkpt>
    <trkpt lat="61.63555" lon="7.21490"><ele>350</ele></trkpt>
    <trkpt lat="61.63559" lon="7.21599"><ele>350</ele></trkpt>
    <trkpt lat="61.63552" lon="7.21705"><ele>350</ele></trkpt>
    <trkpt lat="61.63537" lon="7.21800"><ele>349</ele></trkpt>
    <trkpt lat="61.63521" lon="7.21901"><ele>348</ele></trkpt>
    <trkpt lat="61.63488" lon="7.22046"><ele>346</ele></trkpt>
    <trkpt lat="61.63432" lon="7.22290"><ele>340</ele></trkpt>
    <trkpt lat="61.63402" lon="7.22486"><ele>337</ele></trkpt>
    <trkpt lat="61.63390" lon="7.22587"><ele>336</ele></trkpt>
    <trkpt lat="61.63383" lon="7.22709"><ele>332</ele></trkpt>
    <trkpt lat="61.63380" lon="7.22845"><ele>330</ele></trkpt>
    <trkpt lat="61.63377" lon="7.23037"><ele>328</ele></trkpt>
    <trkpt lat="61.63374" lon="7.23164"><ele>329</ele></trkpt>
    <trkpt lat="61.63371" lon="7.23277"><ele>328</ele></trkpt>
    <trkpt lat="61.63366" lon="7.23424"><ele>327</ele></trkpt>
    <trkpt lat="61.63359" lon="7.23641"><ele>328</ele></trkpt>
    <trkpt lat="61.63347" lon="7.23998"><ele>326</ele></trkpt>
    <trkpt lat="61.63325" lon="7.24191"><ele>321</ele></trkpt>
    <trkpt lat="61.63299" lon="7.24354"><ele>318</ele></trkpt>
    <trkpt lat="61.63277" lon="7.24496"><ele>316</ele></trkpt>
    <trkpt lat="61.63249" lon="7.24693"><ele>310</ele></trkpt>
    <trkpt lat="61.63225" lon="7.24785"><ele>307</ele></trkpt>
    <trkpt lat="61.63166" lon="7.24902"><ele>301</ele></trkpt>
    <trkpt lat="61.63139" lon="7.25000"><ele>295</ele></trkpt>
    <trkpt lat="61.63138" lon="7.25122"><ele>289</ele></trkpt>
    <trkpt lat="61.63125" lon="7.25238"><ele>283</ele></trkpt>
    <trkpt lat="61.63143" lon="7.25355"><ele>275</ele></trkpt>
    <trkpt lat="61.63153" lon="7.25455"><ele>268</ele></trkpt>
    <trkpt lat="61.63180" lon="7.25702"><ele>253</ele></trkpt>
    <trkpt lat="61.63212" lon="7.25794"><ele>251</ele></trkpt>
    <trkpt lat="61.63277" lon="7.25904"><ele>243</ele></trkpt>
    <trkpt lat="61.63315" lon="7.25983"><ele>238</ele></trkpt>
    <trkpt lat="61.63335" lon="7.26081"><ele>232</ele></trkpt>
    <trkpt lat="61.63363" lon="7.26207"><ele>225</ele></trkpt>
    <trkpt lat="61.63358" lon="7.26342"><ele>221</ele></trkpt>
    <trkpt lat="61.63362" lon="7.26438"><ele>218</ele></trkpt>
    <trkpt lat="61.63330" lon="7.26343"><ele>215</ele></trkpt>
    <trkpt lat="61.63281" lon="7.26304"><ele>209</ele></trkpt>
    <trkpt lat="61.63219" lon="7.26324"><ele>209</ele></trkpt>
    <trkpt lat="61.63153" lon="7.26333"><ele>209</ele></trkpt>
    <trkpt lat="61.63083" lon="7.26327"><ele>204</ele></trkpt>
    <trkpt lat="61.63007" lon="7.26318"><ele>197</ele></trkpt>
    <trkpt lat="61.62939" lon="7.26317"><ele>198</ele></trkpt>
    <trkpt lat="61.62889" lon="7.26329"><ele>197</ele></trkpt>
    <trkpt lat="61.62844" lon="7.26370"><ele>198</ele></trkpt>
    <trkpt lat="61.62798" lon="7.26439"><ele>198</ele></trkpt>
    <trkpt lat="61.62761" lon="7.26501"><ele>195</ele></trkpt>
    <trkpt lat="61.62685" lon="7.26630"><ele>197</ele></trkpt>
    <trkpt lat="61.62645" lon="7.26684"><ele>196</ele></trkpt>
    <trkpt lat="61.62571" lon="7.26749"><ele>195</ele></trkpt>
    <trkpt lat="61.62501" lon="7.26829"><ele>194</ele></trkpt>
    <trkpt lat="61.62432" lon="7.26918"><ele>192</ele></trkpt>
    <trkpt lat="61.62385" lon="7.26968"><ele>193</ele></trkpt>
    <trkpt lat="61.62295" lon="7.27053"><ele>193</ele></trkpt>
    <trkpt lat="61.62255" lon="7.27106"><ele>193</ele></trkpt>
    <trkpt lat="61.62205" lon="7.27200"><ele>192</ele></trkpt>
    <trkpt lat="61.62165" lon="7.27254"><ele>194</ele></trkpt>
    <trkpt lat="61.62080" lon="7.27326"><ele>192</ele></trkpt>
    <trkpt lat="61.62033" lon="7.27379"><ele>190</ele></trkpt>
    <trkpt lat="61.61891" lon="7.27647"><ele>189</ele></trkpt>
    <trkpt lat="61.61852" lon="7.27713"><ele>188</ele></trkpt>
    <trkpt lat="61.61644" lon="7.27998"><ele>186</ele></trkpt>
    <trkpt lat="61.61545" lon="7.28132"><ele>186</ele></trkpt>
    <trkpt lat="61.61454" lon="7.28255"><ele>185</ele></trkpt>
    <trkpt lat="61.61301" lon="7.28464"><ele>184</ele></trkpt>
    <trkpt lat="61.61231" lon="7.28559"><ele>184</ele></trkpt>
    <trkpt lat="61.61157" lon="7.28638"><ele>183</ele></trkpt>
    <trkpt lat="61.61017" lon="7.28765"><ele>182</ele></trkpt>
    <trkpt lat="61.60945" lon="7.28833"><ele>182</ele></trkpt>
    <trkpt lat="61.60902" lon="7.28866"><ele>181</ele></trkpt>
    <trkpt lat="61.60847" lon="7.28885"><ele>181</ele></trkpt>
    <trkpt lat="61.60799" lon="7.28877"><ele>181</ele></trkpt>
    <trkpt lat="61.60752" lon="7.28850"><ele>183</ele></trkpt>
    <trkpt lat="61.60690" lon="7.28797"><ele>185</ele></trkpt>
    <trkpt lat="61.60599" lon="7.28750"><ele>184</ele></trkpt>
    <trkpt lat="61.60528" lon="7.28693"><ele>183</ele></trkpt>
    <trkpt lat="61.60471" lon="7.28665"><ele>185</ele></trkpt>
    <trkpt lat="61.60396" lon="7.28656"><ele>184</ele></trkpt>
    <trkpt lat="61.60318" lon="7.28692"><ele>183</ele></trkpt>
    <trkpt lat="61.60266" lon="7.28703"><ele>184</ele></trkpt>
    <trkpt lat="61.60213" lon="7.28690"><ele>182</ele></trkpt>
    <trkpt lat="61.59975" lon="7.28536"><ele>181</ele></trkpt>
    <trkpt lat="61.59909" lon="7.28529"><ele>182</ele></trkpt>
    <trkpt lat="61.59804" lon="7.28468"><ele>181</ele></trkpt>
    <trkpt lat="61.59762" lon="7.28412"><ele>182</ele></trkpt>
    <trkpt lat="61.59731" lon="7.28339"><ele>180</ele></trkpt>
    <trkpt lat="61.59692" lon="7.28282"><ele>180</ele></trkpt>
    <trkpt lat="61.59635" lon="7.28251"><ele>177</ele></trkpt>
    <trkpt lat="61.59576" lon="7.28187"><ele>175</ele></trkpt>
    <trkpt lat="61.59441" lon="7.28089"><ele>179</ele></trkpt>
    <trkpt lat="61.59393" lon="7.28055"><ele>179</ele></trkpt>
    <trkpt lat="61.59330" lon="7.28067"><ele>179</ele></trkpt>
    <trkpt lat="61.59278" lon="7.28070"><ele>177</ele></trkpt>
    <trkpt lat="61.59226" lon="7.28030"><ele>179</ele></trkpt>
    <trkpt lat="61.59157" lon="7.27981"><ele>176</ele></trkpt>
    <trkpt lat="61.59055" lon="7.27921"><ele>172</ele></trkpt>
    <trkpt lat="61.58990" lon="7.27889"><ele>173</ele></trkpt>
    <trkpt lat="61.58936" lon="7.27875"><ele>174</ele></trkpt>
    <trkpt lat="61.58869" lon="7.27867"><ele>171</ele></trkpt>
    <trkpt lat="61.58824" lon="7.27874"><ele>171</ele></trkpt>
    <trkpt lat="61.58779" lon="7.27915"><ele>170</ele></trkpt>
    <trkpt lat="61.58742" lon="7.28001"><ele>172</ele></trkpt>
    <trkpt lat="61.58720" lon="7.28160"><ele>173</ele></trkpt>
    <trkpt lat="61.58705" lon="7.28255"><ele>173</ele></trkpt>
    <trkpt lat="61.58623" lon="7.28375"><ele>174</ele></trkpt>
    <trkpt lat="61.58586" lon="7.28439"><ele>173</ele></trkpt>
    <trkpt lat="61.58556" lon="7.28535"><ele>173</ele></trkpt>
    <trkpt lat="61.58542" lon="7.28627"><ele>172</ele></trkpt>
    <trkpt lat="61.58521" lon="7.28716"><ele>171</ele></trkpt>
    <trkpt lat="61.58482" lon="7.28793"><ele>171</ele></trkpt>
    <trkpt lat="61.58428" lon="7.28856"><ele>172</ele></trkpt>
    <trkpt lat="61.58343" lon="7.28938"><ele>168</ele></trkpt>
    <trkpt lat="61.58292" lon="7.29005"><ele>167</ele></trkpt>
    <trkpt lat="61.58139" lon="7.29250"><ele>163</ele></trkpt>
    <trkpt lat="61.58099" lon="7.29314"><ele>164</ele></trkpt>
    <trkpt lat="61.58060" lon="7.29365"><ele>163</ele></trkpt>
    <trkpt lat="61.58009" lon="7.29385"><ele>164</ele></trkpt>
    <trkpt lat="61.57954" lon="7.29351"><ele>160</ele></trkpt>
    <trkpt lat="61.57827" lon="7.29207"><ele>162</ele></trkpt>
    <trkpt lat="61.57724" lon="7.29089"><ele>161</ele></trkpt>
    <trkpt lat="61.57684" lon="7.29046"><ele>177</ele></trkpt>
    <trkpt lat="61.57621" lon="7.29008"><ele>168</ele></trkpt>
    <trkpt lat="61.57525" lon="7.29009"><ele>161</ele></trkpt>
    <trkpt lat="61.57464" lon="7.29005"><ele>156</ele></trkpt>
    <trkpt lat="61.57419" lon="7.28981"><ele>155</ele></trkpt>
    <trkpt lat="61.57370" lon="7.28938"><ele>154</ele></trkpt>
    <trkpt lat="61.57321" lon="7.28908"><ele>152</ele></trkpt>
    <trkpt lat="61.57267" lon="7.28890"><ele>151</ele></trkpt>
    <trkpt lat="61.57204" lon="7.28887"><ele>148</ele></trkpt>
    <trkpt lat="61.57158" lon="7.28891"><ele>147</ele></trkpt>
    <trkpt lat="61.57101" lon="7.28889"><ele>142</ele></trkpt>
    <trkpt lat="61.57047" lon="7.28937"><ele>145</ele></trkpt>
    <trkpt lat="61.56992" lon="7.29039"><ele>163</ele></trkpt>
    <trkpt lat="61.56954" lon="7.29094"><ele>160</ele></trkpt>
    <trkpt lat="61.56893" lon="7.29149"><ele>145</ele></trkpt>
    <trkpt lat="61.56837" lon="7.29179"><ele>135</ele></trkpt>
    <trkpt lat="61.56783" lon="7.29220"><ele>133</ele></trkpt>
    <trkpt lat="61.56734" lon="7.29258"><ele>129</ele></trkpt>
    <trkpt lat="61.56668" lon="7.29300"><ele>133</ele></trkpt>
    <trkpt lat="61.56619" lon="7.29321"><ele>134</ele></trkpt>
    <trkpt lat="61.56541" lon="7.29353"><ele>131</ele></trkpt>
    <trkpt lat="61.56478" lon="7.29392"><ele>128</ele></trkpt>
    <trkpt lat="61.56431" lon="7.29431"><ele>125</ele></trkpt>
    <trkpt lat="61.56373" lon="7.29474"><ele>125</ele></trkpt>
    <trkpt lat="61.56320" lon="7.29511"><ele>124</ele></trkpt>
    <trkpt lat="61.56274" lon="7.29544"><ele>123</ele></trkpt>
    <trkpt lat="61.56222" lon="7.29606"><ele>123</ele></trkpt>
    <trkpt lat="61.56170" lon="7.29650"><ele>124</ele></trkpt>
    <trkpt lat="61.56124" lon="7.29684"><ele>123</ele></trkpt>
    <trkpt lat="61.56060" lon="7.29732"><ele>123</ele></trkpt>
    <trkpt lat="61.55945" lon="7.29865"><ele>123</ele></trkpt>
    <trkpt lat="61.55887" lon="7.29878"><ele>122</ele></trkpt>
    <trkpt lat="61.55834" lon="7.29855"><ele>121</ele></trkpt>
    <trkpt lat="61.55782" lon="7.29840"><ele>124</ele></trkpt>
    <trkpt lat="61.55732" lon="7.29848"><ele>120</ele></trkpt>
    <trkpt lat="61.55650" lon="7.29881"><ele>120</ele></trkpt>
    <trkpt lat="61.55542" lon="7.29926"><ele>118</ele></trkpt>
    <trkpt lat="61.55485" lon="7.29943"><ele>118</ele></trkpt>
    <trkpt lat="61.55391" lon="7.29959"><ele>118</ele></trkpt>
    <trkpt lat="61.55326" lon="7.29964"><ele>117</ele></trkpt>
    <trkpt lat="61.55273" lon="7.29960"><ele>117</ele></trkpt>
    <trkpt lat="61.55194" lon="7.29939"><ele>117</ele></trkpt>
    <trkpt lat="61.55047" lon="7.29891"><ele>116</ele></trkpt>
    <trkpt lat="61.54969" lon="7.29866"><ele>116</ele></trkpt>
    <trkpt lat="61.54915" lon="7.29838"><ele>116</ele></trkpt>
    <trkpt lat="61.54865" lon="7.29785"><ele>116</ele></trkpt>
    <trkpt lat="61.54826" lon="7.29714"><ele>116</ele></trkpt>
    <trkpt lat="61.54778" lon="7.29588"><ele>116</ele></trkpt>
    <trkpt lat="61.54728" lon="7.29474"><ele>115</ele></trkpt>
    <trkpt lat="61.54671" lon="7.29349"><ele>123</ele></trkpt>
    <trkpt lat="61.54542" lon="7.29047"><ele>134</ele></trkpt>
    <trkpt lat="61.54508" lon="7.28967"><ele>120</ele></trkpt>
    <trkpt lat="61.54472" lon="7.28878"><ele>117</ele></trkpt>
    <trkpt lat="61.54453" lon="7.28772"><ele>116</ele></trkpt>
    <trkpt lat="61.54446" lon="7.28659"><ele>111</ele></trkpt>
    <trkpt lat="61.54417" lon="7.28575"><ele>109</ele></trkpt>
    <trkpt lat="61.54249" lon="7.28429"><ele>105</ele></trkpt>
    <trkpt lat="61.54201" lon="7.28407"><ele>105</ele></trkpt>
    <trkpt lat="61.54115" lon="7.28468"><ele>107</ele></trkpt>
    <trkpt lat="61.54018" lon="7.28603"><ele>109</ele></trkpt>
    <trkpt lat="61.53959" lon="7.28678"><ele>108</ele></trkpt>
    <trkpt lat="61.53920" lon="7.28741"><ele>107</ele></trkpt>
    <trkpt lat="61.53877" lon="7.28810"><ele>108</ele></trkpt>
    <trkpt lat="61.53817" lon="7.28934"><ele>107</ele></trkpt>
    <trkpt lat="61.53769" lon="7.28978"><ele>107</ele></trkpt>
    <trkpt lat="61.53722" lon="7.28977"><ele>107</ele></trkpt>
    <trkpt lat="61.53644" lon="7.28996"><ele>107</ele></trkpt>
    <trkpt lat="61.53581" lon="7.29000"><ele>107</ele></trkpt>
    <trkpt lat="61.53531" lon="7.29006"><ele>107</ele></trkpt>
    <trkpt lat="61.53473" lon="7.29001"><ele>106</ele></trkpt>
    <trkpt lat="61.53418" lon="7.29019"><ele>108</ele></trkpt>
    <trkpt lat="61.53363" lon="7.29071"><ele>109</ele></trkpt>
    <trkpt lat="61.53317" lon="7.29096"><ele>110</ele></trkpt>
    <trkpt lat="61.53257" lon="7.29085"><ele>108</ele></trkpt>
    <trkpt lat="61.53204" lon="7.29080"><ele>106</ele></trkpt>
    <trkpt lat="61.53148" lon="7.29084"><ele>107</ele></trkpt>
    <trkpt lat="61.53087" lon="7.29087"><ele>108</ele></trkpt>
    <trkpt lat="61.52969" lon="7.29058"><ele>108</ele></trkpt>
    <trkpt lat="61.52920" lon="7.29051"><ele>106</ele></trkpt>
    <trkpt lat="61.52860" lon="7.29055"><ele>104</ele></trkpt>
    <trkpt lat="61.52811" lon="7.29036"><ele>103</ele></trkpt>
    <trkpt lat="61.52769" lon="7.28949"><ele>104</ele></trkpt>
    <trkpt lat="61.52761" lon="7.28854"><ele>104</ele></trkpt>
    <trkpt lat="61.52777" lon="7.28667"><ele>100</ele></trkpt>
    <trkpt lat="61.52787" lon="7.28546"><ele>99</ele></trkpt>
    <trkpt lat="61.52795" lon="7.28425"><ele>99</ele></trkpt>
    <trkpt lat="61.52794" lon="7.28307"><ele>99</ele></trkpt>
    <trkpt lat="61.52786" lon="7.28190"><ele>99</ele></trkpt>
    <trkpt lat="61.52772" lon="7.28069"><ele>98</ele></trkpt>
    <trkpt lat="61.52753" lon="7.27948"><ele>98</ele></trkpt>
    <trkpt lat="61.52726" lon="7.27844"><ele>98</ele></trkpt>
    <trkpt lat="61.52683" lon="7.27738"><ele>98</ele></trkpt>
    <trkpt lat="61.52592" lon="7.27529"><ele>97</ele></trkpt>
    <trkpt lat="61.52553" lon="7.27448"><ele>97</ele></trkpt>
    <trkpt lat="61.52508" lon="7.27386"><ele>97</ele></trkpt>
    <trkpt lat="61.52450" lon="7.27319"><ele>97</ele></trkpt>
    <trkpt lat="61.52365" lon="7.27264"><ele>96</ele></trkpt>
    <trkpt lat="61.52307" lon="7.27220"><ele>96</ele></trkpt>
    <trkpt lat="61.52264" lon="7.27170"><ele>96</ele></trkpt>
    <trkpt lat="61.52215" lon="7.27094"><ele>96</ele></trkpt>
    <trkpt lat="61.52177" lon="7.27032"><ele>96</ele></trkpt>
    <trkpt lat="61.52119" lon="7.26937"><ele>96</ele></trkpt>
    <trkpt lat="61.52012" lon="7.26762"><ele>95</ele></trkpt>
    <trkpt lat="61.51949" lon="7.26658"><ele>95</ele></trkpt>
    <trkpt lat="61.51900" lon="7.26605"><ele>95</ele></trkpt>
    <trkpt lat="61.51835" lon="7.26589"><ele>95</ele></trkpt>
    <trkpt lat="61.51619" lon="7.26468"><ele>94</ele></trkpt>
    <trkpt lat="61.51563" lon="7.26438"><ele>95</ele></trkpt>
    <trkpt lat="61.51513" lon="7.26447"><ele>94</ele></trkpt>
    <trkpt lat="61.51470" lon="7.26487"><ele>94</ele></trkpt>
    <trkpt lat="61.51432" lon="7.26539"><ele>97</ele></trkpt>
    <trkpt lat="61.51387" lon="7.26597"><ele>98</ele></trkpt>
    <trkpt lat="61.51293" lon="7.26668"><ele>101</ele></trkpt>
    <trkpt lat="61.51245" lon="7.26718"><ele>100</ele></trkpt>
    <trkpt lat="61.51207" lon="7.26783"><ele>101</ele></trkpt>
    <trkpt lat="61.51169" lon="7.26836"><ele>99</ele></trkpt>
    <trkpt lat="61.51121" lon="7.26865"><ele>100</ele></trkpt>
    <trkpt lat="61.51080" lon="7.26906"><ele>99</ele></trkpt>
    <trkpt lat="61.51027" lon="7.26933"><ele>99</ele></trkpt>
    <trkpt lat="61.50970" lon="7.26959"><ele>97</ele></trkpt>
    <trkpt lat="61.50922" lon="7.26989"><ele>101</ele></trkpt>
    <trkpt lat="61.50865" lon="7.27014"><ele>137</ele></trkpt>
    <trkpt lat="61.50814" lon="7.27050"><ele>167</ele></trkpt>
    <trkpt lat="61.50767" lon="7.27103"><ele>184</ele></trkpt>
    <trkpt lat="61.50724" lon="7.27170"><ele>186</ele></trkpt>
    <trkpt lat="61.50592" lon="7.27424"><ele>112</ele></trkpt>
    <trkpt lat="61.50547" lon="7.27488"><ele>95</ele></trkpt>
    <trkpt lat="61.50497" lon="7.27497"><ele>94</ele></trkpt>
    <trkpt lat="61.50449" lon="7.27491"><ele>94</ele></trkpt>
    <trkpt lat="61.50404" lon="7.27502"><ele>91</ele></trkpt>
    <trkpt lat="61.50355" lon="7.27498"><ele>89</ele></trkpt>
    <trkpt lat="61.50301" lon="7.27470"><ele>91</ele></trkpt>
    <trkpt lat="61.50254" lon="7.27443"><ele>90</ele></trkpt>
    <trkpt lat="61.50200" lon="7.27371"><ele>88</ele></trkpt>
    <trkpt lat="61.50155" lon="7.27336"><ele>85</ele></trkpt>
    <trkpt lat="61.50103" lon="7.27334"><ele>83</ele></trkpt>
    <trkpt lat="61.50049" lon="7.27333"><ele>78</ele></trkpt>
    <trkpt lat="61.49999" lon="7.27356"><ele>78</ele></trkpt>
    <trkpt lat="61.49960" lon="7.27419"><ele>83</ele></trkpt>
    <trkpt lat="61.49908" lon="7.27460"><ele>81</ele></trkpt>
    <trkpt lat="61.49821" lon="7.27477"><ele>80</ele></trkpt>
    <trkpt lat="61.49734" lon="7.27490"><ele>79</ele></trkpt>
    <trkpt lat="61.49680" lon="7.27487"><ele>81</ele></trkpt>
    <trkpt lat="61.49637" lon="7.27434"><ele>80</ele></trkpt>
    <trkpt lat="61.49589" lon="7.27387"><ele>79</ele></trkpt>
    <trkpt lat="61.49541" lon="7.27394"><ele>79</ele></trkpt>
    <trkpt lat="61.49489" lon="7.27400"><ele>79</ele></trkpt>
    <trkpt lat="61.49431" lon="7.27395"><ele>76</ele></trkpt>
    <trkpt lat="61.49384" lon="7.27371"><ele>74</ele></trkpt>
    <trkpt lat="61.49346" lon="7.27316"><ele>71</ele></trkpt>
    <trkpt lat="61.49322" lon="7.27233"><ele>68</ele></trkpt>
    <trkpt lat="61.49314" lon="7.27101"><ele>66</ele></trkpt>
    <trkpt lat="61.49313" lon="7.26968"><ele>62</ele></trkpt>
    <trkpt lat="61.49298" lon="7.26867"><ele>61</ele></trkpt>
    <trkpt lat="61.49255" lon="7.26794"><ele>61</ele></trkpt>
    <trkpt lat="61.49210" lon="7.26784"><ele>63</ele></trkpt>
    <trkpt lat="61.49153" lon="7.26804"><ele>63</ele></trkpt>
    <trkpt lat="61.49082" lon="7.26835"><ele>63</ele></trkpt>
    <trkpt lat="61.49031" lon="7.26849"><ele>63</ele></trkpt>
    <trkpt lat="61.48973" lon="7.26839"><ele>63</ele></trkpt>
    <trkpt lat="61.48924" lon="7.26806"><ele>63</ele></trkpt>
    <trkpt lat="61.48846" lon="7.26679"><ele>59</ele></trkpt>
    <trkpt lat="61.48753" lon="7.26507"><ele>57</ele></trkpt>
    <trkpt lat="61.48695" lon="7.26403"><ele>57</ele></trkpt>
    <trkpt lat="61.48640" lon="7.26328"><ele>57</ele></trkpt>
    <trkpt lat="61.48561" lon="7.26235"><ele>57</ele></trkpt>
    <trkpt lat="61.48461" lon="7.26126"><ele>57</ele></trkpt>
    <trkpt lat="61.48399" lon="7.26056"><ele>56</ele></trkpt>
    <trkpt lat="61.48333" lon="7.25982"><ele>56</ele></trkpt>
    <trkpt lat="61.48270" lon="7.25910"><ele>56</ele></trkpt>
    <trkpt lat="61.48201" lon="7.25833"><ele>56</ele></trkpt>
    <trkpt lat="61.48146" lon="7.25772"><ele>56</ele></trkpt>
    <trkpt lat="61.48091" lon="7.25731"><ele>60</ele></trkpt>
    <trkpt lat="61.48037" lon="7.25725"><ele>60</ele></trkpt>
    <trkpt lat="61.47991" lon="7.25735"><ele>60</ele></trkpt>
    <trkpt lat="61.47804" lon="7.25795"><ele>60</ele></trkpt>
    <trkpt lat="61.47754" lon="7.25814"><ele>61</ele></trkpt>
    <trkpt lat="61.47691" lon="7.25866"><ele>61</ele></trkpt>
    <trkpt lat="61.47639" lon="7.25884"><ele>61</ele></trkpt>
    <trkpt lat="61.47585" lon="7.25849"><ele>59</ele></trkpt>
    <trkpt lat="61.47530" lon="7.25838"><ele>60</ele></trkpt>
    <trkpt lat="61.47482" lon="7.25796"><ele>59</ele></trkpt>
    <trkpt lat="61.47443" lon="7.25723"><ele>59</ele></trkpt>
    <trkpt lat="61.47400" lon="7.25682"><ele>58</ele></trkpt>
    <trkpt lat="61.47361" lon="7.25596"><ele>55</ele></trkpt>
    <trkpt lat="61.47338" lon="7.25478"><ele>56</ele></trkpt>
    <trkpt lat="61.47316" lon="7.25370"><ele>58</ele></trkpt>
    <trkpt lat="61.47285" lon="7.25282"><ele>60</ele></trkpt>
    <trkpt lat="61.47244" lon="7.25227"><ele>65</ele></trkpt>
    <trkpt lat="61.47190" lon="7.25190"><ele>69</ele></trkpt>
    <trkpt lat="61.47142" lon="7.25199"><ele>73</ele></trkpt>
    <trkpt lat="61.47096" lon="7.25211"><ele>77</ele></trkpt>
    <trkpt lat="61.47055" lon="7.25172"><ele>76</ele></trkpt>
    <trkpt lat="61.47007" lon="7.25124"><ele>79</ele></trkpt>
    <trkpt lat="61.46954" lon="7.25109"><ele>86</ele></trkpt>
    <trkpt lat="61.46905" lon="7.25138"><ele>86</ele></trkpt>
    <trkpt lat="61.46848" lon="7.25209"><ele>84</ele></trkpt>
    <trkpt lat="61.46795" lon="7.25207"><ele>86</ele></trkpt>
    <trkpt lat="61.46750" lon="7.25138"><ele>88</ele></trkpt>
    <trkpt lat="61.46697" lon="7.25107"><ele>83</ele></trkpt>
    <trkpt lat="61.46622" lon="7.25097"><ele>81</ele></trkpt>
    <trkpt lat="61.46572" lon="7.25090"><ele>81</ele></trkpt>
    <trkpt lat="61.46500" lon="7.25041"><ele>76</ele></trkpt>
    <trkpt lat="61.46441" lon="7.24987"><ele>72</ele></trkpt>
    <trkpt lat="61.46395" lon="7.24970"><ele>68</ele></trkpt>
    <trkpt lat="61.46319" lon="7.24991"><ele>63</ele></trkpt>
    <trkpt lat="61.46275" lon="7.25045"><ele>60</ele></trkpt>
    <trkpt lat="61.46226" lon="7.25114"><ele>56</ele></trkpt>
    <trkpt lat="61.46187" lon="7.25181"><ele>51</ele></trkpt>
    <trkpt lat="61.46123" lon="7.25229"><ele>50</ele></trkpt>
    <trkpt lat="61.46069" lon="7.25285"><ele>50</ele></trkpt>
    <trkpt lat="61.46035" lon="7.25352"><ele>50</ele></trkpt>
    <trkpt lat="61.46019" lon="7.25445"><ele>50</ele></trkpt>
    <trkpt lat="61.45992" lon="7.25531"><ele>50</ele></trkpt>
    <trkpt lat="61.45948" lon="7.25576"><ele>48</ele></trkpt>
    <trkpt lat="61.45899" lon="7.25570"><ele>47</ele></trkpt>
    <trkpt lat="61.45844" lon="7.25540"><ele>45</ele></trkpt>
    <trkpt lat="61.45790" lon="7.25536"><ele>45</ele></trkpt>
    <trkpt lat="61.45713" lon="7.25593"><ele>46</ele></trkpt>
    <trkpt lat="61.45666" lon="7.25610"><ele>46</ele></trkpt>
    <trkpt lat="61.45608" lon="7.25634"><ele>46</ele></trkpt>
    <trkpt lat="61.45537" lon="7.25789"><ele>41</ele></trkpt>
    <trkpt lat="61.45485" lon="7.25922"><ele>46</ele></trkpt>
    <trkpt lat="61.45455" lon="7.26016"><ele>46</ele></trkpt>
    <trkpt lat="61.45433" lon="7.26114"><ele>48</ele></trkpt>
    <trkpt lat="61.45402" lon="7.26226"><ele>48</ele></trkpt>
    <trkpt lat="61.45377" lon="7.26333"><ele>44</ele></trkpt>
    <trkpt lat="61.45331" lon="7.26405"><ele>43</ele></trkpt>
    <trkpt lat="61.45282" lon="7.26453"><ele>42</ele></trkpt>
    <trkpt lat="61.45230" lon="7.26473"><ele>42</ele></trkpt>
    <trkpt lat="61.45179" lon="7.26469"><ele>43</ele></trkpt>
    <trkpt lat="61.45123" lon="7.26467"><ele>43</ele></trkpt>
    <trkpt lat="61.45076" lon="7.26468"><ele>42</ele></trkpt>
    <trkpt lat="61.45023" lon="7.26429"><ele>43</ele></trkpt>
    <trkpt lat="61.44971" lon="7.26374"><ele>45</ele></trkpt>
    <trkpt lat="61.44907" lon="7.26374"><ele>45</ele></trkpt>
    <trkpt lat="61.44862" lon="7.26399"><ele>43</ele></trkpt>
    <trkpt lat="61.44816" lon="7.26423"><ele>39</ele></trkpt>
    <trkpt lat="61.44738" lon="7.26406"><ele>37</ele></trkpt>
    <trkpt lat="61.44662" lon="7.26385"><ele>34</ele></trkpt>
    <trkpt lat="61.44614" lon="7.26373"><ele>34</ele></trkpt>
    <trkpt lat="61.44570" lon="7.26358"><ele>32</ele></trkpt>
    <trkpt lat="61.44510" lon="7.26328"><ele>31</ele></trkpt>
    <trkpt lat="61.44449" lon="7.26319"><ele>34</ele></trkpt>
    <trkpt lat="61.44400" lon="7.26293"><ele>35</ele></trkpt>
    <trkpt lat="61.44376" lon="7.26155"><ele>39</ele></trkpt>
    <trkpt lat="61.44347" lon="7.26074"><ele>38</ele></trkpt>
    <trkpt lat="61.44321" lon="7.25990"><ele>39</ele></trkpt>
    <trkpt lat="61.44271" lon="7.25893"><ele>38</ele></trkpt>
    <trkpt lat="61.44234" lon="7.25832"><ele>36</ele></trkpt>
    <trkpt lat="61.44202" lon="7.25744"><ele>35</ele></trkpt>
    <trkpt lat="61.44174" lon="7.25636"><ele>35</ele></trkpt>
    <trkpt lat="61.44134" lon="7.25418"><ele>34</ele></trkpt>
    <trkpt lat="61.44098" lon="7.25233"><ele>30</ele></trkpt>
    <trkpt lat="61.44068" lon="7.25111"><ele>26</ele></trkpt>
    <trkpt lat="61.44022" lon="7.24946"><ele>24</ele></trkpt>
    <trkpt lat="61.43993" lon="7.24865"><ele>22</ele></trkpt>
    <trkpt lat="61.43945" lon="7.24794"><ele>22</ele></trkpt>
    <trkpt lat="61.43888" lon="7.24764"><ele>23</ele></trkpt>
    <trkpt lat="61.43769" lon="7.24769"><ele>22</ele></trkpt>
    <trkpt lat="61.43703" lon="7.24777"><ele>22</ele></trkpt>
    <trkpt lat="61.43656" lon="7.24793"><ele>22</ele></trkpt>
    <trkpt lat="61.43599" lon="7.24839"><ele>23</ele></trkpt>
    <trkpt lat="61.43550" lon="7.24908"><ele>25</ele></trkpt>
    <trkpt lat="61.43501" lon="7.24974"><ele>24</ele></trkpt>
    <trkpt lat="61.43456" lon="7.25006"><ele>24</ele></trkpt>
    <trkpt lat="61.43384" lon="7.25028"><ele>23</ele></trkpt>
    <trkpt lat="61.43339" lon="7.25038"><ele>24</ele></trkpt>
    <trkpt lat="61.43284" lon="7.25031"><ele>24</ele></trkpt>
    <trkpt lat="61.43212" lon="7.24997"><ele>24</ele></trkpt>
    <trkpt lat="61.43160" lon="7.24974"><ele>24</ele></trkpt>
    <trkpt lat="61.43102" lon="7.24979"><ele>20</ele></trkpt>
    <trkpt lat="61.43047" lon="7.25013"><ele>22</ele></trkpt>
    <trkpt lat="61.42989" lon="7.25015"><ele>20</ele></trkpt>
    <trkpt lat="61.42884" lon="7.24990"><ele>18</ele></trkpt>
    <trkpt lat="61.42815" lon="7.24972"><ele>18</ele></trkpt>
    <trkpt lat="61.42768" lon="7.24973"><ele>18</ele></trkpt>
    <trkpt lat="61.42705" lon="7.25006"><ele>22</ele></trkpt>
    <trkpt lat="61.42661" lon="7.25042"><ele>23</ele></trkpt>
    <trkpt lat="61.42602" lon="7.25117"><ele>24</ele></trkpt>
    <trkpt lat="61.42558" lon="7.25170"><ele>23</ele></trkpt>
    <trkpt lat="61.42503" lon="7.25233"><ele>25</ele></trkpt>
    <trkpt lat="61.42451" lon="7.25265"><ele>28</ele></trkpt>
    <trkpt lat="61.42389" lon="7.25283"><ele>28</ele></trkpt>
    <trkpt lat="61.42336" lon="7.25314"><ele>29</ele></trkpt>
    <trkpt lat="61.42292" lon="7.25383"><ele>26</ele></trkpt>
    <trkpt lat="61.42250" lon="7.25467"><ele>25</ele></trkpt>
    <trkpt lat="61.42198" lon="7.25542"><ele>22</ele></trkpt>
    <trkpt lat="61.42150" lon="7.25602"><ele>22</ele></trkpt>
    <trkpt lat="61.42092" lon="7.25696"><ele>24</ele></trkpt>
    <trkpt lat="61.42031" lon="7.25810"><ele>22</ele></trkpt>
    <trkpt lat="61.41979" lon="7.25918"><ele>21</ele></trkpt>
    <trkpt lat="61.41934" lon="7.26027"><ele>24</ele></trkpt>
    <trkpt lat="61.41891" lon="7.26083"><ele>27</ele></trkpt>
    <trkpt lat="61.41807" lon="7.26105"><ele>26</ele></trkpt>
    <trkpt lat="61.41754" lon="7.26114"><ele>25</ele></trkpt>
    <trkpt lat="61.41694" lon="7.26127"><ele>22</ele></trkpt>
    <trkpt lat="61.41643" lon="7.26141"><ele>18</ele></trkpt>
    <trkpt lat="61.41596" lon="7.26159"><ele>17</ele></trkpt>
    <trkpt lat="61.41541" lon="7.26180"><ele>16</ele></trkpt>
    <trkpt lat="61.41494" lon="7.26237"><ele>16</ele></trkpt>
    <trkpt lat="61.41443" lon="7.26387"><ele>14</ele></trkpt>
    <trkpt lat="61.41416" lon="7.26466"><ele>13</ele></trkpt>
    <trkpt lat="61.41386" lon="7.26565"><ele>13</ele></trkpt>
    <trkpt lat="61.41353" lon="7.26688"><ele>13</ele></trkpt>
    <trkpt lat="61.41319" lon="7.26775"><ele>13</ele></trkpt>
    <trkpt lat="61.41289" lon="7.26867"><ele>11</ele></trkpt>
    <trkpt lat="61.41265" lon="7.27021"><ele>10</ele></trkpt>
    <trkpt lat="61.41242" lon="7.27127"><ele>11</ele></trkpt>
    <trkpt lat="61.41222" lon="7.27235"><ele>11</ele></trkpt>
    <trkpt lat="61.41211" lon="7.27381"><ele>10</ele></trkpt>
    <trkpt lat="61.41197" lon="7.27499"><ele>10</ele></trkpt>
    <trkpt lat="61.41173" lon="7.27579"><ele>11</ele></trkpt>
    <trkpt lat="61.41135" lon="7.27646"><ele>10</ele></trkpt>
    <trkpt lat="61.41080" lon="7.27688"><ele>8</ele></trkpt>
    <trkpt lat="61.41002" lon="7.27722"><ele>8</ele></trkpt>
    <trkpt lat="61.40952" lon="7.27765"><ele>8</ele></trkpt>
    <trkpt lat="61.40909" lon="7.27831"><ele>8</ele></trkpt>
    <trkpt lat="61.40868" lon="7.27893"><ele>9</ele></trkpt>
    <trkpt lat="61.40826" lon="7.27947"><ele>9</ele></trkpt>
    <trkpt lat="61.40763" lon="7.28020"><ele>7</ele></trkpt>
    <trkpt lat="61.40588" lon="7.28220"><ele>9</ele></trkpt>
    <trkpt lat="61.40538" lon="7.28264"><ele>7</ele></trkpt>
    <trkpt lat="61.40491" lon="7.28277"><ele>8</ele></trkpt>
    <trkpt lat="61.40439" lon="7.28281"><ele>7</ele></trkpt>
    <trkpt lat="61.40390" lon="7.28312"><ele>5</ele></trkpt>
    <trkpt lat="61.40320" lon="7.28403"><ele>4</ele></trkpt>
    <trkpt lat="61.40237" lon="7.28514"><ele>4</ele></trkpt>
    <trkpt lat="61.40196" lon="7.28571"><ele>3</ele></trkpt>
    <trkpt lat="61.40132" lon="7.28661"><ele>3</ele></trkpt>
    <trkpt lat="61.40087" lon="7.28597"><ele>3</ele></trkpt>
    <trkpt lat="61.40049" lon="7.28546"><ele>3</ele></trkpt>
    <trkpt lat="61.39988" lon="7.28495"><ele>3</ele></trkpt>
    <trkpt lat="61.39920" lon="7.28467"><ele>2</ele></trkpt>
    <trkpt lat="61.39831" lon="7.28449"><ele>2</ele></trkpt>
    <trkpt lat="61.39733" lon="7.28434"><ele>3</ele></trkpt>
    <trkpt lat="61.39634" lon="7.28420"><ele>6</ele></trkpt>
    <trkpt lat="61.39574" lon="7.28413"><ele>6</ele></trkpt>
    <trkpt lat="61.39526" lon="7.28415"><ele>4</ele></trkpt>
    <trkpt lat="61.39478" lon="7.28428"><ele>6</ele></trkpt>
    <trkpt lat="61.39431" lon="7.28448"><ele>3</ele></trkpt>
    <trkpt lat="61.39370" lon="7.28479"><ele>5</ele></trkpt>
    <trkpt lat="61.39309" lon="7.28506"><ele>4</ele></trkpt>
    <trkpt lat="61.39247" lon="7.28526"><ele>5</ele></trkpt>
    <trkpt lat="61.39186" lon="7.28560"><ele>6</ele></trkpt>
    <trkpt lat="61.39140" lon="7.28606"><ele>6</ele></trkpt>
    <trkpt lat="61.39080" lon="7.28691"><ele>5</ele></trkpt>
    <trkpt lat="61.38988" lon="7.28793"><ele>6</ele></trkpt>
    <trkpt lat="61.38949" lon="7.28854"><ele>5</ele></trkpt>
    <trkpt lat="61.38912" lon="7.28938"><ele>5</ele></trkpt>
    <trkpt lat="61.38871" lon="7.29003"><ele>8</ele></trkpt>
    <trkpt lat="61.38825" lon="7.29044"><ele>18</ele></trkpt>
    <trkpt lat="61.38742" lon="7.29067"><ele>58</ele></trkpt>
    <trkpt lat="61.38697" lon="7.29083"><ele>85</ele></trkpt>
    <trkpt lat="61.38649" lon="7.29120"><ele>128</ele></trkpt>
    <trkpt lat="61.38601" lon="7.29182"><ele>144</ele></trkpt>
    <trkpt lat="61.38561" lon="7.29261"><ele>144</ele></trkpt>
    <trkpt lat="61.38535" lon="7.29338"><ele>130</ele></trkpt>
    <trkpt lat="61.38514" lon="7.29428"><ele>118</ele></trkpt>
    <trkpt lat="61.38463" lon="7.29732"><ele>33</ele></trkpt>
    <trkpt lat="61.38440" lon="7.29830"><ele>11</ele></trkpt>
    <trkpt lat="61.38395" lon="7.29935"><ele>8</ele></trkpt>
    <trkpt lat="61.38319" lon="7.30041"><ele>9</ele></trkpt>
    <trkpt lat="61.38279" lon="7.30103"><ele>11</ele></trkpt>
    <trkpt lat="61.38221" lon="7.30213"><ele>11</ele></trkpt>
    <trkpt lat="61.38183" lon="7.30265"><ele>12</ele></trkpt>
    <trkpt lat="61.38135" lon="7.30286"><ele>15</ele></trkpt>
    <trkpt lat="61.38087" lon="7.30269"><ele>18</ele></trkpt>
    <trkpt lat="61.38041" lon="7.30233"><ele>20</ele></trkpt>
    <trkpt lat="61.37957" lon="7.30162"><ele>22</ele></trkpt>
    <trkpt lat="61.37868" lon="7.30086"><ele>25</ele></trkpt>
    <trkpt lat="61.37821" lon="7.30032"><ele>28</ele></trkpt>
    <trkpt lat="61.37784" lon="7.29977"><ele>29</ele></trkpt>
    <trkpt lat="61.37717" lon="7.29865"><ele>32</ele></trkpt>
    <trkpt lat="61.37682" lon="7.29792"><ele>35</ele></trkpt>
    <trkpt lat="61.37649" lon="7.29648"><ele>41</ele></trkpt>
    <trkpt lat="61.37620" lon="7.29542"><ele>44</ele></trkpt>
    <trkpt lat="61.37587" lon="7.29459"><ele>45</ele></trkpt>
    <trkpt lat="61.37552" lon="7.29387"><ele>47</ele></trkpt>
    <trkpt lat="61.37508" lon="7.29322"><ele>50</ele></trkpt>
    <trkpt lat="61.37455" lon="7.29281"><ele>52</ele></trkpt>
    <trkpt lat="61.37407" lon="7.29232"><ele>57</ele></trkpt>
    <trkpt lat="61.37373" lon="7.29149"><ele>63</ele></trkpt>
    <trkpt lat="61.37350" lon="7.29051"><ele>66</ele></trkpt>
    <trkpt lat="61.37324" lon="7.28963"><ele>67</ele></trkpt>
    <trkpt lat="61.37284" lon="7.28889"><ele>66</ele></trkpt>
    <trkpt lat="61.37224" lon="7.28830"><ele>67</ele></trkpt>
    <trkpt lat="61.37178" lon="7.28773"><ele>66</ele></trkpt>
    <trkpt lat="61.37145" lon="7.28704"><ele>67</ele></trkpt>
    <trkpt lat="61.37111" lon="7.28608"><ele>68</ele></trkpt>
    <trkpt lat="61.37072" lon="7.28491"><ele>67</ele></trkpt>
    <trkpt lat="61.37045" lon="7.28404"><ele>65</ele></trkpt>
    <trkpt lat="61.37024" lon="7.28302"><ele>64</ele></trkpt>
    <trkpt lat="61.37012" lon="7.28199"><ele>63</ele></trkpt>
    <trkpt lat="61.36988" lon="7.28092"><ele>64</ele></trkpt>
    <trkpt lat="61.36952" lon="7.28015"><ele>66</ele></trkpt>
    <trkpt lat="61.36911" lon="7.27969"><ele>66</ele></trkpt>
    <trkpt lat="61.36866" lon="7.27939"><ele>67</ele></trkpt>
    <trkpt lat="61.36823" lon="7.27901"><ele>70</ele></trkpt>
    <trkpt lat="61.36780" lon="7.27835"><ele>72</ele></trkpt>
    <trkpt lat="61.36748" lon="7.27759"><ele>75</ele></trkpt>
    <trkpt lat="61.36718" lon="7.27671"><ele>78</ele></trkpt>
    <trkpt lat="61.36691" lon="7.27590"><ele>81</ele></trkpt>
    <trkpt lat="61.36659" lon="7.27504"><ele>85</ele></trkpt>
    <trkpt lat="61.36623" lon="7.27446"><ele>87</ele></trkpt>
    <trkpt lat="61.36573" lon="7.27394"><ele>92</ele></trkpt>
    <trkpt lat="61.36525" lon="7.27345"><ele>98</ele></trkpt>
    <trkpt lat="61.36482" lon="7.27304"><ele>100</ele></trkpt>
    <trkpt lat="61.36437" lon="7.27282"><ele>103</ele></trkpt>
    <trkpt lat="61.36391" lon="7.27281"><ele>106</ele></trkpt>
    <trkpt lat="61.36343" lon="7.27277"><ele>114</ele></trkpt>
    <trkpt lat="61.36294" lon="7.27251"><ele>119</ele></trkpt>
    <trkpt lat="61.36253" lon="7.27205"><ele>122</ele></trkpt>
    <trkpt lat="61.36194" lon="7.27110"><ele>125</ele></trkpt>
    <trkpt lat="61.36150" lon="7.27051"><ele>129</ele></trkpt>
    <trkpt lat="61.36094" lon="7.26998"><ele>134</ele></trkpt>
    <trkpt lat="61.36040" lon="7.26965"><ele>136</ele></trkpt>
    <trkpt lat="61.35981" lon="7.26949"><ele>138</ele></trkpt>
    <trkpt lat="61.35928" lon="7.26949"><ele>144</ele></trkpt>
    <trkpt lat="61.35883" lon="7.26958"><ele>146</ele></trkpt>
    <trkpt lat="61.35832" lon="7.26957"><ele>150</ele></trkpt>
    <trkpt lat="61.35781" lon="7.26924"><ele>152</ele></trkpt>
    <trkpt lat="61.35740" lon="7.26883"><ele>155</ele></trkpt>
    <trkpt lat="61.35695" lon="7.26855"><ele>158</ele></trkpt>
    <trkpt lat="61.35644" lon="7.26854"><ele>164</ele></trkpt>
    <trkpt lat="61.35597" lon="7.26877"><ele>170</ele></trkpt>
    <trkpt lat="61.35553" lon="7.26914"><ele>171</ele></trkpt>
    <trkpt lat="61.35500" lon="7.26947"><ele>176</ele></trkpt>
    <trkpt lat="61.35455" lon="7.26964"><ele>180</ele></trkpt>
    <trkpt lat="61.35403" lon="7.26970"><ele>182</ele></trkpt>
    <trkpt lat="61.35346" lon="7.26959"><ele>186</ele></trkpt>
    <trkpt lat="61.35283" lon="7.26941"><ele>192</ele></trkpt>
    <trkpt lat="61.35190" lon="7.26913"><ele>203</ele></trkpt>
    <trkpt lat="61.35132" lon="7.26895"><ele>205</ele></trkpt>
    <trkpt lat="61.35081" lon="7.26874"><ele>208</ele></trkpt>
    <trkpt lat="61.35027" lon="7.26837"><ele>213</ele></trkpt>
    <trkpt lat="61.34981" lon="7.26793"><ele>215</ele></trkpt>
    <trkpt lat="61.34928" lon="7.26727"><ele>220</ele></trkpt>
    <trkpt lat="61.34884" lon="7.26664"><ele>224</ele></trkpt>
    <trkpt lat="61.34842" lon="7.26613"><ele>226</ele></trkpt>
    <trkpt lat="61.34795" lon="7.26567"><ele>231</ele></trkpt>
    <trkpt lat="61.34741" lon="7.26530"><ele>236</ele></trkpt>
    <trkpt lat="61.34694" lon="7.26507"><ele>240</ele></trkpt>
    <trkpt lat="61.34644" lon="7.26469"><ele>244</ele></trkpt>
    <trkpt lat="61.34596" lon="7.26408"><ele>246</ele></trkpt>
    <trkpt lat="61.34548" lon="7.26319"><ele>251</ele></trkpt>
    <trkpt lat="61.34505" lon="7.26244"><ele>253</ele></trkpt>
    <trkpt lat="61.34464" lon="7.26188"><ele>255</ele></trkpt>
    <trkpt lat="61.34358" lon="7.26071"><ele>258</ele></trkpt>
    <trkpt lat="61.34312" lon="7.26013"><ele>259</ele></trkpt>
    <trkpt lat="61.34264" lon="7.25942"><ele>260</ele></trkpt>
    <trkpt lat="61.34198" lon="7.25878"><ele>264</ele></trkpt>
    <trkpt lat="61.34155" lon="7.25827"><ele>265</ele></trkpt>
    <trkpt lat="61.34120" lon="7.25762"><ele>267</ele></trkpt>
    <trkpt lat="61.34064" lon="7.25644"><ele>268</ele></trkpt>
    <trkpt lat="61.34033" lon="7.25568"><ele>270</ele></trkpt>
    <trkpt lat="61.34016" lon="7.25469"><ele>273</ele></trkpt>
    <trkpt lat="61.34011" lon="7.25310"><ele>273</ele></trkpt>
    <trkpt lat="61.34011" lon="7.25207"><ele>276</ele></trkpt>
    <trkpt lat="61.34023" lon="7.24953"><ele>278</ele></trkpt>
    <trkpt lat="61.34027" lon="7.24841"><ele>277</ele></trkpt>
    <trkpt lat="61.34016" lon="7.24728"><ele>279</ele></trkpt>
    <trkpt lat="61.33971" lon="7.24515"><ele>279</ele></trkpt>
    <trkpt lat="61.33939" lon="7.24414"><ele>277</ele></trkpt>
    <trkpt lat="61.33890" lon="7.24309"><ele>277</ele></trkpt>
    <trkpt lat="61.33855" lon="7.24230"><ele>277</ele></trkpt>
    <trkpt lat="61.33825" lon="7.24096"><ele>273</ele></trkpt>
    <trkpt lat="61.33805" lon="7.24004"><ele>276</ele></trkpt>
    <trkpt lat="61.33773" lon="7.23923"><ele>278</ele></trkpt>
    <trkpt lat="61.33727" lon="7.23864"><ele>276</ele></trkpt>
    <trkpt lat="61.33681" lon="7.23840"><ele>278</ele></trkpt>
    <trkpt lat="61.33627" lon="7.23807"><ele>280</ele></trkpt>
    <trkpt lat="61.33567" lon="7.23713"><ele>282</ele></trkpt>
    <trkpt lat="61.33528" lon="7.23659"><ele>284</ele></trkpt>
    <trkpt lat="61.33468" lon="7.23604"><ele>287</ele></trkpt>
    <trkpt lat="61.33429" lon="7.23550"><ele>289</ele></trkpt>
    <trkpt lat="61.33402" lon="7.23460"><ele>292</ele></trkpt>
    <trkpt lat="61.33389" lon="7.23348"><ele>294</ele></trkpt>
    <trkpt lat="61.33383" lon="7.23251"><ele>297</ele></trkpt>
    <trkpt lat="61.33383" lon="7.23156"><ele>300</ele></trkpt>
    <trkpt lat="61.33386" lon="7.23059"><ele>301</ele></trkpt>
    <trkpt lat="61.33391" lon="7.22958"><ele>303</ele></trkpt>
    <trkpt lat="61.33401" lon="7.22865"><ele>306</ele></trkpt>
    <trkpt lat="61.33417" lon="7.22755"><ele>305</ele></trkpt>
    <trkpt lat="61.33424" lon="7.22652"><ele>308</ele></trkpt>
    <trkpt lat="61.33412" lon="7.22442"><ele>310</ele></trkpt>
    <trkpt lat="61.33398" lon="7.22213"><ele>311</ele></trkpt>
    <trkpt lat="61.33388" lon="7.22100"><ele>311</ele></trkpt>
    <trkpt lat="61.33367" lon="7.22007"><ele>313</ele></trkpt>
    <trkpt lat="61.33276" lon="7.21777"><ele>315</ele></trkpt>
    <trkpt lat="61.33241" lon="7.21692"><ele>317</ele></trkpt>
    <trkpt lat="61.33181" lon="7.21565"><ele>316</ele></trkpt>
    <trkpt lat="61.33121" lon="7.21424"><ele>316</ele></trkpt>
    <trkpt lat="61.33087" lon="7.21351"><ele>317</ele></trkpt>
    <trkpt lat="61.33044" lon="7.21292"><ele>315</ele></trkpt>
    <trkpt lat="61.32997" lon="7.21256"><ele>310</ele></trkpt>
    <trkpt lat="61.32945" lon="7.21242"><ele>305</ele></trkpt>
    <trkpt lat="61.32896" lon="7.21253"><ele>305</ele></trkpt>
    <trkpt lat="61.32842" lon="7.21292"><ele>301</ele></trkpt>
    <trkpt lat="61.32798" lon="7.21340"><ele>298</ele></trkpt>
    <trkpt lat="61.32752" lon="7.21380"><ele>295</ele></trkpt>
    <trkpt lat="61.32689" lon="7.21391"><ele>292</ele></trkpt>
    <trkpt lat="61.32640" lon="7.21424"><ele>289</ele></trkpt>
    <trkpt lat="61.32599" lon="7.21498"><ele>283</ele></trkpt>
    <trkpt lat="61.32574" lon="7.21577"><ele>279</ele></trkpt>
    <trkpt lat="61.32522" lon="7.21807"><ele>276</ele></trkpt>
    <trkpt lat="61.32485" lon="7.21980"><ele>274</ele></trkpt>
    <trkpt lat="61.32457" lon="7.22078"><ele>272</ele></trkpt>
    <trkpt lat="61.32418" lon="7.22163"><ele>272</ele></trkpt>
    <trkpt lat="61.32377" lon="7.22221"><ele>269</ele></trkpt>
    <trkpt lat="61.32328" lon="7.22278"><ele>268</ele></trkpt>
    <trkpt lat="61.32225" lon="7.22400"><ele>266</ele></trkpt>
    <trkpt lat="61.32173" lon="7.22452"><ele>259</ele></trkpt>
    <trkpt lat="61.32128" lon="7.22481"><ele>255</ele></trkpt>
    <trkpt lat="61.32083" lon="7.22496"><ele>254</ele></trkpt>
    <trkpt lat="61.32037" lon="7.22503"><ele>249</ele></trkpt>
    <trkpt lat="61.31986" lon="7.22527"><ele>246</ele></trkpt>
    <trkpt lat="61.31944" lon="7.22565"><ele>243</ele></trkpt>
    <trkpt lat="61.31877" lon="7.22654"><ele>238</ele></trkpt>
    <trkpt lat="61.31838" lon="7.22707"><ele>235</ele></trkpt>
    <trkpt lat="61.31789" lon="7.22755"><ele>233</ele></trkpt>
    <trkpt lat="61.31736" lon="7.22783"><ele>231</ele></trkpt>
    <trkpt lat="61.31683" lon="7.22789"><ele>229</ele></trkpt>
    <trkpt lat="61.31581" lon="7.22774"><ele>224</ele></trkpt>
    <trkpt lat="61.31478" lon="7.22757"><ele>218</ele></trkpt>
    <trkpt lat="61.31424" lon="7.22743"><ele>215</ele></trkpt>
    <trkpt lat="61.31330" lon="7.22680"><ele>210</ele></trkpt>
    <trkpt lat="61.31277" lon="7.22658"><ele>211</ele></trkpt>
    <trkpt lat="61.31191" lon="7.22639"><ele>207</ele></trkpt>
    <trkpt lat="61.31145" lon="7.22629"><ele>207</ele></trkpt>
    <trkpt lat="61.31099" lon="7.22617"><ele>206</ele></trkpt>
    <trkpt lat="61.31047" lon="7.22588"><ele>207</ele></trkpt>
    <trkpt lat="61.30993" lon="7.22521"><ele>203</ele></trkpt>
    <trkpt lat="61.30957" lon="7.22439"><ele>200</ele></trkpt>
    <trkpt lat="61.30931" lon="7.22341"><ele>201</ele></trkpt>
    <trkpt lat="61.30905" lon="7.22202"><ele>201</ele></trkpt>
    <trkpt lat="61.30875" lon="7.22110"><ele>201</ele></trkpt>
    <trkpt lat="61.30837" lon="7.22043"><ele>201</ele></trkpt>
    <trkpt lat="61.30807" lon="7.21964"><ele>201</ele></trkpt>
    <trkpt lat="61.30779" lon="7.21846"><ele>201</ele></trkpt>
    <trkpt lat="61.30748" lon="7.21756"><ele>201</ele></trkpt>
    <trkpt lat="61.30704" lon="7.21691"><ele>200</ele></trkpt>
    <trkpt lat="61.30627" lon="7.21642"><ele>205</ele></trkpt>
    <trkpt lat="61.30577" lon="7.21601"><ele>203</ele></trkpt>
    <trkpt lat="61.30431" lon="7.21422"><ele>200</ele></trkpt>
    <trkpt lat="61.30390" lon="7.21371"><ele>200</ele></trkpt>
    <trkpt lat="61.30353" lon="7.21318"><ele>199</ele></trkpt>
    <trkpt lat="61.30305" lon="7.21212"><ele>204</ele></trkpt>
    <trkpt lat="61.30253" lon="7.21043"><ele>208</ele></trkpt>
    <trkpt lat="61.30215" lon="7.20925"><ele>205</ele></trkpt>
    <trkpt lat="61.30181" lon="7.20814"><ele>204</ele></trkpt>
    <trkpt lat="61.30151" lon="7.20726"><ele>203</ele></trkpt>
    <trkpt lat="61.30099" lon="7.20609"><ele>203</ele></trkpt>
    <trkpt lat="61.30056" lon="7.20496"><ele>203</ele></trkpt>
    <trkpt lat="61.30026" lon="7.20421"><ele>205</ele></trkpt>
    <trkpt lat="61.29990" lon="7.20359"><ele>208</ele></trkpt>
    <trkpt lat="61.29914" lon="7.20273"><ele>203</ele></trkpt>
    <trkpt lat="61.29870" lon="7.20206"><ele>201</ele></trkpt>
    <trkpt lat="61.29822" lon="7.20107"><ele>203</ele></trkpt>
    <trkpt lat="61.29781" lon="7.20037"><ele>203</ele></trkpt>
    <trkpt lat="61.29612" lon="7.19783"><ele>201</ele></trkpt>
    <trkpt lat="61.29566" lon="7.19723"><ele>204</ele></trkpt>
    <trkpt lat="61.29467" lon="7.19636"><ele>205</ele></trkpt>
    <trkpt lat="61.29422" lon="7.19578"><ele>206</ele></trkpt>
    <trkpt lat="61.29391" lon="7.19508"><ele>203</ele></trkpt>
    <trkpt lat="61.29371" lon="7.19423"><ele>203</ele></trkpt>
    <trkpt lat="61.29362" lon="7.19324"><ele>201</ele></trkpt>
    <trkpt lat="61.29370" lon="7.19157"><ele>204</ele></trkpt>
    <trkpt lat="61.29381" lon="7.19053"><ele>203</ele></trkpt>
    <trkpt lat="61.29405" lon="7.18906"><ele>203</ele></trkpt>
    <trkpt lat="61.29419" lon="7.18796"><ele>205</ele></trkpt>
    <trkpt lat="61.29418" lon="7.18687"><ele>205</ele></trkpt>
    <trkpt lat="61.29403" lon="7.18594"><ele>208</ele></trkpt>
    <trkpt lat="61.29370" lon="7.18456"><ele>207</ele></trkpt>
    <trkpt lat="61.29350" lon="7.18337"><ele>205</ele></trkpt>
    <trkpt lat="61.29347" lon="7.18227"><ele>203</ele></trkpt>
    <trkpt lat="61.29363" lon="7.18107"><ele>195</ele></trkpt>
    <trkpt lat="61.29389" lon="7.18006"><ele>195</ele></trkpt>
    <trkpt lat="61.29405" lon="7.17908"><ele>194</ele></trkpt>
    <trkpt lat="61.29404" lon="7.17811"><ele>189</ele></trkpt>
    <trkpt lat="61.29384" lon="7.17672"><ele>183</ele></trkpt>
    <trkpt lat="61.29375" lon="7.17565"><ele>182</ele></trkpt>
    <trkpt lat="61.29373" lon="7.17424"><ele>183</ele></trkpt>
    <trkpt lat="61.29364" lon="7.17324"><ele>181</ele></trkpt>
    <trkpt lat="61.29324" lon="7.17188"><ele>179</ele></trkpt>
    <trkpt lat="61.29302" lon="7.17089"><ele>180</ele></trkpt>
    <trkpt lat="61.29285" lon="7.16922"><ele>179</ele></trkpt>
    <trkpt lat="61.29285" lon="7.16720"><ele>176</ele></trkpt>
    <trkpt lat="61.29277" lon="7.16618"><ele>175</ele></trkpt>
    <trkpt lat="61.29250" lon="7.16532"><ele>177</ele></trkpt>
    <trkpt lat="61.29208" lon="7.16479"><ele>177</ele></trkpt>
    <trkpt lat="61.29133" lon="7.16456"><ele>179</ele></trkpt>
    <trkpt lat="61.29087" lon="7.16430"><ele>174</ele></trkpt>
    <trkpt lat="61.29033" lon="7.16364"><ele>192</ele></trkpt>
    <trkpt lat="61.28998" lon="7.16297"><ele>176</ele></trkpt>
    <trkpt lat="61.28958" lon="7.16157"><ele>165</ele></trkpt>
    <trkpt lat="61.28927" lon="7.16085"><ele>161</ele></trkpt>
    <trkpt lat="61.28878" lon="7.16061"><ele>164</ele></trkpt>
    <trkpt lat="61.28833" lon="7.16079"><ele>164</ele></trkpt>
    <trkpt lat="61.28782" lon="7.16153"><ele>160</ele></trkpt>
    <trkpt lat="61.28745" lon="7.16218"><ele>157</ele></trkpt>
    <trkpt lat="61.28702" lon="7.16253"><ele>155</ele></trkpt>
    <trkpt lat="61.28656" lon="7.16255"><ele>155</ele></trkpt>
    <trkpt lat="61.28608" lon="7.16280"><ele>153</ele></trkpt>
    <trkpt lat="61.28568" lon="7.16350"><ele>151</ele></trkpt>
    <trkpt lat="61.28524" lon="7.16399"><ele>146</ele></trkpt>
    <trkpt lat="61.28468" lon="7.16405"><ele>142</ele></trkpt>
    <trkpt lat="61.28422" lon="7.16383"><ele>140</ele></trkpt>
    <trkpt lat="61.28368" lon="7.16377"><ele>138</ele></trkpt>
    <trkpt lat="61.28310" lon="7.16417"><ele>132</ele></trkpt>
    <trkpt lat="61.28267" lon="7.16446"><ele>128</ele></trkpt>
    <trkpt lat="61.28218" lon="7.16447"><ele>128</ele></trkpt>
    <trkpt lat="61.28168" lon="7.16423"><ele>125</ele></trkpt>
    <trkpt lat="61.28116" lon="7.16430"><ele>122</ele></trkpt>
    <trkpt lat="61.28063" lon="7.16461"><ele>116</ele></trkpt>
    <trkpt lat="61.28012" lon="7.16487"><ele>112</ele></trkpt>
    <trkpt lat="61.27962" lon="7.16499"><ele>110</ele></trkpt>
    <trkpt lat="61.27908" lon="7.16487"><ele>108</ele></trkpt>
    <trkpt lat="61.27858" lon="7.16446"><ele>105</ele></trkpt>
    <trkpt lat="61.27820" lon="7.16382"><ele>104</ele></trkpt>
    <trkpt lat="61.27798" lon="7.16293"><ele>102</ele></trkpt>
    <trkpt lat="61.27769" lon="7.16209"><ele>96</ele></trkpt>
    <trkpt lat="61.27752" lon="7.16104"><ele>93</ele></trkpt>
    <trkpt lat="61.27765" lon="7.16006"><ele>89</ele></trkpt>
    <trkpt lat="61.27803" lon="7.15933"><ele>89</ele></trkpt>
    <trkpt lat="61.27843" lon="7.15883"><ele>86</ele></trkpt>
    <trkpt lat="61.27871" lon="7.15791"><ele>82</ele></trkpt>
    <trkpt lat="61.27869" lon="7.15683"><ele>82</ele></trkpt>
    <trkpt lat="61.27852" lon="7.15586"><ele>80</ele></trkpt>
    <trkpt lat="61.27815" lon="7.15483"><ele>74</ele></trkpt>
    <trkpt lat="61.27778" lon="7.15399"><ele>71</ele></trkpt>
    <trkpt lat="61.27732" lon="7.15341"><ele>69</ele></trkpt>
    <trkpt lat="61.27673" lon="7.15328"><ele>64</ele></trkpt>
    <trkpt lat="61.27619" lon="7.15314"><ele>61</ele></trkpt>
    <trkpt lat="61.27565" lon="7.15304"><ele>62</ele></trkpt>
    <trkpt lat="61.27509" lon="7.15323"><ele>56</ele></trkpt>
    <trkpt lat="61.27445" lon="7.15371"><ele>53</ele></trkpt>
    <trkpt lat="61.27384" lon="7.15423"><ele>49</ele></trkpt>
    <trkpt lat="61.27336" lon="7.15462"><ele>47</ele></trkpt>
    <trkpt lat="61.27281" lon="7.15507"><ele>43</ele></trkpt>
    <trkpt lat="61.27230" lon="7.15542"><ele>39</ele></trkpt>
    <trkpt lat="61.27181" lon="7.15562"><ele>41</ele></trkpt>
    <trkpt lat="61.27119" lon="7.15594"><ele>75</ele></trkpt>
    <trkpt lat="61.27061" lon="7.15639"><ele>94</ele></trkpt>
    <trkpt lat="61.26997" lon="7.15708"><ele>101</ele></trkpt>
    <trkpt lat="61.26894" lon="7.15855"><ele>52</ele></trkpt>
    <trkpt lat="61.26841" lon="7.15921"><ele>21</ele></trkpt>
    <trkpt lat="61.26787" lon="7.15972"><ele>13</ele></trkpt>
    <trkpt lat="61.26707" lon="7.16045"><ele>7</ele></trkpt>
    <trkpt lat="61.26662" lon="7.16071"><ele>6</ele></trkpt>
    <trkpt lat="61.26597" lon="7.16076"><ele>2</ele></trkpt>
    <trkpt lat="61.26546" lon="7.16088"><ele>1</ele></trkpt>
    <trkpt lat="61.26498" lon="7.16123"><ele>2</ele></trkpt>
    <trkpt lat="61.26447" lon="7.16184"><ele>2</ele></trkpt>
    <trkpt lat="61.26405" lon="7.16218"><ele>3</ele></trkpt>
    <trkpt lat="61.26355" lon="7.16202"><ele>3</ele></trkpt>
    <trkpt lat="61.26308" lon="7.16145"><ele>4</ele></trkpt>
    <trkpt lat="61.26267" lon="7.16108"><ele>5</ele></trkpt>
    <trkpt lat="61.26222" lon="7.16106"><ele>2</ele></trkpt>
    <trkpt lat="61.26171" lon="7.16138"><ele>5</ele></trkpt>
    <trkpt lat="61.26121" lon="7.16142"><ele>7</ele></trkpt>
    <trkpt lat="61.26076" lon="7.16101"><ele>7</ele></trkpt>
    <trkpt lat="61.26036" lon="7.16014"><ele>6</ele></trkpt>
    <trkpt lat="61.26012" lon="7.15918"><ele>5</ele></trkpt>
    <trkpt lat="61.26000" lon="7.15805"><ele>5</ele></trkpt>
    <trkpt lat="61.25995" lon="7.15704"><ele>5</ele></trkpt>
    <trkpt lat="61.25984" lon="7.15613"><ele>5</ele></trkpt>
    <trkpt lat="61.25961" lon="7.15519"><ele>5</ele></trkpt>
    <trkpt lat="61.25942" lon="7.15423"><ele>4</ele></trkpt>
    <trkpt lat="61.25932" lon="7.15303"><ele>4</ele></trkpt>
    <trkpt lat="61.25933" lon="7.15156"><ele>4</ele></trkpt>
    <trkpt lat="61.25937" lon="7.15055"><ele>4</ele></trkpt>
    <trkpt lat="61.25967" lon="7.14908"><ele>4</ele></trkpt>
    <trkpt lat="61.25993" lon="7.14792"><ele>5</ele></trkpt>
    <trkpt lat="61.26006" lon="7.14686"><ele>4</ele></trkpt>
    <trkpt lat="61.26002" lon="7.14570"><ele>5</ele></trkpt>
    <trkpt lat="61.25985" lon="7.14468"><ele>7</ele></trkpt>
    <trkpt lat="61.25963" lon="7.14373"><ele>7</ele></trkpt>
    <trkpt lat="61.25937" lon="7.14268"><ele>8</ele></trkpt>
    <trkpt lat="61.25912" lon="7.14187"><ele>9</ele></trkpt>
    <trkpt lat="61.25874" lon="7.14087"><ele>8</ele></trkpt>
    <trkpt lat="61.25847" lon="7.14004"><ele>7</ele></trkpt>
    <trkpt lat="61.25808" lon="7.13847"><ele>7</ele></trkpt>
    <trkpt lat="61.25784" lon="7.13740"><ele>6</ele></trkpt>
    <trkpt lat="61.25757" lon="7.13630"><ele>5</ele></trkpt>
    <trkpt lat="61.25732" lon="7.13536"><ele>5</ele></trkpt>
    <trkpt lat="61.25709" lon="7.13434"><ele>6</ele></trkpt>
    <trkpt lat="61.25686" lon="7.13334"><ele>4</ele></trkpt>
    <trkpt lat="61.25655" lon="7.13254"><ele>4</ele></trkpt>
    <trkpt lat="61.25610" lon="7.13169"><ele>6</ele></trkpt>
    <trkpt lat="61.25568" lon="7.13077"><ele>6</ele></trkpt>
    <trkpt lat="61.25534" lon="7.12990"><ele>9</ele></trkpt>
    <trkpt lat="61.25505" lon="7.12906"><ele>7</ele></trkpt>
    <trkpt lat="61.25472" lon="7.12824"><ele>5</ele></trkpt>
    <trkpt lat="61.25424" lon="7.12776"><ele>4</ele></trkpt>
    <trkpt lat="61.25376" lon="7.12779"><ele>3</ele></trkpt>
    <trkpt lat="61.25333" lon="7.12824"><ele>2</ele></trkpt>
    <trkpt lat="61.25292" lon="7.12901"><ele>5</ele></trkpt>
    <trkpt lat="61.25244" lon="7.12943"><ele>6</ele></trkpt>
    <trkpt lat="61.25197" lon="7.12933"><ele>7</ele></trkpt>
    <trkpt lat="61.25152" lon="7.12900"><ele>5</ele></trkpt>
    <trkpt lat="61.25107" lon="7.12843"><ele>4</ele></trkpt>
    <trkpt lat="61.25066" lon="7.12763"><ele>4</ele></trkpt>
    <trkpt lat="61.25023" lon="7.12641"><ele>5</ele></trkpt>
    <trkpt lat="61.24982" lon="7.12513"><ele>6</ele></trkpt>
    <trkpt lat="61.24958" lon="7.12433"><ele>5</ele></trkpt>
    <trkpt lat="61.24939" lon="7.12347"><ele>4</ele></trkpt>
    <trkpt lat="61.24927" lon="7.12241"><ele>4</ele></trkpt>
    <trkpt lat="61.24924" lon="7.12140"><ele>4</ele></trkpt>
    <trkpt lat="61.24927" lon="7.12034"><ele>4</ele></trkpt>
    <trkpt lat="61.24928" lon="7.11916"><ele>5</ele></trkpt>
    <trkpt lat="61.24922" lon="7.11819"><ele>4</ele></trkpt>
    <trkpt lat="61.24899" lon="7.11721"><ele>5</ele></trkpt>
    <trkpt lat="61.24859" lon="7.11649"><ele>6</ele></trkpt>
    <trkpt lat="61.24820" lon="7.11577"><ele>5</ele></trkpt>
    <trkpt lat="61.24793" lon="7.11502"><ele>5</ele></trkpt>
    <trkpt lat="61.24769" lon="7.11414"><ele>5</ele></trkpt>
    <trkpt lat="61.24738" lon="7.11327"><ele>4</ele></trkpt>
    <trkpt lat="61.24702" lon="7.11256"><ele>4</ele></trkpt>
    <trkpt lat="61.24660" lon="7.11210"><ele>3</ele></trkpt>
    <trkpt lat="61.24591" lon="7.11170"><ele>4</ele></trkpt>
    <trkpt lat="61.24539" lon="7.11148"><ele>4</ele></trkpt>
    <trkpt lat="61.24494" lon="7.11144"><ele>5</ele></trkpt>
    <trkpt lat="61.24448" lon="7.11157"><ele>6</ele></trkpt>
    <trkpt lat="61.24393" lon="7.11170"><ele>6</ele></trkpt>
    <trkpt lat="61.24334" lon="7.11168"><ele>4</ele></trkpt>
    <trkpt lat="61.24277" lon="7.11172"><ele>3</ele></trkpt>
    <trkpt lat="61.24220" lon="7.11188"><ele>4</ele></trkpt>
    <trkpt lat="61.24176" lon="7.11210"><ele>5</ele></trkpt>
    <trkpt lat="61.24115" lon="7.11249"><ele>3</ele></trkpt>
    <trkpt lat="61.24065" lon="7.11282"><ele>5</ele></trkpt>
    <trkpt lat="61.24022" lon="7.11311"><ele>4</ele></trkpt>
    <trkpt lat="61.23954" lon="7.11356"><ele>3</ele></trkpt>
    <trkpt lat="61.23901" lon="7.11395"><ele>4</ele></trkpt>
    <trkpt lat="61.23853" lon="7.11441"><ele>5</ele></trkpt>
    <trkpt lat="61.23806" lon="7.11503"><ele>4</ele></trkpt>
    <trkpt lat="61.23768" lon="7.11574"><ele>6</ele></trkpt>
    <trkpt lat="61.23728" lon="7.11645"><ele>6</ele></trkpt>
    <trkpt lat="61.23681" lon="7.11682"><ele>6</ele></trkpt>
    <trkpt lat="61.23609" lon="7.11666"><ele>7</ele></trkpt>
    <trkpt lat="61.23559" lon="7.11667"><ele>5</ele></trkpt>
    <trkpt lat="61.23513" lon="7.11718"><ele>6</ele></trkpt>
    <trkpt lat="61.23477" lon="7.11778"><ele>3</ele></trkpt>
    <trkpt lat="61.23440" lon="7.11841"><ele>3</ele></trkpt>
    <trkpt lat="61.23398" lon="7.11899"><ele>5</ele></trkpt>
    <trkpt lat="61.23349" lon="7.11912"><ele>5</ele></trkpt>
    <trkpt lat="61.23306" lon="7.11884"><ele>4</ele></trkpt>
    <trkpt lat="61.23259" lon="7.11851"><ele>4</ele></trkpt>
    <trkpt lat="61.23186" lon="7.11840"><ele>6</ele></trkpt>
    <trkpt lat="61.23144" lon="7.11802"><ele>4</ele></trkpt>
    <trkpt lat="61.23122" lon="7.11907"><ele>1</ele></trkpt>
    <trkpt lat="61.23058" lon="7.12213"><ele>0</ele></trkpt>
    <trkpt lat="61.23036" lon="7.12304"><ele>1</ele></trkpt>
    <trkpt lat="61.22999" lon="7.12390"><ele>3</ele></trkpt>
    <trkpt lat="61.22949" lon="7.12451"><ele>4</ele></trkpt>
    <trkpt lat="61.22893" lon="7.12506"><ele>4</ele></trkpt>
    <trkpt lat="61.22849" lon="7.12535"><ele>3</ele></trkpt>
    <trkpt lat="61.22799" lon="7.12536"><ele>5</ele></trkpt>
    <trkpt lat="61.22738" lon="7.12518"><ele>5</ele></trkpt>
    <trkpt lat="61.22681" lon="7.12516"><ele>4</ele></trkpt>
    <trkpt lat="61.22627" lon="7.12540"><ele>2</ele></trkpt>
    <trkpt lat="61.22581" lon="7.12566"><ele>4</ele></trkpt>
    <trkpt lat="61.22510" lon="7.12606"><ele>4</ele></trkpt>
    <trkpt lat="61.22464" lon="7.12627"><ele>4</ele></trkpt>
    <trkpt lat="61.22403" lon="7.12639"><ele>4</ele></trkpt>
    <trkpt lat="61.22357" lon="7.12632"><ele>4</ele></trkpt>
    <trkpt lat="61.22303" lon="7.12617"><ele>7</ele></trkpt>
    <trkpt lat="61.22250" lon="7.12602"><ele>8</ele></trkpt>
    <trkpt lat="61.22197" lon="7.12599"><ele>11</ele></trkpt>
    <trkpt lat="61.22140" lon="7.12607"><ele>10</ele></trkpt>
    <trkpt lat="61.22079" lon="7.12615"><ele>12</ele></trkpt>
    <trkpt lat="61.21994" lon="7.12625"><ele>14</ele></trkpt>
    <trkpt lat="61.21926" lon="7.12634"><ele>15</ele></trkpt>
    <trkpt lat="61.21872" lon="7.12639"><ele>16</ele></trkpt>
    <trkpt lat="61.21820" lon="7.12636"><ele>17</ele></trkpt>
    <trkpt lat="61.21772" lon="7.12622"><ele>18</ele></trkpt>
    <trkpt lat="61.21728" lon="7.12596"><ele>18</ele></trkpt>
    <trkpt lat="61.21676" lon="7.12558"><ele>19</ele></trkpt>
    <trkpt lat="61.21609" lon="7.12506"><ele>23</ele></trkpt>
    <trkpt lat="61.21568" lon="7.12463"><ele>27</ele></trkpt>
    <trkpt lat="61.21525" lon="7.12398"><ele>29</ele></trkpt>
    <trkpt lat="61.21476" lon="7.12347"><ele>32</ele></trkpt>
    <trkpt lat="61.21411" lon="7.12331"><ele>37</ele></trkpt>
    <trkpt lat="61.21363" lon="7.12315"><ele>39</ele></trkpt>
    <trkpt lat="61.21313" lon="7.12280"><ele>41</ele></trkpt>
    <trkpt lat="61.21268" lon="7.12274"><ele>44</ele></trkpt>
    <trkpt lat="61.21209" lon="7.12291"><ele>50</ele></trkpt>
    <trkpt lat="61.21163" lon="7.12322"><ele>55</ele></trkpt>
    <trkpt lat="61.21128" lon="7.12393"><ele>58</ele></trkpt>
    <trkpt lat="61.21109" lon="7.12481"><ele>60</ele></trkpt>
    <trkpt lat="61.21102" lon="7.12576"><ele>63</ele></trkpt>
    <trkpt lat="61.21108" lon="7.12718"><ele>67</ele></trkpt>
    <trkpt lat="61.21117" lon="7.12812"><ele>69</ele></trkpt>
    <trkpt lat="61.21125" lon="7.12908"><ele>72</ele></trkpt>
    <trkpt lat="61.21139" lon="7.13006"><ele>75</ele></trkpt>
    <trkpt lat="61.21156" lon="7.13095"><ele>75</ele></trkpt>
    <trkpt lat="61.21187" lon="7.13235"><ele>74</ele></trkpt>
    <trkpt lat="61.21206" lon="7.13346"><ele>76</ele></trkpt>
    <trkpt lat="61.21223" lon="7.13485"><ele>82</ele></trkpt>
    <trkpt lat="61.21244" lon="7.13594"><ele>87</ele></trkpt>
    <trkpt lat="61.21278" lon="7.13714"><ele>90</ele></trkpt>
    <trkpt lat="61.21298" lon="7.13802"><ele>92</ele></trkpt>
    <trkpt lat="61.21304" lon="7.13928"><ele>95</ele></trkpt>
    <trkpt lat="61.21299" lon="7.14031"><ele>100</ele></trkpt>
    <trkpt lat="61.21285" lon="7.14143"><ele>105</ele></trkpt>
    <trkpt lat="61.21266" lon="7.14236"><ele>107</ele></trkpt>
    <trkpt lat="61.21210" lon="7.14361"><ele>111</ele></trkpt>
    <trkpt lat="61.21166" lon="7.14459"><ele>114</ele></trkpt>
    <trkpt lat="61.21137" lon="7.14570"><ele>120</ele></trkpt>
    <trkpt lat="61.21124" lon="7.14675"><ele>121</ele></trkpt>
    <trkpt lat="61.21117" lon="7.14789"><ele>119</ele></trkpt>
    <trkpt lat="61.21098" lon="7.14899"><ele>116</ele></trkpt>
    <trkpt lat="61.21063" lon="7.15033"><ele>116</ele></trkpt>
    <trkpt lat="61.21032" lon="7.15154"><ele>114</ele></trkpt>
    <trkpt lat="61.21002" lon="7.15272"><ele>115</ele></trkpt>
    <trkpt lat="61.20985" lon="7.15362"><ele>117</ele></trkpt>
    <trkpt lat="61.20970" lon="7.15450"><ele>111</ele></trkpt>
    <trkpt lat="61.20946" lon="7.15547"><ele>113</ele></trkpt>
    <trkpt lat="61.20918" lon="7.15625"><ele>112</ele></trkpt>
    <trkpt lat="61.20882" lon="7.15698"><ele>118</ele></trkpt>
    <trkpt lat="61.20852" lon="7.15777"><ele>121</ele></trkpt>
    <trkpt lat="61.20825" lon="7.15862"><ele>122</ele></trkpt>
    <trkpt lat="61.20787" lon="7.15952"><ele>127</ele></trkpt>
    <trkpt lat="61.20752" lon="7.16036"><ele>127</ele></trkpt>
    <trkpt lat="61.20721" lon="7.16167"><ele>126</ele></trkpt>
    <trkpt lat="61.20701" lon="7.16265"><ele>128</ele></trkpt>
    <trkpt lat="61.20685" lon="7.16363"><ele>130</ele></trkpt>
    <trkpt lat="61.20670" lon="7.16472"><ele>131</ele></trkpt>
    <trkpt lat="61.20661" lon="7.16575"><ele>129</ele></trkpt>
    <trkpt lat="61.20654" lon="7.16696"><ele>131</ele></trkpt>
    <trkpt lat="61.20639" lon="7.16958"><ele>135</ele></trkpt>
    <trkpt lat="61.20640" lon="7.17057"><ele>138</ele></trkpt>
    <trkpt lat="61.20655" lon="7.17152"><ele>140</ele></trkpt>
    <trkpt lat="61.20677" lon="7.17238"><ele>139</ele></trkpt>
    <trkpt lat="61.20715" lon="7.17328"><ele>143</ele></trkpt>
    <trkpt lat="61.20766" lon="7.17412"><ele>144</ele></trkpt>
    <trkpt lat="61.20793" lon="7.17487"><ele>148</ele></trkpt>
    <trkpt lat="61.20822" lon="7.17686"><ele>155</ele></trkpt>
    <trkpt lat="61.20838" lon="7.17816"><ele>158</ele></trkpt>
    <trkpt lat="61.20853" lon="7.17934"><ele>164</ele></trkpt>
    <trkpt lat="61.20853" lon="7.18046"><ele>167</ele></trkpt>
    <trkpt lat="61.20840" lon="7.18152"><ele>169</ele></trkpt>
    <trkpt lat="61.20818" lon="7.18293"><ele>178</ele></trkpt>
    <trkpt lat="61.20796" lon="7.18426"><ele>180</ele></trkpt>
    <trkpt lat="61.20774" lon="7.18561"><ele>183</ele></trkpt>
    <trkpt lat="61.20755" lon="7.18679"><ele>186</ele></trkpt>
    <trkpt lat="61.20741" lon="7.18773"><ele>186</ele></trkpt>
    <trkpt lat="61.20699" lon="7.19043"><ele>184</ele></trkpt>
    <trkpt lat="61.20649" lon="7.19369"><ele>181</ele></trkpt>
    <trkpt lat="61.20627" lon="7.19513"><ele>182</ele></trkpt>
    <trkpt lat="61.20596" lon="7.19713"><ele>180</ele></trkpt>
    <trkpt lat="61.20569" lon="7.19892"><ele>182</ele></trkpt>
    <trkpt lat="61.20549" lon="7.19995"><ele>184</ele></trkpt>
    <trkpt lat="61.20480" lon="7.20177"><ele>181</ele></trkpt>
    <trkpt lat="61.20399" lon="7.20387"><ele>180</ele></trkpt>
    <trkpt lat="61.20331" lon="7.20562"><ele>178</ele></trkpt>
    <trkpt lat="61.20272" lon="7.20718"><ele>174</ele></trkpt>
    <trkpt lat="61.20124" lon="7.21099"><ele>172</ele></trkpt>
    <trkpt lat="61.19996" lon="7.21423"><ele>167</ele></trkpt>
    <trkpt lat="61.19953" lon="7.21497"><ele>166</ele></trkpt>
    <trkpt lat="61.19833" lon="7.21574"><ele>156</ele></trkpt>
    <trkpt lat="61.19778" lon="7.21624"><ele>153</ele></trkpt>
    <trkpt lat="61.19705" lon="7.21742"><ele>150</ele></trkpt>
    <trkpt lat="61.19668" lon="7.21807"><ele>148</ele></trkpt>
    <trkpt lat="61.19617" lon="7.21892"><ele>147</ele></trkpt>
    <trkpt lat="61.19571" lon="7.21968"><ele>146</ele></trkpt>
    <trkpt lat="61.19529" lon="7.22028"><ele>145</ele></trkpt>
    <trkpt lat="61.19470" lon="7.22089"><ele>143</ele></trkpt>
    <trkpt lat="61.19420" lon="7.22126"><ele>141</ele></trkpt>
    <trkpt lat="61.19376" lon="7.22148"><ele>141</ele></trkpt>
    <trkpt lat="61.19313" lon="7.22169"><ele>139</ele></trkpt>
    <trkpt lat="61.19262" lon="7.22187"><ele>139</ele></trkpt>
    <trkpt lat="61.19211" lon="7.22213"><ele>139</ele></trkpt>
    <trkpt lat="61.19163" lon="7.22247"><ele>139</ele></trkpt>
    <trkpt lat="61.19122" lon="7.22285"><ele>138</ele></trkpt>
    <trkpt lat="61.19075" lon="7.22340"><ele>142</ele></trkpt>
    <trkpt lat="61.19024" lon="7.22412"><ele>145</ele></trkpt>
    <trkpt lat="61.18982" lon="7.22489"><ele>149</ele></trkpt>
    <trkpt lat="61.18951" lon="7.22556"><ele>152</ele></trkpt>
    <trkpt lat="61.18915" lon="7.22649"><ele>153</ele></trkpt>
    <trkpt lat="61.18888" lon="7.22741"><ele>153</ele></trkpt>
    <trkpt lat="61.18865" lon="7.22839"><ele>154</ele></trkpt>
    <trkpt lat="61.18848" lon="7.22934"><ele>154</ele></trkpt>
    <trkpt lat="61.18835" lon="7.23043"><ele>151</ele></trkpt>
    <trkpt lat="61.18828" lon="7.23159"><ele>148</ele></trkpt>
    <trkpt lat="61.18825" lon="7.23358"><ele>149</ele></trkpt>
    <trkpt lat="61.18824" lon="7.23453"><ele>148</ele></trkpt>
    <trkpt lat="61.18817" lon="7.23618"><ele>147</ele></trkpt>
    <trkpt lat="61.18811" lon="7.23719"><ele>150</ele></trkpt>
    <trkpt lat="61.18803" lon="7.23813"><ele>151</ele></trkpt>
    <trkpt lat="61.18781" lon="7.24026"><ele>147</ele></trkpt>
    <trkpt lat="61.18761" lon="7.24195"><ele>150</ele></trkpt>
    <trkpt lat="61.18740" lon="7.24360"><ele>150</ele></trkpt>
    <trkpt lat="61.18719" lon="7.24510"><ele>147</ele></trkpt>
    <trkpt lat="61.18695" lon="7.24672"><ele>147</ele></trkpt>
    <trkpt lat="61.18671" lon="7.24827"><ele>146</ele></trkpt>
    <trkpt lat="61.18644" lon="7.24987"><ele>147</ele></trkpt>
    <trkpt lat="61.18613" lon="7.25164"><ele>145</ele></trkpt>
    <trkpt lat="61.18577" lon="7.25359"><ele>142</ele></trkpt>
    <trkpt lat="61.18546" lon="7.25516"><ele>141</ele></trkpt>
    <trkpt lat="61.18516" lon="7.25656"><ele>143</ele></trkpt>
    <trkpt lat="61.18481" lon="7.25818"><ele>146</ele></trkpt>
    <trkpt lat="61.18424" lon="7.26069"><ele>147</ele></trkpt>
    <trkpt lat="61.18389" lon="7.26238"><ele>143</ele></trkpt>
    <trkpt lat="61.18359" lon="7.26391"><ele>144</ele></trkpt>
    <trkpt lat="61.18322" lon="7.26599"><ele>145</ele></trkpt>
    <trkpt lat="61.18297" lon="7.26756"><ele>146</ele></trkpt>
    <trkpt lat="61.18280" lon="7.26870"><ele>146</ele></trkpt>
    <trkpt lat="61.18265" lon="7.26974"><ele>146</ele></trkpt>
    <trkpt lat="61.18250" lon="7.27087"><ele>146</ele></trkpt>
    <trkpt lat="61.18230" lon="7.27253"><ele>145</ele></trkpt>
    <trkpt lat="61.18216" lon="7.27386"><ele>145</ele></trkpt>
    <trkpt lat="61.18204" lon="7.27501"><ele>146</ele></trkpt>
    <trkpt lat="61.18194" lon="7.27617"><ele>148</ele></trkpt>
    <trkpt lat="61.18185" lon="7.27725"><ele>150</ele></trkpt>
    <trkpt lat="61.18175" lon="7.27874"><ele>148</ele></trkpt>
    <trkpt lat="61.18169" lon="7.27977"><ele>148</ele></trkpt>
    <trkpt lat="61.18158" lon="7.28183"><ele>149</ele></trkpt>
    <trkpt lat="61.18154" lon="7.28300"><ele>147</ele></trkpt>
    <trkpt lat="61.18148" lon="7.28534"><ele>139</ele></trkpt>
    <trkpt lat="61.18147" lon="7.28663"><ele>140</ele></trkpt>
    <trkpt lat="61.18146" lon="7.28761"><ele>140</ele></trkpt>
    <trkpt lat="61.18147" lon="7.28870"><ele>141</ele></trkpt>
    <trkpt lat="61.18149" lon="7.29005"><ele>140</ele></trkpt>
    <trkpt lat="61.18148" lon="7.29137"><ele>140</ele></trkpt>
    <trkpt lat="61.18145" lon="7.29246"><ele>138</ele></trkpt>
    <trkpt lat="61.18137" lon="7.29375"><ele>134</ele></trkpt>
    <trkpt lat="61.18129" lon="7.29467"><ele>131</ele></trkpt>
    <trkpt lat="61.18115" lon="7.29581"><ele>130</ele></trkpt>
    <trkpt lat="61.18090" lon="7.29736"><ele>127</ele></trkpt>
    <trkpt lat="61.18066" lon="7.29853"><ele>126</ele></trkpt>
    <trkpt lat="61.18011" lon="7.30076"><ele>126</ele></trkpt>
    <trkpt lat="61.17968" lon="7.30237"><ele>137</ele></trkpt>
    <trkpt lat="61.17926" lon="7.30379"><ele>151</ele></trkpt>
    <trkpt lat="61.17899" lon="7.30461"><ele>164</ele></trkpt>
    <trkpt lat="61.17834" lon="7.30641"><ele>196</ele></trkpt>
    <trkpt lat="61.17768" lon="7.30813"><ele>224</ele></trkpt>
    <trkpt lat="61.17719" lon="7.30935"><ele>239</ele></trkpt>
    <trkpt lat="61.17620" lon="7.31182"><ele>277</ele></trkpt>
    <trkpt lat="61.17556" lon="7.31334"><ele>300</ele></trkpt>
    <trkpt lat="61.17512" lon="7.31436"><ele>307</ele></trkpt>
    <trkpt lat="61.17468" lon="7.31541"><ele>327</ele></trkpt>
    <trkpt lat="61.17390" lon="7.31720"><ele>369</ele></trkpt>
    <trkpt lat="61.17305" lon="7.31908"><ele>415</ele></trkpt>
    <trkpt lat="61.17197" lon="7.32142"><ele>480</ele></trkpt>
    <trkpt lat="61.17097" lon="7.32348"><ele>501</ele></trkpt>
    <trkpt lat="61.17018" lon="7.32510"><ele>527</ele></trkpt>
    <trkpt lat="61.16940" lon="7.32663"><ele>528</ele></trkpt>
    <trkpt lat="61.16900" lon="7.32742"><ele>538</ele></trkpt>
    <trkpt lat="61.16804" lon="7.32923"><ele>558</ele></trkpt>
    <trkpt lat="61.16742" lon="7.33039"><ele>590</ele></trkpt>
    <trkpt lat="61.16688" lon="7.33137"><ele>579</ele></trkpt>
    <trkpt lat="61.16610" lon="7.33277"><ele>563</ele></trkpt>
    <trkpt lat="61.16493" lon="7.33481"><ele>368</ele></trkpt>
    <trkpt lat="61.16453" lon="7.33537"><ele>310</ele></trkpt>
    <trkpt lat="61.16404" lon="7.33597"><ele>221</ele></trkpt>
    <trkpt lat="61.16358" lon="7.33628"><ele>178</ele></trkpt>
    <trkpt lat="61.16313" lon="7.33658"><ele>138</ele></trkpt>
    <trkpt lat="61.16248" lon="7.33745"><ele>72</ele></trkpt>
    <trkpt lat="61.16205" lon="7.33784"><ele>23</ele></trkpt>
    <trkpt lat="61.16154" lon="7.33775"><ele>6</ele></trkpt>
    <trkpt lat="61.16080" lon="7.33718"><ele>3</ele></trkpt>
    <trkpt lat="61.16035" lon="7.33688"><ele>2</ele></trkpt>
    <trkpt lat="61.15949" lon="7.33640"><ele>0</ele></trkpt>
    <trkpt lat="61.15871" lon="7.33630"><ele>0</ele></trkpt>
    <trkpt lat="61.15796" lon="7.33626"><ele>0</ele></trkpt>
    <trkpt lat="61.15720" lon="7.33643"><ele>0</ele></trkpt>
    <trkpt lat="61.15633" lon="7.33695"><ele>0</ele></trkpt>
    <trkpt lat="61.15558" lon="7.33772"><ele>0</ele></trkpt>
    <trkpt lat="61.15482" lon="7.33901"><ele>0</ele></trkpt>
    <trkpt lat="61.15413" lon="7.34098"><ele>0</ele></trkpt>
    <trkpt lat="61.15351" lon="7.34338"><ele>0</ele></trkpt>
    <trkpt lat="61.15287" lon="7.34664"><ele>0</ele></trkpt>
    <trkpt lat="61.14972" lon="7.36595"><ele>0</ele></trkpt>
    <trkpt lat="61.14927" lon="7.36932"><ele>0</ele></trkpt>
    <trkpt lat="61.14890" lon="7.37274"><ele>0</ele></trkpt>
    <trkpt lat="61.14865" lon="7.37630"><ele>0</ele></trkpt>
    <trkpt lat="61.14852" lon="7.37904"><ele>0</ele></trkpt>
    <trkpt lat="61.14870" lon="7.38317"><ele>1</ele></trkpt>
    <trkpt lat="61.14881" lon="7.38479"><ele>8</ele></trkpt>
    <trkpt lat="61.14892" lon="7.38584"><ele>8</ele></trkpt>
    <trkpt lat="61.14911" lon="7.38714"><ele>10</ele></trkpt>
    <trkpt lat="61.14931" lon="7.38835"><ele>12</ele></trkpt>
    <trkpt lat="61.14957" lon="7.39006"><ele>11</ele></trkpt>
    <trkpt lat="61.14974" lon="7.39151"><ele>8</ele></trkpt>
    <trkpt lat="61.14992" lon="7.39417"><ele>11</ele></trkpt>
    <trkpt lat="61.15001" lon="7.39527"><ele>9</ele></trkpt>
    <trkpt lat="61.15013" lon="7.39661"><ele>10</ele></trkpt>
    <trkpt lat="61.15027" lon="7.39809"><ele>13</ele></trkpt>
    <trkpt lat="61.15037" lon="7.39951"><ele>17</ele></trkpt>
    <trkpt lat="61.15042" lon="7.40102"><ele>20</ele></trkpt>
    <trkpt lat="61.15042" lon="7.40336"><ele>25</ele></trkpt>
    <trkpt lat="61.15043" lon="7.40431"><ele>29</ele></trkpt>
    <trkpt lat="61.15054" lon="7.40569"><ele>33</ele></trkpt>
    <trkpt lat="61.15071" lon="7.40738"><ele>41</ele></trkpt>
    <trkpt lat="61.15081" lon="7.40934"><ele>47</ele></trkpt>
    <trkpt lat="61.15093" lon="7.41068"><ele>52</ele></trkpt>
    <trkpt lat="61.15105" lon="7.41174"><ele>55</ele></trkpt>
    <trkpt lat="61.15124" lon="7.41280"><ele>55</ele></trkpt>
    <trkpt lat="61.15147" lon="7.41388"><ele>56</ele></trkpt>
    <trkpt lat="61.15167" lon="7.41502"><ele>61</ele></trkpt>
    <trkpt lat="61.15176" lon="7.41594"><ele>77</ele></trkpt>
    <trkpt lat="61.15178" lon="7.41705"><ele>91</ele></trkpt>
    <trkpt lat="61.15172" lon="7.41816"><ele>103</ele></trkpt>
    <trkpt lat="61.15156" lon="7.41922"><ele>116</ele></trkpt>
    <trkpt lat="61.15132" lon="7.42022"><ele>134</ele></trkpt>
    <trkpt lat="61.15100" lon="7.42112"><ele>154</ele></trkpt>
    <trkpt lat="61.15064" lon="7.42193"><ele>190</ele></trkpt>
    <trkpt lat="61.14965" lon="7.42382"><ele>315</ele></trkpt>
    <trkpt lat="61.14885" lon="7.42531"><ele>360</ele></trkpt>
    <trkpt lat="61.14803" lon="7.42677"><ele>402</ele></trkpt>
    <trkpt lat="61.14721" lon="7.42821"><ele>468</ele></trkpt>
    <trkpt lat="61.14630" lon="7.42977"><ele>554</ele></trkpt>
    <trkpt lat="61.14589" lon="7.43047"><ele>596</ele></trkpt>
    <trkpt lat="61.14470" lon="7.43242"><ele>702</ele></trkpt>
    <trkpt lat="61.14385" lon="7.43378"><ele>772</ele></trkpt>
    <trkpt lat="61.14299" lon="7.43512"><ele>817</ele></trkpt>
    <trkpt lat="61.14212" lon="7.43644"><ele>868</ele></trkpt>
    <trkpt lat="61.14124" lon="7.43773"><ele>907</ele></trkpt>
    <trkpt lat="61.14036" lon="7.43901"><ele>956</ele></trkpt>
    <trkpt lat="61.13947" lon="7.44026"><ele>1005</ele></trkpt>
    <trkpt lat="61.13857" lon="7.44148"><ele>1053</ele></trkpt>
    <trkpt lat="61.13767" lon="7.44269"><ele>1085</ele></trkpt>
    <trkpt lat="61.13676" lon="7.44388"><ele>1104</ele></trkpt>
    <trkpt lat="61.13584" lon="7.44504"><ele>1120</ele></trkpt>
    <trkpt lat="61.13491" lon="7.44618"><ele>1119</ele></trkpt>
    <trkpt lat="61.13398" lon="7.44729"><ele>1100</ele></trkpt>
    <trkpt lat="61.13304" lon="7.44838"><ele>1081</ele></trkpt>
    <trkpt lat="61.13209" lon="7.44945"><ele>1057</ele></trkpt>
    <trkpt lat="61.13114" lon="7.45050"><ele>1032</ele></trkpt>
    <trkpt lat="61.13019" lon="7.45152"><ele>1016</ele></trkpt>
    <trkpt lat="61.12922" lon="7.45252"><ele>1008</ele></trkpt>
    <trkpt lat="61.12398" lon="7.45779"><ele>975</ele></trkpt>
    <trkpt lat="61.12253" lon="7.45926"><ele>960</ele></trkpt>
    <trkpt lat="61.12116" lon="7.46067"><ele>945</ele></trkpt>
    <trkpt lat="61.11981" lon="7.46211"><ele>915</ele></trkpt>
    <trkpt lat="61.11845" lon="7.46357"><ele>859</ele></trkpt>
    <trkpt lat="61.11711" lon="7.46506"><ele>754</ele></trkpt>
    <trkpt lat="61.11577" lon="7.46657"><ele>717</ele></trkpt>
    <trkpt lat="61.11444" lon="7.46810"><ele>678</ele></trkpt>
    <trkpt lat="61.11311" lon="7.46965"><ele>617</ele></trkpt>
    <trkpt lat="61.11150" lon="7.47158"><ele>518</ele></trkpt>
    <trkpt lat="61.11102" lon="7.47214"><ele>496</ele></trkpt>
    <trkpt lat="61.10751" lon="7.47634"><ele>327</ele></trkpt>
    <trkpt lat="61.10696" lon="7.47694"><ele>314</ele></trkpt>
    <trkpt lat="61.10646" lon="7.47738"><ele>259</ele></trkpt>
    <trkpt lat="61.10595" lon="7.47769"><ele>138</ele></trkpt>
    <trkpt lat="61.10542" lon="7.47787"><ele>91</ele></trkpt>
    <trkpt lat="61.10488" lon="7.47792"><ele>69</ele></trkpt>
    <trkpt lat="61.10434" lon="7.47783"><ele>61</ele></trkpt>
    <trkpt lat="61.10381" lon="7.47761"><ele>46</ele></trkpt>
    <trkpt lat="61.10330" lon="7.47727"><ele>31</ele></trkpt>
    <trkpt lat="61.10288" lon="7.47686"><ele>14</ele></trkpt>
    <trkpt lat="61.10245" lon="7.47634"><ele>0</ele></trkpt>
    <trkpt lat="61.10202" lon="7.47568"><ele>0</ele></trkpt>
    <trkpt lat="61.10162" lon="7.47496"><ele>2</ele></trkpt>
    <trkpt lat="61.10126" lon="7.47431"><ele>3</ele></trkpt>
    <trkpt lat="61.10057" lon="7.47321"><ele>2</ele></trkpt>
    <trkpt lat="61.10020" lon="7.47260"><ele>3</ele></trkpt>
    <trkpt lat="61.09974" lon="7.47228"><ele>2</ele></trkpt>
    <trkpt lat="61.09905" lon="7.47163"><ele>2</ele></trkpt>
    <trkpt lat="61.09856" lon="7.47114"><ele>2</ele></trkpt>
    <trkpt lat="61.09851" lon="7.47008"><ele>5</ele></trkpt>
    <trkpt lat="61.09889" lon="7.46909"><ele>4</ele></trkpt>
    <trkpt lat="61.09924" lon="7.46825"><ele>6</ele></trkpt>
    <trkpt lat="61.09978" lon="7.46734"><ele>6</ele></trkpt>
    <trkpt lat="61.10023" lon="7.46645"><ele>5</ele></trkpt>
    <trkpt lat="61.10045" lon="7.46563"><ele>4</ele></trkpt>
    <trkpt lat="61.10057" lon="7.46446"><ele>5</ele></trkpt>
    <trkpt lat="61.10066" lon="7.46342"><ele>4</ele></trkpt>
    <trkpt lat="61.10068" lon="7.46247"><ele>8</ele></trkpt>
    <trkpt lat="61.10112" lon="7.46106"><ele>6</ele></trkpt>
    <trkpt lat="61.10144" lon="7.45979"><ele>5</ele></trkpt>
    <trkpt lat="61.10166" lon="7.45884"><ele>5</ele></trkpt>
    <trkpt lat="61.10194" lon="7.45809"><ele>7</ele></trkpt>
    <trkpt lat="61.10260" lon="7.45714"><ele>8</ele></trkpt>
    <trkpt lat="61.10325" lon="7.45638"><ele>11</ele></trkpt>
    <trkpt lat="61.10450" lon="7.45533"><ele>23</ele></trkpt>
    <trkpt lat="61.10502" lon="7.45461"><ele>9</ele></trkpt>
    <trkpt lat="61.10533" lon="7.45388"><ele>7</ele></trkpt>
    <trkpt lat="61.10562" lon="7.45270"><ele>7</ele></trkpt>
    <trkpt lat="61.10584" lon="7.45145"><ele>7</ele></trkpt>
    <trkpt lat="61.10603" lon="7.45028"><ele>9</ele></trkpt>
    <trkpt lat="61.10603" lon="7.44896"><ele>11</ele></trkpt>
    <trkpt lat="61.10556" lon="7.44698"><ele>4</ele></trkpt>
    <trkpt lat="61.10532" lon="7.44603"><ele>5</ele></trkpt>
    <trkpt lat="61.10519" lon="7.44489"><ele>5</ele></trkpt>
    <trkpt lat="61.10513" lon="7.44252"><ele>7</ele></trkpt>
    <trkpt lat="61.10506" lon="7.44150"><ele>8</ele></trkpt>
    <trkpt lat="61.10490" lon="7.44056"><ele>7</ele></trkpt>
    <trkpt lat="61.10461" lon="7.43966"><ele>9</ele></trkpt>
    <trkpt lat="61.10419" lon="7.43871"><ele>5</ele></trkpt>
    <trkpt lat="61.10392" lon="7.43770"><ele>4</ele></trkpt>
    <trkpt lat="61.10381" lon="7.43651"><ele>4</ele></trkpt>
    <trkpt lat="61.10355" lon="7.43410"><ele>3</ele></trkpt>
    <trkpt lat="61.10346" lon="7.43271"><ele>7</ele></trkpt>
    <trkpt lat="61.10330" lon="7.43174"><ele>9</ele></trkpt>
    <trkpt lat="61.10301" lon="7.43096"><ele>7</ele></trkpt>
    <trkpt lat="61.10182" lon="7.42918"><ele>7</ele></trkpt>
    <trkpt lat="61.10146" lon="7.42851"><ele>10</ele></trkpt>
    <trkpt lat="61.10128" lon="7.42757"><ele>12</ele></trkpt>
    <trkpt lat="61.10139" lon="7.42633"><ele>7</ele></trkpt>
    <trkpt lat="61.10218" lon="7.42424"><ele>4</ele></trkpt>
    <trkpt lat="61.10249" lon="7.42343"><ele>4</ele></trkpt>
    <trkpt lat="61.10260" lon="7.42317"><ele>3</ele></trkpt>
  </trkseg>
  <trkseg>
    <trkpt lat="61.10260" lon="7.42317"><ele>3</ele></trkpt>
    <trkpt lat="61.10199" lon="7.42259"><ele>7</ele></trkpt>
    <trkpt lat="61.10154" lon="7.42217"><ele>12</ele></trkpt>
    <trkpt lat="61.10124" lon="7.42115"><ele>15</ele></trkpt>
    <trkpt lat="61.10094" lon="7.42041"><ele>18</ele></trkpt>
    <trkpt lat="61.10065" lon="7.41961"><ele>19</ele></trkpt>
    <trkpt lat="61.10096" lon="7.41863"><ele>26</ele></trkpt>
    <trkpt lat="61.10039" lon="7.41834"><ele>36</ele></trkpt>
    <trkpt lat="61.09949" lon="7.41753"><ele>47</ele></trkpt>
    <trkpt lat="61.09908" lon="7.41695"><ele>52</ele></trkpt>
    <trkpt lat="61.09941" lon="7.41628"><ele>59</ele></trkpt>
    <trkpt lat="61.09864" lon="7.41529"><ele>72</ele></trkpt>
    <trkpt lat="61.09822" lon="7.41475"><ele>77</ele></trkpt>
    <trkpt lat="61.09780" lon="7.41424"><ele>84</ele></trkpt>
    <trkpt lat="61.09736" lon="7.41385"><ele>89</ele></trkpt>
    <trkpt lat="61.09675" lon="7.41362"><ele>94</ele></trkpt>
    <trkpt lat="61.09588" lon="7.41290"><ele>104</ele></trkpt>
    <trkpt lat="61.09539" lon="7.41236"><ele>109</ele></trkpt>
    <trkpt lat="61.09494" lon="7.41169"><ele>115</ele></trkpt>
    <trkpt lat="61.09447" lon="7.41099"><ele>123</ele></trkpt>
    <trkpt lat="61.09385" lon="7.41032"><ele>131</ele></trkpt>
    <trkpt lat="61.09316" lon="7.40920"><ele>142</ele></trkpt>
    <trkpt lat="61.09264" lon="7.40891"><ele>144</ele></trkpt>
    <trkpt lat="61.09209" lon="7.40802"><ele>153</ele></trkpt>
    <trkpt lat="61.09162" lon="7.40749"><ele>156</ele></trkpt>
    <trkpt lat="61.09110" lon="7.40717"><ele>161</ele></trkpt>
    <trkpt lat="61.09066" lon="7.40659"><ele>166</ele></trkpt>
    <trkpt lat="61.09028" lon="7.40586"><ele>174</ele></trkpt>
    <trkpt lat="61.08979" lon="7.40528"><ele>179</ele></trkpt>
    <trkpt lat="61.08900" lon="7.40447"><ele>188</ele></trkpt>
    <trkpt lat="61.08849" lon="7.40406"><ele>192</ele></trkpt>
    <trkpt lat="61.08799" lon="7.40363"><ele>198</ele></trkpt>
    <trkpt lat="61.08694" lon="7.40272"><ele>211</ele></trkpt>
    <trkpt lat="61.08647" lon="7.40234"><ele>218</ele></trkpt>
    <trkpt lat="61.08573" lon="7.40215"><ele>226</ele></trkpt>
    <trkpt lat="61.08515" lon="7.40213"><ele>230</ele></trkpt>
    <trkpt lat="61.08459" lon="7.40192"><ele>235</ele></trkpt>
    <trkpt lat="61.08400" lon="7.40094"><ele>244</ele></trkpt>
    <trkpt lat="61.08353" lon="7.40020"><ele>251</ele></trkpt>
    <trkpt lat="61.08250" lon="7.39933"><ele>262</ele></trkpt>
    <trkpt lat="61.08179" lon="7.39845"><ele>270</ele></trkpt>
    <trkpt lat="61.08139" lon="7.39792"><ele>276</ele></trkpt>
    <trkpt lat="61.08097" lon="7.39725"><ele>281</ele></trkpt>
    <trkpt lat="61.08051" lon="7.39610"><ele>291</ele></trkpt>
    <trkpt lat="61.08008" lon="7.39552"><ele>296</ele></trkpt>
    <trkpt lat="61.07950" lon="7.39499"><ele>302</ele></trkpt>
    <trkpt lat="61.07894" lon="7.39459"><ele>309</ele></trkpt>
    <trkpt lat="61.07832" lon="7.39445"><ele>314</ele></trkpt>
    <trkpt lat="61.07784" lon="7.39428"><ele>319</ele></trkpt>
    <trkpt lat="61.07741" lon="7.39366"><ele>326</ele></trkpt>
    <trkpt lat="61.07700" lon="7.39276"><ele>335</ele></trkpt>
    <trkpt lat="61.07614" lon="7.39248"><ele>342</ele></trkpt>
    <trkpt lat="61.07566" lon="7.39244"><ele>346</ele></trkpt>
    <trkpt lat="61.07481" lon="7.39081"><ele>359</ele></trkpt>
    <trkpt lat="61.07459" lon="7.38977"><ele>364</ele></trkpt>
    <trkpt lat="61.07442" lon="7.38871"><ele>371</ele></trkpt>
    <trkpt lat="61.07409" lon="7.38757"><ele>378</ele></trkpt>
    <trkpt lat="61.07369" lon="7.38615"><ele>387</ele></trkpt>
    <trkpt lat="61.07333" lon="7.38514"><ele>393</ele></trkpt>
    <trkpt lat="61.07302" lon="7.38427"><ele>398</ele></trkpt>
    <trkpt lat="61.07281" lon="7.38335"><ele>404</ele></trkpt>
    <trkpt lat="61.07256" lon="7.38243"><ele>406</ele></trkpt>
    <trkpt lat="61.07300" lon="7.38333"><ele>413</ele></trkpt>
    <trkpt lat="61.07281" lon="7.38184"><ele>425</ele></trkpt>
    <trkpt lat="61.07259" lon="7.38085"><ele>432</ele></trkpt>
    <trkpt lat="61.07241" lon="7.37957"><ele>437</ele></trkpt>
    <trkpt lat="61.07238" lon="7.37853"><ele>442</ele></trkpt>
    <trkpt lat="61.07252" lon="7.37735"><ele>451</ele></trkpt>
    <trkpt lat="61.07249" lon="7.37629"><ele>458</ele></trkpt>
    <trkpt lat="61.07234" lon="7.37540"><ele>463</ele></trkpt>
    <trkpt lat="61.07186" lon="7.37387"><ele>472</ele></trkpt>
    <trkpt lat="61.07176" lon="7.37294"><ele>475</ele></trkpt>
    <trkpt lat="61.07200" lon="7.37211"><ele>482</ele></trkpt>
    <trkpt lat="61.07209" lon="7.37099"><ele>486</ele></trkpt>
    <trkpt lat="61.07200" lon="7.36982"><ele>489</ele></trkpt>
    <trkpt lat="61.07167" lon="7.36869"><ele>488</ele></trkpt>
    <trkpt lat="61.07111" lon="7.36746"><ele>484</ele></trkpt>
    <trkpt lat="61.07085" lon="7.36664"><ele>485</ele></trkpt>
    <trkpt lat="61.07037" lon="7.36575"><ele>485</ele></trkpt>
    <trkpt lat="61.06949" lon="7.36474"><ele>485</ele></trkpt>
    <trkpt lat="61.06866" lon="7.36390"><ele>487</ele></trkpt>
    <trkpt lat="61.06825" lon="7.36337"><ele>492</ele></trkpt>
    <trkpt lat="61.06757" lon="7.36245"><ele>498</ele></trkpt>
    <trkpt lat="61.06724" lon="7.36175"><ele>500</ele></trkpt>
    <trkpt lat="61.06686" lon="7.36099"><ele>505</ele></trkpt>
    <trkpt lat="61.06634" lon="7.36070"><ele>509</ele></trkpt>
    <trkpt lat="61.06583" lon="7.36026"><ele>511</ele></trkpt>
    <trkpt lat="61.06545" lon="7.35955"><ele>514</ele></trkpt>
    <trkpt lat="61.06513" lon="7.35847"><ele>517</ele></trkpt>
    <trkpt lat="61.06469" lon="7.35770"><ele>516</ele></trkpt>
    <trkpt lat="61.06433" lon="7.35686"><ele>521</ele></trkpt>
    <trkpt lat="61.06394" lon="7.35611"><ele>522</ele></trkpt>
    <trkpt lat="61.06314" lon="7.35524"><ele>527</ele></trkpt>
    <trkpt lat="61.06243" lon="7.35393"><ele>531</ele></trkpt>
    <trkpt lat="61.06201" lon="7.35295"><ele>537</ele></trkpt>
    <trkpt lat="61.06168" lon="7.35229"><ele>541</ele></trkpt>
    <trkpt lat="61.06103" lon="7.35127"><ele>548</ele></trkpt>
    <trkpt lat="61.06060" lon="7.35064"><ele>553</ele></trkpt>
    <trkpt lat="61.05989" lon="7.35005"><ele>557</ele></trkpt>
    <trkpt lat="61.05938" lon="7.34963"><ele>561</ele></trkpt>
    <trkpt lat="61.05888" lon="7.34892"><ele>567</ele></trkpt>
    <trkpt lat="61.05841" lon="7.34839"><ele>571</ele></trkpt>
    <trkpt lat="61.05784" lon="7.34847"><ele>575</ele></trkpt>
    <trkpt lat="61.05726" lon="7.34875"><ele>579</ele></trkpt>
    <trkpt lat="61.05679" lon="7.34905"><ele>583</ele></trkpt>
    <trkpt lat="61.05630" lon="7.34865"><ele>586</ele></trkpt>
    <trkpt lat="61.05552" lon="7.34710"><ele>596</ele></trkpt>
    <trkpt lat="61.05512" lon="7.34645"><ele>600</ele></trkpt>
    <trkpt lat="61.05436" lon="7.34537"><ele>608</ele></trkpt>
    <trkpt lat="61.05374" lon="7.34497"><ele>611</ele></trkpt>
    <trkpt lat="61.05330" lon="7.34466"><ele>616</ele></trkpt>
    <trkpt lat="61.05271" lon="7.34444"><ele>621</ele></trkpt>
    <trkpt lat="61.05217" lon="7.34417"><ele>624</ele></trkpt>
    <trkpt lat="61.05164" lon="7.34362"><ele>629</ele></trkpt>
    <trkpt lat="61.05101" lon="7.34331"><ele>635</ele></trkpt>
    <trkpt lat="61.05022" lon="7.34351"><ele>640</ele></trkpt>
    <trkpt lat="61.04965" lon="7.34353"><ele>645</ele></trkpt>
    <trkpt lat="61.04913" lon="7.34380"><ele>649</ele></trkpt>
    <trkpt lat="61.04848" lon="7.34429"><ele>651</ele></trkpt>
    <trkpt lat="61.04780" lon="7.34395"><ele>652</ele></trkpt>
    <trkpt lat="61.04731" lon="7.34336"><ele>657</ele></trkpt>
    <trkpt lat="61.04682" lon="7.34279"><ele>665</ele></trkpt>
    <trkpt lat="61.04637" lon="7.34258"><ele>671</ele></trkpt>
    <trkpt lat="61.04591" lon="7.34190"><ele>675</ele></trkpt>
    <trkpt lat="61.04552" lon="7.34112"><ele>674</ele></trkpt>
    <trkpt lat="61.04471" lon="7.33998"><ele>685</ele></trkpt>
    <trkpt lat="61.04408" lon="7.34014"><ele>690</ele></trkpt>
    <trkpt lat="61.04361" lon="7.34041"><ele>698</ele></trkpt>
    <trkpt lat="61.04303" lon="7.34015"><ele>702</ele></trkpt>
    <trkpt lat="61.04259" lon="7.33986"><ele>707</ele></trkpt>
    <trkpt lat="61.04345" lon="7.33960"><ele>715</ele></trkpt>
    <trkpt lat="61.04306" lon="7.33900"><ele>726</ele></trkpt>
    <trkpt lat="61.04204" lon="7.33747"><ele>739</ele></trkpt>
    <trkpt lat="61.04144" lon="7.33635"><ele>747</ele></trkpt>
    <trkpt lat="61.04090" lon="7.33622"><ele>750</ele></trkpt>
    <trkpt lat="61.04068" lon="7.33541"><ele>757</ele></trkpt>
    <trkpt lat="61.04125" lon="7.33542"><ele>760</ele></trkpt>
    <trkpt lat="61.04217" lon="7.33603"><ele>769</ele></trkpt>
    <trkpt lat="61.04301" lon="7.33652"><ele>774</ele></trkpt>
    <trkpt lat="61.04279" lon="7.33519"><ele>794</ele></trkpt>
    <trkpt lat="61.04243" lon="7.33423"><ele>799</ele></trkpt>
    <trkpt lat="61.04208" lon="7.33225"><ele>809</ele></trkpt>
    <trkpt lat="61.04137" lon="7.32827"><ele>827</ele></trkpt>
    <trkpt lat="61.04117" lon="7.32697"><ele>836</ele></trkpt>
    <trkpt lat="61.04090" lon="7.32529"><ele>845</ele></trkpt>
    <trkpt lat="61.04048" lon="7.32320"><ele>858</ele></trkpt>
    <trkpt lat="61.04025" lon="7.32223"><ele>864</ele></trkpt>
    <trkpt lat="61.03986" lon="7.32145"><ele>869</ele></trkpt>
    <trkpt lat="61.03902" lon="7.32074"><ele>879</ele></trkpt>
    <trkpt lat="61.03811" lon="7.31972"><ele>890</ele></trkpt>
    <trkpt lat="61.03678" lon="7.31879"><ele>901</ele></trkpt>
    <trkpt lat="61.03627" lon="7.31841"><ele>907</ele></trkpt>
    <trkpt lat="61.03573" lon="7.31785"><ele>913</ele></trkpt>
    <trkpt lat="61.03514" lon="7.31685"><ele>920</ele></trkpt>
    <trkpt lat="61.03477" lon="7.31606"><ele>924</ele></trkpt>
    <trkpt lat="61.03424" lon="7.31526"><ele>929</ele></trkpt>
    <trkpt lat="61.03392" lon="7.31456"><ele>931</ele></trkpt>
    <trkpt lat="61.03368" lon="7.31361"><ele>934</ele></trkpt>
    <trkpt lat="61.03329" lon="7.31264"><ele>938</ele></trkpt>
    <trkpt lat="61.03271" lon="7.31084"><ele>946</ele></trkpt>
    <trkpt lat="61.03235" lon="7.31025"><ele>944</ele></trkpt>
    <trkpt lat="61.03198" lon="7.31078"><ele>948</ele></trkpt>
    <trkpt lat="61.03191" lon="7.31177"><ele>951</ele></trkpt>
    <trkpt lat="61.03161" lon="7.31272"><ele>959</ele></trkpt>
    <trkpt lat="61.03134" lon="7.31356"><ele>964</ele></trkpt>
    <trkpt lat="61.03142" lon="7.31596"><ele>973</ele></trkpt>
    <trkpt lat="61.03150" lon="7.31695"><ele>977</ele></trkpt>
    <trkpt lat="61.03148" lon="7.31792"><ele>980</ele></trkpt>
    <trkpt lat="61.03137" lon="7.31904"><ele>983</ele></trkpt>
    <trkpt lat="61.03126" lon="7.32032"><ele>988</ele></trkpt>
    <trkpt lat="61.03125" lon="7.32125"><ele>992</ele></trkpt>
    <trkpt lat="61.03140" lon="7.32214"><ele>996</ele></trkpt>
    <trkpt lat="61.03191" lon="7.32389"><ele>1003</ele></trkpt>
    <trkpt lat="61.03205" lon="7.32485"><ele>1005</ele></trkpt>
    <trkpt lat="61.03201" lon="7.32657"><ele>1012</ele></trkpt>
    <trkpt lat="61.03184" lon="7.32751"><ele>1014</ele></trkpt>
    <trkpt lat="61.03156" lon="7.32864"><ele>1018</ele></trkpt>
    <trkpt lat="61.03115" lon="7.32940"><ele>1025</ele></trkpt>
    <trkpt lat="61.03055" lon="7.32974"><ele>1031</ele></trkpt>
    <trkpt lat="61.02848" lon="7.33054"><ele>1050</ele></trkpt>
    <trkpt lat="61.02737" lon="7.33057"><ele>1060</ele></trkpt>
    <trkpt lat="61.02655" lon="7.33063"><ele>1068</ele></trkpt>
    <trkpt lat="61.02536" lon="7.33085"><ele>1077</ele></trkpt>
    <trkpt lat="61.02380" lon="7.33129"><ele>1090</ele></trkpt>
    <trkpt lat="61.02134" lon="7.33122"><ele>1115</ele></trkpt>
    <trkpt lat="61.02049" lon="7.33117"><ele>1122</ele></trkpt>
    <trkpt lat="61.01889" lon="7.33070"><ele>1131</ele></trkpt>
    <trkpt lat="61.01715" lon="7.33023"><ele>1142</ele></trkpt>
    <trkpt lat="61.01663" lon="7.33012"><ele>1146</ele></trkpt>
    <trkpt lat="61.01607" lon="7.32993"><ele>1151</ele></trkpt>
    <trkpt lat="61.01543" lon="7.32983"><ele>1157</ele></trkpt>
    <trkpt lat="61.01483" lon="7.32988"><ele>1162</ele></trkpt>
    <trkpt lat="61.01347" lon="7.32989"><ele>1175</ele></trkpt>
    <trkpt lat="61.01241" lon="7.32994"><ele>1185</ele></trkpt>
    <trkpt lat="61.01195" lon="7.33032"><ele>1188</ele></trkpt>
    <trkpt lat="61.01168" lon="7.33116"><ele>1191</ele></trkpt>
    <trkpt lat="61.01137" lon="7.33185"><ele>1196</ele></trkpt>
    <trkpt lat="61.01070" lon="7.33247"><ele>1203</ele></trkpt>
    <trkpt lat="61.01022" lon="7.33241"><ele>1205</ele></trkpt>
    <trkpt lat="61.00968" lon="7.33207"><ele>1209</ele></trkpt>
    <trkpt lat="61.00911" lon="7.33193"><ele>1212</ele></trkpt>
    <trkpt lat="61.00834" lon="7.33168"><ele>1215</ele></trkpt>
    <trkpt lat="61.00774" lon="7.33157"><ele>1213</ele></trkpt>
    <trkpt lat="61.00680" lon="7.33170"><ele>1209</ele></trkpt>
    <trkpt lat="61.00623" lon="7.33156"><ele>1207</ele></trkpt>
    <trkpt lat="61.00550" lon="7.33091"><ele>1205</ele></trkpt>
    <trkpt lat="61.00494" lon="7.33034"><ele>1212</ele></trkpt>
    <trkpt lat="61.00447" lon="7.33002"><ele>1216</ele></trkpt>
    <trkpt lat="61.00311" lon="7.33063"><ele>1231</ele></trkpt>
    <trkpt lat="61.00198" lon="7.33066"><ele>1237</ele></trkpt>
    <trkpt lat="61.00143" lon="7.33083"><ele>1237</ele></trkpt>
    <trkpt lat="61.00094" lon="7.33119"><ele>1236</ele></trkpt>
    <trkpt lat="60.99996" lon="7.33183"><ele>1232</ele></trkpt>
    <trkpt lat="60.99946" lon="7.33211"><ele>1229</ele></trkpt>
    <trkpt lat="60.99870" lon="7.33235"><ele>1226</ele></trkpt>
    <trkpt lat="60.99786" lon="7.33244"><ele>1225</ele></trkpt>
    <trkpt lat="60.99726" lon="7.33238"><ele>1227</ele></trkpt>
    <trkpt lat="60.99663" lon="7.33201"><ele>1233</ele></trkpt>
    <trkpt lat="60.99617" lon="7.33186"><ele>1238</ele></trkpt>
    <trkpt lat="60.99572" lon="7.33194"><ele>1242</ele></trkpt>
    <trkpt lat="60.99502" lon="7.33271"><ele>1243</ele></trkpt>
    <trkpt lat="60.99409" lon="7.33372"><ele>1252</ele></trkpt>
    <trkpt lat="60.99319" lon="7.33471"><ele>1264</ele></trkpt>
    <trkpt lat="60.99276" lon="7.33521"><ele>1271</ele></trkpt>
    <trkpt lat="60.99223" lon="7.33598"><ele>1280</ele></trkpt>
    <trkpt lat="60.99172" lon="7.33663"><ele>1286</ele></trkpt>
    <trkpt lat="60.99124" lon="7.33686"><ele>1288</ele></trkpt>
    <trkpt lat="60.99067" lon="7.33714"><ele>1289</ele></trkpt>
    <trkpt lat="60.99020" lon="7.33749"><ele>1291</ele></trkpt>
    <trkpt lat="60.98928" lon="7.33849"><ele>1294</ele></trkpt>
    <trkpt lat="60.98850" lon="7.33925"><ele>1296</ele></trkpt>
    <trkpt lat="60.98804" lon="7.33966"><ele>1297</ele></trkpt>
    <trkpt lat="60.98759" lon="7.34010"><ele>1300</ele></trkpt>
    <trkpt lat="60.98644" lon="7.34068"><ele>1303</ele></trkpt>
    <trkpt lat="60.98579" lon="7.34083"><ele>1300</ele></trkpt>
    <trkpt lat="60.98494" lon="7.34075"><ele>1293</ele></trkpt>
    <trkpt lat="60.98429" lon="7.34071"><ele>1290</ele></trkpt>
    <trkpt lat="60.98368" lon="7.34089"><ele>1286</ele></trkpt>
    <trkpt lat="60.98298" lon="7.34140"><ele>1279</ele></trkpt>
    <trkpt lat="60.98239" lon="7.34218"><ele>1275</ele></trkpt>
    <trkpt lat="60.98186" lon="7.34305"><ele>1271</ele></trkpt>
    <trkpt lat="60.98145" lon="7.34352"><ele>1267</ele></trkpt>
    <trkpt lat="60.98097" lon="7.34379"><ele>1266</ele></trkpt>
    <trkpt lat="60.98060" lon="7.34455"><ele>1265</ele></trkpt>
    <trkpt lat="60.98020" lon="7.34533"><ele>1264</ele></trkpt>
    <trkpt lat="60.97964" lon="7.34579"><ele>1264</ele></trkpt>
    <trkpt lat="60.97925" lon="7.34640"><ele>1264</ele></trkpt>
    <trkpt lat="60.97893" lon="7.34710"><ele>1264</ele></trkpt>
    <trkpt lat="60.97856" lon="7.34803"><ele>1267</ele></trkpt>
    <trkpt lat="60.97816" lon="7.34918"><ele>1273</ele></trkpt>
    <trkpt lat="60.97770" lon="7.35016"><ele>1275</ele></trkpt>
    <trkpt lat="60.97675" lon="7.35205"><ele>1266</ele></trkpt>
    <trkpt lat="60.97630" lon="7.35264"><ele>1266</ele></trkpt>
    <trkpt lat="60.97570" lon="7.35313"><ele>1266</ele></trkpt>
    <trkpt lat="60.97479" lon="7.35398"><ele>1265</ele></trkpt>
    <trkpt lat="60.97407" lon="7.35513"><ele>1265</ele></trkpt>
    <trkpt lat="60.97354" lon="7.35574"><ele>1265</ele></trkpt>
    <trkpt lat="60.97307" lon="7.35581"><ele>1265</ele></trkpt>
    <trkpt lat="60.97237" lon="7.35544"><ele>1271</ele></trkpt>
    <trkpt lat="60.97194" lon="7.35504"><ele>1274</ele></trkpt>
    <trkpt lat="60.97104" lon="7.35483"><ele>1278</ele></trkpt>
    <trkpt lat="60.97050" lon="7.35487"><ele>1282</ele></trkpt>
    <trkpt lat="60.96981" lon="7.35540"><ele>1285</ele></trkpt>
    <trkpt lat="60.96666" lon="7.35839"><ele>1285</ele></trkpt>
    <trkpt lat="60.96621" lon="7.35865"><ele>1288</ele></trkpt>
    <trkpt lat="60.96569" lon="7.35869"><ele>1291</ele></trkpt>
    <trkpt lat="60.96426" lon="7.35858"><ele>1303</ele></trkpt>
    <trkpt lat="60.96218" lon="7.35838"><ele>1304</ele></trkpt>
    <trkpt lat="60.96162" lon="7.35839"><ele>1301</ele></trkpt>
    <trkpt lat="60.96096" lon="7.35860"><ele>1298</ele></trkpt>
    <trkpt lat="60.95546" lon="7.36186"><ele>1292</ele></trkpt>
    <trkpt lat="60.95494" lon="7.36207"><ele>1293</ele></trkpt>
    <trkpt lat="60.95484" lon="7.36208"><ele>1293</ele></trkpt>
  </trkseg>
  <trkseg>
    <trkpt lat="60.95484" lon="7.36208"><ele>1293</ele></trkpt>
    <trkpt lat="60.95437" lon="7.36208"><ele>1294</ele></trkpt>
    <trkpt lat="60.95358" lon="7.36192"><ele>1295</ele></trkpt>
    <trkpt lat="60.95302" lon="7.36179"><ele>1297</ele></trkpt>
    <trkpt lat="60.95227" lon="7.36158"><ele>1299</ele></trkpt>
    <trkpt lat="60.95074" lon="7.36123"><ele>1292</ele></trkpt>
    <trkpt lat="60.94783" lon="7.36048"><ele>1288</ele></trkpt>
    <trkpt lat="60.94395" lon="7.35952"><ele>1276</ele></trkpt>
    <trkpt lat="60.94331" lon="7.35925"><ele>1277</ele></trkpt>
    <trkpt lat="60.94188" lon="7.35829"><ele>1274</ele></trkpt>
    <trkpt lat="60.93969" lon="7.35702"><ele>1262</ele></trkpt>
    <trkpt lat="60.93798" lon="7.35597"><ele>1250</ele></trkpt>
    <trkpt lat="60.93747" lon="7.35574"><ele>1243</ele></trkpt>
    <trkpt lat="60.93698" lon="7.35577"><ele>1239</ele></trkpt>
    <trkpt lat="60.93648" lon="7.35564"><ele>1233</ele></trkpt>
    <trkpt lat="60.93600" lon="7.35520"><ele>1229</ele></trkpt>
    <trkpt lat="60.93486" lon="7.35411"><ele>1230</ele></trkpt>
    <trkpt lat="60.93403" lon="7.35335"><ele>1234</ele></trkpt>
    <trkpt lat="60.93351" lon="7.35282"><ele>1236</ele></trkpt>
    <trkpt lat="60.93225" lon="7.35131"><ele>1244</ele></trkpt>
    <trkpt lat="60.93182" lon="7.35074"><ele>1244</ele></trkpt>
    <trkpt lat="60.93132" lon="7.34929"><ele>1244</ele></trkpt>
    <trkpt lat="60.93100" lon="7.34819"><ele>1247</ele></trkpt>
    <trkpt lat="60.93062" lon="7.34668"><ele>1250</ele></trkpt>
    <trkpt lat="60.93028" lon="7.34512"><ele>1252</ele></trkpt>
    <trkpt lat="60.93010" lon="7.34422"><ele>1256</ele></trkpt>
    <trkpt lat="60.92989" lon="7.34270"><ele>1263</ele></trkpt>
    <trkpt lat="60.92972" lon="7.34131"><ele>1269</ele></trkpt>
    <trkpt lat="60.92951" lon="7.33977"><ele>1274</ele></trkpt>
    <trkpt lat="60.92935" lon="7.33863"><ele>1275</ele></trkpt>
    <trkpt lat="60.92904" lon="7.33777"><ele>1274</ele></trkpt>
    <trkpt lat="60.92857" lon="7.33679"><ele>1276</ele></trkpt>
    <trkpt lat="60.92804" lon="7.33577"><ele>1282</ele></trkpt>
    <trkpt lat="60.92742" lon="7.33433"><ele>1282</ele></trkpt>
    <trkpt lat="60.92683" lon="7.33291"><ele>1278</ele></trkpt>
    <trkpt lat="60.92636" lon="7.33103"><ele>1270</ele></trkpt>
    <trkpt lat="60.92601" lon="7.32982"><ele>1263</ele></trkpt>
    <trkpt lat="60.92552" lon="7.32887"><ele>1260</ele></trkpt>
    <trkpt lat="60.92507" lon="7.32824"><ele>1261</ele></trkpt>
    <trkpt lat="60.92489" lon="7.32735"><ele>1264</ele></trkpt>
    <trkpt lat="60.92486" lon="7.32632"><ele>1263</ele></trkpt>
    <trkpt lat="60.92483" lon="7.32524"><ele>1261</ele></trkpt>
    <trkpt lat="60.92477" lon="7.32351"><ele>1264</ele></trkpt>
    <trkpt lat="60.92473" lon="7.32193"><ele>1269</ele></trkpt>
    <trkpt lat="60.92468" lon="7.32035"><ele>1276</ele></trkpt>
    <trkpt lat="60.92464" lon="7.31875"><ele>1285</ele></trkpt>
    <trkpt lat="60.92466" lon="7.31689"><ele>1293</ele></trkpt>
    <trkpt lat="60.92470" lon="7.31504"><ele>1301</ele></trkpt>
    <trkpt lat="60.92472" lon="7.31383"><ele>1304</ele></trkpt>
    <trkpt lat="60.92474" lon="7.31262"><ele>1304</ele></trkpt>
    <trkpt lat="60.92475" lon="7.31165"><ele>1305</ele></trkpt>
    <trkpt lat="60.92464" lon="7.31044"><ele>1307</ele></trkpt>
    <trkpt lat="60.92466" lon="7.30896"><ele>1310</ele></trkpt>
    <trkpt lat="60.92468" lon="7.30776"><ele>1309</ele></trkpt>
    <trkpt lat="60.92465" lon="7.30676"><ele>1309</ele></trkpt>
    <trkpt lat="60.92440" lon="7.30421"><ele>1302</ele></trkpt>
    <trkpt lat="60.92416" lon="7.30169"><ele>1296</ele></trkpt>
    <trkpt lat="60.92402" lon="7.30001"><ele>1295</ele></trkpt>
    <trkpt lat="60.92383" lon="7.29913"><ele>1290</ele></trkpt>
    <trkpt lat="60.92335" lon="7.29814"><ele>1285</ele></trkpt>
    <trkpt lat="60.92265" lon="7.29681"><ele>1276</ele></trkpt>
    <trkpt lat="60.92229" lon="7.29614"><ele>1273</ele></trkpt>
    <trkpt lat="60.92033" lon="7.29335"><ele>1253</ele></trkpt>
    <trkpt lat="60.91987" lon="7.29254"><ele>1247</ele></trkpt>
    <trkpt lat="60.91833" lon="7.28851"><ele>1224</ele></trkpt>
    <trkpt lat="60.91791" lon="7.28790"><ele>1220</ele></trkpt>
    <trkpt lat="60.91889" lon="7.28741"><ele>1210</ele></trkpt>
    <trkpt lat="60.92020" lon="7.28750"><ele>1200</ele></trkpt>
    <trkpt lat="60.92064" lon="7.28721"><ele>1195</ele></trkpt>
    <trkpt lat="60.92111" lon="7.28625"><ele>1188</ele></trkpt>
    <trkpt lat="60.92154" lon="7.28575"><ele>1185</ele></trkpt>
    <trkpt lat="60.92188" lon="7.28492"><ele>1178</ele></trkpt>
    <trkpt lat="60.92244" lon="7.28489"><ele>1173</ele></trkpt>
    <trkpt lat="60.92284" lon="7.28535"><ele>1170</ele></trkpt>
    <trkpt lat="60.92322" lon="7.28591"><ele>1166</ele></trkpt>
    <trkpt lat="60.92292" lon="7.28461"><ele>1156</ele></trkpt>
    <trkpt lat="60.92266" lon="7.28366"><ele>1151</ele></trkpt>
    <trkpt lat="60.92226" lon="7.28284"><ele>1146</ele></trkpt>
    <trkpt lat="60.92171" lon="7.28230"><ele>1141</ele></trkpt>
    <trkpt lat="60.92108" lon="7.28176"><ele>1134</ele></trkpt>
    <trkpt lat="60.92060" lon="7.28159"><ele>1129</ele></trkpt>
    <trkpt lat="60.92012" lon="7.28164"><ele>1126</ele></trkpt>
    <trkpt lat="60.91961" lon="7.28163"><ele>1123</ele></trkpt>
    <trkpt lat="60.91891" lon="7.28102"><ele>1117</ele></trkpt>
    <trkpt lat="60.91843" lon="7.28067"><ele>1112</ele></trkpt>
    <trkpt lat="60.91790" lon="7.28048"><ele>1106</ele></trkpt>
    <trkpt lat="60.91742" lon="7.28015"><ele>1102</ele></trkpt>
    <trkpt lat="60.91692" lon="7.27954"><ele>1096</ele></trkpt>
    <trkpt lat="60.91623" lon="7.27830"><ele>1088</ele></trkpt>
    <trkpt lat="60.91587" lon="7.27765"><ele>1084</ele></trkpt>
    <trkpt lat="60.91886" lon="7.27518"><ele>1051</ele></trkpt>
    <trkpt lat="60.91958" lon="7.27483"><ele>1044</ele></trkpt>
    <trkpt lat="60.92008" lon="7.27445"><ele>1039</ele></trkpt>
    <trkpt lat="60.92072" lon="7.27381"><ele>1032</ele></trkpt>
    <trkpt lat="60.92126" lon="7.27343"><ele>1027</ele></trkpt>
    <trkpt lat="60.92341" lon="7.27320"><ele>1010</ele></trkpt>
    <trkpt lat="60.92419" lon="7.27189"><ele>1001</ele></trkpt>
    <trkpt lat="60.92457" lon="7.27100"><ele>1003</ele></trkpt>
    <trkpt lat="60.92415" lon="7.26976"><ele>999</ele></trkpt>
    <trkpt lat="60.92372" lon="7.26917"><ele>995</ele></trkpt>
    <trkpt lat="60.92338" lon="7.26853"><ele>990</ele></trkpt>
    <trkpt lat="60.92277" lon="7.26718"><ele>981</ele></trkpt>
    <trkpt lat="60.92242" lon="7.26613"><ele>976</ele></trkpt>
    <trkpt lat="60.92199" lon="7.26447"><ele>965</ele></trkpt>
    <trkpt lat="60.92150" lon="7.26280"><ele>956</ele></trkpt>
    <trkpt lat="60.92130" lon="7.26182"><ele>952</ele></trkpt>
    <trkpt lat="60.92111" lon="7.26043"><ele>947</ele></trkpt>
    <trkpt lat="60.92063" lon="7.25581"><ele>924</ele></trkpt>
    <trkpt lat="60.92049" lon="7.25466"><ele>919</ele></trkpt>
    <trkpt lat="60.92036" lon="7.25374"><ele>916</ele></trkpt>
    <trkpt lat="60.91998" lon="7.25115"><ele>904</ele></trkpt>
    <trkpt lat="60.91971" lon="7.24887"><ele>892</ele></trkpt>
    <trkpt lat="60.91960" lon="7.24795"><ele>887</ele></trkpt>
    <trkpt lat="60.91930" lon="7.24621"><ele>880</ele></trkpt>
    <trkpt lat="60.91929" lon="7.24526"><ele>876</ele></trkpt>
    <trkpt lat="60.91931" lon="7.24428"><ele>871</ele></trkpt>
    <trkpt lat="60.91916" lon="7.24291"><ele>863</ele></trkpt>
    <trkpt lat="60.91914" lon="7.24181"><ele>858</ele></trkpt>
    <trkpt lat="60.91904" lon="7.24083"><ele>855</ele></trkpt>
    <trkpt lat="60.91876" lon="7.23886"><ele>846</ele></trkpt>
    <trkpt lat="60.91867" lon="7.23787"><ele>841</ele></trkpt>
    <trkpt lat="60.91855" lon="7.23555"><ele>831</ele></trkpt>
    <trkpt lat="60.91833" lon="7.23421"><ele>826</ele></trkpt>
    <trkpt lat="60.91798" lon="7.23215"><ele>814</ele></trkpt>
    <trkpt lat="60.91779" lon="7.23116"><ele>810</ele></trkpt>
    <trkpt lat="60.91757" lon="7.23030"><ele>805</ele></trkpt>
    <trkpt lat="60.91717" lon="7.22905"><ele>800</ele></trkpt>
    <trkpt lat="60.91671" lon="7.22814"><ele>794</ele></trkpt>
    <trkpt lat="60.91634" lon="7.22758"><ele>790</ele></trkpt>
    <trkpt lat="60.91592" lon="7.22663"><ele>785</ele></trkpt>
    <trkpt lat="60.91550" lon="7.22620"><ele>781</ele></trkpt>
    <trkpt lat="60.91505" lon="7.22608"><ele>776</ele></trkpt>
    <trkpt lat="60.91462" lon="7.22562"><ele>771</ele></trkpt>
    <trkpt lat="60.91425" lon="7.22508"><ele>766</ele></trkpt>
    <trkpt lat="60.91297" lon="7.22318"><ele>754</ele></trkpt>
    <trkpt lat="60.91251" lon="7.22250"><ele>749</ele></trkpt>
    <trkpt lat="60.91212" lon="7.22161"><ele>746</ele></trkpt>
    <trkpt lat="60.91168" lon="7.22058"><ele>741</ele></trkpt>
    <trkpt lat="60.91130" lon="7.21993"><ele>734</ele></trkpt>
    <trkpt lat="60.91119" lon="7.22098"><ele>724</ele></trkpt>
    <trkpt lat="60.91154" lon="7.22209"><ele>720</ele></trkpt>
    <trkpt lat="60.91174" lon="7.22299"><ele>717</ele></trkpt>
    <trkpt lat="60.91129" lon="7.22202"><ele>709</ele></trkpt>
    <trkpt lat="60.91090" lon="7.22111"><ele>704</ele></trkpt>
    <trkpt lat="60.91057" lon="7.22042"><ele>697</ele></trkpt>
    <trkpt lat="60.91025" lon="7.21971"><ele>692</ele></trkpt>
    <trkpt lat="60.90991" lon="7.21899"><ele>687</ele></trkpt>
    <trkpt lat="60.90956" lon="7.21832"><ele>680</ele></trkpt>
    <trkpt lat="60.90923" lon="7.21738"><ele>677</ele></trkpt>
    <trkpt lat="60.90855" lon="7.21660"><ele>668</ele></trkpt>
    <trkpt lat="60.90814" lon="7.21598"><ele>663</ele></trkpt>
    <trkpt lat="60.90783" lon="7.21505"><ele>658</ele></trkpt>
    <trkpt lat="60.90785" lon="7.21408"><ele>650</ele></trkpt>
    <trkpt lat="60.90820" lon="7.21342"><ele>648</ele></trkpt>
    <trkpt lat="60.90847" lon="7.21256"><ele>639</ele></trkpt>
    <trkpt lat="60.90904" lon="7.21281"><ele>635</ele></trkpt>
    <trkpt lat="60.90958" lon="7.21252"><ele>630</ele></trkpt>
    <trkpt lat="60.90999" lon="7.21179"><ele>622</ele></trkpt>
    <trkpt lat="60.91078" lon="7.21147"><ele>614</ele></trkpt>
    <trkpt lat="60.91133" lon="7.21149"><ele>609</ele></trkpt>
    <trkpt lat="60.91217" lon="7.21178"><ele>602</ele></trkpt>
    <trkpt lat="60.91275" lon="7.21199"><ele>597</ele></trkpt>
    <trkpt lat="60.91319" lon="7.21217"><ele>592</ele></trkpt>
    <trkpt lat="60.91365" lon="7.21260"><ele>588</ele></trkpt>
    <trkpt lat="60.91414" lon="7.21299"><ele>582</ele></trkpt>
    <trkpt lat="60.91463" lon="7.21334"><ele>576</ele></trkpt>
    <trkpt lat="60.91528" lon="7.21411"><ele>571</ele></trkpt>
    <trkpt lat="60.91622" lon="7.21484"><ele>560</ele></trkpt>
    <trkpt lat="60.91667" lon="7.21513"><ele>556</ele></trkpt>
    <trkpt lat="60.91722" lon="7.21566"><ele>550</ele></trkpt>
    <trkpt lat="60.91777" lon="7.21598"><ele>545</ele></trkpt>
    <trkpt lat="60.91733" lon="7.21506"><ele>534</ele></trkpt>
    <trkpt lat="60.91687" lon="7.21430"><ele>529</ele></trkpt>
    <trkpt lat="60.91630" lon="7.21351"><ele>521</ele></trkpt>
    <trkpt lat="60.91585" lon="7.21291"><ele>518</ele></trkpt>
    <trkpt lat="60.91541" lon="7.21227"><ele>512</ele></trkpt>
    <trkpt lat="60.91492" lon="7.21126"><ele>504</ele></trkpt>
    <trkpt lat="60.91447" lon="7.21076"><ele>501</ele></trkpt>
    <trkpt lat="60.91504" lon="7.21080"><ele>486</ele></trkpt>
    <trkpt lat="60.91561" lon="7.21135"><ele>482</ele></trkpt>
    <trkpt lat="60.91603" lon="7.21179"><ele>479</ele></trkpt>
    <trkpt lat="60.91714" lon="7.21237"><ele>467</ele></trkpt>
    <trkpt lat="60.91766" lon="7.21273"><ele>461</ele></trkpt>
    <trkpt lat="60.91814" lon="7.21302"><ele>458</ele></trkpt>
    <trkpt lat="60.91896" lon="7.21302"><ele>448</ele></trkpt>
    <trkpt lat="60.91961" lon="7.21315"><ele>442</ele></trkpt>
    <trkpt lat="60.92056" lon="7.21335"><ele>434</ele></trkpt>
    <trkpt lat="60.92116" lon="7.21355"><ele>428</ele></trkpt>
    <trkpt lat="60.92183" lon="7.21369"><ele>422</ele></trkpt>
    <trkpt lat="60.92239" lon="7.21382"><ele>417</ele></trkpt>
    <trkpt lat="60.92289" lon="7.21360"><ele>413</ele></trkpt>
    <trkpt lat="60.92324" lon="7.21280"><ele>406</ele></trkpt>
    <trkpt lat="60.92365" lon="7.21235"><ele>402</ele></trkpt>
    <trkpt lat="60.92427" lon="7.21206"><ele>397</ele></trkpt>
    <trkpt lat="60.92521" lon="7.21146"><ele>388</ele></trkpt>
    <trkpt lat="60.92477" lon="7.21108"><ele>376</ele></trkpt>
    <trkpt lat="60.92426" lon="7.21074"><ele>371</ele></trkpt>
    <trkpt lat="60.92365" lon="7.21057"><ele>365</ele></trkpt>
    <trkpt lat="60.92316" lon="7.21070"><ele>360</ele></trkpt>
    <trkpt lat="60.92276" lon="7.21158"><ele>359</ele></trkpt>
    <trkpt lat="60.92229" lon="7.21193"><ele>353</ele></trkpt>
    <trkpt lat="60.92184" lon="7.21126"><ele>345</ele></trkpt>
    <trkpt lat="60.92145" lon="7.21076"><ele>341</ele></trkpt>
    <trkpt lat="60.92090" lon="7.21059"><ele>336</ele></trkpt>
    <trkpt lat="60.92037" lon="7.21050"><ele>332</ele></trkpt>
    <trkpt lat="60.91982" lon="7.21008"><ele>324</ele></trkpt>
    <trkpt lat="60.91927" lon="7.20968"><ele>318</ele></trkpt>
    <trkpt lat="60.91876" lon="7.20927"><ele>313</ele></trkpt>
    <trkpt lat="60.91830" lon="7.20888"><ele>313</ele></trkpt>
    <trkpt lat="60.91882" lon="7.20899"><ele>304</ele></trkpt>
    <trkpt lat="60.91928" lon="7.20911"><ele>300</ele></trkpt>
    <trkpt lat="60.91988" lon="7.20913"><ele>294</ele></trkpt>
    <trkpt lat="60.92045" lon="7.20920"><ele>289</ele></trkpt>
    <trkpt lat="60.91982" lon="7.20831"><ele>273</ele></trkpt>
    <trkpt lat="60.91925" lon="7.20795"><ele>267</ele></trkpt>
    <trkpt lat="60.91869" lon="7.20777"><ele>264</ele></trkpt>
    <trkpt lat="60.91823" lon="7.20748"><ele>258</ele></trkpt>
    <trkpt lat="60.91775" lon="7.20724"><ele>254</ele></trkpt>
    <trkpt lat="60.91749" lon="7.20643"><ele>249</ele></trkpt>
    <trkpt lat="60.91705" lon="7.20569"><ele>244</ele></trkpt>
    <trkpt lat="60.91665" lon="7.20502"><ele>239</ele></trkpt>
    <trkpt lat="60.91642" lon="7.20404"><ele>234</ele></trkpt>
    <trkpt lat="60.91599" lon="7.20310"><ele>230</ele></trkpt>
    <trkpt lat="60.91671" lon="7.20371"><ele>219</ele></trkpt>
    <trkpt lat="60.91716" lon="7.20414"><ele>214</ele></trkpt>
    <trkpt lat="60.91767" lon="7.20430"><ele>209</ele></trkpt>
    <trkpt lat="60.91831" lon="7.20488"><ele>203</ele></trkpt>
    <trkpt lat="60.91877" lon="7.20523"><ele>199</ele></trkpt>
    <trkpt lat="60.91930" lon="7.20520"><ele>194</ele></trkpt>
    <trkpt lat="60.91996" lon="7.20511"><ele>186</ele></trkpt>
    <trkpt lat="60.92054" lon="7.20515"><ele>181</ele></trkpt>
    <trkpt lat="60.92113" lon="7.20527"><ele>177</ele></trkpt>
    <trkpt lat="60.92162" lon="7.20521"><ele>172</ele></trkpt>
    <trkpt lat="60.92227" lon="7.20489"><ele>165</ele></trkpt>
    <trkpt lat="60.92277" lon="7.20465"><ele>160</ele></trkpt>
    <trkpt lat="60.92324" lon="7.20459"><ele>159</ele></trkpt>
    <trkpt lat="60.92277" lon="7.20440"><ele>152</ele></trkpt>
    <trkpt lat="60.92233" lon="7.20404"><ele>147</ele></trkpt>
    <trkpt lat="60.92186" lon="7.20375"><ele>142</ele></trkpt>
    <trkpt lat="60.92141" lon="7.20382"><ele>140</ele></trkpt>
    <trkpt lat="60.92081" lon="7.20297"><ele>133</ele></trkpt>
    <trkpt lat="60.92047" lon="7.20232"><ele>130</ele></trkpt>
    <trkpt lat="60.92002" lon="7.20178"><ele>128</ele></trkpt>
    <trkpt lat="60.91951" lon="7.20133"><ele>125</ele></trkpt>
    <trkpt lat="60.91912" lon="7.20066"><ele>122</ele></trkpt>
    <trkpt lat="60.91832" lon="7.19938"><ele>115</ele></trkpt>
    <trkpt lat="60.91788" lon="7.19905"><ele>113</ele></trkpt>
    <trkpt lat="60.91723" lon="7.19882"><ele>114</ele></trkpt>
    <trkpt lat="60.91676" lon="7.19858"><ele>107</ele></trkpt>
    <trkpt lat="60.91625" lon="7.19840"><ele>105</ele></trkpt>
    <trkpt lat="60.91595" lon="7.19759"><ele>101</ele></trkpt>
    <trkpt lat="60.91569" lon="7.19671"><ele>97</ele></trkpt>
    <trkpt lat="60.91520" lon="7.19631"><ele>93</ele></trkpt>
    <trkpt lat="60.91465" lon="7.19568"><ele>85</ele></trkpt>
    <trkpt lat="60.91410" lon="7.19524"><ele>82</ele></trkpt>
    <trkpt lat="60.91320" lon="7.19491"><ele>75</ele></trkpt>
    <trkpt lat="60.91266" lon="7.19473"><ele>70</ele></trkpt>
    <trkpt lat="60.91226" lon="7.19416"><ele>64</ele></trkpt>
    <trkpt lat="60.91214" lon="7.19306"><ele>58</ele></trkpt>
    <trkpt lat="60.91214" lon="7.19206"><ele>55</ele></trkpt>
    <trkpt lat="60.91179" lon="7.19128"><ele>48</ele></trkpt>
    <trkpt lat="60.91121" lon="7.19128"><ele>45</ele></trkpt>
    <trkpt lat="60.91060" lon="7.19135"><ele>38</ele></trkpt>
    <trkpt lat="60.91012" lon="7.19139"><ele>35</ele></trkpt>
    <trkpt lat="60.90967" lon="7.19127"><ele>31</ele></trkpt>
    <trkpt lat="60.90920" lon="7.19152"><ele>36</ele></trkpt>
    <trkpt lat="60.90862" lon="7.19138"><ele>38</ele></trkpt>
    <trkpt lat="60.90788" lon="7.19097"><ele>39</ele></trkpt>
    <trkpt lat="60.90725" lon="7.19060"><ele>39</ele></trkpt>
    <trkpt lat="60.90678" lon="7.19053"><ele>39</ele></trkpt>
    <trkpt lat="60.90628" lon="7.19071"><ele>37</ele></trkpt>
    <trkpt lat="60.90595" lon="7.19152"><ele>31</ele></trkpt>
    <trkpt lat="60.90589" lon="7.19266"><ele>27</ele></trkpt>
    <trkpt lat="60.90580" lon="7.19365"><ele>21</ele></trkpt>
    <trkpt lat="60.90550" lon="7.19508"><ele>13</ele></trkpt>
    <trkpt lat="60.90529" lon="7.19592"><ele>10</ele></trkpt>
    <trkpt lat="60.90474" lon="7.19636"><ele>5</ele></trkpt>
    <trkpt lat="60.90435" lon="7.19696"><ele>6</ele></trkpt>
    <trkpt lat="60.90383" lon="7.19773"><ele>7</ele></trkpt>
    <trkpt lat="60.90326" lon="7.19843"><ele>8</ele></trkpt>
    <trkpt lat="60.90285" lon="7.19888"><ele>9</ele></trkpt>
    <trkpt lat="60.90236" lon="7.19941"><ele>10</ele></trkpt>
    <trkpt lat="60.90194" lon="7.19988"><ele>12</ele></trkpt>
    <trkpt lat="60.90130" lon="7.20170"><ele>12</ele></trkpt>
    <trkpt lat="60.90107" lon="7.20263"><ele>12</ele></trkpt>
    <trkpt lat="60.90086" lon="7.20395"><ele>12</ele></trkpt>
    <trkpt lat="60.90065" lon="7.20493"><ele>13</ele></trkpt>
    <trkpt lat="60.90020" lon="7.20606"><ele>14</ele></trkpt>
    <trkpt lat="60.89989" lon="7.20692"><ele>15</ele></trkpt>
    <trkpt lat="60.89963" lon="7.20779"><ele>15</ele></trkpt>
    <trkpt lat="60.89930" lon="7.20921"><ele>15</ele></trkpt>
    <trkpt lat="60.89902" lon="7.21002"><ele>16</ele></trkpt>
    <trkpt lat="60.89859" lon="7.21036"><ele>15</ele></trkpt>
    <trkpt lat="60.89812" lon="7.21006"><ele>15</ele></trkpt>
    <trkpt lat="60.89771" lon="7.21070"><ele>16</ele></trkpt>
    <trkpt lat="60.89790" lon="7.21168"><ele>15</ele></trkpt>
    <trkpt lat="60.89804" lon="7.21269"><ele>16</ele></trkpt>
    <trkpt lat="60.89792" lon="7.21384"><ele>16</ele></trkpt>
    <trkpt lat="60.89773" lon="7.21470"><ele>16</ele></trkpt>
    <trkpt lat="60.89736" lon="7.21588"><ele>18</ele></trkpt>
    <trkpt lat="60.89693" lon="7.21774"><ele>21</ele></trkpt>
    <trkpt lat="60.89674" lon="7.21873"><ele>21</ele></trkpt>
    <trkpt lat="60.89652" lon="7.21974"><ele>20</ele></trkpt>
    <trkpt lat="60.89630" lon="7.22062"><ele>20</ele></trkpt>
    <trkpt lat="60.89604" lon="7.22149"><ele>20</ele></trkpt>
    <trkpt lat="60.89574" lon="7.22243"><ele>21</ele></trkpt>
    <trkpt lat="60.89518" lon="7.22409"><ele>21</ele></trkpt>
    <trkpt lat="60.89487" lon="7.22504"><ele>22</ele></trkpt>
    <trkpt lat="60.89459" lon="7.22617"><ele>23</ele></trkpt>
    <trkpt lat="60.89448" lon="7.22728"><ele>24</ele></trkpt>
    <trkpt lat="60.89440" lon="7.22958"><ele>26</ele></trkpt>
    <trkpt lat="60.89427" lon="7.23060"><ele>29</ele></trkpt>
    <trkpt lat="60.89425" lon="7.23068"><ele>29</ele></trkpt>
  </trkseg>
  <trkseg>
    <trkpt lat="60.89425" lon="7.23068"><ele>29</ele></trkpt>
    <trkpt lat="60.89350" lon="7.23181"><ele>26</ele></trkpt>
    <trkpt lat="60.89220" lon="7.23342"><ele>28</ele></trkpt>
    <trkpt lat="60.89165" lon="7.23417"><ele>29</ele></trkpt>
    <trkpt lat="60.89128" lon="7.23480"><ele>30</ele></trkpt>
    <trkpt lat="60.89090" lon="7.23567"><ele>30</ele></trkpt>
    <trkpt lat="60.89066" lon="7.23669"><ele>29</ele></trkpt>
    <trkpt lat="60.89051" lon="7.23776"><ele>30</ele></trkpt>
    <trkpt lat="60.89029" lon="7.23859"><ele>30</ele></trkpt>
    <trkpt lat="60.89001" lon="7.23937"><ele>31</ele></trkpt>
    <trkpt lat="60.88965" lon="7.23996"><ele>31</ele></trkpt>
    <trkpt lat="60.88923" lon="7.24057"><ele>31</ele></trkpt>
    <trkpt lat="60.88882" lon="7.24105"><ele>32</ele></trkpt>
    <trkpt lat="60.88830" lon="7.24149"><ele>32</ele></trkpt>
    <trkpt lat="60.88778" lon="7.24181"><ele>33</ele></trkpt>
    <trkpt lat="60.88733" lon="7.24210"><ele>35</ele></trkpt>
    <trkpt lat="60.88666" lon="7.24224"><ele>36</ele></trkpt>
    <trkpt lat="60.88619" lon="7.24221"><ele>37</ele></trkpt>
    <trkpt lat="60.88566" lon="7.24205"><ele>39</ele></trkpt>
    <trkpt lat="60.88483" lon="7.24212"><ele>43</ele></trkpt>
    <trkpt lat="60.88434" lon="7.24211"><ele>44</ele></trkpt>
    <trkpt lat="60.88381" lon="7.24214"><ele>44</ele></trkpt>
    <trkpt lat="60.88328" lon="7.24266"><ele>45</ele></trkpt>
    <trkpt lat="60.88286" lon="7.24331"><ele>48</ele></trkpt>
    <trkpt lat="60.88257" lon="7.24424"><ele>49</ele></trkpt>
    <trkpt lat="60.88236" lon="7.24527"><ele>49</ele></trkpt>
    <trkpt lat="60.88205" lon="7.24667"><ele>51</ele></trkpt>
    <trkpt lat="60.88190" lon="7.24766"><ele>49</ele></trkpt>
    <trkpt lat="60.88186" lon="7.24881"><ele>50</ele></trkpt>
    <trkpt lat="60.88182" lon="7.24989"><ele>50</ele></trkpt>
    <trkpt lat="60.88167" lon="7.25117"><ele>50</ele></trkpt>
    <trkpt lat="60.88149" lon="7.25210"><ele>54</ele></trkpt>
    <trkpt lat="60.88108" lon="7.25350"><ele>54</ele></trkpt>
    <trkpt lat="60.88078" lon="7.25439"><ele>54</ele></trkpt>
    <trkpt lat="60.88039" lon="7.25502"><ele>54</ele></trkpt>
    <trkpt lat="60.87991" lon="7.25568"><ele>54</ele></trkpt>
    <trkpt lat="60.87936" lon="7.25693"><ele>53</ele></trkpt>
    <trkpt lat="60.87896" lon="7.25782"><ele>54</ele></trkpt>
    <trkpt lat="60.87872" lon="7.25881"><ele>55</ele></trkpt>
    <trkpt lat="60.87865" lon="7.25977"><ele>57</ele></trkpt>
    <trkpt lat="60.87847" lon="7.26076"><ele>59</ele></trkpt>
    <trkpt lat="60.87801" lon="7.26174"><ele>58</ele></trkpt>
    <trkpt lat="60.87757" lon="7.26248"><ele>59</ele></trkpt>
    <trkpt lat="60.87678" lon="7.26361"><ele>60</ele></trkpt>
    <trkpt lat="60.87616" lon="7.26428"><ele>60</ele></trkpt>
    <trkpt lat="60.87579" lon="7.26491"><ele>60</ele></trkpt>
    <trkpt lat="60.87595" lon="7.26594"><ele>61</ele></trkpt>
    <trkpt lat="60.87587" lon="7.26692"><ele>62</ele></trkpt>
    <trkpt lat="60.87552" lon="7.26783"><ele>65</ele></trkpt>
    <trkpt lat="60.87509" lon="7.26825"><ele>75</ele></trkpt>
    <trkpt lat="60.87470" lon="7.26886"><ele>69</ele></trkpt>
    <trkpt lat="60.87430" lon="7.26947"><ele>63</ele></trkpt>
    <trkpt lat="60.87385" lon="7.27020"><ele>62</ele></trkpt>
    <trkpt lat="60.87345" lon="7.27089"><ele>64</ele></trkpt>
    <trkpt lat="60.87291" lon="7.27146"><ele>60</ele></trkpt>
    <trkpt lat="60.87251" lon="7.27206"><ele>60</ele></trkpt>
    <trkpt lat="60.87220" lon="7.27279"><ele>61</ele></trkpt>
    <trkpt lat="60.87186" lon="7.27391"><ele>62</ele></trkpt>
    <trkpt lat="60.87145" lon="7.27477"><ele>61</ele></trkpt>
    <trkpt lat="60.87113" lon="7.27542"><ele>60</ele></trkpt>
    <trkpt lat="60.87069" lon="7.27595"><ele>60</ele></trkpt>
    <trkpt lat="60.87022" lon="7.27616"><ele>59</ele></trkpt>
    <trkpt lat="60.86984" lon="7.27672"><ele>62</ele></trkpt>
    <trkpt lat="60.86957" lon="7.27779"><ele>80</ele></trkpt>
    <trkpt lat="60.86946" lon="7.27900"><ele>177</ele></trkpt>
    <trkpt lat="60.86948" lon="7.28161"><ele>450</ele></trkpt>
    <trkpt lat="60.86954" lon="7.28723"><ele>562</ele></trkpt>
    <trkpt lat="60.86959" lon="7.29223"><ele>405</ele></trkpt>
    <trkpt lat="60.86960" lon="7.29468"><ele>232</ele></trkpt>
    <trkpt lat="60.86959" lon="7.29585"><ele>147</ele></trkpt>
    <trkpt lat="60.86944" lon="7.29709"><ele>73</ele></trkpt>
    <trkpt lat="60.86950" lon="7.29817"><ele>64</ele></trkpt>
    <trkpt lat="60.87005" lon="7.29877"><ele>66</ele></trkpt>
    <trkpt lat="60.87051" lon="7.29929"><ele>71</ele></trkpt>
    <trkpt lat="60.87107" lon="7.30072"><ele>77</ele></trkpt>
    <trkpt lat="60.87126" lon="7.30159"><ele>71</ele></trkpt>
    <trkpt lat="60.87137" lon="7.30267"><ele>67</ele></trkpt>
    <trkpt lat="60.87130" lon="7.30393"><ele>62</ele></trkpt>
    <trkpt lat="60.87135" lon="7.30525"><ele>61</ele></trkpt>
    <trkpt lat="60.87132" lon="7.30642"><ele>59</ele></trkpt>
    <trkpt lat="60.87179" lon="7.31004"><ele>59</ele></trkpt>
    <trkpt lat="60.87194" lon="7.31112"><ele>60</ele></trkpt>
    <trkpt lat="60.87190" lon="7.31206"><ele>61</ele></trkpt>
    <trkpt lat="60.87200" lon="7.31307"><ele>61</ele></trkpt>
    <trkpt lat="60.87230" lon="7.31401"><ele>61</ele></trkpt>
    <trkpt lat="60.87259" lon="7.31495"><ele>62</ele></trkpt>
    <trkpt lat="60.87289" lon="7.31588"><ele>63</ele></trkpt>
    <trkpt lat="60.87324" lon="7.31709"><ele>64</ele></trkpt>
    <trkpt lat="60.87343" lon="7.31804"><ele>64</ele></trkpt>
    <trkpt lat="60.87374" lon="7.31881"><ele>66</ele></trkpt>
    <trkpt lat="60.87388" lon="7.31970"><ele>66</ele></trkpt>
    <trkpt lat="60.87383" lon="7.32068"><ele>67</ele></trkpt>
    <trkpt lat="60.87357" lon="7.32154"><ele>68</ele></trkpt>
    <trkpt lat="60.87300" lon="7.32269"><ele>69</ele></trkpt>
    <trkpt lat="60.87257" lon="7.32350"><ele>70</ele></trkpt>
    <trkpt lat="60.87210" lon="7.32222"><ele>70</ele></trkpt>
    <trkpt lat="60.87191" lon="7.32104"><ele>70</ele></trkpt>
    <trkpt lat="60.87164" lon="7.32006"><ele>68</ele></trkpt>
    <trkpt lat="60.87122" lon="7.31927"><ele>68</ele></trkpt>
    <trkpt lat="60.87026" lon="7.31804"><ele>67</ele></trkpt>
    <trkpt lat="60.86971" lon="7.31731"><ele>65</ele></trkpt>
    <trkpt lat="60.86923" lon="7.31647"><ele>64</ele></trkpt>
    <trkpt lat="60.86889" lon="7.31575"><ele>64</ele></trkpt>
    <trkpt lat="60.86847" lon="7.31464"><ele>62</ele></trkpt>
    <trkpt lat="60.86776" lon="7.31215"><ele>60</ele></trkpt>
    <trkpt lat="60.86744" lon="7.31150"><ele>59</ele></trkpt>
    <trkpt lat="60.86687" lon="7.31129"><ele>70</ele></trkpt>
    <trkpt lat="60.86589" lon="7.31130"><ele>138</ele></trkpt>
    <trkpt lat="60.86539" lon="7.31112"><ele>194</ele></trkpt>
    <trkpt lat="60.86471" lon="7.31063"><ele>250</ele></trkpt>
    <trkpt lat="60.86282" lon="7.30927"><ele>242</ele></trkpt>
    <trkpt lat="60.86318" lon="7.30659"><ele>141</ele></trkpt>
    <trkpt lat="60.86319" lon="7.30555"><ele>108</ele></trkpt>
    <trkpt lat="60.86287" lon="7.30482"><ele>108</ele></trkpt>
    <trkpt lat="60.86196" lon="7.30439"><ele>120</ele></trkpt>
    <trkpt lat="60.86148" lon="7.30413"><ele>124</ele></trkpt>
    <trkpt lat="60.86095" lon="7.30396"><ele>131</ele></trkpt>
    <trkpt lat="60.86047" lon="7.30344"><ele>135</ele></trkpt>
    <trkpt lat="60.86124" lon="7.30471"><ele>151</ele></trkpt>
    <trkpt lat="60.86168" lon="7.30512"><ele>153</ele></trkpt>
    <trkpt lat="60.86238" lon="7.30630"><ele>163</ele></trkpt>
    <trkpt lat="60.86276" lon="7.30694"><ele>169</ele></trkpt>
    <trkpt lat="60.86299" lon="7.30788"><ele>192</ele></trkpt>
    <trkpt lat="60.86286" lon="7.30889"><ele>230</ele></trkpt>
    <trkpt lat="60.86244" lon="7.30947"><ele>282</ele></trkpt>
    <trkpt lat="60.86198" lon="7.30937"><ele>293</ele></trkpt>
    <trkpt lat="60.86158" lon="7.30852"><ele>275</ele></trkpt>
    <trkpt lat="60.86122" lon="7.30710"><ele>239</ele></trkpt>
    <trkpt lat="60.86096" lon="7.30609"><ele>214</ele></trkpt>
    <trkpt lat="60.86034" lon="7.30523"><ele>215</ele></trkpt>
    <trkpt lat="60.85990" lon="7.30473"><ele>217</ele></trkpt>
    <trkpt lat="60.85933" lon="7.30448"><ele>226</ele></trkpt>
    <trkpt lat="60.85879" lon="7.30448"><ele>256</ele></trkpt>
    <trkpt lat="60.85854" lon="7.30534"><ele>310</ele></trkpt>
    <trkpt lat="60.85882" lon="7.30620"><ele>321</ele></trkpt>
    <trkpt lat="60.85929" lon="7.30610"><ele>294</ele></trkpt>
    <trkpt lat="60.85977" lon="7.30582"><ele>262</ele></trkpt>
    <trkpt lat="60.86035" lon="7.30638"><ele>255</ele></trkpt>
    <trkpt lat="60.86106" lon="7.30928"><ele>330</ele></trkpt>
    <trkpt lat="60.86247" lon="7.31551"><ele>689</ele></trkpt>
    <trkpt lat="60.86252" lon="7.31659"><ele>739</ele></trkpt>
    <trkpt lat="60.86229" lon="7.31748"><ele>801</ele></trkpt>
    <trkpt lat="60.86186" lon="7.31800"><ele>830</ele></trkpt>
    <trkpt lat="60.86141" lon="7.31799"><ele>813</ele></trkpt>
    <trkpt lat="60.86099" lon="7.31748"><ele>749</ele></trkpt>
    <trkpt lat="60.85889" lon="7.30840"><ele>390</ele></trkpt>
    <trkpt lat="60.85828" lon="7.30751"><ele>391</ele></trkpt>
    <trkpt lat="60.85740" lon="7.30639"><ele>399</ele></trkpt>
    <trkpt lat="60.85772" lon="7.30734"><ele>410</ele></trkpt>
    <trkpt lat="60.85814" lon="7.30822"><ele>416</ele></trkpt>
    <trkpt lat="60.85869" lon="7.30900"><ele>422</ele></trkpt>
    <trkpt lat="60.85909" lon="7.30968"><ele>428</ele></trkpt>
    <trkpt lat="60.85971" lon="7.31035"><ele>438</ele></trkpt>
    <trkpt lat="60.85984" lon="7.31130"><ele>493</ele></trkpt>
    <trkpt lat="60.85949" lon="7.31202"><ele>544</ele></trkpt>
    <trkpt lat="60.85902" lon="7.31173"><ele>544</ele></trkpt>
    <trkpt lat="60.85863" lon="7.31028"><ele>467</ele></trkpt>
    <trkpt lat="60.85808" lon="7.30967"><ele>465</ele></trkpt>
    <trkpt lat="60.85637" lon="7.30841"><ele>478</ele></trkpt>
    <trkpt lat="60.85594" lon="7.30810"><ele>485</ele></trkpt>
    <trkpt lat="60.85558" lon="7.30745"><ele>490</ele></trkpt>
    <trkpt lat="60.85540" lon="7.30656"><ele>493</ele></trkpt>
    <trkpt lat="60.85549" lon="7.30922"><ele>509</ele></trkpt>
    <trkpt lat="60.85568" lon="7.31027"><ele>513</ele></trkpt>
    <trkpt lat="60.85603" lon="7.31095"><ele>520</ele></trkpt>
    <trkpt lat="60.85664" lon="7.31094"><ele>527</ele></trkpt>
    <trkpt lat="60.85715" lon="7.31081"><ele>530</ele></trkpt>
    <trkpt lat="60.85680" lon="7.31138"><ele>539</ele></trkpt>
    <trkpt lat="60.85632" lon="7.31217"><ele>546</ele></trkpt>
    <trkpt lat="60.85595" lon="7.31282"><ele>550</ele></trkpt>
    <trkpt lat="60.85552" lon="7.31320"><ele>555</ele></trkpt>
    <trkpt lat="60.85506" lon="7.31340"><ele>558</ele></trkpt>
    <trkpt lat="60.85447" lon="7.31408"><ele>566</ele></trkpt>
    <trkpt lat="60.85388" lon="7.31456"><ele>572</ele></trkpt>
    <trkpt lat="60.85341" lon="7.31486"><ele>577</ele></trkpt>
    <trkpt lat="60.85285" lon="7.31520"><ele>582</ele></trkpt>
    <trkpt lat="60.85230" lon="7.31522"><ele>588</ele></trkpt>
    <trkpt lat="60.85178" lon="7.31478"><ele>592</ele></trkpt>
    <trkpt lat="60.85028" lon="7.31178"><ele>612</ele></trkpt>
    <trkpt lat="60.84993" lon="7.31113"><ele>616</ele></trkpt>
    <trkpt lat="60.84947" lon="7.31043"><ele>623</ele></trkpt>
    <trkpt lat="60.84898" lon="7.31011"><ele>629</ele></trkpt>
    <trkpt lat="60.84838" lon="7.31020"><ele>635</ele></trkpt>
    <trkpt lat="60.84788" lon="7.31029"><ele>641</ele></trkpt>
    <trkpt lat="60.84765" lon="7.31117"><ele>650</ele></trkpt>
    <trkpt lat="60.84792" lon="7.31227"><ele>654</ele></trkpt>
    <trkpt lat="60.84802" lon="7.31324"><ele>663</ele></trkpt>
    <trkpt lat="60.84786" lon="7.31427"><ele>690</ele></trkpt>
    <trkpt lat="60.83592" lon="7.34259"><ele>732</ele></trkpt>
    <trkpt lat="60.83552" lon="7.34345"><ele>697</ele></trkpt>
    <trkpt lat="60.83511" lon="7.34411"><ele>680</ele></trkpt>
    <trkpt lat="60.83465" lon="7.34464"><ele>663</ele></trkpt>
    <trkpt lat="60.83420" lon="7.34490"><ele>661</ele></trkpt>
    <trkpt lat="60.83363" lon="7.34510"><ele>662</ele></trkpt>
    <trkpt lat="60.83283" lon="7.34525"><ele>662</ele></trkpt>
    <trkpt lat="60.83177" lon="7.34547"><ele>665</ele></trkpt>
    <trkpt lat="60.83060" lon="7.34569"><ele>670</ele></trkpt>
    <trkpt lat="60.83005" lon="7.34577"><ele>672</ele></trkpt>
    <trkpt lat="60.82957" lon="7.34571"><ele>673</ele></trkpt>
    <trkpt lat="60.82867" lon="7.34538"><ele>677</ele></trkpt>
    <trkpt lat="60.82819" lon="7.34519"><ele>677</ele></trkpt>
    <trkpt lat="60.82771" lon="7.34516"><ele>680</ele></trkpt>
    <trkpt lat="60.82619" lon="7.34695"><ele>694</ele></trkpt>
    <trkpt lat="60.82576" lon="7.34735"><ele>699</ele></trkpt>
    <trkpt lat="60.82476" lon="7.34729"><ele>709</ele></trkpt>
    <trkpt lat="60.82429" lon="7.34746"><ele>722</ele></trkpt>
    <trkpt lat="60.82344" lon="7.34830"><ele>720</ele></trkpt>
    <trkpt lat="60.82305" lon="7.34891"><ele>725</ele></trkpt>
    <trkpt lat="60.82266" lon="7.34980"><ele>730</ele></trkpt>
    <trkpt lat="60.82229" lon="7.35045"><ele>732</ele></trkpt>
    <trkpt lat="60.82165" lon="7.35172"><ele>741</ele></trkpt>
    <trkpt lat="60.82127" lon="7.35250"><ele>739</ele></trkpt>
    <trkpt lat="60.82092" lon="7.35337"><ele>779</ele></trkpt>
    <trkpt lat="60.82083" lon="7.35479"><ele>804</ele></trkpt>
    <trkpt lat="60.82141" lon="7.36325"><ele>1166</ele></trkpt>
    <trkpt lat="60.82150" lon="7.36444"><ele>1236</ele></trkpt>
    <trkpt lat="60.82161" lon="7.36562"><ele>1283</ele></trkpt>
    <trkpt lat="60.82754" lon="7.42819"><ele>828</ele></trkpt>
    <trkpt lat="60.82758" lon="7.42942"><ele>801</ele></trkpt>
    <trkpt lat="60.82742" lon="7.43046"><ele>787</ele></trkpt>
    <trkpt lat="60.82712" lon="7.43134"><ele>790</ele></trkpt>
    <trkpt lat="60.82685" lon="7.43249"><ele>793</ele></trkpt>
    <trkpt lat="60.82662" lon="7.43331"><ele>806</ele></trkpt>
    <trkpt lat="60.82604" lon="7.43439"><ele>847</ele></trkpt>
    <trkpt lat="60.82571" lon="7.43520"><ele>922</ele></trkpt>
    <trkpt lat="60.82549" lon="7.43635"><ele>946</ele></trkpt>
    <trkpt lat="60.82545" lon="7.43743"><ele>958</ele></trkpt>
    <trkpt lat="60.82895" lon="7.47597"><ele>850</ele></trkpt>
    <trkpt lat="60.82896" lon="7.47726"><ele>821</ele></trkpt>
    <trkpt lat="60.82879" lon="7.47831"><ele>815</ele></trkpt>
    <trkpt lat="60.82859" lon="7.47915"><ele>815</ele></trkpt>
    <trkpt lat="60.82818" lon="7.48086"><ele>818</ele></trkpt>
    <trkpt lat="60.82793" lon="7.48173"><ele>819</ele></trkpt>
    <trkpt lat="60.82741" lon="7.48283"><ele>819</ele></trkpt>
    <trkpt lat="60.82713" lon="7.48382"><ele>824</ele></trkpt>
    <trkpt lat="60.82706" lon="7.48539"><ele>825</ele></trkpt>
    <trkpt lat="60.82700" lon="7.48632"><ele>824</ele></trkpt>
    <trkpt lat="60.82684" lon="7.48721"><ele>824</ele></trkpt>
    <trkpt lat="60.82648" lon="7.48828"><ele>822</ele></trkpt>
    <trkpt lat="60.82600" lon="7.48944"><ele>818</ele></trkpt>
    <trkpt lat="60.82555" lon="7.49056"><ele>816</ele></trkpt>
    <trkpt lat="60.82527" lon="7.49129"><ele>817</ele></trkpt>
    <trkpt lat="60.82495" lon="7.49247"><ele>817</ele></trkpt>
    <trkpt lat="60.82478" lon="7.49338"><ele>817</ele></trkpt>
    <trkpt lat="60.82421" lon="7.49669"><ele>816</ele></trkpt>
    <trkpt lat="60.82400" lon="7.49803"><ele>817</ele></trkpt>
    <trkpt lat="60.82384" lon="7.49924"><ele>818</ele></trkpt>
    <trkpt lat="60.82383" lon="7.50031"><ele>817</ele></trkpt>
    <trkpt lat="60.82393" lon="7.50140"><ele>818</ele></trkpt>
    <trkpt lat="60.82520" lon="7.50904"><ele>817</ele></trkpt>
    <trkpt lat="60.82532" lon="7.50998"><ele>818</ele></trkpt>
    <trkpt lat="60.82535" lon="7.51123"><ele>819</ele></trkpt>
    <trkpt lat="60.82525" lon="7.51218"><ele>820</ele></trkpt>
    <trkpt lat="60.82503" lon="7.51403"><ele>821</ele></trkpt>
    <trkpt lat="60.82487" lon="7.51511"><ele>822</ele></trkpt>
    <trkpt lat="60.82466" lon="7.51623"><ele>822</ele></trkpt>
    <trkpt lat="60.82451" lon="7.51749"><ele>823</ele></trkpt>
    <trkpt lat="60.82457" lon="7.51865"><ele>824</ele></trkpt>
    <trkpt lat="60.82473" lon="7.51967"><ele>826</ele></trkpt>
    <trkpt lat="60.82479" lon="7.52083"><ele>828</ele></trkpt>
    <trkpt lat="60.82456" lon="7.52172"><ele>831</ele></trkpt>
    <trkpt lat="60.82411" lon="7.52256"><ele>832</ele></trkpt>
    <trkpt lat="60.82362" lon="7.52344"><ele>833</ele></trkpt>
    <trkpt lat="60.82323" lon="7.52440"><ele>832</ele></trkpt>
    <trkpt lat="60.82299" lon="7.52561"><ele>834</ele></trkpt>
    <trkpt lat="60.82281" lon="7.53292"><ele>856</ele></trkpt>
    <trkpt lat="60.82278" lon="7.53393"><ele>863</ele></trkpt>
    <trkpt lat="60.82264" lon="7.53494"><ele>882</ele></trkpt>
    <trkpt lat="60.82236" lon="7.53581"><ele>910</ele></trkpt>
    <trkpt lat="60.81747" lon="7.54789"><ele>946</ele></trkpt>
    <trkpt lat="60.81707" lon="7.54874"><ele>942</ele></trkpt>
    <trkpt lat="60.81659" lon="7.54924"><ele>941</ele></trkpt>
    <trkpt lat="60.81588" lon="7.54967"><ele>943</ele></trkpt>
    <trkpt lat="60.81530" lon="7.55011"><ele>948</ele></trkpt>
    <trkpt lat="60.81468" lon="7.55084"><ele>951</ele></trkpt>
    <trkpt lat="60.81423" lon="7.55140"><ele>956</ele></trkpt>
    <trkpt lat="60.81384" lon="7.55236"><ele>958</ele></trkpt>
    <trkpt lat="60.81347" lon="7.55349"><ele>962</ele></trkpt>
    <trkpt lat="60.81318" lon="7.55425"><ele>964</ele></trkpt>
    <trkpt lat="60.81272" lon="7.55517"><ele>963</ele></trkpt>
    <trkpt lat="60.81218" lon="7.55606"><ele>962</ele></trkpt>
    <trkpt lat="60.81164" lon="7.55679"><ele>967</ele></trkpt>
    <trkpt lat="60.81096" lon="7.55750"><ele>966</ele></trkpt>
    <trkpt lat="60.81016" lon="7.55816"><ele>967</ele></trkpt>
    <trkpt lat="60.80933" lon="7.55869"><ele>967</ele></trkpt>
    <trkpt lat="60.80832" lon="7.55911"><ele>967</ele></trkpt>
    <trkpt lat="60.80765" lon="7.55936"><ele>968</ele></trkpt>
    <trkpt lat="60.80719" lon="7.55966"><ele>967</ele></trkpt>
    <trkpt lat="60.80675" lon="7.56024"><ele>968</ele></trkpt>
    <trkpt lat="60.80643" lon="7.56092"><ele>968</ele></trkpt>
    <trkpt lat="60.80613" lon="7.56170"><ele>968</ele></trkpt>
    <trkpt lat="60.80578" lon="7.56249"><ele>966</ele></trkpt>
    <trkpt lat="60.80542" lon="7.56309"><ele>967</ele></trkpt>
    <trkpt lat="60.80476" lon="7.56375"><ele>967</ele></trkpt>
    <trkpt lat="60.80429" lon="7.56412"><ele>967</ele></trkpt>
    <trkpt lat="60.80373" lon="7.56456"><ele>970</ele></trkpt>
    <trkpt lat="60.80317" lon="7.56507"><ele>971</ele></trkpt>
    <trkpt lat="60.80252" lon="7.56580"><ele>973</ele></trkpt>
    <trkpt lat="60.80202" lon="7.56647"><ele>978</ele></trkpt>
    <trkpt lat="60.80141" lon="7.56702"><ele>983</ele></trkpt>
    <trkpt lat="60.80084" lon="7.56726"><ele>988</ele></trkpt>
    <trkpt lat="60.80019" lon="7.56734"><ele>994</ele></trkpt>
    <trkpt lat="60.79960" lon="7.56744"><ele>1001</ele></trkpt>
    <trkpt lat="60.79902" lon="7.56770"><ele>1023</ele></trkpt>
    <trkpt lat="60.79849" lon="7.56818"><ele>1046</ele></trkpt>
    <trkpt lat="60.79802" lon="7.56848"><ele>1048</ele></trkpt>
    <trkpt lat="60.79756" lon="7.56842"><ele>1045</ele></trkpt>
    <trkpt lat="60.79706" lon="7.56794"><ele>1038</ele></trkpt>
    <trkpt lat="60.79662" lon="7.56724"><ele>1028</ele></trkpt>
    <trkpt lat="60.79607" lon="7.56629"><ele>1030</ele></trkpt>
    <trkpt lat="60.79565" lon="7.56553"><ele>1029</ele></trkpt>
    <trkpt lat="60.79518" lon="7.56492"><ele>1032</ele></trkpt>
    <trkpt lat="60.79463" lon="7.56428"><ele>1031</ele></trkpt>
    <trkpt lat="60.79414" lon="7.56382"><ele>1027</ele></trkpt>
    <trkpt lat="60.79363" lon="7.56358"><ele>1027</ele></trkpt>
    <trkpt lat="60.79315" lon="7.56353"><ele>1030</ele></trkpt>
    <trkpt lat="60.79258" lon="7.56361"><ele>1029</ele></trkpt>
    <trkpt lat="60.79197" lon="7.56387"><ele>1028</ele></trkpt>
    <trkpt lat="60.79118" lon="7.56431"><ele>1029</ele></trkpt>
    <trkpt lat="60.79058" lon="7.56464"><ele>1027</ele></trkpt>
    <trkpt lat="60.79013" lon="7.56482"><ele>1027</ele></trkpt>
    <trkpt lat="60.78935" lon="7.56492"><ele>1027</ele></trkpt>
    <trkpt lat="60.78839" lon="7.56496"><ele>1027</ele></trkpt>
    <trkpt lat="60.78789" lon="7.56526"><ele>1028</ele></trkpt>
    <trkpt lat="60.78747" lon="7.56611"><ele>1027</ele></trkpt>
    <trkpt lat="60.78713" lon="7.56671"><ele>1027</ele></trkpt>
    <trkpt lat="60.78667" lon="7.56708"><ele>1026</ele></trkpt>
    <trkpt lat="60.78618" lon="7.56725"><ele>1028</ele></trkpt>
    <trkpt lat="60.78575" lon="7.56772"><ele>1027</ele></trkpt>
    <trkpt lat="60.78525" lon="7.56904"><ele>1027</ele></trkpt>
    <trkpt lat="60.78495" lon="7.56980"><ele>1028</ele></trkpt>
    <trkpt lat="60.78452" lon="7.57050"><ele>1026</ele></trkpt>
    <trkpt lat="60.78400" lon="7.57109"><ele>1027</ele></trkpt>
    <trkpt lat="60.78360" lon="7.57164"><ele>1027</ele></trkpt>
    <trkpt lat="60.78303" lon="7.57271"><ele>1027</ele></trkpt>
    <trkpt lat="60.78260" lon="7.57343"><ele>1026</ele></trkpt>
    <trkpt lat="60.78218" lon="7.57383"><ele>1027</ele></trkpt>
    <trkpt lat="60.78166" lon="7.57404"><ele>1026</ele></trkpt>
    <trkpt lat="60.78118" lon="7.57397"><ele>1026</ele></trkpt>
    <trkpt lat="60.78065" lon="7.57403"><ele>1026</ele></trkpt>
    <trkpt lat="60.78017" lon="7.57426"><ele>1026</ele></trkpt>
    <trkpt lat="60.77974" lon="7.57461"><ele>1027</ele></trkpt>
    <trkpt lat="60.77931" lon="7.57514"><ele>1026</ele></trkpt>
    <trkpt lat="60.77897" lon="7.57578"><ele>1026</ele></trkpt>
    <trkpt lat="60.77842" lon="7.57696"><ele>1027</ele></trkpt>
    <trkpt lat="60.77809" lon="7.57764"><ele>1027</ele></trkpt>
    <trkpt lat="60.77768" lon="7.57842"><ele>1027</ele></trkpt>
    <trkpt lat="60.77730" lon="7.57901"><ele>1027</ele></trkpt>
    <trkpt lat="60.77683" lon="7.57954"><ele>1028</ele></trkpt>
    <trkpt lat="60.77632" lon="7.57993"><ele>1028</ele></trkpt>
    <trkpt lat="60.77580" lon="7.58016"><ele>1029</ele></trkpt>
    <trkpt lat="60.77523" lon="7.58020"><ele>1029</ele></trkpt>
    <trkpt lat="60.77465" lon="7.58007"><ele>1028</ele></trkpt>
    <trkpt lat="60.77412" lon="7.57978"><ele>1028</ele></trkpt>
    <trkpt lat="60.77358" lon="7.57927"><ele>1029</ele></trkpt>
    <trkpt lat="60.77232" lon="7.57779"><ele>1031</ele></trkpt>
    <trkpt lat="60.77182" lon="7.57721"><ele>1031</ele></trkpt>
    <trkpt lat="60.77135" lon="7.57673"><ele>1032</ele></trkpt>
    <trkpt lat="60.77084" lon="7.57642"><ele>1031</ele></trkpt>
    <trkpt lat="60.77036" lon="7.57625"><ele>1035</ele></trkpt>
    <trkpt lat="60.76981" lon="7.57623"><ele>1040</ele></trkpt>
    <trkpt lat="60.76796" lon="7.57651"><ele>1055</ele></trkpt>
    <trkpt lat="60.76726" lon="7.57674"><ele>1056</ele></trkpt>
    <trkpt lat="60.76622" lon="7.57745"><ele>1061</ele></trkpt>
    <trkpt lat="60.76561" lon="7.57790"><ele>1064</ele></trkpt>
    <trkpt lat="60.76508" lon="7.57816"><ele>1065</ele></trkpt>
    <trkpt lat="60.76462" lon="7.57818"><ele>1066</ele></trkpt>
    <trkpt lat="60.76411" lon="7.57795"><ele>1068</ele></trkpt>
    <trkpt lat="60.76344" lon="7.57755"><ele>1070</ele></trkpt>
    <trkpt lat="60.76290" lon="7.57737"><ele>1075</ele></trkpt>
    <trkpt lat="60.76239" lon="7.57767"><ele>1077</ele></trkpt>
    <trkpt lat="60.76199" lon="7.57858"><ele>1083</ele></trkpt>
    <trkpt lat="60.76162" lon="7.57935"><ele>1090</ele></trkpt>
    <trkpt lat="60.76112" lon="7.57961"><ele>1095</ele></trkpt>
    <trkpt lat="60.75995" lon="7.57899"><ele>1107</ele></trkpt>
    <trkpt lat="60.75950" lon="7.57858"><ele>1112</ele></trkpt>
    <trkpt lat="60.75917" lon="7.57773"><ele>1115</ele></trkpt>
    <trkpt lat="60.75845" lon="7.57492"><ele>1113</ele></trkpt>
    <trkpt lat="60.75817" lon="7.57406"><ele>1110</ele></trkpt>
    <trkpt lat="60.75784" lon="7.57343"><ele>1110</ele></trkpt>
    <trkpt lat="60.75719" lon="7.57250"><ele>1107</ele></trkpt>
    <trkpt lat="60.75677" lon="7.57207"><ele>1108</ele></trkpt>
    <trkpt lat="60.75629" lon="7.57203"><ele>1109</ele></trkpt>
    <trkpt lat="60.75577" lon="7.57242"><ele>1112</ele></trkpt>
    <trkpt lat="60.75533" lon="7.57282"><ele>1116</ele></trkpt>
    <trkpt lat="60.75485" lon="7.57308"><ele>1116</ele></trkpt>
    <trkpt lat="60.75433" lon="7.57299"><ele>1115</ele></trkpt>
    <trkpt lat="60.75371" lon="7.57248"><ele>1114</ele></trkpt>
    <trkpt lat="60.75323" lon="7.57213"><ele>1112</ele></trkpt>
    <trkpt lat="60.75271" lon="7.57224"><ele>1107</ele></trkpt>
    <trkpt lat="60.75225" lon="7.57264"><ele>1108</ele></trkpt>
    <trkpt lat="60.75172" lon="7.57275"><ele>1113</ele></trkpt>
    <trkpt lat="60.75049" lon="7.57237"><ele>1120</ele></trkpt>
    <trkpt lat="60.74998" lon="7.57218"><ele>1122</ele></trkpt>
    <trkpt lat="60.74929" lon="7.57182"><ele>1122</ele></trkpt>
    <trkpt lat="60.74854" lon="7.57138"><ele>1127</ele></trkpt>
    <trkpt lat="60.74808" lon="7.57115"><ele>1133</ele></trkpt>
    <trkpt lat="60.74758" lon="7.57100"><ele>1134</ele></trkpt>
    <trkpt lat="60.74703" lon="7.57099"><ele>1134</ele></trkpt>
    <trkpt lat="60.74654" lon="7.57110"><ele>1137</ele></trkpt>
    <trkpt lat="60.74604" lon="7.57144"><ele>1138</ele></trkpt>
    <trkpt lat="60.74558" lon="7.57206"><ele>1138</ele></trkpt>
    <trkpt lat="60.74512" lon="7.57283"><ele>1138</ele></trkpt>
    <trkpt lat="60.74463" lon="7.57348"><ele>1144</ele></trkpt>
    <trkpt lat="60.74400" lon="7.57383"><ele>1149</ele></trkpt>
    <trkpt lat="60.74353" lon="7.57395"><ele>1152</ele></trkpt>
    <trkpt lat="60.74300" lon="7.57426"><ele>1157</ele></trkpt>
    <trkpt lat="60.74252" lon="7.57464"><ele>1160</ele></trkpt>
    <trkpt lat="60.74201" lon="7.57486"><ele>1162</ele></trkpt>
    <trkpt lat="60.74099" lon="7.57479"><ele>1162</ele></trkpt>
    <trkpt lat="60.74005" lon="7.57471"><ele>1163</ele></trkpt>
    <trkpt lat="60.73960" lon="7.57472"><ele>1162</ele></trkpt>
    <trkpt lat="60.73914" lon="7.57488"><ele>1159</ele></trkpt>
    <trkpt lat="60.73775" lon="7.57606"><ele>1154</ele></trkpt>
    <trkpt lat="60.73691" lon="7.57683"><ele>1153</ele></trkpt>
    <trkpt lat="60.73642" lon="7.57714"><ele>1152</ele></trkpt>
    <trkpt lat="60.73577" lon="7.57712"><ele>1155</ele></trkpt>
    <trkpt lat="60.73514" lon="7.57702"><ele>1158</ele></trkpt>
    <trkpt lat="60.73459" lon="7.57718"><ele>1158</ele></trkpt>
    <trkpt lat="60.73405" lon="7.57764"><ele>1158</ele></trkpt>
    <trkpt lat="60.73335" lon="7.57852"><ele>1159</ele></trkpt>
    <trkpt lat="60.73288" lon="7.57901"><ele>1157</ele></trkpt>
    <trkpt lat="60.73236" lon="7.57937"><ele>1157</ele></trkpt>
    <trkpt lat="60.73172" lon="7.57961"><ele>1159</ele></trkpt>
    <trkpt lat="60.73020" lon="7.58007"><ele>1158</ele></trkpt>
    <trkpt lat="60.72965" lon="7.58015"><ele>1156</ele></trkpt>
    <trkpt lat="60.72917" lon="7.58000"><ele>1153</ele></trkpt>
    <trkpt lat="60.72861" lon="7.57980"><ele>1153</ele></trkpt>
    <trkpt lat="60.72812" lon="7.57989"><ele>1153</ele></trkpt>
    <trkpt lat="60.72767" lon="7.58024"><ele>1153</ele></trkpt>
    <trkpt lat="60.72631" lon="7.58224"><ele>1153</ele></trkpt>
    <trkpt lat="60.72591" lon="7.58283"><ele>1153</ele></trkpt>
    <trkpt lat="60.72551" lon="7.58338"><ele>1154</ele></trkpt>
    <trkpt lat="60.72510" lon="7.58388"><ele>1154</ele></trkpt>
    <trkpt lat="60.72452" lon="7.58448"><ele>1153</ele></trkpt>
    <trkpt lat="60.72406" lon="7.58489"><ele>1153</ele></trkpt>
    <trkpt lat="60.72359" lon="7.58526"><ele>1153</ele></trkpt>
    <trkpt lat="60.72293" lon="7.58577"><ele>1153</ele></trkpt>
    <trkpt lat="60.72250" lon="7.58621"><ele>1156</ele></trkpt>
    <trkpt lat="60.72211" lon="7.58697"><ele>1176</ele></trkpt>
    <trkpt lat="60.72180" lon="7.58790"><ele>1206</ele></trkpt>
    <trkpt lat="60.72145" lon="7.58893"><ele>1204</ele></trkpt>
    <trkpt lat="60.72109" lon="7.59004"><ele>1206</ele></trkpt>
    <trkpt lat="60.70674" lon="7.63389"><ele>1155</ele></trkpt>
    <trkpt lat="60.70649" lon="7.63470"><ele>1115</ele></trkpt>
    <trkpt lat="60.70625" lon="7.63554"><ele>1104</ele></trkpt>
    <trkpt lat="60.70607" lon="7.63654"><ele>1081</ele></trkpt>
    <trkpt lat="60.70603" lon="7.63755"><ele>1075</ele></trkpt>
    <trkpt lat="60.70604" lon="7.63881"><ele>1070</ele></trkpt>
    <trkpt lat="60.70596" lon="7.64009"><ele>1066</ele></trkpt>
    <trkpt lat="60.70575" lon="7.64155"><ele>1064</ele></trkpt>
    <trkpt lat="60.70562" lon="7.64255"><ele>1061</ele></trkpt>
    <trkpt lat="60.70560" lon="7.64363"><ele>1060</ele></trkpt>
    <trkpt lat="60.70573" lon="7.64472"><ele>1057</ele></trkpt>
    <trkpt lat="60.70626" lon="7.64643"><ele>1059</ele></trkpt>
    <trkpt lat="60.70652" lon="7.64751"><ele>1062</ele></trkpt>
    <trkpt lat="60.70661" lon="7.64864"><ele>1062</ele></trkpt>
    <trkpt lat="60.70660" lon="7.64984"><ele>1062</ele></trkpt>
    <trkpt lat="60.70661" lon="7.65090"><ele>1061</ele></trkpt>
    <trkpt lat="60.70671" lon="7.65200"><ele>1063</ele></trkpt>
    <trkpt lat="60.70682" lon="7.65291"><ele>1064</ele></trkpt>
    <trkpt lat="60.70690" lon="7.65388"><ele>1062</ele></trkpt>
    <trkpt lat="60.70689" lon="7.65494"><ele>1061</ele></trkpt>
    <trkpt lat="60.70681" lon="7.65586"><ele>1061</ele></trkpt>
    <trkpt lat="60.70588" lon="7.66155"><ele>1062</ele></trkpt>
    <trkpt lat="60.70557" lon="7.66345"><ele>1066</ele></trkpt>
    <trkpt lat="60.70543" lon="7.66445"><ele>1066</ele></trkpt>
    <trkpt lat="60.70535" lon="7.66537"><ele>1066</ele></trkpt>
    <trkpt lat="60.70535" lon="7.66655"><ele>1065</ele></trkpt>
    <trkpt lat="60.70546" lon="7.66899"><ele>1056</ele></trkpt>
    <trkpt lat="60.70550" lon="7.66991"><ele>1056</ele></trkpt>
    <trkpt lat="60.70561" lon="7.67082"><ele>1057</ele></trkpt>
    <trkpt lat="60.70592" lon="7.67198"><ele>1055</ele></trkpt>
    <trkpt lat="60.70639" lon="7.67330"><ele>1059</ele></trkpt>
    <trkpt lat="60.70664" lon="7.67406"><ele>1060</ele></trkpt>
    <trkpt lat="60.70683" lon="7.67500"><ele>1060</ele></trkpt>
    <trkpt lat="60.70691" lon="7.67634"><ele>1061</ele></trkpt>
    <trkpt lat="60.70692" lon="7.67776"><ele>1060</ele></trkpt>
    <trkpt lat="60.70698" lon="7.67883"><ele>1058</ele></trkpt>
    <trkpt lat="60.70713" lon="7.67992"><ele>1055</ele></trkpt>
    <trkpt lat="60.70743" lon="7.68104"><ele>1050</ele></trkpt>
    <trkpt lat="60.70778" lon="7.68184"><ele>1047</ele></trkpt>
    <trkpt lat="60.70822" lon="7.68246"><ele>1044</ele></trkpt>
    <trkpt lat="60.70869" lon="7.68282"><ele>1043</ele></trkpt>
    <trkpt lat="60.70922" lon="7.68292"><ele>1038</ele></trkpt>
    <trkpt lat="60.71067" lon="7.68269"><ele>1025</ele></trkpt>
    <trkpt lat="60.71119" lon="7.68267"><ele>1020</ele></trkpt>
    <trkpt lat="60.71175" lon="7.68285"><ele>1017</ele></trkpt>
    <trkpt lat="60.71233" lon="7.68326"><ele>1016</ele></trkpt>
    <trkpt lat="60.71282" lon="7.68371"><ele>1015</ele></trkpt>
    <trkpt lat="60.71343" lon="7.68442"><ele>1013</ele></trkpt>
    <trkpt lat="60.71395" lon="7.68515"><ele>1013</ele></trkpt>
    <trkpt lat="60.71437" lon="7.68590"><ele>1013</ele></trkpt>
    <trkpt lat="60.71475" lon="7.68680"><ele>1012</ele></trkpt>
    <trkpt lat="60.71530" lon="7.68839"><ele>1014</ele></trkpt>
    <trkpt lat="60.71572" lon="7.68960"><ele>1016</ele></trkpt>
    <trkpt lat="60.71617" lon="7.69084"><ele>1015</ele></trkpt>
    <trkpt lat="60.71646" lon="7.69159"><ele>1014</ele></trkpt>
    <trkpt lat="60.71726" lon="7.69352"><ele>1018</ele></trkpt>
    <trkpt lat="60.71764" lon="7.69438"><ele>1017</ele></trkpt>
    <trkpt lat="60.71800" lon="7.69508"><ele>1018</ele></trkpt>
    <trkpt lat="60.71853" lon="7.69592"><ele>1016</ele></trkpt>
    <trkpt lat="60.71906" lon="7.69664"><ele>1011</ele></trkpt>
    <trkpt lat="60.71953" lon="7.69736"><ele>1008</ele></trkpt>
    <trkpt lat="60.71991" lon="7.69821"><ele>1005</ele></trkpt>
    <trkpt lat="60.72019" lon="7.69918"><ele>1003</ele></trkpt>
    <trkpt lat="60.72087" lon="7.70266"><ele>1005</ele></trkpt>
    <trkpt lat="60.72125" lon="7.70463"><ele>1003</ele></trkpt>
    <trkpt lat="60.72145" lon="7.70570"><ele>1005</ele></trkpt>
    <trkpt lat="60.72159" lon="7.70699"><ele>1003</ele></trkpt>
    <trkpt lat="60.72163" lon="7.70828"><ele>1003</ele></trkpt>
    <trkpt lat="60.72163" lon="7.71050"><ele>1002</ele></trkpt>
    <trkpt lat="60.72164" lon="7.71166"><ele>1002</ele></trkpt>
    <trkpt lat="60.72168" lon="7.71264"><ele>1002</ele></trkpt>
    <trkpt lat="60.72176" lon="7.71359"><ele>1002</ele></trkpt>
    <trkpt lat="60.72188" lon="7.71458"><ele>1003</ele></trkpt>
    <trkpt lat="60.72219" lon="7.71650"><ele>1001</ele></trkpt>
    <trkpt lat="60.72243" lon="7.71795"><ele>1003</ele></trkpt>
    <trkpt lat="60.72279" lon="7.72016"><ele>1001</ele></trkpt>
    <trkpt lat="60.72304" lon="7.72169"><ele>1002</ele></trkpt>
    <trkpt lat="60.72335" lon="7.72320"><ele>1001</ele></trkpt>
    <trkpt lat="60.72361" lon="7.72452"><ele>1001</ele></trkpt>
    <trkpt lat="60.72426" lon="7.72785"><ele>1003</ele></trkpt>
    <trkpt lat="60.72449" lon="7.72901"><ele>1005</ele></trkpt>
    <trkpt lat="60.72467" lon="7.72989"><ele>1004</ele></trkpt>
    <trkpt lat="60.72496" lon="7.73089"><ele>1003</ele></trkpt>
    <trkpt lat="60.72527" lon="7.73187"><ele>1001</ele></trkpt>
    <trkpt lat="60.72549" lon="7.73291"><ele>999</ele></trkpt>
    <trkpt lat="60.72560" lon="7.73384"><ele>999</ele></trkpt>
    <trkpt lat="60.72579" lon="7.73571"><ele>996</ele></trkpt>
    <trkpt lat="60.72618" lon="7.73944"><ele>993</ele></trkpt>
    <trkpt lat="60.72628" lon="7.74051"><ele>992</ele></trkpt>
    <trkpt lat="60.72629" lon="7.74164"><ele>990</ele></trkpt>
    <trkpt lat="60.72621" lon="7.74281"><ele>991</ele></trkpt>
    <trkpt lat="60.72604" lon="7.74486"><ele>989</ele></trkpt>
    <trkpt lat="60.72597" lon="7.74585"><ele>990</ele></trkpt>
    <trkpt lat="60.72599" lon="7.74701"><ele>989</ele></trkpt>
    <trkpt lat="60.72608" lon="7.74793"><ele>987</ele></trkpt>
    <trkpt lat="60.72623" lon="7.74921"><ele>987</ele></trkpt>
    <trkpt lat="60.72631" lon="7.75028"><ele>989</ele></trkpt>
    <trkpt lat="60.72629" lon="7.75151"><ele>992</ele></trkpt>
    <trkpt lat="60.72619" lon="7.75244"><ele>996</ele></trkpt>
    <trkpt lat="60.72587" lon="7.75409"><ele>997</ele></trkpt>
    <trkpt lat="60.72571" lon="7.75510"><ele>995</ele></trkpt>
    <trkpt lat="60.72553" lon="7.75670"><ele>996</ele></trkpt>
    <trkpt lat="60.72539" lon="7.75772"><ele>995</ele></trkpt>
    <trkpt lat="60.72519" lon="7.75875"><ele>993</ele></trkpt>
    <trkpt lat="60.72493" lon="7.75992"><ele>992</ele></trkpt>
    <trkpt lat="60.72459" lon="7.76140"><ele>991</ele></trkpt>
    <trkpt lat="60.72438" lon="7.76229"><ele>992</ele></trkpt>
    <trkpt lat="60.72419" lon="7.76328"><ele>993</ele></trkpt>
    <trkpt lat="60.72401" lon="7.76448"><ele>993</ele></trkpt>
    <trkpt lat="60.72376" lon="7.76617"><ele>994</ele></trkpt>
    <trkpt lat="60.72358" lon="7.76743"><ele>997</ele></trkpt>
    <trkpt lat="60.72340" lon="7.76844"><ele>999</ele></trkpt>
    <trkpt lat="60.72314" lon="7.76952"><ele>999</ele></trkpt>
    <trkpt lat="60.72260" lon="7.77153"><ele>998</ele></trkpt>
    <trkpt lat="60.72234" lon="7.77262"><ele>998</ele></trkpt>
    <trkpt lat="60.72213" lon="7.77368"><ele>996</ele></trkpt>
    <trkpt lat="60.72191" lon="7.77520"><ele>999</ele></trkpt>
    <trkpt lat="60.72172" lon="7.77691"><ele>1001</ele></trkpt>
    <trkpt lat="60.72155" lon="7.77812"><ele>999</ele></trkpt>
    <trkpt lat="60.72132" lon="7.77946"><ele>997</ele></trkpt>
    <trkpt lat="60.72105" lon="7.78120"><ele>992</ele></trkpt>
    <trkpt lat="60.72086" lon="7.78252"><ele>993</ele></trkpt>
    <trkpt lat="60.72031" lon="7.78632"><ele>993</ele></trkpt>
    <trkpt lat="60.72018" lon="7.78731"><ele>992</ele></trkpt>
    <trkpt lat="60.72008" lon="7.78828"><ele>993</ele></trkpt>
    <trkpt lat="60.71989" lon="7.79041"><ele>991</ele></trkpt>
    <trkpt lat="60.71982" lon="7.79139"><ele>995</ele></trkpt>
    <trkpt lat="60.71983" lon="7.79266"><ele>995</ele></trkpt>
    <trkpt lat="60.71991" lon="7.79362"><ele>993</ele></trkpt>
    <trkpt lat="60.71998" lon="7.79501"><ele>997</ele></trkpt>
    <trkpt lat="60.71998" lon="7.79633"><ele>998</ele></trkpt>
    <trkpt lat="60.71996" lon="7.79901"><ele>1002</ele></trkpt>
    <trkpt lat="60.71994" lon="7.79992"><ele>1003</ele></trkpt>
    <trkpt lat="60.71987" lon="7.80109"><ele>1005</ele></trkpt>
    <trkpt lat="60.71968" lon="7.80263"><ele>1005</ele></trkpt>
    <trkpt lat="60.71959" lon="7.80382"><ele>1005</ele></trkpt>
    <trkpt lat="60.71955" lon="7.80503"><ele>1007</ele></trkpt>
    <trkpt lat="60.71950" lon="7.80613"><ele>1007</ele></trkpt>
    <trkpt lat="60.71940" lon="7.80723"><ele>1008</ele></trkpt>
    <trkpt lat="60.71922" lon="7.80842"><ele>1009</ele></trkpt>
    <trkpt lat="60.71872" lon="7.81090"><ele>1010</ele></trkpt>
    <trkpt lat="60.71848" lon="7.81212"><ele>1011</ele></trkpt>
    <trkpt lat="60.71828" lon="7.81339"><ele>1009</ele></trkpt>
    <trkpt lat="60.71806" lon="7.81445"><ele>1007</ele></trkpt>
    <trkpt lat="60.71780" lon="7.81532"><ele>1003</ele></trkpt>
    <trkpt lat="60.71732" lon="7.81663"><ele>1000</ele></trkpt>
    <trkpt lat="60.71694" lon="7.81766"><ele>996</ele></trkpt>
    <trkpt lat="60.71663" lon="7.81852"><ele>995</ele></trkpt>
    <trkpt lat="60.71635" lon="7.81950"><ele>994</ele></trkpt>
    <trkpt lat="60.71614" lon="7.82067"><ele>993</ele></trkpt>
    <trkpt lat="60.71567" lon="7.82442"><ele>1000</ele></trkpt>
    <trkpt lat="60.71553" lon="7.82558"><ele>1001</ele></trkpt>
    <trkpt lat="60.71539" lon="7.82656"><ele>1000</ele></trkpt>
    <trkpt lat="60.71516" lon="7.82768"><ele>1001</ele></trkpt>
    <trkpt lat="60.71489" lon="7.82857"><ele>1001</ele></trkpt>
    <trkpt lat="60.71420" lon="7.83057"><ele>1001</ele></trkpt>
    <trkpt lat="60.71392" lon="7.83140"><ele>1000</ele></trkpt>
    <trkpt lat="60.71356" lon="7.83239"><ele>997</ele></trkpt>
    <trkpt lat="60.71321" lon="7.83324"><ele>995</ele></trkpt>
    <trkpt lat="60.71283" lon="7.83394"><ele>994</ele></trkpt>
    <trkpt lat="60.71239" lon="7.83464"><ele>991</ele></trkpt>
    <trkpt lat="60.71176" lon="7.83551"><ele>988</ele></trkpt>
    <trkpt lat="60.71123" lon="7.83630"><ele>985</ele></trkpt>
    <trkpt lat="60.71077" lon="7.83710"><ele>986</ele></trkpt>
    <trkpt lat="60.71045" lon="7.83776"><ele>985</ele></trkpt>
    <trkpt lat="60.71003" lon="7.83872"><ele>985</ele></trkpt>
    <trkpt lat="60.70963" lon="7.83976"><ele>986</ele></trkpt>
    <trkpt lat="60.70936" lon="7.84056"><ele>985</ele></trkpt>
    <trkpt lat="60.70911" lon="7.84141"><ele>986</ele></trkpt>
    <trkpt lat="60.70888" lon="7.84244"><ele>988</ele></trkpt>
    <trkpt lat="60.70870" lon="7.84364"><ele>988</ele></trkpt>
    <trkpt lat="60.70860" lon="7.84469"><ele>990</ele></trkpt>
    <trkpt lat="60.70855" lon="7.84600"><ele>991</ele></trkpt>
    <trkpt lat="60.70854" lon="7.84694"><ele>994</ele></trkpt>
    <trkpt lat="60.70850" lon="7.84790"><ele>994</ele></trkpt>
    <trkpt lat="60.70841" lon="7.84881"><ele>997</ele></trkpt>
    <trkpt lat="60.70825" lon="7.84976"><ele>995</ele></trkpt>
    <trkpt lat="60.70770" lon="7.85189"><ele>997</ele></trkpt>
    <trkpt lat="60.70746" lon="7.85303"><ele>997</ele></trkpt>
    <trkpt lat="60.70725" lon="7.85420"><ele>999</ele></trkpt>
    <trkpt lat="60.70702" lon="7.85531"><ele>999</ele></trkpt>
    <trkpt lat="60.70657" lon="7.85693"><ele>1001</ele></trkpt>
    <trkpt lat="60.70528" lon="7.86136"><ele>1000</ele></trkpt>
    <trkpt lat="60.70466" lon="7.86354"><ele>1000</ele></trkpt>
    <trkpt lat="60.70421" lon="7.86507"><ele>1000</ele></trkpt>
    <trkpt lat="60.70393" lon="7.86587"><ele>999</ele></trkpt>
    <trkpt lat="60.70362" lon="7.86655"><ele>997</ele></trkpt>
    <trkpt lat="60.70317" lon="7.86746"><ele>994</ele></trkpt>
    <trkpt lat="60.70279" lon="7.86833"><ele>993</ele></trkpt>
    <trkpt lat="60.70169" lon="7.87132"><ele>994</ele></trkpt>
    <trkpt lat="60.70137" lon="7.87216"><ele>995</ele></trkpt>
    <trkpt lat="60.70103" lon="7.87298"><ele>997</ele></trkpt>
    <trkpt lat="60.70058" lon="7.87398"><ele>998</ele></trkpt>
    <trkpt lat="60.70025" lon="7.87474"><ele>998</ele></trkpt>
    <trkpt lat="60.69921" lon="7.87771"><ele>994</ele></trkpt>
    <trkpt lat="60.69889" lon="7.87860"><ele>993</ele></trkpt>
    <trkpt lat="60.69860" lon="7.87939"><ele>991</ele></trkpt>
    <trkpt lat="60.69783" lon="7.88143"><ele>989</ele></trkpt>
    <trkpt lat="60.69747" lon="7.88241"><ele>989</ele></trkpt>
    <trkpt lat="60.69696" lon="7.88405"><ele>987</ele></trkpt>
    <trkpt lat="60.69667" lon="7.88498"><ele>987</ele></trkpt>
    <trkpt lat="60.69622" lon="7.88649"><ele>984</ele></trkpt>
    <trkpt lat="60.69560" lon="7.88856"><ele>983</ele></trkpt>
    <trkpt lat="60.69538" lon="7.88936"><ele>984</ele></trkpt>
    <trkpt lat="60.69515" lon="7.89109"><ele>982</ele></trkpt>
    <trkpt lat="60.69500" lon="7.89214"><ele>983</ele></trkpt>
    <trkpt lat="60.69475" lon="7.89303"><ele>984</ele></trkpt>
    <trkpt lat="60.69444" lon="7.89385"><ele>983</ele></trkpt>
    <trkpt lat="60.69413" lon="7.89497"><ele>984</ele></trkpt>
    <trkpt lat="60.69396" lon="7.89587"><ele>982</ele></trkpt>
    <trkpt lat="60.69380" lon="7.89674"><ele>981</ele></trkpt>
    <trkpt lat="60.69341" lon="7.89889"><ele>983</ele></trkpt>
    <trkpt lat="60.69320" lon="7.90001"><ele>983</ele></trkpt>
    <trkpt lat="60.69296" lon="7.90104"><ele>983</ele></trkpt>
    <trkpt lat="60.69272" lon="7.90186"><ele>984</ele></trkpt>
    <trkpt lat="60.69237" lon="7.90308"><ele>984</ele></trkpt>
    <trkpt lat="60.69200" lon="7.90434"><ele>987</ele></trkpt>
    <trkpt lat="60.69149" lon="7.90607"><ele>987</ele></trkpt>
    <trkpt lat="60.69120" lon="7.90706"><ele>988</ele></trkpt>
    <trkpt lat="60.69094" lon="7.90794"><ele>988</ele></trkpt>
    <trkpt lat="60.69060" lon="7.90890"><ele>988</ele></trkpt>
    <trkpt lat="60.68994" lon="7.91018"><ele>991</ele></trkpt>
    <trkpt lat="60.68955" lon="7.91110"><ele>990</ele></trkpt>
    <trkpt lat="60.68922" lon="7.91204"><ele>988</ele></trkpt>
    <trkpt lat="60.68881" lon="7.91293"><ele>988</ele></trkpt>
    <trkpt lat="60.68822" lon="7.91376"><ele>986</ele></trkpt>
    <trkpt lat="60.68782" lon="7.91437"><ele>986</ele></trkpt>
    <trkpt lat="60.68752" lon="7.91507"><ele>985</ele></trkpt>
    <trkpt lat="60.68722" lon="7.91587"><ele>985</ele></trkpt>
    <trkpt lat="60.68682" lon="7.91662"><ele>986</ele></trkpt>
    <trkpt lat="60.68573" lon="7.91814"><ele>987</ele></trkpt>
    <trkpt lat="60.68507" lon="7.91904"><ele>990</ele></trkpt>
    <trkpt lat="60.68466" lon="7.91958"><ele>992</ele></trkpt>
    <trkpt lat="60.68420" lon="7.92018"><ele>994</ele></trkpt>
    <trkpt lat="60.68370" lon="7.92089"><ele>995</ele></trkpt>
    <trkpt lat="60.68333" lon="7.92161"><ele>995</ele></trkpt>
    <trkpt lat="60.68300" lon="7.92251"><ele>995</ele></trkpt>
    <trkpt lat="60.68276" lon="7.92337"><ele>996</ele></trkpt>
    <trkpt lat="60.68242" lon="7.92477"><ele>995</ele></trkpt>
    <trkpt lat="60.68224" lon="7.92579"><ele>995</ele></trkpt>
    <trkpt lat="60.68220" lon="7.92690"><ele>997</ele></trkpt>
    <trkpt lat="60.68228" lon="7.92788"><ele>999</ele></trkpt>
    <trkpt lat="60.68258" lon="7.92925"><ele>998</ele></trkpt>
    <trkpt lat="60.68328" lon="7.93164"><ele>998</ele></trkpt>
    <trkpt lat="60.68354" lon="7.93257"><ele>996</ele></trkpt>
    <trkpt lat="60.68373" lon="7.93345"><ele>994</ele></trkpt>
    <trkpt lat="60.68393" lon="7.93457"><ele>991</ele></trkpt>
    <trkpt lat="60.68412" lon="7.93543"><ele>990</ele></trkpt>
    <trkpt lat="60.68442" lon="7.93664"><ele>987</ele></trkpt>
    <trkpt lat="60.68462" lon="7.93760"><ele>983</ele></trkpt>
    <trkpt lat="60.68478" lon="7.93859"><ele>979</ele></trkpt>
    <trkpt lat="60.68494" lon="7.94007"><ele>973</ele></trkpt>
    <trkpt lat="60.68506" lon="7.94158"><ele>969</ele></trkpt>
    <trkpt lat="60.68519" lon="7.94311"><ele>965</ele></trkpt>
    <trkpt lat="60.68536" lon="7.94527"><ele>962</ele></trkpt>
    <trkpt lat="60.68548" lon="7.94665"><ele>961</ele></trkpt>
    <trkpt lat="60.68556" lon="7.94776"><ele>961</ele></trkpt>
    <trkpt lat="60.68557" lon="7.94879"><ele>960</ele></trkpt>
    <trkpt lat="60.68548" lon="7.94993"><ele>959</ele></trkpt>
    <trkpt lat="60.68528" lon="7.95091"><ele>958</ele></trkpt>
    <trkpt lat="60.68496" lon="7.95187"><ele>959</ele></trkpt>
    <trkpt lat="60.68455" lon="7.95279"><ele>957</ele></trkpt>
    <trkpt lat="60.68426" lon="7.95353"><ele>957</ele></trkpt>
    <trkpt lat="60.68400" lon="7.95444"><ele>957</ele></trkpt>
    <trkpt lat="60.68390" lon="7.95538"><ele>955</ele></trkpt>
    <trkpt lat="60.68391" lon="7.95647"><ele>954</ele></trkpt>
    <trkpt lat="60.68402" lon="7.95779"><ele>952</ele></trkpt>
    <trkpt lat="60.68409" lon="7.95891"><ele>951</ele></trkpt>
    <trkpt lat="60.68404" lon="7.96010"><ele>951</ele></trkpt>
    <trkpt lat="60.68390" lon="7.96108"><ele>952</ele></trkpt>
    <trkpt lat="60.68366" lon="7.96203"><ele>953</ele></trkpt>
    <trkpt lat="60.68335" lon="7.96289"><ele>952</ele></trkpt>
    <trkpt lat="60.68300" lon="7.96373"><ele>953</ele></trkpt>
    <trkpt lat="60.68264" lon="7.96462"><ele>953</ele></trkpt>
    <trkpt lat="60.68234" lon="7.96547"><ele>953</ele></trkpt>
    <trkpt lat="60.68206" lon="7.96646"><ele>953</ele></trkpt>
    <trkpt lat="60.68183" lon="7.96741"><ele>954</ele></trkpt>
    <trkpt lat="60.68163" lon="7.96847"><ele>952</ele></trkpt>
    <trkpt lat="60.68144" lon="7.96965"><ele>949</ele></trkpt>
    <trkpt lat="60.68132" lon="7.97058"><ele>946</ele></trkpt>
    <trkpt lat="60.68115" lon="7.97224"><ele>939</ele></trkpt>
    <trkpt lat="60.68099" lon="7.97396"><ele>935</ele></trkpt>
    <trkpt lat="60.68087" lon="7.97517"><ele>931</ele></trkpt>
    <trkpt lat="60.68075" lon="7.97643"><ele>928</ele></trkpt>
    <trkpt lat="60.68058" lon="7.97762"><ele>926</ele></trkpt>
    <trkpt lat="60.68033" lon="7.97858"><ele>923</ele></trkpt>
    <trkpt lat="60.67999" lon="7.97944"><ele>918</ele></trkpt>
    <trkpt lat="60.67965" lon="7.98004"><ele>917</ele></trkpt>
    <trkpt lat="60.67894" lon="7.98102"><ele>910</ele></trkpt>
    <trkpt lat="60.67854" lon="7.98166"><ele>905</ele></trkpt>
    <trkpt lat="60.67796" lon="7.98300"><ele>899</ele></trkpt>
    <trkpt lat="60.67762" lon="7.98379"><ele>893</ele></trkpt>
    <trkpt lat="60.67729" lon="7.98451"><ele>888</ele></trkpt>
    <trkpt lat="60.67681" lon="7.98543"><ele>882</ele></trkpt>
    <trkpt lat="60.67635" lon="7.98621"><ele>880</ele></trkpt>
    <trkpt lat="60.67584" lon="7.98701"><ele>879</ele></trkpt>
    <trkpt lat="60.67515" lon="7.98808"><ele>879</ele></trkpt>
    <trkpt lat="60.67414" lon="7.98963"><ele>877</ele></trkpt>
    <trkpt lat="60.67356" lon="7.99051"><ele>876</ele></trkpt>
    <trkpt lat="60.67315" lon="7.99110"><ele>875</ele></trkpt>
    <trkpt lat="60.67272" lon="7.99154"><ele>875</ele></trkpt>
    <trkpt lat="60.67224" lon="7.99184"><ele>875</ele></trkpt>
    <trkpt lat="60.67179" lon="7.99203"><ele>874</ele></trkpt>
    <trkpt lat="60.67113" lon="7.99229"><ele>878</ele></trkpt>
    <trkpt lat="60.67068" lon="7.99278"><ele>880</ele></trkpt>
    <trkpt lat="60.67035" lon="7.99357"><ele>881</ele></trkpt>
    <trkpt lat="60.66995" lon="7.99414"><ele>878</ele></trkpt>
    <trkpt lat="60.66945" lon="7.99448"><ele>876</ele></trkpt>
    <trkpt lat="60.66895" lon="7.99509"><ele>874</ele></trkpt>
    <trkpt lat="60.66864" lon="7.99598"><ele>871</ele></trkpt>
    <trkpt lat="60.66826" lon="7.99672"><ele>869</ele></trkpt>
    <trkpt lat="60.66780" lon="7.99698"><ele>867</ele></trkpt>
    <trkpt lat="60.66734" lon="7.99738"><ele>865</ele></trkpt>
    <trkpt lat="60.66692" lon="7.99826"><ele>861</ele></trkpt>
    <trkpt lat="60.66661" lon="7.99910"><ele>857</ele></trkpt>
    <trkpt lat="60.66620" lon="7.99962"><ele>854</ele></trkpt>
    <trkpt lat="60.66574" lon="7.99959"><ele>850</ele></trkpt>
    <trkpt lat="60.66529" lon="7.99892"><ele>847</ele></trkpt>
    <trkpt lat="60.66492" lon="7.99815"><ele>845</ele></trkpt>
    <trkpt lat="60.66444" lon="7.99772"><ele>841</ele></trkpt>
    <trkpt lat="60.66396" lon="7.99750"><ele>840</ele></trkpt>
    <trkpt lat="60.66338" lon="7.99739"><ele>836</ele></trkpt>
    <trkpt lat="60.66290" lon="7.99758"><ele>832</ele></trkpt>
    <trkpt lat="60.66245" lon="7.99826"><ele>828</ele></trkpt>
    <trkpt lat="60.66207" lon="7.99897"><ele>823</ele></trkpt>
    <trkpt lat="60.66169" lon="7.99965"><ele>819</ele></trkpt>
    <trkpt lat="60.66137" lon="8.00033"><ele>815</ele></trkpt>
    <trkpt lat="60.66111" lon="8.00109"><ele>812</ele></trkpt>
    <trkpt lat="60.66065" lon="8.00291"><ele>804</ele></trkpt>
    <trkpt lat="60.66041" lon="8.00388"><ele>801</ele></trkpt>
    <trkpt lat="60.66025" lon="8.00488"><ele>798</ele></trkpt>
    <trkpt lat="60.66027" lon="8.00607"><ele>796</ele></trkpt>
    <trkpt lat="60.66035" lon="8.00729"><ele>795</ele></trkpt>
    <trkpt lat="60.66058" lon="8.01029"><ele>788</ele></trkpt>
    <trkpt lat="60.66067" lon="8.01140"><ele>785</ele></trkpt>
    <trkpt lat="60.66074" lon="8.01243"><ele>783</ele></trkpt>
    <trkpt lat="60.66071" lon="8.01341"><ele>782</ele></trkpt>
    <trkpt lat="60.66033" lon="8.01563"><ele>779</ele></trkpt>
    <trkpt lat="60.66008" lon="8.01688"><ele>776</ele></trkpt>
    <trkpt lat="60.65956" lon="8.01893"><ele>779</ele></trkpt>
    <trkpt lat="60.65936" lon="8.01989"><ele>779</ele></trkpt>
    <trkpt lat="60.65919" lon="8.02122"><ele>779</ele></trkpt>
    <trkpt lat="60.65899" lon="8.02324"><ele>777</ele></trkpt>
    <trkpt lat="60.65885" lon="8.02429"><ele>777</ele></trkpt>
    <trkpt lat="60.65839" lon="8.02549"><ele>780</ele></trkpt>
    <trkpt lat="60.65809" lon="8.02629"><ele>785</ele></trkpt>
    <trkpt lat="60.65768" lon="8.02747"><ele>787</ele></trkpt>
    <trkpt lat="60.65719" lon="8.02829"><ele>790</ele></trkpt>
    <trkpt lat="60.65679" lon="8.02905"><ele>794</ele></trkpt>
    <trkpt lat="60.65642" lon="8.03025"><ele>795</ele></trkpt>
    <trkpt lat="60.65621" lon="8.03113"><ele>796</ele></trkpt>
    <trkpt lat="60.65595" lon="8.03223"><ele>792</ele></trkpt>
    <trkpt lat="60.65581" lon="8.03314"><ele>787</ele></trkpt>
    <trkpt lat="60.65586" lon="8.03442"><ele>782</ele></trkpt>
    <trkpt lat="60.65573" lon="8.03546"><ele>778</ele></trkpt>
    <trkpt lat="60.65534" lon="8.03616"><ele>774</ele></trkpt>
    <trkpt lat="60.65484" lon="8.03718"><ele>770</ele></trkpt>
    <trkpt lat="60.65441" lon="8.03794"><ele>766</ele></trkpt>
    <trkpt lat="60.65405" lon="8.03849"><ele>764</ele></trkpt>
    <trkpt lat="60.65365" lon="8.03920"><ele>762</ele></trkpt>
    <trkpt lat="60.65240" lon="8.04184"><ele>763</ele></trkpt>
    <trkpt lat="60.65196" lon="8.04279"><ele>764</ele></trkpt>
    <trkpt lat="60.65152" lon="8.04367"><ele>762</ele></trkpt>
    <trkpt lat="60.65103" lon="8.04436"><ele>758</ele></trkpt>
    <trkpt lat="60.65052" lon="8.04471"><ele>755</ele></trkpt>
    <trkpt lat="60.64997" lon="8.04510"><ele>755</ele></trkpt>
    <trkpt lat="60.64945" lon="8.04586"><ele>755</ele></trkpt>
    <trkpt lat="60.64897" lon="8.04648"><ele>752</ele></trkpt>
    <trkpt lat="60.64850" lon="8.04681"><ele>749</ele></trkpt>
    <trkpt lat="60.64810" lon="8.04729"><ele>747</ele></trkpt>
    <trkpt lat="60.64770" lon="8.04791"><ele>747</ele></trkpt>
    <trkpt lat="60.64720" lon="8.04848"><ele>746</ele></trkpt>
    <trkpt lat="60.64674" lon="8.04889"><ele>748</ele></trkpt>
    <trkpt lat="60.64632" lon="8.04950"><ele>745</ele></trkpt>
    <trkpt lat="60.64591" lon="8.05001"><ele>742</ele></trkpt>
    <trkpt lat="60.64546" lon="8.05045"><ele>742</ele></trkpt>
    <trkpt lat="60.64507" lon="8.05095"><ele>742</ele></trkpt>
    <trkpt lat="60.64377" lon="8.05291"><ele>736</ele></trkpt>
    <trkpt lat="60.64287" lon="8.05427"><ele>735</ele></trkpt>
    <trkpt lat="60.64242" lon="8.05500"><ele>735</ele></trkpt>
    <trkpt lat="60.64201" lon="8.05573"><ele>735</ele></trkpt>
    <trkpt lat="60.64160" lon="8.05656"><ele>736</ele></trkpt>
    <trkpt lat="60.63976" lon="8.06037"><ele>738</ele></trkpt>
    <trkpt lat="60.63935" lon="8.06121"><ele>739</ele></trkpt>
    <trkpt lat="60.63898" lon="8.06191"><ele>738</ele></trkpt>
    <trkpt lat="60.63849" lon="8.06262"><ele>738</ele></trkpt>
    <trkpt lat="60.63800" lon="8.06304"><ele>737</ele></trkpt>
    <trkpt lat="60.63747" lon="8.06360"><ele>736</ele></trkpt>
    <trkpt lat="60.63709" lon="8.06419"><ele>737</ele></trkpt>
    <trkpt lat="60.63657" lon="8.06513"><ele>737</ele></trkpt>
    <trkpt lat="60.63621" lon="8.06573"><ele>736</ele></trkpt>
    <trkpt lat="60.63564" lon="8.06639"><ele>736</ele></trkpt>
    <trkpt lat="60.63491" lon="8.06704"><ele>737</ele></trkpt>
    <trkpt lat="60.63449" lon="8.06757"><ele>737</ele></trkpt>
    <trkpt lat="60.63417" lon="8.06827"><ele>736</ele></trkpt>
    <trkpt lat="60.63381" lon="8.06919"><ele>735</ele></trkpt>
    <trkpt lat="60.63350" lon="8.06987"><ele>736</ele></trkpt>
    <trkpt lat="60.63309" lon="8.07048"><ele>735</ele></trkpt>
    <trkpt lat="60.63260" lon="8.07103"><ele>735</ele></trkpt>
    <trkpt lat="60.63215" lon="8.07145"><ele>735</ele></trkpt>
    <trkpt lat="60.63171" lon="8.07176"><ele>734</ele></trkpt>
    <trkpt lat="60.63107" lon="8.07238"><ele>734</ele></trkpt>
    <trkpt lat="60.63019" lon="8.07329"><ele>735</ele></trkpt>
    <trkpt lat="60.62976" lon="8.07361"><ele>735</ele></trkpt>
    <trkpt lat="60.62929" lon="8.07380"><ele>737</ele></trkpt>
    <trkpt lat="60.62878" lon="8.07387"><ele>737</ele></trkpt>
    <trkpt lat="60.62824" lon="8.07398"><ele>738</ele></trkpt>
    <trkpt lat="60.62750" lon="8.07429"><ele>737</ele></trkpt>
    <trkpt lat="60.62707" lon="8.07472"><ele>737</ele></trkpt>
    <trkpt lat="60.62677" lon="8.07551"><ele>733</ele></trkpt>
    <trkpt lat="60.62642" lon="8.07609"><ele>731</ele></trkpt>
    <trkpt lat="60.62593" lon="8.07636"><ele>729</ele></trkpt>
    <trkpt lat="60.62524" lon="8.07667"><ele>726</ele></trkpt>
    <trkpt lat="60.62477" lon="8.07693"><ele>724</ele></trkpt>
    <trkpt lat="60.62426" lon="8.07734"><ele>722</ele></trkpt>
    <trkpt lat="60.62382" lon="8.07769"><ele>722</ele></trkpt>
    <trkpt lat="60.62335" lon="8.07785"><ele>721</ele></trkpt>
    <trkpt lat="60.62283" lon="8.07793"><ele>720</ele></trkpt>
    <trkpt lat="60.62225" lon="8.07814"><ele>719</ele></trkpt>
    <trkpt lat="60.62182" lon="8.07848"><ele>718</ele></trkpt>
    <trkpt lat="60.61987" lon="8.08043"><ele>716</ele></trkpt>
    <trkpt lat="60.61946" lon="8.08092"><ele>715</ele></trkpt>
    <trkpt lat="60.61912" lon="8.08163"><ele>715</ele></trkpt>
    <trkpt lat="60.61883" lon="8.08238"><ele>714</ele></trkpt>
    <trkpt lat="60.61841" lon="8.08300"><ele>712</ele></trkpt>
    <trkpt lat="60.61792" lon="8.08329"><ele>710</ele></trkpt>
    <trkpt lat="60.61744" lon="8.08347"><ele>709</ele></trkpt>
    <trkpt lat="60.61694" lon="8.08374"><ele>710</ele></trkpt>
    <trkpt lat="60.61648" lon="8.08418"><ele>708</ele></trkpt>
    <trkpt lat="60.61600" lon="8.08497"><ele>705</ele></trkpt>
    <trkpt lat="60.61555" lon="8.08601"><ele>705</ele></trkpt>
    <trkpt lat="60.61522" lon="8.08687"><ele>698</ele></trkpt>
    <trkpt lat="60.61500" lon="8.08776"><ele>695</ele></trkpt>
    <trkpt lat="60.61495" lon="8.08887"><ele>693</ele></trkpt>
    <trkpt lat="60.61508" lon="8.08982"><ele>690</ele></trkpt>
    <trkpt lat="60.61541" lon="8.09087"><ele>688</ele></trkpt>
    <trkpt lat="60.61569" lon="8.09165"><ele>687</ele></trkpt>
    <trkpt lat="60.61606" lon="8.09234"><ele>686</ele></trkpt>
    <trkpt lat="60.61665" lon="8.09281"><ele>683</ele></trkpt>
    <trkpt lat="60.61714" lon="8.09309"><ele>681</ele></trkpt>
    <trkpt lat="60.61780" lon="8.09334"><ele>680</ele></trkpt>
    <trkpt lat="60.61831" lon="8.09381"><ele>677</ele></trkpt>
    <trkpt lat="60.61865" lon="8.09457"><ele>675</ele></trkpt>
    <trkpt lat="60.61886" lon="8.09583"><ele>673</ele></trkpt>
    <trkpt lat="60.61919" lon="8.09778"><ele>670</ele></trkpt>
    <trkpt lat="60.61961" lon="8.10025"><ele>667</ele></trkpt>
    <trkpt lat="60.61995" lon="8.10242"><ele>664</ele></trkpt>
    <trkpt lat="60.62011" lon="8.10343"><ele>662</ele></trkpt>
    <trkpt lat="60.62024" lon="8.10448"><ele>661</ele></trkpt>
    <trkpt lat="60.62026" lon="8.10545"><ele>660</ele></trkpt>
    <trkpt lat="60.62022" lon="8.10663"><ele>660</ele></trkpt>
    <trkpt lat="60.62030" lon="8.10774"><ele>657</ele></trkpt>
    <trkpt lat="60.62047" lon="8.10898"><ele>656</ele></trkpt>
    <trkpt lat="60.62060" lon="8.11015"><ele>658</ele></trkpt>
    <trkpt lat="60.62065" lon="8.11133"><ele>660</ele></trkpt>
    <trkpt lat="60.62071" lon="8.11241"><ele>663</ele></trkpt>
    <trkpt lat="60.62081" lon="8.11355"><ele>664</ele></trkpt>
    <trkpt lat="60.62102" lon="8.11508"><ele>658</ele></trkpt>
    <trkpt lat="60.62127" lon="8.11681"><ele>656</ele></trkpt>
    <trkpt lat="60.62144" lon="8.11779"><ele>655</ele></trkpt>
    <trkpt lat="60.62168" lon="8.11867"><ele>654</ele></trkpt>
    <trkpt lat="60.62190" lon="8.11952"><ele>653</ele></trkpt>
    <trkpt lat="60.62203" lon="8.12060"><ele>649</ele></trkpt>
    <trkpt lat="60.62222" lon="8.12366"><ele>642</ele></trkpt>
    <trkpt lat="60.62239" lon="8.12637"><ele>640</ele></trkpt>
    <trkpt lat="60.62244" lon="8.12752"><ele>640</ele></trkpt>
    <trkpt lat="60.62238" lon="8.12851"><ele>639</ele></trkpt>
    <trkpt lat="60.62174" lon="8.13128"><ele>636</ele></trkpt>
    <trkpt lat="60.62155" lon="8.13226"><ele>634</ele></trkpt>
    <trkpt lat="60.62145" lon="8.13332"><ele>634</ele></trkpt>
    <trkpt lat="60.62137" lon="8.13485"><ele>634</ele></trkpt>
    <trkpt lat="60.62132" lon="8.13594"><ele>633</ele></trkpt>
    <trkpt lat="60.62123" lon="8.13764"><ele>632</ele></trkpt>
    <trkpt lat="60.62120" lon="8.13860"><ele>630</ele></trkpt>
    <trkpt lat="60.62120" lon="8.13965"><ele>630</ele></trkpt>
    <trkpt lat="60.62124" lon="8.14323"><ele>627</ele></trkpt>
    <trkpt lat="60.62126" lon="8.14473"><ele>626</ele></trkpt>
    <trkpt lat="60.62129" lon="8.14662"><ele>626</ele></trkpt>
    <trkpt lat="60.62141" lon="8.14836"><ele>625</ele></trkpt>
    <trkpt lat="60.62153" lon="8.14953"><ele>625</ele></trkpt>
    <trkpt lat="60.62168" lon="8.15112"><ele>625</ele></trkpt>
    <trkpt lat="60.62184" lon="8.15206"><ele>624</ele></trkpt>
    <trkpt lat="60.62206" lon="8.15297"><ele>624</ele></trkpt>
    <trkpt lat="60.62216" lon="8.15395"><ele>624</ele></trkpt>
    <trkpt lat="60.62216" lon="8.15539"><ele>624</ele></trkpt>
    <trkpt lat="60.62217" lon="8.15678"><ele>624</ele></trkpt>
    <trkpt lat="60.62224" lon="8.15773"><ele>626</ele></trkpt>
    <trkpt lat="60.62249" lon="8.15860"><ele>626</ele></trkpt>
    <trkpt lat="60.62279" lon="8.15938"><ele>625</ele></trkpt>
    <trkpt lat="60.62300" lon="8.16021"><ele>626</ele></trkpt>
    <trkpt lat="60.62309" lon="8.16157"><ele>625</ele></trkpt>
    <trkpt lat="60.62320" lon="8.16264"><ele>625</ele></trkpt>
    <trkpt lat="60.62334" lon="8.16356"><ele>625</ele></trkpt>
    <trkpt lat="60.62340" lon="8.16522"><ele>624</ele></trkpt>
    <trkpt lat="60.62348" lon="8.16629"><ele>622</ele></trkpt>
    <trkpt lat="60.62366" lon="8.16729"><ele>620</ele></trkpt>
    <trkpt lat="60.62393" lon="8.16817"><ele>618</ele></trkpt>
    <trkpt lat="60.62434" lon="8.16910"><ele>617</ele></trkpt>
    <trkpt lat="60.62463" lon="8.16994"><ele>617</ele></trkpt>
    <trkpt lat="60.62487" lon="8.17171"><ele>611</ele></trkpt>
    <trkpt lat="60.62506" lon="8.17307"><ele>610</ele></trkpt>
    <trkpt lat="60.62541" lon="8.17520"><ele>608</ele></trkpt>
    <trkpt lat="60.62559" lon="8.17619"><ele>608</ele></trkpt>
    <trkpt lat="60.62582" lon="8.17734"><ele>607</ele></trkpt>
    <trkpt lat="60.62598" lon="8.17832"><ele>607</ele></trkpt>
    <trkpt lat="60.62607" lon="8.17936"><ele>607</ele></trkpt>
    <trkpt lat="60.62604" lon="8.18047"><ele>607</ele></trkpt>
    <trkpt lat="60.62593" lon="8.18162"><ele>605</ele></trkpt>
    <trkpt lat="60.62546" lon="8.18369"><ele>605</ele></trkpt>
    <trkpt lat="60.62525" lon="8.18474"><ele>605</ele></trkpt>
    <trkpt lat="60.62512" lon="8.18564"><ele>604</ele></trkpt>
    <trkpt lat="60.62479" lon="8.18797"><ele>603</ele></trkpt>
    <trkpt lat="60.62460" lon="8.18900"><ele>602</ele></trkpt>
    <trkpt lat="60.62438" lon="8.18980"><ele>601</ele></trkpt>
    <trkpt lat="60.62390" lon="8.19126"><ele>600</ele></trkpt>
    <trkpt lat="60.62354" lon="8.19240"><ele>600</ele></trkpt>
    <trkpt lat="60.62291" lon="8.19470"><ele>599</ele></trkpt>
    <trkpt lat="60.62260" lon="8.19581"><ele>598</ele></trkpt>
    <trkpt lat="60.62229" lon="8.19691"><ele>598</ele></trkpt>
    <trkpt lat="60.62168" lon="8.19912"><ele>597</ele></trkpt>
    <trkpt lat="60.62142" lon="8.20011"><ele>596</ele></trkpt>
    <trkpt lat="60.62123" lon="8.20117"><ele>595</ele></trkpt>
    <trkpt lat="60.62086" lon="8.20393"><ele>597</ele></trkpt>
    <trkpt lat="60.62062" lon="8.20573"><ele>597</ele></trkpt>
    <trkpt lat="60.62045" lon="8.20742"><ele>596</ele></trkpt>
    <trkpt lat="60.62035" lon="8.20855"><ele>595</ele></trkpt>
    <trkpt lat="60.62024" lon="8.20984"><ele>594</ele></trkpt>
    <trkpt lat="60.62016" lon="8.21076"><ele>593</ele></trkpt>
    <trkpt lat="60.62004" lon="8.21186"><ele>594</ele></trkpt>
    <trkpt lat="60.61969" lon="8.21483"><ele>593</ele></trkpt>
    <trkpt lat="60.61948" lon="8.21672"><ele>593</ele></trkpt>
    <trkpt lat="60.61920" lon="8.21909"><ele>592</ele></trkpt>
    <trkpt lat="60.61858" lon="8.21927"><ele>591</ele></trkpt>
    <trkpt lat="60.61853" lon="8.21923"><ele>591</ele></trkpt>
  </trkseg>
</trk>
</gpx>