<?xml version="1.0" encoding="UTF-8"?>
<gpx version="1.1" creator="Linz-Optimizer-v8" xmlns="http://www.topografix.com/GPX/1/1">
<trk>
  <name>Preikestolen-Kjerag</name>
  <type>Laufen, Fahren</type>
  <trkseg>
    <trkpt lat="58.99930" lon="6.09220"></trkpt>
    <trkpt lat="58.99920" lon="6.09410"></trkpt>
    <trkpt lat="58.99920" lon="6.09450"></trkpt>
    <trkpt lat="58.99920" lon="6.09490"></trkpt>
    <trkpt lat="58.99910" lon="6.09540"></trkpt>
    <trkpt lat="58.99900" lon="6.09590"></trkpt>
    <trkpt lat="58.99860" lon="6.09720"></trkpt>
    <trkpt lat="58.99850" lon="6.09760"></trkpt>
    <trkpt lat="58.99850" lon="6.09810"></trkpt>
    <trkpt lat="58.99850" lon="6.09860"></trkpt>
    <trkpt lat="58.99850" lon="6.09910"></trkpt>
    <trkpt lat="58.99860" lon="6.09940"></trkpt>
    <trkpt lat="58.99870" lon="6.09970"></trkpt>
    <trkpt lat="58.99890" lon="6.10010"></trkpt>
    <trkpt lat="58.99910" lon="6.10060"></trkpt>
    <trkpt lat="58.99940" lon="6.10130"></trkpt>
    <trkpt lat="58.99950" lon="6.10160"></trkpt>
    <trkpt lat="58.99960" lon="6.10210"></trkpt>
    <trkpt lat="58.99980" lon="6.10250"></trkpt>
    <trkpt lat="59.00010" lon="6.10290"></trkpt>
    <trkpt lat="59.00020" lon="6.10330"></trkpt>
    <trkpt lat="59.00040" lon="6.10370"></trkpt>
    <trkpt lat="59.00050" lon="6.10410"></trkpt>
    <trkpt lat="59.00060" lon="6.10460"></trkpt>
    <trkpt lat="59.00060" lon="6.10500"></trkpt>
    <trkpt lat="59.00070" lon="6.10530"></trkpt>
    <trkpt lat="59.00080" lon="6.10570"></trkpt>
    <trkpt lat="59.00090" lon="6.10600"></trkpt>
    <trkpt lat="59.00110" lon="6.10650"></trkpt>
    <trkpt lat="59.00120" lon="6.10690"></trkpt>
    <trkpt lat="59.00120" lon="6.10730"></trkpt>
    <trkpt lat="59.00120" lon="6.10770"></trkpt>
    <trkpt lat="59.00100" lon="6.10810"></trkpt>
    <trkpt lat="59.00070" lon="6.10860"></trkpt>
    <trkpt lat="59.00050" lon="6.10900"></trkpt>
    <trkpt lat="59.00020" lon="6.10950"></trkpt>
    <trkpt lat="59.00000" lon="6.10980"></trkpt>
    <trkpt lat="58.99990" lon="6.11010"></trkpt>
    <trkpt lat="58.99970" lon="6.11040"></trkpt>
    <trkpt lat="58.99950" lon="6.11090"></trkpt>
    <trkpt lat="58.99940" lon="6.11130"></trkpt>
    <trkpt lat="58.99940" lon="6.11170"></trkpt>
    <trkpt lat="58.99930" lon="6.11200"></trkpt>
    <trkpt lat="58.99930" lon="6.11410"></trkpt>
    <trkpt lat="58.99930" lon="6.11460"></trkpt>
    <trkpt lat="58.99930" lon="6.11530"></trkpt>
    <trkpt lat="58.99940" lon="6.11650"></trkpt>
    <trkpt lat="58.99940" lon="6.11710"></trkpt>
    <trkpt lat="58.99940" lon="6.11760"></trkpt>
    <trkpt lat="58.99940" lon="6.11820"></trkpt>
    <trkpt lat="58.99940" lon="6.11900"></trkpt>
    <trkpt lat="58.99940" lon="6.11970"></trkpt>
    <trkpt lat="58.99950" lon="6.12010"></trkpt>
    <trkpt lat="58.99960" lon="6.12140"></trkpt>
    <trkpt lat="58.99970" lon="6.12180"></trkpt>
    <trkpt lat="58.99970" lon="6.12250"></trkpt>
    <trkpt lat="58.99970" lon="6.12330"></trkpt>
    <trkpt lat="58.99970" lon="6.12370"></trkpt>
    <trkpt lat="58.99970" lon="6.12420"></trkpt>
    <trkpt lat="58.99970" lon="6.12460"></trkpt>
    <trkpt lat="58.99980" lon="6.12540"></trkpt>
    <trkpt lat="58.99980" lon="6.12610"></trkpt>
    <trkpt lat="58.99980" lon="6.12690"></trkpt>
    <trkpt lat="58.99990" lon="6.12740"></trkpt>
    <trkpt lat="58.99990" lon="6.12790"></trkpt>
    <trkpt lat="59.00010" lon="6.12880"></trkpt>
    <trkpt lat="59.00030" lon="6.13000"></trkpt>
    <trkpt lat="59.00030" lon="6.13040"></trkpt>
    <trkpt lat="59.00050" lon="6.13160"></trkpt>
    <trkpt lat="59.00080" lon="6.13330"></trkpt>
    <trkpt lat="59.00090" lon="6.13380"></trkpt>
    <trkpt lat="59.00090" lon="6.13430"></trkpt>
    <trkpt lat="59.00090" lon="6.13480"></trkpt>
    <trkpt lat="59.00090" lon="6.13530"></trkpt>
    <trkpt lat="59.00070" lon="6.13560"></trkpt>
    <trkpt lat="59.00050" lon="6.13580"></trkpt>
    <trkpt lat="59.00020" lon="6.13590"></trkpt>
    <trkpt lat="58.99980" lon="6.13610"></trkpt>
    <trkpt lat="58.99900" lon="6.13660"></trkpt>
    <trkpt lat="58.99840" lon="6.13690"></trkpt>
    <trkpt lat="58.99810" lon="6.13710"></trkpt>
    <trkpt lat="58.99790" lon="6.13720"></trkpt>
    <trkpt lat="58.99770" lon="6.13740"></trkpt>
    <trkpt lat="58.99710" lon="6.13770"></trkpt>
    <trkpt lat="58.99670" lon="6.13790"></trkpt>
    <trkpt lat="58.99640" lon="6.13810"></trkpt>
    <trkpt lat="58.99600" lon="6.13850"></trkpt>
    <trkpt lat="58.99550" lon="6.13900"></trkpt>
    <trkpt lat="58.99530" lon="6.13910"></trkpt>
    <trkpt lat="58.99510" lon="6.13930"></trkpt>
    <trkpt lat="58.99490" lon="6.13940"></trkpt>
    <trkpt lat="58.99460" lon="6.13960"></trkpt>
    <trkpt lat="58.99420" lon="6.13970"></trkpt>
    <trkpt lat="58.99400" lon="6.13980"></trkpt>
    <trkpt lat="58.99380" lon="6.13960"></trkpt>
    <trkpt lat="58.99370" lon="6.13930"></trkpt>
    <trkpt lat="58.99360" lon="6.13900"></trkpt>
    <trkpt lat="58.99360" lon="6.13850"></trkpt>
    <trkpt lat="58.99360" lon="6.13800"></trkpt>
    <trkpt lat="58.99360" lon="6.13720"></trkpt>
    <trkpt lat="58.99360" lon="6.13680"></trkpt>
    <trkpt lat="58.99350" lon="6.13650"></trkpt>
    <trkpt lat="58.99330" lon="6.13630"></trkpt>
    <trkpt lat="58.99320" lon="6.13660"></trkpt>
    <trkpt lat="58.99310" lon="6.13710"></trkpt>
    <trkpt lat="58.99300" lon="6.13770"></trkpt>
    <trkpt lat="58.99290" lon="6.13810"></trkpt>
    <trkpt lat="58.99270" lon="6.13860"></trkpt>
    <trkpt lat="58.99240" lon="6.13900"></trkpt>
    <trkpt lat="58.99200" lon="6.13940"></trkpt>
    <trkpt lat="58.99180" lon="6.13950"></trkpt>
    <trkpt lat="58.99160" lon="6.13960"></trkpt>
    <trkpt lat="58.99140" lon="6.13960"></trkpt>
    <trkpt lat="58.99130" lon="6.13930"></trkpt>
    <trkpt lat="58.99130" lon="6.13890"></trkpt>
    <trkpt lat="58.99150" lon="6.13850"></trkpt>
    <trkpt lat="58.99160" lon="6.13820"></trkpt>
  </trkseg>
</trk>
<trk>
  <type>walk</type>
  <trkseg>
    <trkpt lat="58.99160" lon="6.13820"><ele>281</ele></trkpt>
    <trkpt lat="58.99140" lon="6.13810"><ele>279</ele></trkpt>
    <trkpt lat="58.99120" lon="6.13810"><ele>277</ele></trkpt>
    <trkpt lat="58.99110" lon="6.13840"><ele>275</ele></trkpt>
    <trkpt lat="58.99120" lon="6.13870"><ele>276</ele></trkpt>
    <trkpt lat="58.99100" lon="6.13900"><ele>274</ele></trkpt>
    <trkpt lat="58.99110" lon="6.13940"><ele>276</ele></trkpt>
    <trkpt lat="58.99140" lon="6.13980"><ele>285</ele></trkpt>
    <trkpt lat="58.99160" lon="6.13990"><ele>294</ele></trkpt>
    <trkpt lat="58.99180" lon="6.13990"><ele>298</ele></trkpt>
    <trkpt lat="58.99200" lon="6.13970"><ele>304</ele></trkpt>
    <trkpt lat="58.99230" lon="6.13950"><ele>308</ele></trkpt>
    <trkpt lat="58.99230" lon="6.14000"><ele>319</ele></trkpt>
    <trkpt lat="58.99220" lon="6.14050"><ele>325</ele></trkpt>
    <trkpt lat="58.99210" lon="6.14080"><ele>328</ele></trkpt>
    <trkpt lat="58.99200" lon="6.14150"><ele>341</ele></trkpt>
    <trkpt lat="58.99190" lon="6.14190"><ele>342</ele></trkpt>
    <trkpt lat="58.99190" lon="6.14230"><ele>352</ele></trkpt>
    <trkpt lat="58.99170" lon="6.14230"><ele>344</ele></trkpt>
    <trkpt lat="58.99140" lon="6.14250"><ele>344</ele></trkpt>
    <trkpt lat="58.99120" lon="6.14320"><ele>358</ele></trkpt>
    <trkpt lat="58.99100" lon="6.14350"><ele>361</ele></trkpt>
    <trkpt lat="58.99100" lon="6.14400"><ele>364</ele></trkpt>
    <trkpt lat="58.99080" lon="6.14430"><ele>363</ele></trkpt>
    <trkpt lat="58.99050" lon="6.14480"><ele>357</ele></trkpt>
    <trkpt lat="58.99040" lon="6.14510"><ele>354</ele></trkpt>
    <trkpt lat="58.99030" lon="6.14540"><ele>354</ele></trkpt>
    <trkpt lat="58.99020" lon="6.14610"><ele>359</ele></trkpt>
    <trkpt lat="58.98980" lon="6.14690"><ele>350</ele></trkpt>
    <trkpt lat="58.98970" lon="6.14760"><ele>352</ele></trkpt>
    <trkpt lat="58.98970" lon="6.14800"><ele>359</ele></trkpt>
    <trkpt lat="58.98930" lon="6.14850"><ele>356</ele></trkpt>
    <trkpt lat="58.98920" lon="6.14890"><ele>362</ele></trkpt>
    <trkpt lat="58.98900" lon="6.14890"><ele>358</ele></trkpt>
    <trkpt lat="58.98890" lon="6.14950"><ele>368</ele></trkpt>
    <trkpt lat="58.98890" lon="6.14990"><ele>374</ele></trkpt>
    <trkpt lat="58.98910" lon="6.15020"><ele>381</ele></trkpt>
    <trkpt lat="58.98900" lon="6.15060"><ele>389</ele></trkpt>
    <trkpt lat="58.98880" lon="6.15120"><ele>399</ele></trkpt>
    <trkpt lat="58.98870" lon="6.15150"><ele>408</ele></trkpt>
    <trkpt lat="58.98880" lon="6.15200"><ele>416</ele></trkpt>
    <trkpt lat="58.98890" lon="6.15230"><ele>419</ele></trkpt>
    <trkpt lat="58.98900" lon="6.15280"><ele>424</ele></trkpt>
    <trkpt lat="58.98910" lon="6.15310"><ele>427</ele></trkpt>
    <trkpt lat="58.98920" lon="6.15340"><ele>431</ele></trkpt>
    <trkpt lat="58.98930" lon="6.15420"><ele>432</ele></trkpt>
    <trkpt lat="58.98940" lon="6.15460"><ele>430</ele></trkpt>
    <trkpt lat="58.98960" lon="6.15490"><ele>428</ele></trkpt>
    <trkpt lat="58.98970" lon="6.15600"><ele>421</ele></trkpt>
    <trkpt lat="58.98970" lon="6.15710"><ele>424</ele></trkpt>
    <trkpt lat="58.98990" lon="6.15740"><ele>426</ele></trkpt>
    <trkpt lat="58.99000" lon="6.15770"><ele>427</ele></trkpt>
    <trkpt lat="58.98990" lon="6.15800"><ele>427</ele></trkpt>
    <trkpt lat="58.99000" lon="6.15850"><ele>429</ele></trkpt>
    <trkpt lat="58.98990" lon="6.15890"><ele>430</ele></trkpt>
    <trkpt lat="58.99000" lon="6.15930"><ele>431</ele></trkpt>
    <trkpt lat="58.99000" lon="6.15980"><ele>432</ele></trkpt>
    <trkpt lat="58.99010" lon="6.16080"><ele>438</ele></trkpt>
    <trkpt lat="58.99020" lon="6.16110"><ele>442</ele></trkpt>
    <trkpt lat="58.99030" lon="6.16140"><ele>449</ele></trkpt>
    <trkpt lat="58.99040" lon="6.16200"><ele>463</ele></trkpt>
    <trkpt lat="58.99060" lon="6.16200"><ele>468</ele></trkpt>
    <trkpt lat="58.99070" lon="6.16230"><ele>480</ele></trkpt>
    <trkpt lat="58.99040" lon="6.16280"><ele>489</ele></trkpt>
    <trkpt lat="58.99000" lon="6.16240"><ele>473</ele></trkpt>
    <trkpt lat="58.98970" lon="6.16230"><ele>476</ele></trkpt>
    <trkpt lat="58.98950" lon="6.16240"><ele>483</ele></trkpt>
    <trkpt lat="58.98930" lon="6.16260"><ele>491</ele></trkpt>
    <trkpt lat="58.98900" lon="6.16240"><ele>493</ele></trkpt>
    <trkpt lat="58.98860" lon="6.16210"><ele>487</ele></trkpt>
    <trkpt lat="58.98840" lon="6.16190"><ele>486</ele></trkpt>
    <trkpt lat="58.98820" lon="6.16180"><ele>489</ele></trkpt>
    <trkpt lat="58.98830" lon="6.16220"><ele>496</ele></trkpt>
    <trkpt lat="58.98840" lon="6.16270"><ele>505</ele></trkpt>
    <trkpt lat="58.98850" lon="6.16300"><ele>510</ele></trkpt>
    <trkpt lat="58.98850" lon="6.16340"><ele>516</ele></trkpt>
    <trkpt lat="58.98860" lon="6.16380"><ele>521</ele></trkpt>
    <trkpt lat="58.98860" lon="6.16430"><ele>526</ele></trkpt>
    <trkpt lat="58.98850" lon="6.16500"><ele>529</ele></trkpt>
    <trkpt lat="58.98840" lon="6.16560"><ele>528</ele></trkpt>
    <trkpt lat="58.98830" lon="6.16590"><ele>527</ele></trkpt>
    <trkpt lat="58.98840" lon="6.16630"><ele>528</ele></trkpt>
    <trkpt lat="58.98840" lon="6.16690"><ele>530</ele></trkpt>
    <trkpt lat="58.98830" lon="6.16720"><ele>530</ele></trkpt>
    <trkpt lat="58.98820" lon="6.16790"><ele>532</ele></trkpt>
    <trkpt lat="58.98810" lon="6.16860"><ele>533</ele></trkpt>
    <trkpt lat="58.98800" lon="6.16900"><ele>532</ele></trkpt>
    <trkpt lat="58.98790" lon="6.16930"><ele>531</ele></trkpt>
    <trkpt lat="58.98820" lon="6.16970"><ele>539</ele></trkpt>
    <trkpt lat="58.98840" lon="6.17020"><ele>541</ele></trkpt>
    <trkpt lat="58.98860" lon="6.17050"><ele>541</ele></trkpt>
    <trkpt lat="58.98880" lon="6.17070"><ele>542</ele></trkpt>
    <trkpt lat="58.98880" lon="6.17120"><ele>543</ele></trkpt>
    <trkpt lat="58.98860" lon="6.17130"><ele>543</ele></trkpt>
    <trkpt lat="58.98850" lon="6.17180"><ele>544</ele></trkpt>
    <trkpt lat="58.98840" lon="6.17230"><ele>545</ele></trkpt>
    <trkpt lat="58.98830" lon="6.17270"><ele>545</ele></trkpt>
    <trkpt lat="58.98810" lon="6.17310"><ele>545</ele></trkpt>
    <trkpt lat="58.98790" lon="6.17340"><ele>545</ele></trkpt>
    <trkpt lat="58.98780" lon="6.17380"><ele>546</ele></trkpt>
    <trkpt lat="58.98780" lon="6.17430"><ele>549</ele></trkpt>
    <trkpt lat="58.98790" lon="6.17460"><ele>550</ele></trkpt>
    <trkpt lat="58.98790" lon="6.17510"><ele>552</ele></trkpt>
    <trkpt lat="58.98810" lon="6.17550"><ele>549</ele></trkpt>
    <trkpt lat="58.98810" lon="6.17590"><ele>548</ele></trkpt>
    <trkpt lat="58.98800" lon="6.17640"><ele>549</ele></trkpt>
    <trkpt lat="58.98800" lon="6.17690"><ele>547</ele></trkpt>
    <trkpt lat="58.98800" lon="6.17740"><ele>544</ele></trkpt>
    <trkpt lat="58.98790" lon="6.17780"><ele>547</ele></trkpt>
    <trkpt lat="58.98770" lon="6.17810"><ele>555</ele></trkpt>
    <trkpt lat="58.98770" lon="6.17900"><ele>560</ele></trkpt>
    <trkpt lat="58.98790" lon="6.17890"><ele>551</ele></trkpt>
    <trkpt lat="58.98810" lon="6.17870"><ele>545</ele></trkpt>
    <trkpt lat="58.98830" lon="6.17860"><ele>540</ele></trkpt>
    <trkpt lat="58.98850" lon="6.17810"><ele>537</ele></trkpt>
    <trkpt lat="58.98870" lon="6.17790"><ele>537</ele></trkpt>
    <trkpt lat="58.98890" lon="6.17810"><ele>538</ele></trkpt>
    <trkpt lat="58.98900" lon="6.17840"><ele>538</ele></trkpt>
    <trkpt lat="58.98910" lon="6.17920"><ele>541</ele></trkpt>
    <trkpt lat="58.98900" lon="6.17950"><ele>542</ele></trkpt>
    <trkpt lat="58.98910" lon="6.18020"><ele>546</ele></trkpt>
    <trkpt lat="58.98930" lon="6.18050"><ele>542</ele></trkpt>
    <trkpt lat="58.98940" lon="6.18120"><ele>533</ele></trkpt>
    <trkpt lat="58.98930" lon="6.18160"><ele>533</ele></trkpt>
    <trkpt lat="58.98920" lon="6.18190"><ele>533</ele></trkpt>
    <trkpt lat="58.98900" lon="6.18250"><ele>546</ele></trkpt>
    <trkpt lat="58.98880" lon="6.18350"><ele>540</ele></trkpt>
    <trkpt lat="58.98860" lon="6.18380"><ele>547</ele></trkpt>
    <trkpt lat="58.98860" lon="6.18440"><ele>541</ele></trkpt>
    <trkpt lat="58.98860" lon="6.18480"><ele>548</ele></trkpt>
    <trkpt lat="58.98880" lon="6.18490"><ele>521</ele></trkpt>
    <trkpt lat="58.98890" lon="6.18530"><ele>529</ele></trkpt>
    <trkpt lat="58.98900" lon="6.18560"><ele>530</ele></trkpt>
    <trkpt lat="58.98900" lon="6.18610"><ele>532</ele></trkpt>
    <trkpt lat="58.98900" lon="6.18650"><ele>532</ele></trkpt>
    <trkpt lat="58.98910" lon="6.18680"><ele>525</ele></trkpt>
    <trkpt lat="58.98900" lon="6.18740"><ele>534</ele></trkpt>
    <trkpt lat="58.98880" lon="6.18820"><ele>549</ele></trkpt>
    <trkpt lat="58.98870" lon="6.18850"><ele>555</ele></trkpt>
    <trkpt lat="58.98850" lon="6.18880"><ele>568</ele></trkpt>
    <trkpt lat="58.98800" lon="6.18940"><ele>578</ele></trkpt>
    <trkpt lat="58.98780" lon="6.18930"><ele>575</ele></trkpt>
    <trkpt lat="58.98790" lon="6.18900"><ele>582</ele></trkpt>
    <trkpt lat="58.98770" lon="6.18910"><ele>578</ele></trkpt>
    <trkpt lat="58.98750" lon="6.18890"><ele>582</ele></trkpt>
    <trkpt lat="58.98730" lon="6.18880"><ele>581</ele></trkpt>
    <trkpt lat="58.98700" lon="6.18860"><ele>574</ele></trkpt>
    <trkpt lat="58.98680" lon="6.18870"><ele>555</ele></trkpt>
    <trkpt lat="58.98660" lon="6.18830"><ele>565</ele></trkpt>
    <trkpt lat="58.98640" lon="6.18820"><ele>553</ele></trkpt>
    <trkpt lat="58.98660" lon="6.18830"><ele>565</ele></trkpt>
    <trkpt lat="58.98680" lon="6.18860"><ele>561</ele></trkpt>
    <trkpt lat="58.98700" lon="6.18840"><ele>588</ele></trkpt>
    <trkpt lat="58.98720" lon="6.18850"><ele>588</ele></trkpt>
    <trkpt lat="58.98740" lon="6.18850"><ele>590</ele></trkpt>
    <trkpt lat="58.98750" lon="6.18820"><ele>592</ele></trkpt>
    <trkpt lat="58.98740" lon="6.18790"><ele>595</ele></trkpt>
    <trkpt lat="58.98720" lon="6.18770"><ele>600</ele></trkpt>
    <trkpt lat="58.98700" lon="6.18770"><ele>603</ele></trkpt>
    <trkpt lat="58.98680" lon="6.18790"><ele>600</ele></trkpt>
    <trkpt lat="58.98660" lon="6.18760"><ele>601</ele></trkpt>
    <trkpt lat="58.98660" lon="6.18720"><ele>608</ele></trkpt>
    <trkpt lat="58.98660" lon="6.18670"><ele>611</ele></trkpt>
    <trkpt lat="58.98670" lon="6.18640"><ele>616</ele></trkpt>
    <trkpt lat="58.98690" lon="6.18550"><ele>630</ele></trkpt>
    <trkpt lat="58.98690" lon="6.18510"><ele>636</ele></trkpt>
    <trkpt lat="58.98670" lon="6.18530"><ele>635</ele></trkpt>
    <trkpt lat="58.98660" lon="6.18570"><ele>630</ele></trkpt>
    <trkpt lat="58.98640" lon="6.18620"><ele>626</ele></trkpt>
    <trkpt lat="58.98630" lon="6.18590"><ele>637</ele></trkpt>
    <trkpt lat="58.98610" lon="6.18610"><ele>638</ele></trkpt>
    <trkpt lat="58.98590" lon="6.18670"><ele>617</ele></trkpt>
    <trkpt lat="58.98570" lon="6.18680"><ele>607</ele></trkpt>
    <trkpt lat="58.98530" lon="6.18700"><ele>562</ele></trkpt>
    <trkpt lat="58.98510" lon="6.18700"><ele>554</ele></trkpt>
    <trkpt lat="58.98510" lon="6.18660"><ele>606</ele></trkpt>
    <trkpt lat="58.98490" lon="6.18630"><ele>617</ele></trkpt>
    <trkpt lat="58.98460" lon="6.18580"><ele>626</ele></trkpt>
    <trkpt lat="58.98460" lon="6.18540"><ele>673</ele></trkpt>
    <trkpt lat="58.98440" lon="6.18490"><ele>683</ele></trkpt>
    <trkpt lat="58.98430" lon="6.18460"><ele>683</ele></trkpt>
    <trkpt lat="58.98440" lon="6.18430"><ele>686</ele></trkpt>
    <trkpt lat="58.98460" lon="6.18430"><ele>688</ele></trkpt>
    <trkpt lat="58.98490" lon="6.18450"><ele>689</ele></trkpt>
    <trkpt lat="58.98480" lon="6.18420"><ele>689</ele></trkpt>
    <trkpt lat="58.98500" lon="6.18380"><ele>686</ele></trkpt>
    <trkpt lat="58.98500" lon="6.18410"><ele>685</ele></trkpt>
  </trkseg>
</trk>
<trk>
  <type>drive</type>
  <trkseg>
    <trkpt lat="58.99690" lon="6.08200"></trkpt>
    <trkpt lat="58.99720" lon="6.08160"></trkpt>
    <trkpt lat="58.99680" lon="6.08200"></trkpt>
    <trkpt lat="58.99660" lon="6.08230"></trkpt>
    <trkpt lat="58.99630" lon="6.08270"></trkpt>
    <trkpt lat="58.99590" lon="6.08330"></trkpt>
    <trkpt lat="58.99570" lon="6.08360"></trkpt>
    <trkpt lat="58.99550" lon="6.08390"></trkpt>
    <trkpt lat="58.99530" lon="6.08410"></trkpt>
    <trkpt lat="58.99510" lon="6.08420"></trkpt>
    <trkpt lat="58.99480" lon="6.08440"></trkpt>
    <trkpt lat="58.99440" lon="6.08450"></trkpt>
    <trkpt lat="58.99420" lon="6.08450"></trkpt>
    <trkpt lat="58.99400" lon="6.08440"></trkpt>
    <trkpt lat="58.99360" lon="6.08430"></trkpt>
    <trkpt lat="58.99340" lon="6.08420"></trkpt>
    <trkpt lat="58.99320" lon="6.08420"></trkpt>
    <trkpt lat="58.99290" lon="6.08430"></trkpt>
    <trkpt lat="58.99270" lon="6.08440"></trkpt>
    <trkpt lat="58.99250" lon="6.08450"></trkpt>
    <trkpt lat="58.99220" lon="6.08470"></trkpt>
    <trkpt lat="58.99190" lon="6.08500"></trkpt>
    <trkpt lat="58.99170" lon="6.08510"></trkpt>
    <trkpt lat="58.99150" lon="6.08520"></trkpt>
    <trkpt lat="58.99130" lon="6.08540"></trkpt>
    <trkpt lat="58.99110" lon="6.08550"></trkpt>
    <trkpt lat="58.99070" lon="6.08580"></trkpt>
    <trkpt lat="58.99050" lon="6.08600"></trkpt>
    <trkpt lat="58.99030" lon="6.08610"></trkpt>
    <trkpt lat="58.98990" lon="6.08650"></trkpt>
    <trkpt lat="58.98750" lon="6.08920"></trkpt>
    <trkpt lat="58.98730" lon="6.08940"></trkpt>
    <trkpt lat="58.98690" lon="6.08990"></trkpt>
    <trkpt lat="58.98660" lon="6.09030"></trkpt>
    <trkpt lat="58.98630" lon="6.09070"></trkpt>
    <trkpt lat="58.98600" lon="6.09120"></trkpt>
    <trkpt lat="58.98580" lon="6.09150"></trkpt>
    <trkpt lat="58.98560" lon="6.09170"></trkpt>
    <trkpt lat="58.98540" lon="6.09190"></trkpt>
    <trkpt lat="58.98520" lon="6.09200"></trkpt>
    <trkpt lat="58.98500" lon="6.09220"></trkpt>
    <trkpt lat="58.98470" lon="6.09230"></trkpt>
    <trkpt lat="58.98440" lon="6.09240"></trkpt>
    <trkpt lat="58.98410" lon="6.09240"></trkpt>
    <trkpt lat="58.98380" lon="6.09250"></trkpt>
    <trkpt lat="58.98350" lon="6.09250"></trkpt>
    <trkpt lat="58.98320" lon="6.09250"></trkpt>
    <trkpt lat="58.98300" lon="6.09240"></trkpt>
    <trkpt lat="58.98280" lon="6.09220"></trkpt>
    <trkpt lat="58.98260" lon="6.09210"></trkpt>
    <trkpt lat="58.98240" lon="6.09180"></trkpt>
    <trkpt lat="58.98220" lon="6.09160"></trkpt>
    <trkpt lat="58.98210" lon="6.09130"></trkpt>
    <trkpt lat="58.98190" lon="6.09090"></trkpt>
    <trkpt lat="58.98180" lon="6.09050"></trkpt>
    <trkpt lat="58.98170" lon="6.09020"></trkpt>
    <trkpt lat="58.98160" lon="6.08980"></trkpt>
    <trkpt lat="58.98150" lon="6.08900"></trkpt>
    <trkpt lat="58.98140" lon="6.08860"></trkpt>
    <trkpt lat="58.98130" lon="6.08800"></trkpt>
    <trkpt lat="58.98120" lon="6.08760"></trkpt>
    <trkpt lat="58.98110" lon="6.08730"></trkpt>
    <trkpt lat="58.98090" lon="6.08700"></trkpt>
    <trkpt lat="58.98080" lon="6.08670"></trkpt>
    <trkpt lat="58.98060" lon="6.08660"></trkpt>
    <trkpt lat="58.98030" lon="6.08630"></trkpt>
    <trkpt lat="58.98000" lon="6.08610"></trkpt>
    <trkpt lat="58.97970" lon="6.08610"></trkpt>
    <trkpt lat="58.97950" lon="6.08600"></trkpt>
    <trkpt lat="58.97900" lon="6.08600"></trkpt>
    <trkpt lat="58.97840" lon="6.08600"></trkpt>
    <trkpt lat="58.97820" lon="6.08600"></trkpt>
    <trkpt lat="58.97800" lon="6.08600"></trkpt>
    <trkpt lat="58.97760" lon="6.08600"></trkpt>
    <trkpt lat="58.97730" lon="6.08610"></trkpt>
    <trkpt lat="58.97700" lon="6.08610"></trkpt>
    <trkpt lat="58.97680" lon="6.08620"></trkpt>
    <trkpt lat="58.97650" lon="6.08630"></trkpt>
    <trkpt lat="58.97630" lon="6.08650"></trkpt>
    <trkpt lat="58.97610" lon="6.08670"></trkpt>
    <trkpt lat="58.97590" lon="6.08690"></trkpt>
    <trkpt lat="58.97570" lon="6.08720"></trkpt>
    <trkpt lat="58.97540" lon="6.08760"></trkpt>
    <trkpt lat="58.97520" lon="6.08800"></trkpt>
    <trkpt lat="58.97510" lon="6.08840"></trkpt>
    <trkpt lat="58.97500" lon="6.08870"></trkpt>
    <trkpt lat="58.97480" lon="6.08910"></trkpt>
    <trkpt lat="58.97460" lon="6.08960"></trkpt>
    <trkpt lat="58.97440" lon="6.09000"></trkpt>
    <trkpt lat="58.97420" lon="6.09030"></trkpt>
    <trkpt lat="58.97390" lon="6.09070"></trkpt>
    <trkpt lat="58.97370" lon="6.09100"></trkpt>
    <trkpt lat="58.97350" lon="6.09120"></trkpt>
    <trkpt lat="58.97320" lon="6.09150"></trkpt>
    <trkpt lat="58.97270" lon="6.09190"></trkpt>
    <trkpt lat="58.97250" lon="6.09210"></trkpt>
    <trkpt lat="58.97200" lon="6.09250"></trkpt>
    <trkpt lat="58.97170" lon="6.09290"></trkpt>
    <trkpt lat="58.97140" lon="6.09330"></trkpt>
    <trkpt lat="58.97110" lon="6.09370"></trkpt>
    <trkpt lat="58.97080" lon="6.09410"></trkpt>
    <trkpt lat="58.97050" lon="6.09450"></trkpt>
    <trkpt lat="58.97020" lon="6.09490"></trkpt>
    <trkpt lat="58.96980" lon="6.09550"></trkpt>
    <trkpt lat="58.96950" lon="6.09610"></trkpt>
    <trkpt lat="58.96930" lon="6.09650"></trkpt>
    <trkpt lat="58.96860" lon="6.09770"></trkpt>
    <trkpt lat="58.96840" lon="6.09810"></trkpt>
    <trkpt lat="58.96690" lon="6.10040"></trkpt>
    <trkpt lat="58.96670" lon="6.10080"></trkpt>
    <trkpt lat="58.96550" lon="6.10260"></trkpt>
    <trkpt lat="58.96500" lon="6.10340"></trkpt>
    <trkpt lat="58.96480" lon="6.10380"></trkpt>
    <trkpt lat="58.96450" lon="6.10430"></trkpt>
    <trkpt lat="58.96420" lon="6.10500"></trkpt>
    <trkpt lat="58.96400" lon="6.10550"></trkpt>
    <trkpt lat="58.96390" lon="6.10580"></trkpt>
    <trkpt lat="58.96370" lon="6.10610"></trkpt>
    <trkpt lat="58.96340" lon="6.10660"></trkpt>
    <trkpt lat="58.96310" lon="6.10700"></trkpt>
    <trkpt lat="58.96290" lon="6.10720"></trkpt>
    <trkpt lat="58.96250" lon="6.10760"></trkpt>
    <trkpt lat="58.96140" lon="6.10850"></trkpt>
    <trkpt lat="58.96050" lon="6.10930"></trkpt>
    <trkpt lat="58.96020" lon="6.10950"></trkpt>
    <trkpt lat="58.96000" lon="6.10970"></trkpt>
    <trkpt lat="58.95980" lon="6.10980"></trkpt>
    <trkpt lat="58.95960" lon="6.10990"></trkpt>
    <trkpt lat="58.95930" lon="6.11010"></trkpt>
    <trkpt lat="58.95900" lon="6.11020"></trkpt>
    <trkpt lat="58.95880" lon="6.11020"></trkpt>
    <trkpt lat="58.95860" lon="6.11020"></trkpt>
    <trkpt lat="58.95830" lon="6.11020"></trkpt>
    <trkpt lat="58.95810" lon="6.11010"></trkpt>
    <trkpt lat="58.95790" lon="6.11000"></trkpt>
    <trkpt lat="58.95770" lon="6.10990"></trkpt>
    <trkpt lat="58.95750" lon="6.10980"></trkpt>
    <trkpt lat="58.95730" lon="6.10970"></trkpt>
    <trkpt lat="58.95680" lon="6.10920"></trkpt>
    <trkpt lat="58.95660" lon="6.10900"></trkpt>
    <trkpt lat="58.95640" lon="6.10890"></trkpt>
    <trkpt lat="58.95620" lon="6.10880"></trkpt>
    <trkpt lat="58.95590" lon="6.10870"></trkpt>
    <trkpt lat="58.95530" lon="6.10850"></trkpt>
    <trkpt lat="58.95500" lon="6.10840"></trkpt>
    <trkpt lat="58.95470" lon="6.10830"></trkpt>
    <trkpt lat="58.95450" lon="6.10810"></trkpt>
    <trkpt lat="58.95430" lon="6.10790"></trkpt>
    <trkpt lat="58.95410" lon="6.10770"></trkpt>
    <trkpt lat="58.95380" lon="6.10730"></trkpt>
    <trkpt lat="58.95360" lon="6.10680"></trkpt>
    <trkpt lat="58.95320" lon="6.10590"></trkpt>
    <trkpt lat="58.95290" lon="6.10540"></trkpt>
    <trkpt lat="58.95260" lon="6.10490"></trkpt>
    <trkpt lat="58.95230" lon="6.10450"></trkpt>
    <trkpt lat="58.95210" lon="6.10430"></trkpt>
    <trkpt lat="58.95190" lon="6.10410"></trkpt>
    <trkpt lat="58.95160" lon="6.10390"></trkpt>
    <trkpt lat="58.95140" lon="6.10370"></trkpt>
    <trkpt lat="58.95120" lon="6.10360"></trkpt>
    <trkpt lat="58.95090" lon="6.10350"></trkpt>
    <trkpt lat="58.95060" lon="6.10350"></trkpt>
    <trkpt lat="58.95040" lon="6.10340"></trkpt>
    <trkpt lat="58.95010" lon="6.10340"></trkpt>
    <trkpt lat="58.94980" lon="6.10330"></trkpt>
    <trkpt lat="58.94960" lon="6.10320"></trkpt>
    <trkpt lat="58.94930" lon="6.10300"></trkpt>
    <trkpt lat="58.94910" lon="6.10280"></trkpt>
    <trkpt lat="58.94880" lon="6.10250"></trkpt>
    <trkpt lat="58.94860" lon="6.10220"></trkpt>
    <trkpt lat="58.94840" lon="6.10170"></trkpt>
    <trkpt lat="58.94820" lon="6.10130"></trkpt>
    <trkpt lat="58.94810" lon="6.10100"></trkpt>
    <trkpt lat="58.94800" lon="6.10060"></trkpt>
    <trkpt lat="58.94770" lon="6.10010"></trkpt>
    <trkpt lat="58.94760" lon="6.09980"></trkpt>
    <trkpt lat="58.94740" lon="6.09930"></trkpt>
    <trkpt lat="58.94720" lon="6.09870"></trkpt>
    <trkpt lat="58.94690" lon="6.09820"></trkpt>
    <trkpt lat="58.94670" lon="6.09770"></trkpt>
    <trkpt lat="58.94640" lon="6.09730"></trkpt>
    <trkpt lat="58.94610" lon="6.09690"></trkpt>
    <trkpt lat="58.94580" lon="6.09650"></trkpt>
    <trkpt lat="58.94550" lon="6.09610"></trkpt>
    <trkpt lat="58.94520" lon="6.09580"></trkpt>
    <trkpt lat="58.94500" lon="6.09570"></trkpt>
    <trkpt lat="58.94470" lon="6.09540"></trkpt>
    <trkpt lat="58.94450" lon="6.09530"></trkpt>
    <trkpt lat="58.94420" lon="6.09510"></trkpt>
    <trkpt lat="58.94400" lon="6.09500"></trkpt>
    <trkpt lat="58.94380" lon="6.09500"></trkpt>
    <trkpt lat="58.94350" lon="6.09500"></trkpt>
    <trkpt lat="58.94310" lon="6.09500"></trkpt>
    <trkpt lat="58.94280" lon="6.09510"></trkpt>
    <trkpt lat="58.94260" lon="6.09510"></trkpt>
    <trkpt lat="58.94230" lon="6.09520"></trkpt>
    <trkpt lat="58.94200" lon="6.09540"></trkpt>
    <trkpt lat="58.94160" lon="6.09560"></trkpt>
    <trkpt lat="58.94140" lon="6.09570"></trkpt>
    <trkpt lat="58.94110" lon="6.09570"></trkpt>
    <trkpt lat="58.94090" lon="6.09570"></trkpt>
    <trkpt lat="58.94060" lon="6.09560"></trkpt>
    <trkpt lat="58.94040" lon="6.09550"></trkpt>
    <trkpt lat="58.94020" lon="6.09540"></trkpt>
    <trkpt lat="58.93960" lon="6.09500"></trkpt>
    <trkpt lat="58.93940" lon="6.09490"></trkpt>
    <trkpt lat="58.93920" lon="6.09480"></trkpt>
    <trkpt lat="58.93900" lon="6.09470"></trkpt>
    <trkpt lat="58.93880" lon="6.09460"></trkpt>
    <trkpt lat="58.93860" lon="6.09460"></trkpt>
    <trkpt lat="58.93840" lon="6.09450"></trkpt>
    <trkpt lat="58.93820" lon="6.09450"></trkpt>
    <trkpt lat="58.93790" lon="6.09440"></trkpt>
    <trkpt lat="58.93770" lon="6.09440"></trkpt>
    <trkpt lat="58.93730" lon="6.09450"></trkpt>
    <trkpt lat="58.93690" lon="6.09460"></trkpt>
    <trkpt lat="58.93660" lon="6.09480"></trkpt>
    <trkpt lat="58.93590" lon="6.09520"></trkpt>
    <trkpt lat="58.93550" lon="6.09540"></trkpt>
    <trkpt lat="58.93500" lon="6.09560"></trkpt>
    <trkpt lat="58.93480" lon="6.09580"></trkpt>
    <trkpt lat="58.93450" lon="6.09590"></trkpt>
    <trkpt lat="58.93430" lon="6.09600"></trkpt>
    <trkpt lat="58.93400" lon="6.09610"></trkpt>
    <trkpt lat="58.93370" lon="6.09610"></trkpt>
    <trkpt lat="58.93350" lon="6.09600"></trkpt>
    <trkpt lat="58.93330" lon="6.09600"></trkpt>
    <trkpt lat="58.93310" lon="6.09600"></trkpt>
    <trkpt lat="58.93280" lon="6.09600"></trkpt>
    <trkpt lat="58.93260" lon="6.09610"></trkpt>
    <trkpt lat="58.93220" lon="6.09640"></trkpt>
    <trkpt lat="58.93190" lon="6.09650"></trkpt>
    <trkpt lat="58.93170" lon="6.09660"></trkpt>
    <trkpt lat="58.93140" lon="6.09670"></trkpt>
    <trkpt lat="58.93110" lon="6.09670"></trkpt>
    <trkpt lat="58.93060" lon="6.09680"></trkpt>
    <trkpt lat="58.92990" lon="6.09680"></trkpt>
    <trkpt lat="58.92970" lon="6.09680"></trkpt>
    <trkpt lat="58.92950" lon="6.09680"></trkpt>
    <trkpt lat="58.92930" lon="6.09680"></trkpt>
    <trkpt lat="58.92760" lon="6.09650"></trkpt>
    <trkpt lat="58.92730" lon="6.09640"></trkpt>
    <trkpt lat="58.92710" lon="6.09630"></trkpt>
    <trkpt lat="58.92680" lon="6.09620"></trkpt>
    <trkpt lat="58.92660" lon="6.09610"></trkpt>
    <trkpt lat="58.92630" lon="6.09580"></trkpt>
    <trkpt lat="58.92610" lon="6.09570"></trkpt>
    <trkpt lat="58.92590" lon="6.09550"></trkpt>
    <trkpt lat="58.92570" lon="6.09520"></trkpt>
    <trkpt lat="58.92550" lon="6.09490"></trkpt>
    <trkpt lat="58.92540" lon="6.09460"></trkpt>
    <trkpt lat="58.92530" lon="6.09430"></trkpt>
    <trkpt lat="58.92520" lon="6.09380"></trkpt>
    <trkpt lat="58.92510" lon="6.09280"></trkpt>
    <trkpt lat="58.92510" lon="6.09230"></trkpt>
    <trkpt lat="58.92500" lon="6.09180"></trkpt>
    <trkpt lat="58.92490" lon="6.09150"></trkpt>
    <trkpt lat="58.92480" lon="6.09120"></trkpt>
    <trkpt lat="58.92470" lon="6.09070"></trkpt>
    <trkpt lat="58.92450" lon="6.09040"></trkpt>
    <trkpt lat="58.92440" lon="6.09010"></trkpt>
    <trkpt lat="58.92380" lon="6.08900"></trkpt>
    <trkpt lat="58.92370" lon="6.08870"></trkpt>
    <trkpt lat="58.92340" lon="6.08820"></trkpt>
    <trkpt lat="58.92330" lon="6.08790"></trkpt>
    <trkpt lat="58.92310" lon="6.08730"></trkpt>
    <trkpt lat="58.92300" lon="6.08700"></trkpt>
    <trkpt lat="58.92290" lon="6.08640"></trkpt>
    <trkpt lat="58.92290" lon="6.08600"></trkpt>
    <trkpt lat="58.92280" lon="6.08560"></trkpt>
    <trkpt lat="58.92280" lon="6.08520"></trkpt>
    <trkpt lat="58.92280" lon="6.08480"></trkpt>
    <trkpt lat="58.92270" lon="6.08450"></trkpt>
    <trkpt lat="58.92260" lon="6.08390"></trkpt>
    <trkpt lat="58.92250" lon="6.08340"></trkpt>
    <trkpt lat="58.92240" lon="6.08310"></trkpt>
    <trkpt lat="58.92220" lon="6.08270"></trkpt>
    <trkpt lat="58.92200" lon="6.08230"></trkpt>
    <trkpt lat="58.92180" lon="6.08210"></trkpt>
    <trkpt lat="58.92160" lon="6.08190"></trkpt>
    <trkpt lat="58.92140" lon="6.08180"></trkpt>
    <trkpt lat="58.92020" lon="6.08110"></trkpt>
    <trkpt lat="58.91990" lon="6.08090"></trkpt>
    <trkpt lat="58.91960" lon="6.08070"></trkpt>
    <trkpt lat="58.91940" lon="6.08060"></trkpt>
    <trkpt lat="58.91920" lon="6.08040"></trkpt>
    <trkpt lat="58.91900" lon="6.08020"></trkpt>
    <trkpt lat="58.91880" lon="6.07990"></trkpt>
    <trkpt lat="58.91850" lon="6.07960"></trkpt>
    <trkpt lat="58.91830" lon="6.07930"></trkpt>
    <trkpt lat="58.91800" lon="6.07880"></trkpt>
    <trkpt lat="58.91780" lon="6.07850"></trkpt>
    <trkpt lat="58.91760" lon="6.07830"></trkpt>
    <trkpt lat="58.91740" lon="6.07820"></trkpt>
    <trkpt lat="58.91710" lon="6.07800"></trkpt>
    <trkpt lat="58.91600" lon="6.07740"></trkpt>
    <trkpt lat="58.91560" lon="6.07730"></trkpt>
    <trkpt lat="58.91540" lon="6.07720"></trkpt>
    <trkpt lat="58.91510" lon="6.07730"></trkpt>
    <trkpt lat="58.91490" lon="6.07730"></trkpt>
    <trkpt lat="58.91450" lon="6.07740"></trkpt>
    <trkpt lat="58.91430" lon="6.07750"></trkpt>
    <trkpt lat="58.91410" lon="6.07750"></trkpt>
    <trkpt lat="58.91390" lon="6.07740"></trkpt>
    <trkpt lat="58.91370" lon="6.07770"></trkpt>
    <trkpt lat="58.91350" lon="6.07770"></trkpt>
    <trkpt lat="58.91320" lon="6.07780"></trkpt>
    <trkpt lat="58.91300" lon="6.07790"></trkpt>
    <trkpt lat="58.91270" lon="6.07790"></trkpt>
    <trkpt lat="58.91250" lon="6.07790"></trkpt>
    <trkpt lat="58.91230" lon="6.07790"></trkpt>
    <trkpt lat="58.91210" lon="6.07770"></trkpt>
    <trkpt lat="58.91190" lon="6.07760"></trkpt>
    <trkpt lat="58.91160" lon="6.07730"></trkpt>
    <trkpt lat="58.91130" lon="6.07710"></trkpt>
    <trkpt lat="58.91100" lon="6.07710"></trkpt>
    <trkpt lat="58.91070" lon="6.07700"></trkpt>
    <trkpt lat="58.91030" lon="6.07700"></trkpt>
    <trkpt lat="58.91000" lon="6.07700"></trkpt>
    <trkpt lat="58.90980" lon="6.07690"></trkpt>
    <trkpt lat="58.90950" lon="6.07680"></trkpt>
    <trkpt lat="58.90930" lon="6.07670"></trkpt>
    <trkpt lat="58.90910" lon="6.07650"></trkpt>
    <trkpt lat="58.90880" lon="6.07630"></trkpt>
    <trkpt lat="58.90860" lon="6.07610"></trkpt>
    <trkpt lat="58.90830" lon="6.07580"></trkpt>
    <trkpt lat="58.90800" lon="6.07550"></trkpt>
    <trkpt lat="58.90780" lon="6.07530"></trkpt>
    <trkpt lat="58.90760" lon="6.07510"></trkpt>
    <trkpt lat="58.90740" lon="6.07500"></trkpt>
    <trkpt lat="58.90710" lon="6.07490"></trkpt>
    <trkpt lat="58.90690" lon="6.07490"></trkpt>
    <trkpt lat="58.90640" lon="6.07480"></trkpt>
  </trkseg>
  <trkseg>
    <trkpt lat="58.90640" lon="6.07480"></trkpt>
    <trkpt lat="58.90620" lon="6.07490"></trkpt>
    <trkpt lat="58.90600" lon="6.07510"></trkpt>
    <trkpt lat="58.90580" lon="6.07540"></trkpt>
    <trkpt lat="58.90560" lon="6.07580"></trkpt>
    <trkpt lat="58.90510" lon="6.07670"></trkpt>
    <trkpt lat="58.90460" lon="6.07740"></trkpt>
    <trkpt lat="58.90390" lon="6.07790"></trkpt>
    <trkpt lat="58.90330" lon="6.07800"></trkpt>
    <trkpt lat="58.90280" lon="6.07790"></trkpt>
    <trkpt lat="58.90230" lon="6.07770"></trkpt>
    <trkpt lat="58.90180" lon="6.07740"></trkpt>
    <trkpt lat="58.90130" lon="6.07690"></trkpt>
    <trkpt lat="58.90080" lon="6.07620"></trkpt>
    <trkpt lat="58.90000" lon="6.07450"></trkpt>
    <trkpt lat="58.89830" lon="6.07040"></trkpt>
    <trkpt lat="58.89670" lon="6.06560"></trkpt>
    <trkpt lat="58.89570" lon="6.06270"></trkpt>
    <trkpt lat="58.89470" lon="6.05930"></trkpt>
    <trkpt lat="58.89450" lon="6.05840"></trkpt>
    <trkpt lat="58.89440" lon="6.05810"></trkpt>
    <trkpt lat="58.89430" lon="6.05730"></trkpt>
    <trkpt lat="58.89430" lon="6.05670"></trkpt>
    <trkpt lat="58.89420" lon="6.05600"></trkpt>
    <trkpt lat="58.89420" lon="6.05550"></trkpt>
    <trkpt lat="58.89420" lon="6.05500"></trkpt>
    <trkpt lat="58.89430" lon="6.05460"></trkpt>
    <trkpt lat="58.89440" lon="6.05430"></trkpt>
    <trkpt lat="58.89430" lon="6.05400"></trkpt>
    <trkpt lat="58.89400" lon="6.05340"></trkpt>
    <trkpt lat="58.89330" lon="6.05200"></trkpt>
    <trkpt lat="58.89310" lon="6.05180"></trkpt>
    <trkpt lat="58.89290" lon="6.05160"></trkpt>
    <trkpt lat="58.89260" lon="6.05110"></trkpt>
    <trkpt lat="58.89230" lon="6.05050"></trkpt>
    <trkpt lat="58.89190" lon="6.04970"></trkpt>
    <trkpt lat="58.89170" lon="6.04940"></trkpt>
    <trkpt lat="58.89130" lon="6.04850"></trkpt>
    <trkpt lat="58.89110" lon="6.04810"></trkpt>
    <trkpt lat="58.89100" lon="6.04780"></trkpt>
    <trkpt lat="58.89080" lon="6.04740"></trkpt>
    <trkpt lat="58.89070" lon="6.04710"></trkpt>
    <trkpt lat="58.89060" lon="6.04670"></trkpt>
    <trkpt lat="58.89050" lon="6.04640"></trkpt>
    <trkpt lat="58.89040" lon="6.04580"></trkpt>
    <trkpt lat="58.89040" lon="6.04540"></trkpt>
    <trkpt lat="58.89040" lon="6.04470"></trkpt>
    <trkpt lat="58.89050" lon="6.04430"></trkpt>
    <trkpt lat="58.89050" lon="6.04390"></trkpt>
    <trkpt lat="58.89060" lon="6.04360"></trkpt>
    <trkpt lat="58.89070" lon="6.04310"></trkpt>
    <trkpt lat="58.89080" lon="6.04270"></trkpt>
    <trkpt lat="58.89090" lon="6.04240"></trkpt>
    <trkpt lat="58.89100" lon="6.04210"></trkpt>
    <trkpt lat="58.89110" lon="6.04180"></trkpt>
    <trkpt lat="58.89120" lon="6.04150"></trkpt>
    <trkpt lat="58.89160" lon="6.04070"></trkpt>
    <trkpt lat="58.89190" lon="6.03990"></trkpt>
    <trkpt lat="58.89210" lon="6.03950"></trkpt>
    <trkpt lat="58.89220" lon="6.03920"></trkpt>
    <trkpt lat="58.89230" lon="6.03870"></trkpt>
    <trkpt lat="58.89240" lon="6.03820"></trkpt>
    <trkpt lat="58.89240" lon="6.03760"></trkpt>
    <trkpt lat="58.89240" lon="6.03670"></trkpt>
    <trkpt lat="58.89240" lon="6.03630"></trkpt>
    <trkpt lat="58.89240" lon="6.03590"></trkpt>
    <trkpt lat="58.89240" lon="6.03550"></trkpt>
    <trkpt lat="58.89250" lon="6.03520"></trkpt>
    <trkpt lat="58.89260" lon="6.03470"></trkpt>
    <trkpt lat="58.89280" lon="6.03420"></trkpt>
    <trkpt lat="58.89290" lon="6.03390"></trkpt>
    <trkpt lat="58.89300" lon="6.03360"></trkpt>
    <trkpt lat="58.89320" lon="6.03320"></trkpt>
    <trkpt lat="58.89380" lon="6.03220"></trkpt>
    <trkpt lat="58.89400" lon="6.03190"></trkpt>
    <trkpt lat="58.89410" lon="6.03160"></trkpt>
    <trkpt lat="58.89420" lon="6.03130"></trkpt>
    <trkpt lat="58.89440" lon="6.03090"></trkpt>
    <trkpt lat="58.89450" lon="6.03050"></trkpt>
    <trkpt lat="58.89460" lon="6.03000"></trkpt>
    <trkpt lat="58.89470" lon="6.02960"></trkpt>
    <trkpt lat="58.89480" lon="6.02920"></trkpt>
    <trkpt lat="58.89480" lon="6.02870"></trkpt>
    <trkpt lat="58.89480" lon="6.02830"></trkpt>
    <trkpt lat="58.89480" lon="6.02790"></trkpt>
    <trkpt lat="58.89480" lon="6.02740"></trkpt>
    <trkpt lat="58.89470" lon="6.02690"></trkpt>
    <trkpt lat="58.89460" lon="6.02650"></trkpt>
    <trkpt lat="58.89450" lon="6.02620"></trkpt>
    <trkpt lat="58.89430" lon="6.02570"></trkpt>
    <trkpt lat="58.89410" lon="6.02540"></trkpt>
    <trkpt lat="58.89390" lon="6.02510"></trkpt>
    <trkpt lat="58.89350" lon="6.02470"></trkpt>
    <trkpt lat="58.89320" lon="6.02440"></trkpt>
    <trkpt lat="58.89300" lon="6.02410"></trkpt>
    <trkpt lat="58.89280" lon="6.02380"></trkpt>
    <trkpt lat="58.89270" lon="6.02350"></trkpt>
    <trkpt lat="58.89250" lon="6.02320"></trkpt>
    <trkpt lat="58.89240" lon="6.02280"></trkpt>
    <trkpt lat="58.89220" lon="6.02220"></trkpt>
    <trkpt lat="58.89210" lon="6.02190"></trkpt>
    <trkpt lat="58.89200" lon="6.02130"></trkpt>
    <trkpt lat="58.89200" lon="6.02090"></trkpt>
    <trkpt lat="58.89200" lon="6.02030"></trkpt>
    <trkpt lat="58.89190" lon="6.02000"></trkpt>
    <trkpt lat="58.89190" lon="6.01880"></trkpt>
    <trkpt lat="58.89190" lon="6.01610"></trkpt>
    <trkpt lat="58.89190" lon="6.01430"></trkpt>
    <trkpt lat="58.89190" lon="6.01260"></trkpt>
    <trkpt lat="58.89190" lon="6.01200"></trkpt>
    <trkpt lat="58.89180" lon="6.01150"></trkpt>
    <trkpt lat="58.89170" lon="6.01100"></trkpt>
    <trkpt lat="58.89160" lon="6.01060"></trkpt>
    <trkpt lat="58.89140" lon="6.01030"></trkpt>
    <trkpt lat="58.89120" lon="6.01000"></trkpt>
    <trkpt lat="58.89100" lon="6.00970"></trkpt>
    <trkpt lat="58.89070" lon="6.00950"></trkpt>
    <trkpt lat="58.89050" lon="6.00940"></trkpt>
    <trkpt lat="58.89030" lon="6.00940"></trkpt>
    <trkpt lat="58.89010" lon="6.00940"></trkpt>
    <trkpt lat="58.88990" lon="6.00940"></trkpt>
    <trkpt lat="58.88970" lon="6.00950"></trkpt>
    <trkpt lat="58.88950" lon="6.00970"></trkpt>
    <trkpt lat="58.88930" lon="6.00980"></trkpt>
    <trkpt lat="58.88910" lon="6.01000"></trkpt>
    <trkpt lat="58.88880" lon="6.01030"></trkpt>
    <trkpt lat="58.88860" lon="6.01050"></trkpt>
    <trkpt lat="58.88840" lon="6.01090"></trkpt>
    <trkpt lat="58.88820" lon="6.01130"></trkpt>
    <trkpt lat="58.88810" lon="6.01170"></trkpt>
    <trkpt lat="58.88810" lon="6.01210"></trkpt>
    <trkpt lat="58.88810" lon="6.01250"></trkpt>
    <trkpt lat="58.88820" lon="6.01300"></trkpt>
    <trkpt lat="58.88830" lon="6.01330"></trkpt>
    <trkpt lat="58.88830" lon="6.01380"></trkpt>
    <trkpt lat="58.88830" lon="6.01420"></trkpt>
    <trkpt lat="58.88820" lon="6.01450"></trkpt>
    <trkpt lat="58.88800" lon="6.01500"></trkpt>
    <trkpt lat="58.88780" lon="6.01550"></trkpt>
    <trkpt lat="58.88740" lon="6.01640"></trkpt>
    <trkpt lat="58.88720" lon="6.01670"></trkpt>
    <trkpt lat="58.88700" lon="6.01690"></trkpt>
    <trkpt lat="58.88680" lon="6.01700"></trkpt>
    <trkpt lat="58.88660" lon="6.01710"></trkpt>
    <trkpt lat="58.88640" lon="6.01700"></trkpt>
    <trkpt lat="58.88600" lon="6.01690"></trkpt>
    <trkpt lat="58.88540" lon="6.01660"></trkpt>
    <trkpt lat="58.88510" lon="6.01650"></trkpt>
    <trkpt lat="58.88490" lon="6.01640"></trkpt>
    <trkpt lat="58.88470" lon="6.01620"></trkpt>
    <trkpt lat="58.88460" lon="6.01590"></trkpt>
    <trkpt lat="58.88450" lon="6.01560"></trkpt>
    <trkpt lat="58.88440" lon="6.01530"></trkpt>
    <trkpt lat="58.88430" lon="6.01480"></trkpt>
    <trkpt lat="58.88440" lon="6.01450"></trkpt>
    <trkpt lat="58.88440" lon="6.01400"></trkpt>
    <trkpt lat="58.88440" lon="6.01360"></trkpt>
    <trkpt lat="58.88440" lon="6.01320"></trkpt>
    <trkpt lat="58.88430" lon="6.01290"></trkpt>
    <trkpt lat="58.88420" lon="6.01260"></trkpt>
    <trkpt lat="58.88410" lon="6.01230"></trkpt>
    <trkpt lat="58.88390" lon="6.01210"></trkpt>
    <trkpt lat="58.88360" lon="6.01180"></trkpt>
    <trkpt lat="58.88340" lon="6.01160"></trkpt>
    <trkpt lat="58.88320" lon="6.01140"></trkpt>
    <trkpt lat="58.88300" lon="6.01110"></trkpt>
    <trkpt lat="58.88280" lon="6.01080"></trkpt>
    <trkpt lat="58.88260" lon="6.01050"></trkpt>
    <trkpt lat="58.88240" lon="6.01020"></trkpt>
    <trkpt lat="58.88230" lon="6.00980"></trkpt>
    <trkpt lat="58.88220" lon="6.00950"></trkpt>
    <trkpt lat="58.88210" lon="6.00910"></trkpt>
    <trkpt lat="58.88180" lon="6.00810"></trkpt>
    <trkpt lat="58.88170" lon="6.00770"></trkpt>
    <trkpt lat="58.88160" lon="6.00740"></trkpt>
    <trkpt lat="58.88140" lon="6.00710"></trkpt>
    <trkpt lat="58.88130" lon="6.00680"></trkpt>
    <trkpt lat="58.88090" lon="6.00640"></trkpt>
    <trkpt lat="58.88070" lon="6.00620"></trkpt>
    <trkpt lat="58.88050" lon="6.00590"></trkpt>
    <trkpt lat="58.87910" lon="6.00420"></trkpt>
    <trkpt lat="58.87850" lon="6.00350"></trkpt>
    <trkpt lat="58.87820" lon="6.00320"></trkpt>
    <trkpt lat="58.87800" lon="6.00290"></trkpt>
    <trkpt lat="58.87780" lon="6.00280"></trkpt>
    <trkpt lat="58.87760" lon="6.00260"></trkpt>
    <trkpt lat="58.87740" lon="6.00250"></trkpt>
    <trkpt lat="58.87720" lon="6.00230"></trkpt>
    <trkpt lat="58.87700" lon="6.00230"></trkpt>
    <trkpt lat="58.87590" lon="6.00190"></trkpt>
    <trkpt lat="58.87530" lon="6.00170"></trkpt>
    <trkpt lat="58.87500" lon="6.00160"></trkpt>
    <trkpt lat="58.87480" lon="6.00150"></trkpt>
    <trkpt lat="58.87450" lon="6.00130"></trkpt>
    <trkpt lat="58.87360" lon="6.00070"></trkpt>
    <trkpt lat="58.87330" lon="6.00050"></trkpt>
    <trkpt lat="58.87250" lon="6.00000"></trkpt>
    <trkpt lat="58.87230" lon="5.99990"></trkpt>
    <trkpt lat="58.87210" lon="6.00010"></trkpt>
    <trkpt lat="58.87180" lon="6.00010"></trkpt>
    <trkpt lat="58.87140" lon="6.00030"></trkpt>
    <trkpt lat="58.87100" lon="6.00060"></trkpt>
    <trkpt lat="58.87080" lon="6.00070"></trkpt>
    <trkpt lat="58.87050" lon="6.00140"></trkpt>
    <trkpt lat="58.87030" lon="6.00160"></trkpt>
    <trkpt lat="58.87010" lon="6.00170"></trkpt>
    <trkpt lat="58.86980" lon="6.00160"></trkpt>
    <trkpt lat="58.86960" lon="6.00160"></trkpt>
    <trkpt lat="58.86930" lon="6.00150"></trkpt>
    <trkpt lat="58.86880" lon="6.00140"></trkpt>
    <trkpt lat="58.86840" lon="6.00130"></trkpt>
    <trkpt lat="58.86790" lon="6.00120"></trkpt>
    <trkpt lat="58.86770" lon="6.00110"></trkpt>
    <trkpt lat="58.86730" lon="6.00100"></trkpt>
    <trkpt lat="58.86690" lon="6.00080"></trkpt>
    <trkpt lat="58.86670" lon="6.00080"></trkpt>
    <trkpt lat="58.86650" lon="6.00080"></trkpt>
    <trkpt lat="58.86630" lon="6.00100"></trkpt>
    <trkpt lat="58.86620" lon="6.00130"></trkpt>
    <trkpt lat="58.86600" lon="6.00210"></trkpt>
    <trkpt lat="58.86570" lon="6.00330"></trkpt>
    <trkpt lat="58.86560" lon="6.00370"></trkpt>
    <trkpt lat="58.86550" lon="6.00410"></trkpt>
    <trkpt lat="58.86540" lon="6.00440"></trkpt>
    <trkpt lat="58.86510" lon="6.00480"></trkpt>
    <trkpt lat="58.86490" lon="6.00500"></trkpt>
    <trkpt lat="58.86470" lon="6.00520"></trkpt>
    <trkpt lat="58.86450" lon="6.00530"></trkpt>
    <trkpt lat="58.86410" lon="6.00520"></trkpt>
    <trkpt lat="58.86390" lon="6.00510"></trkpt>
    <trkpt lat="58.86370" lon="6.00520"></trkpt>
    <trkpt lat="58.86350" lon="6.00530"></trkpt>
    <trkpt lat="58.86330" lon="6.00530"></trkpt>
    <trkpt lat="58.86290" lon="6.00560"></trkpt>
    <trkpt lat="58.86270" lon="6.00570"></trkpt>
    <trkpt lat="58.86250" lon="6.00570"></trkpt>
    <trkpt lat="58.86230" lon="6.00580"></trkpt>
    <trkpt lat="58.86170" lon="6.00590"></trkpt>
    <trkpt lat="58.86150" lon="6.00600"></trkpt>
    <trkpt lat="58.86130" lon="6.00620"></trkpt>
    <trkpt lat="58.86110" lon="6.00640"></trkpt>
    <trkpt lat="58.86100" lon="6.00670"></trkpt>
    <trkpt lat="58.86100" lon="6.00720"></trkpt>
    <trkpt lat="58.86100" lon="6.00770"></trkpt>
    <trkpt lat="58.86100" lon="6.00810"></trkpt>
    <trkpt lat="58.86100" lon="6.00850"></trkpt>
    <trkpt lat="58.86110" lon="6.00880"></trkpt>
    <trkpt lat="58.86100" lon="6.00920"></trkpt>
    <trkpt lat="58.86080" lon="6.00950"></trkpt>
    <trkpt lat="58.86050" lon="6.00960"></trkpt>
    <trkpt lat="58.86020" lon="6.00970"></trkpt>
    <trkpt lat="58.86000" lon="6.00980"></trkpt>
    <trkpt lat="58.85980" lon="6.01000"></trkpt>
    <trkpt lat="58.85970" lon="6.01030"></trkpt>
    <trkpt lat="58.85940" lon="6.01100"></trkpt>
    <trkpt lat="58.85910" lon="6.01170"></trkpt>
    <trkpt lat="58.85880" lon="6.01260"></trkpt>
    <trkpt lat="58.85860" lon="6.01310"></trkpt>
    <trkpt lat="58.85850" lon="6.01350"></trkpt>
    <trkpt lat="58.85830" lon="6.01380"></trkpt>
    <trkpt lat="58.85820" lon="6.01410"></trkpt>
    <trkpt lat="58.85800" lon="6.01440"></trkpt>
    <trkpt lat="58.85780" lon="6.01480"></trkpt>
    <trkpt lat="58.85740" lon="6.01540"></trkpt>
    <trkpt lat="58.85720" lon="6.01570"></trkpt>
    <trkpt lat="58.85710" lon="6.01600"></trkpt>
    <trkpt lat="58.85680" lon="6.01630"></trkpt>
    <trkpt lat="58.85660" lon="6.01650"></trkpt>
    <trkpt lat="58.85640" lon="6.01670"></trkpt>
    <trkpt lat="58.85620" lon="6.01680"></trkpt>
    <trkpt lat="58.85600" lon="6.01690"></trkpt>
    <trkpt lat="58.85580" lon="6.01700"></trkpt>
    <trkpt lat="58.85550" lon="6.01700"></trkpt>
    <trkpt lat="58.85530" lon="6.01710"></trkpt>
    <trkpt lat="58.85510" lon="6.01710"></trkpt>
    <trkpt lat="58.85480" lon="6.01710"></trkpt>
    <trkpt lat="58.85450" lon="6.01710"></trkpt>
    <trkpt lat="58.85430" lon="6.01710"></trkpt>
    <trkpt lat="58.85400" lon="6.01700"></trkpt>
    <trkpt lat="58.85380" lon="6.01690"></trkpt>
    <trkpt lat="58.85300" lon="6.01660"></trkpt>
    <trkpt lat="58.85280" lon="6.01650"></trkpt>
    <trkpt lat="58.85260" lon="6.01640"></trkpt>
    <trkpt lat="58.85230" lon="6.01610"></trkpt>
    <trkpt lat="58.85210" lon="6.01580"></trkpt>
    <trkpt lat="58.85190" lon="6.01560"></trkpt>
    <trkpt lat="58.85180" lon="6.01530"></trkpt>
    <trkpt lat="58.85120" lon="6.01410"></trkpt>
    <trkpt lat="58.85080" lon="6.01340"></trkpt>
    <trkpt lat="58.85070" lon="6.01310"></trkpt>
    <trkpt lat="58.85040" lon="6.01260"></trkpt>
    <trkpt lat="58.85030" lon="6.01230"></trkpt>
    <trkpt lat="58.85010" lon="6.01180"></trkpt>
    <trkpt lat="58.85000" lon="6.01150"></trkpt>
    <trkpt lat="58.84980" lon="6.01090"></trkpt>
    <trkpt lat="58.84960" lon="6.01010"></trkpt>
    <trkpt lat="58.84940" lon="6.00980"></trkpt>
    <trkpt lat="58.84930" lon="6.00950"></trkpt>
    <trkpt lat="58.84920" lon="6.00920"></trkpt>
    <trkpt lat="58.84900" lon="6.00890"></trkpt>
    <trkpt lat="58.84880" lon="6.00870"></trkpt>
    <trkpt lat="58.84860" lon="6.00840"></trkpt>
    <trkpt lat="58.84820" lon="6.00800"></trkpt>
    <trkpt lat="58.84800" lon="6.00770"></trkpt>
    <trkpt lat="58.84780" lon="6.00740"></trkpt>
    <trkpt lat="58.84750" lon="6.00690"></trkpt>
    <trkpt lat="58.84700" lon="6.00610"></trkpt>
    <trkpt lat="58.84680" lon="6.00590"></trkpt>
    <trkpt lat="58.84660" lon="6.00590"></trkpt>
    <trkpt lat="58.84650" lon="6.00630"></trkpt>
    <trkpt lat="58.84630" lon="6.00700"></trkpt>
    <trkpt lat="58.84610" lon="6.00770"></trkpt>
    <trkpt lat="58.84590" lon="6.00800"></trkpt>
    <trkpt lat="58.84580" lon="6.00840"></trkpt>
    <trkpt lat="58.84570" lon="6.00870"></trkpt>
    <trkpt lat="58.84560" lon="6.00900"></trkpt>
    <trkpt lat="58.84540" lon="6.00920"></trkpt>
    <trkpt lat="58.84530" lon="6.00950"></trkpt>
    <trkpt lat="58.84510" lon="6.00970"></trkpt>
    <trkpt lat="58.84480" lon="6.01010"></trkpt>
    <trkpt lat="58.84450" lon="6.01030"></trkpt>
    <trkpt lat="58.84410" lon="6.01070"></trkpt>
    <trkpt lat="58.84350" lon="6.01120"></trkpt>
    <trkpt lat="58.84320" lon="6.01140"></trkpt>
    <trkpt lat="58.84290" lon="6.01170"></trkpt>
    <trkpt lat="58.84260" lon="6.01210"></trkpt>
    <trkpt lat="58.84230" lon="6.01230"></trkpt>
    <trkpt lat="58.84210" lon="6.01250"></trkpt>
    <trkpt lat="58.84190" lon="6.01280"></trkpt>
    <trkpt lat="58.84180" lon="6.01310"></trkpt>
    <trkpt lat="58.84150" lon="6.01350"></trkpt>
    <trkpt lat="58.84130" lon="6.01380"></trkpt>
    <trkpt lat="58.84100" lon="6.01430"></trkpt>
    <trkpt lat="58.84060" lon="6.01500"></trkpt>
    <trkpt lat="58.84030" lon="6.01540"></trkpt>
    <trkpt lat="58.84010" lon="6.01570"></trkpt>
    <trkpt lat="58.83990" lon="6.01610"></trkpt>
    <trkpt lat="58.83970" lon="6.01620"></trkpt>
    <trkpt lat="58.83940" lon="6.01660"></trkpt>
    <trkpt lat="58.83910" lon="6.01680"></trkpt>
    <trkpt lat="58.83890" lon="6.01700"></trkpt>
    <trkpt lat="58.83870" lon="6.01710"></trkpt>
    <trkpt lat="58.83830" lon="6.01730"></trkpt>
    <trkpt lat="58.83810" lon="6.01730"></trkpt>
    <trkpt lat="58.83790" lon="6.01740"></trkpt>
    <trkpt lat="58.83750" lon="6.01740"></trkpt>
    <trkpt lat="58.83730" lon="6.01740"></trkpt>
    <trkpt lat="58.83710" lon="6.01730"></trkpt>
    <trkpt lat="58.83690" lon="6.01730"></trkpt>
    <trkpt lat="58.83670" lon="6.01720"></trkpt>
    <trkpt lat="58.83640" lon="6.01710"></trkpt>
    <trkpt lat="58.83620" lon="6.01690"></trkpt>
    <trkpt lat="58.83600" lon="6.01680"></trkpt>
    <trkpt lat="58.83580" lon="6.01660"></trkpt>
    <trkpt lat="58.83560" lon="6.01640"></trkpt>
    <trkpt lat="58.83530" lon="6.01610"></trkpt>
    <trkpt lat="58.83470" lon="6.01530"></trkpt>
    <trkpt lat="58.83440" lon="6.01490"></trkpt>
    <trkpt lat="58.83420" lon="6.01470"></trkpt>
    <trkpt lat="58.83390" lon="6.01450"></trkpt>
    <trkpt lat="58.83370" lon="6.01430"></trkpt>
    <trkpt lat="58.83330" lon="6.01400"></trkpt>
    <trkpt lat="58.83290" lon="6.01380"></trkpt>
    <trkpt lat="58.83220" lon="6.01330"></trkpt>
    <trkpt lat="58.83160" lon="6.01290"></trkpt>
    <trkpt lat="58.83140" lon="6.01280"></trkpt>
    <trkpt lat="58.83110" lon="6.01260"></trkpt>
    <trkpt lat="58.83080" lon="6.01220"></trkpt>
    <trkpt lat="58.83040" lon="6.01180"></trkpt>
    <trkpt lat="58.83000" lon="6.01140"></trkpt>
    <trkpt lat="58.82980" lon="6.01130"></trkpt>
    <trkpt lat="58.82960" lon="6.01110"></trkpt>
    <trkpt lat="58.82940" lon="6.01110"></trkpt>
    <trkpt lat="58.82920" lon="6.01120"></trkpt>
    <trkpt lat="58.82900" lon="6.01130"></trkpt>
    <trkpt lat="58.82880" lon="6.01150"></trkpt>
    <trkpt lat="58.82850" lon="6.01190"></trkpt>
    <trkpt lat="58.82830" lon="6.01210"></trkpt>
    <trkpt lat="58.82810" lon="6.01230"></trkpt>
    <trkpt lat="58.82790" lon="6.01240"></trkpt>
    <trkpt lat="58.82770" lon="6.01250"></trkpt>
    <trkpt lat="58.82750" lon="6.01260"></trkpt>
    <trkpt lat="58.82730" lon="6.01260"></trkpt>
    <trkpt lat="58.82710" lon="6.01260"></trkpt>
    <trkpt lat="58.82690" lon="6.01250"></trkpt>
    <trkpt lat="58.82670" lon="6.01220"></trkpt>
    <trkpt lat="58.82650" lon="6.01210"></trkpt>
    <trkpt lat="58.82620" lon="6.01150"></trkpt>
    <trkpt lat="58.82590" lon="6.01110"></trkpt>
    <trkpt lat="58.82570" lon="6.01090"></trkpt>
    <trkpt lat="58.82550" lon="6.01060"></trkpt>
    <trkpt lat="58.82530" lon="6.01040"></trkpt>
    <trkpt lat="58.82510" lon="6.01040"></trkpt>
    <trkpt lat="58.82490" lon="6.01040"></trkpt>
    <trkpt lat="58.82470" lon="6.01040"></trkpt>
    <trkpt lat="58.82450" lon="6.01050"></trkpt>
    <trkpt lat="58.82430" lon="6.01050"></trkpt>
    <trkpt lat="58.82410" lon="6.01070"></trkpt>
    <trkpt lat="58.82390" lon="6.01110"></trkpt>
    <trkpt lat="58.82370" lon="6.01140"></trkpt>
    <trkpt lat="58.82360" lon="6.01180"></trkpt>
    <trkpt lat="58.82350" lon="6.01210"></trkpt>
    <trkpt lat="58.82340" lon="6.01240"></trkpt>
    <trkpt lat="58.82340" lon="6.01290"></trkpt>
    <trkpt lat="58.82340" lon="6.01340"></trkpt>
    <trkpt lat="58.82350" lon="6.01400"></trkpt>
    <trkpt lat="58.82360" lon="6.01440"></trkpt>
    <trkpt lat="58.82380" lon="6.01530"></trkpt>
    <trkpt lat="58.82380" lon="6.01580"></trkpt>
    <trkpt lat="58.82390" lon="6.01610"></trkpt>
    <trkpt lat="58.82390" lon="6.01660"></trkpt>
    <trkpt lat="58.82390" lon="6.01700"></trkpt>
    <trkpt lat="58.82390" lon="6.01750"></trkpt>
    <trkpt lat="58.82380" lon="6.01790"></trkpt>
    <trkpt lat="58.82370" lon="6.01830"></trkpt>
    <trkpt lat="58.82360" lon="6.01900"></trkpt>
    <trkpt lat="58.82310" lon="6.02090"></trkpt>
    <trkpt lat="58.82280" lon="6.02210"></trkpt>
    <trkpt lat="58.82270" lon="6.02260"></trkpt>
    <trkpt lat="58.82260" lon="6.02290"></trkpt>
    <trkpt lat="58.82230" lon="6.02330"></trkpt>
    <trkpt lat="58.82220" lon="6.02360"></trkpt>
    <trkpt lat="58.82250" lon="6.02380"></trkpt>
    <trkpt lat="58.82330" lon="6.02450"></trkpt>
    <trkpt lat="58.82360" lon="6.02480"></trkpt>
    <trkpt lat="58.82390" lon="6.02500"></trkpt>
    <trkpt lat="58.82410" lon="6.02520"></trkpt>
    <trkpt lat="58.82430" lon="6.02540"></trkpt>
    <trkpt lat="58.82460" lon="6.02570"></trkpt>
    <trkpt lat="58.82490" lon="6.02620"></trkpt>
    <trkpt lat="58.82510" lon="6.02650"></trkpt>
    <trkpt lat="58.82520" lon="6.02680"></trkpt>
    <trkpt lat="58.82530" lon="6.02710"></trkpt>
    <trkpt lat="58.82550" lon="6.02750"></trkpt>
    <trkpt lat="58.82560" lon="6.02790"></trkpt>
    <trkpt lat="58.82580" lon="6.02850"></trkpt>
    <trkpt lat="58.82600" lon="6.02920"></trkpt>
    <trkpt lat="58.82610" lon="6.02950"></trkpt>
    <trkpt lat="58.82620" lon="6.02980"></trkpt>
    <trkpt lat="58.82630" lon="6.03010"></trkpt>
    <trkpt lat="58.82650" lon="6.03050"></trkpt>
    <trkpt lat="58.82670" lon="6.03070"></trkpt>
    <trkpt lat="58.82680" lon="6.03100"></trkpt>
    <trkpt lat="58.82700" lon="6.03120"></trkpt>
    <trkpt lat="58.82770" lon="6.03220"></trkpt>
    <trkpt lat="58.82800" lon="6.03260"></trkpt>
    <trkpt lat="58.82830" lon="6.03290"></trkpt>
    <trkpt lat="58.82870" lon="6.03330"></trkpt>
    <trkpt lat="58.82890" lon="6.03350"></trkpt>
    <trkpt lat="58.82910" lon="6.03390"></trkpt>
    <trkpt lat="58.82930" lon="6.03420"></trkpt>
    <trkpt lat="58.82940" lon="6.03460"></trkpt>
    <trkpt lat="58.82950" lon="6.03500"></trkpt>
    <trkpt lat="58.82960" lon="6.03570"></trkpt>
    <trkpt lat="58.82970" lon="6.03600"></trkpt>
    <trkpt lat="58.82990" lon="6.03650"></trkpt>
    <trkpt lat="58.83010" lon="6.03700"></trkpt>
    <trkpt lat="58.83020" lon="6.03730"></trkpt>
    <trkpt lat="58.83040" lon="6.03760"></trkpt>
    <trkpt lat="58.83050" lon="6.03790"></trkpt>
    <trkpt lat="58.83060" lon="6.03830"></trkpt>
    <trkpt lat="58.83080" lon="6.03910"></trkpt>
    <trkpt lat="58.83110" lon="6.04020"></trkpt>
    <trkpt lat="58.83130" lon="6.04070"></trkpt>
    <trkpt lat="58.83140" lon="6.04120"></trkpt>
    <trkpt lat="58.83150" lon="6.04170"></trkpt>
    <trkpt lat="58.83160" lon="6.04270"></trkpt>
    <trkpt lat="58.83160" lon="6.04320"></trkpt>
    <trkpt lat="58.83170" lon="6.04350"></trkpt>
    <trkpt lat="58.83180" lon="6.04410"></trkpt>
    <trkpt lat="58.83190" lon="6.04450"></trkpt>
    <trkpt lat="58.83200" lon="6.04490"></trkpt>
    <trkpt lat="58.83250" lon="6.04610"></trkpt>
    <trkpt lat="58.83260" lon="6.04660"></trkpt>
    <trkpt lat="58.83270" lon="6.04710"></trkpt>
    <trkpt lat="58.83280" lon="6.04760"></trkpt>
    <trkpt lat="58.83280" lon="6.04820"></trkpt>
    <trkpt lat="58.83270" lon="6.04950"></trkpt>
    <trkpt lat="58.83270" lon="6.05000"></trkpt>
    <trkpt lat="58.83280" lon="6.05040"></trkpt>
    <trkpt lat="58.83290" lon="6.05090"></trkpt>
    <trkpt lat="58.83300" lon="6.05140"></trkpt>
    <trkpt lat="58.83330" lon="6.05220"></trkpt>
    <trkpt lat="58.83350" lon="6.05270"></trkpt>
    <trkpt lat="58.83370" lon="6.05320"></trkpt>
    <trkpt lat="58.83370" lon="6.05370"></trkpt>
    <trkpt lat="58.83380" lon="6.05400"></trkpt>
    <trkpt lat="58.83380" lon="6.05460"></trkpt>
    <trkpt lat="58.83400" lon="6.05650"></trkpt>
    <trkpt lat="58.83420" lon="6.05880"></trkpt>
    <trkpt lat="58.83420" lon="6.05930"></trkpt>
    <trkpt lat="58.83430" lon="6.06040"></trkpt>
    <trkpt lat="58.83440" lon="6.06190"></trkpt>
    <trkpt lat="58.83450" lon="6.06230"></trkpt>
    <trkpt lat="58.83450" lon="6.06290"></trkpt>
    <trkpt lat="58.83460" lon="6.06320"></trkpt>
    <trkpt lat="58.83460" lon="6.06360"></trkpt>
    <trkpt lat="58.83470" lon="6.06400"></trkpt>
    <trkpt lat="58.83480" lon="6.06440"></trkpt>
    <trkpt lat="58.83490" lon="6.06470"></trkpt>
    <trkpt lat="58.83500" lon="6.06510"></trkpt>
    <trkpt lat="58.83520" lon="6.06540"></trkpt>
    <trkpt lat="58.83530" lon="6.06600"></trkpt>
    <trkpt lat="58.83580" lon="6.06770"></trkpt>
    <trkpt lat="58.83590" lon="6.06810"></trkpt>
    <trkpt lat="58.83600" lon="6.06840"></trkpt>
    <trkpt lat="58.83610" lon="6.06890"></trkpt>
    <trkpt lat="58.83620" lon="6.06990"></trkpt>
    <trkpt lat="58.83620" lon="6.07040"></trkpt>
    <trkpt lat="58.83630" lon="6.07070"></trkpt>
    <trkpt lat="58.83630" lon="6.07120"></trkpt>
    <trkpt lat="58.83630" lon="6.07160"></trkpt>
    <trkpt lat="58.83620" lon="6.07220"></trkpt>
    <trkpt lat="58.83620" lon="6.07300"></trkpt>
    <trkpt lat="58.83620" lon="6.07370"></trkpt>
    <trkpt lat="58.83620" lon="6.07470"></trkpt>
    <trkpt lat="58.83630" lon="6.07570"></trkpt>
    <trkpt lat="58.83630" lon="6.07640"></trkpt>
    <trkpt lat="58.83620" lon="6.07670"></trkpt>
    <trkpt lat="58.83620" lon="6.07710"></trkpt>
    <trkpt lat="58.83610" lon="6.07810"></trkpt>
    <trkpt lat="58.83610" lon="6.07850"></trkpt>
    <trkpt lat="58.83600" lon="6.07890"></trkpt>
    <trkpt lat="58.83590" lon="6.07930"></trkpt>
    <trkpt lat="58.83570" lon="6.08020"></trkpt>
    <trkpt lat="58.83530" lon="6.08140"></trkpt>
    <trkpt lat="58.83510" lon="6.08190"></trkpt>
    <trkpt lat="58.83490" lon="6.08220"></trkpt>
    <trkpt lat="58.83470" lon="6.08230"></trkpt>
    <trkpt lat="58.83450" lon="6.08240"></trkpt>
    <trkpt lat="58.83390" lon="6.08230"></trkpt>
    <trkpt lat="58.83370" lon="6.08230"></trkpt>
    <trkpt lat="58.83350" lon="6.08230"></trkpt>
    <trkpt lat="58.83330" lon="6.08250"></trkpt>
    <trkpt lat="58.83310" lon="6.08290"></trkpt>
    <trkpt lat="58.83300" lon="6.08320"></trkpt>
    <trkpt lat="58.83290" lon="6.08350"></trkpt>
    <trkpt lat="58.83290" lon="6.08400"></trkpt>
    <trkpt lat="58.83290" lon="6.08500"></trkpt>
    <trkpt lat="58.83290" lon="6.08540"></trkpt>
    <trkpt lat="58.83290" lon="6.08580"></trkpt>
    <trkpt lat="58.83290" lon="6.08640"></trkpt>
    <trkpt lat="58.83270" lon="6.08810"></trkpt>
    <trkpt lat="58.83260" lon="6.08900"></trkpt>
    <trkpt lat="58.83260" lon="6.08950"></trkpt>
    <trkpt lat="58.83260" lon="6.09020"></trkpt>
    <trkpt lat="58.83260" lon="6.09160"></trkpt>
    <trkpt lat="58.83260" lon="6.09220"></trkpt>
    <trkpt lat="58.83260" lon="6.09260"></trkpt>
    <trkpt lat="58.83250" lon="6.09290"></trkpt>
    <trkpt lat="58.83250" lon="6.09330"></trkpt>
    <trkpt lat="58.83250" lon="6.09370"></trkpt>
    <trkpt lat="58.83240" lon="6.09400"></trkpt>
    <trkpt lat="58.83240" lon="6.09460"></trkpt>
    <trkpt lat="58.83240" lon="6.09500"></trkpt>
    <trkpt lat="58.83240" lon="6.09550"></trkpt>
    <trkpt lat="58.83240" lon="6.09600"></trkpt>
    <trkpt lat="58.83250" lon="6.09650"></trkpt>
    <trkpt lat="58.83260" lon="6.09720"></trkpt>
    <trkpt lat="58.83270" lon="6.09800"></trkpt>
    <trkpt lat="58.83280" lon="6.09830"></trkpt>
    <trkpt lat="58.83280" lon="6.09880"></trkpt>
    <trkpt lat="58.83280" lon="6.09920"></trkpt>
    <trkpt lat="58.83280" lon="6.09990"></trkpt>
    <trkpt lat="58.83280" lon="6.10050"></trkpt>
    <trkpt lat="58.83260" lon="6.10210"></trkpt>
    <trkpt lat="58.83260" lon="6.10280"></trkpt>
    <trkpt lat="58.83270" lon="6.10420"></trkpt>
    <trkpt lat="58.83270" lon="6.10470"></trkpt>
    <trkpt lat="58.83270" lon="6.10510"></trkpt>
    <trkpt lat="58.83270" lon="6.10620"></trkpt>
    <trkpt lat="58.83270" lon="6.10670"></trkpt>
    <trkpt lat="58.83270" lon="6.10730"></trkpt>
    <trkpt lat="58.83280" lon="6.10810"></trkpt>
    <trkpt lat="58.83280" lon="6.10850"></trkpt>
    <trkpt lat="58.83280" lon="6.10890"></trkpt>
    <trkpt lat="58.83280" lon="6.10940"></trkpt>
    <trkpt lat="58.83280" lon="6.10980"></trkpt>
    <trkpt lat="58.83270" lon="6.11040"></trkpt>
    <trkpt lat="58.83260" lon="6.11090"></trkpt>
    <trkpt lat="58.83260" lon="6.11140"></trkpt>
    <trkpt lat="58.83270" lon="6.11190"></trkpt>
    <trkpt lat="58.83280" lon="6.11230"></trkpt>
    <trkpt lat="58.83290" lon="6.11280"></trkpt>
    <trkpt lat="58.83310" lon="6.11330"></trkpt>
    <trkpt lat="58.83330" lon="6.11380"></trkpt>
    <trkpt lat="58.83350" lon="6.11410"></trkpt>
    <trkpt lat="58.83390" lon="6.11480"></trkpt>
    <trkpt lat="58.83410" lon="6.11500"></trkpt>
    <trkpt lat="58.83420" lon="6.11540"></trkpt>
    <trkpt lat="58.83440" lon="6.11610"></trkpt>
    <trkpt lat="58.83460" lon="6.11690"></trkpt>
    <trkpt lat="58.83470" lon="6.11740"></trkpt>
    <trkpt lat="58.83490" lon="6.11800"></trkpt>
    <trkpt lat="58.83500" lon="6.11840"></trkpt>
    <trkpt lat="58.83510" lon="6.11880"></trkpt>
    <trkpt lat="58.83530" lon="6.11920"></trkpt>
    <trkpt lat="58.83560" lon="6.11970"></trkpt>
    <trkpt lat="58.83570" lon="6.12000"></trkpt>
    <trkpt lat="58.83590" lon="6.12040"></trkpt>
    <trkpt lat="58.83610" lon="6.12080"></trkpt>
    <trkpt lat="58.83620" lon="6.12120"></trkpt>
    <trkpt lat="58.83630" lon="6.12160"></trkpt>
    <trkpt lat="58.83640" lon="6.12280"></trkpt>
    <trkpt lat="58.83640" lon="6.12320"></trkpt>
    <trkpt lat="58.83650" lon="6.12360"></trkpt>
    <trkpt lat="58.83650" lon="6.12400"></trkpt>
    <trkpt lat="58.83660" lon="6.12440"></trkpt>
    <trkpt lat="58.83690" lon="6.12580"></trkpt>
    <trkpt lat="58.83700" lon="6.12680"></trkpt>
    <trkpt lat="58.83720" lon="6.12760"></trkpt>
    <trkpt lat="58.83730" lon="6.12820"></trkpt>
    <trkpt lat="58.83730" lon="6.12860"></trkpt>
    <trkpt lat="58.83740" lon="6.12900"></trkpt>
    <trkpt lat="58.83750" lon="6.12970"></trkpt>
    <trkpt lat="58.83750" lon="6.13030"></trkpt>
    <trkpt lat="58.83760" lon="6.13100"></trkpt>
    <trkpt lat="58.83760" lon="6.13200"></trkpt>
    <trkpt lat="58.83770" lon="6.13270"></trkpt>
    <trkpt lat="58.83780" lon="6.13350"></trkpt>
    <trkpt lat="58.83780" lon="6.13410"></trkpt>
    <trkpt lat="58.83790" lon="6.13460"></trkpt>
    <trkpt lat="58.83790" lon="6.13500"></trkpt>
    <trkpt lat="58.83800" lon="6.13540"></trkpt>
    <trkpt lat="58.83810" lon="6.13600"></trkpt>
    <trkpt lat="58.83820" lon="6.13670"></trkpt>
    <trkpt lat="58.83860" lon="6.13880"></trkpt>
    <trkpt lat="58.83870" lon="6.13960"></trkpt>
    <trkpt lat="58.83880" lon="6.14010"></trkpt>
    <trkpt lat="58.83890" lon="6.14070"></trkpt>
    <trkpt lat="58.83900" lon="6.14150"></trkpt>
    <trkpt lat="58.83900" lon="6.14200"></trkpt>
    <trkpt lat="58.83910" lon="6.14240"></trkpt>
    <trkpt lat="58.83910" lon="6.14290"></trkpt>
    <trkpt lat="58.83920" lon="6.14330"></trkpt>
    <trkpt lat="58.83920" lon="6.14370"></trkpt>
    <trkpt lat="58.83920" lon="6.14420"></trkpt>
    <trkpt lat="58.83920" lon="6.14460"></trkpt>
    <trkpt lat="58.83930" lon="6.14540"></trkpt>
    <trkpt lat="58.83930" lon="6.14600"></trkpt>
    <trkpt lat="58.83940" lon="6.14680"></trkpt>
    <trkpt lat="58.83950" lon="6.14710"></trkpt>
    <trkpt lat="58.83950" lon="6.14770"></trkpt>
    <trkpt lat="58.83960" lon="6.14850"></trkpt>
    <trkpt lat="58.83970" lon="6.14920"></trkpt>
    <trkpt lat="58.83970" lon="6.14980"></trkpt>
    <trkpt lat="58.83970" lon="6.15020"></trkpt>
    <trkpt lat="58.83970" lon="6.15080"></trkpt>
    <trkpt lat="58.83940" lon="6.15270"></trkpt>
    <trkpt lat="58.83930" lon="6.15350"></trkpt>
    <trkpt lat="58.83920" lon="6.15400"></trkpt>
    <trkpt lat="58.83910" lon="6.15450"></trkpt>
    <trkpt lat="58.83880" lon="6.15590"></trkpt>
    <trkpt lat="58.83840" lon="6.15840"></trkpt>
    <trkpt lat="58.83780" lon="6.16150"></trkpt>
    <trkpt lat="58.83760" lon="6.16260"></trkpt>
    <trkpt lat="58.83750" lon="6.16320"></trkpt>
    <trkpt lat="58.83740" lon="6.16380"></trkpt>
    <trkpt lat="58.83730" lon="6.16440"></trkpt>
    <trkpt lat="58.83730" lon="6.16530"></trkpt>
    <trkpt lat="58.83700" lon="6.16770"></trkpt>
    <trkpt lat="58.83700" lon="6.16840"></trkpt>
    <trkpt lat="58.83690" lon="6.16880"></trkpt>
    <trkpt lat="58.83690" lon="6.16920"></trkpt>
    <trkpt lat="58.83670" lon="6.16990"></trkpt>
    <trkpt lat="58.83670" lon="6.17030"></trkpt>
    <trkpt lat="58.83660" lon="6.17080"></trkpt>
    <trkpt lat="58.83650" lon="6.17110"></trkpt>
    <trkpt lat="58.83640" lon="6.17140"></trkpt>
    <trkpt lat="58.83630" lon="6.17170"></trkpt>
    <trkpt lat="58.83600" lon="6.17240"></trkpt>
    <trkpt lat="58.83550" lon="6.17380"></trkpt>
    <trkpt lat="58.83540" lon="6.17410"></trkpt>
    <trkpt lat="58.83530" lon="6.17440"></trkpt>
    <trkpt lat="58.83490" lon="6.17510"></trkpt>
    <trkpt lat="58.83470" lon="6.17540"></trkpt>
    <trkpt lat="58.83460" lon="6.17570"></trkpt>
    <trkpt lat="58.83280" lon="6.17890"></trkpt>
    <trkpt lat="58.83230" lon="6.17970"></trkpt>
    <trkpt lat="58.83220" lon="6.18000"></trkpt>
    <trkpt lat="58.83200" lon="6.18040"></trkpt>
    <trkpt lat="58.83190" lon="6.18080"></trkpt>
    <trkpt lat="58.83130" lon="6.18230"></trkpt>
    <trkpt lat="58.83090" lon="6.18330"></trkpt>
    <trkpt lat="58.83080" lon="6.18370"></trkpt>
    <trkpt lat="58.83060" lon="6.18410"></trkpt>
    <trkpt lat="58.83030" lon="6.18460"></trkpt>
    <trkpt lat="58.83010" lon="6.18500"></trkpt>
    <trkpt lat="58.82990" lon="6.18540"></trkpt>
    <trkpt lat="58.82970" lon="6.18570"></trkpt>
    <trkpt lat="58.82950" lon="6.18590"></trkpt>
    <trkpt lat="58.82900" lon="6.18640"></trkpt>
    <trkpt lat="58.82890" lon="6.18670"></trkpt>
    <trkpt lat="58.82860" lon="6.18700"></trkpt>
    <trkpt lat="58.82840" lon="6.18730"></trkpt>
    <trkpt lat="58.82810" lon="6.18770"></trkpt>
    <trkpt lat="58.82760" lon="6.18840"></trkpt>
    <trkpt lat="58.82740" lon="6.18870"></trkpt>
    <trkpt lat="58.82700" lon="6.18940"></trkpt>
    <trkpt lat="58.82660" lon="6.19010"></trkpt>
    <trkpt lat="58.82630" lon="6.19050"></trkpt>
    <trkpt lat="58.82610" lon="6.19090"></trkpt>
    <trkpt lat="58.82590" lon="6.19120"></trkpt>
    <trkpt lat="58.82570" lon="6.19160"></trkpt>
    <trkpt lat="58.82550" lon="6.19200"></trkpt>
    <trkpt lat="58.82510" lon="6.19270"></trkpt>
    <trkpt lat="58.82490" lon="6.19310"></trkpt>
    <trkpt lat="58.82470" lon="6.19340"></trkpt>
    <trkpt lat="58.82450" lon="6.19380"></trkpt>
    <trkpt lat="58.82420" lon="6.19440"></trkpt>
    <trkpt lat="58.82400" lon="6.19490"></trkpt>
    <trkpt lat="58.82380" lon="6.19530"></trkpt>
    <trkpt lat="58.82340" lon="6.19610"></trkpt>
    <trkpt lat="58.82320" lon="6.19650"></trkpt>
    <trkpt lat="58.82300" lon="6.19690"></trkpt>
    <trkpt lat="58.82280" lon="6.19730"></trkpt>
    <trkpt lat="58.82260" lon="6.19780"></trkpt>
    <trkpt lat="58.82220" lon="6.19870"></trkpt>
    <trkpt lat="58.82200" lon="6.19920"></trkpt>
    <trkpt lat="58.82180" lon="6.19960"></trkpt>
    <trkpt lat="58.82150" lon="6.20030"></trkpt>
    <trkpt lat="58.82140" lon="6.20060"></trkpt>
    <trkpt lat="58.82130" lon="6.20090"></trkpt>
    <trkpt lat="58.82120" lon="6.20120"></trkpt>
    <trkpt lat="58.82090" lon="6.20200"></trkpt>
    <trkpt lat="58.82060" lon="6.20270"></trkpt>
    <trkpt lat="58.82030" lon="6.20360"></trkpt>
    <trkpt lat="58.81990" lon="6.20470"></trkpt>
    <trkpt lat="58.81960" lon="6.20560"></trkpt>
    <trkpt lat="58.81930" lon="6.20620"></trkpt>
    <trkpt lat="58.81870" lon="6.20790"></trkpt>
    <trkpt lat="58.81860" lon="6.20830"></trkpt>
    <trkpt lat="58.81820" lon="6.20950"></trkpt>
    <trkpt lat="58.81780" lon="6.21020"></trkpt>
    <trkpt lat="58.81750" lon="6.21110"></trkpt>
    <trkpt lat="58.81720" lon="6.21180"></trkpt>
    <trkpt lat="58.81680" lon="6.21270"></trkpt>
    <trkpt lat="58.81650" lon="6.21350"></trkpt>
    <trkpt lat="58.81620" lon="6.21420"></trkpt>
    <trkpt lat="58.81590" lon="6.21480"></trkpt>
    <trkpt lat="58.81570" lon="6.21530"></trkpt>
    <trkpt lat="58.81560" lon="6.21570"></trkpt>
    <trkpt lat="58.81560" lon="6.21610"></trkpt>
    <trkpt lat="58.81550" lon="6.21670"></trkpt>
    <trkpt lat="58.81530" lon="6.21750"></trkpt>
    <trkpt lat="58.81520" lon="6.21800"></trkpt>
    <trkpt lat="58.81510" lon="6.21840"></trkpt>
    <trkpt lat="58.81490" lon="6.21910"></trkpt>
    <trkpt lat="58.81470" lon="6.21940"></trkpt>
    <trkpt lat="58.81450" lon="6.21990"></trkpt>
    <trkpt lat="58.81430" lon="6.22010"></trkpt>
    <trkpt lat="58.81410" lon="6.22040"></trkpt>
    <trkpt lat="58.81390" lon="6.22070"></trkpt>
    <trkpt lat="58.81370" lon="6.22100"></trkpt>
    <trkpt lat="58.81360" lon="6.22140"></trkpt>
    <trkpt lat="58.81350" lon="6.22170"></trkpt>
    <trkpt lat="58.81340" lon="6.22210"></trkpt>
    <trkpt lat="58.81330" lon="6.22280"></trkpt>
    <trkpt lat="58.81320" lon="6.22310"></trkpt>
    <trkpt lat="58.81320" lon="6.22360"></trkpt>
    <trkpt lat="58.81310" lon="6.22410"></trkpt>
    <trkpt lat="58.81300" lon="6.22480"></trkpt>
    <trkpt lat="58.81290" lon="6.22580"></trkpt>
    <trkpt lat="58.81280" lon="6.22710"></trkpt>
    <trkpt lat="58.81270" lon="6.22760"></trkpt>
    <trkpt lat="58.81270" lon="6.22800"></trkpt>
    <trkpt lat="58.81260" lon="6.22850"></trkpt>
    <trkpt lat="58.81250" lon="6.22900"></trkpt>
    <trkpt lat="58.81240" lon="6.22940"></trkpt>
    <trkpt lat="58.81230" lon="6.22980"></trkpt>
    <trkpt lat="58.81210" lon="6.23040"></trkpt>
    <trkpt lat="58.81180" lon="6.23080"></trkpt>
    <trkpt lat="58.81170" lon="6.23120"></trkpt>
    <trkpt lat="58.81140" lon="6.23160"></trkpt>
    <trkpt lat="58.81120" lon="6.23210"></trkpt>
    <trkpt lat="58.81080" lon="6.23290"></trkpt>
    <trkpt lat="58.81070" lon="6.23320"></trkpt>
    <trkpt lat="58.81050" lon="6.23360"></trkpt>
    <trkpt lat="58.81030" lon="6.23400"></trkpt>
    <trkpt lat="58.81010" lon="6.23440"></trkpt>
    <trkpt lat="58.80990" lon="6.23480"></trkpt>
    <trkpt lat="58.80960" lon="6.23540"></trkpt>
    <trkpt lat="58.80930" lon="6.23610"></trkpt>
    <trkpt lat="58.80900" lon="6.23660"></trkpt>
    <trkpt lat="58.80880" lon="6.23720"></trkpt>
    <trkpt lat="58.80860" lon="6.23740"></trkpt>
    <trkpt lat="58.80850" lon="6.23770"></trkpt>
    <trkpt lat="58.80840" lon="6.23810"></trkpt>
    <trkpt lat="58.80830" lon="6.23860"></trkpt>
    <trkpt lat="58.80820" lon="6.23890"></trkpt>
    <trkpt lat="58.80810" lon="6.23920"></trkpt>
    <trkpt lat="58.80810" lon="6.23960"></trkpt>
    <trkpt lat="58.80800" lon="6.23990"></trkpt>
    <trkpt lat="58.80790" lon="6.24030"></trkpt>
    <trkpt lat="58.80780" lon="6.24080"></trkpt>
    <trkpt lat="58.80770" lon="6.24180"></trkpt>
    <trkpt lat="58.80770" lon="6.24220"></trkpt>
    <trkpt lat="58.80750" lon="6.24330"></trkpt>
    <trkpt lat="58.80740" lon="6.24450"></trkpt>
    <trkpt lat="58.80730" lon="6.24480"></trkpt>
    <trkpt lat="58.80730" lon="6.24530"></trkpt>
    <trkpt lat="58.80720" lon="6.24580"></trkpt>
    <trkpt lat="58.80710" lon="6.24610"></trkpt>
    <trkpt lat="58.80700" lon="6.24640"></trkpt>
    <trkpt lat="58.80690" lon="6.24690"></trkpt>
    <trkpt lat="58.80630" lon="6.24890"></trkpt>
    <trkpt lat="58.80610" lon="6.24980"></trkpt>
    <trkpt lat="58.80600" lon="6.25020"></trkpt>
    <trkpt lat="58.80580" lon="6.25100"></trkpt>
    <trkpt lat="58.80560" lon="6.25170"></trkpt>
    <trkpt lat="58.80540" lon="6.25240"></trkpt>
    <trkpt lat="58.80530" lon="6.25270"></trkpt>
    <trkpt lat="58.80490" lon="6.25400"></trkpt>
    <trkpt lat="58.80470" lon="6.25480"></trkpt>
    <trkpt lat="58.80450" lon="6.25560"></trkpt>
    <trkpt lat="58.80440" lon="6.25590"></trkpt>
    <trkpt lat="58.80420" lon="6.25630"></trkpt>
    <trkpt lat="58.80400" lon="6.25690"></trkpt>
    <trkpt lat="58.80350" lon="6.25790"></trkpt>
    <trkpt lat="58.80310" lon="6.25870"></trkpt>
    <trkpt lat="58.80290" lon="6.25910"></trkpt>
    <trkpt lat="58.80260" lon="6.25970"></trkpt>
    <trkpt lat="58.80230" lon="6.26040"></trkpt>
    <trkpt lat="58.80220" lon="6.26090"></trkpt>
    <trkpt lat="58.80210" lon="6.26130"></trkpt>
    <trkpt lat="58.80200" lon="6.26220"></trkpt>
    <trkpt lat="58.80190" lon="6.26250"></trkpt>
    <trkpt lat="58.80180" lon="6.26290"></trkpt>
    <trkpt lat="58.80160" lon="6.26320"></trkpt>
    <trkpt lat="58.80150" lon="6.26350"></trkpt>
    <trkpt lat="58.80130" lon="6.26370"></trkpt>
    <trkpt lat="58.80110" lon="6.26420"></trkpt>
    <trkpt lat="58.80050" lon="6.26510"></trkpt>
    <trkpt lat="58.80030" lon="6.26540"></trkpt>
    <trkpt lat="58.80010" lon="6.26580"></trkpt>
    <trkpt lat="58.79990" lon="6.26610"></trkpt>
    <trkpt lat="58.79980" lon="6.26650"></trkpt>
    <trkpt lat="58.79960" lon="6.26670"></trkpt>
    <trkpt lat="58.79940" lon="6.26710"></trkpt>
    <trkpt lat="58.79910" lon="6.26740"></trkpt>
    <trkpt lat="58.79890" lon="6.26790"></trkpt>
    <trkpt lat="58.79860" lon="6.26830"></trkpt>
    <trkpt lat="58.79800" lon="6.26920"></trkpt>
    <trkpt lat="58.79780" lon="6.26940"></trkpt>
    <trkpt lat="58.79760" lon="6.26980"></trkpt>
    <trkpt lat="58.79740" lon="6.27030"></trkpt>
    <trkpt lat="58.79710" lon="6.27090"></trkpt>
    <trkpt lat="58.79690" lon="6.27140"></trkpt>
    <trkpt lat="58.79670" lon="6.27170"></trkpt>
    <trkpt lat="58.79650" lon="6.27200"></trkpt>
    <trkpt lat="58.79630" lon="6.27230"></trkpt>
    <trkpt lat="58.79610" lon="6.27250"></trkpt>
    <trkpt lat="58.79590" lon="6.27260"></trkpt>
    <trkpt lat="58.79570" lon="6.27280"></trkpt>
    <trkpt lat="58.79540" lon="6.27300"></trkpt>
    <trkpt lat="58.79520" lon="6.27310"></trkpt>
    <trkpt lat="58.79500" lon="6.27320"></trkpt>
    <trkpt lat="58.79480" lon="6.27320"></trkpt>
    <trkpt lat="58.79430" lon="6.27330"></trkpt>
    <trkpt lat="58.79400" lon="6.27340"></trkpt>
    <trkpt lat="58.79370" lon="6.27360"></trkpt>
    <trkpt lat="58.79340" lon="6.27380"></trkpt>
    <trkpt lat="58.79320" lon="6.27390"></trkpt>
    <trkpt lat="58.79290" lon="6.27420"></trkpt>
    <trkpt lat="58.79250" lon="6.27470"></trkpt>
    <trkpt lat="58.79230" lon="6.27520"></trkpt>
    <trkpt lat="58.79210" lon="6.27540"></trkpt>
    <trkpt lat="58.79200" lon="6.27580"></trkpt>
    <trkpt lat="58.79180" lon="6.27620"></trkpt>
    <trkpt lat="58.79170" lon="6.27650"></trkpt>
    <trkpt lat="58.79130" lon="6.27750"></trkpt>
    <trkpt lat="58.79120" lon="6.27790"></trkpt>
    <trkpt lat="58.79100" lon="6.27830"></trkpt>
    <trkpt lat="58.79080" lon="6.27850"></trkpt>
    <trkpt lat="58.79060" lon="6.27880"></trkpt>
    <trkpt lat="58.79040" lon="6.27900"></trkpt>
    <trkpt lat="58.79020" lon="6.27910"></trkpt>
    <trkpt lat="58.79000" lon="6.27930"></trkpt>
    <trkpt lat="58.78980" lon="6.27940"></trkpt>
    <trkpt lat="58.78970" lon="6.27970"></trkpt>
    <trkpt lat="58.78950" lon="6.27990"></trkpt>
    <trkpt lat="58.78930" lon="6.28020"></trkpt>
    <trkpt lat="58.78910" lon="6.28040"></trkpt>
    <trkpt lat="58.78890" lon="6.28060"></trkpt>
    <trkpt lat="58.78870" lon="6.28080"></trkpt>
    <trkpt lat="58.78850" lon="6.28110"></trkpt>
    <trkpt lat="58.78830" lon="6.28130"></trkpt>
    <trkpt lat="58.78810" lon="6.28160"></trkpt>
    <trkpt lat="58.78790" lon="6.28190"></trkpt>
    <trkpt lat="58.78780" lon="6.28220"></trkpt>
    <trkpt lat="58.78770" lon="6.28250"></trkpt>
    <trkpt lat="58.78750" lon="6.28290"></trkpt>
    <trkpt lat="58.78740" lon="6.28320"></trkpt>
    <trkpt lat="58.78730" lon="6.28350"></trkpt>
    <trkpt lat="58.78720" lon="6.28410"></trkpt>
    <trkpt lat="58.78710" lon="6.28440"></trkpt>
    <trkpt lat="58.78710" lon="6.28480"></trkpt>
    <trkpt lat="58.78710" lon="6.28530"></trkpt>
    <trkpt lat="58.78690" lon="6.28790"></trkpt>
    <trkpt lat="58.78680" lon="6.28850"></trkpt>
    <trkpt lat="58.78670" lon="6.28910"></trkpt>
    <trkpt lat="58.78650" lon="6.28970"></trkpt>
    <trkpt lat="58.78630" lon="6.29040"></trkpt>
    <trkpt lat="58.78610" lon="6.29100"></trkpt>
    <trkpt lat="58.78600" lon="6.29140"></trkpt>
    <trkpt lat="58.78580" lon="6.29200"></trkpt>
    <trkpt lat="58.78550" lon="6.29290"></trkpt>
    <trkpt lat="58.78540" lon="6.29320"></trkpt>
    <trkpt lat="58.78530" lon="6.29350"></trkpt>
    <trkpt lat="58.78520" lon="6.29380"></trkpt>
    <trkpt lat="58.78510" lon="6.29410"></trkpt>
    <trkpt lat="58.78490" lon="6.29440"></trkpt>
    <trkpt lat="58.78480" lon="6.29470"></trkpt>
    <trkpt lat="58.78460" lon="6.29500"></trkpt>
    <trkpt lat="58.78450" lon="6.29530"></trkpt>
    <trkpt lat="58.78440" lon="6.29570"></trkpt>
    <trkpt lat="58.78430" lon="6.29600"></trkpt>
    <trkpt lat="58.78420" lon="6.29630"></trkpt>
    <trkpt lat="58.78410" lon="6.29680"></trkpt>
    <trkpt lat="58.78400" lon="6.29750"></trkpt>
    <trkpt lat="58.78380" lon="6.29860"></trkpt>
    <trkpt lat="58.78370" lon="6.29930"></trkpt>
    <trkpt lat="58.78360" lon="6.29990"></trkpt>
    <trkpt lat="58.78350" lon="6.30130"></trkpt>
    <trkpt lat="58.78340" lon="6.30190"></trkpt>
    <trkpt lat="58.78330" lon="6.30220"></trkpt>
    <trkpt lat="58.78320" lon="6.30290"></trkpt>
    <trkpt lat="58.78310" lon="6.30320"></trkpt>
    <trkpt lat="58.78310" lon="6.30360"></trkpt>
    <trkpt lat="58.78310" lon="6.30420"></trkpt>
    <trkpt lat="58.78300" lon="6.30470"></trkpt>
    <trkpt lat="58.78300" lon="6.30510"></trkpt>
    <trkpt lat="58.78300" lon="6.30560"></trkpt>
    <trkpt lat="58.78290" lon="6.30600"></trkpt>
    <trkpt lat="58.78280" lon="6.30640"></trkpt>
    <trkpt lat="58.78270" lon="6.30700"></trkpt>
    <trkpt lat="58.78240" lon="6.30890"></trkpt>
    <trkpt lat="58.78230" lon="6.30940"></trkpt>
    <trkpt lat="58.78220" lon="6.30970"></trkpt>
    <trkpt lat="58.78210" lon="6.31010"></trkpt>
    <trkpt lat="58.78200" lon="6.31040"></trkpt>
    <trkpt lat="58.78170" lon="6.31150"></trkpt>
    <trkpt lat="58.78150" lon="6.31180"></trkpt>
    <trkpt lat="58.78150" lon="6.31230"></trkpt>
    <trkpt lat="58.78120" lon="6.31330"></trkpt>
    <trkpt lat="58.78110" lon="6.31380"></trkpt>
    <trkpt lat="58.78100" lon="6.31440"></trkpt>
    <trkpt lat="58.78090" lon="6.31480"></trkpt>
    <trkpt lat="58.78080" lon="6.31520"></trkpt>
    <trkpt lat="58.78070" lon="6.31550"></trkpt>
    <trkpt lat="58.78060" lon="6.31580"></trkpt>
    <trkpt lat="58.78050" lon="6.31610"></trkpt>
    <trkpt lat="58.78030" lon="6.31630"></trkpt>
    <trkpt lat="58.77980" lon="6.31690"></trkpt>
    <trkpt lat="58.77960" lon="6.31700"></trkpt>
    <trkpt lat="58.77950" lon="6.31730"></trkpt>
    <trkpt lat="58.77930" lon="6.31760"></trkpt>
    <trkpt lat="58.77910" lon="6.31750"></trkpt>
    <trkpt lat="58.77900" lon="6.31700"></trkpt>
    <trkpt lat="58.77900" lon="6.31650"></trkpt>
    <trkpt lat="58.77900" lon="6.31580"></trkpt>
    <trkpt lat="58.77910" lon="6.31550"></trkpt>
    <trkpt lat="58.77920" lon="6.31490"></trkpt>
    <trkpt lat="58.77920" lon="6.31450"></trkpt>
    <trkpt lat="58.77920" lon="6.31390"></trkpt>
    <trkpt lat="58.77910" lon="6.31340"></trkpt>
    <trkpt lat="58.77910" lon="6.31300"></trkpt>
    <trkpt lat="58.77900" lon="6.31270"></trkpt>
    <trkpt lat="58.77880" lon="6.31220"></trkpt>
    <trkpt lat="58.77870" lon="6.31190"></trkpt>
    <trkpt lat="58.77860" lon="6.31160"></trkpt>
    <trkpt lat="58.77850" lon="6.31110"></trkpt>
    <trkpt lat="58.77840" lon="6.31080"></trkpt>
    <trkpt lat="58.77830" lon="6.31040"></trkpt>
    <trkpt lat="58.77810" lon="6.31010"></trkpt>
    <trkpt lat="58.77800" lon="6.30980"></trkpt>
    <trkpt lat="58.77790" lon="6.30950"></trkpt>
    <trkpt lat="58.77780" lon="6.30910"></trkpt>
    <trkpt lat="58.77760" lon="6.30880"></trkpt>
    <trkpt lat="58.77740" lon="6.30870"></trkpt>
    <trkpt lat="58.77710" lon="6.30830"></trkpt>
    <trkpt lat="58.77690" lon="6.30820"></trkpt>
    <trkpt lat="58.77670" lon="6.30820"></trkpt>
    <trkpt lat="58.77650" lon="6.30800"></trkpt>
    <trkpt lat="58.77630" lon="6.30780"></trkpt>
    <trkpt lat="58.77600" lon="6.30680"></trkpt>
    <trkpt lat="58.77590" lon="6.30650"></trkpt>
    <trkpt lat="58.77580" lon="6.30620"></trkpt>
    <trkpt lat="58.77560" lon="6.30590"></trkpt>
    <trkpt lat="58.77540" lon="6.30570"></trkpt>
    <trkpt lat="58.77530" lon="6.30540"></trkpt>
    <trkpt lat="58.77520" lon="6.30500"></trkpt>
    <trkpt lat="58.77500" lon="6.30460"></trkpt>
    <trkpt lat="58.77470" lon="6.30410"></trkpt>
    <trkpt lat="58.77450" lon="6.30380"></trkpt>
    <trkpt lat="58.77430" lon="6.30340"></trkpt>
    <trkpt lat="58.77420" lon="6.30310"></trkpt>
    <trkpt lat="58.77410" lon="6.30280"></trkpt>
    <trkpt lat="58.77400" lon="6.30250"></trkpt>
    <trkpt lat="58.77400" lon="6.30210"></trkpt>
    <trkpt lat="58.77400" lon="6.30160"></trkpt>
    <trkpt lat="58.77390" lon="6.30130"></trkpt>
    <trkpt lat="58.77380" lon="6.30100"></trkpt>
    <trkpt lat="58.77370" lon="6.30070"></trkpt>
    <trkpt lat="58.77350" lon="6.30060"></trkpt>
    <trkpt lat="58.77340" lon="6.30030"></trkpt>
    <trkpt lat="58.77320" lon="6.30010"></trkpt>
    <trkpt lat="58.77310" lon="6.29960"></trkpt>
    <trkpt lat="58.77300" lon="6.29920"></trkpt>
    <trkpt lat="58.77300" lon="6.29870"></trkpt>
    <trkpt lat="58.77290" lon="6.29820"></trkpt>
    <trkpt lat="58.77290" lon="6.29770"></trkpt>
    <trkpt lat="58.77280" lon="6.29730"></trkpt>
    <trkpt lat="58.77260" lon="6.29700"></trkpt>
    <trkpt lat="58.77240" lon="6.29630"></trkpt>
    <trkpt lat="58.77190" lon="6.29500"></trkpt>
    <trkpt lat="58.77180" lon="6.29470"></trkpt>
    <trkpt lat="58.77170" lon="6.29440"></trkpt>
    <trkpt lat="58.77160" lon="6.29400"></trkpt>
    <trkpt lat="58.77150" lon="6.29350"></trkpt>
    <trkpt lat="58.77140" lon="6.29300"></trkpt>
    <trkpt lat="58.77130" lon="6.29270"></trkpt>
    <trkpt lat="58.77100" lon="6.29160"></trkpt>
    <trkpt lat="58.77090" lon="6.29130"></trkpt>
    <trkpt lat="58.77080" lon="6.29090"></trkpt>
    <trkpt lat="58.77070" lon="6.29060"></trkpt>
    <trkpt lat="58.77060" lon="6.29030"></trkpt>
    <trkpt lat="58.77050" lon="6.29000"></trkpt>
    <trkpt lat="58.77030" lon="6.28910"></trkpt>
    <trkpt lat="58.77020" lon="6.28870"></trkpt>
    <trkpt lat="58.76980" lon="6.28800"></trkpt>
    <trkpt lat="58.76970" lon="6.28760"></trkpt>
    <trkpt lat="58.76970" lon="6.28720"></trkpt>
    <trkpt lat="58.76970" lon="6.28680"></trkpt>
    <trkpt lat="58.76970" lon="6.28630"></trkpt>
    <trkpt lat="58.76960" lon="6.28600"></trkpt>
    <trkpt lat="58.76940" lon="6.28560"></trkpt>
    <trkpt lat="58.76910" lon="6.28490"></trkpt>
    <trkpt lat="58.76890" lon="6.28450"></trkpt>
    <trkpt lat="58.76880" lon="6.28420"></trkpt>
    <trkpt lat="58.76870" lon="6.28390"></trkpt>
    <trkpt lat="58.76860" lon="6.28330"></trkpt>
    <trkpt lat="58.76860" lon="6.28290"></trkpt>
    <trkpt lat="58.76860" lon="6.28240"></trkpt>
    <trkpt lat="58.76870" lon="6.28200"></trkpt>
    <trkpt lat="58.76870" lon="6.28140"></trkpt>
    <trkpt lat="58.76870" lon="6.28100"></trkpt>
    <trkpt lat="58.76860" lon="6.28060"></trkpt>
    <trkpt lat="58.76800" lon="6.28000"></trkpt>
    <trkpt lat="58.76780" lon="6.27970"></trkpt>
    <trkpt lat="58.76760" lon="6.27950"></trkpt>
    <trkpt lat="58.76750" lon="6.27910"></trkpt>
    <trkpt lat="58.76740" lon="6.27850"></trkpt>
    <trkpt lat="58.76740" lon="6.27850"></trkpt>
  </trkseg>
  <trkseg>
    <trkpt lat="58.76740" lon="6.27850"></trkpt>
    <trkpt lat="58.76750" lon="6.27910"></trkpt>
    <trkpt lat="58.76760" lon="6.27950"></trkpt>
    <trkpt lat="58.76780" lon="6.27970"></trkpt>
    <trkpt lat="58.76800" lon="6.28000"></trkpt>
    <trkpt lat="58.76850" lon="6.28040"></trkpt>
    <trkpt lat="58.76870" lon="6.28070"></trkpt>
    <trkpt lat="58.76870" lon="6.28110"></trkpt>
    <trkpt lat="58.76870" lon="6.28200"></trkpt>
    <trkpt lat="58.76860" lon="6.28240"></trkpt>
    <trkpt lat="58.76860" lon="6.28290"></trkpt>
    <trkpt lat="58.76860" lon="6.28330"></trkpt>
    <trkpt lat="58.76870" lon="6.28370"></trkpt>
    <trkpt lat="58.76880" lon="6.28410"></trkpt>
    <trkpt lat="58.76890" lon="6.28450"></trkpt>
    <trkpt lat="58.76910" lon="6.28490"></trkpt>
    <trkpt lat="58.76930" lon="6.28540"></trkpt>
    <trkpt lat="58.76950" lon="6.28580"></trkpt>
    <trkpt lat="58.76960" lon="6.28620"></trkpt>
    <trkpt lat="58.76970" lon="6.28650"></trkpt>
    <trkpt lat="58.76970" lon="6.28690"></trkpt>
    <trkpt lat="58.76970" lon="6.28730"></trkpt>
    <trkpt lat="58.76970" lon="6.28780"></trkpt>
    <trkpt lat="58.77010" lon="6.28850"></trkpt>
    <trkpt lat="58.77030" lon="6.28910"></trkpt>
    <trkpt lat="58.77050" lon="6.28980"></trkpt>
    <trkpt lat="58.77060" lon="6.29030"></trkpt>
    <trkpt lat="58.77070" lon="6.29060"></trkpt>
    <trkpt lat="58.77080" lon="6.29090"></trkpt>
    <trkpt lat="58.77090" lon="6.29130"></trkpt>
    <trkpt lat="58.77100" lon="6.29160"></trkpt>
    <trkpt lat="58.77130" lon="6.29260"></trkpt>
    <trkpt lat="58.77140" lon="6.29300"></trkpt>
    <trkpt lat="58.77150" lon="6.29350"></trkpt>
    <trkpt lat="58.77160" lon="6.29400"></trkpt>
    <trkpt lat="58.77170" lon="6.29440"></trkpt>
    <trkpt lat="58.77180" lon="6.29470"></trkpt>
    <trkpt lat="58.77190" lon="6.29500"></trkpt>
    <trkpt lat="58.77240" lon="6.29630"></trkpt>
    <trkpt lat="58.77260" lon="6.29700"></trkpt>
    <trkpt lat="58.77280" lon="6.29730"></trkpt>
    <trkpt lat="58.77290" lon="6.29770"></trkpt>
    <trkpt lat="58.77290" lon="6.29820"></trkpt>
    <trkpt lat="58.77300" lon="6.29870"></trkpt>
    <trkpt lat="58.77300" lon="6.29920"></trkpt>
    <trkpt lat="58.77310" lon="6.29960"></trkpt>
    <trkpt lat="58.77320" lon="6.30000"></trkpt>
    <trkpt lat="58.77340" lon="6.30030"></trkpt>
    <trkpt lat="58.77350" lon="6.30060"></trkpt>
    <trkpt lat="58.77370" lon="6.30070"></trkpt>
    <trkpt lat="58.77380" lon="6.30100"></trkpt>
    <trkpt lat="58.77390" lon="6.30130"></trkpt>
    <trkpt lat="58.77400" lon="6.30160"></trkpt>
    <trkpt lat="58.77400" lon="6.30210"></trkpt>
    <trkpt lat="58.77400" lon="6.30250"></trkpt>
    <trkpt lat="58.77410" lon="6.30280"></trkpt>
    <trkpt lat="58.77420" lon="6.30310"></trkpt>
    <trkpt lat="58.77430" lon="6.30340"></trkpt>
    <trkpt lat="58.77440" lon="6.30370"></trkpt>
    <trkpt lat="58.77460" lon="6.30390"></trkpt>
    <trkpt lat="58.77490" lon="6.30440"></trkpt>
    <trkpt lat="58.77510" lon="6.30480"></trkpt>
    <trkpt lat="58.77530" lon="6.30530"></trkpt>
    <trkpt lat="58.77540" lon="6.30560"></trkpt>
    <trkpt lat="58.77560" lon="6.30590"></trkpt>
    <trkpt lat="58.77580" lon="6.30620"></trkpt>
    <trkpt lat="58.77590" lon="6.30650"></trkpt>
    <trkpt lat="58.77600" lon="6.30680"></trkpt>
    <trkpt lat="58.77630" lon="6.30760"></trkpt>
    <trkpt lat="58.77640" lon="6.30790"></trkpt>
    <trkpt lat="58.77660" lon="6.30810"></trkpt>
    <trkpt lat="58.77680" lon="6.30820"></trkpt>
    <trkpt lat="58.77700" lon="6.30820"></trkpt>
    <trkpt lat="58.77740" lon="6.30870"></trkpt>
    <trkpt lat="58.77760" lon="6.30880"></trkpt>
    <trkpt lat="58.77780" lon="6.30910"></trkpt>
    <trkpt lat="58.77790" lon="6.30940"></trkpt>
    <trkpt lat="58.77800" lon="6.30970"></trkpt>
    <trkpt lat="58.77810" lon="6.31010"></trkpt>
    <trkpt lat="58.77830" lon="6.31040"></trkpt>
    <trkpt lat="58.77840" lon="6.31080"></trkpt>
    <trkpt lat="58.77850" lon="6.31110"></trkpt>
    <trkpt lat="58.77860" lon="6.31140"></trkpt>
    <trkpt lat="58.77870" lon="6.31190"></trkpt>
    <trkpt lat="58.77880" lon="6.31220"></trkpt>
    <trkpt lat="58.77890" lon="6.31260"></trkpt>
    <trkpt lat="58.77910" lon="6.31300"></trkpt>
    <trkpt lat="58.77910" lon="6.31340"></trkpt>
    <trkpt lat="58.77920" lon="6.31390"></trkpt>
    <trkpt lat="58.77920" lon="6.31440"></trkpt>
    <trkpt lat="58.77920" lon="6.31480"></trkpt>
    <trkpt lat="58.77910" lon="6.31520"></trkpt>
    <trkpt lat="58.77900" lon="6.31580"></trkpt>
    <trkpt lat="58.77900" lon="6.31620"></trkpt>
    <trkpt lat="58.77900" lon="6.31670"></trkpt>
    <trkpt lat="58.77910" lon="6.31720"></trkpt>
    <trkpt lat="58.77920" lon="6.31760"></trkpt>
    <trkpt lat="58.77930" lon="6.31790"></trkpt>
    <trkpt lat="58.77920" lon="6.31830"></trkpt>
    <trkpt lat="58.77920" lon="6.31870"></trkpt>
    <trkpt lat="58.77920" lon="6.31920"></trkpt>
    <trkpt lat="58.77930" lon="6.31960"></trkpt>
    <trkpt lat="58.77930" lon="6.32000"></trkpt>
    <trkpt lat="58.77940" lon="6.32030"></trkpt>
    <trkpt lat="58.77960" lon="6.32050"></trkpt>
    <trkpt lat="58.77970" lon="6.32080"></trkpt>
    <trkpt lat="58.77990" lon="6.32100"></trkpt>
    <trkpt lat="58.78020" lon="6.32120"></trkpt>
    <trkpt lat="58.78070" lon="6.32170"></trkpt>
    <trkpt lat="58.78090" lon="6.32190"></trkpt>
    <trkpt lat="58.78120" lon="6.32220"></trkpt>
    <trkpt lat="58.78140" lon="6.32230"></trkpt>
    <trkpt lat="58.78160" lon="6.32250"></trkpt>
    <trkpt lat="58.78210" lon="6.32290"></trkpt>
    <trkpt lat="58.78240" lon="6.32310"></trkpt>
    <trkpt lat="58.78260" lon="6.32330"></trkpt>
    <trkpt lat="58.78280" lon="6.32330"></trkpt>
    <trkpt lat="58.78300" lon="6.32340"></trkpt>
    <trkpt lat="58.78330" lon="6.32350"></trkpt>
    <trkpt lat="58.78350" lon="6.32350"></trkpt>
    <trkpt lat="58.78380" lon="6.32340"></trkpt>
    <trkpt lat="58.78400" lon="6.32330"></trkpt>
    <trkpt lat="58.78420" lon="6.32330"></trkpt>
    <trkpt lat="58.78440" lon="6.32360"></trkpt>
    <trkpt lat="58.78460" lon="6.32420"></trkpt>
    <trkpt lat="58.78480" lon="6.32460"></trkpt>
    <trkpt lat="58.78510" lon="6.32500"></trkpt>
    <trkpt lat="58.78570" lon="6.32590"></trkpt>
    <trkpt lat="58.78590" lon="6.32610"></trkpt>
    <trkpt lat="58.78620" lon="6.32650"></trkpt>
    <trkpt lat="58.78640" lon="6.32680"></trkpt>
    <trkpt lat="58.78680" lon="6.32710"></trkpt>
    <trkpt lat="58.78700" lon="6.32740"></trkpt>
    <trkpt lat="58.78720" lon="6.32760"></trkpt>
    <trkpt lat="58.78750" lon="6.32800"></trkpt>
    <trkpt lat="58.78780" lon="6.32860"></trkpt>
    <trkpt lat="58.78870" lon="6.33010"></trkpt>
    <trkpt lat="58.78930" lon="6.33130"></trkpt>
    <trkpt lat="58.78950" lon="6.33160"></trkpt>
    <trkpt lat="58.78970" lon="6.33200"></trkpt>
    <trkpt lat="58.78980" lon="6.33240"></trkpt>
    <trkpt lat="58.79010" lon="6.33310"></trkpt>
    <trkpt lat="58.79020" lon="6.33350"></trkpt>
    <trkpt lat="58.79040" lon="6.33410"></trkpt>
    <trkpt lat="58.79070" lon="6.33480"></trkpt>
    <trkpt lat="58.79100" lon="6.33560"></trkpt>
    <trkpt lat="58.79110" lon="6.33590"></trkpt>
    <trkpt lat="58.79130" lon="6.33620"></trkpt>
    <trkpt lat="58.79150" lon="6.33660"></trkpt>
    <trkpt lat="58.79170" lon="6.33690"></trkpt>
    <trkpt lat="58.79200" lon="6.33720"></trkpt>
    <trkpt lat="58.79250" lon="6.33760"></trkpt>
    <trkpt lat="58.79270" lon="6.33800"></trkpt>
    <trkpt lat="58.79290" lon="6.33820"></trkpt>
    <trkpt lat="58.79310" lon="6.33870"></trkpt>
    <trkpt lat="58.79330" lon="6.33910"></trkpt>
    <trkpt lat="58.79350" lon="6.33960"></trkpt>
    <trkpt lat="58.79380" lon="6.34020"></trkpt>
    <trkpt lat="58.79390" lon="6.34050"></trkpt>
    <trkpt lat="58.79410" lon="6.34090"></trkpt>
    <trkpt lat="58.79420" lon="6.34130"></trkpt>
    <trkpt lat="58.79440" lon="6.34170"></trkpt>
    <trkpt lat="58.79470" lon="6.34230"></trkpt>
    <trkpt lat="58.79490" lon="6.34280"></trkpt>
    <trkpt lat="58.79520" lon="6.34350"></trkpt>
    <trkpt lat="58.79550" lon="6.34410"></trkpt>
    <trkpt lat="58.79570" lon="6.34460"></trkpt>
    <trkpt lat="58.79580" lon="6.34500"></trkpt>
    <trkpt lat="58.79610" lon="6.34570"></trkpt>
    <trkpt lat="58.79660" lon="6.34670"></trkpt>
    <trkpt lat="58.79700" lon="6.34780"></trkpt>
    <trkpt lat="58.79730" lon="6.34840"></trkpt>
    <trkpt lat="58.79760" lon="6.34900"></trkpt>
    <trkpt lat="58.79770" lon="6.34930"></trkpt>
    <trkpt lat="58.79790" lon="6.34960"></trkpt>
    <trkpt lat="58.79810" lon="6.35000"></trkpt>
    <trkpt lat="58.79820" lon="6.35030"></trkpt>
    <trkpt lat="58.79840" lon="6.35050"></trkpt>
    <trkpt lat="58.79860" lon="6.35080"></trkpt>
    <trkpt lat="58.79880" lon="6.35130"></trkpt>
    <trkpt lat="58.79900" lon="6.35180"></trkpt>
    <trkpt lat="58.79910" lon="6.35210"></trkpt>
    <trkpt lat="58.79930" lon="6.35260"></trkpt>
    <trkpt lat="58.79950" lon="6.35310"></trkpt>
    <trkpt lat="58.79980" lon="6.35390"></trkpt>
    <trkpt lat="58.80000" lon="6.35430"></trkpt>
    <trkpt lat="58.80010" lon="6.35460"></trkpt>
    <trkpt lat="58.80020" lon="6.35500"></trkpt>
    <trkpt lat="58.80030" lon="6.35550"></trkpt>
    <trkpt lat="58.80050" lon="6.35630"></trkpt>
    <trkpt lat="58.80070" lon="6.35690"></trkpt>
    <trkpt lat="58.80080" lon="6.35730"></trkpt>
    <trkpt lat="58.80100" lon="6.35810"></trkpt>
    <trkpt lat="58.80120" lon="6.35870"></trkpt>
    <trkpt lat="58.80130" lon="6.35900"></trkpt>
    <trkpt lat="58.80150" lon="6.35950"></trkpt>
    <trkpt lat="58.80170" lon="6.36000"></trkpt>
    <trkpt lat="58.80190" lon="6.36040"></trkpt>
    <trkpt lat="58.80210" lon="6.36080"></trkpt>
    <trkpt lat="58.80220" lon="6.36110"></trkpt>
    <trkpt lat="58.80240" lon="6.36140"></trkpt>
    <trkpt lat="58.80270" lon="6.36190"></trkpt>
    <trkpt lat="58.80290" lon="6.36220"></trkpt>
    <trkpt lat="58.80300" lon="6.36250"></trkpt>
    <trkpt lat="58.80320" lon="6.36270"></trkpt>
    <trkpt lat="58.80340" lon="6.36300"></trkpt>
    <trkpt lat="58.80350" lon="6.36340"></trkpt>
    <trkpt lat="58.80360" lon="6.36370"></trkpt>
    <trkpt lat="58.80370" lon="6.36400"></trkpt>
    <trkpt lat="58.80380" lon="6.36430"></trkpt>
    <trkpt lat="58.80390" lon="6.36490"></trkpt>
    <trkpt lat="58.80400" lon="6.36560"></trkpt>
    <trkpt lat="58.80420" lon="6.36620"></trkpt>
    <trkpt lat="58.80430" lon="6.36690"></trkpt>
    <trkpt lat="58.80440" lon="6.36730"></trkpt>
    <trkpt lat="58.80450" lon="6.36780"></trkpt>
    <trkpt lat="58.80460" lon="6.36810"></trkpt>
    <trkpt lat="58.80470" lon="6.36870"></trkpt>
    <trkpt lat="58.80480" lon="6.36910"></trkpt>
    <trkpt lat="58.80490" lon="6.36940"></trkpt>
    <trkpt lat="58.80500" lon="6.36980"></trkpt>
    <trkpt lat="58.80520" lon="6.37020"></trkpt>
    <trkpt lat="58.80540" lon="6.37080"></trkpt>
    <trkpt lat="58.80560" lon="6.37130"></trkpt>
    <trkpt lat="58.80570" lon="6.37160"></trkpt>
    <trkpt lat="58.80590" lon="6.37210"></trkpt>
    <trkpt lat="58.80610" lon="6.37290"></trkpt>
    <trkpt lat="58.80630" lon="6.37320"></trkpt>
    <trkpt lat="58.80650" lon="6.37370"></trkpt>
    <trkpt lat="58.80660" lon="6.37400"></trkpt>
    <trkpt lat="58.80670" lon="6.37450"></trkpt>
    <trkpt lat="58.80690" lon="6.37500"></trkpt>
    <trkpt lat="58.80700" lon="6.37570"></trkpt>
    <trkpt lat="58.80720" lon="6.37640"></trkpt>
    <trkpt lat="58.80740" lon="6.37710"></trkpt>
    <trkpt lat="58.80760" lon="6.37790"></trkpt>
    <trkpt lat="58.80770" lon="6.37860"></trkpt>
    <trkpt lat="58.80790" lon="6.37950"></trkpt>
    <trkpt lat="58.80810" lon="6.38020"></trkpt>
    <trkpt lat="58.80820" lon="6.38070"></trkpt>
    <trkpt lat="58.80830" lon="6.38110"></trkpt>
    <trkpt lat="58.80840" lon="6.38140"></trkpt>
    <trkpt lat="58.80850" lon="6.38170"></trkpt>
    <trkpt lat="58.80870" lon="6.38210"></trkpt>
    <trkpt lat="58.80900" lon="6.38270"></trkpt>
    <trkpt lat="58.80920" lon="6.38310"></trkpt>
    <trkpt lat="58.80930" lon="6.38340"></trkpt>
    <trkpt lat="58.80940" lon="6.38380"></trkpt>
    <trkpt lat="58.80950" lon="6.38410"></trkpt>
    <trkpt lat="58.80960" lon="6.38440"></trkpt>
    <trkpt lat="58.80960" lon="6.38490"></trkpt>
    <trkpt lat="58.80970" lon="6.38530"></trkpt>
    <trkpt lat="58.80980" lon="6.38560"></trkpt>
    <trkpt lat="58.80980" lon="6.38600"></trkpt>
    <trkpt lat="58.81000" lon="6.38650"></trkpt>
    <trkpt lat="58.81010" lon="6.38680"></trkpt>
    <trkpt lat="58.81030" lon="6.38710"></trkpt>
    <trkpt lat="58.81040" lon="6.38740"></trkpt>
    <trkpt lat="58.81060" lon="6.38780"></trkpt>
    <trkpt lat="58.81090" lon="6.38870"></trkpt>
    <trkpt lat="58.81110" lon="6.38930"></trkpt>
    <trkpt lat="58.81120" lon="6.38970"></trkpt>
    <trkpt lat="58.81130" lon="6.39010"></trkpt>
    <trkpt lat="58.81130" lon="6.39050"></trkpt>
    <trkpt lat="58.81140" lon="6.39080"></trkpt>
    <trkpt lat="58.81140" lon="6.39120"></trkpt>
    <trkpt lat="58.81150" lon="6.39190"></trkpt>
    <trkpt lat="58.81150" lon="6.39240"></trkpt>
    <trkpt lat="58.81150" lon="6.39320"></trkpt>
    <trkpt lat="58.81150" lon="6.39410"></trkpt>
    <trkpt lat="58.81150" lon="6.39510"></trkpt>
    <trkpt lat="58.81160" lon="6.39720"></trkpt>
    <trkpt lat="58.81160" lon="6.39870"></trkpt>
    <trkpt lat="58.81160" lon="6.39980"></trkpt>
    <trkpt lat="58.81160" lon="6.40080"></trkpt>
    <trkpt lat="58.81170" lon="6.40130"></trkpt>
    <trkpt lat="58.81170" lon="6.40180"></trkpt>
    <trkpt lat="58.81180" lon="6.40240"></trkpt>
    <trkpt lat="58.81190" lon="6.40280"></trkpt>
    <trkpt lat="58.81210" lon="6.40360"></trkpt>
    <trkpt lat="58.81220" lon="6.40390"></trkpt>
    <trkpt lat="58.81230" lon="6.40420"></trkpt>
    <trkpt lat="58.81240" lon="6.40460"></trkpt>
    <trkpt lat="58.81260" lon="6.40500"></trkpt>
    <trkpt lat="58.81280" lon="6.40540"></trkpt>
    <trkpt lat="58.81290" lon="6.40570"></trkpt>
    <trkpt lat="58.81300" lon="6.40620"></trkpt>
    <trkpt lat="58.81310" lon="6.40650"></trkpt>
    <trkpt lat="58.81310" lon="6.40690"></trkpt>
    <trkpt lat="58.81320" lon="6.40750"></trkpt>
    <trkpt lat="58.81320" lon="6.40830"></trkpt>
    <trkpt lat="58.81330" lon="6.40940"></trkpt>
    <trkpt lat="58.81340" lon="6.40990"></trkpt>
    <trkpt lat="58.81340" lon="6.41060"></trkpt>
    <trkpt lat="58.81350" lon="6.41110"></trkpt>
    <trkpt lat="58.81360" lon="6.41180"></trkpt>
    <trkpt lat="58.81380" lon="6.41300"></trkpt>
    <trkpt lat="58.81390" lon="6.41360"></trkpt>
    <trkpt lat="58.81390" lon="6.41410"></trkpt>
    <trkpt lat="58.81400" lon="6.41450"></trkpt>
    <trkpt lat="58.81410" lon="6.41480"></trkpt>
    <trkpt lat="58.81420" lon="6.41520"></trkpt>
    <trkpt lat="58.81430" lon="6.41580"></trkpt>
    <trkpt lat="58.81450" lon="6.41620"></trkpt>
    <trkpt lat="58.81460" lon="6.41660"></trkpt>
    <trkpt lat="58.81480" lon="6.41710"></trkpt>
    <trkpt lat="58.81500" lon="6.41750"></trkpt>
    <trkpt lat="58.81510" lon="6.41780"></trkpt>
    <trkpt lat="58.81530" lon="6.41820"></trkpt>
    <trkpt lat="58.81550" lon="6.41860"></trkpt>
    <trkpt lat="58.81560" lon="6.41890"></trkpt>
    <trkpt lat="58.81610" lon="6.41970"></trkpt>
    <trkpt lat="58.81630" lon="6.42010"></trkpt>
    <trkpt lat="58.81640" lon="6.42040"></trkpt>
    <trkpt lat="58.81670" lon="6.42110"></trkpt>
    <trkpt lat="58.81690" lon="6.42170"></trkpt>
    <trkpt lat="58.81730" lon="6.42260"></trkpt>
    <trkpt lat="58.81740" lon="6.42300"></trkpt>
    <trkpt lat="58.81750" lon="6.42330"></trkpt>
    <trkpt lat="58.81770" lon="6.42380"></trkpt>
    <trkpt lat="58.81770" lon="6.42420"></trkpt>
    <trkpt lat="58.81790" lon="6.42470"></trkpt>
    <trkpt lat="58.81800" lon="6.42590"></trkpt>
    <trkpt lat="58.81810" lon="6.42620"></trkpt>
    <trkpt lat="58.81810" lon="6.42670"></trkpt>
    <trkpt lat="58.81820" lon="6.42700"></trkpt>
    <trkpt lat="58.81930" lon="6.43140"></trkpt>
    <trkpt lat="58.81940" lon="6.43170"></trkpt>
    <trkpt lat="58.81950" lon="6.43200"></trkpt>
    <trkpt lat="58.81970" lon="6.43240"></trkpt>
    <trkpt lat="58.81980" lon="6.43270"></trkpt>
    <trkpt lat="58.82010" lon="6.43310"></trkpt>
    <trkpt lat="58.82030" lon="6.43350"></trkpt>
    <trkpt lat="58.82040" lon="6.43380"></trkpt>
    <trkpt lat="58.82050" lon="6.43430"></trkpt>
    <trkpt lat="58.82060" lon="6.43470"></trkpt>
    <trkpt lat="58.82070" lon="6.43540"></trkpt>
    <trkpt lat="58.82070" lon="6.43590"></trkpt>
    <trkpt lat="58.82080" lon="6.43630"></trkpt>
    <trkpt lat="58.82100" lon="6.43680"></trkpt>
    <trkpt lat="58.82120" lon="6.43780"></trkpt>
    <trkpt lat="58.82140" lon="6.43830"></trkpt>
    <trkpt lat="58.82160" lon="6.43880"></trkpt>
    <trkpt lat="58.82170" lon="6.43910"></trkpt>
    <trkpt lat="58.82210" lon="6.44000"></trkpt>
    <trkpt lat="58.82240" lon="6.44090"></trkpt>
    <trkpt lat="58.82270" lon="6.44160"></trkpt>
    <trkpt lat="58.82280" lon="6.44210"></trkpt>
    <trkpt lat="58.82330" lon="6.44370"></trkpt>
    <trkpt lat="58.82340" lon="6.44410"></trkpt>
    <trkpt lat="58.82360" lon="6.44480"></trkpt>
    <trkpt lat="58.82370" lon="6.44540"></trkpt>
    <trkpt lat="58.82440" lon="6.44780"></trkpt>
    <trkpt lat="58.82460" lon="6.44850"></trkpt>
    <trkpt lat="58.82470" lon="6.44900"></trkpt>
    <trkpt lat="58.82490" lon="6.44950"></trkpt>
    <trkpt lat="58.82510" lon="6.44990"></trkpt>
    <trkpt lat="58.82540" lon="6.45030"></trkpt>
    <trkpt lat="58.82560" lon="6.45070"></trkpt>
    <trkpt lat="58.82580" lon="6.45100"></trkpt>
    <trkpt lat="58.82590" lon="6.45130"></trkpt>
    <trkpt lat="58.82600" lon="6.45170"></trkpt>
    <trkpt lat="58.82620" lon="6.45230"></trkpt>
    <trkpt lat="58.82630" lon="6.45280"></trkpt>
    <trkpt lat="58.82640" lon="6.45320"></trkpt>
    <trkpt lat="58.82670" lon="6.45380"></trkpt>
    <trkpt lat="58.82690" lon="6.45420"></trkpt>
    <trkpt lat="58.82720" lon="6.45490"></trkpt>
    <trkpt lat="58.82740" lon="6.45530"></trkpt>
    <trkpt lat="58.82750" lon="6.45560"></trkpt>
    <trkpt lat="58.82790" lon="6.45650"></trkpt>
    <trkpt lat="58.82830" lon="6.45720"></trkpt>
    <trkpt lat="58.82850" lon="6.45760"></trkpt>
    <trkpt lat="58.82880" lon="6.45840"></trkpt>
    <trkpt lat="58.82910" lon="6.45940"></trkpt>
    <trkpt lat="58.82950" lon="6.46040"></trkpt>
    <trkpt lat="58.82960" lon="6.46080"></trkpt>
    <trkpt lat="58.82970" lon="6.46120"></trkpt>
    <trkpt lat="58.82980" lon="6.46170"></trkpt>
    <trkpt lat="58.82990" lon="6.46230"></trkpt>
    <trkpt lat="58.83010" lon="6.46430"></trkpt>
    <trkpt lat="58.83020" lon="6.46540"></trkpt>
    <trkpt lat="58.83030" lon="6.46600"></trkpt>
    <trkpt lat="58.83030" lon="6.46660"></trkpt>
    <trkpt lat="58.83050" lon="6.46740"></trkpt>
    <trkpt lat="58.83060" lon="6.46810"></trkpt>
    <trkpt lat="58.83070" lon="6.46870"></trkpt>
    <trkpt lat="58.83080" lon="6.46920"></trkpt>
    <trkpt lat="58.83090" lon="6.46980"></trkpt>
    <trkpt lat="58.83100" lon="6.47040"></trkpt>
    <trkpt lat="58.83110" lon="6.47100"></trkpt>
    <trkpt lat="58.83130" lon="6.47150"></trkpt>
    <trkpt lat="58.83140" lon="6.47200"></trkpt>
    <trkpt lat="58.83150" lon="6.47240"></trkpt>
    <trkpt lat="58.83160" lon="6.47270"></trkpt>
    <trkpt lat="58.83180" lon="6.47330"></trkpt>
    <trkpt lat="58.83200" lon="6.47390"></trkpt>
    <trkpt lat="58.83220" lon="6.47430"></trkpt>
    <trkpt lat="58.83230" lon="6.47470"></trkpt>
    <trkpt lat="58.83260" lon="6.47540"></trkpt>
    <trkpt lat="58.83280" lon="6.47580"></trkpt>
    <trkpt lat="58.83300" lon="6.47630"></trkpt>
    <trkpt lat="58.83320" lon="6.47670"></trkpt>
    <trkpt lat="58.83330" lon="6.47700"></trkpt>
    <trkpt lat="58.83350" lon="6.47740"></trkpt>
    <trkpt lat="58.83380" lon="6.47790"></trkpt>
    <trkpt lat="58.83400" lon="6.47820"></trkpt>
    <trkpt lat="58.83420" lon="6.47850"></trkpt>
    <trkpt lat="58.83430" lon="6.47880"></trkpt>
    <trkpt lat="58.83460" lon="6.47920"></trkpt>
    <trkpt lat="58.83500" lon="6.47970"></trkpt>
    <trkpt lat="58.83540" lon="6.48030"></trkpt>
    <trkpt lat="58.83580" lon="6.48090"></trkpt>
    <trkpt lat="58.83600" lon="6.48110"></trkpt>
    <trkpt lat="58.83620" lon="6.48140"></trkpt>
    <trkpt lat="58.83630" lon="6.48170"></trkpt>
    <trkpt lat="58.83650" lon="6.48220"></trkpt>
    <trkpt lat="58.83670" lon="6.48250"></trkpt>
    <trkpt lat="58.83690" lon="6.48340"></trkpt>
    <trkpt lat="58.83700" lon="6.48390"></trkpt>
    <trkpt lat="58.83710" lon="6.48430"></trkpt>
    <trkpt lat="58.83720" lon="6.48460"></trkpt>
    <trkpt lat="58.83730" lon="6.48500"></trkpt>
    <trkpt lat="58.83740" lon="6.48550"></trkpt>
    <trkpt lat="58.83750" lon="6.48630"></trkpt>
    <trkpt lat="58.83770" lon="6.48800"></trkpt>
    <trkpt lat="58.83780" lon="6.48830"></trkpt>
    <trkpt lat="58.83780" lon="6.48890"></trkpt>
    <trkpt lat="58.83780" lon="6.48940"></trkpt>
    <trkpt lat="58.83770" lon="6.49050"></trkpt>
    <trkpt lat="58.83760" lon="6.49090"></trkpt>
    <trkpt lat="58.83750" lon="6.49130"></trkpt>
    <trkpt lat="58.83750" lon="6.49180"></trkpt>
    <trkpt lat="58.83760" lon="6.49210"></trkpt>
    <trkpt lat="58.83760" lon="6.49250"></trkpt>
    <trkpt lat="58.83770" lon="6.49280"></trkpt>
    <trkpt lat="58.83790" lon="6.49310"></trkpt>
    <trkpt lat="58.83800" lon="6.49340"></trkpt>
    <trkpt lat="58.83820" lon="6.49380"></trkpt>
    <trkpt lat="58.83840" lon="6.49400"></trkpt>
    <trkpt lat="58.83890" lon="6.49480"></trkpt>
    <trkpt lat="58.83910" lon="6.49520"></trkpt>
    <trkpt lat="58.83930" lon="6.49550"></trkpt>
    <trkpt lat="58.83940" lon="6.49590"></trkpt>
    <trkpt lat="58.83960" lon="6.49640"></trkpt>
    <trkpt lat="58.83970" lon="6.49710"></trkpt>
    <trkpt lat="58.83970" lon="6.49770"></trkpt>
    <trkpt lat="58.83990" lon="6.49880"></trkpt>
    <trkpt lat="58.84000" lon="6.49940"></trkpt>
    <trkpt lat="58.84010" lon="6.49990"></trkpt>
    <trkpt lat="58.84020" lon="6.50020"></trkpt>
    <trkpt lat="58.84040" lon="6.50060"></trkpt>
    <trkpt lat="58.84050" lon="6.50090"></trkpt>
    <trkpt lat="58.84060" lon="6.50170"></trkpt>
    <trkpt lat="58.84080" lon="6.50210"></trkpt>
    <trkpt lat="58.84120" lon="6.50280"></trkpt>
    <trkpt lat="58.84130" lon="6.50320"></trkpt>
    <trkpt lat="58.84140" lon="6.50350"></trkpt>
    <trkpt lat="58.84150" lon="6.50380"></trkpt>
    <trkpt lat="58.84160" lon="6.50430"></trkpt>
    <trkpt lat="58.84170" lon="6.50460"></trkpt>
    <trkpt lat="58.84180" lon="6.50490"></trkpt>
    <trkpt lat="58.84260" lon="6.50690"></trkpt>
    <trkpt lat="58.84320" lon="6.50830"></trkpt>
    <trkpt lat="58.84340" lon="6.50880"></trkpt>
    <trkpt lat="58.84370" lon="6.50920"></trkpt>
    <trkpt lat="58.84400" lon="6.50970"></trkpt>
    <trkpt lat="58.84420" lon="6.51010"></trkpt>
    <trkpt lat="58.84440" lon="6.51040"></trkpt>
    <trkpt lat="58.84450" lon="6.51070"></trkpt>
    <trkpt lat="58.84460" lon="6.51110"></trkpt>
    <trkpt lat="58.84510" lon="6.51260"></trkpt>
    <trkpt lat="58.84520" lon="6.51310"></trkpt>
    <trkpt lat="58.84540" lon="6.51350"></trkpt>
    <trkpt lat="58.84560" lon="6.51400"></trkpt>
    <trkpt lat="58.84590" lon="6.51460"></trkpt>
    <trkpt lat="58.84640" lon="6.51550"></trkpt>
    <trkpt lat="58.84660" lon="6.51580"></trkpt>
    <trkpt lat="58.84690" lon="6.51630"></trkpt>
    <trkpt lat="58.84700" lon="6.51660"></trkpt>
    <trkpt lat="58.84710" lon="6.51700"></trkpt>
    <trkpt lat="58.84730" lon="6.51730"></trkpt>
    <trkpt lat="58.84740" lon="6.51770"></trkpt>
    <trkpt lat="58.84750" lon="6.51810"></trkpt>
    <trkpt lat="58.84760" lon="6.51840"></trkpt>
    <trkpt lat="58.84770" lon="6.51900"></trkpt>
    <trkpt lat="58.84780" lon="6.51990"></trkpt>
    <trkpt lat="58.84790" lon="6.52040"></trkpt>
    <trkpt lat="58.84810" lon="6.52080"></trkpt>
    <trkpt lat="58.84820" lon="6.52110"></trkpt>
    <trkpt lat="58.84840" lon="6.52160"></trkpt>
    <trkpt lat="58.84900" lon="6.52300"></trkpt>
    <trkpt lat="58.84910" lon="6.52330"></trkpt>
    <trkpt lat="58.84930" lon="6.52360"></trkpt>
    <trkpt lat="58.84950" lon="6.52390"></trkpt>
    <trkpt lat="58.84970" lon="6.52460"></trkpt>
    <trkpt lat="58.84990" lon="6.52490"></trkpt>
    <trkpt lat="58.85010" lon="6.52520"></trkpt>
    <trkpt lat="58.85030" lon="6.52570"></trkpt>
    <trkpt lat="58.85050" lon="6.52590"></trkpt>
    <trkpt lat="58.85060" lon="6.52620"></trkpt>
    <trkpt lat="58.85070" lon="6.52660"></trkpt>
    <trkpt lat="58.85080" lon="6.52690"></trkpt>
    <trkpt lat="58.85100" lon="6.52780"></trkpt>
    <trkpt lat="58.85120" lon="6.52830"></trkpt>
    <trkpt lat="58.85130" lon="6.52870"></trkpt>
    <trkpt lat="58.85150" lon="6.52890"></trkpt>
    <trkpt lat="58.85170" lon="6.52920"></trkpt>
    <trkpt lat="58.85190" lon="6.52960"></trkpt>
    <trkpt lat="58.85220" lon="6.52990"></trkpt>
    <trkpt lat="58.85240" lon="6.53030"></trkpt>
    <trkpt lat="58.85260" lon="6.53060"></trkpt>
    <trkpt lat="58.85270" lon="6.53090"></trkpt>
    <trkpt lat="58.85310" lon="6.53170"></trkpt>
    <trkpt lat="58.85330" lon="6.53220"></trkpt>
    <trkpt lat="58.85340" lon="6.53250"></trkpt>
    <trkpt lat="58.85350" lon="6.53280"></trkpt>
    <trkpt lat="58.85360" lon="6.53330"></trkpt>
    <trkpt lat="58.85370" lon="6.53380"></trkpt>
    <trkpt lat="58.85380" lon="6.53450"></trkpt>
    <trkpt lat="58.85380" lon="6.53530"></trkpt>
    <trkpt lat="58.85390" lon="6.53610"></trkpt>
    <trkpt lat="58.85390" lon="6.53650"></trkpt>
    <trkpt lat="58.85390" lon="6.53700"></trkpt>
    <trkpt lat="58.85400" lon="6.53750"></trkpt>
    <trkpt lat="58.85420" lon="6.53800"></trkpt>
    <trkpt lat="58.85430" lon="6.53830"></trkpt>
    <trkpt lat="58.85450" lon="6.53900"></trkpt>
    <trkpt lat="58.85480" lon="6.53980"></trkpt>
    <trkpt lat="58.85500" lon="6.54020"></trkpt>
    <trkpt lat="58.85510" lon="6.54050"></trkpt>
    <trkpt lat="58.85520" lon="6.54080"></trkpt>
    <trkpt lat="58.85530" lon="6.54110"></trkpt>
    <trkpt lat="58.85550" lon="6.54160"></trkpt>
    <trkpt lat="58.85570" lon="6.54210"></trkpt>
    <trkpt lat="58.85580" lon="6.54250"></trkpt>
    <trkpt lat="58.85590" lon="6.54280"></trkpt>
    <trkpt lat="58.85650" lon="6.54430"></trkpt>
    <trkpt lat="58.85680" lon="6.54490"></trkpt>
    <trkpt lat="58.85690" lon="6.54520"></trkpt>
    <trkpt lat="58.85710" lon="6.54540"></trkpt>
    <trkpt lat="58.85750" lon="6.54610"></trkpt>
    <trkpt lat="58.85770" lon="6.54640"></trkpt>
    <trkpt lat="58.85790" lon="6.54670"></trkpt>
    <trkpt lat="58.85810" lon="6.54700"></trkpt>
    <trkpt lat="58.85820" lon="6.54740"></trkpt>
    <trkpt lat="58.85870" lon="6.54870"></trkpt>
    <trkpt lat="58.85890" lon="6.54910"></trkpt>
    <trkpt lat="58.85910" lon="6.54940"></trkpt>
    <trkpt lat="58.85940" lon="6.55010"></trkpt>
    <trkpt lat="58.85960" lon="6.55050"></trkpt>
    <trkpt lat="58.85970" lon="6.55080"></trkpt>
    <trkpt lat="58.85990" lon="6.55130"></trkpt>
    <trkpt lat="58.86030" lon="6.55240"></trkpt>
    <trkpt lat="58.86060" lon="6.55350"></trkpt>
    <trkpt lat="58.86070" lon="6.55380"></trkpt>
    <trkpt lat="58.86080" lon="6.55410"></trkpt>
    <trkpt lat="58.86100" lon="6.55440"></trkpt>
    <trkpt lat="58.86120" lon="6.55460"></trkpt>
    <trkpt lat="58.86140" lon="6.55470"></trkpt>
    <trkpt lat="58.86160" lon="6.55480"></trkpt>
    <trkpt lat="58.86180" lon="6.55480"></trkpt>
    <trkpt lat="58.86210" lon="6.55470"></trkpt>
    <trkpt lat="58.86230" lon="6.55470"></trkpt>
    <trkpt lat="58.86250" lon="6.55480"></trkpt>
    <trkpt lat="58.86270" lon="6.55490"></trkpt>
    <trkpt lat="58.86290" lon="6.55500"></trkpt>
    <trkpt lat="58.86320" lon="6.55550"></trkpt>
    <trkpt lat="58.86340" lon="6.55570"></trkpt>
    <trkpt lat="58.86350" lon="6.55600"></trkpt>
    <trkpt lat="58.86370" lon="6.55640"></trkpt>
    <trkpt lat="58.86380" lon="6.55680"></trkpt>
    <trkpt lat="58.86390" lon="6.55720"></trkpt>
    <trkpt lat="58.86400" lon="6.55750"></trkpt>
    <trkpt lat="58.86420" lon="6.55840"></trkpt>
    <trkpt lat="58.86430" lon="6.55920"></trkpt>
    <trkpt lat="58.86440" lon="6.55960"></trkpt>
    <trkpt lat="58.86450" lon="6.56020"></trkpt>
    <trkpt lat="58.86460" lon="6.56090"></trkpt>
    <trkpt lat="58.86470" lon="6.56130"></trkpt>
    <trkpt lat="58.86470" lon="6.56170"></trkpt>
    <trkpt lat="58.86480" lon="6.56200"></trkpt>
    <trkpt lat="58.86490" lon="6.56230"></trkpt>
    <trkpt lat="58.86510" lon="6.56310"></trkpt>
    <trkpt lat="58.86560" lon="6.56450"></trkpt>
    <trkpt lat="58.86580" lon="6.56540"></trkpt>
    <trkpt lat="58.86640" lon="6.56710"></trkpt>
    <trkpt lat="58.86650" lon="6.56740"></trkpt>
    <trkpt lat="58.86670" lon="6.56810"></trkpt>
    <trkpt lat="58.86730" lon="6.57000"></trkpt>
    <trkpt lat="58.86770" lon="6.57130"></trkpt>
    <trkpt lat="58.86780" lon="6.57180"></trkpt>
    <trkpt lat="58.86800" lon="6.57230"></trkpt>
    <trkpt lat="58.86810" lon="6.57260"></trkpt>
    <trkpt lat="58.86830" lon="6.57300"></trkpt>
    <trkpt lat="58.86840" lon="6.57330"></trkpt>
    <trkpt lat="58.86870" lon="6.57380"></trkpt>
    <trkpt lat="58.86880" lon="6.57420"></trkpt>
    <trkpt lat="58.86890" lon="6.57450"></trkpt>
    <trkpt lat="58.86900" lon="6.57490"></trkpt>
    <trkpt lat="58.86910" lon="6.57520"></trkpt>
    <trkpt lat="58.86930" lon="6.57580"></trkpt>
    <trkpt lat="58.86930" lon="6.57620"></trkpt>
    <trkpt lat="58.86940" lon="6.57680"></trkpt>
    <trkpt lat="58.86960" lon="6.57760"></trkpt>
    <trkpt lat="58.86960" lon="6.57800"></trkpt>
    <trkpt lat="58.86970" lon="6.57840"></trkpt>
    <trkpt lat="58.86980" lon="6.57870"></trkpt>
    <trkpt lat="58.86990" lon="6.57900"></trkpt>
    <trkpt lat="58.87010" lon="6.57950"></trkpt>
    <trkpt lat="58.87040" lon="6.58000"></trkpt>
    <trkpt lat="58.87070" lon="6.58040"></trkpt>
    <trkpt lat="58.87120" lon="6.58100"></trkpt>
    <trkpt lat="58.87140" lon="6.58140"></trkpt>
    <trkpt lat="58.87170" lon="6.58180"></trkpt>
    <trkpt lat="58.87190" lon="6.58210"></trkpt>
    <trkpt lat="58.87210" lon="6.58260"></trkpt>
    <trkpt lat="58.87240" lon="6.58300"></trkpt>
    <trkpt lat="58.87250" lon="6.58330"></trkpt>
    <trkpt lat="58.87260" lon="6.58370"></trkpt>
    <trkpt lat="58.87280" lon="6.58400"></trkpt>
    <trkpt lat="58.87290" lon="6.58440"></trkpt>
    <trkpt lat="58.87300" lon="6.58470"></trkpt>
    <trkpt lat="58.87310" lon="6.58510"></trkpt>
    <trkpt lat="58.87320" lon="6.58540"></trkpt>
    <trkpt lat="58.87340" lon="6.58620"></trkpt>
    <trkpt lat="58.87350" lon="6.58650"></trkpt>
    <trkpt lat="58.87360" lon="6.58690"></trkpt>
    <trkpt lat="58.87410" lon="6.58800"></trkpt>
    <trkpt lat="58.87420" lon="6.58840"></trkpt>
    <trkpt lat="58.87430" lon="6.58890"></trkpt>
    <trkpt lat="58.87440" lon="6.58930"></trkpt>
    <trkpt lat="58.87460" lon="6.59020"></trkpt>
    <trkpt lat="58.87470" lon="6.59060"></trkpt>
    <trkpt lat="58.87480" lon="6.59090"></trkpt>
    <trkpt lat="58.87490" lon="6.59130"></trkpt>
    <trkpt lat="58.87510" lon="6.59170"></trkpt>
    <trkpt lat="58.87520" lon="6.59200"></trkpt>
    <trkpt lat="58.87540" lon="6.59250"></trkpt>
    <trkpt lat="58.87560" lon="6.59290"></trkpt>
    <trkpt lat="58.87570" lon="6.59320"></trkpt>
    <trkpt lat="58.87590" lon="6.59350"></trkpt>
    <trkpt lat="58.87700" lon="6.59760"></trkpt>
    <trkpt lat="58.87710" lon="6.59800"></trkpt>
    <trkpt lat="58.87720" lon="6.59840"></trkpt>
    <trkpt lat="58.87730" lon="6.59890"></trkpt>
    <trkpt lat="58.87740" lon="6.59930"></trkpt>
    <trkpt lat="58.87760" lon="6.60050"></trkpt>
    <trkpt lat="58.87770" lon="6.60110"></trkpt>
    <trkpt lat="58.87780" lon="6.60160"></trkpt>
    <trkpt lat="58.87790" lon="6.60200"></trkpt>
    <trkpt lat="58.87800" lon="6.60230"></trkpt>
    <trkpt lat="58.87810" lon="6.60290"></trkpt>
    <trkpt lat="58.87830" lon="6.60340"></trkpt>
    <trkpt lat="58.87840" lon="6.60380"></trkpt>
    <trkpt lat="58.87860" lon="6.60420"></trkpt>
    <trkpt lat="58.87880" lon="6.60470"></trkpt>
    <trkpt lat="58.87950" lon="6.60600"></trkpt>
    <trkpt lat="58.87960" lon="6.60630"></trkpt>
    <trkpt lat="58.87980" lon="6.60680"></trkpt>
    <trkpt lat="58.87990" lon="6.60710"></trkpt>
    <trkpt lat="58.88020" lon="6.60780"></trkpt>
    <trkpt lat="58.88030" lon="6.60810"></trkpt>
    <trkpt lat="58.88050" lon="6.60870"></trkpt>
    <trkpt lat="58.88070" lon="6.60920"></trkpt>
    <trkpt lat="58.88100" lon="6.61040"></trkpt>
    <trkpt lat="58.88120" lon="6.61150"></trkpt>
    <trkpt lat="58.88150" lon="6.61240"></trkpt>
    <trkpt lat="58.88160" lon="6.61280"></trkpt>
    <trkpt lat="58.88170" lon="6.61320"></trkpt>
    <trkpt lat="58.88190" lon="6.61400"></trkpt>
    <trkpt lat="58.88200" lon="6.61450"></trkpt>
    <trkpt lat="58.88220" lon="6.61500"></trkpt>
    <trkpt lat="58.88230" lon="6.61580"></trkpt>
    <trkpt lat="58.88240" lon="6.61620"></trkpt>
    <trkpt lat="58.88250" lon="6.61660"></trkpt>
    <trkpt lat="58.88270" lon="6.61710"></trkpt>
    <trkpt lat="58.88280" lon="6.61750"></trkpt>
    <trkpt lat="58.88390" lon="6.62020"></trkpt>
    <trkpt lat="58.88410" lon="6.62060"></trkpt>
    <trkpt lat="58.88430" lon="6.62090"></trkpt>
    <trkpt lat="58.88460" lon="6.62150"></trkpt>
    <trkpt lat="58.88490" lon="6.62190"></trkpt>
    <trkpt lat="58.88500" lon="6.62220"></trkpt>
    <trkpt lat="58.88510" lon="6.62250"></trkpt>
    <trkpt lat="58.88520" lon="6.62290"></trkpt>
    <trkpt lat="58.88520" lon="6.62340"></trkpt>
    <trkpt lat="58.88520" lon="6.62400"></trkpt>
    <trkpt lat="58.88530" lon="6.62560"></trkpt>
    <trkpt lat="58.88530" lon="6.62610"></trkpt>
    <trkpt lat="58.88530" lon="6.62660"></trkpt>
    <trkpt lat="58.88540" lon="6.62710"></trkpt>
    <trkpt lat="58.88560" lon="6.62770"></trkpt>
    <trkpt lat="58.88600" lon="6.62890"></trkpt>
    <trkpt lat="58.88610" lon="6.62950"></trkpt>
    <trkpt lat="58.88680" lon="6.63230"></trkpt>
    <trkpt lat="58.88710" lon="6.63360"></trkpt>
    <trkpt lat="58.88720" lon="6.63410"></trkpt>
    <trkpt lat="58.88730" lon="6.63440"></trkpt>
    <trkpt lat="58.88750" lon="6.63560"></trkpt>
    <trkpt lat="58.88790" lon="6.63750"></trkpt>
    <trkpt lat="58.88800" lon="6.63820"></trkpt>
    <trkpt lat="58.88810" lon="6.63870"></trkpt>
    <trkpt lat="58.88820" lon="6.63930"></trkpt>
    <trkpt lat="58.88820" lon="6.63990"></trkpt>
    <trkpt lat="58.88820" lon="6.64050"></trkpt>
    <trkpt lat="58.88820" lon="6.64130"></trkpt>
    <trkpt lat="58.88830" lon="6.64290"></trkpt>
    <trkpt lat="58.88830" lon="6.64390"></trkpt>
    <trkpt lat="58.88840" lon="6.64450"></trkpt>
    <trkpt lat="58.88840" lon="6.64490"></trkpt>
    <trkpt lat="58.88850" lon="6.64550"></trkpt>
    <trkpt lat="58.88860" lon="6.64600"></trkpt>
    <trkpt lat="58.88880" lon="6.64650"></trkpt>
    <trkpt lat="58.88960" lon="6.64930"></trkpt>
    <trkpt lat="58.88970" lon="6.64970"></trkpt>
    <trkpt lat="58.88980" lon="6.65010"></trkpt>
    <trkpt lat="58.88990" lon="6.65070"></trkpt>
    <trkpt lat="58.89010" lon="6.65220"></trkpt>
    <trkpt lat="58.89030" lon="6.65360"></trkpt>
    <trkpt lat="58.89060" lon="6.65480"></trkpt>
    <trkpt lat="58.89070" lon="6.65550"></trkpt>
    <trkpt lat="58.89090" lon="6.65640"></trkpt>
    <trkpt lat="58.89120" lon="6.65770"></trkpt>
    <trkpt lat="58.89150" lon="6.65880"></trkpt>
    <trkpt lat="58.89160" lon="6.65930"></trkpt>
    <trkpt lat="58.89170" lon="6.65980"></trkpt>
    <trkpt lat="58.89190" lon="6.66050"></trkpt>
    <trkpt lat="58.89210" lon="6.66200"></trkpt>
    <trkpt lat="58.89230" lon="6.66310"></trkpt>
    <trkpt lat="58.89240" lon="6.66380"></trkpt>
    <trkpt lat="58.89260" lon="6.66420"></trkpt>
    <trkpt lat="58.89270" lon="6.66470"></trkpt>
    <trkpt lat="58.89290" lon="6.66520"></trkpt>
    <trkpt lat="58.89310" lon="6.66580"></trkpt>
    <trkpt lat="58.89350" lon="6.66680"></trkpt>
    <trkpt lat="58.89450" lon="6.66950"></trkpt>
    <trkpt lat="58.89470" lon="6.67030"></trkpt>
    <trkpt lat="58.89540" lon="6.67210"></trkpt>
    <trkpt lat="58.89560" lon="6.67270"></trkpt>
    <trkpt lat="58.89590" lon="6.67320"></trkpt>
    <trkpt lat="58.89660" lon="6.67490"></trkpt>
    <trkpt lat="58.89680" lon="6.67540"></trkpt>
    <trkpt lat="58.89700" lon="6.67630"></trkpt>
    <trkpt lat="58.89720" lon="6.67720"></trkpt>
    <trkpt lat="58.89740" lon="6.67780"></trkpt>
    <trkpt lat="58.89780" lon="6.67940"></trkpt>
    <trkpt lat="58.89810" lon="6.68070"></trkpt>
    <trkpt lat="58.89820" lon="6.68130"></trkpt>
    <trkpt lat="58.89830" lon="6.68170"></trkpt>
    <trkpt lat="58.89870" lon="6.68300"></trkpt>
    <trkpt lat="58.89890" lon="6.68360"></trkpt>
    <trkpt lat="58.90050" lon="6.68920"></trkpt>
    <trkpt lat="58.90060" lon="6.68960"></trkpt>
    <trkpt lat="58.90070" lon="6.68990"></trkpt>
    <trkpt lat="58.90130" lon="6.69310"></trkpt>
    <trkpt lat="58.90140" lon="6.69370"></trkpt>
    <trkpt lat="58.90150" lon="6.69430"></trkpt>
    <trkpt lat="58.90160" lon="6.69470"></trkpt>
    <trkpt lat="58.90180" lon="6.69540"></trkpt>
    <trkpt lat="58.90200" lon="6.69570"></trkpt>
    <trkpt lat="58.90250" lon="6.69730"></trkpt>
    <trkpt lat="58.90270" lon="6.69800"></trkpt>
    <trkpt lat="58.90300" lon="6.69890"></trkpt>
    <trkpt lat="58.90310" lon="6.69960"></trkpt>
    <trkpt lat="58.90360" lon="6.70130"></trkpt>
    <trkpt lat="58.90380" lon="6.70210"></trkpt>
    <trkpt lat="58.90410" lon="6.70340"></trkpt>
    <trkpt lat="58.90430" lon="6.70420"></trkpt>
    <trkpt lat="58.90440" lon="6.70490"></trkpt>
    <trkpt lat="58.90470" lon="6.70650"></trkpt>
    <trkpt lat="58.90500" lon="6.70770"></trkpt>
    <trkpt lat="58.90510" lon="6.70850"></trkpt>
    <trkpt lat="58.90530" lon="6.70930"></trkpt>
    <trkpt lat="58.90530" lon="6.70970"></trkpt>
    <trkpt lat="58.90540" lon="6.71020"></trkpt>
    <trkpt lat="58.90560" lon="6.71100"></trkpt>
    <trkpt lat="58.90590" lon="6.71180"></trkpt>
    <trkpt lat="58.90600" lon="6.71210"></trkpt>
    <trkpt lat="58.90630" lon="6.71310"></trkpt>
    <trkpt lat="58.90700" lon="6.71480"></trkpt>
    <trkpt lat="58.90710" lon="6.71530"></trkpt>
    <trkpt lat="58.90730" lon="6.71590"></trkpt>
    <trkpt lat="58.90740" lon="6.71620"></trkpt>
    <trkpt lat="58.90750" lon="6.71650"></trkpt>
    <trkpt lat="58.90750" lon="6.71690"></trkpt>
    <trkpt lat="58.90760" lon="6.71730"></trkpt>
    <trkpt lat="58.90770" lon="6.71800"></trkpt>
    <trkpt lat="58.90780" lon="6.71860"></trkpt>
    <trkpt lat="58.90790" lon="6.71920"></trkpt>
    <trkpt lat="58.90800" lon="6.71950"></trkpt>
    <trkpt lat="58.90810" lon="6.71990"></trkpt>
    <trkpt lat="58.90880" lon="6.72200"></trkpt>
    <trkpt lat="58.90930" lon="6.72390"></trkpt>
    <trkpt lat="58.90940" lon="6.72420"></trkpt>
    <trkpt lat="58.90960" lon="6.72520"></trkpt>
    <trkpt lat="58.90970" lon="6.72560"></trkpt>
    <trkpt lat="58.90990" lon="6.72680"></trkpt>
    <trkpt lat="58.91010" lon="6.72720"></trkpt>
    <trkpt lat="58.91020" lon="6.72760"></trkpt>
    <trkpt lat="58.91040" lon="6.72830"></trkpt>
    <trkpt lat="58.91060" lon="6.72900"></trkpt>
    <trkpt lat="58.91090" lon="6.72980"></trkpt>
    <trkpt lat="58.91100" lon="6.73030"></trkpt>
    <trkpt lat="58.91120" lon="6.73080"></trkpt>
    <trkpt lat="58.91130" lon="6.73130"></trkpt>
    <trkpt lat="58.91150" lon="6.73210"></trkpt>
    <trkpt lat="58.91160" lon="6.73240"></trkpt>
    <trkpt lat="58.91170" lon="6.73280"></trkpt>
    <trkpt lat="58.91190" lon="6.73350"></trkpt>
    <trkpt lat="58.91210" lon="6.73420"></trkpt>
    <trkpt lat="58.91250" lon="6.73550"></trkpt>
    <trkpt lat="58.91300" lon="6.73730"></trkpt>
    <trkpt lat="58.91310" lon="6.73780"></trkpt>
    <trkpt lat="58.91330" lon="6.73860"></trkpt>
    <trkpt lat="58.91340" lon="6.73910"></trkpt>
    <trkpt lat="58.91350" lon="6.73980"></trkpt>
    <trkpt lat="58.91350" lon="6.74060"></trkpt>
    <trkpt lat="58.91360" lon="6.74170"></trkpt>
    <trkpt lat="58.91370" lon="6.74290"></trkpt>
    <trkpt lat="58.91370" lon="6.74370"></trkpt>
    <trkpt lat="58.91370" lon="6.74420"></trkpt>
    <trkpt lat="58.91370" lon="6.74470"></trkpt>
    <trkpt lat="58.91360" lon="6.74520"></trkpt>
    <trkpt lat="58.91350" lon="6.74560"></trkpt>
    <trkpt lat="58.91340" lon="6.74590"></trkpt>
    <trkpt lat="58.91320" lon="6.74620"></trkpt>
    <trkpt lat="58.91300" lon="6.74650"></trkpt>
    <trkpt lat="58.91280" lon="6.74670"></trkpt>
    <trkpt lat="58.91230" lon="6.74710"></trkpt>
    <trkpt lat="58.91210" lon="6.74730"></trkpt>
    <trkpt lat="58.91190" lon="6.74740"></trkpt>
    <trkpt lat="58.91170" lon="6.74760"></trkpt>
    <trkpt lat="58.91150" lon="6.74770"></trkpt>
    <trkpt lat="58.91130" lon="6.74790"></trkpt>
    <trkpt lat="58.91110" lon="6.74840"></trkpt>
    <trkpt lat="58.91090" lon="6.74880"></trkpt>
    <trkpt lat="58.91080" lon="6.74920"></trkpt>
    <trkpt lat="58.91080" lon="6.74960"></trkpt>
    <trkpt lat="58.91080" lon="6.75000"></trkpt>
    <trkpt lat="58.91090" lon="6.75030"></trkpt>
    <trkpt lat="58.91090" lon="6.75070"></trkpt>
    <trkpt lat="58.91100" lon="6.75100"></trkpt>
    <trkpt lat="58.91120" lon="6.75140"></trkpt>
    <trkpt lat="58.91140" lon="6.75180"></trkpt>
    <trkpt lat="58.91210" lon="6.75260"></trkpt>
    <trkpt lat="58.91230" lon="6.75300"></trkpt>
    <trkpt lat="58.91240" lon="6.75330"></trkpt>
    <trkpt lat="58.91250" lon="6.75360"></trkpt>
    <trkpt lat="58.91260" lon="6.75390"></trkpt>
    <trkpt lat="58.91270" lon="6.75430"></trkpt>
    <trkpt lat="58.91270" lon="6.75470"></trkpt>
    <trkpt lat="58.91270" lon="6.75550"></trkpt>
    <trkpt lat="58.91270" lon="6.75610"></trkpt>
    <trkpt lat="58.91270" lon="6.75650"></trkpt>
    <trkpt lat="58.91260" lon="6.75680"></trkpt>
    <trkpt lat="58.91240" lon="6.75710"></trkpt>
    <trkpt lat="58.91230" lon="6.75740"></trkpt>
    <trkpt lat="58.91200" lon="6.75760"></trkpt>
    <trkpt lat="58.91130" lon="6.75780"></trkpt>
    <trkpt lat="58.91100" lon="6.75790"></trkpt>
    <trkpt lat="58.90920" lon="6.75890"></trkpt>
    <trkpt lat="58.90840" lon="6.75940"></trkpt>
    <trkpt lat="58.90810" lon="6.75960"></trkpt>
    <trkpt lat="58.90770" lon="6.75990"></trkpt>
    <trkpt lat="58.90740" lon="6.76030"></trkpt>
    <trkpt lat="58.90720" lon="6.76060"></trkpt>
    <trkpt lat="58.90700" lon="6.76100"></trkpt>
    <trkpt lat="58.90680" lon="6.76130"></trkpt>
    <trkpt lat="58.90600" lon="6.76310"></trkpt>
    <trkpt lat="58.90590" lon="6.76340"></trkpt>
    <trkpt lat="58.90580" lon="6.76370"></trkpt>
    <trkpt lat="58.90580" lon="6.76410"></trkpt>
    <trkpt lat="58.90580" lon="6.76450"></trkpt>
    <trkpt lat="58.90580" lon="6.76500"></trkpt>
    <trkpt lat="58.90580" lon="6.76560"></trkpt>
    <trkpt lat="58.90580" lon="6.76600"></trkpt>
    <trkpt lat="58.90570" lon="6.76670"></trkpt>
    <trkpt lat="58.90560" lon="6.76710"></trkpt>
    <trkpt lat="58.90560" lon="6.76750"></trkpt>
    <trkpt lat="58.90540" lon="6.76820"></trkpt>
    <trkpt lat="58.90520" lon="6.76890"></trkpt>
    <trkpt lat="58.90510" lon="6.76930"></trkpt>
    <trkpt lat="58.90490" lon="6.76980"></trkpt>
    <trkpt lat="58.90460" lon="6.77050"></trkpt>
    <trkpt lat="58.90430" lon="6.77120"></trkpt>
    <trkpt lat="58.90400" lon="6.77180"></trkpt>
    <trkpt lat="58.90380" lon="6.77210"></trkpt>
    <trkpt lat="58.90360" lon="6.77230"></trkpt>
    <trkpt lat="58.90330" lon="6.77250"></trkpt>
    <trkpt lat="58.90290" lon="6.77270"></trkpt>
    <trkpt lat="58.90270" lon="6.77290"></trkpt>
    <trkpt lat="58.90250" lon="6.77310"></trkpt>
    <trkpt lat="58.90220" lon="6.77350"></trkpt>
    <trkpt lat="58.90200" lon="6.77390"></trkpt>
    <trkpt lat="58.90180" lon="6.77440"></trkpt>
    <trkpt lat="58.90160" lon="6.77510"></trkpt>
    <trkpt lat="58.90140" lon="6.77590"></trkpt>
    <trkpt lat="58.90120" lon="6.77660"></trkpt>
    <trkpt lat="58.90110" lon="6.77690"></trkpt>
    <trkpt lat="58.90100" lon="6.77720"></trkpt>
    <trkpt lat="58.90080" lon="6.77770"></trkpt>
    <trkpt lat="58.90050" lon="6.77820"></trkpt>
    <trkpt lat="58.89910" lon="6.78080"></trkpt>
    <trkpt lat="58.89890" lon="6.78120"></trkpt>
    <trkpt lat="58.89880" lon="6.78150"></trkpt>
    <trkpt lat="58.89860" lon="6.78200"></trkpt>
    <trkpt lat="58.89850" lon="6.78250"></trkpt>
    <trkpt lat="58.89840" lon="6.78290"></trkpt>
    <trkpt lat="58.89840" lon="6.78330"></trkpt>
    <trkpt lat="58.89850" lon="6.78360"></trkpt>
    <trkpt lat="58.89850" lon="6.78400"></trkpt>
    <trkpt lat="58.89860" lon="6.78440"></trkpt>
    <trkpt lat="58.89920" lon="6.78670"></trkpt>
    <trkpt lat="58.89960" lon="6.78810"></trkpt>
    <trkpt lat="58.89970" lon="6.78850"></trkpt>
    <trkpt lat="58.89980" lon="6.78880"></trkpt>
    <trkpt lat="58.89990" lon="6.78930"></trkpt>
    <trkpt lat="58.90000" lon="6.79000"></trkpt>
    <trkpt lat="58.90030" lon="6.79200"></trkpt>
    <trkpt lat="58.90060" lon="6.79430"></trkpt>
    <trkpt lat="58.90080" lon="6.79630"></trkpt>
    <trkpt lat="58.90100" lon="6.79770"></trkpt>
    <trkpt lat="58.90110" lon="6.79800"></trkpt>
    <trkpt lat="58.90110" lon="6.79840"></trkpt>
    <trkpt lat="58.90120" lon="6.79880"></trkpt>
    <trkpt lat="58.90160" lon="6.79990"></trkpt>
    <trkpt lat="58.90170" lon="6.80030"></trkpt>
    <trkpt lat="58.90170" lon="6.80070"></trkpt>
    <trkpt lat="58.90170" lon="6.80140"></trkpt>
    <trkpt lat="58.90180" lon="6.80200"></trkpt>
    <trkpt lat="58.90180" lon="6.80270"></trkpt>
    <trkpt lat="58.90200" lon="6.80590"></trkpt>
    <trkpt lat="58.90230" lon="6.81070"></trkpt>
    <trkpt lat="58.90230" lon="6.81110"></trkpt>
    <trkpt lat="58.90240" lon="6.81180"></trkpt>
    <trkpt lat="58.90250" lon="6.81230"></trkpt>
    <trkpt lat="58.90270" lon="6.81360"></trkpt>
    <trkpt lat="58.90280" lon="6.81390"></trkpt>
    <trkpt lat="58.90290" lon="6.81490"></trkpt>
    <trkpt lat="58.90290" lon="6.81540"></trkpt>
    <trkpt lat="58.90300" lon="6.81570"></trkpt>
    <trkpt lat="58.90310" lon="6.81650"></trkpt>
    <trkpt lat="58.90320" lon="6.81680"></trkpt>
    <trkpt lat="58.90370" lon="6.81970"></trkpt>
    <trkpt lat="58.90380" lon="6.82010"></trkpt>
    <trkpt lat="58.90390" lon="6.82080"></trkpt>
    <trkpt lat="58.90400" lon="6.82150"></trkpt>
    <trkpt lat="58.90420" lon="6.82220"></trkpt>
    <trkpt lat="58.90460" lon="6.82450"></trkpt>
    <trkpt lat="58.90500" lon="6.82700"></trkpt>
    <trkpt lat="58.90520" lon="6.82810"></trkpt>
    <trkpt lat="58.90530" lon="6.82870"></trkpt>
    <trkpt lat="58.90530" lon="6.82950"></trkpt>
    <trkpt lat="58.90530" lon="6.83100"></trkpt>
    <trkpt lat="58.90540" lon="6.83310"></trkpt>
    <trkpt lat="58.90540" lon="6.83390"></trkpt>
    <trkpt lat="58.90540" lon="6.83450"></trkpt>
    <trkpt lat="58.90550" lon="6.83480"></trkpt>
    <trkpt lat="58.90550" lon="6.83530"></trkpt>
    <trkpt lat="58.90570" lon="6.83570"></trkpt>
    <trkpt lat="58.90580" lon="6.83610"></trkpt>
    <trkpt lat="58.90590" lon="6.83640"></trkpt>
    <trkpt lat="58.90610" lon="6.83660"></trkpt>
    <trkpt lat="58.90640" lon="6.83670"></trkpt>
    <trkpt lat="58.90660" lon="6.83680"></trkpt>
    <trkpt lat="58.90680" lon="6.83680"></trkpt>
    <trkpt lat="58.90700" lon="6.83690"></trkpt>
    <trkpt lat="58.90750" lon="6.83750"></trkpt>
    <trkpt lat="58.90790" lon="6.83810"></trkpt>
    <trkpt lat="58.90810" lon="6.83830"></trkpt>
    <trkpt lat="58.90830" lon="6.83860"></trkpt>
    <trkpt lat="58.90840" lon="6.83890"></trkpt>
    <trkpt lat="58.90860" lon="6.83940"></trkpt>
    <trkpt lat="58.90870" lon="6.83980"></trkpt>
    <trkpt lat="58.90890" lon="6.84040"></trkpt>
    <trkpt lat="58.90900" lon="6.84070"></trkpt>
    <trkpt lat="58.90910" lon="6.84130"></trkpt>
    <trkpt lat="58.90920" lon="6.84180"></trkpt>
    <trkpt lat="58.90920" lon="6.84240"></trkpt>
    <trkpt lat="58.90920" lon="6.84290"></trkpt>
    <trkpt lat="58.90910" lon="6.84330"></trkpt>
    <trkpt lat="58.90900" lon="6.84370"></trkpt>
    <trkpt lat="58.90870" lon="6.84450"></trkpt>
    <trkpt lat="58.90860" lon="6.84490"></trkpt>
    <trkpt lat="58.90860" lon="6.84530"></trkpt>
    <trkpt lat="58.90860" lon="6.84570"></trkpt>
    <trkpt lat="58.90870" lon="6.84620"></trkpt>
    <trkpt lat="58.90870" lon="6.84670"></trkpt>
    <trkpt lat="58.90860" lon="6.84710"></trkpt>
    <trkpt lat="58.90850" lon="6.84770"></trkpt>
    <trkpt lat="58.90830" lon="6.84810"></trkpt>
    <trkpt lat="58.90830" lon="6.84870"></trkpt>
    <trkpt lat="58.90830" lon="6.84920"></trkpt>
    <trkpt lat="58.90830" lon="6.84970"></trkpt>
    <trkpt lat="58.90830" lon="6.85010"></trkpt>
    <trkpt lat="58.90820" lon="6.85040"></trkpt>
    <trkpt lat="58.90820" lon="6.85090"></trkpt>
    <trkpt lat="58.90800" lon="6.85150"></trkpt>
    <trkpt lat="58.90770" lon="6.85270"></trkpt>
    <trkpt lat="58.90760" lon="6.85310"></trkpt>
    <trkpt lat="58.90750" lon="6.85340"></trkpt>
    <trkpt lat="58.90740" lon="6.85370"></trkpt>
    <trkpt lat="58.90720" lon="6.85390"></trkpt>
    <trkpt lat="58.90700" lon="6.85400"></trkpt>
    <trkpt lat="58.90680" lon="6.85410"></trkpt>
    <trkpt lat="58.90660" lon="6.85420"></trkpt>
    <trkpt lat="58.90640" lon="6.85450"></trkpt>
    <trkpt lat="58.90630" lon="6.85480"></trkpt>
    <trkpt lat="58.90620" lon="6.85510"></trkpt>
    <trkpt lat="58.90610" lon="6.85540"></trkpt>
    <trkpt lat="58.90630" lon="6.85560"></trkpt>
    <trkpt lat="58.90650" lon="6.85540"></trkpt>
    <trkpt lat="58.90670" lon="6.85510"></trkpt>
    <trkpt lat="58.90690" lon="6.85490"></trkpt>
    <trkpt lat="58.90710" lon="6.85480"></trkpt>
    <trkpt lat="58.90730" lon="6.85480"></trkpt>
    <trkpt lat="58.90750" lon="6.85500"></trkpt>
    <trkpt lat="58.90770" lon="6.85530"></trkpt>
    <trkpt lat="58.90780" lon="6.85560"></trkpt>
    <trkpt lat="58.90830" lon="6.85640"></trkpt>
    <trkpt lat="58.90850" lon="6.85670"></trkpt>
    <trkpt lat="58.90880" lon="6.85680"></trkpt>
    <trkpt lat="58.90900" lon="6.85700"></trkpt>
    <trkpt lat="58.90910" lon="6.85730"></trkpt>
    <trkpt lat="58.90920" lon="6.85760"></trkpt>
    <trkpt lat="58.90930" lon="6.85810"></trkpt>
    <trkpt lat="58.90930" lon="6.85850"></trkpt>
    <trkpt lat="58.90930" lon="6.85910"></trkpt>
    <trkpt lat="58.90940" lon="6.85960"></trkpt>
    <trkpt lat="58.90950" lon="6.86000"></trkpt>
    <trkpt lat="58.90960" lon="6.86030"></trkpt>
    <trkpt lat="58.90980" lon="6.86060"></trkpt>
    <trkpt lat="58.91000" lon="6.86070"></trkpt>
    <trkpt lat="58.91020" lon="6.86080"></trkpt>
    <trkpt lat="58.91040" lon="6.86090"></trkpt>
    <trkpt lat="58.91060" lon="6.86090"></trkpt>
    <trkpt lat="58.91080" lon="6.86110"></trkpt>
    <trkpt lat="58.91100" lon="6.86140"></trkpt>
    <trkpt lat="58.91110" lon="6.86180"></trkpt>
    <trkpt lat="58.91130" lon="6.86240"></trkpt>
    <trkpt lat="58.91150" lon="6.86310"></trkpt>
    <trkpt lat="58.91210" lon="6.86530"></trkpt>
    <trkpt lat="58.91220" lon="6.86560"></trkpt>
    <trkpt lat="58.91240" lon="6.86580"></trkpt>
    <trkpt lat="58.91260" lon="6.86600"></trkpt>
    <trkpt lat="58.91280" lon="6.86610"></trkpt>
    <trkpt lat="58.91360" lon="6.86620"></trkpt>
    <trkpt lat="58.91390" lon="6.86620"></trkpt>
    <trkpt lat="58.91450" lon="6.86640"></trkpt>
    <trkpt lat="58.91470" lon="6.86650"></trkpt>
    <trkpt lat="58.91490" lon="6.86670"></trkpt>
    <trkpt lat="58.91510" lon="6.86700"></trkpt>
    <trkpt lat="58.91520" lon="6.86740"></trkpt>
    <trkpt lat="58.91530" lon="6.86770"></trkpt>
    <trkpt lat="58.91530" lon="6.86810"></trkpt>
    <trkpt lat="58.91520" lon="6.86860"></trkpt>
    <trkpt lat="58.91510" lon="6.86920"></trkpt>
    <trkpt lat="58.91490" lon="6.86950"></trkpt>
    <trkpt lat="58.91470" lon="6.86980"></trkpt>
    <trkpt lat="58.91460" lon="6.87030"></trkpt>
    <trkpt lat="58.91420" lon="6.87110"></trkpt>
    <trkpt lat="58.91410" lon="6.87140"></trkpt>
    <trkpt lat="58.91400" lon="6.87170"></trkpt>
    <trkpt lat="58.91340" lon="6.87360"></trkpt>
    <trkpt lat="58.91320" lon="6.87390"></trkpt>
    <trkpt lat="58.91290" lon="6.87450"></trkpt>
    <trkpt lat="58.91280" lon="6.87480"></trkpt>
    <trkpt lat="58.91270" lon="6.87510"></trkpt>
    <trkpt lat="58.91260" lon="6.87550"></trkpt>
    <trkpt lat="58.91250" lon="6.87600"></trkpt>
    <trkpt lat="58.91250" lon="6.87650"></trkpt>
    <trkpt lat="58.91240" lon="6.87710"></trkpt>
    <trkpt lat="58.91240" lon="6.87760"></trkpt>
    <trkpt lat="58.91240" lon="6.87810"></trkpt>
    <trkpt lat="58.91240" lon="6.87860"></trkpt>
    <trkpt lat="58.91240" lon="6.87910"></trkpt>
    <trkpt lat="58.91250" lon="6.87950"></trkpt>
    <trkpt lat="58.91260" lon="6.88020"></trkpt>
    <trkpt lat="58.91260" lon="6.88060"></trkpt>
    <trkpt lat="58.91270" lon="6.88090"></trkpt>
    <trkpt lat="58.91290" lon="6.88150"></trkpt>
    <trkpt lat="58.91300" lon="6.88200"></trkpt>
    <trkpt lat="58.91320" lon="6.88240"></trkpt>
    <trkpt lat="58.91410" lon="6.88450"></trkpt>
    <trkpt lat="58.91420" lon="6.88480"></trkpt>
    <trkpt lat="58.91430" lon="6.88510"></trkpt>
    <trkpt lat="58.91460" lon="6.88550"></trkpt>
    <trkpt lat="58.91480" lon="6.88590"></trkpt>
    <trkpt lat="58.91490" lon="6.88620"></trkpt>
    <trkpt lat="58.91540" lon="6.88790"></trkpt>
    <trkpt lat="58.91550" lon="6.88820"></trkpt>
    <trkpt lat="58.91570" lon="6.88850"></trkpt>
    <trkpt lat="58.91590" lon="6.88880"></trkpt>
    <trkpt lat="58.91610" lon="6.88920"></trkpt>
    <trkpt lat="58.91640" lon="6.88950"></trkpt>
    <trkpt lat="58.91660" lon="6.88970"></trkpt>
    <trkpt lat="58.91680" lon="6.89000"></trkpt>
    <trkpt lat="58.91690" lon="6.89040"></trkpt>
    <trkpt lat="58.91700" lon="6.89090"></trkpt>
    <trkpt lat="58.91710" lon="6.89130"></trkpt>
    <trkpt lat="58.91730" lon="6.89160"></trkpt>
    <trkpt lat="58.91740" lon="6.89190"></trkpt>
    <trkpt lat="58.91760" lon="6.89200"></trkpt>
    <trkpt lat="58.91780" lon="6.89220"></trkpt>
    <trkpt lat="58.91800" lon="6.89230"></trkpt>
    <trkpt lat="58.91820" lon="6.89240"></trkpt>
    <trkpt lat="58.91860" lon="6.89250"></trkpt>
    <trkpt lat="58.91890" lon="6.89270"></trkpt>
    <trkpt lat="58.91910" lon="6.89280"></trkpt>
    <trkpt lat="58.91930" lon="6.89310"></trkpt>
    <trkpt lat="58.92000" lon="6.89420"></trkpt>
    <trkpt lat="58.92020" lon="6.89440"></trkpt>
    <trkpt lat="58.92040" lon="6.89470"></trkpt>
    <trkpt lat="58.92050" lon="6.89520"></trkpt>
    <trkpt lat="58.92060" lon="6.89550"></trkpt>
    <trkpt lat="58.92070" lon="6.89610"></trkpt>
    <trkpt lat="58.92080" lon="6.89670"></trkpt>
    <trkpt lat="58.92100" lon="6.89740"></trkpt>
    <trkpt lat="58.92120" lon="6.89830"></trkpt>
    <trkpt lat="58.92130" lon="6.89860"></trkpt>
    <trkpt lat="58.92140" lon="6.89890"></trkpt>
    <trkpt lat="58.92160" lon="6.89910"></trkpt>
    <trkpt lat="58.92190" lon="6.89940"></trkpt>
    <trkpt lat="58.92210" lon="6.89950"></trkpt>
    <trkpt lat="58.92220" lon="6.89980"></trkpt>
    <trkpt lat="58.92230" lon="6.90020"></trkpt>
    <trkpt lat="58.92230" lon="6.90060"></trkpt>
    <trkpt lat="58.92220" lon="6.90150"></trkpt>
    <trkpt lat="58.92220" lon="6.90190"></trkpt>
    <trkpt lat="58.92220" lon="6.90230"></trkpt>
    <trkpt lat="58.92230" lon="6.90280"></trkpt>
    <trkpt lat="58.92240" lon="6.90370"></trkpt>
    <trkpt lat="58.92250" lon="6.90410"></trkpt>
    <trkpt lat="58.92260" lon="6.90440"></trkpt>
    <trkpt lat="58.92270" lon="6.90470"></trkpt>
    <trkpt lat="58.92320" lon="6.90530"></trkpt>
    <trkpt lat="58.92350" lon="6.90550"></trkpt>
    <trkpt lat="58.92370" lon="6.90550"></trkpt>
    <trkpt lat="58.92410" lon="6.90540"></trkpt>
    <trkpt lat="58.92430" lon="6.90530"></trkpt>
    <trkpt lat="58.92450" lon="6.90530"></trkpt>
    <trkpt lat="58.92480" lon="6.90530"></trkpt>
    <trkpt lat="58.92510" lon="6.90540"></trkpt>
    <trkpt lat="58.92540" lon="6.90560"></trkpt>
    <trkpt lat="58.92570" lon="6.90580"></trkpt>
    <trkpt lat="58.92600" lon="6.90620"></trkpt>
    <trkpt lat="58.92610" lon="6.90650"></trkpt>
    <trkpt lat="58.92620" lon="6.90690"></trkpt>
    <trkpt lat="58.92620" lon="6.90750"></trkpt>
    <trkpt lat="58.92620" lon="6.90790"></trkpt>
    <trkpt lat="58.92630" lon="6.90820"></trkpt>
    <trkpt lat="58.92650" lon="6.90820"></trkpt>
    <trkpt lat="58.92680" lon="6.90820"></trkpt>
    <trkpt lat="58.92730" lon="6.90800"></trkpt>
    <trkpt lat="58.92750" lon="6.90790"></trkpt>
    <trkpt lat="58.92770" lon="6.90790"></trkpt>
    <trkpt lat="58.92790" lon="6.90790"></trkpt>
    <trkpt lat="58.92810" lon="6.90800"></trkpt>
    <trkpt lat="58.92830" lon="6.90810"></trkpt>
    <trkpt lat="58.92850" lon="6.90830"></trkpt>
    <trkpt lat="58.92860" lon="6.90860"></trkpt>
    <trkpt lat="58.92870" lon="6.90890"></trkpt>
    <trkpt lat="58.92880" lon="6.90920"></trkpt>
    <trkpt lat="58.92880" lon="6.91010"></trkpt>
    <trkpt lat="58.92880" lon="6.91050"></trkpt>
    <trkpt lat="58.92890" lon="6.91090"></trkpt>
    <trkpt lat="58.92900" lon="6.91120"></trkpt>
    <trkpt lat="58.92920" lon="6.91160"></trkpt>
    <trkpt lat="58.92930" lon="6.91200"></trkpt>
    <trkpt lat="58.92950" lon="6.91250"></trkpt>
    <trkpt lat="58.92960" lon="6.91280"></trkpt>
    <trkpt lat="58.92980" lon="6.91310"></trkpt>
    <trkpt lat="58.93010" lon="6.91330"></trkpt>
    <trkpt lat="58.93030" lon="6.91350"></trkpt>
    <trkpt lat="58.93050" lon="6.91350"></trkpt>
    <trkpt lat="58.93080" lon="6.91330"></trkpt>
    <trkpt lat="58.93140" lon="6.91260"></trkpt>
    <trkpt lat="58.93160" lon="6.91240"></trkpt>
    <trkpt lat="58.93180" lon="6.91220"></trkpt>
    <trkpt lat="58.93200" lon="6.91220"></trkpt>
    <trkpt lat="58.93250" lon="6.91210"></trkpt>
    <trkpt lat="58.93270" lon="6.91210"></trkpt>
    <trkpt lat="58.93310" lon="6.91220"></trkpt>
    <trkpt lat="58.93330" lon="6.91220"></trkpt>
    <trkpt lat="58.93360" lon="6.91210"></trkpt>
    <trkpt lat="58.93380" lon="6.91210"></trkpt>
    <trkpt lat="58.93400" lon="6.91210"></trkpt>
    <trkpt lat="58.93430" lon="6.91210"></trkpt>
    <trkpt lat="58.93460" lon="6.91210"></trkpt>
    <trkpt lat="58.93480" lon="6.91210"></trkpt>
    <trkpt lat="58.93550" lon="6.91220"></trkpt>
    <trkpt lat="58.93570" lon="6.91220"></trkpt>
    <trkpt lat="58.93620" lon="6.91220"></trkpt>
    <trkpt lat="58.93640" lon="6.91220"></trkpt>
    <trkpt lat="58.93660" lon="6.91220"></trkpt>
    <trkpt lat="58.93680" lon="6.91240"></trkpt>
    <trkpt lat="58.93710" lon="6.91300"></trkpt>
    <trkpt lat="58.93730" lon="6.91320"></trkpt>
    <trkpt lat="58.93750" lon="6.91350"></trkpt>
    <trkpt lat="58.93770" lon="6.91370"></trkpt>
    <trkpt lat="58.93830" lon="6.91410"></trkpt>
    <trkpt lat="58.93850" lon="6.91420"></trkpt>
    <trkpt lat="58.93890" lon="6.91450"></trkpt>
    <trkpt lat="58.93920" lon="6.91470"></trkpt>
    <trkpt lat="58.93940" lon="6.91490"></trkpt>
    <trkpt lat="58.93960" lon="6.91510"></trkpt>
    <trkpt lat="58.94000" lon="6.91540"></trkpt>
    <trkpt lat="58.94060" lon="6.91590"></trkpt>
    <trkpt lat="58.94100" lon="6.91630"></trkpt>
    <trkpt lat="58.94120" lon="6.91650"></trkpt>
    <trkpt lat="58.94160" lon="6.91680"></trkpt>
    <trkpt lat="58.94190" lon="6.91710"></trkpt>
    <trkpt lat="58.94210" lon="6.91730"></trkpt>
    <trkpt lat="58.94230" lon="6.91750"></trkpt>
    <trkpt lat="58.94260" lon="6.91800"></trkpt>
    <trkpt lat="58.94280" lon="6.91840"></trkpt>
    <trkpt lat="58.94300" lon="6.91880"></trkpt>
    <trkpt lat="58.94310" lon="6.91910"></trkpt>
    <trkpt lat="58.94320" lon="6.91940"></trkpt>
    <trkpt lat="58.94320" lon="6.91980"></trkpt>
    <trkpt lat="58.94330" lon="6.92030"></trkpt>
    <trkpt lat="58.94350" lon="6.92140"></trkpt>
    <trkpt lat="58.94350" lon="6.92180"></trkpt>
    <trkpt lat="58.94350" lon="6.92220"></trkpt>
    <trkpt lat="58.94340" lon="6.92250"></trkpt>
    <trkpt lat="58.94330" lon="6.92280"></trkpt>
    <trkpt lat="58.94270" lon="6.92320"></trkpt>
    <trkpt lat="58.94250" lon="6.92340"></trkpt>
    <trkpt lat="58.94240" lon="6.92380"></trkpt>
    <trkpt lat="58.94240" lon="6.92430"></trkpt>
    <trkpt lat="58.94240" lon="6.92470"></trkpt>
    <trkpt lat="58.94250" lon="6.92500"></trkpt>
    <trkpt lat="58.94280" lon="6.92560"></trkpt>
    <trkpt lat="58.94350" lon="6.92660"></trkpt>
    <trkpt lat="58.94380" lon="6.92700"></trkpt>
    <trkpt lat="58.94400" lon="6.92710"></trkpt>
    <trkpt lat="58.94430" lon="6.92730"></trkpt>
    <trkpt lat="58.94450" lon="6.92730"></trkpt>
    <trkpt lat="58.94470" lon="6.92740"></trkpt>
    <trkpt lat="58.94560" lon="6.92750"></trkpt>
    <trkpt lat="58.94590" lon="6.92760"></trkpt>
    <trkpt lat="58.94620" lon="6.92760"></trkpt>
    <trkpt lat="58.94640" lon="6.92770"></trkpt>
    <trkpt lat="58.94690" lon="6.92800"></trkpt>
    <trkpt lat="58.94710" lon="6.92810"></trkpt>
    <trkpt lat="58.94740" lon="6.92810"></trkpt>
    <trkpt lat="58.94760" lon="6.92810"></trkpt>
    <trkpt lat="58.94780" lon="6.92800"></trkpt>
    <trkpt lat="58.94810" lon="6.92780"></trkpt>
    <trkpt lat="58.94900" lon="6.92710"></trkpt>
    <trkpt lat="58.94930" lon="6.92690"></trkpt>
    <trkpt lat="58.94950" lon="6.92680"></trkpt>
    <trkpt lat="58.94970" lon="6.92670"></trkpt>
    <trkpt lat="58.95000" lon="6.92680"></trkpt>
    <trkpt lat="58.95180" lon="6.92770"></trkpt>
    <trkpt lat="58.95210" lon="6.92780"></trkpt>
    <trkpt lat="58.95240" lon="6.92790"></trkpt>
    <trkpt lat="58.95270" lon="6.92790"></trkpt>
    <trkpt lat="58.95290" lon="6.92790"></trkpt>
    <trkpt lat="58.95330" lon="6.92770"></trkpt>
    <trkpt lat="58.95350" lon="6.92760"></trkpt>
    <trkpt lat="58.95380" lon="6.92760"></trkpt>
    <trkpt lat="58.95420" lon="6.92770"></trkpt>
    <trkpt lat="58.95490" lon="6.92800"></trkpt>
    <trkpt lat="58.95540" lon="6.92810"></trkpt>
    <trkpt lat="58.95590" lon="6.92830"></trkpt>
    <trkpt lat="58.95610" lon="6.92830"></trkpt>
    <trkpt lat="58.95650" lon="6.92850"></trkpt>
    <trkpt lat="58.95670" lon="6.92870"></trkpt>
    <trkpt lat="58.95710" lon="6.92900"></trkpt>
    <trkpt lat="58.95740" lon="6.92930"></trkpt>
    <trkpt lat="58.95760" lon="6.92940"></trkpt>
    <trkpt lat="58.95780" lon="6.92950"></trkpt>
    <trkpt lat="58.95810" lon="6.92940"></trkpt>
    <trkpt lat="58.95830" lon="6.92930"></trkpt>
    <trkpt lat="58.95890" lon="6.92910"></trkpt>
    <trkpt lat="58.95930" lon="6.92890"></trkpt>
    <trkpt lat="58.95950" lon="6.92860"></trkpt>
    <trkpt lat="58.95970" lon="6.92820"></trkpt>
    <trkpt lat="58.96010" lon="6.92750"></trkpt>
    <trkpt lat="58.96050" lon="6.92700"></trkpt>
    <trkpt lat="58.96070" lon="6.92660"></trkpt>
    <trkpt lat="58.96080" lon="6.92630"></trkpt>
    <trkpt lat="58.96100" lon="6.92600"></trkpt>
    <trkpt lat="58.96150" lon="6.92460"></trkpt>
    <trkpt lat="58.96160" lon="6.92430"></trkpt>
    <trkpt lat="58.96180" lon="6.92390"></trkpt>
    <trkpt lat="58.96200" lon="6.92380"></trkpt>
    <trkpt lat="58.96300" lon="6.92260"></trkpt>
    <trkpt lat="58.96400" lon="6.92160"></trkpt>
    <trkpt lat="58.96470" lon="6.92090"></trkpt>
    <trkpt lat="58.96500" lon="6.92060"></trkpt>
    <trkpt lat="58.96520" lon="6.92040"></trkpt>
    <trkpt lat="58.96540" lon="6.92030"></trkpt>
    <trkpt lat="58.96570" lon="6.92030"></trkpt>
    <trkpt lat="58.96590" lon="6.92030"></trkpt>
    <trkpt lat="58.96610" lon="6.92040"></trkpt>
    <trkpt lat="58.96730" lon="6.92070"></trkpt>
    <trkpt lat="58.96810" lon="6.92090"></trkpt>
    <trkpt lat="58.96830" lon="6.92090"></trkpt>
    <trkpt lat="58.96850" lon="6.92100"></trkpt>
    <trkpt lat="58.96890" lon="6.92120"></trkpt>
    <trkpt lat="58.96910" lon="6.92140"></trkpt>
    <trkpt lat="58.96930" lon="6.92140"></trkpt>
    <trkpt lat="58.96950" lon="6.92140"></trkpt>
    <trkpt lat="58.96980" lon="6.92140"></trkpt>
    <trkpt lat="58.97000" lon="6.92130"></trkpt>
    <trkpt lat="58.97080" lon="6.92070"></trkpt>
    <trkpt lat="58.97100" lon="6.92060"></trkpt>
    <trkpt lat="58.97120" lon="6.92050"></trkpt>
    <trkpt lat="58.97220" lon="6.92060"></trkpt>
    <trkpt lat="58.97240" lon="6.92070"></trkpt>
    <trkpt lat="58.97270" lon="6.92070"></trkpt>
    <trkpt lat="58.97290" lon="6.92080"></trkpt>
    <trkpt lat="58.97380" lon="6.92130"></trkpt>
    <trkpt lat="58.97400" lon="6.92130"></trkpt>
    <trkpt lat="58.97420" lon="6.92140"></trkpt>
    <trkpt lat="58.97440" lon="6.92140"></trkpt>
    <trkpt lat="58.97490" lon="6.92150"></trkpt>
    <trkpt lat="58.97530" lon="6.92150"></trkpt>
    <trkpt lat="58.97570" lon="6.92150"></trkpt>
    <trkpt lat="58.97600" lon="6.92150"></trkpt>
    <trkpt lat="58.97630" lon="6.92160"></trkpt>
    <trkpt lat="58.97650" lon="6.92160"></trkpt>
    <trkpt lat="58.97700" lon="6.92190"></trkpt>
    <trkpt lat="58.97720" lon="6.92200"></trkpt>
    <trkpt lat="58.97760" lon="6.92220"></trkpt>
    <trkpt lat="58.97800" lon="6.92250"></trkpt>
    <trkpt lat="58.97830" lon="6.92270"></trkpt>
    <trkpt lat="58.97930" lon="6.92350"></trkpt>
    <trkpt lat="58.97950" lon="6.92360"></trkpt>
    <trkpt lat="58.97970" lon="6.92370"></trkpt>
    <trkpt lat="58.97990" lon="6.92370"></trkpt>
    <trkpt lat="58.98010" lon="6.92370"></trkpt>
    <trkpt lat="58.98030" lon="6.92360"></trkpt>
    <trkpt lat="58.98060" lon="6.92350"></trkpt>
    <trkpt lat="58.98080" lon="6.92320"></trkpt>
    <trkpt lat="58.98130" lon="6.92270"></trkpt>
    <trkpt lat="58.98160" lon="6.92250"></trkpt>
    <trkpt lat="58.98210" lon="6.92220"></trkpt>
    <trkpt lat="58.98230" lon="6.92210"></trkpt>
    <trkpt lat="58.98250" lon="6.92210"></trkpt>
    <trkpt lat="58.98270" lon="6.92210"></trkpt>
    <trkpt lat="58.98290" lon="6.92220"></trkpt>
    <trkpt lat="58.98310" lon="6.92240"></trkpt>
    <trkpt lat="58.98330" lon="6.92250"></trkpt>
    <trkpt lat="58.98350" lon="6.92260"></trkpt>
    <trkpt lat="58.98390" lon="6.92250"></trkpt>
    <trkpt lat="58.98410" lon="6.92250"></trkpt>
    <trkpt lat="58.98430" lon="6.92260"></trkpt>
    <trkpt lat="58.98460" lon="6.92270"></trkpt>
    <trkpt lat="58.98480" lon="6.92290"></trkpt>
    <trkpt lat="58.98500" lon="6.92310"></trkpt>
    <trkpt lat="58.98520" lon="6.92330"></trkpt>
    <trkpt lat="58.98600" lon="6.92380"></trkpt>
    <trkpt lat="58.98620" lon="6.92390"></trkpt>
    <trkpt lat="58.98640" lon="6.92400"></trkpt>
    <trkpt lat="58.98680" lon="6.92400"></trkpt>
    <trkpt lat="58.98700" lon="6.92410"></trkpt>
    <trkpt lat="58.98730" lon="6.92420"></trkpt>
    <trkpt lat="58.98750" lon="6.92430"></trkpt>
    <trkpt lat="58.98790" lon="6.92480"></trkpt>
    <trkpt lat="58.98810" lon="6.92510"></trkpt>
    <trkpt lat="58.98830" lon="6.92520"></trkpt>
    <trkpt lat="58.98860" lon="6.92550"></trkpt>
    <trkpt lat="58.98880" lon="6.92570"></trkpt>
    <trkpt lat="58.98900" lon="6.92590"></trkpt>
    <trkpt lat="58.98930" lon="6.92640"></trkpt>
    <trkpt lat="58.98950" lon="6.92670"></trkpt>
    <trkpt lat="58.98980" lon="6.92700"></trkpt>
    <trkpt lat="58.99000" lon="6.92710"></trkpt>
    <trkpt lat="58.99020" lon="6.92710"></trkpt>
    <trkpt lat="58.99050" lon="6.92710"></trkpt>
    <trkpt lat="58.99080" lon="6.92690"></trkpt>
    <trkpt lat="58.99100" lon="6.92680"></trkpt>
    <trkpt lat="58.99120" lon="6.92680"></trkpt>
    <trkpt lat="58.99160" lon="6.92680"></trkpt>
    <trkpt lat="58.99180" lon="6.92690"></trkpt>
    <trkpt lat="58.99200" lon="6.92690"></trkpt>
    <trkpt lat="58.99220" lon="6.92700"></trkpt>
    <trkpt lat="58.99250" lon="6.92720"></trkpt>
    <trkpt lat="58.99270" lon="6.92740"></trkpt>
    <trkpt lat="58.99300" lon="6.92790"></trkpt>
    <trkpt lat="58.99320" lon="6.92820"></trkpt>
    <trkpt lat="58.99340" lon="6.92860"></trkpt>
    <trkpt lat="58.99360" lon="6.92940"></trkpt>
    <trkpt lat="58.99370" lon="6.92970"></trkpt>
    <trkpt lat="58.99380" lon="6.93010"></trkpt>
    <trkpt lat="58.99400" lon="6.93030"></trkpt>
    <trkpt lat="58.99440" lon="6.93080"></trkpt>
    <trkpt lat="58.99460" lon="6.93100"></trkpt>
    <trkpt lat="58.99490" lon="6.93130"></trkpt>
    <trkpt lat="58.99510" lon="6.93150"></trkpt>
    <trkpt lat="58.99570" lon="6.93200"></trkpt>
    <trkpt lat="58.99650" lon="6.93270"></trkpt>
    <trkpt lat="58.99680" lon="6.93280"></trkpt>
    <trkpt lat="58.99700" lon="6.93280"></trkpt>
    <trkpt lat="58.99720" lon="6.93270"></trkpt>
    <trkpt lat="58.99740" lon="6.93260"></trkpt>
    <trkpt lat="58.99760" lon="6.93250"></trkpt>
    <trkpt lat="58.99790" lon="6.93230"></trkpt>
    <trkpt lat="58.99820" lon="6.93200"></trkpt>
    <trkpt lat="58.99900" lon="6.93110"></trkpt>
    <trkpt lat="58.99950" lon="6.93050"></trkpt>
    <trkpt lat="58.99970" lon="6.93030"></trkpt>
    <trkpt lat="58.99990" lon="6.93010"></trkpt>
    <trkpt lat="59.00010" lon="6.93000"></trkpt>
    <trkpt lat="59.00030" lon="6.93000"></trkpt>
    <trkpt lat="59.00050" lon="6.93000"></trkpt>
    <trkpt lat="59.00070" lon="6.93000"></trkpt>
    <trkpt lat="59.00090" lon="6.93000"></trkpt>
    <trkpt lat="59.00110" lon="6.93000"></trkpt>
    <trkpt lat="59.00200" lon="6.93040"></trkpt>
    <trkpt lat="59.00220" lon="6.93040"></trkpt>
    <trkpt lat="59.00310" lon="6.93040"></trkpt>
    <trkpt lat="59.00330" lon="6.93040"></trkpt>
    <trkpt lat="59.00350" lon="6.93050"></trkpt>
    <trkpt lat="59.00410" lon="6.93110"></trkpt>
    <trkpt lat="59.00410" lon="6.93060"></trkpt>
    <trkpt lat="59.00420" lon="6.93030"></trkpt>
    <trkpt lat="59.00420" lon="6.92990"></trkpt>
    <trkpt lat="59.00410" lon="6.92950"></trkpt>
    <trkpt lat="59.00390" lon="6.92870"></trkpt>
    <trkpt lat="59.00370" lon="6.92790"></trkpt>
    <trkpt lat="59.00350" lon="6.92730"></trkpt>
    <trkpt lat="59.00340" lon="6.92700"></trkpt>
    <trkpt lat="59.00320" lon="6.92660"></trkpt>
    <trkpt lat="59.00300" lon="6.92620"></trkpt>
    <trkpt lat="59.00270" lon="6.92590"></trkpt>
    <trkpt lat="59.00240" lon="6.92550"></trkpt>
    <trkpt lat="59.00210" lon="6.92520"></trkpt>
    <trkpt lat="59.00190" lon="6.92490"></trkpt>
    <trkpt lat="59.00140" lon="6.92450"></trkpt>
    <trkpt lat="59.00110" lon="6.92430"></trkpt>
    <trkpt lat="59.00090" lon="6.92410"></trkpt>
    <trkpt lat="59.00070" lon="6.92400"></trkpt>
    <trkpt lat="59.00060" lon="6.92370"></trkpt>
    <trkpt lat="59.00020" lon="6.92310"></trkpt>
    <trkpt lat="59.00010" lon="6.92280"></trkpt>
    <trkpt lat="58.99980" lon="6.92250"></trkpt>
    <trkpt lat="58.99960" lon="6.92240"></trkpt>
    <trkpt lat="58.99930" lon="6.92230"></trkpt>
    <trkpt lat="58.99900" lon="6.92220"></trkpt>
    <trkpt lat="58.99880" lon="6.92210"></trkpt>
    <trkpt lat="58.99860" lon="6.92190"></trkpt>
    <trkpt lat="58.99840" lon="6.92170"></trkpt>
    <trkpt lat="58.99790" lon="6.92090"></trkpt>
    <trkpt lat="58.99750" lon="6.92050"></trkpt>
    <trkpt lat="58.99720" lon="6.92010"></trkpt>
    <trkpt lat="58.99690" lon="6.91970"></trkpt>
    <trkpt lat="58.99660" lon="6.91940"></trkpt>
    <trkpt lat="58.99610" lon="6.91900"></trkpt>
    <trkpt lat="58.99590" lon="6.91880"></trkpt>
    <trkpt lat="58.99570" lon="6.91860"></trkpt>
    <trkpt lat="58.99550" lon="6.91820"></trkpt>
    <trkpt lat="58.99540" lon="6.91780"></trkpt>
    <trkpt lat="58.99530" lon="6.91700"></trkpt>
    <trkpt lat="58.99520" lon="6.91630"></trkpt>
    <trkpt lat="58.99510" lon="6.91540"></trkpt>
    <trkpt lat="58.99500" lon="6.91500"></trkpt>
    <trkpt lat="58.99500" lon="6.91460"></trkpt>
    <trkpt lat="58.99510" lon="6.91430"></trkpt>
    <trkpt lat="58.99520" lon="6.91400"></trkpt>
    <trkpt lat="58.99540" lon="6.91370"></trkpt>
    <trkpt lat="58.99560" lon="6.91360"></trkpt>
    <trkpt lat="58.99580" lon="6.91360"></trkpt>
    <trkpt lat="58.99600" lon="6.91340"></trkpt>
    <trkpt lat="58.99620" lon="6.91320"></trkpt>
    <trkpt lat="58.99660" lon="6.91240"></trkpt>
    <trkpt lat="58.99670" lon="6.91210"></trkpt>
    <trkpt lat="58.99700" lon="6.91170"></trkpt>
    <trkpt lat="58.99720" lon="6.91160"></trkpt>
    <trkpt lat="58.99750" lon="6.91160"></trkpt>
    <trkpt lat="58.99770" lon="6.91160"></trkpt>
    <trkpt lat="58.99790" lon="6.91170"></trkpt>
    <trkpt lat="58.99830" lon="6.91200"></trkpt>
    <trkpt lat="58.99850" lon="6.91210"></trkpt>
    <trkpt lat="58.99910" lon="6.91200"></trkpt>
    <trkpt lat="58.99930" lon="6.91200"></trkpt>
    <trkpt lat="58.99970" lon="6.91190"></trkpt>
    <trkpt lat="59.00000" lon="6.91180"></trkpt>
    <trkpt lat="59.00060" lon="6.91130"></trkpt>
    <trkpt lat="59.00110" lon="6.91090"></trkpt>
    <trkpt lat="59.00130" lon="6.91080"></trkpt>
    <trkpt lat="59.00150" lon="6.91030"></trkpt>
    <trkpt lat="59.00180" lon="6.90970"></trkpt>
    <trkpt lat="59.00200" lon="6.90950"></trkpt>
    <trkpt lat="59.00220" lon="6.90940"></trkpt>
    <trkpt lat="59.00240" lon="6.90940"></trkpt>
    <trkpt lat="59.00260" lon="6.90930"></trkpt>
    <trkpt lat="59.00270" lon="6.90900"></trkpt>
    <trkpt lat="59.00270" lon="6.90860"></trkpt>
    <trkpt lat="59.00270" lon="6.90760"></trkpt>
    <trkpt lat="59.00270" lon="6.90720"></trkpt>
    <trkpt lat="59.00280" lon="6.90690"></trkpt>
    <trkpt lat="59.00310" lon="6.90570"></trkpt>
    <trkpt lat="59.00320" lon="6.90540"></trkpt>
    <trkpt lat="59.00330" lon="6.90510"></trkpt>
    <trkpt lat="59.00330" lon="6.90470"></trkpt>
    <trkpt lat="59.00320" lon="6.90420"></trkpt>
    <trkpt lat="59.00310" lon="6.90380"></trkpt>
    <trkpt lat="59.00300" lon="6.90340"></trkpt>
    <trkpt lat="59.00270" lon="6.90310"></trkpt>
    <trkpt lat="59.00250" lon="6.90280"></trkpt>
    <trkpt lat="59.00240" lon="6.90250"></trkpt>
    <trkpt lat="59.00210" lon="6.90230"></trkpt>
    <trkpt lat="59.00190" lon="6.90220"></trkpt>
    <trkpt lat="59.00150" lon="6.90210"></trkpt>
    <trkpt lat="59.00130" lon="6.90200"></trkpt>
    <trkpt lat="59.00110" lon="6.90180"></trkpt>
    <trkpt lat="59.00100" lon="6.90140"></trkpt>
    <trkpt lat="59.00110" lon="6.90110"></trkpt>
    <trkpt lat="59.00120" lon="6.90080"></trkpt>
    <trkpt lat="59.00140" lon="6.90050"></trkpt>
    <trkpt lat="59.00160" lon="6.90060"></trkpt>
    <trkpt lat="59.00180" lon="6.90080"></trkpt>
    <trkpt lat="59.00200" lon="6.90130"></trkpt>
    <trkpt lat="59.00210" lon="6.90160"></trkpt>
    <trkpt lat="59.00230" lon="6.90190"></trkpt>
    <trkpt lat="59.00270" lon="6.90220"></trkpt>
    <trkpt lat="59.00290" lon="6.90240"></trkpt>
    <trkpt lat="59.00310" lon="6.90240"></trkpt>
    <trkpt lat="59.00330" lon="6.90250"></trkpt>
    <trkpt lat="59.00360" lon="6.90230"></trkpt>
    <trkpt lat="59.00380" lon="6.90220"></trkpt>
    <trkpt lat="59.00410" lon="6.90190"></trkpt>
    <trkpt lat="59.00460" lon="6.90150"></trkpt>
    <trkpt lat="59.00520" lon="6.90110"></trkpt>
    <trkpt lat="59.00550" lon="6.90090"></trkpt>
    <trkpt lat="59.00570" lon="6.90060"></trkpt>
    <trkpt lat="59.00590" lon="6.90060"></trkpt>
    <trkpt lat="59.00610" lon="6.90070"></trkpt>
    <trkpt lat="59.00630" lon="6.90100"></trkpt>
    <trkpt lat="59.00640" lon="6.90130"></trkpt>
    <trkpt lat="59.00660" lon="6.90190"></trkpt>
    <trkpt lat="59.00690" lon="6.90290"></trkpt>
    <trkpt lat="59.00700" lon="6.90320"></trkpt>
    <trkpt lat="59.00700" lon="6.90370"></trkpt>
    <trkpt lat="59.00700" lon="6.90410"></trkpt>
    <trkpt lat="59.00720" lon="6.90440"></trkpt>
    <trkpt lat="59.00740" lon="6.90430"></trkpt>
    <trkpt lat="59.00770" lon="6.90400"></trkpt>
    <trkpt lat="59.00780" lon="6.90370"></trkpt>
    <trkpt lat="59.00790" lon="6.90340"></trkpt>
    <trkpt lat="59.00800" lon="6.90310"></trkpt>
    <trkpt lat="59.00810" lon="6.90250"></trkpt>
    <trkpt lat="59.00810" lon="6.90210"></trkpt>
    <trkpt lat="59.00800" lon="6.90160"></trkpt>
    <trkpt lat="59.00800" lon="6.90120"></trkpt>
    <trkpt lat="59.00810" lon="6.90090"></trkpt>
    <trkpt lat="59.00830" lon="6.90020"></trkpt>
    <trkpt lat="59.00850" lon="6.89990"></trkpt>
    <trkpt lat="59.00870" lon="6.89970"></trkpt>
    <trkpt lat="59.00890" lon="6.89960"></trkpt>
    <trkpt lat="59.00910" lon="6.89960"></trkpt>
    <trkpt lat="59.00930" lon="6.89940"></trkpt>
    <trkpt lat="59.00960" lon="6.89900"></trkpt>
    <trkpt lat="59.00970" lon="6.89870"></trkpt>
    <trkpt lat="59.00980" lon="6.89830"></trkpt>
    <trkpt lat="59.00990" lon="6.89800"></trkpt>
    <trkpt lat="59.00990" lon="6.89760"></trkpt>
    <trkpt lat="59.00990" lon="6.89680"></trkpt>
    <trkpt lat="59.01000" lon="6.89650"></trkpt>
    <trkpt lat="59.01010" lon="6.89620"></trkpt>
    <trkpt lat="59.01060" lon="6.89600"></trkpt>
    <trkpt lat="59.01080" lon="6.89590"></trkpt>
    <trkpt lat="59.01100" lon="6.89570"></trkpt>
    <trkpt lat="59.01120" lon="6.89520"></trkpt>
    <trkpt lat="59.01140" lon="6.89500"></trkpt>
    <trkpt lat="59.01160" lon="6.89490"></trkpt>
    <trkpt lat="59.01180" lon="6.89520"></trkpt>
    <trkpt lat="59.01200" lon="6.89530"></trkpt>
    <trkpt lat="59.01220" lon="6.89540"></trkpt>
    <trkpt lat="59.01240" lon="6.89540"></trkpt>
    <trkpt lat="59.01260" lon="6.89540"></trkpt>
    <trkpt lat="59.01280" lon="6.89540"></trkpt>
    <trkpt lat="59.01300" lon="6.89540"></trkpt>
    <trkpt lat="59.01320" lon="6.89560"></trkpt>
    <trkpt lat="59.01340" lon="6.89580"></trkpt>
    <trkpt lat="59.01360" lon="6.89590"></trkpt>
    <trkpt lat="59.01400" lon="6.89650"></trkpt>
    <trkpt lat="59.01420" lon="6.89670"></trkpt>
    <trkpt lat="59.01440" lon="6.89670"></trkpt>
    <trkpt lat="59.01460" lon="6.89640"></trkpt>
    <trkpt lat="59.01460" lon="6.89600"></trkpt>
    <trkpt lat="59.01450" lon="6.89570"></trkpt>
    <trkpt lat="59.01440" lon="6.89540"></trkpt>
    <trkpt lat="59.01430" lon="6.89430"></trkpt>
    <trkpt lat="59.01420" lon="6.89390"></trkpt>
    <trkpt lat="59.01410" lon="6.89350"></trkpt>
    <trkpt lat="59.01410" lon="6.89270"></trkpt>
    <trkpt lat="59.01410" lon="6.89220"></trkpt>
    <trkpt lat="59.01410" lon="6.89180"></trkpt>
    <trkpt lat="59.01420" lon="6.89150"></trkpt>
    <trkpt lat="59.01460" lon="6.89090"></trkpt>
    <trkpt lat="59.01540" lon="6.88960"></trkpt>
    <trkpt lat="59.01580" lon="6.88890"></trkpt>
    <trkpt lat="59.01600" lon="6.88860"></trkpt>
    <trkpt lat="59.01620" lon="6.88820"></trkpt>
    <trkpt lat="59.01640" lon="6.88780"></trkpt>
    <trkpt lat="59.01670" lon="6.88690"></trkpt>
    <trkpt lat="59.01680" lon="6.88660"></trkpt>
    <trkpt lat="59.01700" lon="6.88630"></trkpt>
    <trkpt lat="59.01720" lon="6.88620"></trkpt>
    <trkpt lat="59.01780" lon="6.88600"></trkpt>
    <trkpt lat="59.01830" lon="6.88590"></trkpt>
    <trkpt lat="59.01850" lon="6.88590"></trkpt>
    <trkpt lat="59.01870" lon="6.88600"></trkpt>
    <trkpt lat="59.01890" lon="6.88610"></trkpt>
    <trkpt lat="59.01920" lon="6.88640"></trkpt>
    <trkpt lat="59.01940" lon="6.88670"></trkpt>
    <trkpt lat="59.01960" lon="6.88700"></trkpt>
    <trkpt lat="59.01970" lon="6.88780"></trkpt>
    <trkpt lat="59.01980" lon="6.88810"></trkpt>
    <trkpt lat="59.02000" lon="6.88860"></trkpt>
    <trkpt lat="59.02010" lon="6.88890"></trkpt>
    <trkpt lat="59.02020" lon="6.88920"></trkpt>
    <trkpt lat="59.02030" lon="6.88950"></trkpt>
    <trkpt lat="59.02050" lon="6.88960"></trkpt>
    <trkpt lat="59.02070" lon="6.88970"></trkpt>
    <trkpt lat="59.02100" lon="6.88970"></trkpt>
    <trkpt lat="59.02120" lon="6.88970"></trkpt>
    <trkpt lat="59.02140" lon="6.88960"></trkpt>
    <trkpt lat="59.02160" lon="6.88940"></trkpt>
    <trkpt lat="59.02180" lon="6.88910"></trkpt>
    <trkpt lat="59.02190" lon="6.88880"></trkpt>
    <trkpt lat="59.02210" lon="6.88870"></trkpt>
    <trkpt lat="59.02230" lon="6.88840"></trkpt>
    <trkpt lat="59.02250" lon="6.88830"></trkpt>
    <trkpt lat="59.02280" lon="6.88820"></trkpt>
    <trkpt lat="59.02300" lon="6.88810"></trkpt>
    <trkpt lat="59.02320" lon="6.88790"></trkpt>
    <trkpt lat="59.02350" lon="6.88750"></trkpt>
    <trkpt lat="59.02370" lon="6.88720"></trkpt>
    <trkpt lat="59.02380" lon="6.88680"></trkpt>
    <trkpt lat="59.02400" lon="6.88600"></trkpt>
    <trkpt lat="59.02410" lon="6.88560"></trkpt>
    <trkpt lat="59.02420" lon="6.88530"></trkpt>
    <trkpt lat="59.02430" lon="6.88490"></trkpt>
    <trkpt lat="59.02440" lon="6.88420"></trkpt>
    <trkpt lat="59.02450" lon="6.88350"></trkpt>
    <trkpt lat="59.02460" lon="6.88320"></trkpt>
    <trkpt lat="59.02470" lon="6.88290"></trkpt>
    <trkpt lat="59.02540" lon="6.88170"></trkpt>
    <trkpt lat="59.02580" lon="6.88110"></trkpt>
    <trkpt lat="59.02630" lon="6.88030"></trkpt>
    <trkpt lat="59.02650" lon="6.87990"></trkpt>
    <trkpt lat="59.02660" lon="6.87940"></trkpt>
    <trkpt lat="59.02670" lon="6.87890"></trkpt>
    <trkpt lat="59.02680" lon="6.87840"></trkpt>
    <trkpt lat="59.02700" lon="6.87720"></trkpt>
    <trkpt lat="59.02710" lon="6.87620"></trkpt>
    <trkpt lat="59.02720" lon="6.87570"></trkpt>
    <trkpt lat="59.02740" lon="6.87510"></trkpt>
    <trkpt lat="59.02750" lon="6.87480"></trkpt>
    <trkpt lat="59.02760" lon="6.87440"></trkpt>
    <trkpt lat="59.02770" lon="6.87410"></trkpt>
    <trkpt lat="59.02780" lon="6.87360"></trkpt>
    <trkpt lat="59.02780" lon="6.87320"></trkpt>
    <trkpt lat="59.02800" lon="6.87280"></trkpt>
    <trkpt lat="59.02820" lon="6.87230"></trkpt>
    <trkpt lat="59.02840" lon="6.87200"></trkpt>
    <trkpt lat="59.02860" lon="6.87150"></trkpt>
    <trkpt lat="59.02880" lon="6.87110"></trkpt>
    <trkpt lat="59.02890" lon="6.87080"></trkpt>
    <trkpt lat="59.02920" lon="6.87020"></trkpt>
    <trkpt lat="59.02940" lon="6.86990"></trkpt>
    <trkpt lat="59.02950" lon="6.86940"></trkpt>
    <trkpt lat="59.02960" lon="6.86880"></trkpt>
    <trkpt lat="59.02970" lon="6.86840"></trkpt>
    <trkpt lat="59.02990" lon="6.86800"></trkpt>
    <trkpt lat="59.03010" lon="6.86760"></trkpt>
    <trkpt lat="59.03050" lon="6.86730"></trkpt>
    <trkpt lat="59.03060" lon="6.86700"></trkpt>
    <trkpt lat="59.03070" lon="6.86660"></trkpt>
    <trkpt lat="59.03080" lon="6.86610"></trkpt>
    <trkpt lat="59.03090" lon="6.86570"></trkpt>
    <trkpt lat="59.03100" lon="6.86540"></trkpt>
    <trkpt lat="59.03120" lon="6.86520"></trkpt>
    <trkpt lat="59.03140" lon="6.86490"></trkpt>
    <trkpt lat="59.03160" lon="6.86460"></trkpt>
    <trkpt lat="59.03190" lon="6.86400"></trkpt>
    <trkpt lat="59.03210" lon="6.86380"></trkpt>
    <trkpt lat="59.03230" lon="6.86360"></trkpt>
    <trkpt lat="59.03280" lon="6.86350"></trkpt>
    <trkpt lat="59.03310" lon="6.86340"></trkpt>
    <trkpt lat="59.03340" lon="6.86340"></trkpt>
    <trkpt lat="59.03360" lon="6.86330"></trkpt>
    <trkpt lat="59.03380" lon="6.86320"></trkpt>
    <trkpt lat="59.03400" lon="6.86290"></trkpt>
    <trkpt lat="59.03430" lon="6.86260"></trkpt>
    <trkpt lat="59.03450" lon="6.86240"></trkpt>
    <trkpt lat="59.03470" lon="6.86210"></trkpt>
    <trkpt lat="59.03500" lon="6.86170"></trkpt>
    <trkpt lat="59.03510" lon="6.86140"></trkpt>
    <trkpt lat="59.03520" lon="6.86100"></trkpt>
    <trkpt lat="59.03540" lon="6.86050"></trkpt>
    <trkpt lat="59.03550" lon="6.86000"></trkpt>
    <trkpt lat="59.03560" lon="6.85970"></trkpt>
    <trkpt lat="59.03570" lon="6.85920"></trkpt>
    <trkpt lat="59.03590" lon="6.85890"></trkpt>
    <trkpt lat="59.03600" lon="6.85840"></trkpt>
    <trkpt lat="59.03610" lon="6.85790"></trkpt>
    <trkpt lat="59.03620" lon="6.85760"></trkpt>
    <trkpt lat="59.03650" lon="6.85650"></trkpt>
    <trkpt lat="59.03670" lon="6.85600"></trkpt>
    <trkpt lat="59.03690" lon="6.85550"></trkpt>
    <trkpt lat="59.03700" lon="6.85520"></trkpt>
    <trkpt lat="59.03720" lon="6.85420"></trkpt>
    <trkpt lat="59.03730" lon="6.85380"></trkpt>
    <trkpt lat="59.03750" lon="6.85330"></trkpt>
    <trkpt lat="59.03760" lon="6.85290"></trkpt>
    <trkpt lat="59.03770" lon="6.85250"></trkpt>
    <trkpt lat="59.03780" lon="6.85210"></trkpt>
    <trkpt lat="59.03790" lon="6.85130"></trkpt>
    <trkpt lat="59.03800" lon="6.85090"></trkpt>
    <trkpt lat="59.03810" lon="6.85060"></trkpt>
    <trkpt lat="59.03820" lon="6.85000"></trkpt>
    <trkpt lat="59.03830" lon="6.84960"></trkpt>
    <trkpt lat="59.03840" lon="6.84920"></trkpt>
    <trkpt lat="59.03840" lon="6.84880"></trkpt>
    <trkpt lat="59.03840" lon="6.84840"></trkpt>
    <trkpt lat="59.03840" lon="6.84780"></trkpt>
    <trkpt lat="59.03830" lon="6.84730"></trkpt>
    <trkpt lat="59.03830" lon="6.84680"></trkpt>
    <trkpt lat="59.03840" lon="6.84640"></trkpt>
    <trkpt lat="59.03850" lon="6.84580"></trkpt>
    <trkpt lat="59.03880" lon="6.84470"></trkpt>
    <trkpt lat="59.03890" lon="6.84430"></trkpt>
    <trkpt lat="59.03900" lon="6.84370"></trkpt>
    <trkpt lat="59.03900" lon="6.84320"></trkpt>
    <trkpt lat="59.03910" lon="6.84260"></trkpt>
    <trkpt lat="59.03910" lon="6.84190"></trkpt>
    <trkpt lat="59.03910" lon="6.84140"></trkpt>
    <trkpt lat="59.03930" lon="6.84030"></trkpt>
    <trkpt lat="59.03940" lon="6.83990"></trkpt>
    <trkpt lat="59.03940" lon="6.83950"></trkpt>
    <trkpt lat="59.03930" lon="6.83890"></trkpt>
    <trkpt lat="59.03920" lon="6.83860"></trkpt>
    <trkpt lat="59.03920" lon="6.83820"></trkpt>
    <trkpt lat="59.03920" lon="6.83760"></trkpt>
    <trkpt lat="59.03920" lon="6.83720"></trkpt>
    <trkpt lat="59.03930" lon="6.83670"></trkpt>
    <trkpt lat="59.03930" lon="6.83630"></trkpt>
    <trkpt lat="59.03940" lon="6.83560"></trkpt>
    <trkpt lat="59.03930" lon="6.83500"></trkpt>
    <trkpt lat="59.03930" lon="6.83460"></trkpt>
    <trkpt lat="59.03920" lon="6.83420"></trkpt>
    <trkpt lat="59.03910" lon="6.83390"></trkpt>
    <trkpt lat="59.03910" lon="6.83350"></trkpt>
    <trkpt lat="59.03920" lon="6.83310"></trkpt>
    <trkpt lat="59.03930" lon="6.83250"></trkpt>
    <trkpt lat="59.03950" lon="6.83200"></trkpt>
    <trkpt lat="59.03960" lon="6.83170"></trkpt>
    <trkpt lat="59.03960" lon="6.83130"></trkpt>
    <trkpt lat="59.03970" lon="6.83100"></trkpt>
    <trkpt lat="59.03970" lon="6.83050"></trkpt>
    <trkpt lat="59.03990" lon="6.82990"></trkpt>
    <trkpt lat="59.04000" lon="6.82940"></trkpt>
    <trkpt lat="59.04010" lon="6.82910"></trkpt>
    <trkpt lat="59.04020" lon="6.82830"></trkpt>
    <trkpt lat="59.04030" lon="6.82720"></trkpt>
    <trkpt lat="59.04030" lon="6.82670"></trkpt>
    <trkpt lat="59.04020" lon="6.82610"></trkpt>
    <trkpt lat="59.04020" lon="6.82560"></trkpt>
    <trkpt lat="59.04030" lon="6.82520"></trkpt>
    <trkpt lat="59.04030" lon="6.82480"></trkpt>
    <trkpt lat="59.04030" lon="6.82430"></trkpt>
    <trkpt lat="59.04030" lon="6.82370"></trkpt>
    <trkpt lat="59.04030" lon="6.82310"></trkpt>
    <trkpt lat="59.04030" lon="6.82230"></trkpt>
    <trkpt lat="59.04040" lon="6.82200"></trkpt>
    <trkpt lat="59.04040" lon="6.82120"></trkpt>
    <trkpt lat="59.04040" lon="6.82070"></trkpt>
    <trkpt lat="59.04050" lon="6.82040"></trkpt>
    <trkpt lat="59.04060" lon="6.82000"></trkpt>
    <trkpt lat="59.04080" lon="6.81960"></trkpt>
    <trkpt lat="59.04090" lon="6.81930"></trkpt>
    <trkpt lat="59.04100" lon="6.81870"></trkpt>
    <trkpt lat="59.04110" lon="6.81820"></trkpt>
    <trkpt lat="59.04120" lon="6.81780"></trkpt>
    <trkpt lat="59.04120" lon="6.81730"></trkpt>
    <trkpt lat="59.04120" lon="6.81680"></trkpt>
    <trkpt lat="59.04100" lon="6.81620"></trkpt>
    <trkpt lat="59.04090" lon="6.81580"></trkpt>
    <trkpt lat="59.04100" lon="6.81540"></trkpt>
    <trkpt lat="59.04150" lon="6.81350"></trkpt>
    <trkpt lat="59.04160" lon="6.81300"></trkpt>
    <trkpt lat="59.04160" lon="6.81260"></trkpt>
    <trkpt lat="59.04160" lon="6.81220"></trkpt>
    <trkpt lat="59.04160" lon="6.81180"></trkpt>
    <trkpt lat="59.04170" lon="6.81140"></trkpt>
    <trkpt lat="59.04180" lon="6.81100"></trkpt>
    <trkpt lat="59.04180" lon="6.81050"></trkpt>
    <trkpt lat="59.04180" lon="6.81000"></trkpt>
    <trkpt lat="59.04180" lon="6.80930"></trkpt>
    <trkpt lat="59.04180" lon="6.80870"></trkpt>
    <trkpt lat="59.04180" lon="6.80830"></trkpt>
    <trkpt lat="59.04190" lon="6.80670"></trkpt>
    <trkpt lat="59.04200" lon="6.80580"></trkpt>
    <trkpt lat="59.04210" lon="6.80540"></trkpt>
    <trkpt lat="59.04210" lon="6.80490"></trkpt>
    <trkpt lat="59.04210" lon="6.80450"></trkpt>
    <trkpt lat="59.04210" lon="6.80400"></trkpt>
    <trkpt lat="59.04190" lon="6.80370"></trkpt>
    <trkpt lat="59.04180" lon="6.80340"></trkpt>
    <trkpt lat="59.04170" lon="6.80300"></trkpt>
    <trkpt lat="59.04160" lon="6.80210"></trkpt>
    <trkpt lat="59.04140" lon="6.80140"></trkpt>
    <trkpt lat="59.04140" lon="6.80100"></trkpt>
    <trkpt lat="59.04140" lon="6.80030"></trkpt>
    <trkpt lat="59.04140" lon="6.79970"></trkpt>
    <trkpt lat="59.04130" lon="6.79930"></trkpt>
    <trkpt lat="59.04120" lon="6.79880"></trkpt>
    <trkpt lat="59.04120" lon="6.79840"></trkpt>
    <trkpt lat="59.04110" lon="6.79810"></trkpt>
    <trkpt lat="59.04110" lon="6.79760"></trkpt>
    <trkpt lat="59.04100" lon="6.79670"></trkpt>
    <trkpt lat="59.04090" lon="6.79630"></trkpt>
    <trkpt lat="59.04080" lon="6.79560"></trkpt>
    <trkpt lat="59.04070" lon="6.79490"></trkpt>
    <trkpt lat="59.04070" lon="6.79420"></trkpt>
    <trkpt lat="59.04060" lon="6.79370"></trkpt>
    <trkpt lat="59.04050" lon="6.79230"></trkpt>
    <trkpt lat="59.04050" lon="6.79180"></trkpt>
    <trkpt lat="59.04050" lon="6.79130"></trkpt>
    <trkpt lat="59.04040" lon="6.79080"></trkpt>
    <trkpt lat="59.04040" lon="6.79020"></trkpt>
    <trkpt lat="59.04040" lon="6.78980"></trkpt>
    <trkpt lat="59.04050" lon="6.78890"></trkpt>
    <trkpt lat="59.04050" lon="6.78840"></trkpt>
    <trkpt lat="59.04050" lon="6.78800"></trkpt>
    <trkpt lat="59.04050" lon="6.78750"></trkpt>
    <trkpt lat="59.04040" lon="6.78640"></trkpt>
    <trkpt lat="59.04030" lon="6.78490"></trkpt>
    <trkpt lat="59.04020" lon="6.78460"></trkpt>
    <trkpt lat="59.04030" lon="6.78420"></trkpt>
    <trkpt lat="59.04050" lon="6.78330"></trkpt>
    <trkpt lat="59.04070" lon="6.78250"></trkpt>
    <trkpt lat="59.04070" lon="6.78200"></trkpt>
    <trkpt lat="59.04060" lon="6.78170"></trkpt>
    <trkpt lat="59.04040" lon="6.78150"></trkpt>
    <trkpt lat="59.04010" lon="6.78150"></trkpt>
    <trkpt lat="59.03990" lon="6.78150"></trkpt>
    <trkpt lat="59.03970" lon="6.78120"></trkpt>
    <trkpt lat="59.03960" lon="6.78060"></trkpt>
    <trkpt lat="59.03960" lon="6.77990"></trkpt>
    <trkpt lat="59.03950" lon="6.77960"></trkpt>
    <trkpt lat="59.03940" lon="6.77930"></trkpt>
    <trkpt lat="59.03920" lon="6.77920"></trkpt>
    <trkpt lat="59.03890" lon="6.77910"></trkpt>
    <trkpt lat="59.03870" lon="6.77920"></trkpt>
    <trkpt lat="59.03850" lon="6.77920"></trkpt>
    <trkpt lat="59.03830" lon="6.77940"></trkpt>
    <trkpt lat="59.03810" lon="6.77950"></trkpt>
    <trkpt lat="59.03790" lon="6.77940"></trkpt>
    <trkpt lat="59.03770" lon="6.77920"></trkpt>
    <trkpt lat="59.03760" lon="6.77890"></trkpt>
    <trkpt lat="59.03750" lon="6.77850"></trkpt>
    <trkpt lat="59.03750" lon="6.77810"></trkpt>
    <trkpt lat="59.03750" lon="6.77760"></trkpt>
    <trkpt lat="59.03740" lon="6.77720"></trkpt>
    <trkpt lat="59.03740" lon="6.77660"></trkpt>
    <trkpt lat="59.03730" lon="6.77600"></trkpt>
    <trkpt lat="59.03720" lon="6.77540"></trkpt>
    <trkpt lat="59.03710" lon="6.77480"></trkpt>
    <trkpt lat="59.03700" lon="6.77450"></trkpt>
    <trkpt lat="59.03690" lon="6.77410"></trkpt>
    <trkpt lat="59.03670" lon="6.77390"></trkpt>
    <trkpt lat="59.03660" lon="6.77360"></trkpt>
    <trkpt lat="59.03660" lon="6.77310"></trkpt>
    <trkpt lat="59.03670" lon="6.77250"></trkpt>
    <trkpt lat="59.03680" lon="6.77190"></trkpt>
    <trkpt lat="59.03680" lon="6.77140"></trkpt>
    <trkpt lat="59.03690" lon="6.77110"></trkpt>
    <trkpt lat="59.03690" lon="6.77060"></trkpt>
    <trkpt lat="59.03690" lon="6.77020"></trkpt>
    <trkpt lat="59.03680" lon="6.76960"></trkpt>
    <trkpt lat="59.03670" lon="6.76920"></trkpt>
    <trkpt lat="59.03660" lon="6.76890"></trkpt>
    <trkpt lat="59.03660" lon="6.76850"></trkpt>
    <trkpt lat="59.03660" lon="6.76800"></trkpt>
    <trkpt lat="59.03650" lon="6.76770"></trkpt>
    <trkpt lat="59.03640" lon="6.76700"></trkpt>
    <trkpt lat="59.03630" lon="6.76660"></trkpt>
    <trkpt lat="59.03630" lon="6.76620"></trkpt>
    <trkpt lat="59.03650" lon="6.76460"></trkpt>
    <trkpt lat="59.03650" lon="6.76420"></trkpt>
    <trkpt lat="59.03680" lon="6.76320"></trkpt>
    <trkpt lat="59.03690" lon="6.76290"></trkpt>
    <trkpt lat="59.03690" lon="6.76210"></trkpt>
    <trkpt lat="59.03700" lon="6.76170"></trkpt>
    <trkpt lat="59.03720" lon="6.76120"></trkpt>
    <trkpt lat="59.03730" lon="6.76080"></trkpt>
    <trkpt lat="59.03740" lon="6.76050"></trkpt>
    <trkpt lat="59.03760" lon="6.76030"></trkpt>
    <trkpt lat="59.03790" lon="6.76010"></trkpt>
    <trkpt lat="59.03820" lon="6.75990"></trkpt>
    <trkpt lat="59.03830" lon="6.75960"></trkpt>
    <trkpt lat="59.03850" lon="6.75930"></trkpt>
    <trkpt lat="59.03860" lon="6.75880"></trkpt>
    <trkpt lat="59.03860" lon="6.75840"></trkpt>
    <trkpt lat="59.03850" lon="6.75710"></trkpt>
    <trkpt lat="59.03850" lon="6.75670"></trkpt>
    <trkpt lat="59.03860" lon="6.75620"></trkpt>
    <trkpt lat="59.03870" lon="6.75590"></trkpt>
    <trkpt lat="59.03880" lon="6.75560"></trkpt>
    <trkpt lat="59.03900" lon="6.75530"></trkpt>
    <trkpt lat="59.03930" lon="6.75500"></trkpt>
    <trkpt lat="59.03950" lon="6.75480"></trkpt>
    <trkpt lat="59.03960" lon="6.75450"></trkpt>
    <trkpt lat="59.03970" lon="6.75410"></trkpt>
    <trkpt lat="59.03970" lon="6.75370"></trkpt>
    <trkpt lat="59.03960" lon="6.75330"></trkpt>
    <trkpt lat="59.03940" lon="6.75290"></trkpt>
    <trkpt lat="59.03930" lon="6.75260"></trkpt>
    <trkpt lat="59.03920" lon="6.75230"></trkpt>
    <trkpt lat="59.03900" lon="6.75210"></trkpt>
    <trkpt lat="59.03880" lon="6.75210"></trkpt>
    <trkpt lat="59.03860" lon="6.75220"></trkpt>
    <trkpt lat="59.03830" lon="6.75260"></trkpt>
    <trkpt lat="59.03810" lon="6.75290"></trkpt>
    <trkpt lat="59.03790" lon="6.75300"></trkpt>
    <trkpt lat="59.03770" lon="6.75290"></trkpt>
    <trkpt lat="59.03750" lon="6.75270"></trkpt>
    <trkpt lat="59.03730" lon="6.75230"></trkpt>
    <trkpt lat="59.03720" lon="6.75200"></trkpt>
    <trkpt lat="59.03710" lon="6.75160"></trkpt>
    <trkpt lat="59.03700" lon="6.75090"></trkpt>
    <trkpt lat="59.03690" lon="6.75060"></trkpt>
    <trkpt lat="59.03690" lon="6.75010"></trkpt>
    <trkpt lat="59.03680" lon="6.74970"></trkpt>
    <trkpt lat="59.03680" lon="6.74910"></trkpt>
    <trkpt lat="59.03680" lon="6.74850"></trkpt>
    <trkpt lat="59.03670" lon="6.74820"></trkpt>
    <trkpt lat="59.03660" lon="6.74790"></trkpt>
    <trkpt lat="59.03650" lon="6.74740"></trkpt>
    <trkpt lat="59.03640" lon="6.74710"></trkpt>
    <trkpt lat="59.03620" lon="6.74670"></trkpt>
    <trkpt lat="59.03600" lon="6.74640"></trkpt>
    <trkpt lat="59.03570" lon="6.74590"></trkpt>
    <trkpt lat="59.03550" lon="6.74560"></trkpt>
    <trkpt lat="59.03530" lon="6.74540"></trkpt>
    <trkpt lat="59.03520" lon="6.74500"></trkpt>
    <trkpt lat="59.03500" lon="6.74450"></trkpt>
    <trkpt lat="59.03490" lon="6.74420"></trkpt>
    <trkpt lat="59.03490" lon="6.74360"></trkpt>
    <trkpt lat="59.03480" lon="6.74300"></trkpt>
    <trkpt lat="59.03480" lon="6.74260"></trkpt>
    <trkpt lat="59.03470" lon="6.74210"></trkpt>
    <trkpt lat="59.03450" lon="6.74100"></trkpt>
    <trkpt lat="59.03440" lon="6.74070"></trkpt>
    <trkpt lat="59.03440" lon="6.74010"></trkpt>
    <trkpt lat="59.03430" lon="6.73940"></trkpt>
    <trkpt lat="59.03420" lon="6.73850"></trkpt>
    <trkpt lat="59.03410" lon="6.73820"></trkpt>
    <trkpt lat="59.03410" lon="6.73770"></trkpt>
    <trkpt lat="59.03400" lon="6.73730"></trkpt>
    <trkpt lat="59.03400" lon="6.73520"></trkpt>
    <trkpt lat="59.03400" lon="6.73480"></trkpt>
    <trkpt lat="59.03400" lon="6.73430"></trkpt>
    <trkpt lat="59.03410" lon="6.73400"></trkpt>
    <trkpt lat="59.03420" lon="6.73330"></trkpt>
    <trkpt lat="59.03420" lon="6.73290"></trkpt>
    <trkpt lat="59.03420" lon="6.73250"></trkpt>
    <trkpt lat="59.03430" lon="6.73170"></trkpt>
    <trkpt lat="59.03430" lon="6.73110"></trkpt>
    <trkpt lat="59.03430" lon="6.73060"></trkpt>
    <trkpt lat="59.03440" lon="6.73030"></trkpt>
    <trkpt lat="59.03450" lon="6.72990"></trkpt>
    <trkpt lat="59.03460" lon="6.72950"></trkpt>
    <trkpt lat="59.03460" lon="6.72910"></trkpt>
    <trkpt lat="59.03470" lon="6.72880"></trkpt>
    <trkpt lat="59.03470" lon="6.72810"></trkpt>
    <trkpt lat="59.03470" lon="6.72760"></trkpt>
    <trkpt lat="59.03470" lon="6.72720"></trkpt>
    <trkpt lat="59.03470" lon="6.72680"></trkpt>
    <trkpt lat="59.03460" lon="6.72650"></trkpt>
    <trkpt lat="59.03450" lon="6.72620"></trkpt>
    <trkpt lat="59.03440" lon="6.72590"></trkpt>
    <trkpt lat="59.03440" lon="6.72550"></trkpt>
    <trkpt lat="59.03440" lon="6.72510"></trkpt>
    <trkpt lat="59.03440" lon="6.72470"></trkpt>
    <trkpt lat="59.03450" lon="6.72400"></trkpt>
    <trkpt lat="59.03460" lon="6.72360"></trkpt>
    <trkpt lat="59.03460" lon="6.72310"></trkpt>
    <trkpt lat="59.03460" lon="6.72260"></trkpt>
    <trkpt lat="59.03460" lon="6.72220"></trkpt>
    <trkpt lat="59.03470" lon="6.72190"></trkpt>
    <trkpt lat="59.03490" lon="6.72150"></trkpt>
    <trkpt lat="59.03500" lon="6.72120"></trkpt>
    <trkpt lat="59.03510" lon="6.72050"></trkpt>
    <trkpt lat="59.03510" lon="6.72010"></trkpt>
    <trkpt lat="59.03520" lon="6.71980"></trkpt>
    <trkpt lat="59.03540" lon="6.71950"></trkpt>
    <trkpt lat="59.03570" lon="6.71930"></trkpt>
    <trkpt lat="59.03590" lon="6.71910"></trkpt>
    <trkpt lat="59.03610" lon="6.71880"></trkpt>
    <trkpt lat="59.03630" lon="6.71830"></trkpt>
    <trkpt lat="59.03660" lon="6.71800"></trkpt>
    <trkpt lat="59.03670" lon="6.71770"></trkpt>
    <trkpt lat="59.03640" lon="6.71730"></trkpt>
    <trkpt lat="59.03620" lon="6.71680"></trkpt>
    <trkpt lat="59.03600" lon="6.71630"></trkpt>
    <trkpt lat="59.03590" lon="6.71570"></trkpt>
    <trkpt lat="59.03580" lon="6.71540"></trkpt>
    <trkpt lat="59.03560" lon="6.71500"></trkpt>
    <trkpt lat="59.03550" lon="6.71470"></trkpt>
    <trkpt lat="59.03550" lon="6.71430"></trkpt>
    <trkpt lat="59.03550" lon="6.71380"></trkpt>
    <trkpt lat="59.03560" lon="6.71340"></trkpt>
    <trkpt lat="59.03570" lon="6.71310"></trkpt>
    <trkpt lat="59.03580" lon="6.71280"></trkpt>
    <trkpt lat="59.03600" lon="6.71250"></trkpt>
    <trkpt lat="59.03620" lon="6.71240"></trkpt>
    <trkpt lat="59.03650" lon="6.71260"></trkpt>
    <trkpt lat="59.03670" lon="6.71270"></trkpt>
    <trkpt lat="59.03690" lon="6.71250"></trkpt>
    <trkpt lat="59.03700" lon="6.71220"></trkpt>
    <trkpt lat="59.03700" lon="6.71180"></trkpt>
    <trkpt lat="59.03700" lon="6.71130"></trkpt>
    <trkpt lat="59.03710" lon="6.71090"></trkpt>
    <trkpt lat="59.03710" lon="6.71040"></trkpt>
    <trkpt lat="59.03700" lon="6.71000"></trkpt>
    <trkpt lat="59.03690" lon="6.70960"></trkpt>
    <trkpt lat="59.03690" lon="6.70920"></trkpt>
    <trkpt lat="59.03690" lon="6.70860"></trkpt>
    <trkpt lat="59.03680" lon="6.70830"></trkpt>
    <trkpt lat="59.03680" lon="6.70790"></trkpt>
    <trkpt lat="59.03670" lon="6.70740"></trkpt>
    <trkpt lat="59.03660" lon="6.70640"></trkpt>
    <trkpt lat="59.03660" lon="6.70600"></trkpt>
    <trkpt lat="59.03670" lon="6.70560"></trkpt>
    <trkpt lat="59.03660" lon="6.70530"></trkpt>
    <trkpt lat="59.03650" lon="6.70490"></trkpt>
    <trkpt lat="59.03630" lon="6.70470"></trkpt>
    <trkpt lat="59.03610" lon="6.70440"></trkpt>
    <trkpt lat="59.03600" lon="6.70410"></trkpt>
    <trkpt lat="59.03580" lon="6.70380"></trkpt>
    <trkpt lat="59.03570" lon="6.70350"></trkpt>
    <trkpt lat="59.03560" lon="6.70310"></trkpt>
    <trkpt lat="59.03550" lon="6.70270"></trkpt>
    <trkpt lat="59.03550" lon="6.70230"></trkpt>
    <trkpt lat="59.03540" lon="6.70190"></trkpt>
    <trkpt lat="59.03520" lon="6.70150"></trkpt>
    <trkpt lat="59.03510" lon="6.70110"></trkpt>
    <trkpt lat="59.03510" lon="6.70070"></trkpt>
    <trkpt lat="59.03500" lon="6.70000"></trkpt>
    <trkpt lat="59.03500" lon="6.69960"></trkpt>
    <trkpt lat="59.03500" lon="6.69920"></trkpt>
    <trkpt lat="59.03500" lon="6.69860"></trkpt>
    <trkpt lat="59.03490" lon="6.69830"></trkpt>
    <trkpt lat="59.03480" lon="6.69800"></trkpt>
    <trkpt lat="59.03480" lon="6.69750"></trkpt>
    <trkpt lat="59.03470" lon="6.69680"></trkpt>
    <trkpt lat="59.03470" lon="6.69640"></trkpt>
    <trkpt lat="59.03470" lon="6.69600"></trkpt>
    <trkpt lat="59.03480" lon="6.69570"></trkpt>
    <trkpt lat="59.03500" lon="6.69530"></trkpt>
    <trkpt lat="59.03510" lon="6.69490"></trkpt>
    <trkpt lat="59.03520" lon="6.69450"></trkpt>
    <trkpt lat="59.03520" lon="6.69370"></trkpt>
    <trkpt lat="59.03520" lon="6.69320"></trkpt>
    <trkpt lat="59.03530" lon="6.69290"></trkpt>
    <trkpt lat="59.03530" lon="6.69240"></trkpt>
    <trkpt lat="59.03530" lon="6.69170"></trkpt>
    <trkpt lat="59.03530" lon="6.69100"></trkpt>
    <trkpt lat="59.03520" lon="6.69070"></trkpt>
    <trkpt lat="59.03500" lon="6.69030"></trkpt>
    <trkpt lat="59.03480" lon="6.69020"></trkpt>
    <trkpt lat="59.03460" lon="6.69000"></trkpt>
    <trkpt lat="59.03440" lon="6.68970"></trkpt>
    <trkpt lat="59.03440" lon="6.68930"></trkpt>
    <trkpt lat="59.03460" lon="6.68900"></trkpt>
    <trkpt lat="59.03490" lon="6.68880"></trkpt>
    <trkpt lat="59.03510" lon="6.68850"></trkpt>
    <trkpt lat="59.03530" lon="6.68810"></trkpt>
    <trkpt lat="59.03540" lon="6.68780"></trkpt>
    <trkpt lat="59.03560" lon="6.68730"></trkpt>
    <trkpt lat="59.03570" lon="6.68690"></trkpt>
    <trkpt lat="59.03580" lon="6.68640"></trkpt>
    <trkpt lat="59.03590" lon="6.68570"></trkpt>
    <trkpt lat="59.03610" lon="6.68530"></trkpt>
    <trkpt lat="59.03630" lon="6.68500"></trkpt>
    <trkpt lat="59.03650" lon="6.68480"></trkpt>
    <trkpt lat="59.03670" lon="6.68460"></trkpt>
    <trkpt lat="59.03680" lon="6.68430"></trkpt>
    <trkpt lat="59.03690" lon="6.68400"></trkpt>
    <trkpt lat="59.03690" lon="6.68340"></trkpt>
    <trkpt lat="59.03690" lon="6.68300"></trkpt>
    <trkpt lat="59.03700" lon="6.68260"></trkpt>
    <trkpt lat="59.03720" lon="6.68240"></trkpt>
    <trkpt lat="59.03730" lon="6.68210"></trkpt>
    <trkpt lat="59.03740" lon="6.68170"></trkpt>
    <trkpt lat="59.03730" lon="6.68130"></trkpt>
    <trkpt lat="59.03720" lon="6.68080"></trkpt>
    <trkpt lat="59.03700" lon="6.68010"></trkpt>
    <trkpt lat="59.03690" lon="6.67980"></trkpt>
    <trkpt lat="59.03680" lon="6.67890"></trkpt>
    <trkpt lat="59.03670" lon="6.67860"></trkpt>
    <trkpt lat="59.03670" lon="6.67820"></trkpt>
    <trkpt lat="59.03680" lon="6.67780"></trkpt>
    <trkpt lat="59.03700" lon="6.67730"></trkpt>
    <trkpt lat="59.03700" lon="6.67690"></trkpt>
    <trkpt lat="59.03700" lon="6.67650"></trkpt>
    <trkpt lat="59.03690" lon="6.67620"></trkpt>
    <trkpt lat="59.03660" lon="6.67580"></trkpt>
    <trkpt lat="59.03650" lon="6.67550"></trkpt>
    <trkpt lat="59.03650" lon="6.67500"></trkpt>
    <trkpt lat="59.03640" lon="6.67470"></trkpt>
    <trkpt lat="59.03630" lon="6.67430"></trkpt>
    <trkpt lat="59.03620" lon="6.67390"></trkpt>
    <trkpt lat="59.03590" lon="6.67340"></trkpt>
    <trkpt lat="59.03570" lon="6.67310"></trkpt>
    <trkpt lat="59.03540" lon="6.67290"></trkpt>
    <trkpt lat="59.03490" lon="6.67250"></trkpt>
    <trkpt lat="59.03470" lon="6.67230"></trkpt>
    <trkpt lat="59.03450" lon="6.67220"></trkpt>
    <trkpt lat="59.03440" lon="6.67180"></trkpt>
    <trkpt lat="59.03420" lon="6.67130"></trkpt>
    <trkpt lat="59.03410" lon="6.67100"></trkpt>
    <trkpt lat="59.03390" lon="6.67060"></trkpt>
    <trkpt lat="59.03370" lon="6.67040"></trkpt>
    <trkpt lat="59.03350" lon="6.67030"></trkpt>
    <trkpt lat="59.03330" lon="6.67030"></trkpt>
    <trkpt lat="59.03310" lon="6.67030"></trkpt>
    <trkpt lat="59.03290" lon="6.67020"></trkpt>
    <trkpt lat="59.03270" lon="6.66990"></trkpt>
    <trkpt lat="59.03240" lon="6.66900"></trkpt>
    <trkpt lat="59.03220" lon="6.66860"></trkpt>
    <trkpt lat="59.03200" lon="6.66830"></trkpt>
    <trkpt lat="59.03180" lon="6.66800"></trkpt>
    <trkpt lat="59.03160" lon="6.66790"></trkpt>
    <trkpt lat="59.03150" lon="6.66750"></trkpt>
    <trkpt lat="59.03130" lon="6.66710"></trkpt>
    <trkpt lat="59.03120" lon="6.66670"></trkpt>
    <trkpt lat="59.03110" lon="6.66640"></trkpt>
    <trkpt lat="59.03070" lon="6.66570"></trkpt>
    <trkpt lat="59.03060" lon="6.66530"></trkpt>
    <trkpt lat="59.03040" lon="6.66490"></trkpt>
    <trkpt lat="59.03010" lon="6.66370"></trkpt>
    <trkpt lat="59.02980" lon="6.66260"></trkpt>
    <trkpt lat="59.02960" lon="6.66210"></trkpt>
    <trkpt lat="59.02950" lon="6.66180"></trkpt>
    <trkpt lat="59.02930" lon="6.66150"></trkpt>
    <trkpt lat="59.02910" lon="6.66120"></trkpt>
    <trkpt lat="59.02890" lon="6.66100"></trkpt>
    <trkpt lat="59.02880" lon="6.66070"></trkpt>
    <trkpt lat="59.02880" lon="6.66030"></trkpt>
    <trkpt lat="59.02870" lon="6.66000"></trkpt>
    <trkpt lat="59.02870" lon="6.65950"></trkpt>
    <trkpt lat="59.02860" lon="6.65910"></trkpt>
    <trkpt lat="59.02840" lon="6.65890"></trkpt>
    <trkpt lat="59.02790" lon="6.65860"></trkpt>
    <trkpt lat="59.02780" lon="6.65830"></trkpt>
    <trkpt lat="59.02790" lon="6.65800"></trkpt>
    <trkpt lat="59.02810" lon="6.65790"></trkpt>
    <trkpt lat="59.02830" lon="6.65800"></trkpt>
    <trkpt lat="59.02860" lon="6.65810"></trkpt>
    <trkpt lat="59.02880" lon="6.65810"></trkpt>
    <trkpt lat="59.02900" lon="6.65780"></trkpt>
    <trkpt lat="59.02910" lon="6.65750"></trkpt>
    <trkpt lat="59.02930" lon="6.65740"></trkpt>
    <trkpt lat="59.02950" lon="6.65720"></trkpt>
    <trkpt lat="59.02980" lon="6.65700"></trkpt>
    <trkpt lat="59.03000" lon="6.65690"></trkpt>
    <trkpt lat="59.03030" lon="6.65680"></trkpt>
    <trkpt lat="59.03050" lon="6.65680"></trkpt>
    <trkpt lat="59.03070" lon="6.65680"></trkpt>
    <trkpt lat="59.03090" lon="6.65680"></trkpt>
    <trkpt lat="59.03110" lon="6.65670"></trkpt>
    <trkpt lat="59.03130" lon="6.65660"></trkpt>
    <trkpt lat="59.03160" lon="6.65640"></trkpt>
    <trkpt lat="59.03190" lon="6.65620"></trkpt>
    <trkpt lat="59.03200" lon="6.65590"></trkpt>
    <trkpt lat="59.03210" lon="6.65550"></trkpt>
    <trkpt lat="59.03220" lon="6.65520"></trkpt>
    <trkpt lat="59.03230" lon="6.65490"></trkpt>
    <trkpt lat="59.03240" lon="6.65460"></trkpt>
    <trkpt lat="59.03250" lon="6.65430"></trkpt>
    <trkpt lat="59.03260" lon="6.65400"></trkpt>
    <trkpt lat="59.03270" lon="6.65370"></trkpt>
    <trkpt lat="59.03300" lon="6.65330"></trkpt>
    <trkpt lat="59.03320" lon="6.65310"></trkpt>
    <trkpt lat="59.03340" lon="6.65290"></trkpt>
    <trkpt lat="59.03360" lon="6.65270"></trkpt>
    <trkpt lat="59.03380" lon="6.65260"></trkpt>
    <trkpt lat="59.03410" lon="6.65250"></trkpt>
    <trkpt lat="59.03440" lon="6.65250"></trkpt>
    <trkpt lat="59.03480" lon="6.65250"></trkpt>
    <trkpt lat="59.03500" lon="6.65240"></trkpt>
    <trkpt lat="59.03550" lon="6.65210"></trkpt>
    <trkpt lat="59.03610" lon="6.65180"></trkpt>
    <trkpt lat="59.03630" lon="6.65170"></trkpt>
    <trkpt lat="59.03670" lon="6.65170"></trkpt>
    <trkpt lat="59.03690" lon="6.65160"></trkpt>
    <trkpt lat="59.03710" lon="6.65160"></trkpt>
    <trkpt lat="59.03740" lon="6.65160"></trkpt>
    <trkpt lat="59.03760" lon="6.65150"></trkpt>
    <trkpt lat="59.03790" lon="6.65150"></trkpt>
    <trkpt lat="59.03820" lon="6.65150"></trkpt>
    <trkpt lat="59.03850" lon="6.65150"></trkpt>
    <trkpt lat="59.03870" lon="6.65150"></trkpt>
    <trkpt lat="59.03890" lon="6.65140"></trkpt>
    <trkpt lat="59.03910" lon="6.65120"></trkpt>
    <trkpt lat="59.03930" lon="6.65110"></trkpt>
    <trkpt lat="59.03990" lon="6.65090"></trkpt>
    <trkpt lat="59.04030" lon="6.65100"></trkpt>
    <trkpt lat="59.04050" lon="6.65090"></trkpt>
    <trkpt lat="59.04080" lon="6.65070"></trkpt>
    <trkpt lat="59.04110" lon="6.65020"></trkpt>
    <trkpt lat="59.04130" lon="6.65000"></trkpt>
    <trkpt lat="59.04150" lon="6.64990"></trkpt>
    <trkpt lat="59.04170" lon="6.64980"></trkpt>
    <trkpt lat="59.04200" lon="6.64940"></trkpt>
    <trkpt lat="59.04220" lon="6.64920"></trkpt>
    <trkpt lat="59.04240" lon="6.64910"></trkpt>
    <trkpt lat="59.04260" lon="6.64910"></trkpt>
    <trkpt lat="59.04260" lon="6.64950"></trkpt>
    <trkpt lat="59.04240" lon="6.64960"></trkpt>
    <trkpt lat="59.04220" lon="6.64990"></trkpt>
    <trkpt lat="59.04200" lon="6.65020"></trkpt>
    <trkpt lat="59.04200" lon="6.65060"></trkpt>
    <trkpt lat="59.04220" lon="6.65060"></trkpt>
    <trkpt lat="59.04240" lon="6.65030"></trkpt>
    <trkpt lat="59.04260" lon="6.65010"></trkpt>
    <trkpt lat="59.04290" lon="6.65010"></trkpt>
    <trkpt lat="59.04320" lon="6.65020"></trkpt>
    <trkpt lat="59.04340" lon="6.65020"></trkpt>
    <trkpt lat="59.04370" lon="6.65020"></trkpt>
    <trkpt lat="59.04390" lon="6.65010"></trkpt>
    <trkpt lat="59.04410" lon="6.65000"></trkpt>
    <trkpt lat="59.04440" lon="6.64990"></trkpt>
    <trkpt lat="59.04470" lon="6.64990"></trkpt>
    <trkpt lat="59.04490" lon="6.65000"></trkpt>
    <trkpt lat="59.04510" lon="6.65030"></trkpt>
    <trkpt lat="59.04530" lon="6.65060"></trkpt>
    <trkpt lat="59.04540" lon="6.65090"></trkpt>
    <trkpt lat="59.04550" lon="6.65120"></trkpt>
    <trkpt lat="59.04570" lon="6.65120"></trkpt>
    <trkpt lat="59.04590" lon="6.65140"></trkpt>
    <trkpt lat="59.04590" lon="6.65150"></trkpt>
  </trkseg>
</trk>
<trk>
  <type>walk</type>
  <trkseg>
    <trkpt lat="59.04590" lon="6.65150"><ele>638</ele></trkpt>
    <trkpt lat="59.04570" lon="6.65130"><ele>640</ele></trkpt>
    <trkpt lat="59.04580" lon="6.65090"><ele>641</ele></trkpt>
    <trkpt lat="59.04580" lon="6.65050"><ele>642</ele></trkpt>
    <trkpt lat="59.04590" lon="6.64980"><ele>646</ele></trkpt>
    <trkpt lat="59.04580" lon="6.64950"><ele>651</ele></trkpt>
    <trkpt lat="59.04580" lon="6.64910"><ele>656</ele></trkpt>
    <trkpt lat="59.04580" lon="6.64840"><ele>664</ele></trkpt>
    <trkpt lat="59.04590" lon="6.64800"><ele>662</ele></trkpt>
    <trkpt lat="59.04580" lon="6.64750"><ele>669</ele></trkpt>
    <trkpt lat="59.04570" lon="6.64700"><ele>681</ele></trkpt>
    <trkpt lat="59.04550" lon="6.64690"><ele>689</ele></trkpt>
    <trkpt lat="59.04530" lon="6.64680"><ele>697</ele></trkpt>
    <trkpt lat="59.04510" lon="6.64670"><ele>705</ele></trkpt>
    <trkpt lat="59.04490" lon="6.64660"><ele>719</ele></trkpt>
    <trkpt lat="59.04470" lon="6.64680"><ele>727</ele></trkpt>
    <trkpt lat="59.04440" lon="6.64690"><ele>737</ele></trkpt>
    <trkpt lat="59.04420" lon="6.64690"><ele>740</ele></trkpt>
    <trkpt lat="59.04400" lon="6.64650"><ele>753</ele></trkpt>
    <trkpt lat="59.04410" lon="6.64610"><ele>764</ele></trkpt>
    <trkpt lat="59.04410" lon="6.64570"><ele>770</ele></trkpt>
    <trkpt lat="59.04400" lon="6.64520"><ele>779</ele></trkpt>
    <trkpt lat="59.04390" lon="6.64470"><ele>790</ele></trkpt>
    <trkpt lat="59.04370" lon="6.64450"><ele>795</ele></trkpt>
    <trkpt lat="59.04350" lon="6.64450"><ele>802</ele></trkpt>
    <trkpt lat="59.04330" lon="6.64460"><ele>804</ele></trkpt>
    <trkpt lat="59.04270" lon="6.64480"><ele>807</ele></trkpt>
  </trkseg>
  <trkseg>
    <trkpt lat="59.04270" lon="6.64480"><ele>807</ele></trkpt>
    <trkpt lat="59.04260" lon="6.64450"><ele>803</ele></trkpt>
    <trkpt lat="59.04260" lon="6.64410"><ele>794</ele></trkpt>
    <trkpt lat="59.04240" lon="6.64390"><ele>788</ele></trkpt>
    <trkpt lat="59.04220" lon="6.64390"><ele>784</ele></trkpt>
    <trkpt lat="59.04200" lon="6.64390"><ele>782</ele></trkpt>
    <trkpt lat="59.04170" lon="6.64380"><ele>771</ele></trkpt>
    <trkpt lat="59.04150" lon="6.64380"><ele>763</ele></trkpt>
    <trkpt lat="59.04140" lon="6.64340"><ele>757</ele></trkpt>
    <trkpt lat="59.04120" lon="6.64350"><ele>754</ele></trkpt>
    <trkpt lat="59.04110" lon="6.64300"><ele>751</ele></trkpt>
    <trkpt lat="59.04110" lon="6.64260"><ele>748</ele></trkpt>
    <trkpt lat="59.04100" lon="6.64220"><ele>746</ele></trkpt>
    <trkpt lat="59.04090" lon="6.64190"><ele>744</ele></trkpt>
    <trkpt lat="59.04070" lon="6.64160"><ele>746</ele></trkpt>
    <trkpt lat="59.04070" lon="6.64160"><ele>746</ele></trkpt>
  </trkseg>
  <trkseg>
    <trkpt lat="59.04070" lon="6.64160"><ele>746</ele></trkpt>
    <trkpt lat="59.04060" lon="6.64120"><ele>749</ele></trkpt>
    <trkpt lat="59.04070" lon="6.64080"><ele>753</ele></trkpt>
    <trkpt lat="59.04070" lon="6.64040"><ele>757</ele></trkpt>
    <trkpt lat="59.04090" lon="6.63980"><ele>767</ele></trkpt>
    <trkpt lat="59.04090" lon="6.63940"><ele>772</ele></trkpt>
    <trkpt lat="59.04100" lon="6.63900"><ele>781</ele></trkpt>
    <trkpt lat="59.04100" lon="6.63860"><ele>788</ele></trkpt>
    <trkpt lat="59.04100" lon="6.63820"><ele>794</ele></trkpt>
    <trkpt lat="59.04120" lon="6.63780"><ele>802</ele></trkpt>
    <trkpt lat="59.04130" lon="6.63750"><ele>809</ele></trkpt>
    <trkpt lat="59.04100" lon="6.63710"><ele>818</ele></trkpt>
    <trkpt lat="59.04120" lon="6.63700"><ele>822</ele></trkpt>
    <trkpt lat="59.04110" lon="6.63660"><ele>834</ele></trkpt>
    <trkpt lat="59.04100" lon="6.63630"><ele>840</ele></trkpt>
    <trkpt lat="59.04100" lon="6.63580"><ele>851</ele></trkpt>
    <trkpt lat="59.04110" lon="6.63530"><ele>858</ele></trkpt>
    <trkpt lat="59.04120" lon="6.63470"><ele>864</ele></trkpt>
    <trkpt lat="59.04130" lon="6.63350"><ele>872</ele></trkpt>
    <trkpt lat="59.04130" lon="6.63300"><ele>874</ele></trkpt>
    <trkpt lat="59.04120" lon="6.63220"><ele>874</ele></trkpt>
    <trkpt lat="59.04130" lon="6.63160"><ele>871</ele></trkpt>
    <trkpt lat="59.04120" lon="6.63120"><ele>869</ele></trkpt>
    <trkpt lat="59.04130" lon="6.63090"><ele>865</ele></trkpt>
    <trkpt lat="59.04120" lon="6.63060"><ele>863</ele></trkpt>
    <trkpt lat="59.04110" lon="6.63010"><ele>857</ele></trkpt>
    <trkpt lat="59.04100" lon="6.62970"><ele>850</ele></trkpt>
    <trkpt lat="59.04110" lon="6.62940"><ele>845</ele></trkpt>
    <trkpt lat="59.04110" lon="6.62900"><ele>840</ele></trkpt>
    <trkpt lat="59.04110" lon="6.62890"><ele>839</ele></trkpt>
  </trkseg>
  <trkseg>
    <trkpt lat="59.04110" lon="6.62890"><ele>839</ele></trkpt>
    <trkpt lat="59.04130" lon="6.62870"><ele>841</ele></trkpt>
    <trkpt lat="59.04150" lon="6.62870"><ele>842</ele></trkpt>
    <trkpt lat="59.04180" lon="6.62860"><ele>844</ele></trkpt>
    <trkpt lat="59.04200" lon="6.62860"><ele>844</ele></trkpt>
    <trkpt lat="59.04220" lon="6.62870"><ele>842</ele></trkpt>
    <trkpt lat="59.04240" lon="6.62870"><ele>838</ele></trkpt>
    <trkpt lat="59.04220" lon="6.62780"><ele>858</ele></trkpt>
    <trkpt lat="59.04220" lon="6.62740"><ele>866</ele></trkpt>
    <trkpt lat="59.04200" lon="6.62710"><ele>874</ele></trkpt>
    <trkpt lat="59.04200" lon="6.62660"><ele>888</ele></trkpt>
    <trkpt lat="59.04200" lon="6.62610"><ele>897</ele></trkpt>
    <trkpt lat="59.04210" lon="6.62540"><ele>900</ele></trkpt>
    <trkpt lat="59.04200" lon="6.62500"><ele>913</ele></trkpt>
    <trkpt lat="59.04190" lon="6.62440"><ele>943</ele></trkpt>
    <trkpt lat="59.04180" lon="6.62380"><ele>951</ele></trkpt>
    <trkpt lat="59.04170" lon="6.62350"><ele>955</ele></trkpt>
    <trkpt lat="59.04150" lon="6.62310"><ele>962</ele></trkpt>
    <trkpt lat="59.04100" lon="6.62210"><ele>975</ele></trkpt>
    <trkpt lat="59.04070" lon="6.62170"><ele>980</ele></trkpt>
    <trkpt lat="59.04060" lon="6.62130"><ele>984</ele></trkpt>
    <trkpt lat="59.04030" lon="6.62040"><ele>992</ele></trkpt>
    <trkpt lat="59.04010" lon="6.61990"><ele>995</ele></trkpt>
    <trkpt lat="59.04000" lon="6.61960"><ele>998</ele></trkpt>
    <trkpt lat="59.03990" lon="6.61920"><ele>1001</ele></trkpt>
    <trkpt lat="59.03970" lon="6.61860"><ele>1004</ele></trkpt>
    <trkpt lat="59.03950" lon="6.61780"><ele>1008</ele></trkpt>
    <trkpt lat="59.03930" lon="6.61760"><ele>1008</ele></trkpt>
    <trkpt lat="59.03920" lon="6.61720"><ele>1010</ele></trkpt>
    <trkpt lat="59.03910" lon="6.61670"><ele>1012</ele></trkpt>
    <trkpt lat="59.03900" lon="6.61630"><ele>1012</ele></trkpt>
    <trkpt lat="59.03890" lon="6.61600"><ele>1014</ele></trkpt>
    <trkpt lat="59.03870" lon="6.61560"><ele>1016</ele></trkpt>
    <trkpt lat="59.03860" lon="6.61520"><ele>1017</ele></trkpt>
    <trkpt lat="59.03850" lon="6.61480"><ele>1018</ele></trkpt>
    <trkpt lat="59.03840" lon="6.61430"><ele>1018</ele></trkpt>
    <trkpt lat="59.03830" lon="6.61370"><ele>1018</ele></trkpt>
    <trkpt lat="59.03820" lon="6.61290"><ele>1016</ele></trkpt>
    <trkpt lat="59.03810" lon="6.61260"><ele>1015</ele></trkpt>
    <trkpt lat="59.03790" lon="6.61220"><ele>1014</ele></trkpt>
    <trkpt lat="59.03780" lon="6.61140"><ele>1012</ele></trkpt>
    <trkpt lat="59.03730" lon="6.60940"><ele>1002</ele></trkpt>
    <trkpt lat="59.03730" lon="6.60900"><ele>997</ele></trkpt>
    <trkpt lat="59.03710" lon="6.60840"><ele>995</ele></trkpt>
    <trkpt lat="59.03700" lon="6.60800"><ele>995</ele></trkpt>
    <trkpt lat="59.03690" lon="6.60770"><ele>997</ele></trkpt>
    <trkpt lat="59.03680" lon="6.60720"><ele>994</ele></trkpt>
    <trkpt lat="59.03670" lon="6.60680"><ele>992</ele></trkpt>
    <trkpt lat="59.03650" lon="6.60610"><ele>988</ele></trkpt>
    <trkpt lat="59.03640" lon="6.60580"><ele>988</ele></trkpt>
    <trkpt lat="59.03630" lon="6.60530"><ele>987</ele></trkpt>
    <trkpt lat="59.03600" lon="6.60470"><ele>988</ele></trkpt>
    <trkpt lat="59.03580" lon="6.60430"><ele>986</ele></trkpt>
    <trkpt lat="59.03590" lon="6.60390"><ele>982</ele></trkpt>
    <trkpt lat="59.03570" lon="6.60370"><ele>982</ele></trkpt>
    <trkpt lat="59.03550" lon="6.60350"><ele>985</ele></trkpt>
    <trkpt lat="59.03540" lon="6.60320"><ele>985</ele></trkpt>
    <trkpt lat="59.03520" lon="6.60280"><ele>985</ele></trkpt>
    <trkpt lat="59.03510" lon="6.60250"><ele>985</ele></trkpt>
    <trkpt lat="59.03470" lon="6.60180"><ele>984</ele></trkpt>
    <trkpt lat="59.03450" lon="6.60120"><ele>982</ele></trkpt>
    <trkpt lat="59.03430" lon="6.60100"><ele>985</ele></trkpt>
    <trkpt lat="59.03430" lon="6.60060"><ele>986</ele></trkpt>
    <trkpt lat="59.03420" lon="6.60000"><ele>991</ele></trkpt>
    <trkpt lat="59.03410" lon="6.59910"><ele>994</ele></trkpt>
    <trkpt lat="59.03410" lon="6.59870"><ele>993</ele></trkpt>
    <trkpt lat="59.03410" lon="6.59810"><ele>993</ele></trkpt>
    <trkpt lat="59.03410" lon="6.59770"><ele>995</ele></trkpt>
    <trkpt lat="59.03390" lon="6.59720"><ele>997</ele></trkpt>
    <trkpt lat="59.03400" lon="6.59690"><ele>997</ele></trkpt>
    <trkpt lat="59.03400" lon="6.59640"><ele>997</ele></trkpt>
    <trkpt lat="59.03390" lon="6.59590"><ele>998</ele></trkpt>
    <trkpt lat="59.03380" lon="6.59560"><ele>999</ele></trkpt>
    <trkpt lat="59.03350" lon="6.59510"><ele>1001</ele></trkpt>
    <trkpt lat="59.03350" lon="6.59420"><ele>1000</ele></trkpt>
    <trkpt lat="59.03360" lon="6.59380"><ele>996</ele></trkpt>
    <trkpt lat="59.03360" lon="6.59340"><ele>992</ele></trkpt>
    <trkpt lat="59.03360" lon="6.59300"><ele>990</ele></trkpt>
  </trkseg>
</trk>
</gpx>