<?xml version="1.0" encoding="UTF-8"?>
<gpx version="1.1" creator="Linz-Optimizer-v8" xmlns="http://www.topografix.com/GPX/1/1">
<trk>
  <name>Rodal-Preikestolen</name>
  <type>drive</type>
  <trkseg>
    <trkpt lat="59.83010" lon="6.81340"></trkpt>
    <trkpt lat="59.83040" lon="6.81270"></trkpt>
    <trkpt lat="59.83080" lon="6.81190"></trkpt>
    <trkpt lat="59.83140" lon="6.81240"></trkpt>
    <trkpt lat="59.83200" lon="6.81330"></trkpt>
    <trkpt lat="59.83260" lon="6.81400"></trkpt>
    <trkpt lat="59.83310" lon="6.81440"></trkpt>
    <trkpt lat="59.83300" lon="6.81350"></trkpt>
    <trkpt lat="59.83250" lon="6.81290"></trkpt>
    <trkpt lat="59.83190" lon="6.81230"></trkpt>
    <trkpt lat="59.83150" lon="6.81170"></trkpt>
    <trkpt lat="59.83120" lon="6.81070"></trkpt>
    <trkpt lat="59.83090" lon="6.80990"></trkpt>
    <trkpt lat="59.83050" lon="6.80920"></trkpt>
    <trkpt lat="59.83020" lon="6.80850"></trkpt>
    <trkpt lat="59.82960" lon="6.80750"></trkpt>
    <trkpt lat="59.82930" lon="6.80680"></trkpt>
    <trkpt lat="59.82890" lon="6.80600"></trkpt>
    <trkpt lat="59.82850" lon="6.80490"></trkpt>
    <trkpt lat="59.82800" lon="6.80400"></trkpt>
    <trkpt lat="59.82770" lon="6.80320"></trkpt>
    <trkpt lat="59.82740" lon="6.80250"></trkpt>
    <trkpt lat="59.82690" lon="6.80180"></trkpt>
    <trkpt lat="59.82650" lon="6.80090"></trkpt>
    <trkpt lat="59.82620" lon="6.80000"></trkpt>
    <trkpt lat="59.82610" lon="6.79900"></trkpt>
    <trkpt lat="59.82590" lon="6.79800"></trkpt>
    <trkpt lat="59.82570" lon="6.79700"></trkpt>
    <trkpt lat="59.82530" lon="6.79620"></trkpt>
    <trkpt lat="59.82480" lon="6.79560"></trkpt>
    <trkpt lat="59.82430" lon="6.79520"></trkpt>
    <trkpt lat="59.82350" lon="6.79460"></trkpt>
    <trkpt lat="59.82310" lon="6.79410"></trkpt>
    <trkpt lat="59.82250" lon="6.79320"></trkpt>
    <trkpt lat="59.82200" lon="6.79240"></trkpt>
    <trkpt lat="59.82160" lon="6.79170"></trkpt>
    <trkpt lat="59.82120" lon="6.79110"></trkpt>
    <trkpt lat="59.82070" lon="6.79030"></trkpt>
    <trkpt lat="59.82030" lon="6.78980"></trkpt>
    <trkpt lat="59.81960" lon="6.78920"></trkpt>
    <trkpt lat="59.81880" lon="6.78830"></trkpt>
    <trkpt lat="59.81830" lon="6.78790"></trkpt>
    <trkpt lat="59.81790" lon="6.78720"></trkpt>
    <trkpt lat="59.81790" lon="6.78580"></trkpt>
    <trkpt lat="59.81800" lon="6.78490"></trkpt>
    <trkpt lat="59.81790" lon="6.78400"></trkpt>
    <trkpt lat="59.81760" lon="6.78310"></trkpt>
    <trkpt lat="59.81630" lon="6.78060"></trkpt>
    <trkpt lat="59.81600" lon="6.77980"></trkpt>
    <trkpt lat="59.81540" lon="6.77900"></trkpt>
    <trkpt lat="59.81510" lon="6.77790"></trkpt>
    <trkpt lat="59.81480" lon="6.77700"></trkpt>
    <trkpt lat="59.81450" lon="6.77570"></trkpt>
    <trkpt lat="59.81410" lon="6.77450"></trkpt>
    <trkpt lat="59.81380" lon="6.77360"></trkpt>
    <trkpt lat="59.81330" lon="6.77320"></trkpt>
    <trkpt lat="59.81270" lon="6.77280"></trkpt>
    <trkpt lat="59.81200" lon="6.77260"></trkpt>
    <trkpt lat="59.81130" lon="6.77260"></trkpt>
    <trkpt lat="59.81080" lon="6.77240"></trkpt>
    <trkpt lat="59.81030" lon="6.77250"></trkpt>
    <trkpt lat="59.80980" lon="6.77270"></trkpt>
    <trkpt lat="59.80920" lon="6.77220"></trkpt>
    <trkpt lat="59.80860" lon="6.77250"></trkpt>
    <trkpt lat="59.80800" lon="6.77270"></trkpt>
    <trkpt lat="59.80730" lon="6.77170"></trkpt>
    <trkpt lat="59.80680" lon="6.77110"></trkpt>
    <trkpt lat="59.80630" lon="6.77090"></trkpt>
    <trkpt lat="59.80560" lon="6.77060"></trkpt>
    <trkpt lat="59.80500" lon="6.77030"></trkpt>
    <trkpt lat="59.80440" lon="6.77020"></trkpt>
    <trkpt lat="59.80380" lon="6.77040"></trkpt>
    <trkpt lat="59.80330" lon="6.77030"></trkpt>
    <trkpt lat="59.80280" lon="6.77010"></trkpt>
    <trkpt lat="59.80230" lon="6.76990"></trkpt>
    <trkpt lat="59.80170" lon="6.77000"></trkpt>
    <trkpt lat="59.80110" lon="6.77050"></trkpt>
    <trkpt lat="59.80050" lon="6.77070"></trkpt>
    <trkpt lat="59.80000" lon="6.77060"></trkpt>
    <trkpt lat="59.79930" lon="6.77070"></trkpt>
    <trkpt lat="59.79880" lon="6.77040"></trkpt>
    <trkpt lat="59.79850" lon="6.76950"></trkpt>
    <trkpt lat="59.79800" lon="6.76850"></trkpt>
    <trkpt lat="59.79730" lon="6.76790"></trkpt>
    <trkpt lat="59.79670" lon="6.76780"></trkpt>
    <trkpt lat="59.79610" lon="6.76760"></trkpt>
    <trkpt lat="59.79550" lon="6.76770"></trkpt>
    <trkpt lat="59.79500" lon="6.76790"></trkpt>
    <trkpt lat="59.79440" lon="6.76750"></trkpt>
    <trkpt lat="59.79380" lon="6.76730"></trkpt>
    <trkpt lat="59.79320" lon="6.76760"></trkpt>
    <trkpt lat="59.79270" lon="6.76780"></trkpt>
    <trkpt lat="59.79220" lon="6.76770"></trkpt>
    <trkpt lat="59.79170" lon="6.76760"></trkpt>
    <trkpt lat="59.79080" lon="6.76810"></trkpt>
    <trkpt lat="59.79020" lon="6.76850"></trkpt>
    <trkpt lat="59.78940" lon="6.76900"></trkpt>
    <trkpt lat="59.78890" lon="6.76930"></trkpt>
    <trkpt lat="59.78750" lon="6.77020"></trkpt>
    <trkpt lat="59.78670" lon="6.77070"></trkpt>
    <trkpt lat="59.78590" lon="6.77110"></trkpt>
    <trkpt lat="59.78540" lon="6.77130"></trkpt>
    <trkpt lat="59.78480" lon="6.77120"></trkpt>
    <trkpt lat="59.78430" lon="6.77090"></trkpt>
    <trkpt lat="59.78270" lon="6.77050"></trkpt>
    <trkpt lat="59.78220" lon="6.77080"></trkpt>
    <trkpt lat="59.78170" lon="6.77140"></trkpt>
    <trkpt lat="59.78120" lon="6.77160"></trkpt>
    <trkpt lat="59.78060" lon="6.77220"></trkpt>
    <trkpt lat="59.78010" lon="6.77240"></trkpt>
    <trkpt lat="59.77960" lon="6.77290"></trkpt>
    <trkpt lat="59.77880" lon="6.77360"></trkpt>
    <trkpt lat="59.77770" lon="6.77440"></trkpt>
    <trkpt lat="59.77700" lon="6.77490"></trkpt>
    <trkpt lat="59.77660" lon="6.77540"></trkpt>
    <trkpt lat="59.77590" lon="6.77590"></trkpt>
    <trkpt lat="59.77520" lon="6.77660"></trkpt>
    <trkpt lat="59.77410" lon="6.77740"></trkpt>
    <trkpt lat="59.77350" lon="6.77770"></trkpt>
    <trkpt lat="59.77290" lon="6.77820"></trkpt>
    <trkpt lat="59.77230" lon="6.77830"></trkpt>
    <trkpt lat="59.77170" lon="6.77820"></trkpt>
    <trkpt lat="59.77120" lon="6.77800"></trkpt>
    <trkpt lat="59.77070" lon="6.77810"></trkpt>
    <trkpt lat="59.76990" lon="6.77910"></trkpt>
    <trkpt lat="59.76940" lon="6.77980"></trkpt>
    <trkpt lat="59.76900" lon="6.78040"></trkpt>
    <trkpt lat="59.76780" lon="6.78130"></trkpt>
    <trkpt lat="59.76730" lon="6.78200"></trkpt>
    <trkpt lat="59.76680" lon="6.78270"></trkpt>
    <trkpt lat="59.76640" lon="6.78330"></trkpt>
    <trkpt lat="59.76590" lon="6.78380"></trkpt>
    <trkpt lat="59.76540" lon="6.78420"></trkpt>
    <trkpt lat="59.76490" lon="6.78460"></trkpt>
    <trkpt lat="59.76430" lon="6.78490"></trkpt>
    <trkpt lat="59.76380" lon="6.78490"></trkpt>
    <trkpt lat="59.76330" lon="6.78450"></trkpt>
    <trkpt lat="59.76260" lon="6.78450"></trkpt>
    <trkpt lat="59.76200" lon="6.78460"></trkpt>
    <trkpt lat="59.76120" lon="6.78520"></trkpt>
    <trkpt lat="59.76070" lon="6.78550"></trkpt>
    <trkpt lat="59.76000" lon="6.78600"></trkpt>
    <trkpt lat="59.75950" lon="6.78650"></trkpt>
    <trkpt lat="59.75910" lon="6.78720"></trkpt>
    <trkpt lat="59.75870" lon="6.78660"></trkpt>
    <trkpt lat="59.75820" lon="6.78640"></trkpt>
    <trkpt lat="59.75730" lon="6.78710"></trkpt>
    <trkpt lat="59.75640" lon="6.78750"></trkpt>
    <trkpt lat="59.75590" lon="6.78780"></trkpt>
    <trkpt lat="59.75490" lon="6.78900"></trkpt>
    <trkpt lat="59.75430" lon="6.78940"></trkpt>
    <trkpt lat="59.75380" lon="6.78920"></trkpt>
    <trkpt lat="59.75320" lon="6.78930"></trkpt>
    <trkpt lat="59.75280" lon="6.78980"></trkpt>
    <trkpt lat="59.75230" lon="6.78970"></trkpt>
    <trkpt lat="59.75190" lon="6.78910"></trkpt>
    <trkpt lat="59.75150" lon="6.78860"></trkpt>
    <trkpt lat="59.75100" lon="6.78790"></trkpt>
    <trkpt lat="59.75060" lon="6.78730"></trkpt>
    <trkpt lat="59.75070" lon="6.78610"></trkpt>
    <trkpt lat="59.75100" lon="6.78520"></trkpt>
    <trkpt lat="59.75140" lon="6.78430"></trkpt>
    <trkpt lat="59.75170" lon="6.78320"></trkpt>
    <trkpt lat="59.75170" lon="6.78220"></trkpt>
    <trkpt lat="59.75140" lon="6.78050"></trkpt>
    <trkpt lat="59.75110" lon="6.77850"></trkpt>
    <trkpt lat="59.75080" lon="6.77750"></trkpt>
    <trkpt lat="59.75040" lon="6.77650"></trkpt>
    <trkpt lat="59.74990" lon="6.77570"></trkpt>
    <trkpt lat="59.74930" lon="6.77500"></trkpt>
    <trkpt lat="59.74810" lon="6.77360"></trkpt>
    <trkpt lat="59.74740" lon="6.77270"></trkpt>
    <trkpt lat="59.74700" lon="6.77220"></trkpt>
    <trkpt lat="59.74660" lon="6.77160"></trkpt>
    <trkpt lat="59.74600" lon="6.77040"></trkpt>
    <trkpt lat="59.74560" lon="6.76980"></trkpt>
    <trkpt lat="59.74520" lon="6.76930"></trkpt>
    <trkpt lat="59.74470" lon="6.76890"></trkpt>
    <trkpt lat="59.74430" lon="6.76800"></trkpt>
    <trkpt lat="59.74390" lon="6.76740"></trkpt>
    <trkpt lat="59.74320" lon="6.76620"></trkpt>
    <trkpt lat="59.74280" lon="6.76540"></trkpt>
    <trkpt lat="59.74240" lon="6.76470"></trkpt>
    <trkpt lat="59.74190" lon="6.76400"></trkpt>
    <trkpt lat="59.74150" lon="6.76340"></trkpt>
    <trkpt lat="59.74090" lon="6.76290"></trkpt>
    <trkpt lat="59.74050" lon="6.76220"></trkpt>
    <trkpt lat="59.73980" lon="6.76140"></trkpt>
    <trkpt lat="59.73930" lon="6.76070"></trkpt>
    <trkpt lat="59.73880" lon="6.75990"></trkpt>
    <trkpt lat="59.73840" lon="6.75940"></trkpt>
    <trkpt lat="59.73780" lon="6.75880"></trkpt>
    <trkpt lat="59.73750" lon="6.75810"></trkpt>
    <trkpt lat="59.73710" lon="6.75710"></trkpt>
    <trkpt lat="59.73680" lon="6.75600"></trkpt>
    <trkpt lat="59.73660" lon="6.75500"></trkpt>
    <trkpt lat="59.73670" lon="6.75410"></trkpt>
    <trkpt lat="59.73690" lon="6.75320"></trkpt>
    <trkpt lat="59.73680" lon="6.75200"></trkpt>
    <trkpt lat="59.73640" lon="6.75050"></trkpt>
    <trkpt lat="59.73610" lon="6.74970"></trkpt>
    <trkpt lat="59.73570" lon="6.74880"></trkpt>
    <trkpt lat="59.73520" lon="6.74820"></trkpt>
    <trkpt lat="59.73470" lon="6.74790"></trkpt>
    <trkpt lat="59.73420" lon="6.74810"></trkpt>
    <trkpt lat="59.73370" lon="6.74750"></trkpt>
    <trkpt lat="59.73330" lon="6.74680"></trkpt>
    <trkpt lat="59.73300" lon="6.74610"></trkpt>
    <trkpt lat="59.73250" lon="6.74550"></trkpt>
    <trkpt lat="59.73200" lon="6.74510"></trkpt>
    <trkpt lat="59.73140" lon="6.74470"></trkpt>
    <trkpt lat="59.73120" lon="6.74350"></trkpt>
    <trkpt lat="59.73100" lon="6.74270"></trkpt>
    <trkpt lat="59.73020" lon="6.74160"></trkpt>
    <trkpt lat="59.72960" lon="6.74110"></trkpt>
    <trkpt lat="59.72910" lon="6.74090"></trkpt>
    <trkpt lat="59.72860" lon="6.74090"></trkpt>
    <trkpt lat="59.72800" lon="6.74120"></trkpt>
    <trkpt lat="59.72750" lon="6.74120"></trkpt>
    <trkpt lat="59.72730" lon="6.74030"></trkpt>
    <trkpt lat="59.72740" lon="6.73940"></trkpt>
    <trkpt lat="59.72700" lon="6.73850"></trkpt>
    <trkpt lat="59.72670" lon="6.73760"></trkpt>
    <trkpt lat="59.72630" lon="6.73680"></trkpt>
    <trkpt lat="59.72600" lon="6.73600"></trkpt>
    <trkpt lat="59.72580" lon="6.73500"></trkpt>
    <trkpt lat="59.72550" lon="6.73430"></trkpt>
    <trkpt lat="59.72540" lon="6.73340"></trkpt>
    <trkpt lat="59.72540" lon="6.73240"></trkpt>
    <trkpt lat="59.72530" lon="6.73150"></trkpt>
    <trkpt lat="59.72510" lon="6.73070"></trkpt>
    <trkpt lat="59.72480" lon="6.73000"></trkpt>
    <trkpt lat="59.72450" lon="6.72930"></trkpt>
    <trkpt lat="59.72370" lon="6.72840"></trkpt>
    <trkpt lat="59.72300" lon="6.72750"></trkpt>
    <trkpt lat="59.72240" lon="6.72710"></trkpt>
    <trkpt lat="59.72190" lon="6.72700"></trkpt>
    <trkpt lat="59.72140" lon="6.72700"></trkpt>
    <trkpt lat="59.72090" lon="6.72720"></trkpt>
    <trkpt lat="59.72030" lon="6.72820"></trkpt>
    <trkpt lat="59.71990" lon="6.72890"></trkpt>
    <trkpt lat="59.71930" lon="6.72910"></trkpt>
    <trkpt lat="59.71870" lon="6.72930"></trkpt>
    <trkpt lat="59.71790" lon="6.73030"></trkpt>
    <trkpt lat="59.71750" lon="6.73080"></trkpt>
    <trkpt lat="59.71710" lon="6.73140"></trkpt>
    <trkpt lat="59.71640" lon="6.73220"></trkpt>
    <trkpt lat="59.71600" lon="6.73280"></trkpt>
    <trkpt lat="59.71550" lon="6.73320"></trkpt>
    <trkpt lat="59.71470" lon="6.73310"></trkpt>
    <trkpt lat="59.71420" lon="6.73290"></trkpt>
    <trkpt lat="59.71370" lon="6.73270"></trkpt>
    <trkpt lat="59.71300" lon="6.73330"></trkpt>
    <trkpt lat="59.71250" lon="6.73360"></trkpt>
    <trkpt lat="59.71210" lon="6.73450"></trkpt>
    <trkpt lat="59.71190" lon="6.73530"></trkpt>
    <trkpt lat="59.71170" lon="6.73630"></trkpt>
    <trkpt lat="59.71130" lon="6.73700"></trkpt>
    <trkpt lat="59.71100" lon="6.73770"></trkpt>
    <trkpt lat="59.71040" lon="6.73830"></trkpt>
    <trkpt lat="59.70990" lon="6.73920"></trkpt>
    <trkpt lat="59.70900" lon="6.74070"></trkpt>
    <trkpt lat="59.70850" lon="6.74150"></trkpt>
    <trkpt lat="59.70780" lon="6.74190"></trkpt>
    <trkpt lat="59.70730" lon="6.74200"></trkpt>
    <trkpt lat="59.70680" lon="6.74120"></trkpt>
    <trkpt lat="59.70630" lon="6.74080"></trkpt>
    <trkpt lat="59.70560" lon="6.74090"></trkpt>
    <trkpt lat="59.70510" lon="6.74070"></trkpt>
    <trkpt lat="59.70430" lon="6.74000"></trkpt>
    <trkpt lat="59.70320" lon="6.73960"></trkpt>
    <trkpt lat="59.70270" lon="6.73950"></trkpt>
    <trkpt lat="59.70050" lon="6.73990"></trkpt>
    <trkpt lat="59.70000" lon="6.74010"></trkpt>
    <trkpt lat="59.69940" lon="6.74060"></trkpt>
    <trkpt lat="59.69850" lon="6.74180"></trkpt>
    <trkpt lat="59.69800" lon="6.74230"></trkpt>
    <trkpt lat="59.69750" lon="6.74260"></trkpt>
    <trkpt lat="59.69710" lon="6.74330"></trkpt>
    <trkpt lat="59.69670" lon="6.74390"></trkpt>
    <trkpt lat="59.69620" lon="6.74420"></trkpt>
    <trkpt lat="59.69580" lon="6.74470"></trkpt>
    <trkpt lat="59.69510" lon="6.74580"></trkpt>
    <trkpt lat="59.69470" lon="6.74630"></trkpt>
    <trkpt lat="59.69420" lon="6.74660"></trkpt>
    <trkpt lat="59.69390" lon="6.74730"></trkpt>
    <trkpt lat="59.69350" lon="6.74880"></trkpt>
    <trkpt lat="59.69320" lon="6.74990"></trkpt>
    <trkpt lat="59.69280" lon="6.75080"></trkpt>
    <trkpt lat="59.69230" lon="6.75170"></trkpt>
    <trkpt lat="59.69180" lon="6.75260"></trkpt>
    <trkpt lat="59.69140" lon="6.75320"></trkpt>
    <trkpt lat="59.69100" lon="6.75390"></trkpt>
    <trkpt lat="59.69050" lon="6.75450"></trkpt>
    <trkpt lat="59.68970" lon="6.75540"></trkpt>
    <trkpt lat="59.68920" lon="6.75590"></trkpt>
    <trkpt lat="59.68890" lon="6.75660"></trkpt>
    <trkpt lat="59.68860" lon="6.75770"></trkpt>
    <trkpt lat="59.68830" lon="6.75870"></trkpt>
    <trkpt lat="59.68800" lon="6.75950"></trkpt>
    <trkpt lat="59.68750" lon="6.75990"></trkpt>
    <trkpt lat="59.68690" lon="6.76000"></trkpt>
    <trkpt lat="59.68620" lon="6.75980"></trkpt>
    <trkpt lat="59.68540" lon="6.75950"></trkpt>
    <trkpt lat="59.68460" lon="6.75910"></trkpt>
    <trkpt lat="59.68400" lon="6.75860"></trkpt>
    <trkpt lat="59.68350" lon="6.75840"></trkpt>
    <trkpt lat="59.68300" lon="6.75840"></trkpt>
    <trkpt lat="59.68250" lon="6.75860"></trkpt>
    <trkpt lat="59.68200" lon="6.75860"></trkpt>
    <trkpt lat="59.68090" lon="6.75750"></trkpt>
    <trkpt lat="59.68040" lon="6.75720"></trkpt>
    <trkpt lat="59.67980" lon="6.75740"></trkpt>
    <trkpt lat="59.67930" lon="6.75770"></trkpt>
    <trkpt lat="59.67870" lon="6.75800"></trkpt>
    <trkpt lat="59.67770" lon="6.75900"></trkpt>
    <trkpt lat="59.67710" lon="6.75970"></trkpt>
    <trkpt lat="59.67650" lon="6.76020"></trkpt>
    <trkpt lat="59.67600" lon="6.76050"></trkpt>
    <trkpt lat="59.67550" lon="6.76100"></trkpt>
    <trkpt lat="59.67450" lon="6.76240"></trkpt>
    <trkpt lat="59.67410" lon="6.76300"></trkpt>
    <trkpt lat="59.67360" lon="6.76350"></trkpt>
    <trkpt lat="59.67310" lon="6.76390"></trkpt>
    <trkpt lat="59.67260" lon="6.76390"></trkpt>
    <trkpt lat="59.67210" lon="6.76370"></trkpt>
    <trkpt lat="59.67160" lon="6.76370"></trkpt>
    <trkpt lat="59.67090" lon="6.76460"></trkpt>
    <trkpt lat="59.67040" lon="6.76520"></trkpt>
    <trkpt lat="59.67000" lon="6.76580"></trkpt>
    <trkpt lat="59.66950" lon="6.76690"></trkpt>
    <trkpt lat="59.66920" lon="6.76760"></trkpt>
    <trkpt lat="59.66870" lon="6.76790"></trkpt>
    <trkpt lat="59.66820" lon="6.76790"></trkpt>
    <trkpt lat="59.66770" lon="6.76820"></trkpt>
    <trkpt lat="59.66720" lon="6.76910"></trkpt>
    <trkpt lat="59.66680" lon="6.76960"></trkpt>
    <trkpt lat="59.66620" lon="6.76990"></trkpt>
    <trkpt lat="59.66570" lon="6.77020"></trkpt>
    <trkpt lat="59.66500" lon="6.77180"></trkpt>
    <trkpt lat="59.66470" lon="6.77250"></trkpt>
    <trkpt lat="59.66460" lon="6.77380"></trkpt>
    <trkpt lat="59.66440" lon="6.77460"></trkpt>
    <trkpt lat="59.66400" lon="6.77540"></trkpt>
    <trkpt lat="59.66310" lon="6.77640"></trkpt>
    <trkpt lat="59.66270" lon="6.77710"></trkpt>
    <trkpt lat="59.66240" lon="6.77790"></trkpt>
    <trkpt lat="59.66210" lon="6.77960"></trkpt>
    <trkpt lat="59.66190" lon="6.78040"></trkpt>
    <trkpt lat="59.66160" lon="6.78110"></trkpt>
    <trkpt lat="59.66100" lon="6.78150"></trkpt>
    <trkpt lat="59.66050" lon="6.78150"></trkpt>
    <trkpt lat="59.66000" lon="6.78160"></trkpt>
    <trkpt lat="59.65940" lon="6.78180"></trkpt>
    <trkpt lat="59.65890" lon="6.78210"></trkpt>
    <trkpt lat="59.65850" lon="6.78260"></trkpt>
    <trkpt lat="59.65820" lon="6.78340"></trkpt>
    <trkpt lat="59.65800" lon="6.78450"></trkpt>
    <trkpt lat="59.65790" lon="6.78540"></trkpt>
    <trkpt lat="59.65760" lon="6.78620"></trkpt>
    <trkpt lat="59.65710" lon="6.78680"></trkpt>
    <trkpt lat="59.65610" lon="6.78760"></trkpt>
    <trkpt lat="59.65510" lon="6.78840"></trkpt>
    <trkpt lat="59.65460" lon="6.78870"></trkpt>
    <trkpt lat="59.65420" lon="6.78930"></trkpt>
    <trkpt lat="59.65380" lon="6.78990"></trkpt>
    <trkpt lat="59.65350" lon="6.79080"></trkpt>
    <trkpt lat="59.65310" lon="6.79160"></trkpt>
    <trkpt lat="59.65260" lon="6.79230"></trkpt>
    <trkpt lat="59.65220" lon="6.79310"></trkpt>
    <trkpt lat="59.65200" lon="6.79400"></trkpt>
    <trkpt lat="59.65170" lon="6.79480"></trkpt>
    <trkpt lat="59.65120" lon="6.79570"></trkpt>
    <trkpt lat="59.65080" lon="6.79650"></trkpt>
    <trkpt lat="59.65040" lon="6.79710"></trkpt>
    <trkpt lat="59.64990" lon="6.79780"></trkpt>
    <trkpt lat="59.64940" lon="6.79810"></trkpt>
    <trkpt lat="59.64890" lon="6.79810"></trkpt>
    <trkpt lat="59.64830" lon="6.79780"></trkpt>
    <trkpt lat="59.64780" lon="6.79710"></trkpt>
    <trkpt lat="59.64750" lon="6.79630"></trkpt>
    <trkpt lat="59.64700" lon="6.79540"></trkpt>
    <trkpt lat="59.64660" lon="6.79480"></trkpt>
    <trkpt lat="59.64580" lon="6.79400"></trkpt>
    <trkpt lat="59.64520" lon="6.79340"></trkpt>
    <trkpt lat="59.64480" lon="6.79280"></trkpt>
    <trkpt lat="59.64450" lon="6.79190"></trkpt>
    <trkpt lat="59.64420" lon="6.79110"></trkpt>
    <trkpt lat="59.64410" lon="6.79010"></trkpt>
    <trkpt lat="59.64390" lon="6.78880"></trkpt>
    <trkpt lat="59.64380" lon="6.78770"></trkpt>
    <trkpt lat="59.64360" lon="6.78680"></trkpt>
    <trkpt lat="59.64330" lon="6.78590"></trkpt>
    <trkpt lat="59.64290" lon="6.78520"></trkpt>
    <trkpt lat="59.64250" lon="6.78460"></trkpt>
    <trkpt lat="59.64170" lon="6.78400"></trkpt>
    <trkpt lat="59.64120" lon="6.78360"></trkpt>
    <trkpt lat="59.64070" lon="6.78320"></trkpt>
    <trkpt lat="59.64030" lon="6.78240"></trkpt>
    <trkpt lat="59.63990" lon="6.78160"></trkpt>
    <trkpt lat="59.63960" lon="6.78070"></trkpt>
    <trkpt lat="59.63940" lon="6.77950"></trkpt>
    <trkpt lat="59.63930" lon="6.77820"></trkpt>
    <trkpt lat="59.63920" lon="6.77730"></trkpt>
    <trkpt lat="59.63900" lon="6.77650"></trkpt>
    <trkpt lat="59.63880" lon="6.77560"></trkpt>
    <trkpt lat="59.63850" lon="6.77470"></trkpt>
    <trkpt lat="59.63820" lon="6.77400"></trkpt>
    <trkpt lat="59.63780" lon="6.77320"></trkpt>
    <trkpt lat="59.63740" lon="6.77260"></trkpt>
    <trkpt lat="59.63680" lon="6.77200"></trkpt>
    <trkpt lat="59.63620" lon="6.77160"></trkpt>
    <trkpt lat="59.63570" lon="6.77140"></trkpt>
    <trkpt lat="59.63520" lon="6.77140"></trkpt>
    <trkpt lat="59.63470" lon="6.77150"></trkpt>
    <trkpt lat="59.63420" lon="6.77180"></trkpt>
    <trkpt lat="59.63320" lon="6.77260"></trkpt>
    <trkpt lat="59.63270" lon="6.77290"></trkpt>
    <trkpt lat="59.63220" lon="6.77320"></trkpt>
    <trkpt lat="59.63170" lon="6.77370"></trkpt>
    <trkpt lat="59.63130" lon="6.77440"></trkpt>
    <trkpt lat="59.63090" lon="6.77500"></trkpt>
    <trkpt lat="59.63060" lon="6.77590"></trkpt>
    <trkpt lat="59.63030" lon="6.77660"></trkpt>
    <trkpt lat="59.63000" lon="6.77730"></trkpt>
    <trkpt lat="59.62960" lon="6.77810"></trkpt>
    <trkpt lat="59.62910" lon="6.77860"></trkpt>
    <trkpt lat="59.62850" lon="6.77910"></trkpt>
    <trkpt lat="59.62780" lon="6.77950"></trkpt>
    <trkpt lat="59.62710" lon="6.77960"></trkpt>
    <trkpt lat="59.62630" lon="6.77950"></trkpt>
    <trkpt lat="59.62490" lon="6.77920"></trkpt>
    <trkpt lat="59.62400" lon="6.77900"></trkpt>
    <trkpt lat="59.62350" lon="6.77900"></trkpt>
    <trkpt lat="59.62280" lon="6.77860"></trkpt>
    <trkpt lat="59.62230" lon="6.77820"></trkpt>
    <trkpt lat="59.62190" lon="6.77770"></trkpt>
    <trkpt lat="59.62150" lon="6.77720"></trkpt>
    <trkpt lat="59.62100" lon="6.77680"></trkpt>
    <trkpt lat="59.62050" lon="6.77690"></trkpt>
    <trkpt lat="59.61950" lon="6.77740"></trkpt>
    <trkpt lat="59.61900" lon="6.77750"></trkpt>
    <trkpt lat="59.61840" lon="6.77720"></trkpt>
    <trkpt lat="59.61790" lon="6.77660"></trkpt>
    <trkpt lat="59.61700" lon="6.77520"></trkpt>
    <trkpt lat="59.61660" lon="6.77450"></trkpt>
    <trkpt lat="59.61610" lon="6.77400"></trkpt>
    <trkpt lat="59.61480" lon="6.77330"></trkpt>
    <trkpt lat="59.61380" lon="6.77280"></trkpt>
    <trkpt lat="59.61300" lon="6.77240"></trkpt>
    <trkpt lat="59.61240" lon="6.77210"></trkpt>
    <trkpt lat="59.61170" lon="6.77170"></trkpt>
    <trkpt lat="59.61100" lon="6.77140"></trkpt>
    <trkpt lat="59.60920" lon="6.77050"></trkpt>
    <trkpt lat="59.60860" lon="6.77020"></trkpt>
    <trkpt lat="59.60810" lon="6.76990"></trkpt>
    <trkpt lat="59.60750" lon="6.76930"></trkpt>
    <trkpt lat="59.60710" lon="6.76880"></trkpt>
    <trkpt lat="59.60670" lon="6.76800"></trkpt>
    <trkpt lat="59.60630" lon="6.76720"></trkpt>
    <trkpt lat="59.60600" lon="6.76650"></trkpt>
    <trkpt lat="59.60550" lon="6.76580"></trkpt>
    <trkpt lat="59.60510" lon="6.76530"></trkpt>
    <trkpt lat="59.60460" lon="6.76490"></trkpt>
    <trkpt lat="59.60410" lon="6.76450"></trkpt>
    <trkpt lat="59.60360" lon="6.76400"></trkpt>
    <trkpt lat="59.60310" lon="6.76340"></trkpt>
    <trkpt lat="59.60260" lon="6.76300"></trkpt>
    <trkpt lat="59.60210" lon="6.76270"></trkpt>
    <trkpt lat="59.60150" lon="6.76210"></trkpt>
    <trkpt lat="59.60110" lon="6.76150"></trkpt>
    <trkpt lat="59.60070" lon="6.76080"></trkpt>
    <trkpt lat="59.60040" lon="6.75970"></trkpt>
    <trkpt lat="59.60000" lon="6.75710"></trkpt>
    <trkpt lat="59.59980" lon="6.75610"></trkpt>
    <trkpt lat="59.59960" lon="6.75530"></trkpt>
    <trkpt lat="59.59940" lon="6.75430"></trkpt>
    <trkpt lat="59.59930" lon="6.75320"></trkpt>
    <trkpt lat="59.59940" lon="6.75220"></trkpt>
    <trkpt lat="59.59950" lon="6.75130"></trkpt>
    <trkpt lat="59.59970" lon="6.75040"></trkpt>
    <trkpt lat="59.59990" lon="6.74960"></trkpt>
    <trkpt lat="59.60020" lon="6.74890"></trkpt>
    <trkpt lat="59.60060" lon="6.74820"></trkpt>
    <trkpt lat="59.60100" lon="6.74730"></trkpt>
    <trkpt lat="59.60130" lon="6.74640"></trkpt>
    <trkpt lat="59.60150" lon="6.74550"></trkpt>
    <trkpt lat="59.60160" lon="6.74440"></trkpt>
    <trkpt lat="59.60170" lon="6.74340"></trkpt>
    <trkpt lat="59.60160" lon="6.74230"></trkpt>
    <trkpt lat="59.60150" lon="6.74130"></trkpt>
    <trkpt lat="59.60130" lon="6.74030"></trkpt>
    <trkpt lat="59.60100" lon="6.73940"></trkpt>
    <trkpt lat="59.60060" lon="6.73860"></trkpt>
    <trkpt lat="59.60020" lon="6.73800"></trkpt>
    <trkpt lat="59.59970" lon="6.73750"></trkpt>
    <trkpt lat="59.59900" lon="6.73700"></trkpt>
    <trkpt lat="59.59850" lon="6.73660"></trkpt>
    <trkpt lat="59.59800" lon="6.73610"></trkpt>
    <trkpt lat="59.59760" lon="6.73550"></trkpt>
    <trkpt lat="59.59720" lon="6.73480"></trkpt>
    <trkpt lat="59.59690" lon="6.73410"></trkpt>
    <trkpt lat="59.59660" lon="6.73340"></trkpt>
    <trkpt lat="59.59640" lon="6.73260"></trkpt>
    <trkpt lat="59.59620" lon="6.73150"></trkpt>
    <trkpt lat="59.59610" lon="6.73050"></trkpt>
    <trkpt lat="59.59600" lon="6.72910"></trkpt>
    <trkpt lat="59.59600" lon="6.72770"></trkpt>
    <trkpt lat="59.59600" lon="6.72660"></trkpt>
    <trkpt lat="59.59590" lon="6.72550"></trkpt>
    <trkpt lat="59.59580" lon="6.72410"></trkpt>
    <trkpt lat="59.59570" lon="6.72310"></trkpt>
    <trkpt lat="59.59550" lon="6.72210"></trkpt>
    <trkpt lat="59.59530" lon="6.72110"></trkpt>
    <trkpt lat="59.59510" lon="6.72010"></trkpt>
    <trkpt lat="59.59480" lon="6.71920"></trkpt>
    <trkpt lat="59.59440" lon="6.71800"></trkpt>
    <trkpt lat="59.59400" lon="6.71690"></trkpt>
    <trkpt lat="59.59360" lon="6.71610"></trkpt>
    <trkpt lat="59.59320" lon="6.71540"></trkpt>
    <trkpt lat="59.59280" lon="6.71470"></trkpt>
    <trkpt lat="59.59240" lon="6.71410"></trkpt>
    <trkpt lat="59.59190" lon="6.71350"></trkpt>
    <trkpt lat="59.59140" lon="6.71300"></trkpt>
    <trkpt lat="59.59030" lon="6.71160"></trkpt>
    <trkpt lat="59.58930" lon="6.71040"></trkpt>
    <trkpt lat="59.58880" lon="6.70990"></trkpt>
    <trkpt lat="59.58850" lon="6.70910"></trkpt>
    <trkpt lat="59.58820" lon="6.70830"></trkpt>
    <trkpt lat="59.58800" lon="6.70750"></trkpt>
    <trkpt lat="59.58780" lon="6.70660"></trkpt>
    <trkpt lat="59.58780" lon="6.70570"></trkpt>
    <trkpt lat="59.58780" lon="6.70420"></trkpt>
    <trkpt lat="59.58780" lon="6.70310"></trkpt>
    <trkpt lat="59.58770" lon="6.70200"></trkpt>
    <trkpt lat="59.58760" lon="6.70110"></trkpt>
    <trkpt lat="59.58730" lon="6.70020"></trkpt>
    <trkpt lat="59.58700" lon="6.69920"></trkpt>
    <trkpt lat="59.58670" lon="6.69810"></trkpt>
    <trkpt lat="59.58660" lon="6.69710"></trkpt>
    <trkpt lat="59.58650" lon="6.69620"></trkpt>
    <trkpt lat="59.58660" lon="6.69510"></trkpt>
    <trkpt lat="59.58660" lon="6.69420"></trkpt>
    <trkpt lat="59.58680" lon="6.69330"></trkpt>
    <trkpt lat="59.58700" lon="6.69230"></trkpt>
    <trkpt lat="59.58720" lon="6.69120"></trkpt>
    <trkpt lat="59.58730" lon="6.69010"></trkpt>
    <trkpt lat="59.58730" lon="6.68890"></trkpt>
    <trkpt lat="59.58730" lon="6.68790"></trkpt>
    <trkpt lat="59.58710" lon="6.68700"></trkpt>
    <trkpt lat="59.58690" lon="6.68590"></trkpt>
    <trkpt lat="59.58660" lon="6.68500"></trkpt>
    <trkpt lat="59.58630" lon="6.68430"></trkpt>
    <trkpt lat="59.58590" lon="6.68360"></trkpt>
    <trkpt lat="59.58550" lon="6.68300"></trkpt>
    <trkpt lat="59.58490" lon="6.68260"></trkpt>
    <trkpt lat="59.58430" lon="6.68220"></trkpt>
    <trkpt lat="59.58370" lon="6.68200"></trkpt>
    <trkpt lat="59.58310" lon="6.68180"></trkpt>
    <trkpt lat="59.58260" lon="6.68140"></trkpt>
    <trkpt lat="59.58220" lon="6.68090"></trkpt>
    <trkpt lat="59.58190" lon="6.68010"></trkpt>
    <trkpt lat="59.58170" lon="6.67930"></trkpt>
    <trkpt lat="59.58160" lon="6.67840"></trkpt>
    <trkpt lat="59.58170" lon="6.67740"></trkpt>
    <trkpt lat="59.58180" lon="6.67610"></trkpt>
    <trkpt lat="59.58180" lon="6.67510"></trkpt>
    <trkpt lat="59.58170" lon="6.67410"></trkpt>
    <trkpt lat="59.58150" lon="6.67330"></trkpt>
    <trkpt lat="59.58110" lon="6.67250"></trkpt>
    <trkpt lat="59.58070" lon="6.67190"></trkpt>
    <trkpt lat="59.58010" lon="6.67140"></trkpt>
    <trkpt lat="59.57960" lon="6.67100"></trkpt>
    <trkpt lat="59.57820" lon="6.67030"></trkpt>
    <trkpt lat="59.57770" lon="6.66990"></trkpt>
    <trkpt lat="59.57730" lon="6.66930"></trkpt>
    <trkpt lat="59.57650" lon="6.66800"></trkpt>
    <trkpt lat="59.57600" lon="6.66730"></trkpt>
    <trkpt lat="59.57550" lon="6.66670"></trkpt>
    <trkpt lat="59.57500" lon="6.66620"></trkpt>
    <trkpt lat="59.57440" lon="6.66570"></trkpt>
    <trkpt lat="59.57390" lon="6.66510"></trkpt>
    <trkpt lat="59.57350" lon="6.66450"></trkpt>
    <trkpt lat="59.57320" lon="6.66360"></trkpt>
    <trkpt lat="59.57300" lon="6.66260"></trkpt>
    <trkpt lat="59.57300" lon="6.66140"></trkpt>
    <trkpt lat="59.57300" lon="6.66040"></trkpt>
    <trkpt lat="59.57300" lon="6.65940"></trkpt>
    <trkpt lat="59.57280" lon="6.65860"></trkpt>
    <trkpt lat="59.57250" lon="6.65770"></trkpt>
    <trkpt lat="59.57220" lon="6.65700"></trkpt>
    <trkpt lat="59.57180" lon="6.65640"></trkpt>
    <trkpt lat="59.57150" lon="6.65570"></trkpt>
    <trkpt lat="59.57120" lon="6.65480"></trkpt>
    <trkpt lat="59.57100" lon="6.65400"></trkpt>
    <trkpt lat="59.57050" lon="6.65200"></trkpt>
    <trkpt lat="59.57010" lon="6.64970"></trkpt>
    <trkpt lat="59.56940" lon="6.64620"></trkpt>
    <trkpt lat="59.56910" lon="6.64480"></trkpt>
    <trkpt lat="59.56880" lon="6.64360"></trkpt>
    <trkpt lat="59.56860" lon="6.64220"></trkpt>
    <trkpt lat="59.56840" lon="6.64140"></trkpt>
    <trkpt lat="59.56820" lon="6.64040"></trkpt>
    <trkpt lat="59.56780" lon="6.63920"></trkpt>
    <trkpt lat="59.56760" lon="6.63840"></trkpt>
    <trkpt lat="59.56720" lon="6.63710"></trkpt>
    <trkpt lat="59.56670" lon="6.63560"></trkpt>
    <trkpt lat="59.56650" lon="6.63470"></trkpt>
    <trkpt lat="59.56620" lon="6.63350"></trkpt>
    <trkpt lat="59.56590" lon="6.63230"></trkpt>
    <trkpt lat="59.56560" lon="6.63080"></trkpt>
    <trkpt lat="59.56540" lon="6.62980"></trkpt>
    <trkpt lat="59.56510" lon="6.62890"></trkpt>
    <trkpt lat="59.56470" lon="6.62810"></trkpt>
    <trkpt lat="59.56420" lon="6.62730"></trkpt>
    <trkpt lat="59.56380" lon="6.62660"></trkpt>
    <trkpt lat="59.56340" lon="6.62570"></trkpt>
    <trkpt lat="59.56310" lon="6.62500"></trkpt>
    <trkpt lat="59.56290" lon="6.62400"></trkpt>
    <trkpt lat="59.56270" lon="6.62310"></trkpt>
    <trkpt lat="59.56260" lon="6.62210"></trkpt>
    <trkpt lat="59.56230" lon="6.61960"></trkpt>
    <trkpt lat="59.56230" lon="6.61870"></trkpt>
    <trkpt lat="59.56210" lon="6.61770"></trkpt>
    <trkpt lat="59.56190" lon="6.61680"></trkpt>
    <trkpt lat="59.56170" lon="6.61590"></trkpt>
    <trkpt lat="59.56140" lon="6.61500"></trkpt>
    <trkpt lat="59.56100" lon="6.61410"></trkpt>
    <trkpt lat="59.56040" lon="6.61340"></trkpt>
    <trkpt lat="59.56000" lon="6.61290"></trkpt>
    <trkpt lat="59.55930" lon="6.61230"></trkpt>
    <trkpt lat="59.55880" lon="6.61210"></trkpt>
    <trkpt lat="59.55810" lon="6.61200"></trkpt>
    <trkpt lat="59.55710" lon="6.61210"></trkpt>
    <trkpt lat="59.55650" lon="6.61210"></trkpt>
    <trkpt lat="59.55590" lon="6.61220"></trkpt>
    <trkpt lat="59.54200" lon="6.61300"></trkpt>
    <trkpt lat="59.54150" lon="6.61290"></trkpt>
    <trkpt lat="59.54100" lon="6.61280"></trkpt>
    <trkpt lat="59.54050" lon="6.61230"></trkpt>
    <trkpt lat="59.54010" lon="6.61180"></trkpt>
    <trkpt lat="59.53970" lon="6.61110"></trkpt>
    <trkpt lat="59.53940" lon="6.61020"></trkpt>
    <trkpt lat="59.53920" lon="6.60920"></trkpt>
    <trkpt lat="59.53900" lon="6.60810"></trkpt>
    <trkpt lat="59.53890" lon="6.60700"></trkpt>
    <trkpt lat="59.53870" lon="6.60610"></trkpt>
    <trkpt lat="59.53840" lon="6.60530"></trkpt>
    <trkpt lat="59.53790" lon="6.60430"></trkpt>
    <trkpt lat="59.53750" lon="6.60350"></trkpt>
    <trkpt lat="59.53700" lon="6.60300"></trkpt>
    <trkpt lat="59.53640" lon="6.60240"></trkpt>
    <trkpt lat="59.53290" lon="6.59970"></trkpt>
    <trkpt lat="59.53230" lon="6.59920"></trkpt>
    <trkpt lat="59.53180" lon="6.59870"></trkpt>
    <trkpt lat="59.53140" lon="6.59810"></trkpt>
    <trkpt lat="59.53100" lon="6.59760"></trkpt>
    <trkpt lat="59.53060" lon="6.59700"></trkpt>
    <trkpt lat="59.53020" lon="6.59620"></trkpt>
    <trkpt lat="59.52980" lon="6.59540"></trkpt>
    <trkpt lat="59.52910" lon="6.59410"></trkpt>
    <trkpt lat="59.52870" lon="6.59310"></trkpt>
    <trkpt lat="59.52820" lon="6.59230"></trkpt>
    <trkpt lat="59.52770" lon="6.59190"></trkpt>
    <trkpt lat="59.52680" lon="6.59160"></trkpt>
    <trkpt lat="59.52630" lon="6.59150"></trkpt>
    <trkpt lat="59.52580" lon="6.59140"></trkpt>
    <trkpt lat="59.52530" lon="6.59150"></trkpt>
    <trkpt lat="59.52470" lon="6.59150"></trkpt>
    <trkpt lat="59.52380" lon="6.59100"></trkpt>
    <trkpt lat="59.52330" lon="6.59080"></trkpt>
    <trkpt lat="59.52280" lon="6.59000"></trkpt>
    <trkpt lat="59.52240" lon="6.58950"></trkpt>
    <trkpt lat="59.52190" lon="6.58930"></trkpt>
    <trkpt lat="59.52080" lon="6.58960"></trkpt>
    <trkpt lat="59.52030" lon="6.58970"></trkpt>
    <trkpt lat="59.51970" lon="6.58960"></trkpt>
    <trkpt lat="59.51920" lon="6.58930"></trkpt>
    <trkpt lat="59.51880" lon="6.58880"></trkpt>
    <trkpt lat="59.51830" lon="6.58830"></trkpt>
    <trkpt lat="59.51750" lon="6.58720"></trkpt>
    <trkpt lat="59.51630" lon="6.58570"></trkpt>
    <trkpt lat="59.51580" lon="6.58510"></trkpt>
    <trkpt lat="59.51520" lon="6.58440"></trkpt>
    <trkpt lat="59.51440" lon="6.58370"></trkpt>
    <trkpt lat="59.51390" lon="6.58330"></trkpt>
    <trkpt lat="59.51340" lon="6.58290"></trkpt>
    <trkpt lat="59.51290" lon="6.58260"></trkpt>
    <trkpt lat="59.51110" lon="6.58120"></trkpt>
    <trkpt lat="59.51060" lon="6.58090"></trkpt>
    <trkpt lat="59.51000" lon="6.58080"></trkpt>
    <trkpt lat="59.50900" lon="6.58070"></trkpt>
    <trkpt lat="59.50850" lon="6.58050"></trkpt>
    <trkpt lat="59.50810" lon="6.57970"></trkpt>
    <trkpt lat="59.50790" lon="6.57820"></trkpt>
    <trkpt lat="59.50770" lon="6.57720"></trkpt>
    <trkpt lat="59.50750" lon="6.57630"></trkpt>
    <trkpt lat="59.50720" lon="6.57560"></trkpt>
    <trkpt lat="59.50690" lon="6.57470"></trkpt>
    <trkpt lat="59.50670" lon="6.57390"></trkpt>
    <trkpt lat="59.50670" lon="6.57300"></trkpt>
    <trkpt lat="59.50650" lon="6.57180"></trkpt>
    <trkpt lat="59.50640" lon="6.57080"></trkpt>
    <trkpt lat="59.50620" lon="6.56990"></trkpt>
    <trkpt lat="59.50590" lon="6.56900"></trkpt>
    <trkpt lat="59.50570" lon="6.56820"></trkpt>
    <trkpt lat="59.50560" lon="6.56720"></trkpt>
    <trkpt lat="59.50560" lon="6.56620"></trkpt>
    <trkpt lat="59.50580" lon="6.56540"></trkpt>
    <trkpt lat="59.50600" lon="6.56420"></trkpt>
    <trkpt lat="59.50610" lon="6.56320"></trkpt>
    <trkpt lat="59.50610" lon="6.56210"></trkpt>
    <trkpt lat="59.50600" lon="6.56110"></trkpt>
    <trkpt lat="59.50590" lon="6.56020"></trkpt>
    <trkpt lat="59.50550" lon="6.55910"></trkpt>
    <trkpt lat="59.50520" lon="6.55840"></trkpt>
    <trkpt lat="59.50500" lon="6.55750"></trkpt>
    <trkpt lat="59.50500" lon="6.55640"></trkpt>
    <trkpt lat="59.50520" lon="6.55510"></trkpt>
    <trkpt lat="59.50540" lon="6.55350"></trkpt>
    <trkpt lat="59.50560" lon="6.55250"></trkpt>
    <trkpt lat="59.50590" lon="6.55160"></trkpt>
    <trkpt lat="59.50600" lon="6.55050"></trkpt>
    <trkpt lat="59.50600" lon="6.54960"></trkpt>
    <trkpt lat="59.50600" lon="6.54860"></trkpt>
    <trkpt lat="59.50580" lon="6.54780"></trkpt>
    <trkpt lat="59.50540" lon="6.54650"></trkpt>
    <trkpt lat="59.50500" lon="6.54570"></trkpt>
    <trkpt lat="59.50430" lon="6.54430"></trkpt>
    <trkpt lat="59.50390" lon="6.54350"></trkpt>
    <trkpt lat="59.50350" lon="6.54280"></trkpt>
    <trkpt lat="59.50300" lon="6.54210"></trkpt>
    <trkpt lat="59.50280" lon="6.54130"></trkpt>
    <trkpt lat="59.50270" lon="6.54040"></trkpt>
    <trkpt lat="59.50250" lon="6.53960"></trkpt>
    <trkpt lat="59.50210" lon="6.53880"></trkpt>
    <trkpt lat="59.50170" lon="6.53830"></trkpt>
    <trkpt lat="59.50110" lon="6.53780"></trkpt>
    <trkpt lat="59.50010" lon="6.53680"></trkpt>
    <trkpt lat="59.49960" lon="6.53630"></trkpt>
    <trkpt lat="59.49900" lon="6.53530"></trkpt>
    <trkpt lat="59.49860" lon="6.53480"></trkpt>
    <trkpt lat="59.49820" lon="6.53420"></trkpt>
    <trkpt lat="59.49770" lon="6.53390"></trkpt>
    <trkpt lat="59.49720" lon="6.53380"></trkpt>
    <trkpt lat="59.49630" lon="6.53360"></trkpt>
    <trkpt lat="59.49580" lon="6.53330"></trkpt>
    <trkpt lat="59.49500" lon="6.53170"></trkpt>
    <trkpt lat="59.49470" lon="6.53100"></trkpt>
    <trkpt lat="59.49440" lon="6.53020"></trkpt>
    <trkpt lat="59.49450" lon="6.52870"></trkpt>
    <trkpt lat="59.49450" lon="6.52780"></trkpt>
    <trkpt lat="59.49460" lon="6.52690"></trkpt>
    <trkpt lat="59.49460" lon="6.52580"></trkpt>
    <trkpt lat="59.49440" lon="6.52460"></trkpt>
    <trkpt lat="59.49400" lon="6.52290"></trkpt>
    <trkpt lat="59.49370" lon="6.52160"></trkpt>
    <trkpt lat="59.49340" lon="6.52040"></trkpt>
    <trkpt lat="59.49300" lon="6.51920"></trkpt>
    <trkpt lat="59.49230" lon="6.51700"></trkpt>
    <trkpt lat="59.49190" lon="6.51600"></trkpt>
    <trkpt lat="59.49160" lon="6.51490"></trkpt>
    <trkpt lat="59.49150" lon="6.51390"></trkpt>
    <trkpt lat="59.49160" lon="6.51290"></trkpt>
    <trkpt lat="59.49160" lon="6.51200"></trkpt>
    <trkpt lat="59.49150" lon="6.51090"></trkpt>
    <trkpt lat="59.49130" lon="6.50940"></trkpt>
    <trkpt lat="59.49110" lon="6.50790"></trkpt>
    <trkpt lat="59.49090" lon="6.50700"></trkpt>
    <trkpt lat="59.49070" lon="6.50570"></trkpt>
    <trkpt lat="59.49050" lon="6.50460"></trkpt>
    <trkpt lat="59.49030" lon="6.50330"></trkpt>
    <trkpt lat="59.49010" lon="6.50180"></trkpt>
    <trkpt lat="59.48990" lon="6.50030"></trkpt>
    <trkpt lat="59.48980" lon="6.49930"></trkpt>
    <trkpt lat="59.48960" lon="6.49790"></trkpt>
    <trkpt lat="59.48950" lon="6.49680"></trkpt>
    <trkpt lat="59.48930" lon="6.49570"></trkpt>
    <trkpt lat="59.48900" lon="6.49440"></trkpt>
    <trkpt lat="59.48880" lon="6.49330"></trkpt>
    <trkpt lat="59.48860" lon="6.49220"></trkpt>
    <trkpt lat="59.48850" lon="6.49120"></trkpt>
    <trkpt lat="59.48830" lon="6.49020"></trkpt>
    <trkpt lat="59.48800" lon="6.48910"></trkpt>
    <trkpt lat="59.48730" lon="6.48790"></trkpt>
    <trkpt lat="59.48640" lon="6.48600"></trkpt>
    <trkpt lat="59.48590" lon="6.48500"></trkpt>
    <trkpt lat="59.48570" lon="6.48410"></trkpt>
    <trkpt lat="59.48560" lon="6.48260"></trkpt>
    <trkpt lat="59.48560" lon="6.48150"></trkpt>
    <trkpt lat="59.48540" lon="6.48060"></trkpt>
    <trkpt lat="59.48500" lon="6.47770"></trkpt>
    <trkpt lat="59.48480" lon="6.47690"></trkpt>
    <trkpt lat="59.48440" lon="6.47430"></trkpt>
    <trkpt lat="59.48400" lon="6.47160"></trkpt>
    <trkpt lat="59.48380" lon="6.47050"></trkpt>
    <trkpt lat="59.48360" lon="6.46950"></trkpt>
    <trkpt lat="59.48320" lon="6.46870"></trkpt>
    <trkpt lat="59.48280" lon="6.46790"></trkpt>
    <trkpt lat="59.48240" lon="6.46720"></trkpt>
    <trkpt lat="59.48200" lon="6.46630"></trkpt>
    <trkpt lat="59.48180" lon="6.46490"></trkpt>
    <trkpt lat="59.48170" lon="6.46400"></trkpt>
    <trkpt lat="59.48170" lon="6.46270"></trkpt>
    <trkpt lat="59.48180" lon="6.46080"></trkpt>
    <trkpt lat="59.48200" lon="6.45700"></trkpt>
    <trkpt lat="59.48220" lon="6.45350"></trkpt>
    <trkpt lat="59.48230" lon="6.45210"></trkpt>
    <trkpt lat="59.48240" lon="6.45090"></trkpt>
    <trkpt lat="59.48260" lon="6.44950"></trkpt>
    <trkpt lat="59.48270" lon="6.44850"></trkpt>
    <trkpt lat="59.48250" lon="6.44740"></trkpt>
    <trkpt lat="59.48230" lon="6.44650"></trkpt>
    <trkpt lat="59.48200" lon="6.44560"></trkpt>
    <trkpt lat="59.48170" lon="6.44450"></trkpt>
    <trkpt lat="59.48140" lon="6.44370"></trkpt>
    <trkpt lat="59.48110" lon="6.44270"></trkpt>
    <trkpt lat="59.48080" lon="6.44200"></trkpt>
    <trkpt lat="59.48050" lon="6.44110"></trkpt>
    <trkpt lat="59.48020" lon="6.43970"></trkpt>
    <trkpt lat="59.48000" lon="6.43880"></trkpt>
    <trkpt lat="59.47970" lon="6.43790"></trkpt>
    <trkpt lat="59.47940" lon="6.43700"></trkpt>
    <trkpt lat="59.47900" lon="6.43640"></trkpt>
    <trkpt lat="59.47850" lon="6.43600"></trkpt>
    <trkpt lat="59.47800" lon="6.43570"></trkpt>
    <trkpt lat="59.47770" lon="6.43500"></trkpt>
    <trkpt lat="59.47740" lon="6.43420"></trkpt>
    <trkpt lat="59.47710" lon="6.43260"></trkpt>
    <trkpt lat="59.47690" lon="6.43180"></trkpt>
    <trkpt lat="59.47660" lon="6.43090"></trkpt>
    <trkpt lat="59.47610" lon="6.43010"></trkpt>
    <trkpt lat="59.47550" lon="6.42950"></trkpt>
    <trkpt lat="59.47490" lon="6.42900"></trkpt>
    <trkpt lat="59.47450" lon="6.42850"></trkpt>
    <trkpt lat="59.47390" lon="6.42810"></trkpt>
    <trkpt lat="59.47330" lon="6.42770"></trkpt>
    <trkpt lat="59.47230" lon="6.42730"></trkpt>
    <trkpt lat="59.47170" lon="6.42700"></trkpt>
    <trkpt lat="59.47120" lon="6.42680"></trkpt>
    <trkpt lat="59.47060" lon="6.42630"></trkpt>
    <trkpt lat="59.47010" lon="6.42600"></trkpt>
    <trkpt lat="59.46950" lon="6.42540"></trkpt>
    <trkpt lat="59.46900" lon="6.42480"></trkpt>
    <trkpt lat="59.46860" lon="6.42410"></trkpt>
    <trkpt lat="59.46820" lon="6.42320"></trkpt>
    <trkpt lat="59.46790" lon="6.42190"></trkpt>
    <trkpt lat="59.46770" lon="6.42110"></trkpt>
    <trkpt lat="59.46670" lon="6.41820"></trkpt>
    <trkpt lat="59.46640" lon="6.41710"></trkpt>
    <trkpt lat="59.46590" lon="6.41560"></trkpt>
    <trkpt lat="59.46560" lon="6.41490"></trkpt>
    <trkpt lat="59.46520" lon="6.41380"></trkpt>
    <trkpt lat="59.46470" lon="6.41270"></trkpt>
    <trkpt lat="59.46430" lon="6.41150"></trkpt>
    <trkpt lat="59.46390" lon="6.41070"></trkpt>
    <trkpt lat="59.46350" lon="6.41020"></trkpt>
    <trkpt lat="59.46300" lon="6.41030"></trkpt>
    <trkpt lat="59.46250" lon="6.41070"></trkpt>
    <trkpt lat="59.46190" lon="6.41100"></trkpt>
    <trkpt lat="59.46110" lon="6.41120"></trkpt>
    <trkpt lat="59.46040" lon="6.41150"></trkpt>
    <trkpt lat="59.45990" lon="6.41150"></trkpt>
    <trkpt lat="59.45980" lon="6.41290"></trkpt>
    <trkpt lat="59.45980" lon="6.41380"></trkpt>
    <trkpt lat="59.46010" lon="6.41450"></trkpt>
    <trkpt lat="59.46030" lon="6.41540"></trkpt>
    <trkpt lat="59.46050" lon="6.41630"></trkpt>
    <trkpt lat="59.46060" lon="6.41730"></trkpt>
    <trkpt lat="59.46050" lon="6.41860"></trkpt>
    <trkpt lat="59.46050" lon="6.41970"></trkpt>
    <trkpt lat="59.46100" lon="6.42250"></trkpt>
    <trkpt lat="59.46120" lon="6.42340"></trkpt>
    <trkpt lat="59.46100" lon="6.42450"></trkpt>
    <trkpt lat="59.46080" lon="6.42540"></trkpt>
    <trkpt lat="59.46080" lon="6.42630"></trkpt>
    <trkpt lat="59.46050" lon="6.42700"></trkpt>
    <trkpt lat="59.46010" lon="6.42750"></trkpt>
    <trkpt lat="59.45960" lon="6.42770"></trkpt>
    <trkpt lat="59.45910" lon="6.42810"></trkpt>
    <trkpt lat="59.45860" lon="6.42780"></trkpt>
    <trkpt lat="59.45820" lon="6.42710"></trkpt>
    <trkpt lat="59.45780" lon="6.42580"></trkpt>
    <trkpt lat="59.45750" lon="6.42440"></trkpt>
    <trkpt lat="59.45730" lon="6.42360"></trkpt>
    <trkpt lat="59.45710" lon="6.42450"></trkpt>
    <trkpt lat="59.45740" lon="6.42630"></trkpt>
    <trkpt lat="59.45690" lon="6.42560"></trkpt>
    <trkpt lat="59.45650" lon="6.42500"></trkpt>
    <trkpt lat="59.45670" lon="6.42580"></trkpt>
    <trkpt lat="59.45690" lon="6.42670"></trkpt>
    <trkpt lat="59.45680" lon="6.42760"></trkpt>
    <trkpt lat="59.45700" lon="6.42840"></trkpt>
    <trkpt lat="59.45660" lon="6.42790"></trkpt>
    <trkpt lat="59.45650" lon="6.42670"></trkpt>
    <trkpt lat="59.45610" lon="6.42610"></trkpt>
    <trkpt lat="59.45550" lon="6.42610"></trkpt>
    <trkpt lat="59.45490" lon="6.42620"></trkpt>
    <trkpt lat="59.45440" lon="6.42660"></trkpt>
    <trkpt lat="59.45390" lon="6.42610"></trkpt>
    <trkpt lat="59.45380" lon="6.42700"></trkpt>
    <trkpt lat="59.45420" lon="6.42750"></trkpt>
    <trkpt lat="59.45370" lon="6.42730"></trkpt>
    <trkpt lat="59.45330" lon="6.42670"></trkpt>
    <trkpt lat="59.45250" lon="6.42650"></trkpt>
    <trkpt lat="59.45200" lon="6.42640"></trkpt>
    <trkpt lat="59.45130" lon="6.42620"></trkpt>
    <trkpt lat="59.45090" lon="6.42570"></trkpt>
    <trkpt lat="59.45100" lon="6.42480"></trkpt>
    <trkpt lat="59.45130" lon="6.42370"></trkpt>
    <trkpt lat="59.45080" lon="6.42360"></trkpt>
    <trkpt lat="59.45040" lon="6.42470"></trkpt>
    <trkpt lat="59.45010" lon="6.42540"></trkpt>
    <trkpt lat="59.44970" lon="6.42590"></trkpt>
    <trkpt lat="59.44920" lon="6.42600"></trkpt>
    <trkpt lat="59.44880" lon="6.42650"></trkpt>
    <trkpt lat="59.44950" lon="6.42750"></trkpt>
    <trkpt lat="59.44990" lon="6.42810"></trkpt>
    <trkpt lat="59.45040" lon="6.42820"></trkpt>
    <trkpt lat="59.45080" lon="6.42880"></trkpt>
    <trkpt lat="59.45120" lon="6.42960"></trkpt>
    <trkpt lat="59.45140" lon="6.43040"></trkpt>
    <trkpt lat="59.45080" lon="6.43120"></trkpt>
    <trkpt lat="59.45020" lon="6.43120"></trkpt>
    <trkpt lat="59.44970" lon="6.43080"></trkpt>
    <trkpt lat="59.44930" lon="6.43010"></trkpt>
    <trkpt lat="59.44880" lon="6.42980"></trkpt>
    <trkpt lat="59.44840" lon="6.42920"></trkpt>
    <trkpt lat="59.44780" lon="6.42930"></trkpt>
    <trkpt lat="59.44730" lon="6.42940"></trkpt>
    <trkpt lat="59.44690" lon="6.43010"></trkpt>
    <trkpt lat="59.44670" lon="6.43090"></trkpt>
    <trkpt lat="59.44620" lon="6.43170"></trkpt>
    <trkpt lat="59.44570" lon="6.43190"></trkpt>
    <trkpt lat="59.44510" lon="6.43210"></trkpt>
    <trkpt lat="59.44460" lon="6.43210"></trkpt>
    <trkpt lat="59.44380" lon="6.43190"></trkpt>
    <trkpt lat="59.44330" lon="6.43200"></trkpt>
    <trkpt lat="59.44280" lon="6.43230"></trkpt>
    <trkpt lat="59.44230" lon="6.43210"></trkpt>
    <trkpt lat="59.44150" lon="6.43190"></trkpt>
    <trkpt lat="59.44100" lon="6.43210"></trkpt>
    <trkpt lat="59.44040" lon="6.43250"></trkpt>
    <trkpt lat="59.43990" lon="6.43260"></trkpt>
    <trkpt lat="59.43940" lon="6.43260"></trkpt>
    <trkpt lat="59.43910" lon="6.43360"></trkpt>
    <trkpt lat="59.43870" lon="6.43430"></trkpt>
    <trkpt lat="59.43780" lon="6.43490"></trkpt>
    <trkpt lat="59.43710" lon="6.43540"></trkpt>
    <trkpt lat="59.43640" lon="6.43590"></trkpt>
    <trkpt lat="59.43590" lon="6.43620"></trkpt>
    <trkpt lat="59.43530" lon="6.43630"></trkpt>
    <trkpt lat="59.43480" lon="6.43670"></trkpt>
    <trkpt lat="59.43420" lon="6.43740"></trkpt>
    <trkpt lat="59.43380" lon="6.43800"></trkpt>
    <trkpt lat="59.43360" lon="6.43890"></trkpt>
    <trkpt lat="59.43340" lon="6.43990"></trkpt>
    <trkpt lat="59.43310" lon="6.44060"></trkpt>
    <trkpt lat="59.43260" lon="6.44110"></trkpt>
    <trkpt lat="59.43230" lon="6.44180"></trkpt>
    <trkpt lat="59.43190" lon="6.44240"></trkpt>
    <trkpt lat="59.43140" lon="6.44270"></trkpt>
    <trkpt lat="59.43090" lon="6.44260"></trkpt>
    <trkpt lat="59.43040" lon="6.44270"></trkpt>
    <trkpt lat="59.43000" lon="6.44320"></trkpt>
    <trkpt lat="59.42950" lon="6.44360"></trkpt>
    <trkpt lat="59.42900" lon="6.44410"></trkpt>
    <trkpt lat="59.42840" lon="6.44450"></trkpt>
    <trkpt lat="59.42790" lon="6.44490"></trkpt>
    <trkpt lat="59.42740" lon="6.44540"></trkpt>
    <trkpt lat="59.42710" lon="6.44630"></trkpt>
    <trkpt lat="59.42630" lon="6.44860"></trkpt>
    <trkpt lat="59.42590" lon="6.44970"></trkpt>
    <trkpt lat="59.42550" lon="6.45050"></trkpt>
    <trkpt lat="59.42520" lon="6.45130"></trkpt>
    <trkpt lat="59.42490" lon="6.45230"></trkpt>
    <trkpt lat="59.42440" lon="6.45310"></trkpt>
    <trkpt lat="59.42390" lon="6.45340"></trkpt>
    <trkpt lat="59.42340" lon="6.45340"></trkpt>
    <trkpt lat="59.42280" lon="6.45280"></trkpt>
    <trkpt lat="59.42180" lon="6.45140"></trkpt>
    <trkpt lat="59.42090" lon="6.45020"></trkpt>
    <trkpt lat="59.42050" lon="6.44950"></trkpt>
    <trkpt lat="59.41990" lon="6.44880"></trkpt>
    <trkpt lat="59.41940" lon="6.44810"></trkpt>
    <trkpt lat="59.41900" lon="6.44760"></trkpt>
    <trkpt lat="59.41840" lon="6.44700"></trkpt>
    <trkpt lat="59.41780" lon="6.44660"></trkpt>
    <trkpt lat="59.41730" lon="6.44630"></trkpt>
    <trkpt lat="59.41660" lon="6.44610"></trkpt>
    <trkpt lat="59.41600" lon="6.44600"></trkpt>
    <trkpt lat="59.41500" lon="6.44590"></trkpt>
    <trkpt lat="59.41430" lon="6.44570"></trkpt>
    <trkpt lat="59.41350" lon="6.44550"></trkpt>
    <trkpt lat="59.41300" lon="6.44550"></trkpt>
    <trkpt lat="59.41240" lon="6.44550"></trkpt>
    <trkpt lat="59.41190" lon="6.44570"></trkpt>
    <trkpt lat="59.41140" lon="6.44610"></trkpt>
    <trkpt lat="59.41090" lon="6.44620"></trkpt>
    <trkpt lat="59.41020" lon="6.44590"></trkpt>
    <trkpt lat="59.40960" lon="6.44590"></trkpt>
    <trkpt lat="59.40930" lon="6.44660"></trkpt>
    <trkpt lat="59.40880" lon="6.44680"></trkpt>
    <trkpt lat="59.40790" lon="6.44630"></trkpt>
    <trkpt lat="59.40740" lon="6.44580"></trkpt>
    <trkpt lat="59.40670" lon="6.44500"></trkpt>
    <trkpt lat="59.40630" lon="6.44450"></trkpt>
    <trkpt lat="59.40580" lon="6.44410"></trkpt>
    <trkpt lat="59.40500" lon="6.44400"></trkpt>
    <trkpt lat="59.40440" lon="6.44410"></trkpt>
    <trkpt lat="59.40390" lon="6.44430"></trkpt>
    <trkpt lat="59.40330" lon="6.44480"></trkpt>
    <trkpt lat="59.40280" lon="6.44510"></trkpt>
    <trkpt lat="59.40230" lon="6.44510"></trkpt>
    <trkpt lat="59.40180" lon="6.44480"></trkpt>
    <trkpt lat="59.40120" lon="6.44450"></trkpt>
    <trkpt lat="59.40020" lon="6.44480"></trkpt>
    <trkpt lat="59.39960" lon="6.44500"></trkpt>
    <trkpt lat="59.39910" lon="6.44510"></trkpt>
    <trkpt lat="59.39860" lon="6.44510"></trkpt>
    <trkpt lat="59.39810" lon="6.44480"></trkpt>
    <trkpt lat="59.39750" lon="6.44440"></trkpt>
    <trkpt lat="59.39690" lon="6.44420"></trkpt>
    <trkpt lat="59.39620" lon="6.44490"></trkpt>
    <trkpt lat="59.39560" lon="6.44550"></trkpt>
    <trkpt lat="59.39510" lon="6.44590"></trkpt>
    <trkpt lat="59.39460" lon="6.44630"></trkpt>
    <trkpt lat="59.39360" lon="6.44710"></trkpt>
    <trkpt lat="59.39310" lon="6.44750"></trkpt>
    <trkpt lat="59.39270" lon="6.44830"></trkpt>
    <trkpt lat="59.39190" lon="6.44860"></trkpt>
    <trkpt lat="59.39130" lon="6.44870"></trkpt>
    <trkpt lat="59.39080" lon="6.44870"></trkpt>
    <trkpt lat="59.39050" lon="6.44800"></trkpt>
    <trkpt lat="59.39040" lon="6.44700"></trkpt>
    <trkpt lat="59.39030" lon="6.44580"></trkpt>
    <trkpt lat="59.39010" lon="6.44660"></trkpt>
    <trkpt lat="59.38980" lon="6.44790"></trkpt>
    <trkpt lat="59.38960" lon="6.44900"></trkpt>
    <trkpt lat="59.38950" lon="6.45010"></trkpt>
    <trkpt lat="59.38940" lon="6.45130"></trkpt>
    <trkpt lat="59.38920" lon="6.45230"></trkpt>
    <trkpt lat="59.38900" lon="6.45330"></trkpt>
    <trkpt lat="59.38910" lon="6.45430"></trkpt>
    <trkpt lat="59.38900" lon="6.45520"></trkpt>
    <trkpt lat="59.38860" lon="6.45580"></trkpt>
    <trkpt lat="59.38820" lon="6.45530"></trkpt>
    <trkpt lat="59.38800" lon="6.45440"></trkpt>
    <trkpt lat="59.38770" lon="6.45370"></trkpt>
    <trkpt lat="59.38710" lon="6.45310"></trkpt>
    <trkpt lat="59.38660" lon="6.45320"></trkpt>
    <trkpt lat="59.38640" lon="6.45410"></trkpt>
    <trkpt lat="59.38640" lon="6.45510"></trkpt>
    <trkpt lat="59.38630" lon="6.45600"></trkpt>
    <trkpt lat="59.38590" lon="6.45660"></trkpt>
    <trkpt lat="59.38540" lon="6.45650"></trkpt>
    <trkpt lat="59.38490" lon="6.45660"></trkpt>
    <trkpt lat="59.38460" lon="6.45730"></trkpt>
    <trkpt lat="59.38430" lon="6.45930"></trkpt>
    <trkpt lat="59.38390" lon="6.45980"></trkpt>
    <trkpt lat="59.38400" lon="6.45860"></trkpt>
    <trkpt lat="59.38410" lon="6.45680"></trkpt>
    <trkpt lat="59.38390" lon="6.45580"></trkpt>
    <trkpt lat="59.38330" lon="6.45470"></trkpt>
    <trkpt lat="59.38290" lon="6.45410"></trkpt>
    <trkpt lat="59.38270" lon="6.45330"></trkpt>
    <trkpt lat="59.38250" lon="6.45250"></trkpt>
    <trkpt lat="59.38210" lon="6.45170"></trkpt>
    <trkpt lat="59.38110" lon="6.45030"></trkpt>
    <trkpt lat="59.38040" lon="6.44940"></trkpt>
    <trkpt lat="59.37970" lon="6.44840"></trkpt>
    <trkpt lat="59.37930" lon="6.44790"></trkpt>
    <trkpt lat="59.37850" lon="6.44740"></trkpt>
    <trkpt lat="59.37800" lon="6.44690"></trkpt>
    <trkpt lat="59.37780" lon="6.44600"></trkpt>
    <trkpt lat="59.37740" lon="6.44530"></trkpt>
    <trkpt lat="59.37700" lon="6.44470"></trkpt>
    <trkpt lat="59.37680" lon="6.44390"></trkpt>
    <trkpt lat="59.37680" lon="6.44490"></trkpt>
    <trkpt lat="59.37700" lon="6.44570"></trkpt>
    <trkpt lat="59.37710" lon="6.44700"></trkpt>
    <trkpt lat="59.37750" lon="6.44800"></trkpt>
    <trkpt lat="59.37770" lon="6.44940"></trkpt>
    <trkpt lat="59.37770" lon="6.45030"></trkpt>
    <trkpt lat="59.37730" lon="6.45100"></trkpt>
    <trkpt lat="59.37670" lon="6.45150"></trkpt>
    <trkpt lat="59.37640" lon="6.45230"></trkpt>
    <trkpt lat="59.37610" lon="6.45310"></trkpt>
    <trkpt lat="59.37590" lon="6.45390"></trkpt>
    <trkpt lat="59.37590" lon="6.45480"></trkpt>
    <trkpt lat="59.37600" lon="6.45580"></trkpt>
    <trkpt lat="59.37570" lon="6.45510"></trkpt>
    <trkpt lat="59.37560" lon="6.45390"></trkpt>
    <trkpt lat="59.37550" lon="6.45260"></trkpt>
    <trkpt lat="59.37550" lon="6.45170"></trkpt>
    <trkpt lat="59.37570" lon="6.45090"></trkpt>
    <trkpt lat="59.37590" lon="6.44980"></trkpt>
    <trkpt lat="59.37590" lon="6.44890"></trkpt>
    <trkpt lat="59.37560" lon="6.44790"></trkpt>
    <trkpt lat="59.37530" lon="6.44710"></trkpt>
    <trkpt lat="59.37480" lon="6.44670"></trkpt>
    <trkpt lat="59.37440" lon="6.44720"></trkpt>
    <trkpt lat="59.37380" lon="6.44770"></trkpt>
    <trkpt lat="59.37320" lon="6.44790"></trkpt>
    <trkpt lat="59.37260" lon="6.44800"></trkpt>
    <trkpt lat="59.37210" lon="6.44810"></trkpt>
    <trkpt lat="59.37130" lon="6.44780"></trkpt>
    <trkpt lat="59.37060" lon="6.44760"></trkpt>
    <trkpt lat="59.37000" lon="6.44770"></trkpt>
    <trkpt lat="59.36950" lon="6.44800"></trkpt>
    <trkpt lat="59.36900" lon="6.44850"></trkpt>
    <trkpt lat="59.36840" lon="6.44900"></trkpt>
    <trkpt lat="59.36790" lon="6.44940"></trkpt>
    <trkpt lat="59.36740" lon="6.44950"></trkpt>
    <trkpt lat="59.36690" lon="6.44920"></trkpt>
    <trkpt lat="59.36640" lon="6.44910"></trkpt>
    <trkpt lat="59.36590" lon="6.44940"></trkpt>
    <trkpt lat="59.36510" lon="6.44980"></trkpt>
    <trkpt lat="59.36450" lon="6.44990"></trkpt>
    <trkpt lat="59.36400" lon="6.44930"></trkpt>
    <trkpt lat="59.36360" lon="6.44980"></trkpt>
    <trkpt lat="59.36300" lon="6.45020"></trkpt>
    <trkpt lat="59.36240" lon="6.45050"></trkpt>
    <trkpt lat="59.36180" lon="6.45030"></trkpt>
    <trkpt lat="59.36130" lon="6.45050"></trkpt>
    <trkpt lat="59.36070" lon="6.45070"></trkpt>
    <trkpt lat="59.36020" lon="6.45060"></trkpt>
    <trkpt lat="59.35950" lon="6.45090"></trkpt>
    <trkpt lat="59.35910" lon="6.45140"></trkpt>
    <trkpt lat="59.35860" lon="6.45150"></trkpt>
    <trkpt lat="59.35800" lon="6.45180"></trkpt>
    <trkpt lat="59.35750" lon="6.45190"></trkpt>
    <trkpt lat="59.35700" lon="6.45210"></trkpt>
    <trkpt lat="59.35650" lon="6.45220"></trkpt>
    <trkpt lat="59.35600" lon="6.45230"></trkpt>
    <trkpt lat="59.35540" lon="6.45260"></trkpt>
    <trkpt lat="59.35450" lon="6.45310"></trkpt>
    <trkpt lat="59.35370" lon="6.45390"></trkpt>
    <trkpt lat="59.35310" lon="6.45440"></trkpt>
    <trkpt lat="59.35250" lon="6.45500"></trkpt>
    <trkpt lat="59.35190" lon="6.45540"></trkpt>
    <trkpt lat="59.35140" lon="6.45580"></trkpt>
    <trkpt lat="59.35080" lon="6.45640"></trkpt>
    <trkpt lat="59.35020" lon="6.45690"></trkpt>
    <trkpt lat="59.34920" lon="6.45770"></trkpt>
    <trkpt lat="59.34860" lon="6.45800"></trkpt>
    <trkpt lat="59.34780" lon="6.45810"></trkpt>
    <trkpt lat="59.34720" lon="6.45790"></trkpt>
    <trkpt lat="59.34670" lon="6.45770"></trkpt>
    <trkpt lat="59.34620" lon="6.45690"></trkpt>
    <trkpt lat="59.34580" lon="6.45640"></trkpt>
    <trkpt lat="59.34530" lon="6.45620"></trkpt>
    <trkpt lat="59.34480" lon="6.45600"></trkpt>
    <trkpt lat="59.34430" lon="6.45590"></trkpt>
    <trkpt lat="59.34360" lon="6.45560"></trkpt>
    <trkpt lat="59.34270" lon="6.45520"></trkpt>
    <trkpt lat="59.34200" lon="6.45500"></trkpt>
    <trkpt lat="59.34150" lon="6.45490"></trkpt>
    <trkpt lat="59.34090" lon="6.45480"></trkpt>
    <trkpt lat="59.34020" lon="6.45460"></trkpt>
    <trkpt lat="59.33970" lon="6.45460"></trkpt>
    <trkpt lat="59.33910" lon="6.45460"></trkpt>
    <trkpt lat="59.33860" lon="6.45480"></trkpt>
    <trkpt lat="59.33810" lon="6.45520"></trkpt>
    <trkpt lat="59.33750" lon="6.45630"></trkpt>
    <trkpt lat="59.33700" lon="6.45660"></trkpt>
    <trkpt lat="59.33640" lon="6.45650"></trkpt>
    <trkpt lat="59.33590" lon="6.45650"></trkpt>
    <trkpt lat="59.33540" lon="6.45610"></trkpt>
    <trkpt lat="59.33470" lon="6.45550"></trkpt>
    <trkpt lat="59.33410" lon="6.45480"></trkpt>
    <trkpt lat="59.33370" lon="6.45420"></trkpt>
    <trkpt lat="59.33330" lon="6.45340"></trkpt>
    <trkpt lat="59.33280" lon="6.45200"></trkpt>
    <trkpt lat="59.33240" lon="6.45130"></trkpt>
    <trkpt lat="59.33200" lon="6.45060"></trkpt>
    <trkpt lat="59.33150" lon="6.44990"></trkpt>
    <trkpt lat="59.33040" lon="6.44930"></trkpt>
    <trkpt lat="59.32990" lon="6.44910"></trkpt>
    <trkpt lat="59.32930" lon="6.44870"></trkpt>
    <trkpt lat="59.32890" lon="6.44820"></trkpt>
    <trkpt lat="59.32850" lon="6.44770"></trkpt>
    <trkpt lat="59.32820" lon="6.44670"></trkpt>
    <trkpt lat="59.32800" lon="6.44590"></trkpt>
    <trkpt lat="59.32770" lon="6.44500"></trkpt>
    <trkpt lat="59.32730" lon="6.44370"></trkpt>
    <trkpt lat="59.32690" lon="6.44310"></trkpt>
    <trkpt lat="59.32660" lon="6.44230"></trkpt>
    <trkpt lat="59.32640" lon="6.44130"></trkpt>
    <trkpt lat="59.32620" lon="6.44040"></trkpt>
    <trkpt lat="59.32580" lon="6.43840"></trkpt>
    <trkpt lat="59.32550" lon="6.43700"></trkpt>
    <trkpt lat="59.32530" lon="6.43610"></trkpt>
    <trkpt lat="59.32500" lon="6.43490"></trkpt>
    <trkpt lat="59.32490" lon="6.43400"></trkpt>
    <trkpt lat="59.32480" lon="6.43290"></trkpt>
    <trkpt lat="59.32480" lon="6.43190"></trkpt>
    <trkpt lat="59.32480" lon="6.43070"></trkpt>
    <trkpt lat="59.32490" lon="6.42920"></trkpt>
    <trkpt lat="59.32510" lon="6.42790"></trkpt>
    <trkpt lat="59.32540" lon="6.42590"></trkpt>
    <trkpt lat="59.32550" lon="6.42470"></trkpt>
    <trkpt lat="59.32550" lon="6.42360"></trkpt>
    <trkpt lat="59.32530" lon="6.42250"></trkpt>
    <trkpt lat="59.32510" lon="6.42170"></trkpt>
    <trkpt lat="59.32470" lon="6.42100"></trkpt>
    <trkpt lat="59.32440" lon="6.42010"></trkpt>
    <trkpt lat="59.32410" lon="6.41860"></trkpt>
    <trkpt lat="59.32400" lon="6.41760"></trkpt>
    <trkpt lat="59.32380" lon="6.41660"></trkpt>
    <trkpt lat="59.32360" lon="6.41490"></trkpt>
    <trkpt lat="59.32360" lon="6.41400"></trkpt>
    <trkpt lat="59.32350" lon="6.41310"></trkpt>
    <trkpt lat="59.32340" lon="6.41140"></trkpt>
    <trkpt lat="59.32330" lon="6.41050"></trkpt>
    <trkpt lat="59.32320" lon="6.40920"></trkpt>
    <trkpt lat="59.32320" lon="6.40830"></trkpt>
    <trkpt lat="59.32320" lon="6.40730"></trkpt>
    <trkpt lat="59.32340" lon="6.40620"></trkpt>
    <trkpt lat="59.32360" lon="6.40520"></trkpt>
    <trkpt lat="59.32390" lon="6.40440"></trkpt>
    <trkpt lat="59.32400" lon="6.40350"></trkpt>
    <trkpt lat="59.32350" lon="6.40180"></trkpt>
    <trkpt lat="59.32320" lon="6.40060"></trkpt>
    <trkpt lat="59.32310" lon="6.39970"></trkpt>
    <trkpt lat="59.32280" lon="6.39780"></trkpt>
    <trkpt lat="59.32260" lon="6.39610"></trkpt>
    <trkpt lat="59.32250" lon="6.39520"></trkpt>
    <trkpt lat="59.32240" lon="6.39420"></trkpt>
    <trkpt lat="59.32230" lon="6.39310"></trkpt>
    <trkpt lat="59.32230" lon="6.39210"></trkpt>
    <trkpt lat="59.32240" lon="6.39100"></trkpt>
    <trkpt lat="59.32260" lon="6.38950"></trkpt>
    <trkpt lat="59.32280" lon="6.38860"></trkpt>
    <trkpt lat="59.32330" lon="6.38640"></trkpt>
    <trkpt lat="59.32350" lon="6.38540"></trkpt>
    <trkpt lat="59.32360" lon="6.38430"></trkpt>
    <trkpt lat="59.32370" lon="6.38340"></trkpt>
    <trkpt lat="59.32380" lon="6.38210"></trkpt>
    <trkpt lat="59.32380" lon="6.38080"></trkpt>
    <trkpt lat="59.32380" lon="6.37970"></trkpt>
    <trkpt lat="59.32370" lon="6.37870"></trkpt>
    <trkpt lat="59.32350" lon="6.37730"></trkpt>
    <trkpt lat="59.32330" lon="6.37600"></trkpt>
    <trkpt lat="59.32300" lon="6.37470"></trkpt>
    <trkpt lat="59.32180" lon="6.37050"></trkpt>
    <trkpt lat="59.32160" lon="6.36950"></trkpt>
    <trkpt lat="59.32140" lon="6.36850"></trkpt>
    <trkpt lat="59.32110" lon="6.36700"></trkpt>
    <trkpt lat="59.32090" lon="6.36600"></trkpt>
    <trkpt lat="59.32070" lon="6.36490"></trkpt>
    <trkpt lat="59.32030" lon="6.36270"></trkpt>
    <trkpt lat="59.32010" lon="6.36160"></trkpt>
    <trkpt lat="59.32000" lon="6.36050"></trkpt>
    <trkpt lat="59.32000" lon="6.35950"></trkpt>
    <trkpt lat="59.31990" lon="6.35850"></trkpt>
    <trkpt lat="59.31930" lon="6.35630"></trkpt>
    <trkpt lat="59.31900" lon="6.35520"></trkpt>
    <trkpt lat="59.31880" lon="6.35440"></trkpt>
    <trkpt lat="59.31860" lon="6.35330"></trkpt>
    <trkpt lat="59.31850" lon="6.35220"></trkpt>
    <trkpt lat="59.31830" lon="6.35120"></trkpt>
    <trkpt lat="59.31800" lon="6.34980"></trkpt>
    <trkpt lat="59.31760" lon="6.34860"></trkpt>
    <trkpt lat="59.31710" lon="6.34740"></trkpt>
    <trkpt lat="59.31680" lon="6.34670"></trkpt>
    <trkpt lat="59.31630" lon="6.34630"></trkpt>
    <trkpt lat="59.31590" lon="6.34570"></trkpt>
    <trkpt lat="59.31550" lon="6.34520"></trkpt>
    <trkpt lat="59.31510" lon="6.34420"></trkpt>
    <trkpt lat="59.31460" lon="6.34320"></trkpt>
    <trkpt lat="59.31420" lon="6.34240"></trkpt>
    <trkpt lat="59.31390" lon="6.34170"></trkpt>
    <trkpt lat="59.31360" lon="6.34100"></trkpt>
    <trkpt lat="59.31340" lon="6.34020"></trkpt>
    <trkpt lat="59.31320" lon="6.33860"></trkpt>
    <trkpt lat="59.31290" lon="6.33780"></trkpt>
    <trkpt lat="59.31250" lon="6.33730"></trkpt>
    <trkpt lat="59.31200" lon="6.33710"></trkpt>
    <trkpt lat="59.31190" lon="6.33820"></trkpt>
    <trkpt lat="59.31170" lon="6.33920"></trkpt>
    <trkpt lat="59.31120" lon="6.33960"></trkpt>
    <trkpt lat="59.31060" lon="6.33950"></trkpt>
    <trkpt lat="59.31010" lon="6.33910"></trkpt>
    <trkpt lat="59.30970" lon="6.33850"></trkpt>
    <trkpt lat="59.30900" lon="6.33790"></trkpt>
    <trkpt lat="59.30850" lon="6.33720"></trkpt>
    <trkpt lat="59.30800" lon="6.33670"></trkpt>
    <trkpt lat="59.30750" lon="6.33670"></trkpt>
    <trkpt lat="59.30650" lon="6.33500"></trkpt>
    <trkpt lat="59.30560" lon="6.33350"></trkpt>
    <trkpt lat="59.30520" lon="6.33270"></trkpt>
    <trkpt lat="59.30490" lon="6.33200"></trkpt>
    <trkpt lat="59.30410" lon="6.33160"></trkpt>
    <trkpt lat="59.30360" lon="6.33130"></trkpt>
    <trkpt lat="59.30290" lon="6.33060"></trkpt>
    <trkpt lat="59.30240" lon="6.32930"></trkpt>
    <trkpt lat="59.30210" lon="6.32840"></trkpt>
    <trkpt lat="59.30210" lon="6.32750"></trkpt>
    <trkpt lat="59.30230" lon="6.32650"></trkpt>
    <trkpt lat="59.30250" lon="6.32570"></trkpt>
    <trkpt lat="59.30260" lon="6.32470"></trkpt>
    <trkpt lat="59.30260" lon="6.32380"></trkpt>
    <trkpt lat="59.30230" lon="6.32270"></trkpt>
    <trkpt lat="59.30210" lon="6.32160"></trkpt>
    <trkpt lat="59.30190" lon="6.32060"></trkpt>
    <trkpt lat="59.30160" lon="6.31990"></trkpt>
    <trkpt lat="59.30110" lon="6.31930"></trkpt>
    <trkpt lat="59.30070" lon="6.31870"></trkpt>
    <trkpt lat="59.30030" lon="6.31770"></trkpt>
    <trkpt lat="59.29990" lon="6.31680"></trkpt>
    <trkpt lat="59.29940" lon="6.31600"></trkpt>
    <trkpt lat="59.29890" lon="6.31480"></trkpt>
    <trkpt lat="59.29850" lon="6.31370"></trkpt>
    <trkpt lat="59.29810" lon="6.31290"></trkpt>
    <trkpt lat="59.29780" lon="6.31220"></trkpt>
    <trkpt lat="59.29690" lon="6.31070"></trkpt>
    <trkpt lat="59.29640" lon="6.30950"></trkpt>
    <trkpt lat="59.29600" lon="6.30870"></trkpt>
    <trkpt lat="59.29570" lon="6.30760"></trkpt>
    <trkpt lat="59.29540" lon="6.30660"></trkpt>
    <trkpt lat="59.29520" lon="6.30560"></trkpt>
    <trkpt lat="59.29500" lon="6.30450"></trkpt>
    <trkpt lat="59.29490" lon="6.30290"></trkpt>
    <trkpt lat="59.29480" lon="6.30100"></trkpt>
    <trkpt lat="59.29470" lon="6.30010"></trkpt>
    <trkpt lat="59.29450" lon="6.29880"></trkpt>
    <trkpt lat="59.29440" lon="6.29780"></trkpt>
    <trkpt lat="59.29450" lon="6.29690"></trkpt>
    <trkpt lat="59.29470" lon="6.29560"></trkpt>
    <trkpt lat="59.29480" lon="6.29470"></trkpt>
    <trkpt lat="59.29460" lon="6.29360"></trkpt>
    <trkpt lat="59.29420" lon="6.29280"></trkpt>
    <trkpt lat="59.29380" lon="6.29230"></trkpt>
    <trkpt lat="59.29340" lon="6.29160"></trkpt>
    <trkpt lat="59.29310" lon="6.29070"></trkpt>
    <trkpt lat="59.29200" lon="6.28750"></trkpt>
    <trkpt lat="59.29180" lon="6.28660"></trkpt>
    <trkpt lat="59.29180" lon="6.28560"></trkpt>
    <trkpt lat="59.29180" lon="6.28410"></trkpt>
    <trkpt lat="59.29180" lon="6.28290"></trkpt>
    <trkpt lat="59.29170" lon="6.28190"></trkpt>
    <trkpt lat="59.29150" lon="6.28110"></trkpt>
    <trkpt lat="59.29140" lon="6.28020"></trkpt>
    <trkpt lat="59.29130" lon="6.27920"></trkpt>
    <trkpt lat="59.29130" lon="6.27790"></trkpt>
    <trkpt lat="59.29130" lon="6.27690"></trkpt>
    <trkpt lat="59.29120" lon="6.27580"></trkpt>
    <trkpt lat="59.29090" lon="6.27510"></trkpt>
    <trkpt lat="59.29060" lon="6.27440"></trkpt>
    <trkpt lat="59.29020" lon="6.27390"></trkpt>
    <trkpt lat="59.28950" lon="6.27330"></trkpt>
    <trkpt lat="59.28890" lon="6.27300"></trkpt>
    <trkpt lat="59.28840" lon="6.27250"></trkpt>
    <trkpt lat="59.28680" lon="6.26980"></trkpt>
    <trkpt lat="59.28630" lon="6.26890"></trkpt>
    <trkpt lat="59.28610" lon="6.26800"></trkpt>
    <trkpt lat="59.28590" lon="6.26710"></trkpt>
    <trkpt lat="59.28590" lon="6.26610"></trkpt>
    <trkpt lat="59.28590" lon="6.26450"></trkpt>
    <trkpt lat="59.28590" lon="6.26350"></trkpt>
    <trkpt lat="59.28580" lon="6.26250"></trkpt>
    <trkpt lat="59.28570" lon="6.26150"></trkpt>
    <trkpt lat="59.28550" lon="6.26050"></trkpt>
    <trkpt lat="59.28520" lon="6.25980"></trkpt>
    <trkpt lat="59.28450" lon="6.25800"></trkpt>
    <trkpt lat="59.28410" lon="6.25690"></trkpt>
    <trkpt lat="59.28390" lon="6.25600"></trkpt>
    <trkpt lat="59.28320" lon="6.25330"></trkpt>
    <trkpt lat="59.28300" lon="6.25240"></trkpt>
    <trkpt lat="59.28260" lon="6.25160"></trkpt>
    <trkpt lat="59.28160" lon="6.25040"></trkpt>
    <trkpt lat="59.28120" lon="6.24980"></trkpt>
    <trkpt lat="59.28090" lon="6.24910"></trkpt>
    <trkpt lat="59.28060" lon="6.24830"></trkpt>
    <trkpt lat="59.28030" lon="6.24720"></trkpt>
    <trkpt lat="59.28020" lon="6.24620"></trkpt>
    <trkpt lat="59.28010" lon="6.24530"></trkpt>
    <trkpt lat="59.28000" lon="6.24430"></trkpt>
    <trkpt lat="59.28000" lon="6.24270"></trkpt>
    <trkpt lat="59.27990" lon="6.24130"></trkpt>
    <trkpt lat="59.27980" lon="6.24030"></trkpt>
    <trkpt lat="59.27980" lon="6.23940"></trkpt>
    <trkpt lat="59.27970" lon="6.23830"></trkpt>
    <trkpt lat="59.27950" lon="6.23730"></trkpt>
    <trkpt lat="59.27920" lon="6.23650"></trkpt>
    <trkpt lat="59.27890" lon="6.23560"></trkpt>
    <trkpt lat="59.27860" lon="6.23470"></trkpt>
    <trkpt lat="59.27830" lon="6.23290"></trkpt>
    <trkpt lat="59.27810" lon="6.23210"></trkpt>
    <trkpt lat="59.27790" lon="6.23060"></trkpt>
    <trkpt lat="59.27780" lon="6.22940"></trkpt>
    <trkpt lat="59.27750" lon="6.22670"></trkpt>
    <trkpt lat="59.27730" lon="6.22540"></trkpt>
    <trkpt lat="59.27710" lon="6.22450"></trkpt>
    <trkpt lat="59.27690" lon="6.22340"></trkpt>
    <trkpt lat="59.27670" lon="6.22240"></trkpt>
    <trkpt lat="59.27650" lon="6.22160"></trkpt>
    <trkpt lat="59.27610" lon="6.22060"></trkpt>
    <trkpt lat="59.27570" lon="6.21930"></trkpt>
    <trkpt lat="59.27530" lon="6.21830"></trkpt>
    <trkpt lat="59.27500" lon="6.21750"></trkpt>
    <trkpt lat="59.27480" lon="6.21670"></trkpt>
    <trkpt lat="59.27470" lon="6.21570"></trkpt>
    <trkpt lat="59.27470" lon="6.21470"></trkpt>
    <trkpt lat="59.27480" lon="6.21360"></trkpt>
    <trkpt lat="59.27490" lon="6.21270"></trkpt>
    <trkpt lat="59.27480" lon="6.21170"></trkpt>
    <trkpt lat="59.27450" lon="6.21070"></trkpt>
    <trkpt lat="59.27410" lon="6.21000"></trkpt>
    <trkpt lat="59.27380" lon="6.20910"></trkpt>
    <trkpt lat="59.27350" lon="6.20830"></trkpt>
    <trkpt lat="59.27330" lon="6.20730"></trkpt>
    <trkpt lat="59.27310" lon="6.20590"></trkpt>
    <trkpt lat="59.27290" lon="6.20430"></trkpt>
    <trkpt lat="59.27280" lon="6.20310"></trkpt>
    <trkpt lat="59.27280" lon="6.20220"></trkpt>
    <trkpt lat="59.27270" lon="6.20120"></trkpt>
    <trkpt lat="59.27280" lon="6.20020"></trkpt>
    <trkpt lat="59.27290" lon="6.19910"></trkpt>
    <trkpt lat="59.27310" lon="6.19740"></trkpt>
    <trkpt lat="59.27320" lon="6.19640"></trkpt>
    <trkpt lat="59.27340" lon="6.19540"></trkpt>
    <trkpt lat="59.27330" lon="6.19430"></trkpt>
    <trkpt lat="59.27320" lon="6.19330"></trkpt>
    <trkpt lat="59.27300" lon="6.19230"></trkpt>
    <trkpt lat="59.27230" lon="6.19010"></trkpt>
    <trkpt lat="59.27140" lon="6.18760"></trkpt>
    <trkpt lat="59.27110" lon="6.18670"></trkpt>
    <trkpt lat="59.27070" lon="6.18610"></trkpt>
    <trkpt lat="59.27010" lon="6.18530"></trkpt>
    <trkpt lat="59.26970" lon="6.18470"></trkpt>
    <trkpt lat="59.26940" lon="6.18400"></trkpt>
    <trkpt lat="59.26820" lon="6.18040"></trkpt>
    <trkpt lat="59.26790" lon="6.17960"></trkpt>
    <trkpt lat="59.26730" lon="6.17920"></trkpt>
    <trkpt lat="59.26690" lon="6.17880"></trkpt>
    <trkpt lat="59.26650" lon="6.17830"></trkpt>
    <trkpt lat="59.26610" lon="6.17710"></trkpt>
    <trkpt lat="59.26580" lon="6.17610"></trkpt>
    <trkpt lat="59.26550" lon="6.17510"></trkpt>
    <trkpt lat="59.26490" lon="6.17390"></trkpt>
    <trkpt lat="59.26440" lon="6.17290"></trkpt>
    <trkpt lat="59.26390" lon="6.17200"></trkpt>
    <trkpt lat="59.26340" lon="6.17100"></trkpt>
    <trkpt lat="59.26300" lon="6.17020"></trkpt>
    <trkpt lat="59.26270" lon="6.16940"></trkpt>
    <trkpt lat="59.26230" lon="6.16830"></trkpt>
    <trkpt lat="59.26200" lon="6.16730"></trkpt>
    <trkpt lat="59.26190" lon="6.16640"></trkpt>
    <trkpt lat="59.26180" lon="6.16540"></trkpt>
    <trkpt lat="59.26190" lon="6.16450"></trkpt>
    <trkpt lat="59.26210" lon="6.16370"></trkpt>
    <trkpt lat="59.26250" lon="6.16290"></trkpt>
    <trkpt lat="59.26320" lon="6.16180"></trkpt>
    <trkpt lat="59.26360" lon="6.16100"></trkpt>
    <trkpt lat="59.26360" lon="6.16010"></trkpt>
    <trkpt lat="59.26350" lon="6.15910"></trkpt>
    <trkpt lat="59.26310" lon="6.15850"></trkpt>
    <trkpt lat="59.26260" lon="6.15820"></trkpt>
    <trkpt lat="59.26210" lon="6.15840"></trkpt>
    <trkpt lat="59.26170" lon="6.15880"></trkpt>
    <trkpt lat="59.26120" lon="6.15900"></trkpt>
    <trkpt lat="59.26050" lon="6.15970"></trkpt>
    <trkpt lat="59.26010" lon="6.16040"></trkpt>
    <trkpt lat="59.25960" lon="6.16120"></trkpt>
    <trkpt lat="59.25850" lon="6.16190"></trkpt>
    <trkpt lat="59.25730" lon="6.16250"></trkpt>
    <trkpt lat="59.25540" lon="6.16320"></trkpt>
    <trkpt lat="59.24140" lon="6.16560"></trkpt>
    <trkpt lat="59.23500" lon="6.16540"></trkpt>
    <trkpt lat="59.23440" lon="6.16550"></trkpt>
    <trkpt lat="59.23390" lon="6.16550"></trkpt>
    <trkpt lat="59.23340" lon="6.16550"></trkpt>
    <trkpt lat="59.23290" lon="6.16550"></trkpt>
    <trkpt lat="59.23250" lon="6.16480"></trkpt>
    <trkpt lat="59.23210" lon="6.16400"></trkpt>
    <trkpt lat="59.23180" lon="6.16320"></trkpt>
    <trkpt lat="59.23170" lon="6.16230"></trkpt>
    <trkpt lat="59.23170" lon="6.16140"></trkpt>
    <trkpt lat="59.23190" lon="6.16050"></trkpt>
    <trkpt lat="59.23230" lon="6.15930"></trkpt>
    <trkpt lat="59.23240" lon="6.15830"></trkpt>
    <trkpt lat="59.23230" lon="6.15740"></trkpt>
    <trkpt lat="59.23210" lon="6.15660"></trkpt>
    <trkpt lat="59.23180" lon="6.15590"></trkpt>
    <trkpt lat="59.23110" lon="6.15460"></trkpt>
    <trkpt lat="59.23070" lon="6.15360"></trkpt>
    <trkpt lat="59.23030" lon="6.15240"></trkpt>
    <trkpt lat="59.23000" lon="6.15140"></trkpt>
    <trkpt lat="59.22970" lon="6.15060"></trkpt>
    <trkpt lat="59.22930" lon="6.14980"></trkpt>
    <trkpt lat="59.22880" lon="6.14930"></trkpt>
    <trkpt lat="59.22830" lon="6.14890"></trkpt>
    <trkpt lat="59.22740" lon="6.14880"></trkpt>
    <trkpt lat="59.22690" lon="6.14860"></trkpt>
    <trkpt lat="59.22650" lon="6.14810"></trkpt>
    <trkpt lat="59.22620" lon="6.14730"></trkpt>
    <trkpt lat="59.22610" lon="6.14640"></trkpt>
    <trkpt lat="59.22610" lon="6.14550"></trkpt>
    <trkpt lat="59.22600" lon="6.14450"></trkpt>
    <trkpt lat="59.22580" lon="6.14370"></trkpt>
    <trkpt lat="59.22540" lon="6.14270"></trkpt>
    <trkpt lat="59.22470" lon="6.14120"></trkpt>
    <trkpt lat="59.22430" lon="6.14060"></trkpt>
    <trkpt lat="59.22390" lon="6.13990"></trkpt>
    <trkpt lat="59.22290" lon="6.13880"></trkpt>
    <trkpt lat="59.22240" lon="6.13820"></trkpt>
    <trkpt lat="59.22190" lon="6.13770"></trkpt>
    <trkpt lat="59.22140" lon="6.13730"></trkpt>
    <trkpt lat="59.22090" lon="6.13700"></trkpt>
    <trkpt lat="59.22040" lon="6.13680"></trkpt>
    <trkpt lat="59.21990" lon="6.13640"></trkpt>
    <trkpt lat="59.21950" lon="6.13570"></trkpt>
    <trkpt lat="59.21910" lon="6.13460"></trkpt>
    <trkpt lat="59.21880" lon="6.13370"></trkpt>
    <trkpt lat="59.21850" lon="6.13270"></trkpt>
    <trkpt lat="59.21820" lon="6.13110"></trkpt>
    <trkpt lat="59.21800" lon="6.13010"></trkpt>
    <trkpt lat="59.21770" lon="6.12930"></trkpt>
    <trkpt lat="59.21730" lon="6.12830"></trkpt>
    <trkpt lat="59.21700" lon="6.12750"></trkpt>
    <trkpt lat="59.21670" lon="6.12660"></trkpt>
    <trkpt lat="59.21650" lon="6.12560"></trkpt>
    <trkpt lat="59.21620" lon="6.12480"></trkpt>
    <trkpt lat="59.21570" lon="6.12430"></trkpt>
    <trkpt lat="59.21530" lon="6.12390"></trkpt>
    <trkpt lat="59.21490" lon="6.12330"></trkpt>
    <trkpt lat="59.21450" lon="6.12250"></trkpt>
    <trkpt lat="59.21410" lon="6.12180"></trkpt>
    <trkpt lat="59.21360" lon="6.12160"></trkpt>
    <trkpt lat="59.21310" lon="6.12140"></trkpt>
    <trkpt lat="59.21260" lon="6.12120"></trkpt>
    <trkpt lat="59.21220" lon="6.12080"></trkpt>
    <trkpt lat="59.21170" lon="6.12080"></trkpt>
    <trkpt lat="59.21130" lon="6.12120"></trkpt>
    <trkpt lat="59.21110" lon="6.12200"></trkpt>
    <trkpt lat="59.21010" lon="6.12310"></trkpt>
    <trkpt lat="59.20960" lon="6.12350"></trkpt>
    <trkpt lat="59.20880" lon="6.12380"></trkpt>
    <trkpt lat="59.20830" lon="6.12380"></trkpt>
    <trkpt lat="59.20780" lon="6.12350"></trkpt>
    <trkpt lat="59.20720" lon="6.12340"></trkpt>
    <trkpt lat="59.20660" lon="6.12330"></trkpt>
    <trkpt lat="59.20570" lon="6.12350"></trkpt>
    <trkpt lat="59.20510" lon="6.12360"></trkpt>
    <trkpt lat="59.20460" lon="6.12370"></trkpt>
    <trkpt lat="59.20330" lon="6.12360"></trkpt>
    <trkpt lat="59.20240" lon="6.12350"></trkpt>
    <trkpt lat="59.20170" lon="6.12350"></trkpt>
    <trkpt lat="59.20110" lon="6.12340"></trkpt>
    <trkpt lat="59.20010" lon="6.12300"></trkpt>
    <trkpt lat="59.19960" lon="6.12300"></trkpt>
    <trkpt lat="59.19910" lon="6.12340"></trkpt>
    <trkpt lat="59.19880" lon="6.12410"></trkpt>
    <trkpt lat="59.19840" lon="6.12540"></trkpt>
    <trkpt lat="59.19810" lon="6.12660"></trkpt>
    <trkpt lat="59.19760" lon="6.12860"></trkpt>
    <trkpt lat="59.19740" lon="6.12980"></trkpt>
    <trkpt lat="59.19660" lon="6.13320"></trkpt>
    <trkpt lat="59.19630" lon="6.13400"></trkpt>
    <trkpt lat="59.19580" lon="6.13440"></trkpt>
    <trkpt lat="59.19440" lon="6.13400"></trkpt>
    <trkpt lat="59.19390" lon="6.13400"></trkpt>
    <trkpt lat="59.19350" lon="6.13440"></trkpt>
    <trkpt lat="59.19310" lon="6.13530"></trkpt>
    <trkpt lat="59.19280" lon="6.13670"></trkpt>
    <trkpt lat="59.19230" lon="6.13850"></trkpt>
    <trkpt lat="59.19210" lon="6.13930"></trkpt>
    <trkpt lat="59.19180" lon="6.14020"></trkpt>
    <trkpt lat="59.19140" lon="6.14090"></trkpt>
    <trkpt lat="59.19090" lon="6.14170"></trkpt>
    <trkpt lat="59.19030" lon="6.14240"></trkpt>
    <trkpt lat="59.18940" lon="6.14330"></trkpt>
    <trkpt lat="59.18820" lon="6.14460"></trkpt>
    <trkpt lat="59.18740" lon="6.14540"></trkpt>
    <trkpt lat="59.18690" lon="6.14600"></trkpt>
    <trkpt lat="59.18640" lon="6.14660"></trkpt>
    <trkpt lat="59.18590" lon="6.14800"></trkpt>
    <trkpt lat="59.18560" lon="6.14870"></trkpt>
    <trkpt lat="59.18520" lon="6.14920"></trkpt>
    <trkpt lat="59.18460" lon="6.14970"></trkpt>
    <trkpt lat="59.18410" lon="6.15010"></trkpt>
    <trkpt lat="59.18370" lon="6.15060"></trkpt>
    <trkpt lat="59.18330" lon="6.15150"></trkpt>
    <trkpt lat="59.18290" lon="6.15210"></trkpt>
    <trkpt lat="59.18280" lon="6.15100"></trkpt>
    <trkpt lat="59.18300" lon="6.15020"></trkpt>
    <trkpt lat="59.18310" lon="6.14930"></trkpt>
    <trkpt lat="59.18320" lon="6.14810"></trkpt>
    <trkpt lat="59.18320" lon="6.14720"></trkpt>
    <trkpt lat="59.18320" lon="6.14630"></trkpt>
    <trkpt lat="59.18290" lon="6.14530"></trkpt>
    <trkpt lat="59.18270" lon="6.14450"></trkpt>
    <trkpt lat="59.18270" lon="6.14360"></trkpt>
    <trkpt lat="59.18270" lon="6.14190"></trkpt>
    <trkpt lat="59.18230" lon="6.14230"></trkpt>
    <trkpt lat="59.18200" lon="6.14300"></trkpt>
    <trkpt lat="59.18180" lon="6.14450"></trkpt>
    <trkpt lat="59.18160" lon="6.14530"></trkpt>
    <trkpt lat="59.18120" lon="6.14590"></trkpt>
    <trkpt lat="59.18010" lon="6.14620"></trkpt>
    <trkpt lat="59.17960" lon="6.14620"></trkpt>
    <trkpt lat="59.17900" lon="6.14610"></trkpt>
    <trkpt lat="59.17860" lon="6.14570"></trkpt>
    <trkpt lat="59.17820" lon="6.14530"></trkpt>
    <trkpt lat="59.17780" lon="6.14490"></trkpt>
    <trkpt lat="59.17700" lon="6.14420"></trkpt>
    <trkpt lat="59.17640" lon="6.14370"></trkpt>
    <trkpt lat="59.17600" lon="6.14320"></trkpt>
    <trkpt lat="59.17550" lon="6.14240"></trkpt>
    <trkpt lat="59.17500" lon="6.14160"></trkpt>
    <trkpt lat="59.17460" lon="6.14120"></trkpt>
    <trkpt lat="59.17400" lon="6.14090"></trkpt>
    <trkpt lat="59.17350" lon="6.14100"></trkpt>
    <trkpt lat="59.17290" lon="6.14080"></trkpt>
    <trkpt lat="59.17240" lon="6.14050"></trkpt>
    <trkpt lat="59.17190" lon="6.14020"></trkpt>
    <trkpt lat="59.17100" lon="6.14130"></trkpt>
    <trkpt lat="59.17050" lon="6.14150"></trkpt>
    <trkpt lat="59.17000" lon="6.14100"></trkpt>
    <trkpt lat="59.16870" lon="6.14030"></trkpt>
    <trkpt lat="59.16810" lon="6.14010"></trkpt>
    <trkpt lat="59.16740" lon="6.13960"></trkpt>
    <trkpt lat="59.16690" lon="6.13930"></trkpt>
    <trkpt lat="59.16640" lon="6.13960"></trkpt>
    <trkpt lat="59.16580" lon="6.14010"></trkpt>
    <trkpt lat="59.16530" lon="6.14100"></trkpt>
    <trkpt lat="59.16510" lon="6.14180"></trkpt>
    <trkpt lat="59.16480" lon="6.14250"></trkpt>
    <trkpt lat="59.16470" lon="6.14420"></trkpt>
    <trkpt lat="59.16470" lon="6.14530"></trkpt>
    <trkpt lat="59.16460" lon="6.14660"></trkpt>
    <trkpt lat="59.16450" lon="6.14770"></trkpt>
    <trkpt lat="59.16440" lon="6.14880"></trkpt>
    <trkpt lat="59.16450" lon="6.15030"></trkpt>
    <trkpt lat="59.16460" lon="6.15130"></trkpt>
    <trkpt lat="59.16500" lon="6.15310"></trkpt>
    <trkpt lat="59.16530" lon="6.15410"></trkpt>
    <trkpt lat="59.16580" lon="6.15490"></trkpt>
    <trkpt lat="59.16660" lon="6.15620"></trkpt>
    <trkpt lat="59.16700" lon="6.15670"></trkpt>
    <trkpt lat="59.16740" lon="6.15710"></trkpt>
    <trkpt lat="59.16810" lon="6.15760"></trkpt>
    <trkpt lat="59.16890" lon="6.15790"></trkpt>
    <trkpt lat="59.16960" lon="6.15860"></trkpt>
    <trkpt lat="59.17050" lon="6.15900"></trkpt>
    <trkpt lat="59.17110" lon="6.15940"></trkpt>
    <trkpt lat="59.17160" lon="6.16020"></trkpt>
    <trkpt lat="59.17180" lon="6.16100"></trkpt>
    <trkpt lat="59.17180" lon="6.16200"></trkpt>
    <trkpt lat="59.17160" lon="6.16430"></trkpt>
    <trkpt lat="59.17140" lon="6.16510"></trkpt>
    <trkpt lat="59.17110" lon="6.16580"></trkpt>
    <trkpt lat="59.17070" lon="6.16620"></trkpt>
    <trkpt lat="59.17030" lon="6.16730"></trkpt>
    <trkpt lat="59.17000" lon="6.16800"></trkpt>
    <trkpt lat="59.16960" lon="6.16880"></trkpt>
    <trkpt lat="59.16920" lon="6.16950"></trkpt>
    <trkpt lat="59.16890" lon="6.17060"></trkpt>
    <trkpt lat="59.16860" lon="6.17130"></trkpt>
    <trkpt lat="59.16840" lon="6.17210"></trkpt>
    <trkpt lat="59.16840" lon="6.17120"></trkpt>
    <trkpt lat="59.16820" lon="6.17020"></trkpt>
    <trkpt lat="59.16790" lon="6.16930"></trkpt>
    <trkpt lat="59.16740" lon="6.16810"></trkpt>
    <trkpt lat="59.16700" lon="6.16740"></trkpt>
    <trkpt lat="59.16650" lon="6.16740"></trkpt>
    <trkpt lat="59.16610" lon="6.16790"></trkpt>
    <trkpt lat="59.16560" lon="6.16910"></trkpt>
    <trkpt lat="59.16510" lon="6.17000"></trkpt>
    <trkpt lat="59.16470" lon="6.17040"></trkpt>
    <trkpt lat="59.16420" lon="6.17100"></trkpt>
    <trkpt lat="59.16370" lon="6.17170"></trkpt>
    <trkpt lat="59.16300" lon="6.17270"></trkpt>
    <trkpt lat="59.16260" lon="6.17330"></trkpt>
    <trkpt lat="59.16180" lon="6.17390"></trkpt>
    <trkpt lat="59.16130" lon="6.17410"></trkpt>
    <trkpt lat="59.15980" lon="6.17470"></trkpt>
    <trkpt lat="59.15930" lon="6.17480"></trkpt>
    <trkpt lat="59.15870" lon="6.17470"></trkpt>
    <trkpt lat="59.15680" lon="6.17400"></trkpt>
    <trkpt lat="59.15540" lon="6.17340"></trkpt>
    <trkpt lat="59.15480" lon="6.17320"></trkpt>
    <trkpt lat="59.15420" lon="6.17310"></trkpt>
    <trkpt lat="59.15370" lon="6.17300"></trkpt>
    <trkpt lat="59.15290" lon="6.17200"></trkpt>
    <trkpt lat="59.15260" lon="6.17130"></trkpt>
    <trkpt lat="59.15230" lon="6.17030"></trkpt>
    <trkpt lat="59.15210" lon="6.16940"></trkpt>
    <trkpt lat="59.15180" lon="6.16860"></trkpt>
    <trkpt lat="59.15140" lon="6.16790"></trkpt>
    <trkpt lat="59.15120" lon="6.16700"></trkpt>
    <trkpt lat="59.15070" lon="6.16690"></trkpt>
    <trkpt lat="59.15030" lon="6.16760"></trkpt>
    <trkpt lat="59.15000" lon="6.16830"></trkpt>
    <trkpt lat="59.14980" lon="6.16910"></trkpt>
    <trkpt lat="59.14970" lon="6.17000"></trkpt>
    <trkpt lat="59.14960" lon="6.17110"></trkpt>
    <trkpt lat="59.14970" lon="6.17200"></trkpt>
    <trkpt lat="59.14980" lon="6.17340"></trkpt>
    <trkpt lat="59.15000" lon="6.17510"></trkpt>
    <trkpt lat="59.15020" lon="6.17610"></trkpt>
    <trkpt lat="59.15050" lon="6.17820"></trkpt>
    <trkpt lat="59.15060" lon="6.17930"></trkpt>
    <trkpt lat="59.15070" lon="6.18020"></trkpt>
    <trkpt lat="59.15060" lon="6.18140"></trkpt>
    <trkpt lat="59.15050" lon="6.18250"></trkpt>
    <trkpt lat="59.15040" lon="6.18390"></trkpt>
    <trkpt lat="59.15030" lon="6.18490"></trkpt>
    <trkpt lat="59.15010" lon="6.18670"></trkpt>
    <trkpt lat="59.15000" lon="6.18830"></trkpt>
    <trkpt lat="59.14910" lon="6.19840"></trkpt>
    <trkpt lat="59.14890" lon="6.20010"></trkpt>
    <trkpt lat="59.14880" lon="6.20140"></trkpt>
    <trkpt lat="59.14870" lon="6.20270"></trkpt>
    <trkpt lat="59.14860" lon="6.20360"></trkpt>
    <trkpt lat="59.14830" lon="6.20430"></trkpt>
    <trkpt lat="59.14790" lon="6.20470"></trkpt>
    <trkpt lat="59.14740" lon="6.20490"></trkpt>
    <trkpt lat="59.14670" lon="6.20500"></trkpt>
    <trkpt lat="59.14620" lon="6.20510"></trkpt>
    <trkpt lat="59.14570" lon="6.20540"></trkpt>
    <trkpt lat="59.14520" lon="6.20600"></trkpt>
    <trkpt lat="59.14430" lon="6.20710"></trkpt>
    <trkpt lat="59.14360" lon="6.20800"></trkpt>
    <trkpt lat="59.14300" lon="6.20870"></trkpt>
    <trkpt lat="59.14140" lon="6.21080"></trkpt>
    <trkpt lat="59.14100" lon="6.21130"></trkpt>
    <trkpt lat="59.14060" lon="6.21170"></trkpt>
    <trkpt lat="59.14030" lon="6.21260"></trkpt>
    <trkpt lat="59.14020" lon="6.21370"></trkpt>
    <trkpt lat="59.14010" lon="6.21460"></trkpt>
    <trkpt lat="59.14020" lon="6.21560"></trkpt>
    <trkpt lat="59.14040" lon="6.21750"></trkpt>
    <trkpt lat="59.14050" lon="6.21880"></trkpt>
    <trkpt lat="59.14050" lon="6.21970"></trkpt>
    <trkpt lat="59.14050" lon="6.22060"></trkpt>
    <trkpt lat="59.14030" lon="6.22170"></trkpt>
    <trkpt lat="59.14010" lon="6.22260"></trkpt>
    <trkpt lat="59.14000" lon="6.22350"></trkpt>
    <trkpt lat="59.13970" lon="6.22430"></trkpt>
    <trkpt lat="59.13930" lon="6.22490"></trkpt>
    <trkpt lat="59.13880" lon="6.22550"></trkpt>
    <trkpt lat="59.13840" lon="6.22610"></trkpt>
    <trkpt lat="59.13810" lon="6.22680"></trkpt>
    <trkpt lat="59.13780" lon="6.22780"></trkpt>
    <trkpt lat="59.13730" lon="6.23040"></trkpt>
    <trkpt lat="59.13680" lon="6.23250"></trkpt>
    <trkpt lat="59.13570" lon="6.23810"></trkpt>
    <trkpt lat="59.13550" lon="6.23920"></trkpt>
    <trkpt lat="59.13520" lon="6.24020"></trkpt>
    <trkpt lat="59.13480" lon="6.24100"></trkpt>
    <trkpt lat="59.13420" lon="6.24210"></trkpt>
    <trkpt lat="59.13230" lon="6.24510"></trkpt>
    <trkpt lat="59.13120" lon="6.24670"></trkpt>
    <trkpt lat="59.13060" lon="6.24760"></trkpt>
    <trkpt lat="59.13000" lon="6.24850"></trkpt>
    <trkpt lat="59.12960" lon="6.24910"></trkpt>
    <trkpt lat="59.12880" lon="6.24980"></trkpt>
    <trkpt lat="59.12840" lon="6.25020"></trkpt>
    <trkpt lat="59.12790" lon="6.25010"></trkpt>
    <trkpt lat="59.12730" lon="6.24940"></trkpt>
    <trkpt lat="59.12680" lon="6.24920"></trkpt>
    <trkpt lat="59.12640" lon="6.24960"></trkpt>
    <trkpt lat="59.12620" lon="6.25040"></trkpt>
    <trkpt lat="59.12650" lon="6.25170"></trkpt>
    <trkpt lat="59.12630" lon="6.25250"></trkpt>
    <trkpt lat="59.12590" lon="6.25190"></trkpt>
    <trkpt lat="59.12580" lon="6.25090"></trkpt>
    <trkpt lat="59.12570" lon="6.24940"></trkpt>
    <trkpt lat="59.12570" lon="6.24820"></trkpt>
    <trkpt lat="59.12560" lon="6.24720"></trkpt>
    <trkpt lat="59.12530" lon="6.24630"></trkpt>
    <trkpt lat="59.12480" lon="6.24440"></trkpt>
    <trkpt lat="59.12450" lon="6.24330"></trkpt>
    <trkpt lat="59.12410" lon="6.24220"></trkpt>
    <trkpt lat="59.12370" lon="6.24110"></trkpt>
    <trkpt lat="59.12350" lon="6.24010"></trkpt>
    <trkpt lat="59.12320" lon="6.23850"></trkpt>
    <trkpt lat="59.12290" lon="6.23720"></trkpt>
    <trkpt lat="59.12250" lon="6.23540"></trkpt>
    <trkpt lat="59.12240" lon="6.23450"></trkpt>
    <trkpt lat="59.12240" lon="6.23360"></trkpt>
    <trkpt lat="59.12260" lon="6.23250"></trkpt>
    <trkpt lat="59.12260" lon="6.23150"></trkpt>
    <trkpt lat="59.12230" lon="6.22810"></trkpt>
    <trkpt lat="59.12220" lon="6.22710"></trkpt>
    <trkpt lat="59.12210" lon="6.22610"></trkpt>
    <trkpt lat="59.12190" lon="6.22530"></trkpt>
    <trkpt lat="59.12170" lon="6.22440"></trkpt>
    <trkpt lat="59.12140" lon="6.22370"></trkpt>
    <trkpt lat="59.12120" lon="6.22290"></trkpt>
    <trkpt lat="59.12110" lon="6.22190"></trkpt>
    <trkpt lat="59.12110" lon="6.22080"></trkpt>
    <trkpt lat="59.12100" lon="6.21980"></trkpt>
    <trkpt lat="59.12080" lon="6.21870"></trkpt>
    <trkpt lat="59.12050" lon="6.21790"></trkpt>
    <trkpt lat="59.11960" lon="6.21640"></trkpt>
    <trkpt lat="59.11830" lon="6.21410"></trkpt>
    <trkpt lat="59.11780" lon="6.21330"></trkpt>
    <trkpt lat="59.11740" lon="6.21230"></trkpt>
    <trkpt lat="59.11620" lon="6.20980"></trkpt>
    <trkpt lat="59.11570" lon="6.20880"></trkpt>
    <trkpt lat="59.11530" lon="6.20810"></trkpt>
    <trkpt lat="59.11460" lon="6.20660"></trkpt>
    <trkpt lat="59.11360" lon="6.20500"></trkpt>
    <trkpt lat="59.11320" lon="6.20410"></trkpt>
    <trkpt lat="59.11200" lon="6.20000"></trkpt>
    <trkpt lat="59.11170" lon="6.19880"></trkpt>
    <trkpt lat="59.11090" lon="6.19620"></trkpt>
    <trkpt lat="59.11060" lon="6.19510"></trkpt>
    <trkpt lat="59.11050" lon="6.19420"></trkpt>
    <trkpt lat="59.11030" lon="6.19340"></trkpt>
    <trkpt lat="59.11000" lon="6.19130"></trkpt>
    <trkpt lat="59.10980" lon="6.19040"></trkpt>
    <trkpt lat="59.10920" lon="6.18800"></trkpt>
    <trkpt lat="59.10900" lon="6.18720"></trkpt>
    <trkpt lat="59.10880" lon="6.18640"></trkpt>
    <trkpt lat="59.10860" lon="6.18540"></trkpt>
    <trkpt lat="59.10830" lon="6.18300"></trkpt>
    <trkpt lat="59.10810" lon="6.18200"></trkpt>
    <trkpt lat="59.10790" lon="6.18120"></trkpt>
    <trkpt lat="59.10760" lon="6.18030"></trkpt>
    <trkpt lat="59.10660" lon="6.17810"></trkpt>
    <trkpt lat="59.10630" lon="6.17720"></trkpt>
    <trkpt lat="59.10620" lon="6.17620"></trkpt>
    <trkpt lat="59.10620" lon="6.17520"></trkpt>
    <trkpt lat="59.10630" lon="6.17420"></trkpt>
    <trkpt lat="59.10660" lon="6.17330"></trkpt>
    <trkpt lat="59.10670" lon="6.17240"></trkpt>
    <trkpt lat="59.10670" lon="6.17130"></trkpt>
    <trkpt lat="59.10620" lon="6.16900"></trkpt>
    <trkpt lat="59.10590" lon="6.16820"></trkpt>
    <trkpt lat="59.10530" lon="6.16720"></trkpt>
    <trkpt lat="59.10490" lon="6.16680"></trkpt>
    <trkpt lat="59.10410" lon="6.16640"></trkpt>
    <trkpt lat="59.10370" lon="6.16600"></trkpt>
    <trkpt lat="59.10330" lon="6.16530"></trkpt>
    <trkpt lat="59.10300" lon="6.16460"></trkpt>
    <trkpt lat="59.10290" lon="6.16340"></trkpt>
    <trkpt lat="59.10270" lon="6.16240"></trkpt>
    <trkpt lat="59.10250" lon="6.16150"></trkpt>
    <trkpt lat="59.10150" lon="6.15930"></trkpt>
    <trkpt lat="59.10120" lon="6.15860"></trkpt>
    <trkpt lat="59.10100" lon="6.15780"></trkpt>
    <trkpt lat="59.10090" lon="6.15610"></trkpt>
    <trkpt lat="59.10060" lon="6.15490"></trkpt>
    <trkpt lat="59.10050" lon="6.15370"></trkpt>
    <trkpt lat="59.10020" lon="6.15280"></trkpt>
    <trkpt lat="59.10000" lon="6.15200"></trkpt>
    <trkpt lat="59.09990" lon="6.15080"></trkpt>
    <trkpt lat="59.09980" lon="6.14980"></trkpt>
    <trkpt lat="59.09960" lon="6.14900"></trkpt>
    <trkpt lat="59.09940" lon="6.14780"></trkpt>
    <trkpt lat="59.09930" lon="6.14610"></trkpt>
    <trkpt lat="59.09920" lon="6.14510"></trkpt>
    <trkpt lat="59.09900" lon="6.14430"></trkpt>
    <trkpt lat="59.09890" lon="6.14310"></trkpt>
    <trkpt lat="59.09860" lon="6.14210"></trkpt>
    <trkpt lat="59.09810" lon="6.14080"></trkpt>
    <trkpt lat="59.09780" lon="6.13960"></trkpt>
    <trkpt lat="59.09750" lon="6.13850"></trkpt>
    <trkpt lat="59.09730" lon="6.13750"></trkpt>
    <trkpt lat="59.09720" lon="6.13620"></trkpt>
    <trkpt lat="59.09690" lon="6.13330"></trkpt>
    <trkpt lat="59.09680" lon="6.13240"></trkpt>
    <trkpt lat="59.09650" lon="6.13070"></trkpt>
    <trkpt lat="59.09640" lon="6.12950"></trkpt>
    <trkpt lat="59.09610" lon="6.12830"></trkpt>
    <trkpt lat="59.09590" lon="6.12710"></trkpt>
    <trkpt lat="59.09570" lon="6.12600"></trkpt>
    <trkpt lat="59.08340" lon="6.07380"></trkpt>
    <trkpt lat="59.08320" lon="6.07290"></trkpt>
    <trkpt lat="59.08290" lon="6.07210"></trkpt>
    <trkpt lat="59.08250" lon="6.07140"></trkpt>
    <trkpt lat="59.08210" lon="6.07080"></trkpt>
    <trkpt lat="59.08170" lon="6.07030"></trkpt>
    <trkpt lat="59.08110" lon="6.07000"></trkpt>
    <trkpt lat="59.08060" lon="6.06980"></trkpt>
    <trkpt lat="59.08000" lon="6.06980"></trkpt>
    <trkpt lat="59.07950" lon="6.06970"></trkpt>
    <trkpt lat="59.07900" lon="6.06940"></trkpt>
    <trkpt lat="59.07850" lon="6.06900"></trkpt>
    <trkpt lat="59.07810" lon="6.06850"></trkpt>
    <trkpt lat="59.07770" lon="6.06790"></trkpt>
    <trkpt lat="59.07720" lon="6.06700"></trkpt>
    <trkpt lat="59.07690" lon="6.06630"></trkpt>
    <trkpt lat="59.07650" lon="6.06570"></trkpt>
    <trkpt lat="59.07590" lon="6.06510"></trkpt>
    <trkpt lat="59.07550" lon="6.06470"></trkpt>
    <trkpt lat="59.07510" lon="6.06390"></trkpt>
    <trkpt lat="59.07480" lon="6.06320"></trkpt>
    <trkpt lat="59.07450" lon="6.06180"></trkpt>
    <trkpt lat="59.07410" lon="6.06050"></trkpt>
    <trkpt lat="59.07370" lon="6.05870"></trkpt>
    <trkpt lat="59.07330" lon="6.05730"></trkpt>
    <trkpt lat="59.07300" lon="6.05600"></trkpt>
    <trkpt lat="59.07280" lon="6.05510"></trkpt>
    <trkpt lat="59.07270" lon="6.05420"></trkpt>
    <trkpt lat="59.07270" lon="6.05300"></trkpt>
    <trkpt lat="59.07250" lon="6.05220"></trkpt>
    <trkpt lat="59.07220" lon="6.05110"></trkpt>
    <trkpt lat="59.07200" lon="6.05010"></trkpt>
    <trkpt lat="59.07210" lon="6.04910"></trkpt>
    <trkpt lat="59.07240" lon="6.04820"></trkpt>
    <trkpt lat="59.07280" lon="6.04780"></trkpt>
    <trkpt lat="59.07340" lon="6.04750"></trkpt>
    <trkpt lat="59.07380" lon="6.04710"></trkpt>
    <trkpt lat="59.07430" lon="6.04630"></trkpt>
    <trkpt lat="59.07450" lon="6.04550"></trkpt>
    <trkpt lat="59.07470" lon="6.04440"></trkpt>
    <trkpt lat="59.07480" lon="6.04330"></trkpt>
    <trkpt lat="59.07480" lon="6.04210"></trkpt>
    <trkpt lat="59.07470" lon="6.04080"></trkpt>
    <trkpt lat="59.07460" lon="6.03860"></trkpt>
    <trkpt lat="59.07450" lon="6.03690"></trkpt>
    <trkpt lat="59.07430" lon="6.03420"></trkpt>
    <trkpt lat="59.07420" lon="6.03310"></trkpt>
    <trkpt lat="59.07410" lon="6.03210"></trkpt>
    <trkpt lat="59.07390" lon="6.03110"></trkpt>
    <trkpt lat="59.07350" lon="6.02930"></trkpt>
    <trkpt lat="59.07310" lon="6.02740"></trkpt>
    <trkpt lat="59.07290" lon="6.02630"></trkpt>
    <trkpt lat="59.07250" lon="6.02440"></trkpt>
    <trkpt lat="59.07220" lon="6.02320"></trkpt>
    <trkpt lat="59.07200" lon="6.02210"></trkpt>
    <trkpt lat="59.07170" lon="6.02070"></trkpt>
    <trkpt lat="59.07140" lon="6.01880"></trkpt>
    <trkpt lat="59.07130" lon="6.01780"></trkpt>
    <trkpt lat="59.07110" lon="6.01590"></trkpt>
    <trkpt lat="59.07100" lon="6.01500"></trkpt>
    <trkpt lat="59.07090" lon="6.01370"></trkpt>
    <trkpt lat="59.07080" lon="6.01270"></trkpt>
    <trkpt lat="59.07070" lon="6.01160"></trkpt>
    <trkpt lat="59.07050" lon="6.01040"></trkpt>
    <trkpt lat="59.07040" lon="6.00910"></trkpt>
    <trkpt lat="59.07030" lon="6.00820"></trkpt>
    <trkpt lat="59.07000" lon="6.00740"></trkpt>
    <trkpt lat="59.06970" lon="6.00670"></trkpt>
    <trkpt lat="59.06930" lon="6.00600"></trkpt>
    <trkpt lat="59.06910" lon="6.00520"></trkpt>
    <trkpt lat="59.06940" lon="6.00440"></trkpt>
    <trkpt lat="59.06990" lon="6.00410"></trkpt>
    <trkpt lat="59.07030" lon="6.00360"></trkpt>
    <trkpt lat="59.07060" lon="6.00270"></trkpt>
    <trkpt lat="59.07080" lon="6.00160"></trkpt>
    <trkpt lat="59.07100" lon="6.00080"></trkpt>
    <trkpt lat="59.07110" lon="5.99850"></trkpt>
    <trkpt lat="59.07110" lon="5.99750"></trkpt>
    <trkpt lat="59.07110" lon="5.99660"></trkpt>
    <trkpt lat="59.07090" lon="5.99570"></trkpt>
    <trkpt lat="59.07060" lon="5.99400"></trkpt>
    <trkpt lat="59.07030" lon="5.99280"></trkpt>
    <trkpt lat="59.07010" lon="5.99160"></trkpt>
    <trkpt lat="59.06990" lon="5.99080"></trkpt>
    <trkpt lat="59.06980" lon="5.98990"></trkpt>
    <trkpt lat="59.07000" lon="5.98810"></trkpt>
    <trkpt lat="59.07020" lon="5.98680"></trkpt>
    <trkpt lat="59.07020" lon="5.98590"></trkpt>
    <trkpt lat="59.07010" lon="5.98460"></trkpt>
    <trkpt lat="59.06990" lon="5.98370"></trkpt>
    <trkpt lat="59.06960" lon="5.98270"></trkpt>
    <trkpt lat="59.06930" lon="5.98150"></trkpt>
    <trkpt lat="59.06900" lon="5.98030"></trkpt>
    <trkpt lat="59.06880" lon="5.97950"></trkpt>
    <trkpt lat="59.06840" lon="5.97870"></trkpt>
    <trkpt lat="59.06800" lon="5.97740"></trkpt>
    <trkpt lat="59.06800" lon="5.97650"></trkpt>
    <trkpt lat="59.06850" lon="5.97610"></trkpt>
    <trkpt lat="59.06880" lon="5.97540"></trkpt>
    <trkpt lat="59.06900" lon="5.97460"></trkpt>
    <trkpt lat="59.06890" lon="5.97330"></trkpt>
    <trkpt lat="59.06880" lon="5.97230"></trkpt>
    <trkpt lat="59.06860" lon="5.97150"></trkpt>
    <trkpt lat="59.06820" lon="5.97060"></trkpt>
    <trkpt lat="59.06800" lon="5.96980"></trkpt>
    <trkpt lat="59.06800" lon="5.96890"></trkpt>
    <trkpt lat="59.06810" lon="5.96800"></trkpt>
    <trkpt lat="59.06790" lon="5.96710"></trkpt>
    <trkpt lat="59.06760" lon="5.96560"></trkpt>
    <trkpt lat="59.06710" lon="5.96370"></trkpt>
    <trkpt lat="59.06680" lon="5.96270"></trkpt>
    <trkpt lat="59.06680" lon="5.96180"></trkpt>
    <trkpt lat="59.06720" lon="5.96120"></trkpt>
    <trkpt lat="59.06770" lon="5.96080"></trkpt>
    <trkpt lat="59.06810" lon="5.96040"></trkpt>
    <trkpt lat="59.06890" lon="5.95880"></trkpt>
    <trkpt lat="59.06930" lon="5.95810"></trkpt>
    <trkpt lat="59.06950" lon="5.95730"></trkpt>
    <trkpt lat="59.06940" lon="5.95640"></trkpt>
    <trkpt lat="59.06910" lon="5.95550"></trkpt>
    <trkpt lat="59.06890" lon="5.95460"></trkpt>
    <trkpt lat="59.06840" lon="5.95310"></trkpt>
    <trkpt lat="59.06810" lon="5.95220"></trkpt>
    <trkpt lat="59.06780" lon="5.95150"></trkpt>
    <trkpt lat="59.06760" lon="5.95060"></trkpt>
    <trkpt lat="59.06740" lon="5.94980"></trkpt>
    <trkpt lat="59.06650" lon="5.94740"></trkpt>
    <trkpt lat="59.06610" lon="5.94650"></trkpt>
    <trkpt lat="59.06580" lon="5.94580"></trkpt>
    <trkpt lat="59.06520" lon="5.94420"></trkpt>
    <trkpt lat="59.06490" lon="5.94350"></trkpt>
    <trkpt lat="59.06420" lon="5.94360"></trkpt>
    <trkpt lat="59.06380" lon="5.94400"></trkpt>
    <trkpt lat="59.06340" lon="5.94480"></trkpt>
    <trkpt lat="59.06310" lon="5.94550"></trkpt>
    <trkpt lat="59.06270" lon="5.94590"></trkpt>
    <trkpt lat="59.06220" lon="5.94590"></trkpt>
    <trkpt lat="59.06180" lon="5.94500"></trkpt>
    <trkpt lat="59.06150" lon="5.94430"></trkpt>
    <trkpt lat="59.06080" lon="5.94330"></trkpt>
    <trkpt lat="59.06010" lon="5.94220"></trkpt>
    <trkpt lat="59.05960" lon="5.94160"></trkpt>
    <trkpt lat="59.05920" lon="5.94110"></trkpt>
    <trkpt lat="59.05860" lon="5.94080"></trkpt>
    <trkpt lat="59.05810" lon="5.94050"></trkpt>
    <trkpt lat="59.05770" lon="5.93940"></trkpt>
    <trkpt lat="59.05750" lon="5.93840"></trkpt>
    <trkpt lat="59.05720" lon="5.93710"></trkpt>
    <trkpt lat="59.05690" lon="5.93640"></trkpt>
    <trkpt lat="59.05640" lon="5.93650"></trkpt>
    <trkpt lat="59.05600" lon="5.93610"></trkpt>
    <trkpt lat="59.05560" lon="5.93550"></trkpt>
    <trkpt lat="59.05510" lon="5.93510"></trkpt>
    <trkpt lat="59.05470" lon="5.93470"></trkpt>
    <trkpt lat="59.05430" lon="5.93430"></trkpt>
    <trkpt lat="59.05370" lon="5.93360"></trkpt>
    <trkpt lat="59.05310" lon="5.93310"></trkpt>
    <trkpt lat="59.05260" lon="5.93270"></trkpt>
    <trkpt lat="59.05220" lon="5.93230"></trkpt>
    <trkpt lat="59.05190" lon="5.93160"></trkpt>
    <trkpt lat="59.05140" lon="5.93150"></trkpt>
    <trkpt lat="59.05100" lon="5.93210"></trkpt>
    <trkpt lat="59.05050" lon="5.93200"></trkpt>
    <trkpt lat="59.05020" lon="5.93130"></trkpt>
    <trkpt lat="59.04990" lon="5.93040"></trkpt>
    <trkpt lat="59.04970" lon="5.92950"></trkpt>
    <trkpt lat="59.04930" lon="5.92910"></trkpt>
    <trkpt lat="59.04870" lon="5.92830"></trkpt>
    <trkpt lat="59.04790" lon="5.92730"></trkpt>
    <trkpt lat="59.04740" lon="5.92690"></trkpt>
    <trkpt lat="59.04690" lon="5.92640"></trkpt>
    <trkpt lat="59.04640" lon="5.92600"></trkpt>
    <trkpt lat="59.04610" lon="5.92530"></trkpt>
    <trkpt lat="59.04570" lon="5.92490"></trkpt>
    <trkpt lat="59.04520" lon="5.92460"></trkpt>
    <trkpt lat="59.04470" lon="5.92420"></trkpt>
    <trkpt lat="59.04420" lon="5.92390"></trkpt>
    <trkpt lat="59.04370" lon="5.92390"></trkpt>
    <trkpt lat="59.04330" lon="5.92430"></trkpt>
    <trkpt lat="59.04280" lon="5.92510"></trkpt>
    <trkpt lat="59.04230" lon="5.92600"></trkpt>
    <trkpt lat="59.04200" lon="5.92670"></trkpt>
    <trkpt lat="59.04150" lon="5.92760"></trkpt>
    <trkpt lat="59.04080" lon="5.92910"></trkpt>
    <trkpt lat="59.04040" lon="5.92990"></trkpt>
    <trkpt lat="59.04010" lon="5.93090"></trkpt>
    <trkpt lat="59.03980" lon="5.93180"></trkpt>
    <trkpt lat="59.03940" lon="5.93240"></trkpt>
    <trkpt lat="59.03810" lon="5.93420"></trkpt>
    <trkpt lat="59.03760" lon="5.93470"></trkpt>
    <trkpt lat="59.03710" lon="5.93500"></trkpt>
    <trkpt lat="59.03690" lon="5.93580"></trkpt>
    <trkpt lat="59.03650" lon="5.93630"></trkpt>
    <trkpt lat="59.03610" lon="5.93690"></trkpt>
    <trkpt lat="59.03570" lon="5.93760"></trkpt>
    <trkpt lat="59.03530" lon="5.93860"></trkpt>
    <trkpt lat="59.03550" lon="5.93850"></trkpt>
  </trkseg>
  <trkseg>
    <trkpt lat="59.03550" lon="5.93850"></trkpt>
    <trkpt lat="59.03500" lon="5.93920"></trkpt>
    <trkpt lat="59.03460" lon="5.94000"></trkpt>
    <trkpt lat="59.03420" lon="5.94070"></trkpt>
    <trkpt lat="59.03360" lon="5.94140"></trkpt>
    <trkpt lat="59.03310" lon="5.94200"></trkpt>
    <trkpt lat="59.03250" lon="5.94280"></trkpt>
    <trkpt lat="59.03210" lon="5.94350"></trkpt>
    <trkpt lat="59.03170" lon="5.94440"></trkpt>
    <trkpt lat="59.03130" lon="5.94490"></trkpt>
    <trkpt lat="59.03070" lon="5.94590"></trkpt>
    <trkpt lat="59.03030" lon="5.94640"></trkpt>
    <trkpt lat="59.02980" lon="5.94700"></trkpt>
    <trkpt lat="59.02890" lon="5.94780"></trkpt>
    <trkpt lat="59.02840" lon="5.94830"></trkpt>
    <trkpt lat="59.02800" lon="5.94880"></trkpt>
    <trkpt lat="59.02760" lon="5.94950"></trkpt>
    <trkpt lat="59.02730" lon="5.95040"></trkpt>
    <trkpt lat="59.02710" lon="5.95120"></trkpt>
    <trkpt lat="59.02690" lon="5.95200"></trkpt>
    <trkpt lat="59.02680" lon="5.95340"></trkpt>
    <trkpt lat="59.02680" lon="5.95500"></trkpt>
    <trkpt lat="59.02660" lon="5.95620"></trkpt>
    <trkpt lat="59.02650" lon="5.95710"></trkpt>
    <trkpt lat="59.02640" lon="5.95840"></trkpt>
    <trkpt lat="59.02620" lon="5.95950"></trkpt>
    <trkpt lat="59.02590" lon="5.96190"></trkpt>
    <trkpt lat="59.02570" lon="5.96280"></trkpt>
    <trkpt lat="59.02550" lon="5.96430"></trkpt>
    <trkpt lat="59.02530" lon="5.96570"></trkpt>
    <trkpt lat="59.02520" lon="5.96700"></trkpt>
    <trkpt lat="59.02500" lon="5.96830"></trkpt>
    <trkpt lat="59.02490" lon="5.96930"></trkpt>
    <trkpt lat="59.02480" lon="5.97030"></trkpt>
    <trkpt lat="59.02470" lon="5.97150"></trkpt>
    <trkpt lat="59.02470" lon="5.97240"></trkpt>
    <trkpt lat="59.02470" lon="5.97370"></trkpt>
    <trkpt lat="59.02470" lon="5.97510"></trkpt>
    <trkpt lat="59.02480" lon="5.97650"></trkpt>
    <trkpt lat="59.02480" lon="5.97740"></trkpt>
    <trkpt lat="59.02500" lon="5.97950"></trkpt>
    <trkpt lat="59.02500" lon="5.98060"></trkpt>
    <trkpt lat="59.02510" lon="5.98170"></trkpt>
    <trkpt lat="59.02510" lon="5.98260"></trkpt>
    <trkpt lat="59.02510" lon="5.98400"></trkpt>
    <trkpt lat="59.02510" lon="5.98570"></trkpt>
    <trkpt lat="59.02500" lon="5.98700"></trkpt>
    <trkpt lat="59.02500" lon="5.98800"></trkpt>
    <trkpt lat="59.02480" lon="5.98940"></trkpt>
    <trkpt lat="59.02470" lon="5.99060"></trkpt>
    <trkpt lat="59.02450" lon="5.99210"></trkpt>
    <trkpt lat="59.02430" lon="5.99350"></trkpt>
    <trkpt lat="59.02350" lon="5.99700"></trkpt>
    <trkpt lat="59.02330" lon="5.99830"></trkpt>
    <trkpt lat="59.02310" lon="5.99910"></trkpt>
    <trkpt lat="59.02290" lon="6.00020"></trkpt>
    <trkpt lat="59.02280" lon="6.00130"></trkpt>
    <trkpt lat="59.02280" lon="6.00220"></trkpt>
    <trkpt lat="59.02290" lon="6.00330"></trkpt>
    <trkpt lat="59.02300" lon="6.00430"></trkpt>
    <trkpt lat="59.02350" lon="6.00680"></trkpt>
    <trkpt lat="59.02380" lon="6.00780"></trkpt>
    <trkpt lat="59.02400" lon="6.00900"></trkpt>
    <trkpt lat="59.02420" lon="6.00980"></trkpt>
    <trkpt lat="59.02440" lon="6.01070"></trkpt>
    <trkpt lat="59.02470" lon="6.01200"></trkpt>
    <trkpt lat="59.02490" lon="6.01290"></trkpt>
    <trkpt lat="59.02530" lon="6.01400"></trkpt>
    <trkpt lat="59.02550" lon="6.01520"></trkpt>
    <trkpt lat="59.02560" lon="6.01610"></trkpt>
    <trkpt lat="59.02560" lon="6.01730"></trkpt>
    <trkpt lat="59.02570" lon="6.01870"></trkpt>
    <trkpt lat="59.02570" lon="6.02140"></trkpt>
    <trkpt lat="59.02570" lon="6.02320"></trkpt>
    <trkpt lat="59.02570" lon="6.02530"></trkpt>
    <trkpt lat="59.02580" lon="6.02960"></trkpt>
    <trkpt lat="59.02590" lon="6.03130"></trkpt>
    <trkpt lat="59.02590" lon="6.03310"></trkpt>
    <trkpt lat="59.02590" lon="6.03430"></trkpt>
    <trkpt lat="59.02590" lon="6.03570"></trkpt>
    <trkpt lat="59.02590" lon="6.03740"></trkpt>
    <trkpt lat="59.02590" lon="6.03840"></trkpt>
    <trkpt lat="59.02580" lon="6.03930"></trkpt>
    <trkpt lat="59.02550" lon="6.04010"></trkpt>
    <trkpt lat="59.02520" lon="6.04090"></trkpt>
    <trkpt lat="59.02480" lon="6.04170"></trkpt>
    <trkpt lat="59.02440" lon="6.04250"></trkpt>
    <trkpt lat="59.02400" lon="6.04310"></trkpt>
    <trkpt lat="59.02370" lon="6.04380"></trkpt>
    <trkpt lat="59.02330" lon="6.04420"></trkpt>
    <trkpt lat="59.02280" lon="6.04430"></trkpt>
    <trkpt lat="59.02220" lon="6.04430"></trkpt>
    <trkpt lat="59.02170" lon="6.04430"></trkpt>
    <trkpt lat="59.02130" lon="6.04480"></trkpt>
    <trkpt lat="59.02070" lon="6.04560"></trkpt>
    <trkpt lat="59.02010" lon="6.04650"></trkpt>
    <trkpt lat="59.01970" lon="6.04700"></trkpt>
    <trkpt lat="59.01920" lon="6.04730"></trkpt>
    <trkpt lat="59.01850" lon="6.04740"></trkpt>
    <trkpt lat="59.01770" lon="6.04760"></trkpt>
    <trkpt lat="59.01720" lon="6.04770"></trkpt>
    <trkpt lat="59.01660" lon="6.04790"></trkpt>
    <trkpt lat="59.01600" lon="6.04810"></trkpt>
    <trkpt lat="59.01550" lon="6.04840"></trkpt>
    <trkpt lat="59.01490" lon="6.04890"></trkpt>
    <trkpt lat="59.01450" lon="6.04940"></trkpt>
    <trkpt lat="59.01410" lon="6.05000"></trkpt>
    <trkpt lat="59.01330" lon="6.05110"></trkpt>
    <trkpt lat="59.01290" lon="6.05160"></trkpt>
    <trkpt lat="59.01230" lon="6.05230"></trkpt>
    <trkpt lat="59.01180" lon="6.05290"></trkpt>
    <trkpt lat="59.01140" lon="6.05350"></trkpt>
    <trkpt lat="59.01090" lon="6.05370"></trkpt>
    <trkpt lat="59.01030" lon="6.05380"></trkpt>
    <trkpt lat="59.00990" lon="6.05420"></trkpt>
    <trkpt lat="59.00950" lon="6.05470"></trkpt>
    <trkpt lat="59.00910" lon="6.05600"></trkpt>
    <trkpt lat="59.00880" lon="6.05670"></trkpt>
    <trkpt lat="59.00840" lon="6.05740"></trkpt>
    <trkpt lat="59.00800" lon="6.05800"></trkpt>
    <trkpt lat="59.00770" lon="6.05880"></trkpt>
    <trkpt lat="59.00750" lon="6.05980"></trkpt>
    <trkpt lat="59.00680" lon="6.06250"></trkpt>
    <trkpt lat="59.00660" lon="6.06350"></trkpt>
    <trkpt lat="59.00650" lon="6.06440"></trkpt>
    <trkpt lat="59.00650" lon="6.06580"></trkpt>
    <trkpt lat="59.00650" lon="6.06680"></trkpt>
    <trkpt lat="59.00630" lon="6.06770"></trkpt>
    <trkpt lat="59.00610" lon="6.06850"></trkpt>
    <trkpt lat="59.00580" lon="6.06950"></trkpt>
    <trkpt lat="59.00540" lon="6.07060"></trkpt>
    <trkpt lat="59.00500" lon="6.07160"></trkpt>
    <trkpt lat="59.00460" lon="6.07260"></trkpt>
    <trkpt lat="59.00410" lon="6.07340"></trkpt>
    <trkpt lat="59.00360" lon="6.07410"></trkpt>
    <trkpt lat="59.00310" lon="6.07490"></trkpt>
    <trkpt lat="59.00250" lon="6.07540"></trkpt>
    <trkpt lat="59.00190" lon="6.07600"></trkpt>
    <trkpt lat="59.00140" lon="6.07630"></trkpt>
    <trkpt lat="59.00010" lon="6.07720"></trkpt>
    <trkpt lat="58.99960" lon="6.07760"></trkpt>
    <trkpt lat="58.99910" lon="6.07810"></trkpt>
    <trkpt lat="58.99870" lon="6.07860"></trkpt>
    <trkpt lat="58.99840" lon="6.07930"></trkpt>
    <trkpt lat="58.99810" lon="6.08000"></trkpt>
    <trkpt lat="58.99770" lon="6.08070"></trkpt>
    <trkpt lat="58.99730" lon="6.08130"></trkpt>
    <trkpt lat="58.99760" lon="6.08230"></trkpt>
    <trkpt lat="58.99800" lon="6.08270"></trkpt>
    <trkpt lat="58.99850" lon="6.08310"></trkpt>
    <trkpt lat="58.99870" lon="6.08390"></trkpt>
    <trkpt lat="58.99890" lon="6.08480"></trkpt>
    <trkpt lat="58.99910" lon="6.08640"></trkpt>
    <trkpt lat="58.99940" lon="6.08740"></trkpt>
    <trkpt lat="58.99980" lon="6.08790"></trkpt>
    <trkpt lat="58.99990" lon="6.08690"></trkpt>
    <trkpt lat="59.00020" lon="6.08850"></trkpt>
    <trkpt lat="59.00020" lon="6.08940"></trkpt>
    <trkpt lat="58.99990" lon="6.09030"></trkpt>
    <trkpt lat="58.99940" lon="6.09100"></trkpt>
    <trkpt lat="58.99930" lon="6.09200"></trkpt>
    <trkpt lat="58.99920" lon="6.09290"></trkpt>
    <trkpt lat="58.99870" lon="6.09370"></trkpt>
    <trkpt lat="58.99860" lon="6.09370"></trkpt>
  </trkseg>
</trk>
</gpx>