<?xml version="1.0" encoding="UTF-8"?>
<gpx xmlns="http://www.topografix.com/GPX/1/1" version="1.1" creator="AlpineQuest 2.4.0d" xmlns:xsi="http://www.w3.org/2001/XMLSchema-instance" xsi:schemaLocation="http://www.topografix.com/GPX/1/1 http://www.topografix.com/GPX/1/1/gpx.xsd">
<metadata>
<link href="https://www.alpinequest.net" />
<time>2026-04-01T19:39:31Z</time>
</metadata>
<trk>
<name>ToDrammen</name>
<src>OSRM https://project-osrm.org/</src>
<type>Fahren</type>
<trkseg>
<extensions>
	<type>drive</type>
</extensions>
<trkpt lat="59.830948" lon="8.716467">
<ele>1199.762</ele>
</trkpt>
<trkpt lat="59.83083" lon="8.716565">
<ele>1201.012</ele>
</trkpt>
<trkpt lat="59.830597" lon="8.716733">
<ele>1201.851</ele>
</trkpt>
<trkpt lat="59.830414" lon="8.716833">
<ele>1201.49</ele>
</trkpt>
<trkpt lat="59.83036" lon="8.716852">
<ele>1201.296</ele>
</trkpt>
<trkpt lat="59.83023" lon="8.716912">
<ele>1201.516</ele>
</trkpt>
<trkpt lat="59.829801" lon="8.717089">
<ele>1204.196</ele>
</trkpt>
<trkpt lat="59.829589" lon="8.717184">
<ele>1204.617</ele>
</trkpt>
<trkpt lat="59.829404" lon="8.717278">
<ele>1205.146</ele>
</trkpt>
<trkpt lat="59.829302" lon="8.717344">
<ele>1205.513</ele>
</trkpt>
<trkpt lat="59.829179" lon="8.717435">
<ele>1205.956</ele>
</trkpt>
<trkpt lat="59.828965" lon="8.71766">
<ele>1206.876</ele>
</trkpt>
<trkpt lat="59.828741" lon="8.717953">
<ele>1207.098</ele>
</trkpt>
<trkpt lat="59.828585" lon="8.718158">
<ele>1206.579</ele>
</trkpt>
<trkpt lat="59.828528" lon="8.718222">
<ele>1206.879</ele>
</trkpt>
<trkpt lat="59.828395" lon="8.718407">
<ele>1207.847</ele>
</trkpt>
<trkpt lat="59.828152" lon="8.718682">
<ele>1210.101</ele>
</trkpt>
<trkpt lat="59.82802" lon="8.718867">
<ele>1210.542</ele>
</trkpt>
<trkpt lat="59.827761" lon="8.719194">
<ele>1212.083</ele>
</trkpt>
<trkpt lat="59.827715" lon="8.71926">
<ele>1212.342</ele>
</trkpt>
<trkpt lat="59.827503" lon="8.719504">
<ele>1213.751</ele>
</trkpt>
<trkpt lat="59.827429" lon="8.7196">
<ele>1214.718</ele>
</trkpt>
<trkpt lat="59.827215" lon="8.719828">
<ele>1217.671</ele>
</trkpt>
<trkpt lat="59.827042" lon="8.719989">
<ele>1218.337</ele>
</trkpt>
<trkpt lat="59.826961" lon="8.720064">
<ele>1218.637</ele>
</trkpt>
<trkpt lat="59.826673" lon="8.720346">
<ele>1218.486</ele>
</trkpt>
<trkpt lat="59.826575" lon="8.720429">
<ele>1218.421</ele>
</trkpt>
<trkpt lat="59.826369" lon="8.720557">
<ele>1218.995</ele>
</trkpt>
<trkpt lat="59.826271" lon="8.720649">
<ele>1218.806</ele>
</trkpt>
<trkpt lat="59.825964" lon="8.72085">
<ele>1219.47</ele>
</trkpt>
<trkpt lat="59.825916" lon="8.720861">
<ele>1219.603</ele>
</trkpt>
<trkpt lat="59.825803" lon="8.720928">
<ele>1220.096</ele>
</trkpt>
<trkpt lat="59.825623" lon="8.721011">
<ele>1222.389</ele>
</trkpt>
<trkpt lat="59.825524" lon="8.721044">
<ele>1223.555</ele>
</trkpt>
<trkpt lat="59.825177" lon="8.721201">
<ele>1227.088</ele>
</trkpt>
<trkpt lat="59.825143" lon="8.721223">
<ele>1227.456</ele>
</trkpt>
<trkpt lat="59.825043" lon="8.721254">
<ele>1228.536</ele>
</trkpt>
<trkpt lat="59.824899" lon="8.721323">
<ele>1229.364</ele>
</trkpt>
<trkpt lat="59.824692" lon="8.721391">
<ele>1230.115</ele>
</trkpt>
<trkpt lat="59.824407" lon="8.72153">
<ele>1230.764</ele>
</trkpt>
<trkpt lat="59.824134" lon="8.721655">
<ele>1232.85</ele>
</trkpt>
<trkpt lat="59.824098" lon="8.721676">
<ele>1232.753</ele>
</trkpt>
<trkpt lat="59.823917" lon="8.721778">
<ele>1232.101</ele>
</trkpt>
<trkpt lat="59.823777" lon="8.721814">
<ele>1232.189</ele>
</trkpt>
<trkpt lat="59.823513" lon="8.721946">
<ele>1232.699</ele>
</trkpt>
<trkpt lat="59.82327" lon="8.722021">
<ele>1233.677</ele>
</trkpt>
<trkpt lat="59.823181" lon="8.722075">
<ele>1233.608</ele>
</trkpt>
<trkpt lat="59.822926" lon="8.722189">
<ele>1235.161</ele>
</trkpt>
<trkpt lat="59.822678" lon="8.722256">
<ele>1238.0</ele>
</trkpt>
<trkpt lat="59.822594" lon="8.722268">
<ele>1238.929</ele>
</trkpt>
<trkpt lat="59.822519" lon="8.722288">
<ele>1239.779</ele>
</trkpt>
<trkpt lat="59.822222" lon="8.72232">
<ele>1242.003</ele>
</trkpt>
<trkpt lat="59.821985" lon="8.722333">
<ele>1245.416</ele>
</trkpt>
<trkpt lat="59.821642" lon="8.722332">
<ele>1248.089</ele>
</trkpt>
<trkpt lat="59.821358" lon="8.722341">
<ele>1249.111</ele>
</trkpt>
<trkpt lat="59.821247" lon="8.722354">
<ele>1249.511</ele>
</trkpt>
<trkpt lat="59.821004" lon="8.72237">
<ele>1251.157</ele>
</trkpt>
<trkpt lat="59.820917" lon="8.722367">
<ele>1252.096</ele>
</trkpt>
<trkpt lat="59.820735" lon="8.722356">
<ele>1253.708</ele>
</trkpt>
<trkpt lat="59.820425" lon="8.722374">
<ele>1256.153</ele>
</trkpt>
<trkpt lat="59.820136" lon="8.722373">
<ele>1258.478</ele>
</trkpt>
<trkpt lat="59.819963" lon="8.72237">
<ele>1259.406</ele>
</trkpt>
<trkpt lat="59.819819" lon="8.722379">
<ele>1259.152</ele>
</trkpt>
<trkpt lat="59.819617" lon="8.722376">
<ele>1259.758</ele>
</trkpt>
<trkpt lat="59.819449" lon="8.722395">
<ele>1260.967</ele>
</trkpt>
<trkpt lat="59.819295" lon="8.722401">
<ele>1261.538</ele>
</trkpt>
<trkpt lat="59.819035" lon="8.722395">
<ele>1261.347</ele>
</trkpt>
<trkpt lat="59.818856" lon="8.722398">
<ele>1260.633</ele>
</trkpt>
<trkpt lat="59.818811" lon="8.722389">
<ele>1260.6</ele>
</trkpt>
<trkpt lat="59.818467" lon="8.722393">
<ele>1260.615</ele>
</trkpt>
<trkpt lat="59.818318" lon="8.722382">
<ele>1260.575</ele>
</trkpt>
<trkpt lat="59.81803" lon="8.722381">
<ele>1260.388</ele>
</trkpt>
<trkpt lat="59.817922" lon="8.722389">
<ele>1259.639</ele>
</trkpt>
<trkpt lat="59.817916" lon="8.72239">
<ele>1259.599</ele>
</trkpt>
<trkpt lat="59.817797" lon="8.722385">
<ele>1258.724</ele>
</trkpt>
<trkpt lat="59.817504" lon="8.722392">
<ele>1256.64</ele>
</trkpt>
<trkpt lat="59.817393" lon="8.722399">
<ele>1254.325</ele>
</trkpt>
<trkpt lat="59.817277" lon="8.722423">
<ele>1251.906</ele>
</trkpt>
<trkpt lat="59.817083" lon="8.722461">
<ele>1249.426</ele>
</trkpt>
<trkpt lat="59.816986" lon="8.722508">
<ele>1248.478</ele>
</trkpt>
<trkpt lat="59.816831" lon="8.722609">
<ele>1247.984</ele>
</trkpt>
<trkpt lat="59.816802" lon="8.722629">
<ele>1247.952</ele>
</trkpt>
<trkpt lat="59.816707" lon="8.722713">
<ele>1247.912</ele>
</trkpt>
<trkpt lat="59.816635" lon="8.722794">
<ele>1247.942</ele>
</trkpt>
<trkpt lat="59.816512" lon="8.722968">
<ele>1247.315</ele>
</trkpt>
<trkpt lat="59.81644" lon="8.723087">
<ele>1246.794</ele>
</trkpt>
<trkpt lat="59.816309" lon="8.72336">
<ele>1245.04</ele>
</trkpt>
<trkpt lat="59.816253" lon="8.723489">
<ele>1243.82</ele>
</trkpt>
<trkpt lat="59.815912" lon="8.724112">
<ele>1237.968</ele>
</trkpt>
<trkpt lat="59.815671" lon="8.724606">
<ele>1233.666</ele>
</trkpt>
<trkpt lat="59.815562" lon="8.724835">
<ele>1231.759</ele>
</trkpt>
<trkpt lat="59.815473" lon="8.725022">
<ele>1230.515</ele>
</trkpt>
<trkpt lat="59.815359" lon="8.725278">
<ele>1230.414</ele>
</trkpt>
<trkpt lat="59.815278" lon="8.725479">
<ele>1229.55</ele>
</trkpt>
<trkpt lat="59.81521" lon="8.725699">
<ele>1228.602</ele>
</trkpt>
<trkpt lat="59.815133" lon="8.726043">
<ele>1226.49</ele>
</trkpt>
<trkpt lat="59.815113" lon="8.726197">
<ele>1225.691</ele>
</trkpt>
<trkpt lat="59.81511" lon="8.726599">
<ele>1223.487</ele>
</trkpt>
<trkpt lat="59.815118" lon="8.72668">
<ele>1222.952</ele>
</trkpt>
<trkpt lat="59.815182" lon="8.727108">
<ele>1221.208</ele>
</trkpt>
<trkpt lat="59.815218" lon="8.727314">
<ele>1220.454</ele>
</trkpt>
<trkpt lat="59.815258" lon="8.727539">
<ele>1219.789</ele>
</trkpt>
<trkpt lat="59.815337" lon="8.728012">
<ele>1218.157</ele>
</trkpt>
<trkpt lat="59.815347" lon="8.728112">
<ele>1217.644</ele>
</trkpt>
<trkpt lat="59.815403" lon="8.728418">
<ele>1216.009</ele>
</trkpt>
<trkpt lat="59.815449" lon="8.728631">
<ele>1214.857</ele>
</trkpt>
<trkpt lat="59.815468" lon="8.72876">
<ele>1213.928</ele>
</trkpt>
<trkpt lat="59.815532" lon="8.729093">
<ele>1212.265</ele>
</trkpt>
<trkpt lat="59.815585" lon="8.729401">
<ele>1210.525</ele>
</trkpt>
<trkpt lat="59.815617" lon="8.729556">
<ele>1209.952</ele>
</trkpt>
<trkpt lat="59.815636" lon="8.729716">
<ele>1209.319</ele>
</trkpt>
<trkpt lat="59.815715" lon="8.730201">
<ele>1206.85</ele>
</trkpt>
<trkpt lat="59.815752" lon="8.7304">
<ele>1205.827</ele>
</trkpt>
<trkpt lat="59.815868" lon="8.731067">
<ele>1202.567</ele>
</trkpt>
<trkpt lat="59.815908" lon="8.731297">
<ele>1201.868</ele>
</trkpt>
<trkpt lat="59.815921" lon="8.731428">
<ele>1201.35</ele>
</trkpt>
<trkpt lat="59.815933" lon="8.731585">
<ele>1200.306</ele>
</trkpt>
<trkpt lat="59.815926" lon="8.731819">
<ele>1198.936</ele>
</trkpt>
<trkpt lat="59.815879" lon="8.731994">
<ele>1197.808</ele>
</trkpt>
<trkpt lat="59.81584" lon="8.732077">
<ele>1197.07</ele>
</trkpt>
<trkpt lat="59.815787" lon="8.732146">
<ele>1196.215</ele>
</trkpt>
<trkpt lat="59.815724" lon="8.732213">
<ele>1195.279</ele>
</trkpt>
<trkpt lat="59.815579" lon="8.73238">
<ele>1193.601</ele>
</trkpt>
<trkpt lat="59.815425" lon="8.732566">
<ele>1193.121</ele>
</trkpt>
<trkpt lat="59.815363" lon="8.732625">
<ele>1192.931</ele>
</trkpt>
<trkpt lat="59.815299" lon="8.73271">
<ele>1192.469</ele>
</trkpt>
<trkpt lat="59.815264" lon="8.732758">
<ele>1192.143</ele>
</trkpt>
<trkpt lat="59.815237" lon="8.732799">
<ele>1191.847</ele>
</trkpt>
<trkpt lat="59.815111" lon="8.733005">
<ele>1190.364</ele>
</trkpt>
<trkpt lat="59.81505" lon="8.733113">
<ele>1189.38</ele>
</trkpt>
<trkpt lat="59.814865" lon="8.733521">
<ele>1185.649</ele>
</trkpt>
<trkpt lat="59.814666" lon="8.733985">
<ele>1182.249</ele>
</trkpt>
<trkpt lat="59.814612" lon="8.734091">
<ele>1181.479</ele>
</trkpt>
<trkpt lat="59.814546" lon="8.734252">
<ele>1180.312</ele>
</trkpt>
<trkpt lat="59.814436" lon="8.734475">
<ele>1178.802</ele>
</trkpt>
<trkpt lat="59.814333" lon="8.734644">
<ele>1177.366</ele>
</trkpt>
<trkpt lat="59.814207" lon="8.734781">
<ele>1176.079</ele>
</trkpt>
<trkpt lat="59.814121" lon="8.734858">
<ele>1175.098</ele>
</trkpt>
<trkpt lat="59.813883" lon="8.734958">
<ele>1172.919</ele>
</trkpt>
<trkpt lat="59.813792" lon="8.734972">
<ele>1171.64</ele>
</trkpt>
<trkpt lat="59.813677" lon="8.734975">
<ele>1170.018</ele>
</trkpt>
<trkpt lat="59.813606" lon="8.734984">
<ele>1168.984</ele>
</trkpt>
<trkpt lat="59.81347" lon="8.734972">
<ele>1167.069</ele>
</trkpt>
<trkpt lat="59.813341" lon="8.734935">
<ele>1165.344</ele>
</trkpt>
<trkpt lat="59.813277" lon="8.734924">
<ele>1164.721</ele>
</trkpt>
<trkpt lat="59.813021" lon="8.734838">
<ele>1163.042</ele>
</trkpt>
<trkpt lat="59.812957" lon="8.734827">
<ele>1162.891</ele>
</trkpt>
<trkpt lat="59.812803" lon="8.734829">
<ele>1162.322</ele>
</trkpt>
<trkpt lat="59.812709" lon="8.73485">
<ele>1161.719</ele>
</trkpt>
<trkpt lat="59.812551" lon="8.734935">
<ele>1160.026</ele>
</trkpt>
<trkpt lat="59.812367" lon="8.735101">
<ele>1157.968</ele>
</trkpt>
<trkpt lat="59.812292" lon="8.735217">
<ele>1157.274</ele>
</trkpt>
<trkpt lat="59.812241" lon="8.735314">
<ele>1156.739</ele>
</trkpt>
<trkpt lat="59.812164" lon="8.735522">
<ele>1155.636</ele>
</trkpt>
<trkpt lat="59.812071" lon="8.735806">
<ele>1154.286</ele>
</trkpt>
<trkpt lat="59.811967" lon="8.736161">
<ele>1151.574</ele>
</trkpt>
<trkpt lat="59.811817" lon="8.736629">
<ele>1147.407</ele>
</trkpt>
<trkpt lat="59.811738" lon="8.736868">
<ele>1146.275</ele>
</trkpt>
<trkpt lat="59.811724" lon="8.736944">
<ele>1146.002</ele>
</trkpt>
<trkpt lat="59.811664" lon="8.737128">
<ele>1144.688</ele>
</trkpt>
<trkpt lat="59.811606" lon="8.737338">
<ele>1143.802</ele>
</trkpt>
<trkpt lat="59.811518" lon="8.737623">
<ele>1143.092</ele>
</trkpt>
<trkpt lat="59.811422" lon="8.737963">
<ele>1141.547</ele>
</trkpt>
<trkpt lat="59.811367" lon="8.738143">
<ele>1140.292</ele>
</trkpt>
<trkpt lat="59.81128" lon="8.738436">
<ele>1138.238</ele>
</trkpt>
<trkpt lat="59.811187" lon="8.738697">
<ele>1136.88</ele>
</trkpt>
<trkpt lat="59.811111" lon="8.739006">
<ele>1135.578</ele>
</trkpt>
<trkpt lat="59.811045" lon="8.739203">
<ele>1134.532</ele>
</trkpt>
<trkpt lat="59.811017" lon="8.73934">
<ele>1133.625</ele>
</trkpt>
<trkpt lat="59.810961" lon="8.739514">
<ele>1132.75</ele>
</trkpt>
<trkpt lat="59.810814" lon="8.740017">
<ele>1129.873</ele>
</trkpt>
<trkpt lat="59.810757" lon="8.740192">
<ele>1129.224</ele>
</trkpt>
<trkpt lat="59.810695" lon="8.740443">
<ele>1128.107</ele>
</trkpt>
<trkpt lat="59.810662" lon="8.740535">
<ele>1127.719</ele>
</trkpt>
<trkpt lat="59.810611" lon="8.740715">
<ele>1126.652</ele>
</trkpt>
<trkpt lat="59.810538" lon="8.74092">
<ele>1125.376</ele>
</trkpt>
<trkpt lat="59.810521" lon="8.741009">
<ele>1124.735</ele>
</trkpt>
<trkpt lat="59.810441" lon="8.741258">
<ele>1123.471</ele>
</trkpt>
<trkpt lat="59.810405" lon="8.741374">
<ele>1123.054</ele>
</trkpt>
<trkpt lat="59.810366" lon="8.741535">
<ele>1121.948</ele>
</trkpt>
<trkpt lat="59.810308" lon="8.741716">
<ele>1120.645</ele>
</trkpt>
<trkpt lat="59.810278" lon="8.741816">
<ele>1119.925</ele>
</trkpt>
<trkpt lat="59.810206" lon="8.74203">
<ele>1118.126</ele>
</trkpt>
<trkpt lat="59.810121" lon="8.742343">
<ele>1115.811</ele>
</trkpt>
<trkpt lat="59.810094" lon="8.74242">
<ele>1115.386</ele>
</trkpt>
<trkpt lat="59.81007" lon="8.742542">
<ele>1114.698</ele>
</trkpt>
<trkpt lat="59.810011" lon="8.742714">
<ele>1113.459</ele>
</trkpt>
<trkpt lat="59.809976" lon="8.742864">
<ele>1112.517</ele>
</trkpt>
<trkpt lat="59.809911" lon="8.743057">
<ele>1111.349</ele>
</trkpt>
<trkpt lat="59.809851" lon="8.743238">
<ele>1109.614</ele>
</trkpt>
<trkpt lat="59.809796" lon="8.743457">
<ele>1108.086</ele>
</trkpt>
<trkpt lat="59.809714" lon="8.743721">
<ele>1106.575</ele>
</trkpt>
<trkpt lat="59.809657" lon="8.743943">
<ele>1105.57</ele>
</trkpt>
<trkpt lat="59.809569" lon="8.74422">
<ele>1104.256</ele>
</trkpt>
<trkpt lat="59.809504" lon="8.744461">
<ele>1103.168</ele>
</trkpt>
<trkpt lat="59.809403" lon="8.744799">
<ele>1101.533</ele>
</trkpt>
<trkpt lat="59.809329" lon="8.745013">
<ele>1100.169</ele>
</trkpt>
<trkpt lat="59.80925" lon="8.745305">
<ele>1099.502</ele>
</trkpt>
<trkpt lat="59.809079" lon="8.745888">
<ele>1097.234</ele>
</trkpt>
<trkpt lat="59.809017" lon="8.746116">
<ele>1096.452</ele>
</trkpt>
<trkpt lat="59.808984" lon="8.746204">
<ele>1096.123</ele>
</trkpt>
<trkpt lat="59.808915" lon="8.746476">
<ele>1094.874</ele>
</trkpt>
<trkpt lat="59.808866" lon="8.746643">
<ele>1093.92</ele>
</trkpt>
<trkpt lat="59.808829" lon="8.746732">
<ele>1093.384</ele>
</trkpt>
<trkpt lat="59.808759" lon="8.74694">
<ele>1092.541</ele>
</trkpt>
<trkpt lat="59.808683" lon="8.747206">
<ele>1091.317</ele>
</trkpt>
<trkpt lat="59.808658" lon="8.747268">
<ele>1091.169</ele>
</trkpt>
<trkpt lat="59.808545" lon="8.747617">
<ele>1089.965</ele>
</trkpt>
<trkpt lat="59.808457" lon="8.747932">
<ele>1088.89</ele>
</trkpt>
<trkpt lat="59.808415" lon="8.748151">
<ele>1088.244</ele>
</trkpt>
<trkpt lat="59.808383" lon="8.748284">
<ele>1087.535</ele>
</trkpt>
<trkpt lat="59.808294" lon="8.748724">
<ele>1085.31</ele>
</trkpt>
<trkpt lat="59.808212" lon="8.749213">
<ele>1084.199</ele>
</trkpt>
<trkpt lat="59.808107" lon="8.74976">
<ele>1084.271</ele>
</trkpt>
<trkpt lat="59.80808" lon="8.749905">
<ele>1084.63</ele>
</trkpt>
<trkpt lat="59.80806" lon="8.750012">
<ele>1084.984</ele>
</trkpt>
<trkpt lat="59.807995" lon="8.750411">
<ele>1084.669</ele>
</trkpt>
<trkpt lat="59.807953" lon="8.750748">
<ele>1084.194</ele>
</trkpt>
<trkpt lat="59.807931" lon="8.751143">
<ele>1083.448</ele>
</trkpt>
<trkpt lat="59.80793" lon="8.751294">
<ele>1083.452</ele>
</trkpt>
<trkpt lat="59.80794" lon="8.751467">
<ele>1083.299</ele>
</trkpt>
<trkpt lat="59.807945" lon="8.751738">
<ele>1082.846</ele>
</trkpt>
<trkpt lat="59.807962" lon="8.751938">
<ele>1082.352</ele>
</trkpt>
<trkpt lat="59.807971" lon="8.752625">
<ele>1079.846</ele>
</trkpt>
<trkpt lat="59.807969" lon="8.752786">
<ele>1078.926</ele>
</trkpt>
<trkpt lat="59.80796" lon="8.752994">
<ele>1078.764</ele>
</trkpt>
<trkpt lat="59.807938" lon="8.75321">
<ele>1078.055</ele>
</trkpt>
<trkpt lat="59.807887" lon="8.753554">
<ele>1076.812</ele>
</trkpt>
<trkpt lat="59.807837" lon="8.753746">
<ele>1076.198</ele>
</trkpt>
<trkpt lat="59.807742" lon="8.754052">
<ele>1075.542</ele>
</trkpt>
<trkpt lat="59.807627" lon="8.75437">
<ele>1074.079</ele>
</trkpt>
<trkpt lat="59.80754" lon="8.754562">
<ele>1073.433</ele>
</trkpt>
<trkpt lat="59.807452" lon="8.754814">
<ele>1072.685</ele>
</trkpt>
<trkpt lat="59.807395" lon="8.754968">
<ele>1071.987</ele>
</trkpt>
<trkpt lat="59.807204" lon="8.755427">
<ele>1070.956</ele>
</trkpt>
<trkpt lat="59.807121" lon="8.755584">
<ele>1069.898</ele>
</trkpt>
<trkpt lat="59.80709" lon="8.755665">
<ele>1069.606</ele>
</trkpt>
<trkpt lat="59.807" lon="8.755793">
<ele>1069.145</ele>
</trkpt>
<trkpt lat="59.806925" lon="8.755925">
<ele>1068.317</ele>
</trkpt>
<trkpt lat="59.806793" lon="8.756086">
<ele>1066.685</ele>
</trkpt>
<trkpt lat="59.806715" lon="8.756168">
<ele>1065.764</ele>
</trkpt>
<trkpt lat="59.806643" lon="8.756226">
<ele>1065.258</ele>
</trkpt>
<trkpt lat="59.806579" lon="8.756296">
<ele>1064.984</ele>
</trkpt>
<trkpt lat="59.806436" lon="8.756423">
<ele>1064.483</ele>
</trkpt>
<trkpt lat="59.806357" lon="8.756461">
<ele>1064.021</ele>
</trkpt>
<trkpt lat="59.806234" lon="8.756553">
<ele>1062.442</ele>
</trkpt>
<trkpt lat="59.806092" lon="8.756675">
<ele>1060.736</ele>
</trkpt>
<trkpt lat="59.806007" lon="8.756766">
<ele>1059.294</ele>
</trkpt>
<trkpt lat="59.805941" lon="8.756816">
<ele>1058.417</ele>
</trkpt>
<trkpt lat="59.805758" lon="8.757029">
<ele>1055.849</ele>
</trkpt>
<trkpt lat="59.805679" lon="8.757162">
<ele>1054.322</ele>
</trkpt>
<trkpt lat="59.805474" lon="8.757488">
<ele>1052.426</ele>
</trkpt>
<trkpt lat="59.805345" lon="8.757752">
<ele>1050.577</ele>
</trkpt>
<trkpt lat="59.805259" lon="8.757879">
<ele>1049.932</ele>
</trkpt>
<trkpt lat="59.805222" lon="8.75797">
<ele>1049.799</ele>
</trkpt>
<trkpt lat="59.805138" lon="8.758137">
<ele>1049.644</ele>
</trkpt>
<trkpt lat="59.805014" lon="8.758357">
<ele>1050.0</ele>
</trkpt>
<trkpt lat="59.804884" lon="8.758662">
<ele>1048.564</ele>
</trkpt>
<trkpt lat="59.804733" lon="8.758952">
<ele>1045.88</ele>
</trkpt>
<trkpt lat="59.804651" lon="8.759139">
<ele>1044.561</ele>
</trkpt>
<trkpt lat="59.804584" lon="8.759253">
<ele>1043.694</ele>
</trkpt>
<trkpt lat="59.804406" lon="8.759605">
<ele>1041.284</ele>
</trkpt>
<trkpt lat="59.804325" lon="8.75975">
<ele>1040.47</ele>
</trkpt>
<trkpt lat="59.804244" lon="8.759898">
<ele>1039.646</ele>
</trkpt>
<trkpt lat="59.804132" lon="8.760126">
<ele>1038.626</ele>
</trkpt>
<trkpt lat="59.804015" lon="8.760338">
<ele>1037.264</ele>
</trkpt>
<trkpt lat="59.803908" lon="8.760483">
<ele>1036.156</ele>
</trkpt>
<trkpt lat="59.803816" lon="8.760565">
<ele>1035.475</ele>
</trkpt>
<trkpt lat="59.803646" lon="8.760688">
<ele>1034.251</ele>
</trkpt>
<trkpt lat="59.803556" lon="8.760771">
<ele>1033.802</ele>
</trkpt>
<trkpt lat="59.803378" lon="8.760884">
<ele>1033.343</ele>
</trkpt>
<trkpt lat="59.803261" lon="8.760974">
<ele>1033.246</ele>
</trkpt>
<trkpt lat="59.803204" lon="8.761053">
<ele>1033.325</ele>
</trkpt>
<trkpt lat="59.803123" lon="8.761123">
<ele>1033.243</ele>
</trkpt>
<trkpt lat="59.803042" lon="8.761164">
<ele>1032.951</ele>
</trkpt>
<trkpt lat="59.802985" lon="8.761178">
<ele>1032.746</ele>
</trkpt>
<trkpt lat="59.802851" lon="8.761171">
<ele>1032.264</ele>
</trkpt>
<trkpt lat="59.802749" lon="8.761124">
<ele>1031.689</ele>
</trkpt>
<trkpt lat="59.802509" lon="8.760962">
<ele>1029.08</ele>
</trkpt>
<trkpt lat="59.802415" lon="8.760863">
<ele>1028.049</ele>
</trkpt>
<trkpt lat="59.802358" lon="8.760786">
<ele>1027.466</ele>
</trkpt>
<trkpt lat="59.802302" lon="8.760695">
<ele>1026.862</ele>
</trkpt>
<trkpt lat="59.802274" lon="8.760634">
<ele>1026.559</ele>
</trkpt>
<trkpt lat="59.802152" lon="8.760448">
<ele>1025.05</ele>
</trkpt>
<trkpt lat="59.801994" lon="8.760252">
<ele>1024.178</ele>
</trkpt>
<trkpt lat="59.801957" lon="8.760218">
<ele>1024.045</ele>
</trkpt>
<trkpt lat="59.801942" lon="8.76019">
<ele>1023.982</ele>
</trkpt>
<trkpt lat="59.801857" lon="8.760115">
<ele>1023.37</ele>
</trkpt>
<trkpt lat="59.801785" lon="8.760066">
<ele>1022.852</ele>
</trkpt>
<trkpt lat="59.801713" lon="8.760024">
<ele>1022.334</ele>
</trkpt>
<trkpt lat="59.80165" lon="8.760009">
<ele>1021.82</ele>
</trkpt>
<trkpt lat="59.801471" lon="8.759998">
<ele>1019.88</ele>
</trkpt>
<trkpt lat="59.80139" lon="8.760022">
<ele>1019.012</ele>
</trkpt>
<trkpt lat="59.801109" lon="8.76017">
<ele>1016.985</ele>
</trkpt>
<trkpt lat="59.800852" lon="8.760364">
<ele>1015.445</ele>
</trkpt>
<trkpt lat="59.800742" lon="8.760456">
<ele>1015.642</ele>
</trkpt>
<trkpt lat="59.800483" lon="8.760605">
<ele>1015.739</ele>
</trkpt>
<trkpt lat="59.800268" lon="8.760697">
<ele>1014.894</ele>
</trkpt>
<trkpt lat="59.800227" lon="8.760707">
<ele>1014.452</ele>
</trkpt>
<trkpt lat="59.800178" lon="8.760711">
<ele>1013.922</ele>
</trkpt>
<trkpt lat="59.800127" lon="8.760718">
<ele>1013.372</ele>
</trkpt>
<trkpt lat="59.800041" lon="8.760688">
<ele>1012.443</ele>
</trkpt>
<trkpt lat="59.799983" lon="8.760652">
<ele>1011.878</ele>
</trkpt>
<trkpt lat="59.799938" lon="8.760602">
<ele>1011.554</ele>
</trkpt>
<trkpt lat="59.799915" lon="8.760545">
<ele>1011.376</ele>
</trkpt>
<trkpt lat="59.799882" lon="8.760496">
<ele>1011.059</ele>
</trkpt>
<trkpt lat="59.799849" lon="8.760397">
<ele>1010.603</ele>
</trkpt>
<trkpt lat="59.799795" lon="8.760268">
<ele>1009.76</ele>
</trkpt>
<trkpt lat="59.799744" lon="8.760082">
<ele>1008.586</ele>
</trkpt>
<trkpt lat="59.799719" lon="8.759953">
<ele>1007.784</ele>
</trkpt>
<trkpt lat="59.799705" lon="8.759823">
<ele>1007.115</ele>
</trkpt>
<trkpt lat="59.799684" lon="8.759665">
<ele>1006.244</ele>
</trkpt>
<trkpt lat="59.799655" lon="8.759261">
<ele>1003.711</ele>
</trkpt>
<trkpt lat="59.799663" lon="8.758952">
<ele>1002.374</ele>
</trkpt>
<trkpt lat="59.799695" lon="8.758655">
<ele>1001.766</ele>
</trkpt>
<trkpt lat="59.799732" lon="8.758421">
<ele>1001.421</ele>
</trkpt>
<trkpt lat="59.799842" lon="8.757898">
<ele>999.726</ele>
</trkpt>
<trkpt lat="59.799943" lon="8.757396">
<ele>999.01</ele>
</trkpt>
<trkpt lat="59.79997" lon="8.757316">
<ele>999.014</ele>
</trkpt>
<trkpt lat="59.800018" lon="8.757071">
<ele>998.65</ele>
</trkpt>
<trkpt lat="59.800031" lon="8.756911">
<ele>998.321</ele>
</trkpt>
<trkpt lat="59.800036" lon="8.756751">
<ele>998.299</ele>
</trkpt>
<trkpt lat="59.800013" lon="8.756159">
<ele>995.313</ele>
</trkpt>
<trkpt lat="59.799948" lon="8.755604">
<ele>992.613</ele>
</trkpt>
<trkpt lat="59.799878" lon="8.755188">
<ele>990.54</ele>
</trkpt>
<trkpt lat="59.799805" lon="8.754682">
<ele>988.047</ele>
</trkpt>
<trkpt lat="59.799741" lon="8.754254">
<ele>985.585</ele>
</trkpt>
<trkpt lat="59.799709" lon="8.753989">
<ele>984.17</ele>
</trkpt>
<trkpt lat="59.799668" lon="8.753563">
<ele>982.08</ele>
</trkpt>
<trkpt lat="59.799643" lon="8.753091">
<ele>980.272</ele>
</trkpt>
<trkpt lat="59.799629" lon="8.752669">
<ele>979.266</ele>
</trkpt>
<trkpt lat="59.799616" lon="8.752283">
<ele>977.689</ele>
</trkpt>
<trkpt lat="59.799615" lon="8.751736">
<ele>975.092</ele>
</trkpt>
<trkpt lat="59.799622" lon="8.751415">
<ele>973.685</ele>
</trkpt>
<trkpt lat="59.799638" lon="8.750958">
<ele>972.236</ele>
</trkpt>
<trkpt lat="59.799666" lon="8.750672">
<ele>971.61</ele>
</trkpt>
<trkpt lat="59.799698" lon="8.750311">
<ele>969.89</ele>
</trkpt>
<trkpt lat="59.799717" lon="8.750166">
<ele>969.12</ele>
</trkpt>
<trkpt lat="59.799744" lon="8.749902">
<ele>967.686</ele>
</trkpt>
<trkpt lat="59.79982" lon="8.749421">
<ele>965.889</ele>
</trkpt>
<trkpt lat="59.799851" lon="8.749077">
<ele>963.6</ele>
</trkpt>
<trkpt lat="59.799865" lon="8.748941">
<ele>962.973</ele>
</trkpt>
<trkpt lat="59.799902" lon="8.748624">
<ele>961.006</ele>
</trkpt>
<trkpt lat="59.799943" lon="8.74814">
<ele>958.725</ele>
</trkpt>
<trkpt lat="59.799965" lon="8.74793">
<ele>958.044</ele>
</trkpt>
<trkpt lat="59.799994" lon="8.747613">
<ele>956.727</ele>
</trkpt>
<trkpt lat="59.80002" lon="8.747249">
<ele>955.456</ele>
</trkpt>
<trkpt lat="59.800034" lon="8.747048">
<ele>954.985</ele>
</trkpt>
<trkpt lat="59.80005" lon="8.746622">
<ele>953.607</ele>
</trkpt>
<trkpt lat="59.800051" lon="8.74613">
<ele>951.17</ele>
</trkpt>
<trkpt lat="59.800049" lon="8.745957">
<ele>950.406</ele>
</trkpt>
<trkpt lat="59.800033" lon="8.74574">
<ele>949.258</ele>
</trkpt>
<trkpt lat="59.800028" lon="8.745569">
<ele>948.552</ele>
</trkpt>
<trkpt lat="59.800022" lon="8.745297">
<ele>947.465</ele>
</trkpt>
<trkpt lat="59.800019" lon="8.745165">
<ele>946.936</ele>
</trkpt>
<trkpt lat="59.800022" lon="8.744634">
<ele>944.999</ele>
</trkpt>
<trkpt lat="59.800027" lon="8.744268">
<ele>943.18</ele>
</trkpt>
<trkpt lat="59.800036" lon="8.744074">
<ele>942.314</ele>
</trkpt>
<trkpt lat="59.800041" lon="8.743915">
<ele>941.832</ele>
</trkpt>
<trkpt lat="59.80005" lon="8.743635">
<ele>940.986</ele>
</trkpt>
<trkpt lat="59.800054" lon="8.74321">
<ele>939.17</ele>
</trkpt>
<trkpt lat="59.800066" lon="8.742892">
<ele>937.837</ele>
</trkpt>
<trkpt lat="59.800072" lon="8.742551">
<ele>935.922</ele>
</trkpt>
<trkpt lat="59.800072" lon="8.742315">
<ele>934.223</ele>
</trkpt>
<trkpt lat="59.800076" lon="8.741995">
<ele>932.006</ele>
</trkpt>
<trkpt lat="59.800067" lon="8.741517">
<ele>929.908</ele>
</trkpt>
<trkpt lat="59.800053" lon="8.741249">
<ele>928.641</ele>
</trkpt>
<trkpt lat="59.800018" lon="8.74081">
<ele>926.389</ele>
</trkpt>
<trkpt lat="59.799983" lon="8.740513">
<ele>925.602</ele>
</trkpt>
<trkpt lat="59.79994" lon="8.740222">
<ele>924.136</ele>
</trkpt>
<trkpt lat="59.799884" lon="8.739859">
<ele>922.822</ele>
</trkpt>
<trkpt lat="59.799859" lon="8.73974">
<ele>922.034</ele>
</trkpt>
<trkpt lat="59.799839" lon="8.739617">
<ele>921.462</ele>
</trkpt>
<trkpt lat="59.799807" lon="8.739498">
<ele>920.66</ele>
</trkpt>
<trkpt lat="59.799755" lon="8.739354">
<ele>919.264</ele>
</trkpt>
<trkpt lat="59.799685" lon="8.739251">
<ele>917.902</ele>
</trkpt>
<trkpt lat="59.799635" lon="8.739191">
<ele>917.146</ele>
</trkpt>
<trkpt lat="59.799556" lon="8.739138">
<ele>916.163</ele>
</trkpt>
<trkpt lat="59.799482" lon="8.739127">
<ele>915.386</ele>
</trkpt>
<trkpt lat="59.799422" lon="8.739136">
<ele>914.919</ele>
</trkpt>
<trkpt lat="59.799304" lon="8.739201">
<ele>914.493</ele>
</trkpt>
<trkpt lat="59.799226" lon="8.739279">
<ele>913.982</ele>
</trkpt>
<trkpt lat="59.799136" lon="8.739394">
<ele>913.071</ele>
</trkpt>
<trkpt lat="59.799077" lon="8.7395">
<ele>912.613</ele>
</trkpt>
<trkpt lat="59.798989" lon="8.739706">
<ele>911.758</ele>
</trkpt>
<trkpt lat="59.798917" lon="8.73991">
<ele>910.526</ele>
</trkpt>
<trkpt lat="59.798834" lon="8.740096">
<ele>909.734</ele>
</trkpt>
<trkpt lat="59.798795" lon="8.740207">
<ele>909.41</ele>
</trkpt>
<trkpt lat="59.798749" lon="8.740317">
<ele>908.852</ele>
</trkpt>
<trkpt lat="59.798649" lon="8.740594">
<ele>907.273</ele>
</trkpt>
<trkpt lat="59.798603" lon="8.740713">
<ele>906.942</ele>
</trkpt>
<trkpt lat="59.798574" lon="8.740792">
<ele>906.733</ele>
</trkpt>
<trkpt lat="59.798513" lon="8.740934">
<ele>906.528</ele>
</trkpt>
<trkpt lat="59.798459" lon="8.741062">
<ele>906.277</ele>
</trkpt>
<trkpt lat="59.798375" lon="8.74126">
<ele>905.45</ele>
</trkpt>
<trkpt lat="59.798229" lon="8.741629">
<ele>902.797</ele>
</trkpt>
<trkpt lat="59.798209" lon="8.741711">
<ele>902.314</ele>
</trkpt>
<trkpt lat="59.798143" lon="8.74189">
<ele>900.889</ele>
</trkpt>
<trkpt lat="59.798032" lon="8.742138">
<ele>899.324</ele>
</trkpt>
<trkpt lat="59.797929" lon="8.742423">
<ele>897.722</ele>
</trkpt>
<trkpt lat="59.797845" lon="8.742668">
<ele>896.356</ele>
</trkpt>
<trkpt lat="59.797737" lon="8.742953">
<ele>894.951</ele>
</trkpt>
<trkpt lat="59.797669" lon="8.743164">
<ele>894.28</ele>
</trkpt>
<trkpt lat="59.797573" lon="8.743404">
<ele>892.831</ele>
</trkpt>
<trkpt lat="59.797526" lon="8.743577">
<ele>892.439</ele>
</trkpt>
<trkpt lat="59.79747" lon="8.74375">
<ele>891.798</ele>
</trkpt>
<trkpt lat="59.797421" lon="8.743936">
<ele>891.057</ele>
</trkpt>
<trkpt lat="59.797339" lon="8.744297">
<ele>889.992</ele>
</trkpt>
<trkpt lat="59.79726" lon="8.744726">
<ele>888.802</ele>
</trkpt>
<trkpt lat="59.797213" lon="8.745019">
<ele>886.799</ele>
</trkpt>
<trkpt lat="59.797194" lon="8.745135">
<ele>886.341</ele>
</trkpt>
<trkpt lat="59.797159" lon="8.745321">
<ele>885.371</ele>
</trkpt>
<trkpt lat="59.797097" lon="8.745556">
<ele>883.395</ele>
</trkpt>
<trkpt lat="59.797046" lon="8.745772">
<ele>882.21</ele>
</trkpt>
<trkpt lat="59.797006" lon="8.74591">
<ele>881.332</ele>
</trkpt>
<trkpt lat="59.796942" lon="8.74606">
<ele>879.766</ele>
</trkpt>
<trkpt lat="59.7969" lon="8.746179">
<ele>879.49</ele>
</trkpt>
<trkpt lat="59.796856" lon="8.74628">
<ele>879.112</ele>
</trkpt>
<trkpt lat="59.796823" lon="8.746324">
<ele>878.575</ele>
</trkpt>
<trkpt lat="59.796797" lon="8.746386">
<ele>878.269</ele>
</trkpt>
<trkpt lat="59.796706" lon="8.746537">
<ele>876.6</ele>
</trkpt>
<trkpt lat="59.796633" lon="8.746626">
<ele>875.162</ele>
</trkpt>
<trkpt lat="59.796556" lon="8.746738">
<ele>874.278</ele>
</trkpt>
<trkpt lat="59.796414" lon="8.746924">
<ele>872.479</ele>
</trkpt>
<trkpt lat="59.79629" lon="8.747083">
<ele>871.005</ele>
</trkpt>
<trkpt lat="59.796221" lon="8.747191">
<ele>869.963</ele>
</trkpt>
<trkpt lat="59.796141" lon="8.747306">
<ele>868.496</ele>
</trkpt>
<trkpt lat="59.79601" lon="8.747547">
<ele>867.928</ele>
</trkpt>
<trkpt lat="59.795846" lon="8.747891">
<ele>866.7</ele>
</trkpt>
<trkpt lat="59.795687" lon="8.748328">
<ele>864.303</ele>
</trkpt>
<trkpt lat="59.795621" lon="8.748539">
<ele>863.564</ele>
</trkpt>
<trkpt lat="59.79543" lon="8.749079">
<ele>859.616</ele>
</trkpt>
<trkpt lat="59.795398" lon="8.74916">
<ele>858.871</ele>
</trkpt>
<trkpt lat="59.795327" lon="8.749373">
<ele>858.08</ele>
</trkpt>
<trkpt lat="59.795205" lon="8.749741">
<ele>856.039</ele>
</trkpt>
<trkpt lat="59.79504" lon="8.75021">
<ele>853.908</ele>
</trkpt>
<trkpt lat="59.794936" lon="8.750463">
<ele>851.977</ele>
</trkpt>
<trkpt lat="59.794896" lon="8.750582">
<ele>851.474</ele>
</trkpt>
<trkpt lat="59.794864" lon="8.750684">
<ele>851.035</ele>
</trkpt>
<trkpt lat="59.794751" lon="8.750993">
<ele>849.875</ele>
</trkpt>
<trkpt lat="59.794709" lon="8.751126">
<ele>849.675</ele>
</trkpt>
<trkpt lat="59.794521" lon="8.751633">
<ele>847.687</ele>
</trkpt>
<trkpt lat="59.794429" lon="8.751851">
<ele>846.256</ele>
</trkpt>
<trkpt lat="59.794356" lon="8.752031">
<ele>845.394</ele>
</trkpt>
<trkpt lat="59.794233" lon="8.752306">
<ele>843.973</ele>
</trkpt>
<trkpt lat="59.794127" lon="8.752497">
<ele>841.99</ele>
</trkpt>
<trkpt lat="59.794028" lon="8.752685">
<ele>840.838</ele>
</trkpt>
<trkpt lat="59.793965" lon="8.752828">
<ele>840.099</ele>
</trkpt>
<trkpt lat="59.793833" lon="8.753076">
<ele>837.739</ele>
</trkpt>
<trkpt lat="59.793715" lon="8.753282">
<ele>836.248</ele>
</trkpt>
<trkpt lat="59.793657" lon="8.753372">
<ele>835.319</ele>
</trkpt>
<trkpt lat="59.793485" lon="8.753662">
<ele>832.642</ele>
</trkpt>
<trkpt lat="59.793328" lon="8.753913">
<ele>831.039</ele>
</trkpt>
<trkpt lat="59.793184" lon="8.754157">
<ele>829.167</ele>
</trkpt>
<trkpt lat="59.79302" lon="8.75444">
<ele>827.93</ele>
</trkpt>
<trkpt lat="59.792902" lon="8.754666">
<ele>826.173</ele>
</trkpt>
<trkpt lat="59.792834" lon="8.7548">
<ele>825.403</ele>
</trkpt>
<trkpt lat="59.792768" lon="8.754956">
<ele>825.284</ele>
</trkpt>
<trkpt lat="59.792683" lon="8.755129">
<ele>824.54</ele>
</trkpt>
<trkpt lat="59.792656" lon="8.755202">
<ele>824.386</ele>
</trkpt>
<trkpt lat="59.792584" lon="8.755365">
<ele>823.964</ele>
</trkpt>
<trkpt lat="59.792502" lon="8.755602">
<ele>824.378</ele>
</trkpt>
<trkpt lat="59.792464" lon="8.755709">
<ele>824.198</ele>
</trkpt>
<trkpt lat="59.792356" lon="8.75608">
<ele>824.147</ele>
</trkpt>
<trkpt lat="59.792325" lon="8.75617">
<ele>824.014</ele>
</trkpt>
<trkpt lat="59.792309" lon="8.756241">
<ele>824.122</ele>
</trkpt>
<trkpt lat="59.792133" lon="8.756792">
<ele>824.105</ele>
</trkpt>
<trkpt lat="59.792049" lon="8.75699">
<ele>824.127</ele>
</trkpt>
<trkpt lat="59.792001" lon="8.757108">
<ele>824.192</ele>
</trkpt>
<trkpt lat="59.791895" lon="8.757332">
<ele>824.403</ele>
</trkpt>
<trkpt lat="59.791794" lon="8.757477">
<ele>824.088</ele>
</trkpt>
<trkpt lat="59.791735" lon="8.757562">
<ele>823.955</ele>
</trkpt>
<trkpt lat="59.791603" lon="8.757749">
<ele>823.567</ele>
</trkpt>
<trkpt lat="59.791498" lon="8.757872">
<ele>822.436</ele>
</trkpt>
<trkpt lat="59.791331" lon="8.758091">
<ele>820.187</ele>
</trkpt>
<trkpt lat="59.791272" lon="8.758195">
<ele>819.689</ele>
</trkpt>
<trkpt lat="59.790882" lon="8.758658">
<ele>815.724</ele>
</trkpt>
<trkpt lat="59.790433" lon="8.759268">
<ele>813.482</ele>
</trkpt>
<trkpt lat="59.790212" lon="8.759557">
<ele>812.932</ele>
</trkpt>
<trkpt lat="59.790079" lon="8.75973">
<ele>812.605</ele>
</trkpt>
<trkpt lat="59.789961" lon="8.759861">
<ele>812.149</ele>
</trkpt>
<trkpt lat="59.78986" lon="8.759974">
<ele>811.442</ele>
</trkpt>
<trkpt lat="59.789713" lon="8.760119">
<ele>810.395</ele>
</trkpt>
<trkpt lat="59.789604" lon="8.760228">
<ele>810.395</ele>
</trkpt>
<trkpt lat="59.789462" lon="8.760347">
<ele>810.328</ele>
</trkpt>
<trkpt lat="59.789343" lon="8.760428">
<ele>809.81</ele>
</trkpt>
<trkpt lat="59.789253" lon="8.760514">
<ele>809.472</ele>
</trkpt>
<trkpt lat="59.789118" lon="8.760607">
<ele>809.01</ele>
</trkpt>
<trkpt lat="59.78907" lon="8.760633">
<ele>808.931</ele>
</trkpt>
<trkpt lat="59.788935" lon="8.760728">
<ele>808.787</ele>
</trkpt>
<trkpt lat="59.788712" lon="8.760805">
<ele>808.261</ele>
</trkpt>
<trkpt lat="59.788569" lon="8.760869">
<ele>808.086</ele>
</trkpt>
<trkpt lat="59.788462" lon="8.76089">
<ele>807.762</ele>
</trkpt>
<trkpt lat="59.788437" lon="8.760903">
<ele>807.718</ele>
</trkpt>
<trkpt lat="59.788402" lon="8.760917">
<ele>807.623</ele>
</trkpt>
<trkpt lat="59.788195" lon="8.76099">
<ele>807.066</ele>
</trkpt>
<trkpt lat="59.7881" lon="8.761007">
<ele>806.785</ele>
</trkpt>
<trkpt lat="59.788072" lon="8.76102">
<ele>806.731</ele>
</trkpt>
<trkpt lat="59.78797" lon="8.761066">
<ele>806.838</ele>
</trkpt>
<trkpt lat="59.787922" lon="8.761091">
<ele>806.928</ele>
</trkpt>
<trkpt lat="59.787914" lon="8.761096">
<ele>806.946</ele>
</trkpt>
<trkpt lat="59.787796" lon="8.761173">
<ele>807.223</ele>
</trkpt>
<trkpt lat="59.787737" lon="8.761218">
<ele>807.238</ele>
</trkpt>
<trkpt lat="59.787677" lon="8.761265">
<ele>807.191</ele>
</trkpt>
<trkpt lat="59.787628" lon="8.761305">
<ele>807.159</ele>
</trkpt>
<trkpt lat="59.787466" lon="8.761525">
<ele>807.308</ele>
</trkpt>
<trkpt lat="59.787338" lon="8.761736">
<ele>806.834</ele>
</trkpt>
<trkpt lat="59.787276" lon="8.761891">
<ele>806.387</ele>
</trkpt>
<trkpt lat="59.787198" lon="8.762168">
<ele>805.021</ele>
</trkpt>
<trkpt lat="59.78713" lon="8.762363">
<ele>804.675</ele>
</trkpt>
<trkpt lat="59.787053" lon="8.762642">
<ele>804.372</ele>
</trkpt>
<trkpt lat="59.787012" lon="8.762791">
<ele>804.02</ele>
</trkpt>
<trkpt lat="59.786947" lon="8.76299">
<ele>803.801</ele>
</trkpt>
<trkpt lat="59.786823" lon="8.763434">
<ele>803.892</ele>
</trkpt>
<trkpt lat="59.786698" lon="8.76395">
<ele>802.589</ele>
</trkpt>
<trkpt lat="59.78666" lon="8.764084">
<ele>801.976</ele>
</trkpt>
<trkpt lat="59.786572" lon="8.764376">
<ele>802.156</ele>
</trkpt>
<trkpt lat="59.786511" lon="8.76451">
<ele>802.351</ele>
</trkpt>
<trkpt lat="59.786429" lon="8.764654">
<ele>802.798</ele>
</trkpt>
<trkpt lat="59.786296" lon="8.764831">
<ele>803.58</ele>
</trkpt>
<trkpt lat="59.786024" lon="8.765093">
<ele>803.893</ele>
</trkpt>
<trkpt lat="59.785891" lon="8.765209">
<ele>802.347</ele>
</trkpt>
<trkpt lat="59.785836" lon="8.765275">
<ele>802.018</ele>
</trkpt>
<trkpt lat="59.785737" lon="8.765368">
<ele>802.84</ele>
</trkpt>
<trkpt lat="59.785548" lon="8.765618">
<ele>804.32</ele>
</trkpt>
<trkpt lat="59.785516" lon="8.765683">
<ele>804.271</ele>
</trkpt>
<trkpt lat="59.785391" lon="8.765899">
<ele>804.243</ele>
</trkpt>
<trkpt lat="59.785322" lon="8.76605">
<ele>804.853</ele>
</trkpt>
<trkpt lat="59.785221" lon="8.76623">
<ele>805.145</ele>
</trkpt>
<trkpt lat="59.785182" lon="8.766289">
<ele>805.073</ele>
</trkpt>
<trkpt lat="59.785106" lon="8.766437">
<ele>805.535</ele>
</trkpt>
<trkpt lat="59.784907" lon="8.766783">
<ele>806.164</ele>
</trkpt>
<trkpt lat="59.784765" lon="8.767035">
<ele>805.748</ele>
</trkpt>
<trkpt lat="59.784541" lon="8.767436">
<ele>806.85</ele>
</trkpt>
<trkpt lat="59.784475" lon="8.767529">
<ele>806.753</ele>
</trkpt>
<trkpt lat="59.78442" lon="8.767637">
<ele>807.26</ele>
</trkpt>
<trkpt lat="59.784348" lon="8.767752">
<ele>807.712</ele>
</trkpt>
<trkpt lat="59.784254" lon="8.767859">
<ele>807.528</ele>
</trkpt>
<trkpt lat="59.78412" lon="8.768033">
<ele>807.502</ele>
</trkpt>
<trkpt lat="59.784029" lon="8.768132">
<ele>807.698</ele>
</trkpt>
<trkpt lat="59.78399" lon="8.76818">
<ele>807.787</ele>
</trkpt>
<trkpt lat="59.783874" lon="8.768295">
<ele>807.563</ele>
</trkpt>
<trkpt lat="59.783629" lon="8.768569">
<ele>806.89</ele>
</trkpt>
<trkpt lat="59.783463" lon="8.768774">
<ele>807.106</ele>
</trkpt>
<trkpt lat="59.783307" lon="8.76893">
<ele>807.335</ele>
</trkpt>
<trkpt lat="59.78309" lon="8.769106">
<ele>807.784</ele>
</trkpt>
<trkpt lat="59.782961" lon="8.769184">
<ele>807.485</ele>
</trkpt>
<trkpt lat="59.782809" lon="8.769307">
<ele>807.292</ele>
</trkpt>
<trkpt lat="59.782651" lon="8.769412">
<ele>806.907</ele>
</trkpt>
<trkpt lat="59.782438" lon="8.769578">
<ele>806.631</ele>
</trkpt>
<trkpt lat="59.782342" lon="8.769619">
<ele>806.331</ele>
</trkpt>
<trkpt lat="59.782045" lon="8.769793">
<ele>804.433</ele>
</trkpt>
<trkpt lat="59.781809" lon="8.769896">
<ele>802.833</ele>
</trkpt>
<trkpt lat="59.781628" lon="8.769984">
<ele>801.992</ele>
</trkpt>
<trkpt lat="59.781442" lon="8.770052">
<ele>802.187</ele>
</trkpt>
<trkpt lat="59.781106" lon="8.770221">
<ele>802.781</ele>
</trkpt>
<trkpt lat="59.780863" lon="8.770355">
<ele>802.385</ele>
</trkpt>
<trkpt lat="59.780694" lon="8.770447">
<ele>802.304</ele>
</trkpt>
<trkpt lat="59.780467" lon="8.770561">
<ele>802.013</ele>
</trkpt>
<trkpt lat="59.780314" lon="8.770644">
<ele>802.042</ele>
</trkpt>
<trkpt lat="59.780156" lon="8.77072">
<ele>802.0</ele>
</trkpt>
<trkpt lat="59.779979" lon="8.770825">
<ele>801.924</ele>
</trkpt>
<trkpt lat="59.779771" lon="8.770955">
<ele>801.614</ele>
</trkpt>
<trkpt lat="59.779704" lon="8.770993">
<ele>801.537</ele>
</trkpt>
<trkpt lat="59.779565" lon="8.771088">
<ele>801.398</ele>
</trkpt>
<trkpt lat="59.779397" lon="8.771199">
<ele>801.146</ele>
</trkpt>
<trkpt lat="59.779293" lon="8.771266">
<ele>801.012</ele>
</trkpt>
<trkpt lat="59.779157" lon="8.771339">
<ele>800.786</ele>
</trkpt>
<trkpt lat="59.779051" lon="8.771378">
<ele>800.544</ele>
</trkpt>
<trkpt lat="59.778936" lon="8.771413">
<ele>800.329</ele>
</trkpt>
<trkpt lat="59.778733" lon="8.771456">
<ele>800.483</ele>
</trkpt>
<trkpt lat="59.778527" lon="8.771484">
<ele>800.278</ele>
</trkpt>
<trkpt lat="59.778376" lon="8.771488">
<ele>799.565</ele>
</trkpt>
<trkpt lat="59.778269" lon="8.771486">
<ele>799.35</ele>
</trkpt>
<trkpt lat="59.778084" lon="8.771479">
<ele>799.324</ele>
</trkpt>
<trkpt lat="59.777927" lon="8.771485">
<ele>799.346</ele>
</trkpt>
<trkpt lat="59.777718" lon="8.771504">
<ele>799.236</ele>
</trkpt>
<trkpt lat="59.77762" lon="8.771523">
<ele>798.934</ele>
</trkpt>
<trkpt lat="59.777474" lon="8.771575">
<ele>798.33</ele>
</trkpt>
<trkpt lat="59.777245" lon="8.771695">
<ele>798.102</ele>
</trkpt>
<trkpt lat="59.777147" lon="8.771757">
<ele>798.325</ele>
</trkpt>
<trkpt lat="59.777062" lon="8.771813">
<ele>798.527</ele>
</trkpt>
<trkpt lat="59.776998" lon="8.771855">
<ele>798.678</ele>
</trkpt>
<trkpt lat="59.776885" lon="8.771932">
<ele>798.751</ele>
</trkpt>
<trkpt lat="59.776811" lon="8.771981">
<ele>798.651</ele>
</trkpt>
<trkpt lat="59.776718" lon="8.772049">
<ele>798.561</ele>
</trkpt>
<trkpt lat="59.776521" lon="8.772202">
<ele>797.917</ele>
</trkpt>
<trkpt lat="59.776385" lon="8.772272">
<ele>797.33</ele>
</trkpt>
<trkpt lat="59.776332" lon="8.772312">
<ele>797.237</ele>
</trkpt>
<trkpt lat="59.776125" lon="8.77237">
<ele>796.164</ele>
</trkpt>
<trkpt lat="59.776032" lon="8.77237">
<ele>795.779</ele>
</trkpt>
<trkpt lat="59.775945" lon="8.772356">
<ele>795.365</ele>
</trkpt>
<trkpt lat="59.775842" lon="8.772318">
<ele>794.721</ele>
</trkpt>
<trkpt lat="59.775759" lon="8.772262">
<ele>793.484</ele>
</trkpt>
<trkpt lat="59.775687" lon="8.772222">
<ele>792.419</ele>
</trkpt>
<trkpt lat="59.775639" lon="8.772183">
<ele>791.76</ele>
</trkpt>
<trkpt lat="59.775489" lon="8.772093">
<ele>789.705</ele>
</trkpt>
<trkpt lat="59.775327" lon="8.772046">
<ele>787.375</ele>
</trkpt>
<trkpt lat="59.77518" lon="8.77199">
<ele>785.272</ele>
</trkpt>
<trkpt lat="59.775104" lon="8.77197">
<ele>784.307</ele>
</trkpt>
<trkpt lat="59.775046" lon="8.771961">
<ele>783.616</ele>
</trkpt>
<trkpt lat="59.774982" lon="8.771954">
<ele>782.874</ele>
</trkpt>
<trkpt lat="59.774824" lon="8.771958">
<ele>781.197</ele>
</trkpt>
<trkpt lat="59.774698" lon="8.77198">
<ele>780.169</ele>
</trkpt>
<trkpt lat="59.774608" lon="8.771984">
<ele>779.874</ele>
</trkpt>
<trkpt lat="59.77447" lon="8.771971">
<ele>779.283</ele>
</trkpt>
<trkpt lat="59.774373" lon="8.771905">
<ele>777.944</ele>
</trkpt>
<trkpt lat="59.774286" lon="8.771818">
<ele>776.378</ele>
</trkpt>
<trkpt lat="59.77422" lon="8.77173">
<ele>775.032</ele>
</trkpt>
<trkpt lat="59.774193" lon="8.77168">
<ele>774.38</ele>
</trkpt>
<trkpt lat="59.774151" lon="8.771625">
<ele>773.212</ele>
</trkpt>
<trkpt lat="59.774067" lon="8.771559">
<ele>770.684</ele>
</trkpt>
<trkpt lat="59.774002" lon="8.771524">
<ele>768.902</ele>
</trkpt>
<trkpt lat="59.773951" lon="8.771507">
<ele>767.617</ele>
</trkpt>
<trkpt lat="59.773904" lon="8.771507">
<ele>766.602</ele>
</trkpt>
<trkpt lat="59.773775" lon="8.771558">
<ele>765.507</ele>
</trkpt>
<trkpt lat="59.773761" lon="8.771562">
<ele>765.375</ele>
</trkpt>
<trkpt lat="59.7737" lon="8.771601">
<ele>764.892</ele>
</trkpt>
<trkpt lat="59.773538" lon="8.771733">
<ele>763.864</ele>
</trkpt>
<trkpt lat="59.773424" lon="8.771804">
<ele>763.129</ele>
</trkpt>
<trkpt lat="59.773301" lon="8.771907">
<ele>762.513</ele>
</trkpt>
<trkpt lat="59.773204" lon="8.771959">
<ele>762.177</ele>
</trkpt>
<trkpt lat="59.773095" lon="8.772046">
<ele>761.753</ele>
</trkpt>
<trkpt lat="59.772863" lon="8.772173">
<ele>759.05</ele>
</trkpt>
<trkpt lat="59.772723" lon="8.772219">
<ele>757.007</ele>
</trkpt>
<trkpt lat="59.772485" lon="8.772261">
<ele>753.063</ele>
</trkpt>
<trkpt lat="59.772418" lon="8.772278">
<ele>752.221</ele>
</trkpt>
<trkpt lat="59.772265" lon="8.772315">
<ele>750.284</ele>
</trkpt>
<trkpt lat="59.772003" lon="8.772371">
<ele>746.914</ele>
</trkpt>
<trkpt lat="59.771831" lon="8.772373">
<ele>744.639</ele>
</trkpt>
<trkpt lat="59.771753" lon="8.772366">
<ele>743.611</ele>
</trkpt>
<trkpt lat="59.771603" lon="8.772378">
<ele>741.186</ele>
</trkpt>
<trkpt lat="59.771556" lon="8.772403">
<ele>740.26</ele>
</trkpt>
<trkpt lat="59.771362" lon="8.772548">
<ele>736.651</ele>
</trkpt>
<trkpt lat="59.771236" lon="8.772668">
<ele>734.024</ele>
</trkpt>
<trkpt lat="59.771042" lon="8.772857">
<ele>730.292</ele>
</trkpt>
<trkpt lat="59.770938" lon="8.772999">
<ele>729.154</ele>
</trkpt>
<trkpt lat="59.770851" lon="8.77309">
<ele>727.817</ele>
</trkpt>
<trkpt lat="59.770667" lon="8.773328">
<ele>726.361</ele>
</trkpt>
<trkpt lat="59.770584" lon="8.773439">
<ele>725.414</ele>
</trkpt>
<trkpt lat="59.770546" lon="8.773465">
<ele>724.742</ele>
</trkpt>
<trkpt lat="59.770459" lon="8.773576">
<ele>723.662</ele>
</trkpt>
<trkpt lat="59.770385" lon="8.77369">
<ele>722.994</ele>
</trkpt>
<trkpt lat="59.770366" lon="8.773711">
<ele>722.739</ele>
</trkpt>
<trkpt lat="59.770286" lon="8.773808">
<ele>721.616</ele>
</trkpt>
<trkpt lat="59.770239" lon="8.773867">
<ele>720.865</ele>
</trkpt>
<trkpt lat="59.770188" lon="8.773929">
<ele>719.882</ele>
</trkpt>
<trkpt lat="59.770136" lon="8.774008">
<ele>718.856</ele>
</trkpt>
<trkpt lat="59.770071" lon="8.774138">
<ele>717.686</ele>
</trkpt>
<trkpt lat="59.770033" lon="8.774229">
<ele>717.056</ele>
</trkpt>
<trkpt lat="59.769968" lon="8.774354">
<ele>715.946</ele>
</trkpt>
<trkpt lat="59.769951" lon="8.774398">
<ele>715.745</ele>
</trkpt>
<trkpt lat="59.769869" lon="8.774554">
<ele>714.565</ele>
</trkpt>
<trkpt lat="59.769817" lon="8.774584">
<ele>713.55</ele>
</trkpt>
<trkpt lat="59.7698" lon="8.77458">
<ele>713.168</ele>
</trkpt>
<trkpt lat="59.769783" lon="8.774576">
<ele>712.786</ele>
</trkpt>
<trkpt lat="59.769758" lon="8.774548">
<ele>712.146</ele>
</trkpt>
<trkpt lat="59.769735" lon="8.774506">
<ele>711.498</ele>
</trkpt>
<trkpt lat="59.769723" lon="8.774458">
<ele>711.066</ele>
</trkpt>
<trkpt lat="59.769708" lon="8.774343">
<ele>709.944</ele>
</trkpt>
<trkpt lat="59.769711" lon="8.774103">
<ele>708.479</ele>
</trkpt>
<trkpt lat="59.769706" lon="8.773999">
<ele>707.952</ele>
</trkpt>
<trkpt lat="59.769693" lon="8.773785">
<ele>706.41</ele>
</trkpt>
<trkpt lat="59.769672" lon="8.773707">
<ele>705.244</ele>
</trkpt>
<trkpt lat="59.769645" lon="8.773671">
<ele>704.207</ele>
</trkpt>
<trkpt lat="59.769572" lon="8.773665">
<ele>702.062</ele>
</trkpt>
<trkpt lat="59.769523" lon="8.773723">
<ele>701.068</ele>
</trkpt>
<trkpt lat="59.769409" lon="8.774022">
<ele>700.065</ele>
</trkpt>
<trkpt lat="59.769379" lon="8.774132">
<ele>700.101</ele>
</trkpt>
<trkpt lat="59.769319" lon="8.774289">
<ele>699.961</ele>
</trkpt>
<trkpt lat="59.769285" lon="8.774369">
<ele>699.749</ele>
</trkpt>
<trkpt lat="59.769239" lon="8.774519">
<ele>699.352</ele>
</trkpt>
<trkpt lat="59.769215" lon="8.774578">
<ele>698.873</ele>
</trkpt>
<trkpt lat="59.769131" lon="8.774828">
<ele>697.606</ele>
</trkpt>
<trkpt lat="59.769104" lon="8.77489">
<ele>697.178</ele>
</trkpt>
<trkpt lat="59.768981" lon="8.775083">
<ele>694.283</ele>
</trkpt>
<trkpt lat="59.768888" lon="8.775268">
<ele>691.939</ele>
</trkpt>
<trkpt lat="59.768782" lon="8.775459">
<ele>690.226</ele>
</trkpt>
<trkpt lat="59.768706" lon="8.775632">
<ele>689.189</ele>
</trkpt>
<trkpt lat="59.768648" lon="8.77574">
<ele>688.302</ele>
</trkpt>
<trkpt lat="59.768582" lon="8.775877">
<ele>687.283</ele>
</trkpt>
<trkpt lat="59.768548" lon="8.775957">
<ele>686.72</ele>
</trkpt>
<trkpt lat="59.768498" lon="8.776053">
<ele>685.832</ele>
</trkpt>
<trkpt lat="59.768377" lon="8.776297">
<ele>683.753</ele>
</trkpt>
<trkpt lat="59.768271" lon="8.776526">
<ele>681.902</ele>
</trkpt>
<trkpt lat="59.768171" lon="8.776727">
<ele>679.422</ele>
</trkpt>
<trkpt lat="59.768101" lon="8.776895">
<ele>677.607</ele>
</trkpt>
<trkpt lat="59.768078" lon="8.776966">
<ele>677.196</ele>
</trkpt>
<trkpt lat="59.767985" lon="8.777163">
<ele>675.82</ele>
</trkpt>
<trkpt lat="59.767913" lon="8.777334">
<ele>674.673</ele>
</trkpt>
<trkpt lat="59.767879" lon="8.777401">
<ele>673.931</ele>
</trkpt>
<trkpt lat="59.767685" lon="8.777862">
<ele>671.064</ele>
</trkpt>
<trkpt lat="59.767621" lon="8.777997">
<ele>669.591</ele>
</trkpt>
<trkpt lat="59.767568" lon="8.778095">
<ele>668.487</ele>
</trkpt>
<trkpt lat="59.767482" lon="8.778209">
<ele>666.557</ele>
</trkpt>
<trkpt lat="59.767355" lon="8.778386">
<ele>664.302</ele>
</trkpt>
<trkpt lat="59.767233" lon="8.778539">
<ele>662.503</ele>
</trkpt>
<trkpt lat="59.767098" lon="8.778665">
<ele>659.557</ele>
</trkpt>
<trkpt lat="59.766807" lon="8.779023">
<ele>654.019</ele>
</trkpt>
<trkpt lat="59.766753" lon="8.779095">
<ele>652.918</ele>
</trkpt>
<trkpt lat="59.766717" lon="8.779159">
<ele>652.241</ele>
</trkpt>
<trkpt lat="59.76664" lon="8.779248">
<ele>650.818</ele>
</trkpt>
<trkpt lat="59.766552" lon="8.779365">
<ele>649.126</ele>
</trkpt>
<trkpt lat="59.766495" lon="8.779448">
<ele>648.064</ele>
</trkpt>
<trkpt lat="59.766371" lon="8.779684">
<ele>645.283</ele>
</trkpt>
<trkpt lat="59.766318" lon="8.77983">
<ele>644.091</ele>
</trkpt>
<trkpt lat="59.766281" lon="8.779958">
<ele>643.353</ele>
</trkpt>
<trkpt lat="59.766217" lon="8.780234">
<ele>641.431</ele>
</trkpt>
<trkpt lat="59.766117" lon="8.78071">
<ele>639.191</ele>
</trkpt>
<trkpt lat="59.766072" lon="8.78096">
<ele>637.938</ele>
</trkpt>
<trkpt lat="59.766044" lon="8.781143">
<ele>637.309</ele>
</trkpt>
<trkpt lat="59.766039" lon="8.781192">
<ele>637.183</ele>
</trkpt>
<trkpt lat="59.766034" lon="8.781242">
<ele>637.057</ele>
</trkpt>
<trkpt lat="59.765995" lon="8.781618">
<ele>636.419</ele>
</trkpt>
<trkpt lat="59.765983" lon="8.781705">
<ele>636.307</ele>
</trkpt>
<trkpt lat="59.765931" lon="8.782259">
<ele>636.726</ele>
</trkpt>
<trkpt lat="59.765924" lon="8.782301">
<ele>636.852</ele>
</trkpt>
<trkpt lat="59.76591" lon="8.782377">
<ele>637.046</ele>
</trkpt>
<trkpt lat="59.765856" lon="8.782508">
<ele>636.629</ele>
</trkpt>
<trkpt lat="59.765806" lon="8.782589">
<ele>635.755</ele>
</trkpt>
<trkpt lat="59.76563" lon="8.78279">
<ele>631.576</ele>
</trkpt>
<trkpt lat="59.765437" lon="8.782946">
<ele>629.288</ele>
</trkpt>
<trkpt lat="59.765269" lon="8.783048">
<ele>627.702</ele>
</trkpt>
<trkpt lat="59.765255" lon="8.783053">
<ele>627.472</ele>
</trkpt>
<trkpt lat="59.765184" lon="8.78308">
<ele>626.385</ele>
</trkpt>
<trkpt lat="59.765111" lon="8.783108">
<ele>625.228</ele>
</trkpt>
<trkpt lat="59.765012" lon="8.783169">
<ele>623.91</ele>
</trkpt>
<trkpt lat="59.764954" lon="8.783218">
<ele>623.014</ele>
</trkpt>
<trkpt lat="59.764752" lon="8.783434">
<ele>619.984</ele>
</trkpt>
<trkpt lat="59.764538" lon="8.783653">
<ele>617.524</ele>
</trkpt>
<trkpt lat="59.764525" lon="8.78365">
<ele>617.201</ele>
</trkpt>
<trkpt lat="59.764501" lon="8.783624">
<ele>616.37</ele>
</trkpt>
<trkpt lat="59.764486" lon="8.783569">
<ele>615.443</ele>
</trkpt>
<trkpt lat="59.764483" lon="8.783509">
<ele>614.73</ele>
</trkpt>
<trkpt lat="59.764488" lon="8.783435">
<ele>614.039</ele>
</trkpt>
<trkpt lat="59.764513" lon="8.783293">
<ele>612.9</ele>
</trkpt>
<trkpt lat="59.764548" lon="8.78314">
<ele>611.453</ele>
</trkpt>
<trkpt lat="59.764628" lon="8.782893">
<ele>610.209</ele>
</trkpt>
<trkpt lat="59.764671" lon="8.78273">
<ele>609.378</ele>
</trkpt>
<trkpt lat="59.764718" lon="8.782485">
<ele>607.801</ele>
</trkpt>
<trkpt lat="59.76473" lon="8.782294">
<ele>606.741</ele>
</trkpt>
<trkpt lat="59.764719" lon="8.782114">
<ele>605.541</ele>
</trkpt>
<trkpt lat="59.764698" lon="8.781987">
<ele>604.63</ele>
</trkpt>
<trkpt lat="59.764665" lon="8.781886">
<ele>603.554</ele>
</trkpt>
<trkpt lat="59.764628" lon="8.78182">
<ele>602.517</ele>
</trkpt>
<trkpt lat="59.764596" lon="8.781794">
<ele>601.732</ele>
</trkpt>
<trkpt lat="59.764545" lon="8.781798">
<ele>600.645</ele>
</trkpt>
<trkpt lat="59.764508" lon="8.781823">
<ele>599.936</ele>
</trkpt>
<trkpt lat="59.764462" lon="8.781872">
<ele>599.118</ele>
</trkpt>
<trkpt lat="59.76439" lon="8.78197">
<ele>597.916</ele>
</trkpt>
<trkpt lat="59.764299" lon="8.78214">
<ele>596.562</ele>
</trkpt>
<trkpt lat="59.764242" lon="8.782222">
<ele>595.626</ele>
</trkpt>
<trkpt lat="59.764211" lon="8.782253">
<ele>595.179</ele>
</trkpt>
<trkpt lat="59.764135" lon="8.782285">
<ele>593.856</ele>
</trkpt>
<trkpt lat="59.764045" lon="8.782275">
<ele>592.107</ele>
</trkpt>
<trkpt lat="59.764001" lon="8.782239">
<ele>591.103</ele>
</trkpt>
<trkpt lat="59.763959" lon="8.782181">
<ele>590.114</ele>
</trkpt>
<trkpt lat="59.763898" lon="8.782072">
<ele>588.623</ele>
</trkpt>
<trkpt lat="59.763865" lon="8.782021">
<ele>588.018</ele>
</trkpt>
<trkpt lat="59.763831" lon="8.781945">
<ele>587.377</ele>
</trkpt>
<trkpt lat="59.763747" lon="8.781736">
<ele>586.468</ele>
</trkpt>
<trkpt lat="59.763683" lon="8.781537">
<ele>584.964</ele>
</trkpt>
<trkpt lat="59.763638" lon="8.781329">
<ele>583.172</ele>
</trkpt>
<trkpt lat="59.763597" lon="8.78108">
<ele>581.562</ele>
</trkpt>
<trkpt lat="59.763582" lon="8.780931">
<ele>579.845</ele>
</trkpt>
<trkpt lat="59.763579" lon="8.780727">
<ele>577.959</ele>
</trkpt>
<trkpt lat="59.763592" lon="8.780556">
<ele>576.797</ele>
</trkpt>
<trkpt lat="59.763607" lon="8.780377">
<ele>575.67</ele>
</trkpt>
<trkpt lat="59.763638" lon="8.780116">
<ele>574.902</ele>
</trkpt>
<trkpt lat="59.76367" lon="8.779875">
<ele>574.705</ele>
</trkpt>
<trkpt lat="59.763742" lon="8.779524">
<ele>575.827</ele>
</trkpt>
<trkpt lat="59.763777" lon="8.779301">
<ele>576.791</ele>
</trkpt>
<trkpt lat="59.763792" lon="8.779202">
<ele>577.212</ele>
</trkpt>
<trkpt lat="59.763794" lon="8.779106">
<ele>577.292</ele>
</trkpt>
<trkpt lat="59.763788" lon="8.779025">
<ele>577.184</ele>
</trkpt>
<trkpt lat="59.763757" lon="8.778923">
<ele>576.626</ele>
</trkpt>
<trkpt lat="59.763722" lon="8.77888">
<ele>575.983</ele>
</trkpt>
<trkpt lat="59.763669" lon="8.778842">
<ele>575.007</ele>
</trkpt>
<trkpt lat="59.763597" lon="8.778843">
<ele>573.746</ele>
</trkpt>
<trkpt lat="59.763518" lon="8.778876">
<ele>572.324</ele>
</trkpt>
<trkpt lat="59.763369" lon="8.778978">
<ele>569.642</ele>
</trkpt>
<trkpt lat="59.763221" lon="8.779095">
<ele>566.574</ele>
</trkpt>
<trkpt lat="59.763144" lon="8.779194">
<ele>564.91</ele>
</trkpt>
<trkpt lat="59.763114" lon="8.779248">
<ele>564.262</ele>
</trkpt>
<trkpt lat="59.763045" lon="8.779382">
<ele>562.772</ele>
</trkpt>
<trkpt lat="59.762944" lon="8.779669">
<ele>560.915</ele>
</trkpt>
<trkpt lat="59.76286" lon="8.779884">
<ele>560.472</ele>
</trkpt>
<trkpt lat="59.762754" lon="8.780119">
<ele>560.465</ele>
</trkpt>
<trkpt lat="59.762668" lon="8.780265">
<ele>560.309</ele>
</trkpt>
<trkpt lat="59.762597" lon="8.780337">
<ele>560.036</ele>
</trkpt>
<trkpt lat="59.762484" lon="8.780423">
<ele>559.193</ele>
</trkpt>
<trkpt lat="59.762379" lon="8.780453">
<ele>557.004</ele>
</trkpt>
<trkpt lat="59.762247" lon="8.780474">
<ele>554.011</ele>
</trkpt>
<trkpt lat="59.76203" lon="8.780528">
<ele>548.958</ele>
</trkpt>
<trkpt lat="59.761943" lon="8.780566">
<ele>547.081</ele>
</trkpt>
<trkpt lat="59.761883" lon="8.780606">
<ele>546.177</ele>
</trkpt>
<trkpt lat="59.761792" lon="8.780701">
<ele>544.991</ele>
</trkpt>
<trkpt lat="59.761738" lon="8.780794">
<ele>544.478</ele>
</trkpt>
<trkpt lat="59.761671" lon="8.780965">
<ele>544.065</ele>
</trkpt>
<trkpt lat="59.761642" lon="8.781047">
<ele>543.849</ele>
</trkpt>
<trkpt lat="59.761526" lon="8.78143">
<ele>542.811</ele>
</trkpt>
<trkpt lat="59.761422" lon="8.781743">
<ele>541.709</ele>
</trkpt>
<trkpt lat="59.761276" lon="8.782122">
<ele>540.434</ele>
</trkpt>
<trkpt lat="59.761243" lon="8.782195">
<ele>540.128</ele>
</trkpt>
<trkpt lat="59.761072" lon="8.782505">
<ele>537.191</ele>
</trkpt>
<trkpt lat="59.760985" lon="8.782607">
<ele>536.046</ele>
</trkpt>
<trkpt lat="59.760878" lon="8.782711">
<ele>534.484</ele>
</trkpt>
<trkpt lat="59.760817" lon="8.782772">
<ele>533.604</ele>
</trkpt>
<trkpt lat="59.760744" lon="8.782834">
<ele>532.475</ele>
</trkpt>
<trkpt lat="59.760633" lon="8.782921">
<ele>530.704</ele>
</trkpt>
<trkpt lat="59.760389" lon="8.783054">
<ele>526.991</ele>
</trkpt>
<trkpt lat="59.760337" lon="8.783088">
<ele>526.325</ele>
</trkpt>
<trkpt lat="59.760109" lon="8.783165">
<ele>523.358</ele>
</trkpt>
<trkpt lat="59.759981" lon="8.783228">
<ele>521.763</ele>
</trkpt>
<trkpt lat="59.759901" lon="8.783263">
<ele>519.999</ele>
</trkpt>
<trkpt lat="59.759774" lon="8.783383">
<ele>517.629</ele>
</trkpt>
<trkpt lat="59.759729" lon="8.783434">
<ele>516.887</ele>
</trkpt>
<trkpt lat="59.759674" lon="8.783523">
<ele>516.15</ele>
</trkpt>
<trkpt lat="59.759587" lon="8.783698">
<ele>515.218</ele>
</trkpt>
<trkpt lat="59.759378" lon="8.784079">
<ele>512.934</ele>
</trkpt>
<trkpt lat="59.759267" lon="8.784268">
<ele>511.897</ele>
</trkpt>
<trkpt lat="59.75923" lon="8.784342">
<ele>511.63</ele>
</trkpt>
<trkpt lat="59.759092" lon="8.78456">
<ele>509.57</ele>
</trkpt>
<trkpt lat="59.759014" lon="8.784726">
<ele>508.073</ele>
</trkpt>
<trkpt lat="59.758979" lon="8.784824">
<ele>507.405</ele>
</trkpt>
<trkpt lat="59.758879" lon="8.78511">
<ele>505.218</ele>
</trkpt>
<trkpt lat="59.758782" lon="8.785369">
<ele>504.606</ele>
</trkpt>
<trkpt lat="59.758669" lon="8.785606">
<ele>503.432</ele>
</trkpt>
<trkpt lat="59.758534" lon="8.785796">
<ele>501.755</ele>
</trkpt>
<trkpt lat="59.758447" lon="8.7859">
<ele>500.975</ele>
</trkpt>
<trkpt lat="59.758344" lon="8.786026">
<ele>499.874</ele>
</trkpt>
<trkpt lat="59.758222" lon="8.786244">
<ele>498.283</ele>
</trkpt>
<trkpt lat="59.758167" lon="8.786357">
<ele>497.361</ele>
</trkpt>
<trkpt lat="59.758089" lon="8.786546">
<ele>495.791</ele>
</trkpt>
<trkpt lat="59.758014" lon="8.786707">
<ele>494.675</ele>
</trkpt>
<trkpt lat="59.757937" lon="8.786825">
<ele>494.046</ele>
</trkpt>
<trkpt lat="59.757869" lon="8.786909">
<ele>493.272</ele>
</trkpt>
<trkpt lat="59.757744" lon="8.787001">
<ele>491.417</ele>
</trkpt>
<trkpt lat="59.75768" lon="8.787017">
<ele>490.332</ele>
</trkpt>
<trkpt lat="59.757573" lon="8.787007">
<ele>488.48</ele>
</trkpt>
<trkpt lat="59.757325" lon="8.786969">
<ele>485.143</ele>
</trkpt>
<trkpt lat="59.757232" lon="8.786973">
<ele>484.109</ele>
</trkpt>
<trkpt lat="59.757152" lon="8.786996">
<ele>483.036</ele>
</trkpt>
<trkpt lat="59.757016" lon="8.787053">
<ele>481.321</ele>
</trkpt>
<trkpt lat="59.756851" lon="8.787145">
<ele>479.713</ele>
</trkpt>
<trkpt lat="59.756701" lon="8.787249">
<ele>478.552</ele>
</trkpt>
<trkpt lat="59.756557" lon="8.787397">
<ele>477.826</ele>
</trkpt>
<trkpt lat="59.756495" lon="8.787461">
<ele>477.334</ele>
</trkpt>
<trkpt lat="59.756459" lon="8.787494">
<ele>476.983</ele>
</trkpt>
<trkpt lat="59.756394" lon="8.787572">
<ele>476.597</ele>
</trkpt>
<trkpt lat="59.756329" lon="8.787658">
<ele>476.368</ele>
</trkpt>
<trkpt lat="59.756268" lon="8.787751">
<ele>476.108</ele>
</trkpt>
<trkpt lat="59.756179" lon="8.787905">
<ele>475.548</ele>
</trkpt>
<trkpt lat="59.756121" lon="8.788018">
<ele>475.038</ele>
</trkpt>
<trkpt lat="59.755985" lon="8.788266">
<ele>474.162</ele>
</trkpt>
<trkpt lat="59.755815" lon="8.788576">
<ele>471.934</ele>
</trkpt>
<trkpt lat="59.755689" lon="8.788844">
<ele>471.045</ele>
</trkpt>
<trkpt lat="59.755596" lon="8.789077">
<ele>470.291</ele>
</trkpt>
<trkpt lat="59.75551" lon="8.789318">
<ele>469.672</ele>
</trkpt>
<trkpt lat="59.755468" lon="8.789455">
<ele>469.37</ele>
</trkpt>
<trkpt lat="59.755411" lon="8.789665">
<ele>468.959</ele>
</trkpt>
<trkpt lat="59.755388" lon="8.789755">
<ele>468.912</ele>
</trkpt>
<trkpt lat="59.755356" lon="8.78997">
<ele>469.455</ele>
</trkpt>
<trkpt lat="59.755296" lon="8.790543">
<ele>471.214</ele>
</trkpt>
<trkpt lat="59.75519" lon="8.791545">
<ele>476.068</ele>
</trkpt>
<trkpt lat="59.755156" lon="8.791822">
<ele>476.123</ele>
</trkpt>
<trkpt lat="59.755087" lon="8.792385">
<ele>475.626</ele>
</trkpt>
<trkpt lat="59.755073" lon="8.792479">
<ele>475.526</ele>
</trkpt>
<trkpt lat="59.755032" lon="8.792829">
<ele>476.252</ele>
</trkpt>
<trkpt lat="59.755025" lon="8.792918">
<ele>476.225</ele>
</trkpt>
<trkpt lat="59.755008" lon="8.793032">
<ele>476.084</ele>
</trkpt>
<trkpt lat="59.754958" lon="8.793464">
<ele>477.248</ele>
</trkpt>
<trkpt lat="59.754914" lon="8.793751">
<ele>477.729</ele>
</trkpt>
<trkpt lat="59.75489" lon="8.793864">
<ele>477.758</ele>
</trkpt>
<trkpt lat="59.754822" lon="8.794086">
<ele>477.333</ele>
</trkpt>
<trkpt lat="59.754742" lon="8.794347">
<ele>476.934</ele>
</trkpt>
<trkpt lat="59.754624" lon="8.794699">
<ele>477.802</ele>
</trkpt>
<trkpt lat="59.754502" lon="8.794957">
<ele>478.312</ele>
</trkpt>
<trkpt lat="59.754446" lon="8.795096">
<ele>478.364</ele>
</trkpt>
<trkpt lat="59.754419" lon="8.795174">
<ele>478.535</ele>
</trkpt>
<trkpt lat="59.75419" lon="8.79559">
<ele>480.105</ele>
</trkpt>
<trkpt lat="59.754089" lon="8.795776">
<ele>479.441</ele>
</trkpt>
<trkpt lat="59.753927" lon="8.79604">
<ele>479.018</ele>
</trkpt>
<trkpt lat="59.753855" lon="8.796149">
<ele>479.014</ele>
</trkpt>
<trkpt lat="59.753743" lon="8.796289">
<ele>479.115</ele>
</trkpt>
<trkpt lat="59.753574" lon="8.796419">
<ele>478.975</ele>
</trkpt>
<trkpt lat="59.753372" lon="8.79649">
<ele>478.503</ele>
</trkpt>
<trkpt lat="59.75334" lon="8.796501">
<ele>478.428</ele>
</trkpt>
<trkpt lat="59.753254" lon="8.79653">
<ele>478.508</ele>
</trkpt>
<trkpt lat="59.75281" lon="8.796645">
<ele>476.27</ele>
</trkpt>
<trkpt lat="59.75258" lon="8.796752">
<ele>475.595</ele>
</trkpt>
<trkpt lat="59.752509" lon="8.796786">
<ele>475.462</ele>
</trkpt>
<trkpt lat="59.752433" lon="8.796836">
<ele>475.127</ele>
</trkpt>
<trkpt lat="59.752239" lon="8.796961">
<ele>474.236</ele>
</trkpt>
<trkpt lat="59.752131" lon="8.797048">
<ele>474.417</ele>
</trkpt>
<trkpt lat="59.751958" lon="8.797217">
<ele>475.011</ele>
</trkpt>
<trkpt lat="59.751799" lon="8.797402">
<ele>474.076</ele>
</trkpt>
<trkpt lat="59.751724" lon="8.797517">
<ele>473.742</ele>
</trkpt>
<trkpt lat="59.751502" lon="8.797806">
<ele>472.791</ele>
</trkpt>
<trkpt lat="59.751208" lon="8.798222">
<ele>471.594</ele>
</trkpt>
<trkpt lat="59.750916" lon="8.79862">
<ele>470.957</ele>
</trkpt>
<trkpt lat="59.750784" lon="8.798794">
<ele>470.606</ele>
</trkpt>
<trkpt lat="59.750652" lon="8.798976">
<ele>469.702</ele>
</trkpt>
<trkpt lat="59.75054" lon="8.799136">
<ele>468.784</ele>
</trkpt>
<trkpt lat="59.750404" lon="8.799324">
<ele>468.733</ele>
</trkpt>
<trkpt lat="59.750288" lon="8.799494">
<ele>468.295</ele>
</trkpt>
<trkpt lat="59.750137" lon="8.799732">
<ele>468.039</ele>
</trkpt>
<trkpt lat="59.749983" lon="8.799985">
<ele>467.824</ele>
</trkpt>
<trkpt lat="59.749775" lon="8.800336">
<ele>466.819</ele>
</trkpt>
<trkpt lat="59.749576" lon="8.800698">
<ele>468.525</ele>
</trkpt>
<trkpt lat="59.749396" lon="8.801045">
<ele>469.978</ele>
</trkpt>
<trkpt lat="59.749105" lon="8.801595">
<ele>471.857</ele>
</trkpt>
<trkpt lat="59.749074" lon="8.801651">
<ele>471.981</ele>
</trkpt>
<trkpt lat="59.748854" lon="8.802047">
<ele>471.954</ele>
</trkpt>
<trkpt lat="59.748732" lon="8.802252">
<ele>471.435</ele>
</trkpt>
<trkpt lat="59.748559" lon="8.802511">
<ele>470.805</ele>
</trkpt>
<trkpt lat="59.748373" lon="8.802795">
<ele>469.286</ele>
</trkpt>
<trkpt lat="59.748175" lon="8.803069">
<ele>468.402</ele>
</trkpt>
<trkpt lat="59.747767" lon="8.803586">
<ele>466.871</ele>
</trkpt>
<trkpt lat="59.74757" lon="8.803824">
<ele>467.785</ele>
</trkpt>
<trkpt lat="59.74714" lon="8.804368">
<ele>469.051</ele>
</trkpt>
<trkpt lat="59.746989" lon="8.80464">
<ele>467.619</ele>
</trkpt>
<trkpt lat="59.746914" lon="8.80484">
<ele>467.692</ele>
</trkpt>
<trkpt lat="59.746832" lon="8.805214">
<ele>468.649</ele>
</trkpt>
<trkpt lat="59.746811" lon="8.805462">
<ele>469.222</ele>
</trkpt>
<trkpt lat="59.746798" lon="8.805766">
<ele>469.777</ele>
</trkpt>
<trkpt lat="59.7468" lon="8.806135">
<ele>470.4</ele>
</trkpt>
<trkpt lat="59.746781" lon="8.806685">
<ele>470.031</ele>
</trkpt>
<trkpt lat="59.746698" lon="8.807232">
<ele>467.447</ele>
</trkpt>
<trkpt lat="59.746638" lon="8.807486">
<ele>466.897</ele>
</trkpt>
<trkpt lat="59.746547" lon="8.807754">
<ele>466.049</ele>
</trkpt>
<trkpt lat="59.746357" lon="8.8082">
<ele>466.52</ele>
</trkpt>
<trkpt lat="59.7462" lon="8.808502">
<ele>467.802</ele>
</trkpt>
<trkpt lat="59.746007" lon="8.808848">
<ele>467.993</ele>
</trkpt>
<trkpt lat="59.745376" lon="8.809931">
<ele>464.476</ele>
</trkpt>
<trkpt lat="59.745269" lon="8.810168">
<ele>463.968</ele>
</trkpt>
<trkpt lat="59.745212" lon="8.810313">
<ele>463.86</ele>
</trkpt>
<trkpt lat="59.745173" lon="8.810418">
<ele>463.937</ele>
</trkpt>
<trkpt lat="59.745099" lon="8.810683">
<ele>463.713</ele>
</trkpt>
<trkpt lat="59.745062" lon="8.810919">
<ele>463.276</ele>
</trkpt>
<trkpt lat="59.74505" lon="8.811205">
<ele>462.72</ele>
</trkpt>
<trkpt lat="59.74505" lon="8.811462">
<ele>462.767</ele>
</trkpt>
<trkpt lat="59.745066" lon="8.811707">
<ele>463.154</ele>
</trkpt>
<trkpt lat="59.7451" lon="8.811927">
<ele>463.463</ele>
</trkpt>
<trkpt lat="59.745152" lon="8.812123">
<ele>463.194</ele>
</trkpt>
<trkpt lat="59.745298" lon="8.812518">
<ele>462.152</ele>
</trkpt>
<trkpt lat="59.745404" lon="8.812688">
<ele>461.849</ele>
</trkpt>
<trkpt lat="59.74552" lon="8.81285">
<ele>461.257</ele>
</trkpt>
<trkpt lat="59.745871" lon="8.813375">
<ele>458.216</ele>
</trkpt>
<trkpt lat="59.746032" lon="8.813645">
<ele>457.384</ele>
</trkpt>
<trkpt lat="59.746217" lon="8.813975">
<ele>455.644</ele>
</trkpt>
<trkpt lat="59.746432" lon="8.814396">
<ele>454.659</ele>
</trkpt>
<trkpt lat="59.7466" lon="8.814757">
<ele>454.665</ele>
</trkpt>
<trkpt lat="59.74674" lon="8.81509">
<ele>454.0</ele>
</trkpt>
<trkpt lat="59.746881" lon="8.815388">
<ele>453.603</ele>
</trkpt>
<trkpt lat="59.746997" lon="8.81565">
<ele>453.568</ele>
</trkpt>
<trkpt lat="59.747048" lon="8.815816">
<ele>454.118</ele>
</trkpt>
<trkpt lat="59.747105" lon="8.815995">
<ele>454.398</ele>
</trkpt>
<trkpt lat="59.747143" lon="8.816205">
<ele>454.43</ele>
</trkpt>
<trkpt lat="59.747162" lon="8.81648">
<ele>454.638</ele>
</trkpt>
<trkpt lat="59.747159" lon="8.81675">
<ele>454.772</ele>
</trkpt>
<trkpt lat="59.747125" lon="8.816992">
<ele>454.821</ele>
</trkpt>
<trkpt lat="59.747084" lon="8.817181">
<ele>455.354</ele>
</trkpt>
<trkpt lat="59.746922" lon="8.817576">
<ele>456.466</ele>
</trkpt>
<trkpt lat="59.746783" lon="8.817799">
<ele>457.527</ele>
</trkpt>
<trkpt lat="59.746648" lon="8.818087">
<ele>458.025</ele>
</trkpt>
<trkpt lat="59.74651" lon="8.818319">
<ele>458.205</ele>
</trkpt>
<trkpt lat="59.746362" lon="8.818606">
<ele>457.691</ele>
</trkpt>
<trkpt lat="59.745897" lon="8.819471">
<ele>457.783</ele>
</trkpt>
<trkpt lat="59.745666" lon="8.820021">
<ele>457.795</ele>
</trkpt>
<trkpt lat="59.74554" lon="8.820473">
<ele>456.832</ele>
</trkpt>
<trkpt lat="59.745482" lon="8.82076">
<ele>456.206</ele>
</trkpt>
<trkpt lat="59.745429" lon="8.821111">
<ele>455.089</ele>
</trkpt>
<trkpt lat="59.745367" lon="8.821547">
<ele>454.825</ele>
</trkpt>
<trkpt lat="59.745316" lon="8.821954">
<ele>454.442</ele>
</trkpt>
<trkpt lat="59.745275" lon="8.82232">
<ele>454.98</ele>
</trkpt>
<trkpt lat="59.745267" lon="8.822397">
<ele>454.922</ele>
</trkpt>
<trkpt lat="59.745168" lon="8.823106">
<ele>454.715</ele>
</trkpt>
<trkpt lat="59.745037" lon="8.824169">
<ele>453.391</ele>
</trkpt>
<trkpt lat="59.744993" lon="8.824496">
<ele>451.95</ele>
</trkpt>
<trkpt lat="59.744934" lon="8.824845">
<ele>451.42</ele>
</trkpt>
<trkpt lat="59.744859" lon="8.825247">
<ele>450.477</ele>
</trkpt>
<trkpt lat="59.74476" lon="8.825686">
<ele>447.938</ele>
</trkpt>
<trkpt lat="59.744675" lon="8.826123">
<ele>445.787</ele>
</trkpt>
<trkpt lat="59.744585" lon="8.826539">
<ele>443.699</ele>
</trkpt>
<trkpt lat="59.74455" lon="8.826689">
<ele>442.68</ele>
</trkpt>
<trkpt lat="59.744478" lon="8.826986">
<ele>441.092</ele>
</trkpt>
<trkpt lat="59.744359" lon="8.827564">
<ele>439.462</ele>
</trkpt>
<trkpt lat="59.744252" lon="8.828061">
<ele>438.307</ele>
</trkpt>
<trkpt lat="59.744137" lon="8.828697">
<ele>438.383</ele>
</trkpt>
<trkpt lat="59.744031" lon="8.829439">
<ele>439.98</ele>
</trkpt>
<trkpt lat="59.744025" lon="8.829487">
<ele>440.075</ele>
</trkpt>
<trkpt lat="59.743975" lon="8.830419">
<ele>442.128</ele>
</trkpt>
<trkpt lat="59.743944" lon="8.831413">
<ele>443.397</ele>
</trkpt>
<trkpt lat="59.743936" lon="8.831882">
<ele>443.339</ele>
</trkpt>
<trkpt lat="59.74392" lon="8.832283">
<ele>442.005</ele>
</trkpt>
<trkpt lat="59.743911" lon="8.832499">
<ele>441.163</ele>
</trkpt>
<trkpt lat="59.743887" lon="8.832824">
<ele>439.84</ele>
</trkpt>
<trkpt lat="59.743823" lon="8.833241">
<ele>438.411</ele>
</trkpt>
<trkpt lat="59.743768" lon="8.833508">
<ele>438.0</ele>
</trkpt>
<trkpt lat="59.743712" lon="8.833818">
<ele>437.526</ele>
</trkpt>
<trkpt lat="59.743633" lon="8.834179">
<ele>437.082</ele>
</trkpt>
<trkpt lat="59.743497" lon="8.834745">
<ele>436.589</ele>
</trkpt>
<trkpt lat="59.743438" lon="8.834963">
<ele>436.377</ele>
</trkpt>
<trkpt lat="59.743326" lon="8.835292">
<ele>436.0</ele>
</trkpt>
<trkpt lat="59.743225" lon="8.835528">
<ele>436.0</ele>
</trkpt>
<trkpt lat="59.743103" lon="8.835738">
<ele>436.0</ele>
</trkpt>
<trkpt lat="59.74298" lon="8.83592">
<ele>436.0</ele>
</trkpt>
<trkpt lat="59.742829" lon="8.836078">
<ele>436.0</ele>
</trkpt>
<trkpt lat="59.74257" lon="8.836368">
<ele>436.177</ele>
</trkpt>
<trkpt lat="59.742339" lon="8.836603">
<ele>435.612</ele>
</trkpt>
<trkpt lat="59.742004" lon="8.836956">
<ele>434.256</ele>
</trkpt>
<trkpt lat="59.741825" lon="8.837177">
<ele>434.047</ele>
</trkpt>
<trkpt lat="59.741668" lon="8.837399">
<ele>433.01</ele>
</trkpt>
<trkpt lat="59.74151" lon="8.837627">
<ele>431.872</ele>
</trkpt>
<trkpt lat="59.741372" lon="8.83784">
<ele>430.939</ele>
</trkpt>
<trkpt lat="59.741233" lon="8.838091">
<ele>430.439</ele>
</trkpt>
<trkpt lat="59.741133" lon="8.838255">
<ele>430.079</ele>
</trkpt>
<trkpt lat="59.740798" lon="8.838849">
<ele>430.984</ele>
</trkpt>
<trkpt lat="59.740667" lon="8.839041">
<ele>432.146</ele>
</trkpt>
<trkpt lat="59.74052" lon="8.839214">
<ele>433.298</ele>
</trkpt>
<trkpt lat="59.740384" lon="8.839316">
<ele>434.155</ele>
</trkpt>
<trkpt lat="59.740246" lon="8.839395">
<ele>434.728</ele>
</trkpt>
<trkpt lat="59.740095" lon="8.839443">
<ele>434.34</ele>
</trkpt>
<trkpt lat="59.739593" lon="8.839528">
<ele>433.535</ele>
</trkpt>
<trkpt lat="59.73908" lon="8.839662">
<ele>434.936</ele>
</trkpt>
<trkpt lat="59.738876" lon="8.839727">
<ele>436.983</ele>
</trkpt>
<trkpt lat="59.738232" lon="8.840003">
<ele>435.0</ele>
</trkpt>
<trkpt lat="59.738025" lon="8.840044">
<ele>435.11</ele>
</trkpt>
<trkpt lat="59.73802" lon="8.840045">
<ele>435.128</ele>
</trkpt>
<trkpt lat="59.737765" lon="8.840071">
<ele>436.0</ele>
</trkpt>
<trkpt lat="59.737582" lon="8.840041">
<ele>436.0</ele>
</trkpt>
<trkpt lat="59.737408" lon="8.839953">
<ele>435.838</ele>
</trkpt>
<trkpt lat="59.737077" lon="8.839709">
<ele>434.93</ele>
</trkpt>
<trkpt lat="59.736746" lon="8.839467">
<ele>431.652</ele>
</trkpt>
<trkpt lat="59.736629" lon="8.839396">
<ele>430.516</ele>
</trkpt>
<trkpt lat="59.736346" lon="8.839284">
<ele>428.999</ele>
</trkpt>
<trkpt lat="59.736033" lon="8.839192">
<ele>429.489</ele>
</trkpt>
<trkpt lat="59.735804" lon="8.839142">
<ele>429.734</ele>
</trkpt>
<trkpt lat="59.735628" lon="8.839094">
<ele>429.215</ele>
</trkpt>
<trkpt lat="59.735413" lon="8.839036">
<ele>429.343</ele>
</trkpt>
<trkpt lat="59.735179" lon="8.839009">
<ele>430.067</ele>
</trkpt>
<trkpt lat="59.735113" lon="8.839038">
<ele>430.348</ele>
</trkpt>
<trkpt lat="59.73488" lon="8.839159">
<ele>431.404</ele>
</trkpt>
<trkpt lat="59.734661" lon="8.839335">
<ele>432.606</ele>
</trkpt>
<trkpt lat="59.734467" lon="8.839517">
<ele>433.021</ele>
</trkpt>
<trkpt lat="59.734274" lon="8.839658">
<ele>432.386</ele>
</trkpt>
<trkpt lat="59.734085" lon="8.839843">
<ele>431.578</ele>
</trkpt>
<trkpt lat="59.733925" lon="8.840029">
<ele>430.26</ele>
</trkpt>
<trkpt lat="59.733781" lon="8.840248">
<ele>429.223</ele>
</trkpt>
<trkpt lat="59.733634" lon="8.840461">
<ele>428.219</ele>
</trkpt>
<trkpt lat="59.733498" lon="8.840638">
<ele>427.251</ele>
</trkpt>
<trkpt lat="59.733361" lon="8.84079">
<ele>426.227</ele>
</trkpt>
<trkpt lat="59.73308" lon="8.841018">
<ele>423.929</ele>
</trkpt>
<trkpt lat="59.732933" lon="8.841134">
<ele>423.641</ele>
</trkpt>
<trkpt lat="59.732759" lon="8.84124">
<ele>423.329</ele>
</trkpt>
<trkpt lat="59.732542" lon="8.841376">
<ele>422.256</ele>
</trkpt>
<trkpt lat="59.732325" lon="8.841527">
<ele>421.237</ele>
</trkpt>
<trkpt lat="59.732156" lon="8.841676">
<ele>420.787</ele>
</trkpt>
<trkpt lat="59.732024" lon="8.841841">
<ele>420.466</ele>
</trkpt>
<trkpt lat="59.731954" lon="8.84195">
<ele>420.089</ele>
</trkpt>
<trkpt lat="59.731829" lon="8.842203">
<ele>420.515</ele>
</trkpt>
<trkpt lat="59.731742" lon="8.842423">
<ele>420.467</ele>
</trkpt>
<trkpt lat="59.731667" lon="8.842697">
<ele>420.712</ele>
</trkpt>
<trkpt lat="59.731606" lon="8.843036">
<ele>420.782</ele>
</trkpt>
<trkpt lat="59.731582" lon="8.843264">
<ele>420.988</ele>
</trkpt>
<trkpt lat="59.731567" lon="8.843504">
<ele>420.924</ele>
</trkpt>
<trkpt lat="59.731564" lon="8.84367">
<ele>420.891</ele>
</trkpt>
<trkpt lat="59.731549" lon="8.843853">
<ele>420.729</ele>
</trkpt>
<trkpt lat="59.731532" lon="8.844215">
<ele>420.63</ele>
</trkpt>
<trkpt lat="59.731487" lon="8.844585">
<ele>421.54</ele>
</trkpt>
<trkpt lat="59.731415" lon="8.844857">
<ele>423.064</ele>
</trkpt>
<trkpt lat="59.731354" lon="8.845029">
<ele>424.083</ele>
</trkpt>
<trkpt lat="59.731251" lon="8.845222">
<ele>425.102</ele>
</trkpt>
<trkpt lat="59.731173" lon="8.845331">
<ele>425.649</ele>
</trkpt>
<trkpt lat="59.731002" lon="8.84552">
<ele>426.351</ele>
</trkpt>
<trkpt lat="59.730723" lon="8.845725">
<ele>425.418</ele>
</trkpt>
<trkpt lat="59.730467" lon="8.845966">
<ele>423.202</ele>
</trkpt>
<trkpt lat="59.7304" lon="8.846045">
<ele>422.522</ele>
</trkpt>
<trkpt lat="59.730266" lon="8.846192">
<ele>421.194</ele>
</trkpt>
<trkpt lat="59.730198" lon="8.846296">
<ele>420.9</ele>
</trkpt>
<trkpt lat="59.729963" lon="8.846626">
<ele>418.847</ele>
</trkpt>
<trkpt lat="59.729768" lon="8.84688">
<ele>419.059</ele>
</trkpt>
<trkpt lat="59.729651" lon="8.84701">
<ele>419.728</ele>
</trkpt>
<trkpt lat="59.729366" lon="8.847273">
<ele>422.115</ele>
</trkpt>
<trkpt lat="59.729272" lon="8.847385">
<ele>422.739</ele>
</trkpt>
<trkpt lat="59.729204" lon="8.847432">
<ele>422.636</ele>
</trkpt>
<trkpt lat="59.729038" lon="8.84758">
<ele>423.092</ele>
</trkpt>
<trkpt lat="59.728724" lon="8.847834">
<ele>425.012</ele>
</trkpt>
<trkpt lat="59.728613" lon="8.847908">
<ele>426.344</ele>
</trkpt>
<trkpt lat="59.728509" lon="8.847961">
<ele>427.056</ele>
</trkpt>
<trkpt lat="59.728405" lon="8.847989">
<ele>427.238</ele>
</trkpt>
<trkpt lat="59.728319" lon="8.847994">
<ele>427.062</ele>
</trkpt>
<trkpt lat="59.728034" lon="8.847983">
<ele>425.8</ele>
</trkpt>
<trkpt lat="59.727739" lon="8.847928">
<ele>423.367</ele>
</trkpt>
<trkpt lat="59.727443" lon="8.847924">
<ele>424.676</ele>
</trkpt>
<trkpt lat="59.727369" lon="8.847932">
<ele>424.875</ele>
</trkpt>
<trkpt lat="59.727195" lon="8.847971">
<ele>425.361</ele>
</trkpt>
<trkpt lat="59.72689" lon="8.847992">
<ele>425.51</ele>
</trkpt>
<trkpt lat="59.726792" lon="8.847972">
<ele>425.646</ele>
</trkpt>
<trkpt lat="59.726726" lon="8.847928">
<ele>425.409</ele>
</trkpt>
<trkpt lat="59.726652" lon="8.847904">
<ele>425.464</ele>
</trkpt>
<trkpt lat="59.726502" lon="8.847823">
<ele>425.274</ele>
</trkpt>
<trkpt lat="59.726318" lon="8.847741">
<ele>424.824</ele>
</trkpt>
<trkpt lat="59.726183" lon="8.847705">
<ele>424.761</ele>
</trkpt>
<trkpt lat="59.725836" lon="8.84763">
<ele>422.882</ele>
</trkpt>
<trkpt lat="59.725732" lon="8.84762">
<ele>422.206</ele>
</trkpt>
<trkpt lat="59.725495" lon="8.847587">
<ele>420.94</ele>
</trkpt>
<trkpt lat="59.725264" lon="8.8475">
<ele>420.0</ele>
</trkpt>
<trkpt lat="59.725187" lon="8.847459">
<ele>419.557</ele>
</trkpt>
<trkpt lat="59.725093" lon="8.84738">
<ele>418.704</ele>
</trkpt>
<trkpt lat="59.724968" lon="8.847242">
<ele>417.214</ele>
</trkpt>
<trkpt lat="59.724881" lon="8.847162">
<ele>416.69</ele>
</trkpt>
<trkpt lat="59.724772" lon="8.847072">
<ele>416.015</ele>
</trkpt>
<trkpt lat="59.724596" lon="8.846892">
<ele>414.725</ele>
</trkpt>
<trkpt lat="59.724408" lon="8.846713">
<ele>413.465</ele>
</trkpt>
<trkpt lat="59.724262" lon="8.846604">
<ele>413.057</ele>
</trkpt>
<trkpt lat="59.724093" lon="8.846512">
<ele>411.947</ele>
</trkpt>
<trkpt lat="59.724016" lon="8.846476">
<ele>411.228</ele>
</trkpt>
<trkpt lat="59.723926" lon="8.846445">
<ele>410.565</ele>
</trkpt>
<trkpt lat="59.723805" lon="8.846412">
<ele>409.839</ele>
</trkpt>
<trkpt lat="59.723598" lon="8.846327">
<ele>409.047</ele>
</trkpt>
<trkpt lat="59.723351" lon="8.846241">
<ele>409.936</ele>
</trkpt>
<trkpt lat="59.723263" lon="8.846235">
<ele>410.253</ele>
</trkpt>
<trkpt lat="59.723023" lon="8.846221">
<ele>411.164</ele>
</trkpt>
<trkpt lat="59.722929" lon="8.846229">
<ele>411.649</ele>
</trkpt>
<trkpt lat="59.722765" lon="8.846259">
<ele>412.532</ele>
</trkpt>
<trkpt lat="59.722639" lon="8.846309">
<ele>412.712</ele>
</trkpt>
<trkpt lat="59.7224" lon="8.846384">
<ele>412.976</ele>
</trkpt>
<trkpt lat="59.72224" lon="8.846417">
<ele>413.202</ele>
</trkpt>
<trkpt lat="59.721953" lon="8.846472">
<ele>412.629</ele>
</trkpt>
<trkpt lat="59.72166" lon="8.846538">
<ele>413.537</ele>
</trkpt>
<trkpt lat="59.721494" lon="8.846649">
<ele>413.936</ele>
</trkpt>
<trkpt lat="59.721366" lon="8.846801">
<ele>414.319</ele>
</trkpt>
<trkpt lat="59.721233" lon="8.847005">
<ele>414.191</ele>
</trkpt>
<trkpt lat="59.721152" lon="8.84719">
<ele>414.309</ele>
</trkpt>
<trkpt lat="59.721109" lon="8.847274">
<ele>414.17</ele>
</trkpt>
<trkpt lat="59.721059" lon="8.847392">
<ele>414.121</ele>
</trkpt>
<trkpt lat="59.72093" lon="8.847883">
<ele>413.524</ele>
</trkpt>
<trkpt lat="59.720889" lon="8.848078">
<ele>413.099</ele>
</trkpt>
<trkpt lat="59.72084" lon="8.848253">
<ele>412.848</ele>
</trkpt>
<trkpt lat="59.720827" lon="8.848321">
<ele>412.865</ele>
</trkpt>
<trkpt lat="59.7208" lon="8.848421">
<ele>412.836</ele>
</trkpt>
<trkpt lat="59.720717" lon="8.848653">
<ele>412.563</ele>
</trkpt>
<trkpt lat="59.720661" lon="8.848787">
<ele>412.392</ele>
</trkpt>
<trkpt lat="59.720542" lon="8.849021">
<ele>411.854</ele>
</trkpt>
<trkpt lat="59.720439" lon="8.849166">
<ele>412.156</ele>
</trkpt>
<trkpt lat="59.720317" lon="8.849303">
<ele>412.755</ele>
</trkpt>
<trkpt lat="59.720199" lon="8.849386">
<ele>412.921</ele>
</trkpt>
<trkpt lat="59.720014" lon="8.849476">
<ele>412.334</ele>
</trkpt>
<trkpt lat="59.719809" lon="8.849526">
<ele>411.9</ele>
</trkpt>
<trkpt lat="59.719538" lon="8.849561">
<ele>413.829</ele>
</trkpt>
<trkpt lat="59.719422" lon="8.849584">
<ele>415.086</ele>
</trkpt>
<trkpt lat="59.719312" lon="8.849608">
<ele>415.654</ele>
</trkpt>
<trkpt lat="59.719245" lon="8.849623">
<ele>416.004</ele>
</trkpt>
<trkpt lat="59.719137" lon="8.849672">
<ele>416.551</ele>
</trkpt>
<trkpt lat="59.719047" lon="8.849729">
<ele>416.618</ele>
</trkpt>
<trkpt lat="59.718962" lon="8.8498">
<ele>416.823</ele>
</trkpt>
<trkpt lat="59.718883" lon="8.849894">
<ele>417.202</ele>
</trkpt>
<trkpt lat="59.718769" lon="8.850028">
<ele>417.295</ele>
</trkpt>
<trkpt lat="59.718679" lon="8.850172">
<ele>417.259</ele>
</trkpt>
<trkpt lat="59.718666" lon="8.850196">
<ele>417.24</ele>
</trkpt>
<trkpt lat="59.718651" lon="8.850216">
<ele>417.176</ele>
</trkpt>
<trkpt lat="59.718574" lon="8.850321">
<ele>416.488</ele>
</trkpt>
<trkpt lat="59.718429" lon="8.850526">
<ele>414.616</ele>
</trkpt>
<trkpt lat="59.718405" lon="8.85055">
<ele>414.27</ele>
</trkpt>
<trkpt lat="59.718286" lon="8.850667">
<ele>413.393</ele>
</trkpt>
<trkpt lat="59.718205" lon="8.850746">
<ele>413.13</ele>
</trkpt>
<trkpt lat="59.718102" lon="8.850815">
<ele>412.425</ele>
</trkpt>
<trkpt lat="59.717987" lon="8.850879">
<ele>412.041</ele>
</trkpt>
<trkpt lat="59.717887" lon="8.850915">
<ele>411.803</ele>
</trkpt>
<trkpt lat="59.717802" lon="8.850943">
<ele>411.516</ele>
</trkpt>
<trkpt lat="59.717562" lon="8.851025">
<ele>410.913</ele>
</trkpt>
<trkpt lat="59.717433" lon="8.851073">
<ele>410.38</ele>
</trkpt>
<trkpt lat="59.717275" lon="8.851113">
<ele>409.387</ele>
</trkpt>
<trkpt lat="59.717198" lon="8.851129">
<ele>409.064</ele>
</trkpt>
<trkpt lat="59.717057" lon="8.851169">
<ele>409.208</ele>
</trkpt>
<trkpt lat="59.716824" lon="8.851252">
<ele>408.64</ele>
</trkpt>
<trkpt lat="59.716609" lon="8.851347">
<ele>407.465</ele>
</trkpt>
<trkpt lat="59.716463" lon="8.851445">
<ele>406.736</ele>
</trkpt>
<trkpt lat="59.716308" lon="8.851602">
<ele>406.185</ele>
</trkpt>
<trkpt lat="59.71615" lon="8.851795">
<ele>405.345</ele>
</trkpt>
<trkpt lat="59.715906" lon="8.852139">
<ele>404.224</ele>
</trkpt>
<trkpt lat="59.715862" lon="8.852192">
<ele>404.098</ele>
</trkpt>
<trkpt lat="59.715723" lon="8.852369">
<ele>403.921</ele>
</trkpt>
<trkpt lat="59.715632" lon="8.852475">
<ele>403.526</ele>
</trkpt>
<trkpt lat="59.715531" lon="8.852561">
<ele>403.22</ele>
</trkpt>
<trkpt lat="59.715441" lon="8.852665">
<ele>403.594</ele>
</trkpt>
<trkpt lat="59.715255" lon="8.852838">
<ele>404.516</ele>
</trkpt>
<trkpt lat="59.714988" lon="8.853087">
<ele>407.135</ele>
</trkpt>
<trkpt lat="59.714738" lon="8.853292">
<ele>406.013</ele>
</trkpt>
<trkpt lat="59.714648" lon="8.853351">
<ele>405.639</ele>
</trkpt>
<trkpt lat="59.714487" lon="8.853468">
<ele>405.35</ele>
</trkpt>
<trkpt lat="59.7142" lon="8.85372">
<ele>405.951</ele>
</trkpt>
<trkpt lat="59.713949" lon="8.853939">
<ele>406.797</ele>
</trkpt>
<trkpt lat="59.713696" lon="8.854145">
<ele>408.072</ele>
</trkpt>
<trkpt lat="59.713558" lon="8.854275">
<ele>408.904</ele>
</trkpt>
<trkpt lat="59.713371" lon="8.854465">
<ele>409.503</ele>
</trkpt>
<trkpt lat="59.713204" lon="8.854662">
<ele>409.588</ele>
</trkpt>
<trkpt lat="59.713093" lon="8.854791">
<ele>409.315</ele>
</trkpt>
<trkpt lat="59.712999" lon="8.854928">
<ele>409.815</ele>
</trkpt>
<trkpt lat="59.712928" lon="8.855048">
<ele>410.787</ele>
</trkpt>
<trkpt lat="59.712857" lon="8.855155">
<ele>411.563</ele>
</trkpt>
<trkpt lat="59.712732" lon="8.855319">
<ele>412.075</ele>
</trkpt>
<trkpt lat="59.712569" lon="8.855538">
<ele>412.788</ele>
</trkpt>
<trkpt lat="59.71245" lon="8.85567">
<ele>412.854</ele>
</trkpt>
<trkpt lat="59.712266" lon="8.855848">
<ele>411.999</ele>
</trkpt>
<trkpt lat="59.71207" lon="8.856008">
<ele>411.527</ele>
</trkpt>
<trkpt lat="59.711845" lon="8.856201">
<ele>411.105</ele>
</trkpt>
<trkpt lat="59.711568" lon="8.856461">
<ele>410.713</ele>
</trkpt>
<trkpt lat="59.711292" lon="8.856764">
<ele>410.306</ele>
</trkpt>
<trkpt lat="59.711068" lon="8.856991">
<ele>408.714</ele>
</trkpt>
<trkpt lat="59.710895" lon="8.857176">
<ele>407.555</ele>
</trkpt>
<trkpt lat="59.710767" lon="8.857304">
<ele>406.928</ele>
</trkpt>
<trkpt lat="59.710544" lon="8.857532">
<ele>406.258</ele>
</trkpt>
<trkpt lat="59.710296" lon="8.857799">
<ele>406.507</ele>
</trkpt>
<trkpt lat="59.710203" lon="8.857916">
<ele>407.318</ele>
</trkpt>
<trkpt lat="59.710126" lon="8.858003">
<ele>407.707</ele>
</trkpt>
<trkpt lat="59.70985" lon="8.858314">
<ele>408.171</ele>
</trkpt>
<trkpt lat="59.70975" lon="8.858411">
<ele>408.195</ele>
</trkpt>
<trkpt lat="59.709696" lon="8.858478">
<ele>408.185</ele>
</trkpt>
<trkpt lat="59.709471" lon="8.858681">
<ele>407.161</ele>
</trkpt>
<trkpt lat="59.709319" lon="8.858798">
<ele>407.419</ele>
</trkpt>
<trkpt lat="59.709237" lon="8.858842">
<ele>407.621</ele>
</trkpt>
<trkpt lat="59.708955" lon="8.858947">
<ele>409.046</ele>
</trkpt>
<trkpt lat="59.708911" lon="8.858955">
<ele>409.19</ele>
</trkpt>
<trkpt lat="59.70869" lon="8.858943">
<ele>406.687</ele>
</trkpt>
<trkpt lat="59.708369" lon="8.858978">
<ele>404.26</ele>
</trkpt>
<trkpt lat="59.708273" lon="8.859014">
<ele>404.134</ele>
</trkpt>
<trkpt lat="59.708171" lon="8.859066">
<ele>404.328</ele>
</trkpt>
<trkpt lat="59.70807" lon="8.859144">
<ele>404.807</ele>
</trkpt>
<trkpt lat="59.707842" lon="8.859363">
<ele>407.284</ele>
</trkpt>
<trkpt lat="59.707456" lon="8.859753">
<ele>406.968</ele>
</trkpt>
<trkpt lat="59.707314" lon="8.85987">
<ele>407.119</ele>
</trkpt>
<trkpt lat="59.707059" lon="8.860041">
<ele>407.563</ele>
</trkpt>
<trkpt lat="59.706743" lon="8.860218">
<ele>409.199</ele>
</trkpt>
<trkpt lat="59.706501" lon="8.860314">
<ele>409.381</ele>
</trkpt>
<trkpt lat="59.706312" lon="8.860339">
<ele>408.544</ele>
</trkpt>
<trkpt lat="59.706004" lon="8.860377">
<ele>407.686</ele>
</trkpt>
<trkpt lat="59.705688" lon="8.860448">
<ele>407.315</ele>
</trkpt>
<trkpt lat="59.705522" lon="8.860464">
<ele>406.77</ele>
</trkpt>
<trkpt lat="59.705362" lon="8.860467">
<ele>405.65</ele>
</trkpt>
<trkpt lat="59.705265" lon="8.860451">
<ele>404.842</ele>
</trkpt>
<trkpt lat="59.705162" lon="8.860418">
<ele>404.304</ele>
</trkpt>
<trkpt lat="59.705048" lon="8.860359">
<ele>403.635</ele>
</trkpt>
<trkpt lat="59.704886" lon="8.860255">
<ele>403.739</ele>
</trkpt>
<trkpt lat="59.704707" lon="8.86014">
<ele>404.668</ele>
</trkpt>
<trkpt lat="59.70462" lon="8.860065">
<ele>405.338</ele>
</trkpt>
<trkpt lat="59.704532" lon="8.860015">
<ele>406.108</ele>
</trkpt>
<trkpt lat="59.704433" lon="8.859925">
<ele>406.76</ele>
</trkpt>
<trkpt lat="59.704142" lon="8.859747">
<ele>406.098</ele>
</trkpt>
<trkpt lat="59.703867" lon="8.859605">
<ele>404.235</ele>
</trkpt>
<trkpt lat="59.703552" lon="8.859531">
<ele>404.902</ele>
</trkpt>
<trkpt lat="59.703345" lon="8.859465">
<ele>405.177</ele>
</trkpt>
<trkpt lat="59.703155" lon="8.859379">
<ele>404.358</ele>
</trkpt>
<trkpt lat="59.702986" lon="8.859277">
<ele>403.599</ele>
</trkpt>
<trkpt lat="59.702827" lon="8.859144">
<ele>402.287</ele>
</trkpt>
<trkpt lat="59.702539" lon="8.858755">
<ele>402.032</ele>
</trkpt>
<trkpt lat="59.702494" lon="8.858715">
<ele>402.238</ele>
</trkpt>
<trkpt lat="59.702475" lon="8.858688">
<ele>402.381</ele>
</trkpt>
<trkpt lat="59.702352" lon="8.858506">
<ele>402.644</ele>
</trkpt>
<trkpt lat="59.702229" lon="8.858391">
<ele>402.044</ele>
</trkpt>
<trkpt lat="59.70209" lon="8.858311">
<ele>401.643</ele>
</trkpt>
<trkpt lat="59.701983" lon="8.858288">
<ele>401.443</ele>
</trkpt>
<trkpt lat="59.701943" lon="8.858289">
<ele>401.324</ele>
</trkpt>
<trkpt lat="59.701796" lon="8.858316">
<ele>401.659</ele>
</trkpt>
<trkpt lat="59.701494" lon="8.858425">
<ele>401.67</ele>
</trkpt>
<trkpt lat="59.701374" lon="8.858495">
<ele>401.472</ele>
</trkpt>
<trkpt lat="59.701136" lon="8.858596">
<ele>401.965</ele>
</trkpt>
<trkpt lat="59.700839" lon="8.85873">
<ele>401.704</ele>
</trkpt>
<trkpt lat="59.700713" lon="8.858798">
<ele>401.415</ele>
</trkpt>
<trkpt lat="59.700481" lon="8.858921">
<ele>400.616</ele>
</trkpt>
<trkpt lat="59.70026" lon="8.859101">
<ele>399.3</ele>
</trkpt>
<trkpt lat="59.700173" lon="8.859198">
<ele>399.152</ele>
</trkpt>
<trkpt lat="59.700075" lon="8.859336">
<ele>398.511</ele>
</trkpt>
<trkpt lat="59.699913" lon="8.859617">
<ele>398.432</ele>
</trkpt>
<trkpt lat="59.69984" lon="8.859794">
<ele>398.318</ele>
</trkpt>
<trkpt lat="59.699725" lon="8.860125">
<ele>397.99</ele>
</trkpt>
<trkpt lat="59.699632" lon="8.860449">
<ele>397.384</ele>
</trkpt>
<trkpt lat="59.699518" lon="8.860816">
<ele>397.0</ele>
</trkpt>
<trkpt lat="59.699404" lon="8.861132">
<ele>396.146</ele>
</trkpt>
<trkpt lat="59.699361" lon="8.861231">
<ele>396.3</ele>
</trkpt>
<trkpt lat="59.699295" lon="8.861355">
<ele>396.538</ele>
</trkpt>
<trkpt lat="59.699082" lon="8.861651">
<ele>397.0</ele>
</trkpt>
<trkpt lat="59.699004" lon="8.86174">
<ele>397.0</ele>
</trkpt>
<trkpt lat="59.698917" lon="8.861828">
<ele>397.0</ele>
</trkpt>
<trkpt lat="59.698717" lon="8.861973">
<ele>396.445</ele>
</trkpt>
<trkpt lat="59.698484" lon="8.862142">
<ele>396.843</ele>
</trkpt>
<trkpt lat="59.698151" lon="8.862346">
<ele>397.0</ele>
</trkpt>
<trkpt lat="59.697933" lon="8.862513">
<ele>397.862</ele>
</trkpt>
<trkpt lat="59.697725" lon="8.862651">
<ele>399.216</ele>
</trkpt>
<trkpt lat="59.697603" lon="8.862748">
<ele>400.624</ele>
</trkpt>
<trkpt lat="59.697497" lon="8.862863">
<ele>402.04</ele>
</trkpt>
<trkpt lat="59.697429" lon="8.862956">
<ele>402.858</ele>
</trkpt>
<trkpt lat="59.697273" lon="8.863222">
<ele>403.363</ele>
</trkpt>
<trkpt lat="59.697201" lon="8.863388">
<ele>402.956</ele>
</trkpt>
<trkpt lat="59.697092" lon="8.863727">
<ele>402.299</ele>
</trkpt>
<trkpt lat="59.697032" lon="8.863984">
<ele>402.054</ele>
</trkpt>
<trkpt lat="59.69693" lon="8.864341">
<ele>402.528</ele>
</trkpt>
<trkpt lat="59.696859" lon="8.86454">
<ele>402.817</ele>
</trkpt>
<trkpt lat="59.696851" lon="8.864561">
<ele>402.868</ele>
</trkpt>
<trkpt lat="59.69677" lon="8.864773">
<ele>403.073</ele>
</trkpt>
<trkpt lat="59.69658" lon="8.865154">
<ele>402.758</ele>
</trkpt>
<trkpt lat="59.696397" lon="8.865447">
<ele>402.362</ele>
</trkpt>
<trkpt lat="59.696204" lon="8.865734">
<ele>400.692</ele>
</trkpt>
<trkpt lat="59.696004" lon="8.866038">
<ele>399.649</ele>
</trkpt>
<trkpt lat="59.695915" lon="8.866181">
<ele>399.706</ele>
</trkpt>
<trkpt lat="59.695833" lon="8.866333">
<ele>400.004</ele>
</trkpt>
<trkpt lat="59.69564" lon="8.866618">
<ele>401.263</ele>
</trkpt>
<trkpt lat="59.695434" lon="8.866932">
<ele>403.332</ele>
</trkpt>
<trkpt lat="59.695341" lon="8.867076">
<ele>403.478</ele>
</trkpt>
<trkpt lat="59.695243" lon="8.867218">
<ele>403.156</ele>
</trkpt>
<trkpt lat="59.695035" lon="8.867536">
<ele>402.744</ele>
</trkpt>
<trkpt lat="59.694941" lon="8.86768">
<ele>402.714</ele>
</trkpt>
<trkpt lat="59.69486" lon="8.867821">
<ele>402.348</ele>
</trkpt>
<trkpt lat="59.694589" lon="8.868211">
<ele>402.611</ele>
</trkpt>
<trkpt lat="59.694309" lon="8.868596">
<ele>404.489</ele>
</trkpt>
<trkpt lat="59.69422" lon="8.868701">
<ele>404.839</ele>
</trkpt>
<trkpt lat="59.694058" lon="8.86885">
<ele>404.726</ele>
</trkpt>
<trkpt lat="59.693969" lon="8.868913">
<ele>404.712</ele>
</trkpt>
<trkpt lat="59.693885" lon="8.868982">
<ele>405.037</ele>
</trkpt>
<trkpt lat="59.693774" lon="8.869034">
<ele>406.025</ele>
</trkpt>
<trkpt lat="59.69367" lon="8.869076">
<ele>406.833</ele>
</trkpt>
<trkpt lat="59.69345" lon="8.869124">
<ele>408.314</ele>
</trkpt>
<trkpt lat="59.693334" lon="8.869124">
<ele>409.149</ele>
</trkpt>
<trkpt lat="59.693231" lon="8.869123">
<ele>409.468</ele>
</trkpt>
<trkpt lat="59.693124" lon="8.86913">
<ele>409.786</ele>
</trkpt>
<trkpt lat="59.692905" lon="8.869167">
<ele>410.0</ele>
</trkpt>
<trkpt lat="59.692796" lon="8.869199">
<ele>410.0</ele>
</trkpt>
<trkpt lat="59.692692" lon="8.86924">
<ele>409.61</ele>
</trkpt>
<trkpt lat="59.692513" lon="8.869333">
<ele>408.476</ele>
</trkpt>
<trkpt lat="59.692461" lon="8.869378">
<ele>408.273</ele>
</trkpt>
<trkpt lat="59.692339" lon="8.869444">
<ele>408.003</ele>
</trkpt>
<trkpt lat="59.69207" lon="8.869751">
<ele>408.427</ele>
</trkpt>
<trkpt lat="59.691956" lon="8.869902">
<ele>407.987</ele>
</trkpt>
<trkpt lat="59.691836" lon="8.870131">
<ele>408.503</ele>
</trkpt>
<trkpt lat="59.691598" lon="8.870622">
<ele>407.69</ele>
</trkpt>
<trkpt lat="59.691477" lon="8.870973">
<ele>407.043</ele>
</trkpt>
<trkpt lat="59.691372" lon="8.871226">
<ele>406.962</ele>
</trkpt>
<trkpt lat="59.691245" lon="8.871557">
<ele>407.066</ele>
</trkpt>
<trkpt lat="59.691213" lon="8.871663">
<ele>406.568</ele>
</trkpt>
<trkpt lat="59.691139" lon="8.871851">
<ele>406.404</ele>
</trkpt>
<trkpt lat="59.691043" lon="8.872136">
<ele>405.309</ele>
</trkpt>
<trkpt lat="59.69095" lon="8.872376">
<ele>404.704</ele>
</trkpt>
<trkpt lat="59.690851" lon="8.872597">
<ele>403.457</ele>
</trkpt>
<trkpt lat="59.690813" lon="8.872671">
<ele>402.785</ele>
</trkpt>
<trkpt lat="59.690705" lon="8.872823">
<ele>402.148</ele>
</trkpt>
<trkpt lat="59.690586" lon="8.872952">
<ele>402.486</ele>
</trkpt>
<trkpt lat="59.690493" lon="8.873015">
<ele>402.583</ele>
</trkpt>
<trkpt lat="59.690418" lon="8.873063">
<ele>402.402</ele>
</trkpt>
<trkpt lat="59.690264" lon="8.873086">
<ele>402.551</ele>
</trkpt>
<trkpt lat="59.690197" lon="8.873091">
<ele>402.415</ele>
</trkpt>
<trkpt lat="59.690139" lon="8.873084">
<ele>402.488</ele>
</trkpt>
<trkpt lat="59.689952" lon="8.873036">
<ele>403.167</ele>
</trkpt>
<trkpt lat="59.689889" lon="8.87301">
<ele>403.355</ele>
</trkpt>
<trkpt lat="59.689792" lon="8.872989">
<ele>403.27</ele>
</trkpt>
<trkpt lat="59.689727" lon="8.872992">
<ele>402.936</ele>
</trkpt>
<trkpt lat="59.68959" lon="8.87301">
<ele>402.578</ele>
</trkpt>
<trkpt lat="59.689383" lon="8.873149">
<ele>401.539</ele>
</trkpt>
<trkpt lat="59.689312" lon="8.873217">
<ele>401.582</ele>
</trkpt>
<trkpt lat="59.689206" lon="8.873336">
<ele>401.414</ele>
</trkpt>
<trkpt lat="59.689136" lon="8.87346">
<ele>401.971</ele>
</trkpt>
<trkpt lat="59.689092" lon="8.873555">
<ele>402.554</ele>
</trkpt>
<trkpt lat="59.689017" lon="8.873795">
<ele>402.63</ele>
</trkpt>
<trkpt lat="59.68892" lon="8.874281">
<ele>402.393</ele>
</trkpt>
<trkpt lat="59.688877" lon="8.874613">
<ele>401.736</ele>
</trkpt>
<trkpt lat="59.688839" lon="8.874855">
<ele>401.481</ele>
</trkpt>
<trkpt lat="59.688821" lon="8.875008">
<ele>400.898</ele>
</trkpt>
<trkpt lat="59.688797" lon="8.875123">
<ele>400.761</ele>
</trkpt>
<trkpt lat="59.688752" lon="8.875424">
<ele>399.623</ele>
</trkpt>
<trkpt lat="59.688668" lon="8.875722">
<ele>399.958</ele>
</trkpt>
<trkpt lat="59.688573" lon="8.876091">
<ele>399.178</ele>
</trkpt>
<trkpt lat="59.688422" lon="8.876595">
<ele>396.117</ele>
</trkpt>
<trkpt lat="59.68837" lon="8.876739">
<ele>395.427</ele>
</trkpt>
<trkpt lat="59.68826" lon="8.876981">
<ele>395.418</ele>
</trkpt>
<trkpt lat="59.688176" lon="8.8772">
<ele>394.684</ele>
</trkpt>
<trkpt lat="59.688071" lon="8.877431">
<ele>394.453</ele>
</trkpt>
<trkpt lat="59.687977" lon="8.87761">
<ele>393.547</ele>
</trkpt>
<trkpt lat="59.687842" lon="8.877833">
<ele>392.678</ele>
</trkpt>
<trkpt lat="59.687771" lon="8.877926">
<ele>393.006</ele>
</trkpt>
<trkpt lat="59.687537" lon="8.878191">
<ele>393.138</ele>
</trkpt>
<trkpt lat="59.687467" lon="8.878261">
<ele>393.138</ele>
</trkpt>
<trkpt lat="59.68721" lon="8.87846">
<ele>393.832</ele>
</trkpt>
<trkpt lat="59.686992" lon="8.878589">
<ele>395.62</ele>
</trkpt>
<trkpt lat="59.686898" lon="8.878617">
<ele>396.082</ele>
</trkpt>
<trkpt lat="59.686732" lon="8.878629">
<ele>396.507</ele>
</trkpt>
<trkpt lat="59.686616" lon="8.878622">
<ele>396.478</ele>
</trkpt>
<trkpt lat="59.686482" lon="8.878582">
<ele>396.09</ele>
</trkpt>
<trkpt lat="59.68634" lon="8.878519">
<ele>395.564</ele>
</trkpt>
<trkpt lat="59.686321" lon="8.878508">
<ele>395.416</ele>
</trkpt>
<trkpt lat="59.68627" lon="8.878475">
<ele>395.038</ele>
</trkpt>
<trkpt lat="59.686086" lon="8.878302">
<ele>393.977</ele>
</trkpt>
<trkpt lat="59.685948" lon="8.878124">
<ele>393.912</ele>
</trkpt>
<trkpt lat="59.685792" lon="8.877879">
<ele>393.771</ele>
</trkpt>
<trkpt lat="59.685642" lon="8.877627">
<ele>394.562</ele>
</trkpt>
<trkpt lat="59.685522" lon="8.877405">
<ele>395.664</ele>
</trkpt>
<trkpt lat="59.685421" lon="8.877277">
<ele>395.955</ele>
</trkpt>
<trkpt lat="59.685265" lon="8.877049">
<ele>397.31</ele>
</trkpt>
<trkpt lat="59.685179" lon="8.876976">
<ele>397.123</ele>
</trkpt>
<trkpt lat="59.68506" lon="8.876898">
<ele>396.497</ele>
</trkpt>
<trkpt lat="59.684991" lon="8.876839">
<ele>396.389</ele>
</trkpt>
<trkpt lat="59.684783" lon="8.87674">
<ele>394.819</ele>
</trkpt>
<trkpt lat="59.684681" lon="8.876716">
<ele>393.696</ele>
</trkpt>
<trkpt lat="59.684466" lon="8.876592">
<ele>392.386</ele>
</trkpt>
<trkpt lat="59.68425" lon="8.876369">
<ele>391.665</ele>
</trkpt>
<trkpt lat="59.684199" lon="8.876295">
<ele>391.297</ele>
</trkpt>
<trkpt lat="59.684081" lon="8.876103">
<ele>389.9</ele>
</trkpt>
<trkpt lat="59.684054" lon="8.876074">
<ele>389.428</ele>
</trkpt>
<trkpt lat="59.68402" lon="8.875998">
<ele>389.118</ele>
</trkpt>
<trkpt lat="59.683985" lon="8.875889">
<ele>389.021</ele>
</trkpt>
<trkpt lat="59.683923" lon="8.875728">
<ele>388.571</ele>
</trkpt>
<trkpt lat="59.683867" lon="8.875474">
<ele>389.272</ele>
</trkpt>
<trkpt lat="59.683838" lon="8.875264">
<ele>390.326</ele>
</trkpt>
<trkpt lat="59.683833" lon="8.875153">
<ele>390.735</ele>
</trkpt>
<trkpt lat="59.683805" lon="8.874843">
<ele>391.489</ele>
</trkpt>
<trkpt lat="59.683793" lon="8.874558">
<ele>391.619</ele>
</trkpt>
<trkpt lat="59.683777" lon="8.874362">
<ele>391.212</ele>
</trkpt>
<trkpt lat="59.683774" lon="8.874238">
<ele>390.91</ele>
</trkpt>
<trkpt lat="59.683723" lon="8.873866">
<ele>390.275</ele>
</trkpt>
<trkpt lat="59.683701" lon="8.873745">
<ele>390.306</ele>
</trkpt>
<trkpt lat="59.683654" lon="8.873538">
<ele>389.813</ele>
</trkpt>
<trkpt lat="59.683631" lon="8.873464">
<ele>389.396</ele>
</trkpt>
<trkpt lat="59.683615" lon="8.873374">
<ele>389.082</ele>
</trkpt>
<trkpt lat="59.683495" lon="8.872987">
<ele>389.204</ele>
</trkpt>
<trkpt lat="59.683459" lon="8.872913">
<ele>388.856</ele>
</trkpt>
<trkpt lat="59.68335" lon="8.872647">
<ele>388.21</ele>
</trkpt>
<trkpt lat="59.683316" lon="8.872594">
<ele>388.136</ele>
</trkpt>
<trkpt lat="59.683248" lon="8.87245">
<ele>388.383</ele>
</trkpt>
<trkpt lat="59.683112" lon="8.872258">
<ele>387.658</ele>
</trkpt>
<trkpt lat="59.683063" lon="8.872199">
<ele>387.442</ele>
</trkpt>
<trkpt lat="59.682873" lon="8.872038">
<ele>387.681</ele>
</trkpt>
<trkpt lat="59.682807" lon="8.872002">
<ele>387.487</ele>
</trkpt>
<trkpt lat="59.682645" lon="8.871942">
<ele>387.561</ele>
</trkpt>
<trkpt lat="59.682406" lon="8.871949">
<ele>385.903</ele>
</trkpt>
<trkpt lat="59.682335" lon="8.871964">
<ele>384.866</ele>
</trkpt>
<trkpt lat="59.682236" lon="8.872007">
<ele>383.023</ele>
</trkpt>
<trkpt lat="59.682159" lon="8.87206">
<ele>381.465</ele>
</trkpt>
<trkpt lat="59.682031" lon="8.87213">
<ele>379.283</ele>
</trkpt>
<trkpt lat="59.68187" lon="8.872255">
<ele>376.496</ele>
</trkpt>
<trkpt lat="59.681604" lon="8.872381">
<ele>374.631</ele>
</trkpt>
<trkpt lat="59.681512" lon="8.872405">
<ele>374.127</ele>
</trkpt>
<trkpt lat="59.681456" lon="8.872413">
<ele>373.868</ele>
</trkpt>
<trkpt lat="59.68136" lon="8.872434">
<ele>373.292</ele>
</trkpt>
<trkpt lat="59.681266" lon="8.872446">
<ele>372.59</ele>
</trkpt>
<trkpt lat="59.681007" lon="8.872503">
<ele>370.968</ele>
</trkpt>
<trkpt lat="59.680895" lon="8.872512">
<ele>370.87</ele>
</trkpt>
<trkpt lat="59.680741" lon="8.872544">
<ele>370.192</ele>
</trkpt>
<trkpt lat="59.680443" lon="8.872593">
<ele>368.05</ele>
</trkpt>
<trkpt lat="59.680316" lon="8.872617">
<ele>366.648</ele>
</trkpt>
<trkpt lat="59.680052" lon="8.872626">
<ele>362.934</ele>
</trkpt>
<trkpt lat="59.679987" lon="8.872617">
<ele>362.268</ele>
</trkpt>
<trkpt lat="59.679858" lon="8.87259">
<ele>362.193</ele>
</trkpt>
<trkpt lat="59.679689" lon="8.872527">
<ele>362.144</ele>
</trkpt>
<trkpt lat="59.679599" lon="8.872479">
<ele>361.452</ele>
</trkpt>
<trkpt lat="59.679482" lon="8.872394">
<ele>360.686</ele>
</trkpt>
<trkpt lat="59.679416" lon="8.872361">
<ele>359.989</ele>
</trkpt>
<trkpt lat="59.67931" lon="8.872256">
<ele>359.215</ele>
</trkpt>
<trkpt lat="59.67925" lon="8.872142">
<ele>359.366</ele>
</trkpt>
<trkpt lat="59.679173" lon="8.872034">
<ele>359.147</ele>
</trkpt>
<trkpt lat="59.679124" lon="8.871975">
<ele>359.056</ele>
</trkpt>
<trkpt lat="59.678975" lon="8.871762">
<ele>358.757</ele>
</trkpt>
<trkpt lat="59.678952" lon="8.871711">
<ele>358.781</ele>
</trkpt>
<trkpt lat="59.6788" lon="8.871506">
<ele>356.658</ele>
</trkpt>
<trkpt lat="59.678715" lon="8.871373">
<ele>355.301</ele>
</trkpt>
<trkpt lat="59.67859" lon="8.871167">
<ele>353.495</ele>
</trkpt>
<trkpt lat="59.678449" lon="8.870954">
<ele>352.231</ele>
</trkpt>
<trkpt lat="59.678427" lon="8.870901">
<ele>352.105</ele>
</trkpt>
<trkpt lat="59.678394" lon="8.870848">
<ele>351.821</ele>
</trkpt>
<trkpt lat="59.678338" lon="8.870796">
<ele>351.202</ele>
</trkpt>
<trkpt lat="59.678225" lon="8.870642">
<ele>351.03</ele>
</trkpt>
<trkpt lat="59.678095" lon="8.870419">
<ele>350.845</ele>
</trkpt>
<trkpt lat="59.678057" lon="8.87037">
<ele>350.682</ele>
</trkpt>
<trkpt lat="59.677947" lon="8.870191">
<ele>350.018</ele>
</trkpt>
<trkpt lat="59.67786" lon="8.870074">
<ele>349.105</ele>
</trkpt>
<trkpt lat="59.677774" lon="8.86995">
<ele>348.114</ele>
</trkpt>
<trkpt lat="59.677636" lon="8.869721">
<ele>346.963</ele>
</trkpt>
<trkpt lat="59.677491" lon="8.869486">
<ele>345.688</ele>
</trkpt>
<trkpt lat="59.677413" lon="8.869328">
<ele>346.111</ele>
</trkpt>
<trkpt lat="59.677351" lon="8.869211">
<ele>346.68</ele>
</trkpt>
<trkpt lat="59.677308" lon="8.869108">
<ele>347.178</ele>
</trkpt>
<trkpt lat="59.677209" lon="8.868877">
<ele>347.8</ele>
</trkpt>
<trkpt lat="59.677156" lon="8.868792">
<ele>347.267</ele>
</trkpt>
<trkpt lat="59.677102" lon="8.868676">
<ele>346.936</ele>
</trkpt>
<trkpt lat="59.677017" lon="8.868505">
<ele>346.049</ele>
</trkpt>
<trkpt lat="59.676879" lon="8.868291">
<ele>344.046</ele>
</trkpt>
<trkpt lat="59.676833" lon="8.868243">
<ele>343.58</ele>
</trkpt>
<trkpt lat="59.67679" lon="8.868186">
<ele>343.34</ele>
</trkpt>
<trkpt lat="59.67667" lon="8.868112">
<ele>342.431</ele>
</trkpt>
<trkpt lat="59.676524" lon="8.868061">
<ele>342.931</ele>
</trkpt>
<trkpt lat="59.676372" lon="8.868023">
<ele>343.298</ele>
</trkpt>
<trkpt lat="59.676266" lon="8.868001">
<ele>343.234</ele>
</trkpt>
<trkpt lat="59.676174" lon="8.867988">
<ele>343.144</ele>
</trkpt>
<trkpt lat="59.676076" lon="8.867982">
<ele>342.899</ele>
</trkpt>
<trkpt lat="59.675829" lon="8.867999">
<ele>341.548</ele>
</trkpt>
<trkpt lat="59.675705" lon="8.868019">
<ele>339.547</ele>
</trkpt>
<trkpt lat="59.675571" lon="8.868024">
<ele>337.563</ele>
</trkpt>
<trkpt lat="59.675434" lon="8.868049">
<ele>335.31</ele>
</trkpt>
<trkpt lat="59.675271" lon="8.8681">
<ele>332.471</ele>
</trkpt>
<trkpt lat="59.675008" lon="8.868173">
<ele>329.789</ele>
</trkpt>
<trkpt lat="59.674768" lon="8.868238">
<ele>329.03</ele>
</trkpt>
<trkpt lat="59.674621" lon="8.86831">
<ele>328.616</ele>
</trkpt>
<trkpt lat="59.674425" lon="8.868367">
<ele>328.828</ele>
</trkpt>
<trkpt lat="59.674314" lon="8.868423">
<ele>328.824</ele>
</trkpt>
<trkpt lat="59.674147" lon="8.868472">
<ele>329.143</ele>
</trkpt>
<trkpt lat="59.673994" lon="8.86853">
<ele>329.827</ele>
</trkpt>
<trkpt lat="59.673851" lon="8.868599">
<ele>330.224</ele>
</trkpt>
<trkpt lat="59.673735" lon="8.868663">
<ele>330.097</ele>
</trkpt>
<trkpt lat="59.67365" lon="8.868695">
<ele>330.214</ele>
</trkpt>
<trkpt lat="59.673602" lon="8.868728">
<ele>330.191</ele>
</trkpt>
<trkpt lat="59.673364" lon="8.868845">
<ele>330.206</ele>
</trkpt>
<trkpt lat="59.673227" lon="8.868891">
<ele>329.61</ele>
</trkpt>
<trkpt lat="59.672955" lon="8.869046">
<ele>328.434</ele>
</trkpt>
<trkpt lat="59.672741" lon="8.869176">
<ele>327.966</ele>
</trkpt>
<trkpt lat="59.672572" lon="8.869268">
<ele>327.635</ele>
</trkpt>
<trkpt lat="59.672418" lon="8.869376">
<ele>327.319</ele>
</trkpt>
<trkpt lat="59.67234" lon="8.869401">
<ele>327.247</ele>
</trkpt>
<trkpt lat="59.672272" lon="8.869437">
<ele>327.049</ele>
</trkpt>
<trkpt lat="59.672135" lon="8.869469">
<ele>326.912</ele>
</trkpt>
<trkpt lat="59.671998" lon="8.869476">
<ele>326.886</ele>
</trkpt>
<trkpt lat="59.671865" lon="8.869469">
<ele>326.34</ele>
</trkpt>
<trkpt lat="59.671717" lon="8.869432">
<ele>325.452</ele>
</trkpt>
<trkpt lat="59.671526" lon="8.869315">
<ele>324.142</ele>
</trkpt>
<trkpt lat="59.67125" lon="8.869174">
<ele>323.408</ele>
</trkpt>
<trkpt lat="59.671083" lon="8.869176">
<ele>323.071</ele>
</trkpt>
<trkpt lat="59.670875" lon="8.869237">
<ele>323.902</ele>
</trkpt>
<trkpt lat="59.670804" lon="8.869284">
<ele>324.033</ele>
</trkpt>
<trkpt lat="59.670725" lon="8.86937">
<ele>324.155</ele>
</trkpt>
<trkpt lat="59.670517" lon="8.869605">
<ele>325.502</ele>
</trkpt>
<trkpt lat="59.670251" lon="8.870035">
<ele>324.807</ele>
</trkpt>
<trkpt lat="59.6702" lon="8.870137">
<ele>324.44</ele>
</trkpt>
<trkpt lat="59.670119" lon="8.870269">
<ele>323.857</ele>
</trkpt>
<trkpt lat="59.669981" lon="8.870465">
<ele>323.0</ele>
</trkpt>
<trkpt lat="59.669934" lon="8.870556">
<ele>323.0</ele>
</trkpt>
<trkpt lat="59.669879" lon="8.870625">
<ele>323.0</ele>
</trkpt>
<trkpt lat="59.669756" lon="8.870832">
<ele>323.0</ele>
</trkpt>
<trkpt lat="59.669724" lon="8.870888">
<ele>323.001</ele>
</trkpt>
<trkpt lat="59.669713" lon="8.870906">
<ele>323.025</ele>
</trkpt>
<trkpt lat="59.669668" lon="8.870978">
<ele>323.094</ele>
</trkpt>
<trkpt lat="59.669613" lon="8.871081">
<ele>323.043</ele>
</trkpt>
<trkpt lat="59.66952" lon="8.871214">
<ele>322.73</ele>
</trkpt>
<trkpt lat="59.669474" lon="8.871297">
<ele>322.402</ele>
</trkpt>
<trkpt lat="59.669307" lon="8.871518">
<ele>321.335</ele>
</trkpt>
<trkpt lat="59.669226" lon="8.871629">
<ele>320.378</ele>
</trkpt>
<trkpt lat="59.669127" lon="8.871758">
<ele>319.534</ele>
</trkpt>
<trkpt lat="59.669056" lon="8.871826">
<ele>319.193</ele>
</trkpt>
<trkpt lat="59.668923" lon="8.871982">
<ele>317.476</ele>
</trkpt>
<trkpt lat="59.66887" lon="8.872027">
<ele>316.947</ele>
</trkpt>
<trkpt lat="59.668751" lon="8.872108">
<ele>316.638</ele>
</trkpt>
<trkpt lat="59.668623" lon="8.872179">
<ele>316.537</ele>
</trkpt>
<trkpt lat="59.668418" lon="8.872288">
<ele>315.29</ele>
</trkpt>
<trkpt lat="59.668222" lon="8.872358">
<ele>313.732</ele>
</trkpt>
<trkpt lat="59.66815" lon="8.872383">
<ele>312.944</ele>
</trkpt>
<trkpt lat="59.668026" lon="8.872417">
<ele>311.896</ele>
</trkpt>
<trkpt lat="59.667885" lon="8.872489">
<ele>311.119</ele>
</trkpt>
<trkpt lat="59.667741" lon="8.872603">
<ele>309.698</ele>
</trkpt>
<trkpt lat="59.667632" lon="8.872731">
<ele>308.635</ele>
</trkpt>
<trkpt lat="59.667525" lon="8.8729">
<ele>307.5</ele>
</trkpt>
<trkpt lat="59.667343" lon="8.873234">
<ele>306.697</ele>
</trkpt>
<trkpt lat="59.667311" lon="8.87332">
<ele>306.513</ele>
</trkpt>
<trkpt lat="59.667282" lon="8.873429">
<ele>305.965</ele>
</trkpt>
<trkpt lat="59.667212" lon="8.873632">
<ele>304.922</ele>
</trkpt>
<trkpt lat="59.66716" lon="8.873813">
<ele>303.716</ele>
</trkpt>
<trkpt lat="59.667131" lon="8.873885">
<ele>303.356</ele>
</trkpt>
<trkpt lat="59.667113" lon="8.873956">
<ele>302.943</ele>
</trkpt>
<trkpt lat="59.667048" lon="8.874152">
<ele>302.261</ele>
</trkpt>
<trkpt lat="59.667011" lon="8.874303">
<ele>301.33</ele>
</trkpt>
<trkpt lat="59.666915" lon="8.874625">
<ele>299.368</ele>
</trkpt>
<trkpt lat="59.666817" lon="8.874897">
<ele>297.148</ele>
</trkpt>
<trkpt lat="59.666777" lon="8.874988">
<ele>296.558</ele>
</trkpt>
<trkpt lat="59.666731" lon="8.875107">
<ele>295.918</ele>
</trkpt>
<trkpt lat="59.666653" lon="8.875251">
<ele>295.388</ele>
</trkpt>
<trkpt lat="59.666528" lon="8.875471">
<ele>293.563</ele>
</trkpt>
<trkpt lat="59.666467" lon="8.875554">
<ele>293.175</ele>
</trkpt>
<trkpt lat="59.666214" lon="8.87588">
<ele>290.525</ele>
</trkpt>
<trkpt lat="59.666142" lon="8.875941">
<ele>290.184</ele>
</trkpt>
<trkpt lat="59.666027" lon="8.876065">
<ele>289.522</ele>
</trkpt>
<trkpt lat="59.665877" lon="8.876201">
<ele>288.86</ele>
</trkpt>
<trkpt lat="59.665796" lon="8.876264">
<ele>288.396</ele>
</trkpt>
<trkpt lat="59.665692" lon="8.876322">
<ele>287.977</ele>
</trkpt>
<trkpt lat="59.665434" lon="8.876489">
<ele>286.716</ele>
</trkpt>
<trkpt lat="59.665361" lon="8.876513">
<ele>286.526</ele>
</trkpt>
<trkpt lat="59.665176" lon="8.87654">
<ele>285.835</ele>
</trkpt>
<trkpt lat="59.665061" lon="8.876535">
<ele>285.272</ele>
</trkpt>
<trkpt lat="59.664804" lon="8.876515">
<ele>282.975</ele>
</trkpt>
<trkpt lat="59.664659" lon="8.876504">
<ele>281.716</ele>
</trkpt>
<trkpt lat="59.664614" lon="8.876505">
<ele>281.385</ele>
</trkpt>
<trkpt lat="59.664509" lon="8.876512">
<ele>280.578</ele>
</trkpt>
<trkpt lat="59.664369" lon="8.876522">
<ele>279.77</ele>
</trkpt>
<trkpt lat="59.664283" lon="8.876538">
<ele>279.345</ele>
</trkpt>
<trkpt lat="59.664202" lon="8.87657">
<ele>278.823</ele>
</trkpt>
<trkpt lat="59.664141" lon="8.876601">
<ele>278.75</ele>
</trkpt>
<trkpt lat="59.664056" lon="8.876653">
<ele>279.294</ele>
</trkpt>
<trkpt lat="59.663996" lon="8.8767">
<ele>279.603</ele>
</trkpt>
<trkpt lat="59.663942" lon="8.876757">
<ele>279.776</ele>
</trkpt>
<trkpt lat="59.663845" lon="8.876892">
<ele>280.326</ele>
</trkpt>
<trkpt lat="59.663721" lon="8.877116">
<ele>280.774</ele>
</trkpt>
<trkpt lat="59.66366" lon="8.877246">
<ele>280.773</ele>
</trkpt>
<trkpt lat="59.663569" lon="8.877423">
<ele>281.464</ele>
</trkpt>
<trkpt lat="59.663482" lon="8.877667">
<ele>281.265</ele>
</trkpt>
<trkpt lat="59.663436" lon="8.877769">
<ele>281.488</ele>
</trkpt>
<trkpt lat="59.66338" lon="8.877906">
<ele>281.978</ele>
</trkpt>
<trkpt lat="59.663265" lon="8.878107">
<ele>282.86</ele>
</trkpt>
<trkpt lat="59.663079" lon="8.878515">
<ele>283.27</ele>
</trkpt>
<trkpt lat="59.663024" lon="8.878622">
<ele>283.608</ele>
</trkpt>
<trkpt lat="59.662875" lon="8.87892">
<ele>285.214</ele>
</trkpt>
<trkpt lat="59.662636" lon="8.879443">
<ele>286.096</ele>
</trkpt>
<trkpt lat="59.662532" lon="8.879645">
<ele>287.634</ele>
</trkpt>
<trkpt lat="59.662457" lon="8.879822">
<ele>287.752</ele>
</trkpt>
<trkpt lat="59.662354" lon="8.88003">
<ele>287.994</ele>
</trkpt>
<trkpt lat="59.662203" lon="8.880316">
<ele>289.873</ele>
</trkpt>
<trkpt lat="59.66218" lon="8.880395">
<ele>289.524</ele>
</trkpt>
<trkpt lat="59.662137" lon="8.880461">
<ele>289.497</ele>
</trkpt>
<trkpt lat="59.662098" lon="8.880566">
<ele>289.342</ele>
</trkpt>
<trkpt lat="59.661928" lon="8.880918">
<ele>290.873</ele>
</trkpt>
<trkpt lat="59.661832" lon="8.881113">
<ele>291.212</ele>
</trkpt>
<trkpt lat="59.661761" lon="8.881283">
<ele>291.573</ele>
</trkpt>
<trkpt lat="59.661711" lon="8.881376">
<ele>291.72</ele>
</trkpt>
<trkpt lat="59.661544" lon="8.88183">
<ele>291.883</ele>
</trkpt>
<trkpt lat="59.661477" lon="8.88204">
<ele>292.022</ele>
</trkpt>
<trkpt lat="59.661423" lon="8.882185">
<ele>291.888</ele>
</trkpt>
<trkpt lat="59.661382" lon="8.88231">
<ele>291.766</ele>
</trkpt>
<trkpt lat="59.661269" lon="8.882686">
<ele>292.057</ele>
</trkpt>
<trkpt lat="59.66121" lon="8.88285">
<ele>292.316</ele>
</trkpt>
<trkpt lat="59.66113" lon="8.883043">
<ele>292.773</ele>
</trkpt>
<trkpt lat="59.66108" lon="8.883153">
<ele>292.522</ele>
</trkpt>
<trkpt lat="59.660982" lon="8.883314">
<ele>292.069</ele>
</trkpt>
<trkpt lat="59.660873" lon="8.883467">
<ele>291.752</ele>
</trkpt>
<trkpt lat="59.660792" lon="8.883533">
<ele>291.711</ele>
</trkpt>
<trkpt lat="59.660712" lon="8.88358">
<ele>291.661</ele>
</trkpt>
<trkpt lat="59.660575" lon="8.883635">
<ele>291.758</ele>
</trkpt>
<trkpt lat="59.660308" lon="8.883684">
<ele>292.366</ele>
</trkpt>
<trkpt lat="59.660119" lon="8.88372">
<ele>294.502</ele>
</trkpt>
<trkpt lat="59.659983" lon="8.88379">
<ele>296.119</ele>
</trkpt>
<trkpt lat="59.659913" lon="8.88384">
<ele>297.489</ele>
</trkpt>
<trkpt lat="59.659846" lon="8.883902">
<ele>298.834</ele>
</trkpt>
<trkpt lat="59.659764" lon="8.883997">
<ele>300.558</ele>
</trkpt>
<trkpt lat="59.65969" lon="8.884101">
<ele>301.7</ele>
</trkpt>
<trkpt lat="59.659573" lon="8.88427">
<ele>302.577</ele>
</trkpt>
<trkpt lat="59.659544" lon="8.884331">
<ele>302.595</ele>
</trkpt>
<trkpt lat="59.659441" lon="8.884474">
<ele>302.954</ele>
</trkpt>
<trkpt lat="59.659381" lon="8.884574">
<ele>303.569</ele>
</trkpt>
<trkpt lat="59.659253" lon="8.884731">
<ele>304.703</ele>
</trkpt>
<trkpt lat="59.659087" lon="8.88493">
<ele>306.225</ele>
</trkpt>
<trkpt lat="59.658952" lon="8.885083">
<ele>307.808</ele>
</trkpt>
<trkpt lat="59.658782" lon="8.885262">
<ele>308.325</ele>
</trkpt>
<trkpt lat="59.658648" lon="8.885408">
<ele>307.726</ele>
</trkpt>
<trkpt lat="59.658475" lon="8.885608">
<ele>307.582</ele>
</trkpt>
<trkpt lat="59.658315" lon="8.885869">
<ele>307.953</ele>
</trkpt>
<trkpt lat="59.658243" lon="8.886005">
<ele>307.973</ele>
</trkpt>
<trkpt lat="59.658197" lon="8.886104">
<ele>308.009</ele>
</trkpt>
<trkpt lat="59.658159" lon="8.886221">
<ele>308.223</ele>
</trkpt>
<trkpt lat="59.65812" lon="8.886342">
<ele>308.584</ele>
</trkpt>
<trkpt lat="59.658092" lon="8.886461">
<ele>308.562</ele>
</trkpt>
<trkpt lat="59.65801" lon="8.886898">
<ele>307.783</ele>
</trkpt>
<trkpt lat="59.657993" lon="8.887022">
<ele>307.252</ele>
</trkpt>
<trkpt lat="59.657977" lon="8.887196">
<ele>306.085</ele>
</trkpt>
<trkpt lat="59.657927" lon="8.887486">
<ele>306.168</ele>
</trkpt>
<trkpt lat="59.6579" lon="8.887713">
<ele>306.056</ele>
</trkpt>
<trkpt lat="59.657878" lon="8.887813">
<ele>306.463</ele>
</trkpt>
<trkpt lat="59.657834" lon="8.888099">
<ele>306.492</ele>
</trkpt>
<trkpt lat="59.657797" lon="8.888263">
<ele>306.797</ele>
</trkpt>
<trkpt lat="59.657691" lon="8.88857">
<ele>309.272</ele>
</trkpt>
<trkpt lat="59.657583" lon="8.888953">
<ele>310.943</ele>
</trkpt>
<trkpt lat="59.657461" lon="8.889308">
<ele>314.403</ele>
</trkpt>
<trkpt lat="59.657432" lon="8.889425">
<ele>314.556</ele>
</trkpt>
<trkpt lat="59.657335" lon="8.889738">
<ele>316.541</ele>
</trkpt>
<trkpt lat="59.657307" lon="8.889852">
<ele>317.026</ele>
</trkpt>
<trkpt lat="59.657243" lon="8.890024">
<ele>318.384</ele>
</trkpt>
<trkpt lat="59.657212" lon="8.890127">
<ele>318.616</ele>
</trkpt>
<trkpt lat="59.657044" lon="8.89066">
<ele>316.996</ele>
</trkpt>
<trkpt lat="59.656967" lon="8.890884">
<ele>316.362</ele>
</trkpt>
<trkpt lat="59.656847" lon="8.891262">
<ele>315.86</ele>
</trkpt>
<trkpt lat="59.656798" lon="8.891394">
<ele>316.072</ele>
</trkpt>
<trkpt lat="59.656636" lon="8.891946">
<ele>316.883</ele>
</trkpt>
<trkpt lat="59.656485" lon="8.892394">
<ele>320.578</ele>
</trkpt>
<trkpt lat="59.656381" lon="8.892722">
<ele>324.004</ele>
</trkpt>
<trkpt lat="59.656214" lon="8.893205">
<ele>326.869</ele>
</trkpt>
<trkpt lat="59.656175" lon="8.893333">
<ele>327.391</ele>
</trkpt>
<trkpt lat="59.656019" lon="8.893835">
<ele>327.378</ele>
</trkpt>
<trkpt lat="59.655984" lon="8.893971">
<ele>327.315</ele>
</trkpt>
<trkpt lat="59.655923" lon="8.894158">
<ele>327.438</ele>
</trkpt>
<trkpt lat="59.655883" lon="8.894301">
<ele>327.139</ele>
</trkpt>
<trkpt lat="59.655743" lon="8.894814">
<ele>327.29</ele>
</trkpt>
<trkpt lat="59.655676" lon="8.895152">
<ele>326.851</ele>
</trkpt>
<trkpt lat="59.655654" lon="8.895295">
<ele>326.75</ele>
</trkpt>
<trkpt lat="59.655592" lon="8.895605">
<ele>326.035</ele>
</trkpt>
<trkpt lat="59.655518" lon="8.896015">
<ele>325.862</ele>
</trkpt>
<trkpt lat="59.655495" lon="8.896187">
<ele>325.962</ele>
</trkpt>
<trkpt lat="59.65544" lon="8.896495">
<ele>327.362</ele>
</trkpt>
<trkpt lat="59.655351" lon="8.896919">
<ele>327.811</ele>
</trkpt>
<trkpt lat="59.655222" lon="8.897461">
<ele>326.429</ele>
</trkpt>
<trkpt lat="59.655184" lon="8.897603">
<ele>326.138</ele>
</trkpt>
<trkpt lat="59.655158" lon="8.897721">
<ele>325.582</ele>
</trkpt>
<trkpt lat="59.655099" lon="8.897963">
<ele>324.792</ele>
</trkpt>
<trkpt lat="59.655043" lon="8.898175">
<ele>323.953</ele>
</trkpt>
<trkpt lat="59.655004" lon="8.898367">
<ele>322.644</ele>
</trkpt>
<trkpt lat="59.654944" lon="8.898613">
<ele>322.196</ele>
</trkpt>
<trkpt lat="59.654923" lon="8.89875">
<ele>321.663</ele>
</trkpt>
<trkpt lat="59.654874" lon="8.898965">
<ele>321.049</ele>
</trkpt>
<trkpt lat="59.654833" lon="8.899122">
<ele>320.424</ele>
</trkpt>
<trkpt lat="59.654762" lon="8.89948">
<ele>318.19</ele>
</trkpt>
<trkpt lat="59.654742" lon="8.899559">
<ele>317.92</ele>
</trkpt>
<trkpt lat="59.654698" lon="8.89983">
<ele>316.801</ele>
</trkpt>
<trkpt lat="59.65466" lon="8.90001">
<ele>316.308</ele>
</trkpt>
<trkpt lat="59.654613" lon="8.900276">
<ele>316.366</ele>
</trkpt>
<trkpt lat="59.654573" lon="8.900556">
<ele>315.684</ele>
</trkpt>
<trkpt lat="59.654503" lon="8.900883">
<ele>315.767</ele>
</trkpt>
<trkpt lat="59.65443" lon="8.901169">
<ele>316.186</ele>
</trkpt>
<trkpt lat="59.654365" lon="8.901341">
<ele>316.987</ele>
</trkpt>
<trkpt lat="59.654261" lon="8.90154">
<ele>317.515</ele>
</trkpt>
<trkpt lat="59.654174" lon="8.901691">
<ele>317.608</ele>
</trkpt>
<trkpt lat="59.654104" lon="8.901799">
<ele>317.591</ele>
</trkpt>
<trkpt lat="59.653999" lon="8.902005">
<ele>316.542</ele>
</trkpt>
<trkpt lat="59.653859" lon="8.9023">
<ele>315.055</ele>
</trkpt>
<trkpt lat="59.653755" lon="8.902578">
<ele>314.713</ele>
</trkpt>
<trkpt lat="59.653592" lon="8.903078">
<ele>314.395</ele>
</trkpt>
<trkpt lat="59.653526" lon="8.903373">
<ele>314.838</ele>
</trkpt>
<trkpt lat="59.65343" lon="8.903867">
<ele>316.591</ele>
</trkpt>
<trkpt lat="59.653387" lon="8.904074">
<ele>317.648</ele>
</trkpt>
<trkpt lat="59.653365" lon="8.90422">
<ele>318.18</ele>
</trkpt>
<trkpt lat="59.653316" lon="8.904491">
<ele>319.174</ele>
</trkpt>
<trkpt lat="59.653295" lon="8.90463">
<ele>318.86</ele>
</trkpt>
<trkpt lat="59.653227" lon="8.904906">
<ele>318.714</ele>
</trkpt>
<trkpt lat="59.653132" lon="8.905331">
<ele>317.62</ele>
</trkpt>
<trkpt lat="59.653052" lon="8.905772">
<ele>315.79</ele>
</trkpt>
<trkpt lat="59.652964" lon="8.906162">
<ele>313.893</ele>
</trkpt>
<trkpt lat="59.652914" lon="8.906365">
<ele>312.95</ele>
</trkpt>
<trkpt lat="59.652871" lon="8.906575">
<ele>311.183</ele>
</trkpt>
<trkpt lat="59.652842" lon="8.906711">
<ele>310.123</ele>
</trkpt>
<trkpt lat="59.652812" lon="8.906885">
<ele>308.818</ele>
</trkpt>
<trkpt lat="59.65276" lon="8.907133">
<ele>306.797</ele>
</trkpt>
<trkpt lat="59.652726" lon="8.907388">
<ele>305.186</ele>
</trkpt>
<trkpt lat="59.652616" lon="8.907933">
<ele>302.959</ele>
</trkpt>
<trkpt lat="59.652593" lon="8.908055">
<ele>302.66</ele>
</trkpt>
<trkpt lat="59.652555" lon="8.908256">
<ele>302.028</ele>
</trkpt>
<trkpt lat="59.65246" lon="8.908805">
<ele>299.735</ele>
</trkpt>
<trkpt lat="59.652434" lon="8.909014">
<ele>299.295</ele>
</trkpt>
<trkpt lat="59.6524" lon="8.909408">
<ele>298.302</ele>
</trkpt>
<trkpt lat="59.652372" lon="8.909671">
<ele>298.26</ele>
</trkpt>
<trkpt lat="59.65236" lon="8.909841">
<ele>297.693</ele>
</trkpt>
<trkpt lat="59.652341" lon="8.910006">
<ele>297.284</ele>
</trkpt>
<trkpt lat="59.652274" lon="8.910607">
<ele>298.358</ele>
</trkpt>
<trkpt lat="59.652239" lon="8.910848">
<ele>298.475</ele>
</trkpt>
<trkpt lat="59.652119" lon="8.911425">
<ele>296.906</ele>
</trkpt>
<trkpt lat="59.652067" lon="8.911613">
<ele>296.158</ele>
</trkpt>
<trkpt lat="59.652001" lon="8.911806">
<ele>295.067</ele>
</trkpt>
<trkpt lat="59.651976" lon="8.911921">
<ele>293.721</ele>
</trkpt>
<trkpt lat="59.651854" lon="8.912244">
<ele>291.074</ele>
</trkpt>
<trkpt lat="59.651735" lon="8.91249">
<ele>292.885</ele>
</trkpt>
<trkpt lat="59.651612" lon="8.912727">
<ele>293.699</ele>
</trkpt>
<trkpt lat="59.651505" lon="8.912939">
<ele>295.321</ele>
</trkpt>
<trkpt lat="59.651438" lon="8.913063">
<ele>296.306</ele>
</trkpt>
<trkpt lat="59.65136" lon="8.913236">
<ele>296.785</ele>
</trkpt>
<trkpt lat="59.651267" lon="8.913473">
<ele>299.138</ele>
</trkpt>
<trkpt lat="59.651139" lon="8.913881">
<ele>301.777</ele>
</trkpt>
<trkpt lat="59.651128" lon="8.913973">
<ele>302.173</ele>
</trkpt>
<trkpt lat="59.651091" lon="8.914185">
<ele>303.948</ele>
</trkpt>
<trkpt lat="59.651058" lon="8.914522">
<ele>304.172</ele>
</trkpt>
<trkpt lat="59.651053" lon="8.914741">
<ele>302.949</ele>
</trkpt>
<trkpt lat="59.651059" lon="8.91495">
<ele>300.508</ele>
</trkpt>
<trkpt lat="59.651077" lon="8.915623">
<ele>287.329</ele>
</trkpt>
<trkpt lat="59.651075" lon="8.915874">
<ele>284.622</ele>
</trkpt>
<trkpt lat="59.651067" lon="8.916082">
<ele>282.713</ele>
</trkpt>
<trkpt lat="59.651038" lon="8.916308">
<ele>282.53</ele>
</trkpt>
<trkpt lat="59.651005" lon="8.916629">
<ele>281.467</ele>
</trkpt>
<trkpt lat="59.65094" lon="8.917144">
<ele>280.759</ele>
</trkpt>
<trkpt lat="59.65087" lon="8.917588">
<ele>280.847</ele>
</trkpt>
<trkpt lat="59.650787" lon="8.91803">
<ele>281.201</ele>
</trkpt>
<trkpt lat="59.650676" lon="8.918496">
<ele>280.981</ele>
</trkpt>
<trkpt lat="59.650624" lon="8.918652">
<ele>281.266</ele>
</trkpt>
<trkpt lat="59.650524" lon="8.91904">
<ele>279.645</ele>
</trkpt>
<trkpt lat="59.650414" lon="8.919409">
<ele>278.44</ele>
</trkpt>
<trkpt lat="59.650236" lon="8.919912">
<ele>278.283</ele>
</trkpt>
<trkpt lat="59.650085" lon="8.920244">
<ele>277.41</ele>
</trkpt>
<trkpt lat="59.649897" lon="8.920529">
<ele>275.729</ele>
</trkpt>
<trkpt lat="59.649805" lon="8.920683">
<ele>274.921</ele>
</trkpt>
<trkpt lat="59.649704" lon="8.920813">
<ele>274.55</ele>
</trkpt>
<trkpt lat="59.649502" lon="8.921145">
<ele>275.075</ele>
</trkpt>
<trkpt lat="59.649407" lon="8.921317">
<ele>276.003</ele>
</trkpt>
<trkpt lat="59.649315" lon="8.921456">
<ele>276.622</ele>
</trkpt>
<trkpt lat="59.649059" lon="8.921921">
<ele>274.977</ele>
</trkpt>
<trkpt lat="59.648968" lon="8.922059">
<ele>274.016</ele>
</trkpt>
<trkpt lat="59.648878" lon="8.922221">
<ele>272.136</ele>
</trkpt>
<trkpt lat="59.648861" lon="8.922247">
<ele>272.274</ele>
</trkpt>
<trkpt lat="59.648788" lon="8.922362">
<ele>272.541</ele>
</trkpt>
<trkpt lat="59.648682" lon="8.92253">
<ele>271.731</ele>
</trkpt>
<trkpt lat="59.648614" lon="8.92263">
<ele>270.606</ele>
</trkpt>
<trkpt lat="59.648439" lon="8.922875">
<ele>271.097</ele>
</trkpt>
<trkpt lat="59.648337" lon="8.922979">
<ele>271.065</ele>
</trkpt>
<trkpt lat="59.64822" lon="8.92313">
<ele>272.163</ele>
</trkpt>
<trkpt lat="59.648149" lon="8.923205">
<ele>272.392</ele>
</trkpt>
<trkpt lat="59.647943" lon="8.92347">
<ele>274.113</ele>
</trkpt>
<trkpt lat="59.647739" lon="8.923726">
<ele>274.737</ele>
</trkpt>
<trkpt lat="59.647464" lon="8.924121">
<ele>276.325</ele>
</trkpt>
<trkpt lat="59.647384" lon="8.924251">
<ele>277.506</ele>
</trkpt>
<trkpt lat="59.647212" lon="8.924603">
<ele>278.42</ele>
</trkpt>
<trkpt lat="59.647107" lon="8.924864">
<ele>276.467</ele>
</trkpt>
<trkpt lat="59.64705" lon="8.925052">
<ele>274.876</ele>
</trkpt>
<trkpt lat="59.646992" lon="8.925228">
<ele>273.774</ele>
</trkpt>
<trkpt lat="59.646944" lon="8.925436">
<ele>269.902</ele>
</trkpt>
<trkpt lat="59.646854" lon="8.925835">
<ele>269.192</ele>
</trkpt>
<trkpt lat="59.646801" lon="8.926049">
<ele>269.507</ele>
</trkpt>
<trkpt lat="59.646686" lon="8.926642">
<ele>267.78</ele>
</trkpt>
<trkpt lat="59.646651" lon="8.926836">
<ele>266.814</ele>
</trkpt>
<trkpt lat="59.646612" lon="8.926971">
<ele>266.764</ele>
</trkpt>
<trkpt lat="59.646562" lon="8.927115">
<ele>266.457</ele>
</trkpt>
<trkpt lat="59.646433" lon="8.92743">
<ele>264.532</ele>
</trkpt>
<trkpt lat="59.646338" lon="8.927606">
<ele>263.091</ele>
</trkpt>
<trkpt lat="59.646271" lon="8.92771">
<ele>262.631</ele>
</trkpt>
<trkpt lat="59.646039" lon="8.928092">
<ele>257.024</ele>
</trkpt>
<trkpt lat="59.645921" lon="8.92821">
<ele>256.6</ele>
</trkpt>
<trkpt lat="59.645704" lon="8.928382">
<ele>257.532</ele>
</trkpt>
<trkpt lat="59.645448" lon="8.928551">
<ele>259.565</ele>
</trkpt>
<trkpt lat="59.645222" lon="8.928697">
<ele>261.237</ele>
</trkpt>
<trkpt lat="59.644999" lon="8.928878">
<ele>261.335</ele>
</trkpt>
<trkpt lat="59.644816" lon="8.929111">
<ele>260.177</ele>
</trkpt>
<trkpt lat="59.644723" lon="8.929252">
<ele>258.833</ele>
</trkpt>
<trkpt lat="59.644525" lon="8.929623">
<ele>256.72</ele>
</trkpt>
<trkpt lat="59.644344" lon="8.929981">
<ele>253.917</ele>
</trkpt>
<trkpt lat="59.644267" lon="8.930142">
<ele>253.427</ele>
</trkpt>
<trkpt lat="59.644097" lon="8.930504">
<ele>250.885</ele>
</trkpt>
<trkpt lat="59.64394" lon="8.930869">
<ele>248.879</ele>
</trkpt>
<trkpt lat="59.643819" lon="8.931211">
<ele>246.532</ele>
</trkpt>
<trkpt lat="59.643748" lon="8.931391">
<ele>245.484</ele>
</trkpt>
<trkpt lat="59.643614" lon="8.931721">
<ele>242.792</ele>
</trkpt>
<trkpt lat="59.643527" lon="8.931886">
<ele>242.21</ele>
</trkpt>
<trkpt lat="59.643436" lon="8.932036">
<ele>241.549</ele>
</trkpt>
<trkpt lat="59.643366" lon="8.932173">
<ele>241.08</ele>
</trkpt>
<trkpt lat="59.643204" lon="8.932372">
<ele>239.995</ele>
</trkpt>
<trkpt lat="59.643117" lon="8.932455">
<ele>239.383</ele>
</trkpt>
<trkpt lat="59.642936" lon="8.932573">
<ele>237.614</ele>
</trkpt>
<trkpt lat="59.642719" lon="8.932666">
<ele>235.467</ele>
</trkpt>
<trkpt lat="59.642475" lon="8.932753">
<ele>233.096</ele>
</trkpt>
<trkpt lat="59.642212" lon="8.932861">
<ele>229.454</ele>
</trkpt>
<trkpt lat="59.641917" lon="8.932975">
<ele>225.839</ele>
</trkpt>
<trkpt lat="59.641653" lon="8.933083">
<ele>224.412</ele>
</trkpt>
<trkpt lat="59.641312" lon="8.933218">
<ele>224.369</ele>
</trkpt>
<trkpt lat="59.641192" lon="8.933286">
<ele>224.616</ele>
</trkpt>
<trkpt lat="59.640955" lon="8.933437">
<ele>223.369</ele>
</trkpt>
<trkpt lat="59.640754" lon="8.933621">
<ele>221.975</ele>
</trkpt>
<trkpt lat="59.640535" lon="8.93389">
<ele>221.132</ele>
</trkpt>
<trkpt lat="59.640344" lon="8.934195">
<ele>218.954</ele>
</trkpt>
<trkpt lat="59.640251" lon="8.934383">
<ele>217.931</ele>
</trkpt>
<trkpt lat="59.640188" lon="8.934538">
<ele>217.524</ele>
</trkpt>
<trkpt lat="59.640056" lon="8.934916">
<ele>216.202</ele>
</trkpt>
<trkpt lat="59.639957" lon="8.935272">
<ele>215.33</ele>
</trkpt>
<trkpt lat="59.639902" lon="8.93544">
<ele>214.916</ele>
</trkpt>
<trkpt lat="59.639737" lon="8.935845">
<ele>212.861</ele>
</trkpt>
<trkpt lat="59.639643" lon="8.935988">
<ele>212.013</ele>
</trkpt>
<trkpt lat="59.639562" lon="8.93611">
<ele>211.01</ele>
</trkpt>
<trkpt lat="59.639483" lon="8.936235">
<ele>210.108</ele>
</trkpt>
<trkpt lat="59.63939" lon="8.936385">
<ele>209.616</ele>
</trkpt>
<trkpt lat="59.639273" lon="8.936523">
<ele>209.588</ele>
</trkpt>
<trkpt lat="59.639118" lon="8.936752">
<ele>208.682</ele>
</trkpt>
<trkpt lat="59.639035" lon="8.93686">
<ele>208.226</ele>
</trkpt>
<trkpt lat="59.63878" lon="8.937203">
<ele>205.6</ele>
</trkpt>
<trkpt lat="59.638698" lon="8.937301">
<ele>204.553</ele>
</trkpt>
<trkpt lat="59.638609" lon="8.93738">
<ele>203.732</ele>
</trkpt>
<trkpt lat="59.638532" lon="8.937436">
<ele>203.141</ele>
</trkpt>
<trkpt lat="59.638447" lon="8.93748">
<ele>202.836</ele>
</trkpt>
<trkpt lat="59.638351" lon="8.937508">
<ele>202.819</ele>
</trkpt>
<trkpt lat="59.638226" lon="8.937522">
<ele>202.653</ele>
</trkpt>
<trkpt lat="59.638091" lon="8.937505">
<ele>202.912</ele>
</trkpt>
<trkpt lat="59.637961" lon="8.937472">
<ele>203.438</ele>
</trkpt>
<trkpt lat="59.637727" lon="8.937409">
<ele>204.638</ele>
</trkpt>
<trkpt lat="59.637618" lon="8.937394">
<ele>204.908</ele>
</trkpt>
<trkpt lat="59.637527" lon="8.937362">
<ele>205.484</ele>
</trkpt>
<trkpt lat="59.637435" lon="8.937359">
<ele>206.006</ele>
</trkpt>
<trkpt lat="59.637312" lon="8.937394">
<ele>206.262</ele>
</trkpt>
<trkpt lat="59.637198" lon="8.93745">
<ele>206.32</ele>
</trkpt>
<trkpt lat="59.63707" lon="8.937553">
<ele>206.786</ele>
</trkpt>
<trkpt lat="59.636814" lon="8.937735">
<ele>208.046</ele>
</trkpt>
<trkpt lat="59.63659" lon="8.9379">
<ele>208.352</ele>
</trkpt>
<trkpt lat="59.636478" lon="8.937974">
<ele>207.826</ele>
</trkpt>
<trkpt lat="59.636236" lon="8.938145">
<ele>206.314</ele>
</trkpt>
<trkpt lat="59.636012" lon="8.938296">
<ele>204.568</ele>
</trkpt>
<trkpt lat="59.635883" lon="8.938382">
<ele>203.241</ele>
</trkpt>
<trkpt lat="59.635667" lon="8.93851">
<ele>202.525</ele>
</trkpt>
<trkpt lat="59.63554" lon="8.93857">
<ele>202.66</ele>
</trkpt>
<trkpt lat="59.635424" lon="8.938653">
<ele>202.484</ele>
</trkpt>
<trkpt lat="59.635102" lon="8.938893">
<ele>201.634</ele>
</trkpt>
<trkpt lat="59.634998" lon="8.938961">
<ele>201.191</ele>
</trkpt>
<trkpt lat="59.634722" lon="8.93917">
<ele>200.898</ele>
</trkpt>
<trkpt lat="59.634695" lon="8.939187">
<ele>201.049</ele>
</trkpt>
<trkpt lat="59.634647" lon="8.939219">
<ele>201.353</ele>
</trkpt>
<trkpt lat="59.634467" lon="8.939458">
<ele>200.745</ele>
</trkpt>
<trkpt lat="59.634377" lon="8.9396">
<ele>199.31</ele>
</trkpt>
<trkpt lat="59.634323" lon="8.939711">
<ele>198.12</ele>
</trkpt>
<trkpt lat="59.634239" lon="8.939847">
<ele>197.973</ele>
</trkpt>
<trkpt lat="59.634105" lon="8.940108">
<ele>197.011</ele>
</trkpt>
<trkpt lat="59.634065" lon="8.940162">
<ele>197.116</ele>
</trkpt>
<trkpt lat="59.633938" lon="8.940417">
<ele>197.107</ele>
</trkpt>
<trkpt lat="59.633773" lon="8.940792">
<ele>193.342</ele>
</trkpt>
<trkpt lat="59.633714" lon="8.940922">
<ele>192.086</ele>
</trkpt>
<trkpt lat="59.633551" lon="8.941243">
<ele>190.109</ele>
</trkpt>
<trkpt lat="59.633439" lon="8.941429">
<ele>189.03</ele>
</trkpt>
<trkpt lat="59.633366" lon="8.941534">
<ele>189.082</ele>
</trkpt>
<trkpt lat="59.633319" lon="8.941573">
<ele>189.314</ele>
</trkpt>
<trkpt lat="59.633214" lon="8.941681">
<ele>187.867</ele>
</trkpt>
<trkpt lat="59.633164" lon="8.941712">
<ele>187.61</ele>
</trkpt>
<trkpt lat="59.633076" lon="8.941733">
<ele>187.505</ele>
</trkpt>
<trkpt lat="59.632957" lon="8.941744">
<ele>186.024</ele>
</trkpt>
<trkpt lat="59.632897" lon="8.941735">
<ele>185.225</ele>
</trkpt>
<trkpt lat="59.632729" lon="8.941732">
<ele>182.962</ele>
</trkpt>
<trkpt lat="59.632668" lon="8.941732">
<ele>182.251</ele>
</trkpt>
<trkpt lat="59.632525" lon="8.941715">
<ele>180.764</ele>
</trkpt>
<trkpt lat="59.632412" lon="8.941712">
<ele>180.142</ele>
</trkpt>
<trkpt lat="59.632254" lon="8.941716">
<ele>179.424</ele>
</trkpt>
<trkpt lat="59.632039" lon="8.941734">
<ele>177.551</ele>
</trkpt>
<trkpt lat="59.631787" lon="8.941792">
<ele>176.933</ele>
</trkpt>
<trkpt lat="59.631624" lon="8.941858">
<ele>176.841</ele>
</trkpt>
<trkpt lat="59.631536" lon="8.941903">
<ele>176.996</ele>
</trkpt>
<trkpt lat="59.631469" lon="8.941934">
<ele>177.136</ele>
</trkpt>
<trkpt lat="59.631317" lon="8.942015">
<ele>177.074</ele>
</trkpt>
<trkpt lat="59.63109" lon="8.942146">
<ele>177.644</ele>
</trkpt>
<trkpt lat="59.630998" lon="8.942211">
<ele>178.108</ele>
</trkpt>
<trkpt lat="59.6309" lon="8.9423">
<ele>178.013</ele>
</trkpt>
<trkpt lat="59.630849" lon="8.942357">
<ele>177.696</ele>
</trkpt>
<trkpt lat="59.630774" lon="8.942462">
<ele>175.89</ele>
</trkpt>
<trkpt lat="59.630704" lon="8.942572">
<ele>174.03</ele>
</trkpt>
<trkpt lat="59.630618" lon="8.942728">
<ele>171.807</ele>
</trkpt>
<trkpt lat="59.630483" lon="8.942974">
<ele>169.958</ele>
</trkpt>
<trkpt lat="59.630384" lon="8.943139">
<ele>168.536</ele>
</trkpt>
<trkpt lat="59.630283" lon="8.943288">
<ele>167.581</ele>
</trkpt>
<trkpt lat="59.630175" lon="8.943434">
<ele>165.913</ele>
</trkpt>
<trkpt lat="59.630066" lon="8.943563">
<ele>164.52</ele>
</trkpt>
<trkpt lat="59.629938" lon="8.943699">
<ele>163.274</ele>
</trkpt>
<trkpt lat="59.629794" lon="8.943841">
<ele>162.259</ele>
</trkpt>
<trkpt lat="59.629658" lon="8.943961">
<ele>161.569</ele>
</trkpt>
<trkpt lat="59.629525" lon="8.944086">
<ele>161.084</ele>
</trkpt>
<trkpt lat="59.629388" lon="8.944193">
<ele>161.108</ele>
</trkpt>
<trkpt lat="59.629253" lon="8.944285">
<ele>161.263</ele>
</trkpt>
<trkpt lat="59.629133" lon="8.944352">
<ele>161.252</ele>
</trkpt>
<trkpt lat="59.629026" lon="8.944397">
<ele>160.751</ele>
</trkpt>
<trkpt lat="59.628905" lon="8.944435">
<ele>160.124</ele>
</trkpt>
<trkpt lat="59.628806" lon="8.944451">
<ele>159.349</ele>
</trkpt>
<trkpt lat="59.628714" lon="8.944451">
<ele>158.679</ele>
</trkpt>
<trkpt lat="59.628578" lon="8.944435">
<ele>157.979</ele>
</trkpt>
<trkpt lat="59.628458" lon="8.944397">
<ele>157.867</ele>
</trkpt>
<trkpt lat="59.628319" lon="8.944332">
<ele>157.686</ele>
</trkpt>
<trkpt lat="59.628198" lon="8.944261">
<ele>157.025</ele>
</trkpt>
<trkpt lat="59.628063" lon="8.944156">
<ele>156.119</ele>
</trkpt>
<trkpt lat="59.627951" lon="8.944054">
<ele>155.276</ele>
</trkpt>
<trkpt lat="59.627851" lon="8.943945">
<ele>154.589</ele>
</trkpt>
<trkpt lat="59.62774" lon="8.94379">
<ele>154.036</ele>
</trkpt>
<trkpt lat="59.627648" lon="8.943637">
<ele>153.549</ele>
</trkpt>
<trkpt lat="59.627571" lon="8.943489">
<ele>152.767</ele>
</trkpt>
<trkpt lat="59.627496" lon="8.943326">
<ele>152.012</ele>
</trkpt>
<trkpt lat="59.627432" lon="8.943159">
<ele>152.229</ele>
</trkpt>
<trkpt lat="59.627385" lon="8.943017">
<ele>152.172</ele>
</trkpt>
<trkpt lat="59.627335" lon="8.94285">
<ele>151.812</ele>
</trkpt>
<trkpt lat="59.627258" lon="8.942548">
<ele>152.191</ele>
</trkpt>
<trkpt lat="59.627172" lon="8.942167">
<ele>151.078</ele>
</trkpt>
<trkpt lat="59.627104" lon="8.941884">
<ele>150.146</ele>
</trkpt>
<trkpt lat="59.627047" lon="8.941678">
<ele>148.939</ele>
</trkpt>
<trkpt lat="59.626994" lon="8.941519">
<ele>147.427</ele>
</trkpt>
<trkpt lat="59.626936" lon="8.941383">
<ele>145.787</ele>
</trkpt>
<trkpt lat="59.626857" lon="8.94123">
<ele>143.796</ele>
</trkpt>
<trkpt lat="59.626771" lon="8.941096">
<ele>141.697</ele>
</trkpt>
<trkpt lat="59.626704" lon="8.941017">
<ele>140.527</ele>
</trkpt>
<trkpt lat="59.626622" lon="8.940931">
<ele>139.493</ele>
</trkpt>
<trkpt lat="59.626542" lon="8.940866">
<ele>138.521</ele>
</trkpt>
<trkpt lat="59.626473" lon="8.940827">
<ele>137.553</ele>
</trkpt>
<trkpt lat="59.626398" lon="8.940798">
<ele>136.414</ele>
</trkpt>
<trkpt lat="59.626317" lon="8.940778">
<ele>135.881</ele>
</trkpt>
<trkpt lat="59.626246" lon="8.940774">
<ele>135.398</ele>
</trkpt>
<trkpt lat="59.626168" lon="8.94078">
<ele>134.794</ele>
</trkpt>
<trkpt lat="59.626089" lon="8.940798">
<ele>134.403</ele>
</trkpt>
<trkpt lat="59.626026" lon="8.940826">
<ele>134.658</ele>
</trkpt>
<trkpt lat="59.62595" lon="8.940874">
<ele>134.867</ele>
</trkpt>
<trkpt lat="59.625866" lon="8.940948">
<ele>134.939</ele>
</trkpt>
<trkpt lat="59.625795" lon="8.941032">
<ele>134.806</ele>
</trkpt>
<trkpt lat="59.6257" lon="8.941153">
<ele>134.96</ele>
</trkpt>
<trkpt lat="59.625602" lon="8.941306">
<ele>135.666</ele>
</trkpt>
<trkpt lat="59.625296" lon="8.941798">
<ele>135.934</ele>
</trkpt>
<trkpt lat="59.625218" lon="8.941909">
<ele>135.597</ele>
</trkpt>
<trkpt lat="59.625143" lon="8.942003">
<ele>134.819</ele>
</trkpt>
<trkpt lat="59.62506" lon="8.942099">
<ele>133.876</ele>
</trkpt>
<trkpt lat="59.624977" lon="8.942174">
<ele>133.105</ele>
</trkpt>
<trkpt lat="59.624888" lon="8.942237">
<ele>132.565</ele>
</trkpt>
<trkpt lat="59.624778" lon="8.942304">
<ele>132.142</ele>
</trkpt>
<trkpt lat="59.624658" lon="8.942362">
<ele>132.115</ele>
</trkpt>
<trkpt lat="59.62453" lon="8.942419">
<ele>132.202</ele>
</trkpt>
<trkpt lat="59.624426" lon="8.942454">
<ele>132.166</ele>
</trkpt>
<trkpt lat="59.624309" lon="8.942492">
<ele>132.029</ele>
</trkpt>
<trkpt lat="59.624177" lon="8.942522">
<ele>131.921</ele>
</trkpt>
<trkpt lat="59.624085" lon="8.942539">
<ele>131.272</ele>
</trkpt>
<trkpt lat="59.623925" lon="8.942561">
<ele>130.04</ele>
</trkpt>
<trkpt lat="59.623735" lon="8.942573">
<ele>129.737</ele>
</trkpt>
<trkpt lat="59.62339" lon="8.942587">
<ele>128.095</ele>
</trkpt>
<trkpt lat="59.622926" lon="8.94259">
<ele>123.286</ele>
</trkpt>
<trkpt lat="59.622819" lon="8.942595">
<ele>121.885</ele>
</trkpt>
<trkpt lat="59.622742" lon="8.942608">
<ele>121.131</ele>
</trkpt>
<trkpt lat="59.622653" lon="8.942637">
<ele>120.595</ele>
</trkpt>
<trkpt lat="59.622564" lon="8.942678">
<ele>120.102</ele>
</trkpt>
<trkpt lat="59.622478" lon="8.942732">
<ele>119.848</ele>
</trkpt>
<trkpt lat="59.622368" lon="8.942819">
<ele>120.0</ele>
</trkpt>
<trkpt lat="59.622288" lon="8.942901">
<ele>120.0</ele>
</trkpt>
<trkpt lat="59.622193" lon="8.943014">
<ele>120.105</ele>
</trkpt>
<trkpt lat="59.622088" lon="8.943166">
<ele>120.086</ele>
</trkpt>
<trkpt lat="59.621721" lon="8.943778">
<ele>120.804</ele>
</trkpt>
<trkpt lat="59.621612" lon="8.943949">
<ele>120.98</ele>
</trkpt>
<trkpt lat="59.621501" lon="8.944108">
<ele>120.808</ele>
</trkpt>
<trkpt lat="59.621362" lon="8.944267">
<ele>120.542</ele>
</trkpt>
<trkpt lat="59.62121" lon="8.944407">
<ele>119.491</ele>
</trkpt>
<trkpt lat="59.621045" lon="8.944531">
<ele>117.738</ele>
</trkpt>
<trkpt lat="59.620862" lon="8.944649">
<ele>116.318</ele>
</trkpt>
<trkpt lat="59.620684" lon="8.944754">
<ele>116.432</ele>
</trkpt>
<trkpt lat="59.620494" lon="8.944848">
<ele>117.1</ele>
</trkpt>
<trkpt lat="59.620278" lon="8.944939">
<ele>117.78</ele>
</trkpt>
<trkpt lat="59.620017" lon="8.945038">
<ele>118.93</ele>
</trkpt>
<trkpt lat="59.619771" lon="8.945113">
<ele>118.511</ele>
</trkpt>
<trkpt lat="59.619693" lon="8.945139">
<ele>118.29</ele>
</trkpt>
<trkpt lat="59.619569" lon="8.945178">
<ele>117.538</ele>
</trkpt>
<trkpt lat="59.619396" lon="8.945244">
<ele>116.704</ele>
</trkpt>
<trkpt lat="59.619279" lon="8.945296">
<ele>116.47</ele>
</trkpt>
<trkpt lat="59.619174" lon="8.945348">
<ele>116.279</ele>
</trkpt>
<trkpt lat="59.619029" lon="8.945426">
<ele>117.029</ele>
</trkpt>
<trkpt lat="59.618928" lon="8.945489">
<ele>117.62</ele>
</trkpt>
<trkpt lat="59.618838" lon="8.945563">
<ele>117.607</ele>
</trkpt>
<trkpt lat="59.618747" lon="8.945645">
<ele>116.656</ele>
</trkpt>
<trkpt lat="59.618657" lon="8.945738">
<ele>115.674</ele>
</trkpt>
<trkpt lat="59.618523" lon="8.945901">
<ele>113.805</ele>
</trkpt>
<trkpt lat="59.618409" lon="8.946062">
<ele>111.994</ele>
</trkpt>
<trkpt lat="59.618293" lon="8.946247">
<ele>109.512</ele>
</trkpt>
<trkpt lat="59.618203" lon="8.9464">
<ele>107.491</ele>
</trkpt>
<trkpt lat="59.618116" lon="8.94657">
<ele>105.207</ele>
</trkpt>
<trkpt lat="59.617954" lon="8.946921">
<ele>101.741</ele>
</trkpt>
<trkpt lat="59.617773" lon="8.947333">
<ele>100.0</ele>
</trkpt>
<trkpt lat="59.617637" lon="8.947621">
<ele>100.0</ele>
</trkpt>
<trkpt lat="59.617511" lon="8.947861">
<ele>100.0</ele>
</trkpt>
<trkpt lat="59.617421" lon="8.948015">
<ele>99.147</ele>
</trkpt>
<trkpt lat="59.617325" lon="8.948142">
<ele>98.11</ele>
</trkpt>
<trkpt lat="59.617217" lon="8.948256">
<ele>96.957</ele>
</trkpt>
<trkpt lat="59.617105" lon="8.948354">
<ele>96.156</ele>
</trkpt>
<trkpt lat="59.617008" lon="8.948417">
<ele>95.458</ele>
</trkpt>
<trkpt lat="59.61691" lon="8.94847">
<ele>94.504</ele>
</trkpt>
<trkpt lat="59.616813" lon="8.94851">
<ele>93.107</ele>
</trkpt>
<trkpt lat="59.616702" lon="8.948537">
<ele>91.509</ele>
</trkpt>
<trkpt lat="59.616572" lon="8.948555">
<ele>90.318</ele>
</trkpt>
<trkpt lat="59.61636" lon="8.948569">
<ele>89.0</ele>
</trkpt>
<trkpt lat="59.616182" lon="8.948571">
<ele>89.0</ele>
</trkpt>
<trkpt lat="59.615962" lon="8.948572">
<ele>89.537</ele>
</trkpt>
<trkpt lat="59.615253" lon="8.948531">
<ele>88.0</ele>
</trkpt>
<trkpt lat="59.614975" lon="8.948497">
<ele>88.0</ele>
</trkpt>
<trkpt lat="59.614829" lon="8.948478">
<ele>88.0</ele>
</trkpt>
<trkpt lat="59.614527" lon="8.948419">
<ele>88.0</ele>
</trkpt>
<trkpt lat="59.614331" lon="8.948371">
<ele>88.0</ele>
</trkpt>
<trkpt lat="59.61417" lon="8.948323">
<ele>87.963</ele>
</trkpt>
<trkpt lat="59.614031" lon="8.94827">
<ele>87.772</ele>
</trkpt>
<trkpt lat="59.613956" lon="8.948231">
<ele>87.632</ele>
</trkpt>
<trkpt lat="59.613889" lon="8.948187">
<ele>87.473</ele>
</trkpt>
<trkpt lat="59.613834" lon="8.948116">
<ele>87.02</ele>
</trkpt>
<trkpt lat="59.613805" lon="8.94807">
<ele>86.75</ele>
</trkpt>
<trkpt lat="59.613773" lon="8.948011">
<ele>86.516</ele>
</trkpt>
<trkpt lat="59.613733" lon="8.947933">
<ele>86.191</ele>
</trkpt>
<trkpt lat="59.613631" lon="8.947795">
<ele>85.201</ele>
</trkpt>
<trkpt lat="59.613565" lon="8.947752">
<ele>84.907</ele>
</trkpt>
<trkpt lat="59.61352" lon="8.94788">
<ele>85.368</ele>
</trkpt>
<trkpt lat="59.613421" lon="8.948179">
<ele>86.444</ele>
</trkpt>
<trkpt lat="59.613347" lon="8.948401">
<ele>87.244</ele>
</trkpt>
<trkpt lat="59.613154" lon="8.948996">
<ele>88.354</ele>
</trkpt>
<trkpt lat="59.613111" lon="8.949129">
<ele>88.2</ele>
</trkpt>
<trkpt lat="59.612991" lon="8.949535">
<ele>88.768</ele>
</trkpt>
<trkpt lat="59.612876" lon="8.949902">
<ele>89.001</ele>
</trkpt>
<trkpt lat="59.612843" lon="8.950018">
<ele>89.235</ele>
</trkpt>
<trkpt lat="59.612823" lon="8.950136">
<ele>89.163</ele>
</trkpt>
<trkpt lat="59.61269" lon="8.950525">
<ele>88.684</ele>
</trkpt>
<trkpt lat="59.612613" lon="8.950749">
<ele>87.71</ele>
</trkpt>
<trkpt lat="59.612524" lon="8.951005">
<ele>86.415</ele>
</trkpt>
<trkpt lat="59.61213" lon="8.952139">
<ele>84.532</ele>
</trkpt>
<trkpt lat="59.611117" lon="8.955045">
<ele>83.021</ele>
</trkpt>
<trkpt lat="59.611098" lon="8.9551">
<ele>83.064</ele>
</trkpt>
<trkpt lat="59.610979" lon="8.955435">
<ele>84.517</ele>
</trkpt>
<trkpt lat="59.610905" lon="8.955665">
<ele>85.484</ele>
</trkpt>
<trkpt lat="59.61082" lon="8.955943">
<ele>86.491</ele>
</trkpt>
<trkpt lat="59.610776" lon="8.956093">
<ele>87.348</ele>
</trkpt>
<trkpt lat="59.610603" lon="8.956729">
<ele>88.829</ele>
</trkpt>
<trkpt lat="59.610478" lon="8.957204">
<ele>89.971</ele>
</trkpt>
<trkpt lat="59.610463" lon="8.957263">
<ele>90.0</ele>
</trkpt>
<trkpt lat="59.610363" lon="8.957675">
<ele>89.807</ele>
</trkpt>
<trkpt lat="59.610329" lon="8.957851">
<ele>89.816</ele>
</trkpt>
<trkpt lat="59.610296" lon="8.958064">
<ele>89.934</ele>
</trkpt>
<trkpt lat="59.610284" lon="8.958185">
<ele>89.978</ele>
</trkpt>
<trkpt lat="59.610269" lon="8.958382">
<ele>90.0</ele>
</trkpt>
<trkpt lat="59.610262" lon="8.958579">
<ele>90.0</ele>
</trkpt>
<trkpt lat="59.610263" lon="8.958985">
<ele>90.0</ele>
</trkpt>
<trkpt lat="59.610262" lon="8.959042">
<ele>90.0</ele>
</trkpt>
<trkpt lat="59.610262" lon="8.959192">
<ele>89.914</ele>
</trkpt>
<trkpt lat="59.610262" lon="8.959347">
<ele>89.388</ele>
</trkpt>
<trkpt lat="59.61026" lon="8.96017">
<ele>88.064</ele>
</trkpt>
<trkpt lat="59.610258" lon="8.960643">
<ele>88.071</ele>
</trkpt>
<trkpt lat="59.610256" lon="8.961232">
<ele>88.191</ele>
</trkpt>
<trkpt lat="59.61026" lon="8.961747">
<ele>89.5</ele>
</trkpt>
<trkpt lat="59.610266" lon="8.962161">
<ele>91.762</ele>
</trkpt>
<trkpt lat="59.610275" lon="8.962467">
<ele>92.94</ele>
</trkpt>
<trkpt lat="59.610287" lon="8.962752">
<ele>93.844</ele>
</trkpt>
<trkpt lat="59.610323" lon="8.963383">
<ele>93.661</ele>
</trkpt>
<trkpt lat="59.61038" lon="8.96419">
<ele>94.244</ele>
</trkpt>
<trkpt lat="59.610548" lon="8.966334">
<ele>96.189</ele>
</trkpt>
<trkpt lat="59.610581" lon="8.966809">
<ele>98.101</ele>
</trkpt>
<trkpt lat="59.610598" lon="8.967102">
<ele>99.043</ele>
</trkpt>
<trkpt lat="59.610606" lon="8.967328">
<ele>99.455</ele>
</trkpt>
<trkpt lat="59.610608" lon="8.967515">
<ele>99.477</ele>
</trkpt>
<trkpt lat="59.610605" lon="8.967688">
<ele>100.022</ele>
</trkpt>
<trkpt lat="59.610595" lon="8.967927">
<ele>100.432</ele>
</trkpt>
<trkpt lat="59.610586" lon="8.968056">
<ele>100.563</ele>
</trkpt>
<trkpt lat="59.610571" lon="8.968216">
<ele>101.323</ele>
</trkpt>
<trkpt lat="59.610565" lon="8.968269">
<ele>101.606</ele>
</trkpt>
<trkpt lat="59.610562" lon="8.968296">
<ele>101.753</ele>
</trkpt>
<trkpt lat="59.610544" lon="8.968434">
<ele>102.401</ele>
</trkpt>
<trkpt lat="59.610519" lon="8.968598">
<ele>103.191</ele>
</trkpt>
<trkpt lat="59.610491" lon="8.968756">
<ele>103.449</ele>
</trkpt>
<trkpt lat="59.610479" lon="8.968816">
<ele>103.54</ele>
</trkpt>
<trkpt lat="59.61044" lon="8.968996">
<ele>103.782</ele>
</trkpt>
<trkpt lat="59.610412" lon="8.969111">
<ele>103.922</ele>
</trkpt>
<trkpt lat="59.610397" lon="8.969168">
<ele>103.985</ele>
</trkpt>
<trkpt lat="59.610362" lon="8.969286">
<ele>103.849</ele>
</trkpt>
<trkpt lat="59.610304" lon="8.969474">
<ele>103.325</ele>
</trkpt>
<trkpt lat="59.61024" lon="8.969662">
<ele>102.735</ele>
</trkpt>
<trkpt lat="59.610165" lon="8.96986">
<ele>101.123</ele>
</trkpt>
<trkpt lat="59.610092" lon="8.970044">
<ele>99.51</ele>
</trkpt>
<trkpt lat="59.61007" lon="8.970098">
<ele>99.395</ele>
</trkpt>
<trkpt lat="59.61" lon="8.970261">
<ele>99.06</ele>
</trkpt>
<trkpt lat="59.609922" lon="8.970432">
<ele>97.89</ele>
</trkpt>
<trkpt lat="59.609896" lon="8.970489">
<ele>97.479</ele>
</trkpt>
<trkpt lat="59.609821" lon="8.97065">
<ele>97.0</ele>
</trkpt>
<trkpt lat="59.609764" lon="8.970772">
<ele>97.0</ele>
</trkpt>
<trkpt lat="59.609648" lon="8.971015">
<ele>96.613</ele>
</trkpt>
<trkpt lat="59.609553" lon="8.971218">
<ele>96.609</ele>
</trkpt>
<trkpt lat="59.609481" lon="8.971371">
<ele>96.868</ele>
</trkpt>
<trkpt lat="59.609451" lon="8.971434">
<ele>96.818</ele>
</trkpt>
<trkpt lat="59.609363" lon="8.971623">
<ele>96.157</ele>
</trkpt>
<trkpt lat="59.609307" lon="8.971744">
<ele>96.0</ele>
</trkpt>
<trkpt lat="59.60923" lon="8.971914">
<ele>96.0</ele>
</trkpt>
<trkpt lat="59.609183" lon="8.97202">
<ele>95.984</ele>
</trkpt>
<trkpt lat="59.609142" lon="8.972119">
<ele>96.355</ele>
</trkpt>
<trkpt lat="59.609085" lon="8.972262">
<ele>97.033</ele>
</trkpt>
<trkpt lat="59.609038" lon="8.972392">
<ele>97.242</ele>
</trkpt>
<trkpt lat="59.609016" lon="8.972457">
<ele>97.324</ele>
</trkpt>
<trkpt lat="59.608995" lon="8.972524">
<ele>97.386</ele>
</trkpt>
<trkpt lat="59.608977" lon="8.972588">
<ele>97.414</ele>
</trkpt>
<trkpt lat="59.608941" lon="8.97272">
<ele>97.458</ele>
</trkpt>
<trkpt lat="59.608923" lon="8.972791">
<ele>97.408</ele>
</trkpt>
<trkpt lat="59.608898" lon="8.972912">
<ele>96.887</ele>
</trkpt>
<trkpt lat="59.608869" lon="8.973069">
<ele>96.503</ele>
</trkpt>
<trkpt lat="59.608846" lon="8.973223">
<ele>95.674</ele>
</trkpt>
<trkpt lat="59.608837" lon="8.973291">
<ele>95.297</ele>
</trkpt>
<trkpt lat="59.60883" lon="8.97336">
<ele>94.948</ele>
</trkpt>
<trkpt lat="59.608822" lon="8.973444">
<ele>94.707</ele>
</trkpt>
<trkpt lat="59.608815" lon="8.973529">
<ele>94.439</ele>
</trkpt>
<trkpt lat="59.608802" lon="8.973735">
<ele>93.382</ele>
</trkpt>
<trkpt lat="59.608797" lon="8.973859">
<ele>92.552</ele>
</trkpt>
<trkpt lat="59.608794" lon="8.974068">
<ele>92.661</ele>
</trkpt>
<trkpt lat="59.608795" lon="8.974297">
<ele>92.891</ele>
</trkpt>
<trkpt lat="59.6088" lon="8.97446">
<ele>92.8</ele>
</trkpt>
<trkpt lat="59.608806" lon="8.974623">
<ele>92.476</ele>
</trkpt>
<trkpt lat="59.608819" lon="8.97488">
<ele>91.349</ele>
</trkpt>
<trkpt lat="59.608825" lon="8.974965">
<ele>90.777</ele>
</trkpt>
<trkpt lat="59.608839" lon="8.975132">
<ele>90.349</ele>
</trkpt>
<trkpt lat="59.608865" lon="8.975389">
<ele>89.811</ele>
</trkpt>
<trkpt lat="59.608875" lon="8.975472">
<ele>89.534</ele>
</trkpt>
<trkpt lat="59.608906" lon="8.975703">
<ele>89.475</ele>
</trkpt>
<trkpt lat="59.608936" lon="8.975901">
<ele>89.75</ele>
</trkpt>
<trkpt lat="59.60896" lon="8.976049">
<ele>89.794</ele>
</trkpt>
<trkpt lat="59.608987" lon="8.976196">
<ele>89.726</ele>
</trkpt>
<trkpt lat="59.609" lon="8.976265">
<ele>89.708</ele>
</trkpt>
<trkpt lat="59.609044" lon="8.976475">
<ele>89.614</ele>
</trkpt>
<trkpt lat="59.609078" lon="8.976628">
<ele>89.508</ele>
</trkpt>
<trkpt lat="59.609135" lon="8.976864">
<ele>89.418</ele>
</trkpt>
<trkpt lat="59.609175" lon="8.97702">
<ele>89.538</ele>
</trkpt>
<trkpt lat="59.609229" lon="8.977222">
<ele>89.754</ele>
</trkpt>
<trkpt lat="59.609287" lon="8.977432">
<ele>89.934</ele>
</trkpt>
<trkpt lat="59.60935" lon="8.977662">
<ele>90.348</ele>
</trkpt>
<trkpt lat="59.609413" lon="8.97789">
<ele>90.411</ele>
</trkpt>
<trkpt lat="59.609433" lon="8.977965">
<ele>90.447</ele>
</trkpt>
<trkpt lat="59.609495" lon="8.978188">
<ele>90.914</ele>
</trkpt>
<trkpt lat="59.609557" lon="8.978412">
<ele>90.704</ele>
</trkpt>
<trkpt lat="59.60962" lon="8.97864">
<ele>89.662</ele>
</trkpt>
<trkpt lat="59.60968" lon="8.978857">
<ele>88.729</ele>
</trkpt>
<trkpt lat="59.609739" lon="8.979073">
<ele>87.24</ele>
</trkpt>
<trkpt lat="59.609798" lon="8.979288">
<ele>86.646</ele>
</trkpt>
<trkpt lat="59.609858" lon="8.97951">
<ele>86.067</ele>
</trkpt>
<trkpt lat="59.609921" lon="8.979747">
<ele>84.77</ele>
</trkpt>
<trkpt lat="59.609979" lon="8.979964">
<ele>84.258</ele>
</trkpt>
<trkpt lat="59.610033" lon="8.980172">
<ele>83.644</ele>
</trkpt>
<trkpt lat="59.610051" lon="8.980241">
<ele>83.449</ele>
</trkpt>
<trkpt lat="59.610106" lon="8.980472">
<ele>83.021</ele>
</trkpt>
<trkpt lat="59.610143" lon="8.980625">
<ele>82.797</ele>
</trkpt>
<trkpt lat="59.610176" lon="8.980774">
<ele>82.907</ele>
</trkpt>
<trkpt lat="59.610222" lon="8.981">
<ele>82.925</ele>
</trkpt>
<trkpt lat="59.61025" lon="8.981157">
<ele>83.212</ele>
</trkpt>
<trkpt lat="59.610276" lon="8.981314">
<ele>84.241</ele>
</trkpt>
<trkpt lat="59.6103" lon="8.981482">
<ele>85.499</ele>
</trkpt>
<trkpt lat="59.610321" lon="8.981651">
<ele>86.75</ele>
</trkpt>
<trkpt lat="59.610346" lon="8.981887">
<ele>87.867</ele>
</trkpt>
<trkpt lat="59.610368" lon="8.982121">
<ele>89.427</ele>
</trkpt>
<trkpt lat="59.610389" lon="8.982352">
<ele>90.077</ele>
</trkpt>
<trkpt lat="59.610396" lon="8.982426">
<ele>90.017</ele>
</trkpt>
<trkpt lat="59.610415" lon="8.98265">
<ele>89.827</ele>
</trkpt>
<trkpt lat="59.610437" lon="8.982891">
<ele>89.268</ele>
</trkpt>
<trkpt lat="59.610459" lon="8.983127">
<ele>88.308</ele>
</trkpt>
<trkpt lat="59.610465" lon="8.983198">
<ele>87.914</ele>
</trkpt>
<trkpt lat="59.61049" lon="8.983429">
<ele>87.285</ele>
</trkpt>
<trkpt lat="59.610499" lon="8.983507">
<ele>87.49</ele>
</trkpt>
<trkpt lat="59.610509" lon="8.983595">
<ele>87.728</ele>
</trkpt>
<trkpt lat="59.610531" lon="8.983769">
<ele>88.109</ele>
</trkpt>
<trkpt lat="59.610561" lon="8.984">
<ele>88.224</ele>
</trkpt>
<trkpt lat="59.610586" lon="8.984174">
<ele>88.064</ele>
</trkpt>
<trkpt lat="59.610598" lon="8.98426">
<ele>88.245</ele>
</trkpt>
<trkpt lat="59.610633" lon="8.984492">
<ele>88.678</ele>
</trkpt>
<trkpt lat="59.610655" lon="8.984637">
<ele>89.251</ele>
</trkpt>
<trkpt lat="59.610688" lon="8.984859">
<ele>90.232</ele>
</trkpt>
<trkpt lat="59.6107" lon="8.984933">
<ele>90.556</ele>
</trkpt>
<trkpt lat="59.61073" lon="8.98514">
<ele>90.596</ele>
</trkpt>
<trkpt lat="59.610764" lon="8.985374">
<ele>90.178</ele>
</trkpt>
<trkpt lat="59.610776" lon="8.985456">
<ele>90.044</ele>
</trkpt>
<trkpt lat="59.610803" lon="8.985664">
<ele>88.877</ele>
</trkpt>
<trkpt lat="59.610834" lon="8.985929">
<ele>86.63</ele>
</trkpt>
<trkpt lat="59.610853" lon="8.986159">
<ele>85.292</ele>
</trkpt>
<trkpt lat="59.610866" lon="8.986361">
<ele>84.824</ele>
</trkpt>
<trkpt lat="59.610877" lon="8.986655">
<ele>83.47</ele>
</trkpt>
<trkpt lat="59.610882" lon="8.986879">
<ele>83.248</ele>
</trkpt>
<trkpt lat="59.610884" lon="8.986958">
<ele>83.145</ele>
</trkpt>
<trkpt lat="59.61089" lon="8.987211">
<ele>82.392</ele>
</trkpt>
<trkpt lat="59.610893" lon="8.987384">
<ele>82.282</ele>
</trkpt>
<trkpt lat="59.610896" lon="8.987625">
<ele>82.195</ele>
</trkpt>
<trkpt lat="59.610897" lon="8.987832">
<ele>82.016</ele>
</trkpt>
<trkpt lat="59.610897" lon="8.988061">
<ele>81.38</ele>
</trkpt>
<trkpt lat="59.610897" lon="8.988317">
<ele>80.67</ele>
</trkpt>
<trkpt lat="59.610896" lon="8.988478">
<ele>80.764</ele>
</trkpt>
<trkpt lat="59.610892" lon="8.988777">
<ele>81.07</ele>
</trkpt>
<trkpt lat="59.610888" lon="8.988984">
<ele>81.213</ele>
</trkpt>
<trkpt lat="59.610881" lon="8.989192">
<ele>81.405</ele>
</trkpt>
<trkpt lat="59.610876" lon="8.989344">
<ele>82.024</ele>
</trkpt>
<trkpt lat="59.610872" lon="8.989427">
<ele>82.38</ele>
</trkpt>
<trkpt lat="59.610869" lon="8.989489">
<ele>82.486</ele>
</trkpt>
<trkpt lat="59.610858" lon="8.989687">
<ele>82.645</ele>
</trkpt>
<trkpt lat="59.610847" lon="8.989865">
<ele>82.778</ele>
</trkpt>
<trkpt lat="59.610841" lon="8.989954">
<ele>82.867</ele>
</trkpt>
<trkpt lat="59.610826" lon="8.99019">
<ele>81.808</ele>
</trkpt>
<trkpt lat="59.610811" lon="8.990423">
<ele>80.517</ele>
</trkpt>
<trkpt lat="59.610802" lon="8.990613">
<ele>79.353</ele>
</trkpt>
<trkpt lat="59.610798" lon="8.990709">
<ele>78.715</ele>
</trkpt>
<trkpt lat="59.610795" lon="8.990757">
<ele>78.416</ele>
</trkpt>
<trkpt lat="59.610791" lon="8.990917">
<ele>77.22</ele>
</trkpt>
<trkpt lat="59.610789" lon="8.99106">
<ele>76.065</ele>
</trkpt>
<trkpt lat="59.610791" lon="8.991201">
<ele>75.237</ele>
</trkpt>
<trkpt lat="59.610793" lon="8.991296">
<ele>74.819</ele>
</trkpt>
<trkpt lat="59.610794" lon="8.991339">
<ele>74.63</ele>
</trkpt>
<trkpt lat="59.6108" lon="8.991468">
<ele>74.041</ele>
</trkpt>
<trkpt lat="59.610817" lon="8.991752">
<ele>73.118</ele>
</trkpt>
<trkpt lat="59.610831" lon="8.991928">
<ele>73.017</ele>
</trkpt>
<trkpt lat="59.610849" lon="8.992134">
<ele>72.148</ele>
</trkpt>
<trkpt lat="59.610879" lon="8.992447">
<ele>71.507</ele>
</trkpt>
<trkpt lat="59.610899" lon="8.99266">
<ele>71.155</ele>
</trkpt>
<trkpt lat="59.610921" lon="8.992911">
<ele>70.738</ele>
</trkpt>
<trkpt lat="59.610939" lon="8.993115">
<ele>70.264</ele>
</trkpt>
<trkpt lat="59.61095" lon="8.99325">
<ele>69.62</ele>
</trkpt>
<trkpt lat="59.610964" lon="8.993454">
<ele>68.914</ele>
</trkpt>
<trkpt lat="59.610982" lon="8.993701">
<ele>68.151</ele>
</trkpt>
<trkpt lat="59.610993" lon="8.99387">
<ele>67.59</ele>
</trkpt>
<trkpt lat="59.611008" lon="8.994105">
<ele>66.16</ele>
</trkpt>
<trkpt lat="59.61102" lon="8.994306">
<ele>64.974</ele>
</trkpt>
<trkpt lat="59.611035" lon="8.99458">
<ele>63.341</ele>
</trkpt>
<trkpt lat="59.611046" lon="8.99477">
<ele>62.084</ele>
</trkpt>
<trkpt lat="59.611049" lon="8.994835">
<ele>61.544</ele>
</trkpt>
<trkpt lat="59.611058" lon="8.994997">
<ele>60.215</ele>
</trkpt>
<trkpt lat="59.611113" lon="8.996029">
<ele>60.738</ele>
</trkpt>
<trkpt lat="59.611123" lon="8.996242">
<ele>61.685</ele>
</trkpt>
<trkpt lat="59.611128" lon="8.996387">
<ele>62.297</ele>
</trkpt>
<trkpt lat="59.611143" lon="8.996719">
<ele>64.626</ele>
</trkpt>
<trkpt lat="59.61113" lon="8.996918">
<ele>65.115</ele>
</trkpt>
<trkpt lat="59.61113" lon="8.997447">
<ele>67.136</ele>
</trkpt>
<trkpt lat="59.611138" lon="8.997724">
<ele>67.194</ele>
</trkpt>
<trkpt lat="59.611153" lon="8.998094">
<ele>66.314</ele>
</trkpt>
<trkpt lat="59.611165" lon="8.998577">
<ele>66.459</ele>
</trkpt>
<trkpt lat="59.611164" lon="8.998883">
<ele>67.736</ele>
</trkpt>
<trkpt lat="59.611152" lon="8.999204">
<ele>69.005</ele>
</trkpt>
<trkpt lat="59.611127" lon="8.999624">
<ele>70.286</ele>
</trkpt>
<trkpt lat="59.611095" lon="9.000056">
<ele>70.884</ele>
</trkpt>
<trkpt lat="59.611002" lon="9.001236">
<ele>69.822</ele>
</trkpt>
<trkpt lat="59.610992" lon="9.001555">
<ele>69.372</ele>
</trkpt>
<trkpt lat="59.610985" lon="9.001657">
<ele>69.111</ele>
</trkpt>
<trkpt lat="59.610964" lon="9.001944">
<ele>68.941</ele>
</trkpt>
<trkpt lat="59.610952" lon="9.0022">
<ele>69.381</ele>
</trkpt>
<trkpt lat="59.610946" lon="9.002373">
<ele>69.406</ele>
</trkpt>
<trkpt lat="59.610941" lon="9.002558">
<ele>69.596</ele>
</trkpt>
<trkpt lat="59.610941" lon="9.00276">
<ele>70.324</ele>
</trkpt>
<trkpt lat="59.61094" lon="9.003089">
<ele>71.579</ele>
</trkpt>
<trkpt lat="59.610945" lon="9.00333">
<ele>72.981</ele>
</trkpt>
<trkpt lat="59.610955" lon="9.003583">
<ele>73.0</ele>
</trkpt>
<trkpt lat="59.610964" lon="9.003764">
<ele>73.55</ele>
</trkpt>
<trkpt lat="59.61098" lon="9.004029">
<ele>73.496</ele>
</trkpt>
<trkpt lat="59.610989" lon="9.004158">
<ele>73.031</ele>
</trkpt>
<trkpt lat="59.611" lon="9.004286">
<ele>72.313</ele>
</trkpt>
<trkpt lat="59.611036" lon="9.00463">
<ele>70.783</ele>
</trkpt>
<trkpt lat="59.611076" lon="9.00497">
<ele>69.361</ele>
</trkpt>
<trkpt lat="59.611092" lon="9.005091">
<ele>69.488</ele>
</trkpt>
<trkpt lat="59.61112" lon="9.005275">
<ele>69.958</ele>
</trkpt>
<trkpt lat="59.611146" lon="9.005444">
<ele>70.996</ele>
</trkpt>
<trkpt lat="59.611173" lon="9.005598">
<ele>71.826</ele>
</trkpt>
<trkpt lat="59.611209" lon="9.005796">
<ele>72.721</ele>
</trkpt>
<trkpt lat="59.611239" lon="9.005948">
<ele>73.254</ele>
</trkpt>
<trkpt lat="59.611274" lon="9.006114">
<ele>73.654</ele>
</trkpt>
<trkpt lat="59.611323" lon="9.006337">
<ele>72.949</ele>
</trkpt>
<trkpt lat="59.611364" lon="9.006519">
<ele>72.827</ele>
</trkpt>
<trkpt lat="59.611381" lon="9.006595">
<ele>72.856</ele>
</trkpt>
<trkpt lat="59.611433" lon="9.006803">
<ele>73.095</ele>
</trkpt>
<trkpt lat="59.611489" lon="9.007026">
<ele>73.212</ele>
</trkpt>
<trkpt lat="59.611539" lon="9.007229">
<ele>73.392</ele>
</trkpt>
<trkpt lat="59.611611" lon="9.007515">
<ele>73.455</ele>
</trkpt>
<trkpt lat="59.611679" lon="9.00778">
<ele>73.919</ele>
</trkpt>
<trkpt lat="59.611732" lon="9.007985">
<ele>74.1</ele>
</trkpt>
<trkpt lat="59.611787" lon="9.008202">
<ele>74.228</ele>
</trkpt>
<trkpt lat="59.611861" lon="9.008492">
<ele>74.472</ele>
</trkpt>
<trkpt lat="59.611914" lon="9.008702">
<ele>74.656</ele>
</trkpt>
<trkpt lat="59.611932" lon="9.008775">
<ele>74.724</ele>
</trkpt>
<trkpt lat="59.611966" lon="9.008912">
<ele>74.928</ele>
</trkpt>
<trkpt lat="59.612036" lon="9.00921">
<ele>75.653</ele>
</trkpt>
<trkpt lat="59.612067" lon="9.009351">
<ele>76.445</ele>
</trkpt>
<trkpt lat="59.612107" lon="9.009555">
<ele>77.228</ele>
</trkpt>
<trkpt lat="59.612118" lon="9.009618">
<ele>77.375</ele>
</trkpt>
<trkpt lat="59.612149" lon="9.009811">
<ele>78.166</ele>
</trkpt>
<trkpt lat="59.612179" lon="9.010034">
<ele>79.311</ele>
</trkpt>
<trkpt lat="59.612195" lon="9.010176">
<ele>79.196</ele>
</trkpt>
<trkpt lat="59.612202" lon="9.010246">
<ele>79.146</ele>
</trkpt>
<trkpt lat="59.612207" lon="9.010313">
<ele>79.11</ele>
</trkpt>
<trkpt lat="59.612222" lon="9.010516">
<ele>79.002</ele>
</trkpt>
<trkpt lat="59.612234" lon="9.010759">
<ele>78.256</ele>
</trkpt>
<trkpt lat="59.612235" lon="9.010803">
<ele>78.104</ele>
</trkpt>
<trkpt lat="59.612238" lon="9.010981">
<ele>77.468</ele>
</trkpt>
<trkpt lat="59.612238" lon="9.01103">
<ele>77.292</ele>
</trkpt>
<trkpt lat="59.612237" lon="9.011213">
<ele>76.653</ele>
</trkpt>
<trkpt lat="59.612236" lon="9.011279">
<ele>76.426</ele>
</trkpt>
<trkpt lat="59.612232" lon="9.011404">
<ele>75.981</ele>
</trkpt>
<trkpt lat="59.612222" lon="9.011607">
<ele>75.215</ele>
</trkpt>
<trkpt lat="59.612209" lon="9.011772">
<ele>75.0</ele>
</trkpt>
<trkpt lat="59.612191" lon="9.011965">
<ele>75.0</ele>
</trkpt>
<trkpt lat="59.612187" lon="9.012009">
<ele>75.0</ele>
</trkpt>
<trkpt lat="59.612177" lon="9.012102">
<ele>75.0</ele>
</trkpt>
<trkpt lat="59.612146" lon="9.012323">
<ele>75.0</ele>
</trkpt>
<trkpt lat="59.612111" lon="9.01254">
<ele>75.0</ele>
</trkpt>
<trkpt lat="59.612088" lon="9.012664">
<ele>75.0</ele>
</trkpt>
<trkpt lat="59.612064" lon="9.012789">
<ele>75.0</ele>
</trkpt>
<trkpt lat="59.612025" lon="9.012985">
<ele>75.0</ele>
</trkpt>
<trkpt lat="59.612018" lon="9.01302">
<ele>75.0</ele>
</trkpt>
<trkpt lat="59.611844" lon="9.013855">
<ele>76.715</ele>
</trkpt>
<trkpt lat="59.611774" lon="9.014195">
<ele>77.363</ele>
</trkpt>
<trkpt lat="59.611746" lon="9.014328">
<ele>78.018</ele>
</trkpt>
<trkpt lat="59.611722" lon="9.014442">
<ele>78.58</ele>
</trkpt>
<trkpt lat="59.611682" lon="9.014638">
<ele>78.862</ele>
</trkpt>
<trkpt lat="59.611625" lon="9.014908">
<ele>79.469</ele>
</trkpt>
<trkpt lat="59.611582" lon="9.015116">
<ele>80.113</ele>
</trkpt>
<trkpt lat="59.611567" lon="9.01519">
<ele>80.325</ele>
</trkpt>
<trkpt lat="59.611528" lon="9.015377">
<ele>81.036</ele>
</trkpt>
<trkpt lat="59.611476" lon="9.015625">
<ele>82.078</ele>
</trkpt>
<trkpt lat="59.611425" lon="9.015871">
<ele>82.266</ele>
</trkpt>
<trkpt lat="59.611381" lon="9.01608">
<ele>82.863</ele>
</trkpt>
<trkpt lat="59.611345" lon="9.01625">
<ele>82.842</ele>
</trkpt>
<trkpt lat="59.611298" lon="9.016473">
<ele>82.877</ele>
</trkpt>
<trkpt lat="59.611262" lon="9.016653">
<ele>83.06</ele>
</trkpt>
<trkpt lat="59.611022" lon="9.017787">
<ele>83.679</ele>
</trkpt>
<trkpt lat="59.610939" lon="9.018127">
<ele>83.478</ele>
</trkpt>
<trkpt lat="59.610865" lon="9.018361">
<ele>83.316</ele>
</trkpt>
<trkpt lat="59.610827" lon="9.018478">
<ele>83.486</ele>
</trkpt>
<trkpt lat="59.610792" lon="9.018574">
<ele>83.589</ele>
</trkpt>
<trkpt lat="59.610714" lon="9.018774">
<ele>83.727</ele>
</trkpt>
<trkpt lat="59.610618" lon="9.018959">
<ele>83.702</ele>
</trkpt>
<trkpt lat="59.610546" lon="9.019112">
<ele>83.838</ele>
</trkpt>
<trkpt lat="59.610516" lon="9.019165">
<ele>84.136</ele>
</trkpt>
<trkpt lat="59.610484" lon="9.019221">
<ele>84.649</ele>
</trkpt>
<trkpt lat="59.610382" lon="9.019375">
<ele>86.125</ele>
</trkpt>
<trkpt lat="59.61027" lon="9.019541">
<ele>87.348</ele>
</trkpt>
<trkpt lat="59.610089" lon="9.019756">
<ele>88.161</ele>
</trkpt>
<trkpt lat="59.609737" lon="9.020062">
<ele>85.436</ele>
</trkpt>
<trkpt lat="59.609454" lon="9.020298">
<ele>84.214</ele>
</trkpt>
<trkpt lat="59.609243" lon="9.020474">
<ele>83.749</ele>
</trkpt>
<trkpt lat="59.608924" lon="9.020738">
<ele>82.693</ele>
</trkpt>
<trkpt lat="59.608686" lon="9.020919">
<ele>80.695</ele>
</trkpt>
<trkpt lat="59.608473" lon="9.021062">
<ele>80.061</ele>
</trkpt>
<trkpt lat="59.608362" lon="9.02113">
<ele>80.436</ele>
</trkpt>
<trkpt lat="59.608235" lon="9.021193">
<ele>81.37</ele>
</trkpt>
<trkpt lat="59.608055" lon="9.021253">
<ele>82.042</ele>
</trkpt>
<trkpt lat="59.607094" lon="9.021383">
<ele>79.927</ele>
</trkpt>
<trkpt lat="59.606926" lon="9.021414">
<ele>80.386</ele>
</trkpt>
<trkpt lat="59.606802" lon="9.021464">
<ele>80.839</ele>
</trkpt>
<trkpt lat="59.606717" lon="9.021512">
<ele>81.397</ele>
</trkpt>
<trkpt lat="59.606644" lon="9.021575">
<ele>82.105</ele>
</trkpt>
<trkpt lat="59.6065" lon="9.021733">
<ele>83.155</ele>
</trkpt>
<trkpt lat="59.606278" lon="9.021988">
<ele>84.923</ele>
</trkpt>
<trkpt lat="59.605435" lon="9.023112">
<ele>86.131</ele>
</trkpt>
<trkpt lat="59.605305" lon="9.0233">
<ele>85.346</ele>
</trkpt>
<trkpt lat="59.605184" lon="9.023492">
<ele>85.508</ele>
</trkpt>
<trkpt lat="59.605048" lon="9.023744">
<ele>85.813</ele>
</trkpt>
<trkpt lat="59.604937" lon="9.023991">
<ele>85.971</ele>
</trkpt>
<trkpt lat="59.604855" lon="9.02418">
<ele>86.031</ele>
</trkpt>
<trkpt lat="59.60477" lon="9.024412">
<ele>86.606</ele>
</trkpt>
<trkpt lat="59.604686" lon="9.024665">
<ele>86.012</ele>
</trkpt>
<trkpt lat="59.604611" lon="9.024937">
<ele>85.371</ele>
</trkpt>
<trkpt lat="59.604475" lon="9.025486">
<ele>84.802</ele>
</trkpt>
<trkpt lat="59.6044" lon="9.025863">
<ele>84.983</ele>
</trkpt>
<trkpt lat="59.604334" lon="9.026239">
<ele>84.236</ele>
</trkpt>
<trkpt lat="59.604231" lon="9.026913">
<ele>80.926</ele>
</trkpt>
<trkpt lat="59.604181" lon="9.027395">
<ele>79.206</ele>
</trkpt>
<trkpt lat="59.604147" lon="9.027914">
<ele>77.297</ele>
</trkpt>
<trkpt lat="59.604132" lon="9.028302">
<ele>75.738</ele>
</trkpt>
<trkpt lat="59.604131" lon="9.028637">
<ele>75.393</ele>
</trkpt>
<trkpt lat="59.604138" lon="9.02899">
<ele>74.587</ele>
</trkpt>
<trkpt lat="59.604146" lon="9.029212">
<ele>74.69</ele>
</trkpt>
<trkpt lat="59.604171" lon="9.029529">
<ele>75.094</ele>
</trkpt>
<trkpt lat="59.604202" lon="9.02984">
<ele>75.339</ele>
</trkpt>
<trkpt lat="59.604286" lon="9.030387">
<ele>74.96</ele>
</trkpt>
<trkpt lat="59.604448" lon="9.031113">
<ele>73.089</ele>
</trkpt>
<trkpt lat="59.604537" lon="9.03153">
<ele>72.983</ele>
</trkpt>
<trkpt lat="59.604577" lon="9.031759">
<ele>73.136</ele>
</trkpt>
<trkpt lat="59.604607" lon="9.031959">
<ele>73.629</ele>
</trkpt>
<trkpt lat="59.604626" lon="9.032147">
<ele>73.5</ele>
</trkpt>
<trkpt lat="59.604637" lon="9.032382">
<ele>73.546</ele>
</trkpt>
<trkpt lat="59.604637" lon="9.032696">
<ele>73.546</ele>
</trkpt>
<trkpt lat="59.604621" lon="9.03294">
<ele>73.085</ele>
</trkpt>
<trkpt lat="59.604592" lon="9.033375">
<ele>72.25</ele>
</trkpt>
<trkpt lat="59.604566" lon="9.033729">
<ele>71.315</ele>
</trkpt>
<trkpt lat="59.604511" lon="9.034363">
<ele>69.847</ele>
</trkpt>
<trkpt lat="59.60448" lon="9.034807">
<ele>70.496</ele>
</trkpt>
<trkpt lat="59.604432" lon="9.035462">
<ele>70.26</ele>
</trkpt>
<trkpt lat="59.604389" lon="9.036017">
<ele>69.204</ele>
</trkpt>
<trkpt lat="59.604351" lon="9.036616">
<ele>65.949</ele>
</trkpt>
<trkpt lat="59.604332" lon="9.036812">
<ele>64.643</ele>
</trkpt>
<trkpt lat="59.604308" lon="9.037033">
<ele>63.081</ele>
</trkpt>
<trkpt lat="59.604245" lon="9.037391">
<ele>60.256</ele>
</trkpt>
<trkpt lat="59.604113" lon="9.038154">
<ele>56.545</ele>
</trkpt>
<trkpt lat="59.603924" lon="9.03896">
<ele>55.888</ele>
</trkpt>
<trkpt lat="59.603445" lon="9.040847">
<ele>52.451</ele>
</trkpt>
<trkpt lat="59.60329" lon="9.041588">
<ele>55.166</ele>
</trkpt>
<trkpt lat="59.603219" lon="9.042107">
<ele>57.106</ele>
</trkpt>
<trkpt lat="59.603147" lon="9.042873">
<ele>59.33</ele>
</trkpt>
<trkpt lat="59.603023" lon="9.043973">
<ele>60.834</ele>
</trkpt>
<trkpt lat="59.60295" lon="9.044496">
<ele>61.736</ele>
</trkpt>
<trkpt lat="59.602824" lon="9.045197">
<ele>64.918</ele>
</trkpt>
<trkpt lat="59.602803" lon="9.045282">
<ele>65.303</ele>
</trkpt>
<trkpt lat="59.602077" lon="9.047937">
<ele>54.432</ele>
</trkpt>
<trkpt lat="59.60203" lon="9.048112">
<ele>53.861</ele>
</trkpt>
<trkpt lat="59.601549" lon="9.049848">
<ele>49.576</ele>
</trkpt>
<trkpt lat="59.600972" lon="9.051973">
<ele>49.051</ele>
</trkpt>
<trkpt lat="59.600248" lon="9.054597">
<ele>47.107</ele>
</trkpt>
<trkpt lat="59.599776" lon="9.056335">
<ele>46.806</ele>
</trkpt>
<trkpt lat="59.59938" lon="9.057767">
<ele>47.783</ele>
</trkpt>
<trkpt lat="59.599208" lon="9.058395">
<ele>46.662</ele>
</trkpt>
<trkpt lat="59.598599" lon="9.060611">
<ele>42.0</ele>
</trkpt>
<trkpt lat="59.598457" lon="9.061141">
<ele>43.06</ele>
</trkpt>
<trkpt lat="59.598148" lon="9.062261">
<ele>47.9</ele>
</trkpt>
<trkpt lat="59.597822" lon="9.063463">
<ele>50.711</ele>
</trkpt>
<trkpt lat="59.597263" lon="9.065516">
<ele>43.738</ele>
</trkpt>
<trkpt lat="59.596736" lon="9.067424">
<ele>46.725</ele>
</trkpt>
<trkpt lat="59.59658" lon="9.068103">
<ele>46.805</ele>
</trkpt>
<trkpt lat="59.596536" lon="9.068384">
<ele>46.589</ele>
</trkpt>
<trkpt lat="59.596499" lon="9.068682">
<ele>46.242</ele>
</trkpt>
<trkpt lat="59.59648" lon="9.069067">
<ele>46.328</ele>
</trkpt>
<trkpt lat="59.596487" lon="9.069497">
<ele>45.933</ele>
</trkpt>
<trkpt lat="59.596508" lon="9.06986">
<ele>45.075</ele>
</trkpt>
<trkpt lat="59.596557" lon="9.070417">
<ele>42.894</ele>
</trkpt>
<trkpt lat="59.596631" lon="9.071404">
<ele>40.074</ele>
</trkpt>
<trkpt lat="59.596638" lon="9.071843">
<ele>39.038</ele>
</trkpt>
<trkpt lat="59.596624" lon="9.072314">
<ele>38.28</ele>
</trkpt>
<trkpt lat="59.596592" lon="9.072937">
<ele>39.613</ele>
</trkpt>
<trkpt lat="59.596503" lon="9.074078">
<ele>42.324</ele>
</trkpt>
<trkpt lat="59.596473" lon="9.074398">
<ele>43.877</ele>
</trkpt>
<trkpt lat="59.596433" lon="9.074714">
<ele>44.606</ele>
</trkpt>
<trkpt lat="59.596373" lon="9.075109">
<ele>46.164</ele>
</trkpt>
<trkpt lat="59.596304" lon="9.075418">
<ele>46.437</ele>
</trkpt>
<trkpt lat="59.596227" lon="9.075718">
<ele>46.496</ele>
</trkpt>
<trkpt lat="59.596162" lon="9.07591">
<ele>46.059</ele>
</trkpt>
<trkpt lat="59.596086" lon="9.076089">
<ele>45.559</ele>
</trkpt>
<trkpt lat="59.596024" lon="9.076223">
<ele>45.148</ele>
</trkpt>
<trkpt lat="59.595929" lon="9.076396">
<ele>44.412</ele>
</trkpt>
<trkpt lat="59.595739" lon="9.076745">
<ele>43.167</ele>
</trkpt>
<trkpt lat="59.595628" lon="9.076951">
<ele>42.073</ele>
</trkpt>
<trkpt lat="59.595493" lon="9.077274">
<ele>42.186</ele>
</trkpt>
<trkpt lat="59.595433" lon="9.077534">
<ele>43.191</ele>
</trkpt>
<trkpt lat="59.595373" lon="9.077795">
<ele>44.426</ele>
</trkpt>
<trkpt lat="59.595322" lon="9.078222">
<ele>46.517</ele>
</trkpt>
<trkpt lat="59.595212" lon="9.079275">
<ele>48.197</ele>
</trkpt>
<trkpt lat="59.595168" lon="9.079974">
<ele>46.871</ele>
</trkpt>
<trkpt lat="59.595139" lon="9.080511">
<ele>46.921</ele>
</trkpt>
<trkpt lat="59.595112" lon="9.08156">
<ele>48.632</ele>
</trkpt>
<trkpt lat="59.595057" lon="9.084022">
<ele>50.231</ele>
</trkpt>
<trkpt lat="59.595067" lon="9.084432">
<ele>50.942</ele>
</trkpt>
<trkpt lat="59.595092" lon="9.084769">
<ele>50.825</ele>
</trkpt>
<trkpt lat="59.595127" lon="9.085031">
<ele>50.311</ele>
</trkpt>
<trkpt lat="59.595177" lon="9.085308">
<ele>50.44</ele>
</trkpt>
<trkpt lat="59.595233" lon="9.085535">
<ele>50.429</ele>
</trkpt>
<trkpt lat="59.59531" lon="9.085783">
<ele>50.392</ele>
</trkpt>
<trkpt lat="59.59537" lon="9.085935">
<ele>50.298</ele>
</trkpt>
<trkpt lat="59.595422" lon="9.086058">
<ele>50.23</ele>
</trkpt>
<trkpt lat="59.595487" lon="9.086192">
<ele>50.215</ele>
</trkpt>
<trkpt lat="59.595568" lon="9.086334">
<ele>50.368</ele>
</trkpt>
<trkpt lat="59.595693" lon="9.08651">
<ele>51.543</ele>
</trkpt>
<trkpt lat="59.595865" lon="9.086691">
<ele>53.368</ele>
</trkpt>
<trkpt lat="59.596419" lon="9.087195">
<ele>55.294</ele>
</trkpt>
<trkpt lat="59.596523" lon="9.087321">
<ele>53.749</ele>
</trkpt>
<trkpt lat="59.596643" lon="9.087518">
<ele>51.715</ele>
</trkpt>
<trkpt lat="59.596729" lon="9.087713">
<ele>50.32</ele>
</trkpt>
<trkpt lat="59.596799" lon="9.087928">
<ele>49.064</ele>
</trkpt>
<trkpt lat="59.596864" lon="9.088169">
<ele>47.616</ele>
</trkpt>
<trkpt lat="59.596944" lon="9.088545">
<ele>44.709</ele>
</trkpt>
<trkpt lat="59.597019" lon="9.088947">
<ele>42.457</ele>
</trkpt>
<trkpt lat="59.59714" lon="9.089623">
<ele>43.928</ele>
</trkpt>
<trkpt lat="59.597202" lon="9.089863">
<ele>44.984</ele>
</trkpt>
<trkpt lat="59.597265" lon="9.0901">
<ele>45.971</ele>
</trkpt>
<trkpt lat="59.597355" lon="9.090358">
<ele>47.397</ele>
</trkpt>
<trkpt lat="59.597455" lon="9.090598">
<ele>48.457</ele>
</trkpt>
<trkpt lat="59.597623" lon="9.090915">
<ele>47.316</ele>
</trkpt>
<trkpt lat="59.598052" lon="9.091585">
<ele>40.873</ele>
</trkpt>
<trkpt lat="59.598193" lon="9.091862">
<ele>39.436</ele>
</trkpt>
<trkpt lat="59.598276" lon="9.092069">
<ele>39.046</ele>
</trkpt>
<trkpt lat="59.598352" lon="9.092307">
<ele>39.202</ele>
</trkpt>
<trkpt lat="59.598408" lon="9.092528">
<ele>39.706</ele>
</trkpt>
<trkpt lat="59.598437" lon="9.09268">
<ele>39.472</ele>
</trkpt>
<trkpt lat="59.59846" lon="9.092829">
<ele>39.368</ele>
</trkpt>
<trkpt lat="59.598489" lon="9.093166">
<ele>39.284</ele>
</trkpt>
<trkpt lat="59.5985" lon="9.093551">
<ele>38.33</ele>
</trkpt>
<trkpt lat="59.598481" lon="9.094688">
<ele>36.0</ele>
</trkpt>
<trkpt lat="59.598475" lon="9.095013">
<ele>36.537</ele>
</trkpt>
<trkpt lat="59.598471" lon="9.095274">
<ele>37.491</ele>
</trkpt>
<trkpt lat="59.598458" lon="9.096012">
<ele>38.551</ele>
</trkpt>
<trkpt lat="59.598457" lon="9.096711">
<ele>36.911</ele>
</trkpt>
<trkpt lat="59.598462" lon="9.097242">
<ele>35.463</ele>
</trkpt>
<trkpt lat="59.598484" lon="9.098052">
<ele>34.542</ele>
</trkpt>
<trkpt lat="59.598527" lon="9.098819">
<ele>33.252</ele>
</trkpt>
<trkpt lat="59.598567" lon="9.09937">
<ele>33.0</ele>
</trkpt>
<trkpt lat="59.598617" lon="9.099867">
<ele>33.52</ele>
</trkpt>
<trkpt lat="59.598655" lon="9.100253">
<ele>33.842</ele>
</trkpt>
<trkpt lat="59.598726" lon="9.100714">
<ele>33.586</ele>
</trkpt>
<trkpt lat="59.598929" lon="9.101821">
<ele>32.866</ele>
</trkpt>
<trkpt lat="59.599291" lon="9.103579">
<ele>39.301</ele>
</trkpt>
<trkpt lat="59.599732" lon="9.105613">
<ele>33.962</ele>
</trkpt>
<trkpt lat="59.599751" lon="9.105701">
<ele>33.94</ele>
</trkpt>
<trkpt lat="59.599881" lon="9.106297">
<ele>32.663</ele>
</trkpt>
<trkpt lat="59.599931" lon="9.106527">
<ele>31.632</ele>
</trkpt>
<trkpt lat="59.60007" lon="9.10718">
<ele>31.504</ele>
</trkpt>
<trkpt lat="59.600217" lon="9.107872">
<ele>32.297</ele>
</trkpt>
<trkpt lat="59.60029" lon="9.108212">
<ele>31.544</ele>
</trkpt>
<trkpt lat="59.600553" lon="9.109431">
<ele>32.933</ele>
</trkpt>
<trkpt lat="59.600712" lon="9.110166">
<ele>34.0</ele>
</trkpt>
<trkpt lat="59.600832" lon="9.110761">
<ele>32.264</ele>
</trkpt>
<trkpt lat="59.600905" lon="9.111216">
<ele>31.258</ele>
</trkpt>
<trkpt lat="59.600961" lon="9.111692">
<ele>31.0</ele>
</trkpt>
<trkpt lat="59.600998" lon="9.112137">
<ele>31.282</ele>
</trkpt>
<trkpt lat="59.601016" lon="9.112562">
<ele>31.489</ele>
</trkpt>
<trkpt lat="59.601015" lon="9.112685">
<ele>31.782</ele>
</trkpt>
<trkpt lat="59.601001" lon="9.116039">
<ele>32.157</ele>
</trkpt>
<trkpt lat="59.600979" lon="9.116805">
<ele>31.524</ele>
</trkpt>
<trkpt lat="59.600948" lon="9.117373">
<ele>31.826</ele>
</trkpt>
<trkpt lat="59.600906" lon="9.117845">
<ele>32.262</ele>
</trkpt>
<trkpt lat="59.600853" lon="9.118272">
<ele>32.016</ele>
</trkpt>
<trkpt lat="59.60076" lon="9.118821">
<ele>32.492</ele>
</trkpt>
<trkpt lat="59.600688" lon="9.119146">
<ele>32.477</ele>
</trkpt>
<trkpt lat="59.600586" lon="9.119576">
<ele>32.219</ele>
</trkpt>
<trkpt lat="59.600372" lon="9.120268">
<ele>31.339</ele>
</trkpt>
<trkpt lat="59.600094" lon="9.121148">
<ele>32.383</ele>
</trkpt>
<trkpt lat="59.599817" lon="9.122045">
<ele>32.465</ele>
</trkpt>
<trkpt lat="59.599512" lon="9.123002">
<ele>29.436</ele>
</trkpt>
<trkpt lat="59.59925" lon="9.123834">
<ele>28.321</ele>
</trkpt>
<trkpt lat="59.599091" lon="9.124342">
<ele>29.631</ele>
</trkpt>
<trkpt lat="59.598869" lon="9.125039">
<ele>30.072</ele>
</trkpt>
<trkpt lat="59.59878" lon="9.12532">
<ele>30.3</ele>
</trkpt>
<trkpt lat="59.598688" lon="9.125637">
<ele>30.446</ele>
</trkpt>
<trkpt lat="59.598605" lon="9.125945">
<ele>31.022</ele>
</trkpt>
<trkpt lat="59.598556" lon="9.126145">
<ele>31.198</ele>
</trkpt>
<trkpt lat="59.598512" lon="9.126344">
<ele>31.357</ele>
</trkpt>
<trkpt lat="59.598441" lon="9.126707">
<ele>31.0</ele>
</trkpt>
<trkpt lat="59.598331" lon="9.127338">
<ele>30.0</ele>
</trkpt>
<trkpt lat="59.598191" lon="9.128197">
<ele>31.0</ele>
</trkpt>
<trkpt lat="59.598166" lon="9.12836">
<ele>31.0</ele>
</trkpt>
<trkpt lat="59.597912" lon="9.129915">
<ele>32.996</ele>
</trkpt>
<trkpt lat="59.597828" lon="9.130411">
<ele>34.502</ele>
</trkpt>
<trkpt lat="59.597768" lon="9.13071">
<ele>34.965</ele>
</trkpt>
<trkpt lat="59.597705" lon="9.130964">
<ele>34.861</ele>
</trkpt>
<trkpt lat="59.597619" lon="9.131239">
<ele>35.0</ele>
</trkpt>
<trkpt lat="59.597496" lon="9.131623">
<ele>34.155</ele>
</trkpt>
<trkpt lat="59.5974" lon="9.13189">
<ele>34.0</ele>
</trkpt>
<trkpt lat="59.59724" lon="9.132401">
<ele>34.0</ele>
</trkpt>
<trkpt lat="59.596851" lon="9.133595">
<ele>36.0</ele>
</trkpt>
<trkpt lat="59.596738" lon="9.134022">
<ele>35.877</ele>
</trkpt>
<trkpt lat="59.596662" lon="9.134363">
<ele>35.276</ele>
</trkpt>
<trkpt lat="59.596551" lon="9.134927">
<ele>32.833</ele>
</trkpt>
<trkpt lat="59.596357" lon="9.13599">
<ele>33.0</ele>
</trkpt>
<trkpt lat="59.59628" lon="9.136483">
<ele>33.0</ele>
</trkpt>
<trkpt lat="59.596188" lon="9.13709">
<ele>33.0</ele>
</trkpt>
<trkpt lat="59.596145" lon="9.137472">
<ele>33.0</ele>
</trkpt>
<trkpt lat="59.596134" lon="9.137547">
<ele>32.845</ele>
</trkpt>
<trkpt lat="59.596073" lon="9.138106">
<ele>32.025</ele>
</trkpt>
<trkpt lat="59.596007" lon="9.138549">
<ele>32.375</ele>
</trkpt>
<trkpt lat="59.595947" lon="9.138837">
<ele>32.924</ele>
</trkpt>
<trkpt lat="59.595889" lon="9.13906">
<ele>33.0</ele>
</trkpt>
<trkpt lat="59.59575" lon="9.139431">
<ele>33.681</ele>
</trkpt>
<trkpt lat="59.595605" lon="9.139786">
<ele>33.137</ele>
</trkpt>
<trkpt lat="59.595308" lon="9.140388">
<ele>31.174</ele>
</trkpt>
<trkpt lat="59.595263" lon="9.140484">
<ele>30.894</ele>
</trkpt>
<trkpt lat="59.595201" lon="9.140621">
<ele>30.447</ele>
</trkpt>
<trkpt lat="59.59466" lon="9.141805">
<ele>30.0</ele>
</trkpt>
<trkpt lat="59.594471" lon="9.142246">
<ele>31.0</ele>
</trkpt>
<trkpt lat="59.59403" lon="9.143144">
<ele>32.335</ele>
</trkpt>
<trkpt lat="59.59385" lon="9.143552">
<ele>32.0</ele>
</trkpt>
<trkpt lat="59.59355" lon="9.144137">
<ele>30.56</ele>
</trkpt>
<trkpt lat="59.593116" lon="9.145015">
<ele>30.272</ele>
</trkpt>
<trkpt lat="59.592906" lon="9.14554">
<ele>31.841</ele>
</trkpt>
<trkpt lat="59.592695" lon="9.146229">
<ele>32.106</ele>
</trkpt>
<trkpt lat="59.592517" lon="9.147">
<ele>31.371</ele>
</trkpt>
<trkpt lat="59.59222" lon="9.148554">
<ele>28.992</ele>
</trkpt>
<trkpt lat="59.591996" lon="9.149623">
<ele>29.0</ele>
</trkpt>
<trkpt lat="59.591827" lon="9.150308">
<ele>30.0</ele>
</trkpt>
<trkpt lat="59.591678" lon="9.150806">
<ele>30.0</ele>
</trkpt>
<trkpt lat="59.591548" lon="9.151178">
<ele>30.711</ele>
</trkpt>
<trkpt lat="59.591345" lon="9.151697">
<ele>31.267</ele>
</trkpt>
<trkpt lat="59.591135" lon="9.152145">
<ele>33.636</ele>
</trkpt>
<trkpt lat="59.590922" lon="9.152553">
<ele>36.103</ele>
</trkpt>
<trkpt lat="59.590746" lon="9.152854">
<ele>37.228</ele>
</trkpt>
<trkpt lat="59.590224" lon="9.153651">
<ele>34.856</ele>
</trkpt>
<trkpt lat="59.590205" lon="9.153683">
<ele>34.741</ele>
</trkpt>
<trkpt lat="59.589833" lon="9.154302">
<ele>34.0</ele>
</trkpt>
<trkpt lat="59.58931" lon="9.155089">
<ele>33.516</ele>
</trkpt>
<trkpt lat="59.589038" lon="9.155523">
<ele>33.0</ele>
</trkpt>
<trkpt lat="59.58885" lon="9.155817">
<ele>32.86</ele>
</trkpt>
<trkpt lat="59.588185" lon="9.156874">
<ele>34.602</ele>
</trkpt>
<trkpt lat="59.58732" lon="9.158242">
<ele>32.445</ele>
</trkpt>
<trkpt lat="59.586849" lon="9.159009">
<ele>28.656</ele>
</trkpt>
<trkpt lat="59.586439" lon="9.159635">
<ele>27.047</ele>
</trkpt>
<trkpt lat="59.584344" lon="9.162957">
<ele>27.638</ele>
</trkpt>
<trkpt lat="59.58417" lon="9.163283">
<ele>27.012</ele>
</trkpt>
<trkpt lat="59.583928" lon="9.163781">
<ele>25.721</ele>
</trkpt>
<trkpt lat="59.582653" lon="9.166545">
<ele>26.422</ele>
</trkpt>
<trkpt lat="59.582037" lon="9.167873">
<ele>31.123</ele>
</trkpt>
<trkpt lat="59.581754" lon="9.168442">
<ele>30.649</ele>
</trkpt>
<trkpt lat="59.581577" lon="9.168771">
<ele>28.776</ele>
</trkpt>
<trkpt lat="59.581056" lon="9.16965">
<ele>23.0</ele>
</trkpt>
<trkpt lat="59.580825" lon="9.170063">
<ele>23.0</ele>
</trkpt>
<trkpt lat="59.580672" lon="9.170359">
<ele>22.953</ele>
</trkpt>
<trkpt lat="59.580441" lon="9.170808">
<ele>22.0</ele>
</trkpt>
<trkpt lat="59.580314" lon="9.171018">
<ele>21.422</ele>
</trkpt>
<trkpt lat="59.580127" lon="9.171401">
<ele>20.477</ele>
</trkpt>
<trkpt lat="59.579946" lon="9.171775">
<ele>20.0</ele>
</trkpt>
<trkpt lat="59.579614" lon="9.172479">
<ele>21.39</ele>
</trkpt>
<trkpt lat="59.579601" lon="9.172651">
<ele>21.199</ele>
</trkpt>
<trkpt lat="59.579643" lon="9.172746">
<ele>21.033</ele>
</trkpt>
<trkpt lat="59.579677" lon="9.172813">
<ele>21.0</ele>
</trkpt>
<trkpt lat="59.579706" lon="9.172869">
<ele>21.0</ele>
</trkpt>
<trkpt lat="59.579755" lon="9.172953">
<ele>21.0</ele>
</trkpt>
<trkpt lat="59.57982" lon="9.172988">
<ele>21.0</ele>
</trkpt>
<trkpt lat="59.579816" lon="9.172964">
<ele>21.0</ele>
</trkpt>
</trkseg>
<trkseg>
<extensions>
	<type>drive</type>
</extensions>
<trkpt lat="59.579816" lon="9.172964">
<ele>21.0</ele>
</trkpt>
<trkpt lat="59.579802" lon="9.172871">
<ele>21.0</ele>
</trkpt>
<trkpt lat="59.579719" lon="9.172618">
<ele>21.007</ele>
</trkpt>
<trkpt lat="59.579674" lon="9.172509">
<ele>21.168</ele>
</trkpt>
<trkpt lat="59.579614" lon="9.172479">
<ele>21.39</ele>
</trkpt>
<trkpt lat="59.579524" lon="9.172664">
<ele>21.292</ele>
</trkpt>
<trkpt lat="59.579323" lon="9.173041">
<ele>21.437</ele>
</trkpt>
<trkpt lat="59.578962" lon="9.173752">
<ele>23.1</ele>
</trkpt>
<trkpt lat="59.578864" lon="9.173997">
<ele>23.055</ele>
</trkpt>
<trkpt lat="59.578642" lon="9.174446">
<ele>22.0</ele>
</trkpt>
<trkpt lat="59.578531" lon="9.174714">
<ele>22.288</ele>
</trkpt>
<trkpt lat="59.578425" lon="9.174994">
<ele>22.337</ele>
</trkpt>
<trkpt lat="59.578333" lon="9.175293">
<ele>22.055</ele>
</trkpt>
<trkpt lat="59.578266" lon="9.175551">
<ele>22.745</ele>
</trkpt>
<trkpt lat="59.578201" lon="9.175866">
<ele>22.468</ele>
</trkpt>
<trkpt lat="59.578156" lon="9.176161">
<ele>21.723</ele>
</trkpt>
<trkpt lat="59.578125" lon="9.176463">
<ele>21.7</ele>
</trkpt>
<trkpt lat="59.578103" lon="9.176893">
<ele>22.846</ele>
</trkpt>
<trkpt lat="59.578099" lon="9.177248">
<ele>24.0</ele>
</trkpt>
<trkpt lat="59.578112" lon="9.177805">
<ele>24.777</ele>
</trkpt>
<trkpt lat="59.578173" lon="9.179243">
<ele>24.006</ele>
</trkpt>
<trkpt lat="59.578176" lon="9.17961">
<ele>24.699</ele>
</trkpt>
<trkpt lat="59.578168" lon="9.179994">
<ele>25.182</ele>
</trkpt>
<trkpt lat="59.578148" lon="9.180411">
<ele>25.174</ele>
</trkpt>
<trkpt lat="59.578124" lon="9.180756">
<ele>25.0</ele>
</trkpt>
<trkpt lat="59.578079" lon="9.181191">
<ele>24.456</ele>
</trkpt>
<trkpt lat="59.577998" lon="9.181745">
<ele>25.66</ele>
</trkpt>
<trkpt lat="59.577937" lon="9.182086">
<ele>26.521</ele>
</trkpt>
<trkpt lat="59.577668" lon="9.183389">
<ele>27.298</ele>
</trkpt>
<trkpt lat="59.577504" lon="9.184231">
<ele>22.808</ele>
</trkpt>
<trkpt lat="59.577428" lon="9.184643">
<ele>22.0</ele>
</trkpt>
<trkpt lat="59.577194" lon="9.185887">
<ele>21.0</ele>
</trkpt>
<trkpt lat="59.576997" lon="9.18684">
<ele>22.0</ele>
</trkpt>
<trkpt lat="59.576749" lon="9.188014">
<ele>23.0</ele>
</trkpt>
<trkpt lat="59.576723" lon="9.188121">
<ele>22.952</ele>
</trkpt>
<trkpt lat="59.576661" lon="9.188428">
<ele>23.0</ele>
</trkpt>
<trkpt lat="59.576563" lon="9.188796">
<ele>22.334</ele>
</trkpt>
<trkpt lat="59.576472" lon="9.189208">
<ele>22.149</ele>
</trkpt>
<trkpt lat="59.576352" lon="9.189717">
<ele>23.981</ele>
</trkpt>
<trkpt lat="59.576315" lon="9.189818">
<ele>24.345</ele>
</trkpt>
<trkpt lat="59.576247" lon="9.189959">
<ele>24.852</ele>
</trkpt>
<trkpt lat="59.57621" lon="9.189999">
<ele>24.996</ele>
</trkpt>
<trkpt lat="59.576182" lon="9.19006">
<ele>25.161</ele>
</trkpt>
<trkpt lat="59.576165" lon="9.190134">
<ele>25.389</ele>
</trkpt>
<trkpt lat="59.57616" lon="9.190214">
<ele>25.635</ele>
</trkpt>
<trkpt lat="59.576168" lon="9.190293">
<ele>25.839</ele>
</trkpt>
<trkpt lat="59.576179" lon="9.190335">
<ele>25.911</ele>
</trkpt>
<trkpt lat="59.576176" lon="9.190433">
<ele>26.195</ele>
</trkpt>
<trkpt lat="59.576172" lon="9.190512">
<ele>26.439</ele>
</trkpt>
<trkpt lat="59.576157" lon="9.190634">
<ele>26.67</ele>
</trkpt>
<trkpt lat="59.576063" lon="9.191154">
<ele>27.346</ele>
</trkpt>
<trkpt lat="59.57597" lon="9.191635">
<ele>27.566</ele>
</trkpt>
<trkpt lat="59.575915" lon="9.191978">
<ele>26.585</ele>
</trkpt>
<trkpt lat="59.575806" lon="9.192479">
<ele>25.167</ele>
</trkpt>
<trkpt lat="59.575698" lon="9.192946">
<ele>24.487</ele>
</trkpt>
<trkpt lat="59.575635" lon="9.193199">
<ele>24.345</ele>
</trkpt>
<trkpt lat="59.575567" lon="9.193447">
<ele>24.0</ele>
</trkpt>
<trkpt lat="59.575397" lon="9.194029">
<ele>24.571</ele>
</trkpt>
<trkpt lat="59.575298" lon="9.194331">
<ele>24.336</ele>
</trkpt>
<trkpt lat="59.575198" lon="9.194605">
<ele>24.574</ele>
</trkpt>
<trkpt lat="59.575029" lon="9.195037">
<ele>24.805</ele>
</trkpt>
<trkpt lat="59.574863" lon="9.195426">
<ele>25.986</ele>
</trkpt>
<trkpt lat="59.574663" lon="9.195855">
<ele>27.41</ele>
</trkpt>
<trkpt lat="59.574542" lon="9.196087">
<ele>27.705</ele>
</trkpt>
<trkpt lat="59.574105" lon="9.196853">
<ele>26.556</ele>
</trkpt>
<trkpt lat="59.573921" lon="9.197162">
<ele>25.322</ele>
</trkpt>
<trkpt lat="59.573291" lon="9.198238">
<ele>26.352</ele>
</trkpt>
<trkpt lat="59.573215" lon="9.19836">
<ele>26.148</ele>
</trkpt>
<trkpt lat="59.573125" lon="9.198457">
<ele>25.5</ele>
</trkpt>
<trkpt lat="59.572926" lon="9.198798">
<ele>24.381</ele>
</trkpt>
<trkpt lat="59.572863" lon="9.198887">
<ele>24.302</ele>
</trkpt>
<trkpt lat="59.572785" lon="9.199018">
<ele>24.026</ele>
</trkpt>
<trkpt lat="59.572753" lon="9.199072">
<ele>23.911</ele>
</trkpt>
<trkpt lat="59.572446" lon="9.199592">
<ele>22.0</ele>
</trkpt>
<trkpt lat="59.572384" lon="9.199696">
<ele>22.0</ele>
</trkpt>
<trkpt lat="59.571988" lon="9.200369">
<ele>21.642</ele>
</trkpt>
<trkpt lat="59.571766" lon="9.200753">
<ele>21.68</ele>
</trkpt>
<trkpt lat="59.571616" lon="9.201054">
<ele>22.262</ele>
</trkpt>
<trkpt lat="59.571549" lon="9.201201">
<ele>22.987</ele>
</trkpt>
<trkpt lat="59.57145" lon="9.201443">
<ele>24.092</ele>
</trkpt>
<trkpt lat="59.571356" lon="9.201716">
<ele>25.157</ele>
</trkpt>
<trkpt lat="59.57132" lon="9.2018">
<ele>25.577</ele>
</trkpt>
<trkpt lat="59.570731" lon="9.203206">
<ele>25.778</ele>
</trkpt>
<trkpt lat="59.570596" lon="9.203536">
<ele>24.582</ele>
</trkpt>
<trkpt lat="59.570464" lon="9.203878">
<ele>23.985</ele>
</trkpt>
<trkpt lat="59.570334" lon="9.204238">
<ele>22.659</ele>
</trkpt>
<trkpt lat="59.569861" lon="9.205599">
<ele>20.999</ele>
</trkpt>
<trkpt lat="59.569671" lon="9.206126">
<ele>20.675</ele>
</trkpt>
<trkpt lat="59.569075" lon="9.207705">
<ele>19.494</ele>
</trkpt>
<trkpt lat="59.568684" lon="9.208713">
<ele>20.629</ele>
</trkpt>
<trkpt lat="59.56833" lon="9.209667">
<ele>20.988</ele>
</trkpt>
<trkpt lat="59.568139" lon="9.210216">
<ele>21.378</ele>
</trkpt>
<trkpt lat="59.567964" lon="9.210759">
<ele>21.341</ele>
</trkpt>
<trkpt lat="59.567615" lon="9.211932">
<ele>19.414</ele>
</trkpt>
<trkpt lat="59.567589" lon="9.212023">
<ele>19.513</ele>
</trkpt>
<trkpt lat="59.567486" lon="9.212327">
<ele>20.0</ele>
</trkpt>
<trkpt lat="59.567447" lon="9.21246">
<ele>20.0</ele>
</trkpt>
<trkpt lat="59.567199" lon="9.21341">
<ele>20.0</ele>
</trkpt>
<trkpt lat="59.567166" lon="9.213505">
<ele>20.0</ele>
</trkpt>
<trkpt lat="59.567134" lon="9.213577">
<ele>20.0</ele>
</trkpt>
<trkpt lat="59.567101" lon="9.213585">
<ele>20.0</ele>
</trkpt>
<trkpt lat="59.567071" lon="9.213609">
<ele>20.0</ele>
</trkpt>
<trkpt lat="59.567033" lon="9.21367">
<ele>19.856</ele>
</trkpt>
<trkpt lat="59.567015" lon="9.213725">
<ele>19.694</ele>
</trkpt>
<trkpt lat="59.567005" lon="9.213786">
<ele>19.508</ele>
</trkpt>
<trkpt lat="59.567005" lon="9.213883">
<ele>19.235</ele>
</trkpt>
<trkpt lat="59.567016" lon="9.213944">
<ele>19.258</ele>
</trkpt>
<trkpt lat="59.567013" lon="9.214016">
<ele>19.247</ele>
</trkpt>
<trkpt lat="59.566996" lon="9.214219">
<ele>19.374</ele>
</trkpt>
<trkpt lat="59.566982" lon="9.214314">
<ele>19.666</ele>
</trkpt>
<trkpt lat="59.566793" lon="9.215297">
<ele>20.493</ele>
</trkpt>
<trkpt lat="59.566747" lon="9.215646">
<ele>21.0</ele>
</trkpt>
<trkpt lat="59.565601" lon="9.221627">
<ele>22.836</ele>
</trkpt>
<trkpt lat="59.565543" lon="9.221939">
<ele>23.0</ele>
</trkpt>
<trkpt lat="59.565461" lon="9.222266">
<ele>22.66</ele>
</trkpt>
<trkpt lat="59.565366" lon="9.222796">
<ele>21.318</ele>
</trkpt>
<trkpt lat="59.565299" lon="9.223128">
<ele>20.816</ele>
</trkpt>
<trkpt lat="59.565256" lon="9.22331">
<ele>20.006</ele>
</trkpt>
<trkpt lat="59.565195" lon="9.223511">
<ele>19.702</ele>
</trkpt>
<trkpt lat="59.565166" lon="9.223525">
<ele>19.598</ele>
</trkpt>
<trkpt lat="59.565141" lon="9.223553">
<ele>19.508</ele>
</trkpt>
<trkpt lat="59.565119" lon="9.223593">
<ele>19.428</ele>
</trkpt>
<trkpt lat="59.565103" lon="9.223641">
<ele>19.411</ele>
</trkpt>
<trkpt lat="59.565094" lon="9.223697">
<ele>19.443</ele>
</trkpt>
<trkpt lat="59.565092" lon="9.223755">
<ele>19.503</ele>
</trkpt>
<trkpt lat="59.565098" lon="9.223811">
<ele>19.607</ele>
</trkpt>
<trkpt lat="59.565111" lon="9.223864">
<ele>19.763</ele>
</trkpt>
<trkpt lat="59.565102" lon="9.223944">
<ele>19.933</ele>
</trkpt>
<trkpt lat="59.565093" lon="9.224042">
<ele>20.221</ele>
</trkpt>
<trkpt lat="59.565064" lon="9.224253">
<ele>20.772</ele>
</trkpt>
<trkpt lat="59.56494" lon="9.224867">
<ele>21.305</ele>
</trkpt>
<trkpt lat="59.564865" lon="9.22519">
<ele>22.198</ele>
</trkpt>
<trkpt lat="59.564809" lon="9.225511">
<ele>23.152</ele>
</trkpt>
<trkpt lat="59.564748" lon="9.225748">
<ele>23.093</ele>
</trkpt>
<trkpt lat="59.564689" lon="9.22597">
<ele>23.314</ele>
</trkpt>
<trkpt lat="59.564584" lon="9.22634">
<ele>23.419</ele>
</trkpt>
<trkpt lat="59.564495" lon="9.226629">
<ele>23.41</ele>
</trkpt>
<trkpt lat="59.564389" lon="9.226927">
<ele>23.351</ele>
</trkpt>
<trkpt lat="59.564289" lon="9.227202">
<ele>23.248</ele>
</trkpt>
<trkpt lat="59.564099" lon="9.227669">
<ele>23.121</ele>
</trkpt>
<trkpt lat="59.563914" lon="9.228057">
<ele>24.192</ele>
</trkpt>
<trkpt lat="59.563644" lon="9.228567">
<ele>26.019</ele>
</trkpt>
<trkpt lat="59.563431" lon="9.228946">
<ele>27.538</ele>
</trkpt>
<trkpt lat="59.563184" lon="9.229329">
<ele>28.05</ele>
</trkpt>
<trkpt lat="59.563036" lon="9.229554">
<ele>27.55</ele>
</trkpt>
<trkpt lat="59.562874" lon="9.229792">
<ele>26.811</ele>
</trkpt>
<trkpt lat="59.562697" lon="9.229994">
<ele>25.106</ele>
</trkpt>
<trkpt lat="59.562396" lon="9.230399">
<ele>23.797</ele>
</trkpt>
<trkpt lat="59.562156" lon="9.230754">
<ele>22.306</ele>
</trkpt>
<trkpt lat="59.561931" lon="9.231124">
<ele>22.042</ele>
</trkpt>
<trkpt lat="59.561894" lon="9.231198">
<ele>22.387</ele>
</trkpt>
<trkpt lat="59.561838" lon="9.231311">
<ele>22.78</ele>
</trkpt>
<trkpt lat="59.561715" lon="9.231571">
<ele>23.118</ele>
</trkpt>
<trkpt lat="59.56161" lon="9.231818">
<ele>23.026</ele>
</trkpt>
<trkpt lat="59.561509" lon="9.232107">
<ele>23.135</ele>
</trkpt>
<trkpt lat="59.561424" lon="9.232388">
<ele>22.581</ele>
</trkpt>
<trkpt lat="59.561311" lon="9.232827">
<ele>22.286</ele>
</trkpt>
<trkpt lat="59.561263" lon="9.233079">
<ele>22.272</ele>
</trkpt>
<trkpt lat="59.561184" lon="9.233552">
<ele>22.256</ele>
</trkpt>
<trkpt lat="59.561146" lon="9.233874">
<ele>22.693</ele>
</trkpt>
<trkpt lat="59.561122" lon="9.234133">
<ele>23.114</ele>
</trkpt>
<trkpt lat="59.561109" lon="9.234402">
<ele>23.818</ele>
</trkpt>
<trkpt lat="59.561115" lon="9.234854">
<ele>26.04</ele>
</trkpt>
<trkpt lat="59.561117" lon="9.235479">
<ele>28.852</ele>
</trkpt>
<trkpt lat="59.561115" lon="9.235818">
<ele>30.029</ele>
</trkpt>
<trkpt lat="59.561112" lon="9.23611">
<ele>31.015</ele>
</trkpt>
<trkpt lat="59.561104" lon="9.236373">
<ele>30.922</ele>
</trkpt>
<trkpt lat="59.56109" lon="9.236659">
<ele>30.846</ele>
</trkpt>
<trkpt lat="59.561036" lon="9.237401">
<ele>30.556</ele>
</trkpt>
<trkpt lat="59.560881" lon="9.239257">
<ele>32.582</ele>
</trkpt>
<trkpt lat="59.560855" lon="9.239699">
<ele>32.695</ele>
</trkpt>
<trkpt lat="59.560853" lon="9.239999">
<ele>33.634</ele>
</trkpt>
<trkpt lat="59.560863" lon="9.240296">
<ele>33.789</ele>
</trkpt>
<trkpt lat="59.560885" lon="9.240595">
<ele>33.346</ele>
</trkpt>
<trkpt lat="59.560921" lon="9.240907">
<ele>32.994</ele>
</trkpt>
<trkpt lat="59.560962" lon="9.241167">
<ele>32.303</ele>
</trkpt>
<trkpt lat="59.561072" lon="9.241711">
<ele>30.417</ele>
</trkpt>
<trkpt lat="59.561184" lon="9.242243">
<ele>28.099</ele>
</trkpt>
<trkpt lat="59.561227" lon="9.242513">
<ele>29.31</ele>
</trkpt>
<trkpt lat="59.561266" lon="9.242824">
<ele>30.111</ele>
</trkpt>
<trkpt lat="59.561298" lon="9.243238">
<ele>32.385</ele>
</trkpt>
<trkpt lat="59.561307" lon="9.243611">
<ele>33.052</ele>
</trkpt>
<trkpt lat="59.561299" lon="9.243978">
<ele>33.223</ele>
</trkpt>
<trkpt lat="59.561276" lon="9.244372">
<ele>31.798</ele>
</trkpt>
<trkpt lat="59.561238" lon="9.244785">
<ele>30.777</ele>
</trkpt>
<trkpt lat="59.561212" lon="9.245004">
<ele>30.557</ele>
</trkpt>
<trkpt lat="59.561164" lon="9.245353">
<ele>30.823</ele>
</trkpt>
<trkpt lat="59.561103" lon="9.245729">
<ele>30.872</ele>
</trkpt>
<trkpt lat="59.561035" lon="9.246075">
<ele>31.012</ele>
</trkpt>
<trkpt lat="59.560964" lon="9.246384">
<ele>30.873</ele>
</trkpt>
<trkpt lat="59.560926" lon="9.246527">
<ele>30.5</ele>
</trkpt>
<trkpt lat="59.560836" lon="9.246734">
<ele>29.048</ele>
</trkpt>
<trkpt lat="59.560699" lon="9.247064">
<ele>26.857</ele>
</trkpt>
<trkpt lat="59.560559" lon="9.247342">
<ele>24.488</ele>
</trkpt>
<trkpt lat="59.560202" lon="9.248079">
<ele>22.539</ele>
</trkpt>
<trkpt lat="59.559857" lon="9.248764">
<ele>22.036</ele>
</trkpt>
<trkpt lat="59.559772" lon="9.248935">
<ele>22.179</ele>
</trkpt>
<trkpt lat="59.559642" lon="9.249178">
<ele>22.041</ele>
</trkpt>
<trkpt lat="59.559592" lon="9.249278">
<ele>22.401</ele>
</trkpt>
<trkpt lat="59.559456" lon="9.24959">
<ele>23.0</ele>
</trkpt>
<trkpt lat="59.559371" lon="9.249814">
<ele>22.648</ele>
</trkpt>
<trkpt lat="59.55927" lon="9.250132">
<ele>21.744</ele>
</trkpt>
<trkpt lat="59.559065" lon="9.250957">
<ele>21.282</ele>
</trkpt>
<trkpt lat="59.55902" lon="9.251195">
<ele>21.472</ele>
</trkpt>
<trkpt lat="59.558854" lon="9.251765">
<ele>21.874</ele>
</trkpt>
<trkpt lat="59.558716" lon="9.252177">
<ele>20.54</ele>
</trkpt>
<trkpt lat="59.558181" lon="9.253663">
<ele>22.271</ele>
</trkpt>
<trkpt lat="59.558101" lon="9.253883">
<ele>23.139</ele>
</trkpt>
<trkpt lat="59.557975" lon="9.254199">
<ele>24.909</ele>
</trkpt>
<trkpt lat="59.557753" lon="9.254784">
<ele>26.044</ele>
</trkpt>
<trkpt lat="59.557691" lon="9.254884">
<ele>25.958</ele>
</trkpt>
<trkpt lat="59.557614" lon="9.255032">
<ele>25.821</ele>
</trkpt>
<trkpt lat="59.557551" lon="9.255129">
<ele>25.367</ele>
</trkpt>
<trkpt lat="59.557465" lon="9.255251">
<ele>24.748</ele>
</trkpt>
<trkpt lat="59.557458" lon="9.255253">
<ele>24.698</ele>
</trkpt>
<trkpt lat="59.557418" lon="9.255282">
<ele>24.41</ele>
</trkpt>
<trkpt lat="59.557384" lon="9.255335">
<ele>24.165</ele>
</trkpt>
<trkpt lat="59.557361" lon="9.255406">
<ele>23.999</ele>
</trkpt>
<trkpt lat="59.557351" lon="9.255489">
<ele>23.927</ele>
</trkpt>
<trkpt lat="59.557355" lon="9.255574">
<ele>23.956</ele>
</trkpt>
<trkpt lat="59.557357" lon="9.255588">
<ele>23.97</ele>
</trkpt>
<trkpt lat="59.557338" lon="9.255724">
<ele>23.834</ele>
</trkpt>
<trkpt lat="59.557305" lon="9.255878">
<ele>23.483</ele>
</trkpt>
<trkpt lat="59.557263" lon="9.256034">
<ele>22.677</ele>
</trkpt>
<trkpt lat="59.557193" lon="9.256339">
<ele>21.895</ele>
</trkpt>
<trkpt lat="59.557162" lon="9.256523">
<ele>22.266</ele>
</trkpt>
<trkpt lat="59.557131" lon="9.256811">
<ele>22.842</ele>
</trkpt>
<trkpt lat="59.557125" lon="9.256982">
<ele>23.183</ele>
</trkpt>
<trkpt lat="59.55715" lon="9.257195">
<ele>24.137</ele>
</trkpt>
<trkpt lat="59.557163" lon="9.259018">
<ele>28.721</ele>
</trkpt>
<trkpt lat="59.557172" lon="9.25984">
<ele>28.825</ele>
</trkpt>
<trkpt lat="59.557182" lon="9.260413">
<ele>28.636</ele>
</trkpt>
<trkpt lat="59.557194" lon="9.260815">
<ele>28.797</ele>
</trkpt>
<trkpt lat="59.557213" lon="9.261164">
<ele>27.967</ele>
</trkpt>
<trkpt lat="59.55723" lon="9.261401">
<ele>28.21</ele>
</trkpt>
<trkpt lat="59.557255" lon="9.261642">
<ele>29.512</ele>
</trkpt>
<trkpt lat="59.557297" lon="9.261931">
<ele>30.346</ele>
</trkpt>
<trkpt lat="59.557406" lon="9.262576">
<ele>30.853</ele>
</trkpt>
<trkpt lat="59.557515" lon="9.263165">
<ele>28.59</ele>
</trkpt>
<trkpt lat="59.557576" lon="9.263467">
<ele>28.434</ele>
</trkpt>
<trkpt lat="59.557619" lon="9.263673">
<ele>28.776</ele>
</trkpt>
<trkpt lat="59.557656" lon="9.263931">
<ele>28.846</ele>
</trkpt>
<trkpt lat="59.557712" lon="9.264162">
<ele>29.592</ele>
</trkpt>
<trkpt lat="59.557791" lon="9.264467">
<ele>30.252</ele>
</trkpt>
<trkpt lat="59.557888" lon="9.26471">
<ele>31.822</ele>
</trkpt>
<trkpt lat="59.557974" lon="9.264902">
<ele>32.65</ele>
</trkpt>
<trkpt lat="59.558138" lon="9.265172">
<ele>35.571</ele>
</trkpt>
<trkpt lat="59.558253" lon="9.265322">
<ele>37.544</ele>
</trkpt>
<trkpt lat="59.558367" lon="9.265443">
<ele>38.7</ele>
</trkpt>
<trkpt lat="59.55852" lon="9.265559">
<ele>39.655</ele>
</trkpt>
<trkpt lat="59.558664" lon="9.265646">
<ele>39.895</ele>
</trkpt>
<trkpt lat="59.558731" lon="9.265675">
<ele>39.464</ele>
</trkpt>
<trkpt lat="59.558808" lon="9.265696">
<ele>39.133</ele>
</trkpt>
<trkpt lat="59.558923" lon="9.265713">
<ele>38.936</ele>
</trkpt>
<trkpt lat="59.559163" lon="9.265717">
<ele>39.411</ele>
</trkpt>
<trkpt lat="59.559715" lon="9.265644">
<ele>42.319</ele>
</trkpt>
<trkpt lat="59.559888" lon="9.265588">
<ele>44.417</ele>
</trkpt>
<trkpt lat="59.56003" lon="9.265572">
<ele>45.986</ele>
</trkpt>
<trkpt lat="59.560254" lon="9.265579">
<ele>47.568</ele>
</trkpt>
<trkpt lat="59.560433" lon="9.265626">
<ele>47.381</ele>
</trkpt>
<trkpt lat="59.560542" lon="9.265678">
<ele>47.097</ele>
</trkpt>
<trkpt lat="59.560658" lon="9.265759">
<ele>48.01</ele>
</trkpt>
<trkpt lat="59.560767" lon="9.265856">
<ele>48.862</ele>
</trkpt>
<trkpt lat="59.560853" lon="9.265945">
<ele>49.621</ele>
</trkpt>
<trkpt lat="59.560949" lon="9.266067">
<ele>50.816</ele>
</trkpt>
<trkpt lat="59.561272" lon="9.266471">
<ele>54.271</ele>
</trkpt>
<trkpt lat="59.561557" lon="9.266786">
<ele>55.21</ele>
</trkpt>
<trkpt lat="59.561766" lon="9.267013">
<ele>56.738</ele>
</trkpt>
<trkpt lat="59.561846" lon="9.267093">
<ele>57.057</ele>
</trkpt>
<trkpt lat="59.562039" lon="9.267284">
<ele>58.092</ele>
</trkpt>
<trkpt lat="59.56222" lon="9.267404">
<ele>59.332</ele>
</trkpt>
<trkpt lat="59.562334" lon="9.26746">
<ele>59.546</ele>
</trkpt>
<trkpt lat="59.562486" lon="9.267516">
<ele>59.837</ele>
</trkpt>
<trkpt lat="59.56272" lon="9.267551">
<ele>59.633</ele>
</trkpt>
<trkpt lat="59.562923" lon="9.267548">
<ele>60.177</ele>
</trkpt>
<trkpt lat="59.563088" lon="9.267513">
<ele>61.023</ele>
</trkpt>
<trkpt lat="59.563725" lon="9.267507">
<ele>63.36</ele>
</trkpt>
<trkpt lat="59.563833" lon="9.267512">
<ele>63.712</ele>
</trkpt>
<trkpt lat="59.563868" lon="9.26753">
<ele>63.709</ele>
</trkpt>
<trkpt lat="59.564228" lon="9.267597">
<ele>65.302</ele>
</trkpt>
<trkpt lat="59.564373" lon="9.267659">
<ele>64.855</ele>
</trkpt>
<trkpt lat="59.564607" lon="9.267798">
<ele>64.585</ele>
</trkpt>
<trkpt lat="59.564703" lon="9.267871">
<ele>64.931</ele>
</trkpt>
<trkpt lat="59.564783" lon="9.267946">
<ele>65.438</ele>
</trkpt>
<trkpt lat="59.564879" lon="9.26805">
<ele>66.129</ele>
</trkpt>
<trkpt lat="59.565008" lon="9.268237">
<ele>67.029</ele>
</trkpt>
<trkpt lat="59.565119" lon="9.268444">
<ele>67.656</ele>
</trkpt>
<trkpt lat="59.565252" lon="9.268721">
<ele>68.396</ele>
</trkpt>
<trkpt lat="59.565371" lon="9.269007">
<ele>71.05</ele>
</trkpt>
<trkpt lat="59.565604" lon="9.269613">
<ele>77.13</ele>
</trkpt>
<trkpt lat="59.56565" lon="9.269698">
<ele>77.933</ele>
</trkpt>
<trkpt lat="59.565742" lon="9.269978">
<ele>80.237</ele>
</trkpt>
<trkpt lat="59.565815" lon="9.270225">
<ele>80.921</ele>
</trkpt>
<trkpt lat="59.565878" lon="9.270475">
<ele>81.851</ele>
</trkpt>
<trkpt lat="59.565916" lon="9.270689">
<ele>82.345</ele>
</trkpt>
<trkpt lat="59.565937" lon="9.270933">
<ele>82.584</ele>
</trkpt>
<trkpt lat="59.565928" lon="9.271114">
<ele>82.682</ele>
</trkpt>
<trkpt lat="59.565897" lon="9.271359">
<ele>82.458</ele>
</trkpt>
<trkpt lat="59.565869" lon="9.271506">
<ele>82.624</ele>
</trkpt>
<trkpt lat="59.565836" lon="9.271632">
<ele>82.886</ele>
</trkpt>
<trkpt lat="59.565771" lon="9.271831">
<ele>84.581</ele>
</trkpt>
<trkpt lat="59.565724" lon="9.271945">
<ele>85.576</ele>
</trkpt>
<trkpt lat="59.565671" lon="9.27205">
<ele>86.718</ele>
</trkpt>
<trkpt lat="59.565569" lon="9.272199">
<ele>88.723</ele>
</trkpt>
<trkpt lat="59.565464" lon="9.272298">
<ele>90.888</ele>
</trkpt>
<trkpt lat="59.565371" lon="9.272359">
<ele>92.659</ele>
</trkpt>
<trkpt lat="59.565233" lon="9.27241">
<ele>94.917</ele>
</trkpt>
<trkpt lat="59.565033" lon="9.272459">
<ele>97.542</ele>
</trkpt>
<trkpt lat="59.564886" lon="9.27251">
<ele>99.246</ele>
</trkpt>
<trkpt lat="59.564823" lon="9.272544">
<ele>100.013</ele>
</trkpt>
<trkpt lat="59.564716" lon="9.272633">
<ele>101.568</ele>
</trkpt>
<trkpt lat="59.564619" lon="9.272755">
<ele>103.404</ele>
</trkpt>
<trkpt lat="59.564573" lon="9.272833">
<ele>104.149</ele>
</trkpt>
<trkpt lat="59.5645" lon="9.27299">
<ele>105.2</ele>
</trkpt>
<trkpt lat="59.564401" lon="9.273288">
<ele>105.32</ele>
</trkpt>
<trkpt lat="59.564367" lon="9.273426">
<ele>105.279</ele>
</trkpt>
<trkpt lat="59.56429" lon="9.273799">
<ele>106.232</ele>
</trkpt>
<trkpt lat="59.564277" lon="9.273873">
<ele>106.546</ele>
</trkpt>
<trkpt lat="59.564218" lon="9.274258">
<ele>107.329</ele>
</trkpt>
<trkpt lat="59.564186" lon="9.274519">
<ele>108.0</ele>
</trkpt>
<trkpt lat="59.56415" lon="9.274922">
<ele>108.779</ele>
</trkpt>
<trkpt lat="59.564139" lon="9.275155">
<ele>109.1</ele>
</trkpt>
<trkpt lat="59.564135" lon="9.275404">
<ele>109.568</ele>
</trkpt>
<trkpt lat="59.564134" lon="9.275859">
<ele>111.092</ele>
</trkpt>
<trkpt lat="59.564136" lon="9.276039">
<ele>111.74</ele>
</trkpt>
<trkpt lat="59.56414" lon="9.276352">
<ele>112.784</ele>
</trkpt>
<trkpt lat="59.564159" lon="9.277252">
<ele>114.972</ele>
</trkpt>
<trkpt lat="59.56417" lon="9.277631">
<ele>115.448</ele>
</trkpt>
<trkpt lat="59.56418" lon="9.278151">
<ele>116.248</ele>
</trkpt>
<trkpt lat="59.564186" lon="9.278769">
<ele>118.469</ele>
</trkpt>
<trkpt lat="59.564187" lon="9.278946">
<ele>119.132</ele>
</trkpt>
<trkpt lat="59.564196" lon="9.279658">
<ele>122.456</ele>
</trkpt>
<trkpt lat="59.564206" lon="9.279855">
<ele>123.814</ele>
</trkpt>
<trkpt lat="59.564223" lon="9.28008">
<ele>125.315</ele>
</trkpt>
<trkpt lat="59.564239" lon="9.280214">
<ele>126.08</ele>
</trkpt>
<trkpt lat="59.564249" lon="9.280291">
<ele>126.502</ele>
</trkpt>
<trkpt lat="59.564282" lon="9.280494">
<ele>127.726</ele>
</trkpt>
<trkpt lat="59.564326" lon="9.280693">
<ele>128.137</ele>
</trkpt>
<trkpt lat="59.564374" lon="9.280877">
<ele>128.411</ele>
</trkpt>
<trkpt lat="59.564417" lon="9.281012">
<ele>128.742</ele>
</trkpt>
<trkpt lat="59.564474" lon="9.281163">
<ele>129.187</ele>
</trkpt>
<trkpt lat="59.564618" lon="9.28148">
<ele>130.656</ele>
</trkpt>
<trkpt lat="59.564648" lon="9.281542">
<ele>131.102</ele>
</trkpt>
<trkpt lat="59.565154" lon="9.28255">
<ele>134.242</ele>
</trkpt>
<trkpt lat="59.56531" lon="9.282855">
<ele>135.44</ele>
</trkpt>
<trkpt lat="59.565395" lon="9.283024">
<ele>136.351</ele>
</trkpt>
<trkpt lat="59.565434" lon="9.283098">
<ele>136.743</ele>
</trkpt>
<trkpt lat="59.565809" lon="9.283849">
<ele>139.856</ele>
</trkpt>
<trkpt lat="59.565862" lon="9.283952">
<ele>140.33</ele>
</trkpt>
<trkpt lat="59.566023" lon="9.284272">
<ele>142.441</ele>
</trkpt>
<trkpt lat="59.566098" lon="9.284421">
<ele>143.784</ele>
</trkpt>
<trkpt lat="59.566422" lon="9.285057">
<ele>148.086</ele>
</trkpt>
<trkpt lat="59.566636" lon="9.285456">
<ele>148.752</ele>
</trkpt>
<trkpt lat="59.566655" lon="9.285492">
<ele>148.813</ele>
</trkpt>
<trkpt lat="59.567034" lon="9.286199">
<ele>153.745</ele>
</trkpt>
<trkpt lat="59.56723" lon="9.286584">
<ele>155.357</ele>
</trkpt>
<trkpt lat="59.567262" lon="9.286648">
<ele>155.589</ele>
</trkpt>
<trkpt lat="59.56736" lon="9.28689">
<ele>157.021</ele>
</trkpt>
<trkpt lat="59.567463" lon="9.287186">
<ele>158.37</ele>
</trkpt>
<trkpt lat="59.567734" lon="9.288162">
<ele>161.253</ele>
</trkpt>
<trkpt lat="59.567803" lon="9.288415">
<ele>162.492</ele>
</trkpt>
<trkpt lat="59.567928" lon="9.288907">
<ele>165.951</ele>
</trkpt>
<trkpt lat="59.568021" lon="9.289253">
<ele>167.679</ele>
</trkpt>
<trkpt lat="59.56809" lon="9.289461">
<ele>168.799</ele>
</trkpt>
<trkpt lat="59.568163" lon="9.289635">
<ele>169.632</ele>
</trkpt>
<trkpt lat="59.568273" lon="9.289859">
<ele>170.346</ele>
</trkpt>
<trkpt lat="59.56835" lon="9.289993">
<ele>170.806</ele>
</trkpt>
<trkpt lat="59.568509" lon="9.290236">
<ele>172.596</ele>
</trkpt>
<trkpt lat="59.568614" lon="9.290378">
<ele>173.439</ele>
</trkpt>
<trkpt lat="59.568722" lon="9.290503">
<ele>174.92</ele>
</trkpt>
<trkpt lat="59.568816" lon="9.290597">
<ele>176.008</ele>
</trkpt>
<trkpt lat="59.568919" lon="9.290681">
<ele>177.101</ele>
</trkpt>
<trkpt lat="59.569031" lon="9.29075">
<ele>177.63</ele>
</trkpt>
<trkpt lat="59.569159" lon="9.290805">
<ele>177.644</ele>
</trkpt>
<trkpt lat="59.569274" lon="9.290835">
<ele>176.868</ele>
</trkpt>
<trkpt lat="59.569372" lon="9.290843">
<ele>175.931</ele>
</trkpt>
<trkpt lat="59.569458" lon="9.290839">
<ele>174.983</ele>
</trkpt>
<trkpt lat="59.569587" lon="9.290814">
<ele>173.801</ele>
</trkpt>
<trkpt lat="59.569792" lon="9.290742">
<ele>172.342</ele>
</trkpt>
<trkpt lat="59.57001" lon="9.290653">
<ele>171.761</ele>
</trkpt>
<trkpt lat="59.570083" lon="9.290622">
<ele>172.005</ele>
</trkpt>
<trkpt lat="59.570193" lon="9.290579">
<ele>172.5</ele>
</trkpt>
<trkpt lat="59.57046" lon="9.290461">
<ele>173.092</ele>
</trkpt>
<trkpt lat="59.570554" lon="9.290427">
<ele>173.071</ele>
</trkpt>
<trkpt lat="59.57078" lon="9.290346">
<ele>174.107</ele>
</trkpt>
<trkpt lat="59.570936" lon="9.290308">
<ele>174.957</ele>
</trkpt>
<trkpt lat="59.571203" lon="9.290296">
<ele>176.771</ele>
</trkpt>
<trkpt lat="59.571354" lon="9.290313">
<ele>177.892</ele>
</trkpt>
<trkpt lat="59.571538" lon="9.290351">
<ele>177.727</ele>
</trkpt>
<trkpt lat="59.571679" lon="9.290398">
<ele>177.414</ele>
</trkpt>
<trkpt lat="59.571829" lon="9.290461">
<ele>177.274</ele>
</trkpt>
<trkpt lat="59.572111" lon="9.290607">
<ele>179.243</ele>
</trkpt>
<trkpt lat="59.572285" lon="9.290723">
<ele>181.069</ele>
</trkpt>
<trkpt lat="59.572413" lon="9.290825">
<ele>181.274</ele>
</trkpt>
<trkpt lat="59.572528" lon="9.290932">
<ele>181.473</ele>
</trkpt>
<trkpt lat="59.57264" lon="9.291053">
<ele>181.175</ele>
</trkpt>
<trkpt lat="59.572746" lon="9.291187">
<ele>180.648</ele>
</trkpt>
<trkpt lat="59.572886" lon="9.291389">
<ele>179.052</ele>
</trkpt>
<trkpt lat="59.572933" lon="9.291511">
<ele>178.646</ele>
</trkpt>
<trkpt lat="59.573037" lon="9.291666">
<ele>177.332</ele>
</trkpt>
<trkpt lat="59.57312" lon="9.291792">
<ele>177.092</ele>
</trkpt>
<trkpt lat="59.573185" lon="9.291877">
<ele>177.178</ele>
</trkpt>
<trkpt lat="59.573256" lon="9.291959">
<ele>177.383</ele>
</trkpt>
<trkpt lat="59.573383" lon="9.292082">
<ele>177.99</ele>
</trkpt>
<trkpt lat="59.573495" lon="9.292166">
<ele>178.595</ele>
</trkpt>
<trkpt lat="59.573616" lon="9.29225">
<ele>179.2</ele>
</trkpt>
<trkpt lat="59.573765" lon="9.292338">
<ele>179.834</ele>
</trkpt>
<trkpt lat="59.574245" lon="9.29263">
<ele>182.932</ele>
</trkpt>
<trkpt lat="59.574341" lon="9.292692">
<ele>184.459</ele>
</trkpt>
<trkpt lat="59.57452" lon="9.292842">
<ele>186.775</ele>
</trkpt>
<trkpt lat="59.574635" lon="9.292954">
<ele>188.006</ele>
</trkpt>
<trkpt lat="59.574798" lon="9.293129">
<ele>188.992</ele>
</trkpt>
<trkpt lat="59.574844" lon="9.293151">
<ele>188.905</ele>
</trkpt>
<trkpt lat="59.57488" lon="9.293161">
<ele>188.812</ele>
</trkpt>
<trkpt lat="59.575076" lon="9.293402">
<ele>189.468</ele>
</trkpt>
<trkpt lat="59.575463" lon="9.293836">
<ele>192.762</ele>
</trkpt>
<trkpt lat="59.575695" lon="9.294024">
<ele>194.946</ele>
</trkpt>
<trkpt lat="59.575919" lon="9.294151">
<ele>196.158</ele>
</trkpt>
<trkpt lat="59.576104" lon="9.294214">
<ele>195.733</ele>
</trkpt>
<trkpt lat="59.576332" lon="9.294267">
<ele>196.445</ele>
</trkpt>
<trkpt lat="59.576556" lon="9.2943">
<ele>197.233</ele>
</trkpt>
<trkpt lat="59.576776" lon="9.294318">
<ele>198.422</ele>
</trkpt>
<trkpt lat="59.577364" lon="9.294397">
<ele>201.569</ele>
</trkpt>
<trkpt lat="59.577684" lon="9.294472">
<ele>202.669</ele>
</trkpt>
<trkpt lat="59.577849" lon="9.294547">
<ele>202.851</ele>
</trkpt>
<trkpt lat="59.578006" lon="9.294661">
<ele>203.517</ele>
</trkpt>
<trkpt lat="59.578151" lon="9.294789">
<ele>204.879</ele>
</trkpt>
<trkpt lat="59.5783" lon="9.294969">
<ele>206.772</ele>
</trkpt>
<trkpt lat="59.57842" lon="9.295146">
<ele>206.639</ele>
</trkpt>
<trkpt lat="59.578565" lon="9.295386">
<ele>205.609</ele>
</trkpt>
<trkpt lat="59.578845" lon="9.295878">
<ele>205.114</ele>
</trkpt>
<trkpt lat="59.579085" lon="9.296281">
<ele>207.328</ele>
</trkpt>
<trkpt lat="59.579265" lon="9.296543">
<ele>209.315</ele>
</trkpt>
<trkpt lat="59.579439" lon="9.296763">
<ele>210.446</ele>
</trkpt>
<trkpt lat="59.579624" lon="9.296961">
<ele>211.967</ele>
</trkpt>
<trkpt lat="59.579816" lon="9.297127">
<ele>213.291</ele>
</trkpt>
<trkpt lat="59.580019" lon="9.297267">
<ele>214.451</ele>
</trkpt>
<trkpt lat="59.580255" lon="9.297397">
<ele>214.34</ele>
</trkpt>
<trkpt lat="59.58123" lon="9.297881">
<ele>217.127</ele>
</trkpt>
<trkpt lat="59.58178" lon="9.29813">
<ele>220.963</ele>
</trkpt>
<trkpt lat="59.582135" lon="9.298301">
<ele>221.965</ele>
</trkpt>
<trkpt lat="59.582756" lon="9.298631">
<ele>226.214</ele>
</trkpt>
<trkpt lat="59.582942" lon="9.298751">
<ele>228.606</ele>
</trkpt>
<trkpt lat="59.58316" lon="9.298917">
<ele>230.928</ele>
</trkpt>
<trkpt lat="59.583313" lon="9.299053">
<ele>231.846</ele>
</trkpt>
<trkpt lat="59.583395" lon="9.299134">
<ele>231.981</ele>
</trkpt>
<trkpt lat="59.583599" lon="9.299355">
<ele>232.165</ele>
</trkpt>
<trkpt lat="59.583666" lon="9.299439">
<ele>232.155</ele>
</trkpt>
<trkpt lat="59.583834" lon="9.299658">
<ele>231.328</ele>
</trkpt>
<trkpt lat="59.583929" lon="9.299798">
<ele>231.49</ele>
</trkpt>
<trkpt lat="59.584026" lon="9.299953">
<ele>232.095</ele>
</trkpt>
<trkpt lat="59.584104" lon="9.30009">
<ele>232.398</ele>
</trkpt>
<trkpt lat="59.584202" lon="9.300288">
<ele>232.692</ele>
</trkpt>
<trkpt lat="59.584271" lon="9.300437">
<ele>233.02</ele>
</trkpt>
<trkpt lat="59.584344" lon="9.300615">
<ele>233.454</ele>
</trkpt>
<trkpt lat="59.584403" lon="9.300772">
<ele>233.459</ele>
</trkpt>
<trkpt lat="59.584473" lon="9.300976">
<ele>233.924</ele>
</trkpt>
<trkpt lat="59.584522" lon="9.301141">
<ele>234.906</ele>
</trkpt>
<trkpt lat="59.584565" lon="9.301298">
<ele>235.62</ele>
</trkpt>
<trkpt lat="59.584618" lon="9.301509">
<ele>236.777</ele>
</trkpt>
<trkpt lat="59.584664" lon="9.301733">
<ele>237.918</ele>
</trkpt>
<trkpt lat="59.584696" lon="9.301909">
<ele>238.238</ele>
</trkpt>
<trkpt lat="59.584724" lon="9.302093">
<ele>238.522</ele>
</trkpt>
<trkpt lat="59.584755" lon="9.302323">
<ele>239.127</ele>
</trkpt>
<trkpt lat="59.584773" lon="9.302492">
<ele>239.606</ele>
</trkpt>
<trkpt lat="59.584796" lon="9.302775">
<ele>240.459</ele>
</trkpt>
<trkpt lat="59.584808" lon="9.302997">
<ele>240.626</ele>
</trkpt>
<trkpt lat="59.584813" lon="9.303305">
<ele>240.967</ele>
</trkpt>
<trkpt lat="59.584812" lon="9.303507">
<ele>241.0</ele>
</trkpt>
<trkpt lat="59.584807" lon="9.303713">
<ele>241.112</ele>
</trkpt>
<trkpt lat="59.584796" lon="9.303949">
<ele>241.539</ele>
</trkpt>
<trkpt lat="59.584787" lon="9.304105">
<ele>242.193</ele>
</trkpt>
<trkpt lat="59.584748" lon="9.304247">
<ele>242.528</ele>
</trkpt>
<trkpt lat="59.584714" lon="9.304528">
<ele>243.203</ele>
</trkpt>
<trkpt lat="59.584687" lon="9.304774">
<ele>243.656</ele>
</trkpt>
<trkpt lat="59.584624" lon="9.305482">
<ele>243.492</ele>
</trkpt>
<trkpt lat="59.584545" lon="9.306329">
<ele>243.224</ele>
</trkpt>
<trkpt lat="59.584519" lon="9.306603">
<ele>243.832</ele>
</trkpt>
<trkpt lat="59.584419" lon="9.30778">
<ele>248.092</ele>
</trkpt>
<trkpt lat="59.584369" lon="9.308293">
<ele>249.398</ele>
</trkpt>
<trkpt lat="59.584329" lon="9.308782">
<ele>251.031</ele>
</trkpt>
<trkpt lat="59.584334" lon="9.309018">
<ele>251.678</ele>
</trkpt>
<trkpt lat="59.584297" lon="9.309308">
<ele>252.509</ele>
</trkpt>
<trkpt lat="59.58425" lon="9.309619">
<ele>253.0</ele>
</trkpt>
<trkpt lat="59.584194" lon="9.309897">
<ele>253.567</ele>
</trkpt>
<trkpt lat="59.584124" lon="9.310221">
<ele>254.796</ele>
</trkpt>
<trkpt lat="59.583973" lon="9.310778">
<ele>256.801</ele>
</trkpt>
<trkpt lat="59.583835" lon="9.311208">
<ele>258.155</ele>
</trkpt>
<trkpt lat="59.583732" lon="9.311509">
<ele>259.056</ele>
</trkpt>
<trkpt lat="59.583637" lon="9.31178">
<ele>259.632</ele>
</trkpt>
<trkpt lat="59.583451" lon="9.312305">
<ele>261.848</ele>
</trkpt>
<trkpt lat="59.583086" lon="9.313246">
<ele>265.481</ele>
</trkpt>
<trkpt lat="59.58299" lon="9.313511">
<ele>266.489</ele>
</trkpt>
<trkpt lat="59.582879" lon="9.313875">
<ele>267.661</ele>
</trkpt>
<trkpt lat="59.582833" lon="9.31405">
<ele>268.093</ele>
</trkpt>
<trkpt lat="59.582771" lon="9.314325">
<ele>269.102</ele>
</trkpt>
<trkpt lat="59.582679" lon="9.314822">
<ele>271.755</ele>
</trkpt>
<trkpt lat="59.582569" lon="9.315529">
<ele>273.371</ele>
</trkpt>
<trkpt lat="59.582504" lon="9.316026">
<ele>274.474</ele>
</trkpt>
<trkpt lat="59.58248" lon="9.316275">
<ele>276.626</ele>
</trkpt>
<trkpt lat="59.582461" lon="9.316554">
<ele>279.586</ele>
</trkpt>
<trkpt lat="59.582451" lon="9.316958">
<ele>283.979</ele>
</trkpt>
<trkpt lat="59.58246" lon="9.317369">
<ele>288.057</ele>
</trkpt>
<trkpt lat="59.582468" lon="9.317504">
<ele>289.03</ele>
</trkpt>
<trkpt lat="59.58249" lon="9.317798">
<ele>291.111</ele>
</trkpt>
<trkpt lat="59.582526" lon="9.318107">
<ele>292.651</ele>
</trkpt>
<trkpt lat="59.582579" lon="9.318456">
<ele>295.169</ele>
</trkpt>
<trkpt lat="59.582614" lon="9.318633">
<ele>295.9</ele>
</trkpt>
<trkpt lat="59.582651" lon="9.318808">
<ele>296.796</ele>
</trkpt>
<trkpt lat="59.582713" lon="9.319056">
<ele>297.674</ele>
</trkpt>
<trkpt lat="59.58277" lon="9.319256">
<ele>297.99</ele>
</trkpt>
<trkpt lat="59.582852" lon="9.319516">
<ele>298.912</ele>
</trkpt>
<trkpt lat="59.583025" lon="9.32">
<ele>300.22</ele>
</trkpt>
<trkpt lat="59.583203" lon="9.320502">
<ele>300.419</ele>
</trkpt>
<trkpt lat="59.583324" lon="9.320887">
<ele>300.567</ele>
</trkpt>
<trkpt lat="59.583417" lon="9.321254">
<ele>302.932</ele>
</trkpt>
<trkpt lat="59.583483" lon="9.321621">
<ele>305.44</ele>
</trkpt>
<trkpt lat="59.583519" lon="9.321933">
<ele>307.244</ele>
</trkpt>
<trkpt lat="59.583542" lon="9.322192">
<ele>308.999</ele>
</trkpt>
<trkpt lat="59.583558" lon="9.322554">
<ele>309.959</ele>
</trkpt>
<trkpt lat="59.583575" lon="9.32313">
<ele>310.788</ele>
</trkpt>
<trkpt lat="59.58359" lon="9.323668">
<ele>311.288</ele>
</trkpt>
<trkpt lat="59.583626" lon="9.32469">
<ele>311.101</ele>
</trkpt>
<trkpt lat="59.583658" lon="9.325196">
<ele>313.043</ele>
</trkpt>
<trkpt lat="59.583671" lon="9.325319">
<ele>313.58</ele>
</trkpt>
<trkpt lat="59.583688" lon="9.325488">
<ele>314.31</ele>
</trkpt>
<trkpt lat="59.58374" lon="9.325901">
<ele>316.838</ele>
</trkpt>
<trkpt lat="59.583791" lon="9.326238">
<ele>318.618</ele>
</trkpt>
<trkpt lat="59.583826" lon="9.326455">
<ele>319.702</ele>
</trkpt>
<trkpt lat="59.584006" lon="9.32724">
<ele>323.459</ele>
</trkpt>
<trkpt lat="59.58408" lon="9.327496">
<ele>323.996</ele>
</trkpt>
<trkpt lat="59.58425" lon="9.327997">
<ele>324.063</ele>
</trkpt>
<trkpt lat="59.584331" lon="9.328206">
<ele>323.68</ele>
</trkpt>
<trkpt lat="59.584412" lon="9.328397">
<ele>323.117</ele>
</trkpt>
<trkpt lat="59.584539" lon="9.328691">
<ele>322.372</ele>
</trkpt>
<trkpt lat="59.584728" lon="9.329084">
<ele>321.042</ele>
</trkpt>
<trkpt lat="59.584949" lon="9.329549">
<ele>322.633</ele>
</trkpt>
<trkpt lat="59.58508" lon="9.329821">
<ele>323.576</ele>
</trkpt>
<trkpt lat="59.585147" lon="9.329959">
<ele>324.058</ele>
</trkpt>
<trkpt lat="59.585287" lon="9.330252">
<ele>325.874</ele>
</trkpt>
<trkpt lat="59.585391" lon="9.330495">
<ele>326.374</ele>
</trkpt>
<trkpt lat="59.585463" lon="9.33071">
<ele>326.889</ele>
</trkpt>
<trkpt lat="59.58555" lon="9.330998">
<ele>328.206</ele>
</trkpt>
<trkpt lat="59.585613" lon="9.331272">
<ele>328.752</ele>
</trkpt>
<trkpt lat="59.585667" lon="9.331554">
<ele>328.99</ele>
</trkpt>
<trkpt lat="59.585843" lon="9.332599">
<ele>327.965</ele>
</trkpt>
<trkpt lat="59.585964" lon="9.333264">
<ele>327.927</ele>
</trkpt>
<trkpt lat="59.586058" lon="9.333693">
<ele>327.868</ele>
</trkpt>
<trkpt lat="59.586162" lon="9.33412">
<ele>328.496</ele>
</trkpt>
<trkpt lat="59.586369" lon="9.334985">
<ele>327.165</ele>
</trkpt>
<trkpt lat="59.586559" lon="9.335784">
<ele>327.598</ele>
</trkpt>
<trkpt lat="59.586688" lon="9.336308">
<ele>329.0</ele>
</trkpt>
<trkpt lat="59.586923" lon="9.337303">
<ele>328.5</ele>
</trkpt>
<trkpt lat="59.587053" lon="9.337845">
<ele>329.07</ele>
</trkpt>
<trkpt lat="59.587123" lon="9.338149">
<ele>329.528</ele>
</trkpt>
<trkpt lat="59.58718" lon="9.338386">
<ele>329.608</ele>
</trkpt>
<trkpt lat="59.587309" lon="9.338934">
<ele>328.014</ele>
</trkpt>
<trkpt lat="59.587363" lon="9.339172">
<ele>326.447</ele>
</trkpt>
<trkpt lat="59.587425" lon="9.339479">
<ele>324.283</ele>
</trkpt>
<trkpt lat="59.58747" lon="9.33972">
<ele>323.326</ele>
</trkpt>
<trkpt lat="59.587567" lon="9.340317">
<ele>322.931</ele>
</trkpt>
<trkpt lat="59.587636" lon="9.340699">
<ele>323.732</ele>
</trkpt>
<trkpt lat="59.587695" lon="9.340993">
<ele>324.575</ele>
</trkpt>
<trkpt lat="59.587782" lon="9.341329">
<ele>325.018</ele>
</trkpt>
<trkpt lat="59.58785" lon="9.341521">
<ele>324.784</ele>
</trkpt>
<trkpt lat="59.587886" lon="9.34161">
<ele>324.594</ele>
</trkpt>
<trkpt lat="59.587938" lon="9.341722">
<ele>324.462</ele>
</trkpt>
<trkpt lat="59.588018" lon="9.341898">
<ele>324.145</ele>
</trkpt>
<trkpt lat="59.5882" lon="9.342251">
<ele>322.946</ele>
</trkpt>
<trkpt lat="59.588375" lon="9.342584">
<ele>321.605</ele>
</trkpt>
<trkpt lat="59.588466" lon="9.342757">
<ele>320.221</ele>
</trkpt>
<trkpt lat="59.588545" lon="9.342934">
<ele>319.571</ele>
</trkpt>
<trkpt lat="59.588626" lon="9.343117">
<ele>318.546</ele>
</trkpt>
<trkpt lat="59.588783" lon="9.343544">
<ele>316.381</ele>
</trkpt>
<trkpt lat="59.588877" lon="9.343855">
<ele>316.043</ele>
</trkpt>
<trkpt lat="59.589005" lon="9.34436">
<ele>317.127</ele>
</trkpt>
<trkpt lat="59.589053" lon="9.344591">
<ele>317.245</ele>
</trkpt>
<trkpt lat="59.589084" lon="9.344794">
<ele>316.849</ele>
</trkpt>
<trkpt lat="59.589114" lon="9.344988">
<ele>316.474</ele>
</trkpt>
<trkpt lat="59.589144" lon="9.345264">
<ele>314.854</ele>
</trkpt>
<trkpt lat="59.589186" lon="9.345802">
<ele>311.434</ele>
</trkpt>
<trkpt lat="59.589215" lon="9.346203">
<ele>308.092</ele>
</trkpt>
<trkpt lat="59.589271" lon="9.346923">
<ele>304.955</ele>
</trkpt>
<trkpt lat="59.589418" lon="9.348884">
<ele>299.367</ele>
</trkpt>
<trkpt lat="59.589478" lon="9.349537">
<ele>296.392</ele>
</trkpt>
<trkpt lat="59.589539" lon="9.350052">
<ele>295.132</ele>
</trkpt>
<trkpt lat="59.589617" lon="9.350641">
<ele>293.229</ele>
</trkpt>
<trkpt lat="59.58966" lon="9.350895">
<ele>292.436</ele>
</trkpt>
<trkpt lat="59.589707" lon="9.351161">
<ele>291.546</ele>
</trkpt>
<trkpt lat="59.589804" lon="9.351602">
<ele>291.479</ele>
</trkpt>
<trkpt lat="59.589865" lon="9.35185">
<ele>291.057</ele>
</trkpt>
<trkpt lat="59.590009" lon="9.352382">
<ele>287.979</ele>
</trkpt>
<trkpt lat="59.590077" lon="9.352598">
<ele>287.05</ele>
</trkpt>
<trkpt lat="59.590234" lon="9.352989">
<ele>285.208</ele>
</trkpt>
<trkpt lat="59.59039" lon="9.353324">
<ele>281.942</ele>
</trkpt>
<trkpt lat="59.590479" lon="9.353487">
<ele>280.236</ele>
</trkpt>
<trkpt lat="59.590565" lon="9.353626">
<ele>278.802</ele>
</trkpt>
<trkpt lat="59.59069" lon="9.353795">
<ele>276.978</ele>
</trkpt>
<trkpt lat="59.590876" lon="9.354001">
<ele>276.995</ele>
</trkpt>
<trkpt lat="59.591003" lon="9.354114">
<ele>277.527</ele>
</trkpt>
<trkpt lat="59.591106" lon="9.354201">
<ele>277.716</ele>
</trkpt>
<trkpt lat="59.591216" lon="9.354267">
<ele>278.033</ele>
</trkpt>
<trkpt lat="59.591324" lon="9.354331">
<ele>278.35</ele>
</trkpt>
<trkpt lat="59.591418" lon="9.354394">
<ele>278.487</ele>
</trkpt>
<trkpt lat="59.591535" lon="9.35448">
<ele>278.203</ele>
</trkpt>
<trkpt lat="59.591663" lon="9.354597">
<ele>277.346</ele>
</trkpt>
<trkpt lat="59.591743" lon="9.354691">
<ele>276.306</ele>
</trkpt>
<trkpt lat="59.591774" lon="9.354739">
<ele>275.842</ele>
</trkpt>
<trkpt lat="59.591802" lon="9.354781">
<ele>275.468</ele>
</trkpt>
<trkpt lat="59.591895" lon="9.354945">
<ele>274.253</ele>
</trkpt>
<trkpt lat="59.591926" lon="9.355008">
<ele>273.93</ele>
</trkpt>
<trkpt lat="59.59203" lon="9.355312">
<ele>274.261</ele>
</trkpt>
<trkpt lat="59.592066" lon="9.355443">
<ele>274.363</ele>
</trkpt>
<trkpt lat="59.592092" lon="9.355573">
<ele>274.594</ele>
</trkpt>
<trkpt lat="59.592116" lon="9.355743">
<ele>274.853</ele>
</trkpt>
<trkpt lat="59.592129" lon="9.355996">
<ele>275.579</ele>
</trkpt>
<trkpt lat="59.592127" lon="9.356952">
<ele>275.972</ele>
</trkpt>
<trkpt lat="59.592125" lon="9.357664">
<ele>275.36</ele>
</trkpt>
<trkpt lat="59.592124" lon="9.358239">
<ele>274.706</ele>
</trkpt>
<trkpt lat="59.592116" lon="9.359044">
<ele>277.088</ele>
</trkpt>
<trkpt lat="59.592091" lon="9.361094">
<ele>280.14</ele>
</trkpt>
<trkpt lat="59.592092" lon="9.361807">
<ele>279.924</ele>
</trkpt>
<trkpt lat="59.592107" lon="9.362423">
<ele>281.396</ele>
</trkpt>
<trkpt lat="59.592132" lon="9.36291">
<ele>283.206</ele>
</trkpt>
<trkpt lat="59.592152" lon="9.363228">
<ele>284.514</ele>
</trkpt>
<trkpt lat="59.592167" lon="9.363412">
<ele>285.317</ele>
</trkpt>
<trkpt lat="59.592189" lon="9.363606">
<ele>285.756</ele>
</trkpt>
<trkpt lat="59.592219" lon="9.363821">
<ele>286.741</ele>
</trkpt>
<trkpt lat="59.59226" lon="9.364077">
<ele>287.452</ele>
</trkpt>
<trkpt lat="59.5923" lon="9.364297">
<ele>287.709</ele>
</trkpt>
<trkpt lat="59.592348" lon="9.364529">
<ele>287.906</ele>
</trkpt>
<trkpt lat="59.59248" lon="9.36509">
<ele>288.324</ele>
</trkpt>
<trkpt lat="59.592579" lon="9.36547">
<ele>289.78</ele>
</trkpt>
<trkpt lat="59.592691" lon="9.36586">
<ele>291.126</ele>
</trkpt>
<trkpt lat="59.592876" lon="9.36645">
<ele>294.716</ele>
</trkpt>
<trkpt lat="59.593059" lon="9.36696">
<ele>297.16</ele>
</trkpt>
<trkpt lat="59.59325" lon="9.367504">
<ele>301.019</ele>
</trkpt>
<trkpt lat="59.593485" lon="9.368181">
<ele>303.709</ele>
</trkpt>
<trkpt lat="59.59361" lon="9.36852">
<ele>303.683</ele>
</trkpt>
<trkpt lat="59.593753" lon="9.368892">
<ele>307.038</ele>
</trkpt>
<trkpt lat="59.593925" lon="9.369386">
<ele>310.921</ele>
</trkpt>
<trkpt lat="59.594122" lon="9.369923">
<ele>312.955</ele>
</trkpt>
<trkpt lat="59.594265" lon="9.370335">
<ele>314.122</ele>
</trkpt>
<trkpt lat="59.594383" lon="9.370711">
<ele>314.903</ele>
</trkpt>
<trkpt lat="59.594485" lon="9.371047">
<ele>315.438</ele>
</trkpt>
<trkpt lat="59.59455" lon="9.371287">
<ele>317.166</ele>
</trkpt>
<trkpt lat="59.59459" lon="9.371477">
<ele>318.667</ele>
</trkpt>
<trkpt lat="59.594637" lon="9.371726">
<ele>320.131</ele>
</trkpt>
<trkpt lat="59.594672" lon="9.372038">
<ele>320.82</ele>
</trkpt>
<trkpt lat="59.594698" lon="9.372371">
<ele>321.349</ele>
</trkpt>
<trkpt lat="59.594713" lon="9.372738">
<ele>321.99</ele>
</trkpt>
<trkpt lat="59.594713" lon="9.373127">
<ele>323.39</ele>
</trkpt>
<trkpt lat="59.594719" lon="9.373357">
<ele>324.217</ele>
</trkpt>
<trkpt lat="59.594737" lon="9.373602">
<ele>325.777</ele>
</trkpt>
<trkpt lat="59.594764" lon="9.373836">
<ele>327.168</ele>
</trkpt>
<trkpt lat="59.594798" lon="9.374038">
<ele>329.182</ele>
</trkpt>
<trkpt lat="59.594821" lon="9.374121">
<ele>329.978</ele>
</trkpt>
<trkpt lat="59.594893" lon="9.374318">
<ele>331.385</ele>
</trkpt>
<trkpt lat="59.594971" lon="9.374494">
<ele>332.236</ele>
</trkpt>
<trkpt lat="59.595103" lon="9.374672">
<ele>333.231</ele>
</trkpt>
<trkpt lat="59.595175" lon="9.374742">
<ele>333.35</ele>
</trkpt>
<trkpt lat="59.59539" lon="9.374878">
<ele>334.264</ele>
</trkpt>
<trkpt lat="59.595645" lon="9.375034">
<ele>337.055</ele>
</trkpt>
<trkpt lat="59.595696" lon="9.375064">
<ele>337.7</ele>
</trkpt>
<trkpt lat="59.59581" lon="9.375164">
<ele>339.112</ele>
</trkpt>
<trkpt lat="59.595956" lon="9.375372">
<ele>338.463</ele>
</trkpt>
<trkpt lat="59.59604" lon="9.375546">
<ele>336.8</ele>
</trkpt>
<trkpt lat="59.596109" lon="9.37575">
<ele>335.759</ele>
</trkpt>
<trkpt lat="59.596165" lon="9.376007">
<ele>337.129</ele>
</trkpt>
<trkpt lat="59.596193" lon="9.376255">
<ele>338.223</ele>
</trkpt>
<trkpt lat="59.596199" lon="9.37644">
<ele>338.868</ele>
</trkpt>
<trkpt lat="59.596194" lon="9.37661">
<ele>339.498</ele>
</trkpt>
<trkpt lat="59.596177" lon="9.376834">
<ele>340.508</ele>
</trkpt>
<trkpt lat="59.596145" lon="9.37707">
<ele>341.507</ele>
</trkpt>
<trkpt lat="59.596084" lon="9.377473">
<ele>343.41</ele>
</trkpt>
<trkpt lat="59.595893" lon="9.378465">
<ele>341.917</ele>
</trkpt>
<trkpt lat="59.595805" lon="9.378956">
<ele>338.784</ele>
</trkpt>
<trkpt lat="59.595703" lon="9.379505">
<ele>337.58</ele>
</trkpt>
<trkpt lat="59.595656" lon="9.379766">
<ele>337.57</ele>
</trkpt>
<trkpt lat="59.595616" lon="9.380036">
<ele>338.116</ele>
</trkpt>
<trkpt lat="59.595582" lon="9.380304">
<ele>338.055</ele>
</trkpt>
<trkpt lat="59.595545" lon="9.380705">
<ele>338.424</ele>
</trkpt>
<trkpt lat="59.595519" lon="9.381486">
<ele>339.955</ele>
</trkpt>
<trkpt lat="59.595518" lon="9.381738">
<ele>340.629</ele>
</trkpt>
<trkpt lat="59.595525" lon="9.381918">
<ele>340.77</ele>
</trkpt>
<trkpt lat="59.595577" lon="9.382724">
<ele>344.362</ele>
</trkpt>
<trkpt lat="59.595636" lon="9.383418">
<ele>347.738</ele>
</trkpt>
<trkpt lat="59.595706" lon="9.384066">
<ele>350.25</ele>
</trkpt>
<trkpt lat="59.595756" lon="9.384428">
<ele>351.592</ele>
</trkpt>
<trkpt lat="59.595819" lon="9.384794">
<ele>353.052</ele>
</trkpt>
<trkpt lat="59.595895" lon="9.385168">
<ele>356.825</ele>
</trkpt>
<trkpt lat="59.596035" lon="9.385663">
<ele>364.092</ele>
</trkpt>
<trkpt lat="59.596153" lon="9.386031">
<ele>369.112</ele>
</trkpt>
<trkpt lat="59.596284" lon="9.386512">
<ele>373.769</ele>
</trkpt>
<trkpt lat="59.596348" lon="9.386812">
<ele>375.822</ele>
</trkpt>
<trkpt lat="59.596409" lon="9.387176">
<ele>377.507</ele>
</trkpt>
<trkpt lat="59.596446" lon="9.387459">
<ele>377.762</ele>
</trkpt>
<trkpt lat="59.596479" lon="9.387755">
<ele>377.677</ele>
</trkpt>
<trkpt lat="59.596511" lon="9.387964">
<ele>378.517</ele>
</trkpt>
<trkpt lat="59.596552" lon="9.388228">
<ele>379.077</ele>
</trkpt>
<trkpt lat="59.596599" lon="9.38848">
<ele>380.051</ele>
</trkpt>
<trkpt lat="59.596678" lon="9.388841">
<ele>381.465</ele>
</trkpt>
<trkpt lat="59.596792" lon="9.389269">
<ele>382.173</ele>
</trkpt>
<trkpt lat="59.596907" lon="9.389694">
<ele>382.428</ele>
</trkpt>
<trkpt lat="59.597156" lon="9.390592">
<ele>381.946</ele>
</trkpt>
<trkpt lat="59.597223" lon="9.390866">
<ele>381.782</ele>
</trkpt>
<trkpt lat="59.59728" lon="9.391147">
<ele>381.248</ele>
</trkpt>
<trkpt lat="59.597388" lon="9.391758">
<ele>384.91</ele>
</trkpt>
<trkpt lat="59.597469" lon="9.392184">
<ele>388.193</ele>
</trkpt>
<trkpt lat="59.597553" lon="9.392516">
<ele>390.382</ele>
</trkpt>
<trkpt lat="59.597633" lon="9.392775">
<ele>392.868</ele>
</trkpt>
<trkpt lat="59.59774" lon="9.393074">
<ele>395.193</ele>
</trkpt>
<trkpt lat="59.597849" lon="9.393325">
<ele>398.044</ele>
</trkpt>
<trkpt lat="59.597999" lon="9.393615">
<ele>402.581</ele>
</trkpt>
<trkpt lat="59.598147" lon="9.393877">
<ele>405.646</ele>
</trkpt>
<trkpt lat="59.598262" lon="9.394095">
<ele>407.165</ele>
</trkpt>
<trkpt lat="59.598342" lon="9.39424">
<ele>407.574</ele>
</trkpt>
<trkpt lat="59.598415" lon="9.3944">
<ele>407.449</ele>
</trkpt>
<trkpt lat="59.598458" lon="9.394519">
<ele>407.647</ele>
</trkpt>
<trkpt lat="59.5985" lon="9.394622">
<ele>408.144</ele>
</trkpt>
<trkpt lat="59.598583" lon="9.394908">
<ele>408.758</ele>
</trkpt>
<trkpt lat="59.598644" lon="9.395178">
<ele>409.829</ele>
</trkpt>
<trkpt lat="59.598684" lon="9.395387">
<ele>410.65</ele>
</trkpt>
<trkpt lat="59.598715" lon="9.395651">
<ele>411.366</ele>
</trkpt>
<trkpt lat="59.598743" lon="9.396085">
<ele>412.703</ele>
</trkpt>
<trkpt lat="59.59874" lon="9.396486">
<ele>414.177</ele>
</trkpt>
<trkpt lat="59.598724" lon="9.39685">
<ele>415.709</ele>
</trkpt>
<trkpt lat="59.598672" lon="9.397455">
<ele>417.372</ele>
</trkpt>
<trkpt lat="59.598605" lon="9.398247">
<ele>421.284</ele>
</trkpt>
<trkpt lat="59.598576" lon="9.39855">
<ele>423.054</ele>
</trkpt>
<trkpt lat="59.598557" lon="9.398803">
<ele>424.737</ele>
</trkpt>
<trkpt lat="59.598546" lon="9.399052">
<ele>426.471</ele>
</trkpt>
<trkpt lat="59.598544" lon="9.399305">
<ele>428.649</ele>
</trkpt>
<trkpt lat="59.598554" lon="9.399577">
<ele>430.655</ele>
</trkpt>
<trkpt lat="59.598579" lon="9.399835">
<ele>431.991</ele>
</trkpt>
<trkpt lat="59.598624" lon="9.400161">
<ele>433.232</ele>
</trkpt>
<trkpt lat="59.598675" lon="9.400475">
<ele>433.44</ele>
</trkpt>
<trkpt lat="59.598774" lon="9.401041">
<ele>433.184</ele>
</trkpt>
<trkpt lat="59.59886" lon="9.40143">
<ele>433.436</ele>
</trkpt>
<trkpt lat="59.598982" lon="9.401895">
<ele>433.578</ele>
</trkpt>
<trkpt lat="59.599128" lon="9.402495">
<ele>433.582</ele>
</trkpt>
<trkpt lat="59.59917" lon="9.402746">
<ele>433.174</ele>
</trkpt>
<trkpt lat="59.599197" lon="9.402957">
<ele>433.476</ele>
</trkpt>
<trkpt lat="59.599212" lon="9.403169">
<ele>433.244</ele>
</trkpt>
<trkpt lat="59.599213" lon="9.403535">
<ele>432.667</ele>
</trkpt>
<trkpt lat="59.599196" lon="9.404164">
<ele>433.413</ele>
</trkpt>
<trkpt lat="59.599203" lon="9.404434">
<ele>434.486</ele>
</trkpt>
<trkpt lat="59.599236" lon="9.404733">
<ele>434.998</ele>
</trkpt>
<trkpt lat="59.599271" lon="9.40494">
<ele>435.502</ele>
</trkpt>
<trkpt lat="59.5993" lon="9.405063">
<ele>435.92</ele>
</trkpt>
<trkpt lat="59.59944" lon="9.405523">
<ele>437.067</ele>
</trkpt>
<trkpt lat="59.599599" lon="9.405991">
<ele>437.786</ele>
</trkpt>
<trkpt lat="59.600821" lon="9.409522">
<ele>451.2</ele>
</trkpt>
<trkpt lat="59.601023" lon="9.410117">
<ele>451.809</ele>
</trkpt>
<trkpt lat="59.601205" lon="9.410737">
<ele>454.483</ele>
</trkpt>
<trkpt lat="59.601349" lon="9.411307">
<ele>457.383</ele>
</trkpt>
<trkpt lat="59.601909" lon="9.413633">
<ele>466.755</ele>
</trkpt>
<trkpt lat="59.602147" lon="9.414654">
<ele>472.892</ele>
</trkpt>
<trkpt lat="59.602356" lon="9.415507">
<ele>477.199</ele>
</trkpt>
<trkpt lat="59.602498" lon="9.416041">
<ele>477.794</ele>
</trkpt>
<trkpt lat="59.602626" lon="9.416487">
<ele>479.925</ele>
</trkpt>
<trkpt lat="59.602806" lon="9.417069">
<ele>480.354</ele>
</trkpt>
<trkpt lat="59.603038" lon="9.41783">
<ele>478.172</ele>
</trkpt>
<trkpt lat="59.603211" lon="9.418422">
<ele>477.864</ele>
</trkpt>
<trkpt lat="59.603249" lon="9.418564">
<ele>477.119</ele>
</trkpt>
<trkpt lat="59.603566" lon="9.419748">
<ele>472.795</ele>
</trkpt>
<trkpt lat="59.603693" lon="9.420233">
<ele>472.07</ele>
</trkpt>
<trkpt lat="59.603983" lon="9.42126">
<ele>475.212</ele>
</trkpt>
<trkpt lat="59.604074" lon="9.421628">
<ele>475.965</ele>
</trkpt>
<trkpt lat="59.604224" lon="9.422237">
<ele>475.217</ele>
</trkpt>
<trkpt lat="59.604296" lon="9.422626">
<ele>474.703</ele>
</trkpt>
<trkpt lat="59.604346" lon="9.422941">
<ele>473.689</ele>
</trkpt>
<trkpt lat="59.604391" lon="9.42325">
<ele>472.243</ele>
</trkpt>
<trkpt lat="59.604421" lon="9.423522">
<ele>470.364</ele>
</trkpt>
<trkpt lat="59.604453" lon="9.423874">
<ele>467.994</ele>
</trkpt>
<trkpt lat="59.604476" lon="9.424275">
<ele>465.879</ele>
</trkpt>
<trkpt lat="59.60449" lon="9.424722">
<ele>463.345</ele>
</trkpt>
<trkpt lat="59.604478" lon="9.425285">
<ele>460.22</ele>
</trkpt>
<trkpt lat="59.604441" lon="9.42618">
<ele>455.938</ele>
</trkpt>
<trkpt lat="59.60443" lon="9.426665">
<ele>453.844</ele>
</trkpt>
<trkpt lat="59.604429" lon="9.427195">
<ele>453.89</ele>
</trkpt>
<trkpt lat="59.60445" lon="9.427565">
<ele>455.223</ele>
</trkpt>
<trkpt lat="59.604484" lon="9.428">
<ele>456.063</ele>
</trkpt>
<trkpt lat="59.604531" lon="9.428373">
<ele>456.305</ele>
</trkpt>
<trkpt lat="59.604583" lon="9.428735">
<ele>454.736</ele>
</trkpt>
<trkpt lat="59.604663" lon="9.429153">
<ele>452.88</ele>
</trkpt>
<trkpt lat="59.604757" lon="9.429563">
<ele>451.3</ele>
</trkpt>
<trkpt lat="59.604876" lon="9.430026">
<ele>450.111</ele>
</trkpt>
<trkpt lat="59.605141" lon="9.430921">
<ele>445.048</ele>
</trkpt>
<trkpt lat="59.605376" lon="9.431779">
<ele>439.665</ele>
</trkpt>
<trkpt lat="59.605458" lon="9.432117">
<ele>436.756</ele>
</trkpt>
<trkpt lat="59.605517" lon="9.432412">
<ele>434.67</ele>
</trkpt>
<trkpt lat="59.605559" lon="9.432691">
<ele>433.585</ele>
</trkpt>
<trkpt lat="59.605578" lon="9.432862">
<ele>433.632</ele>
</trkpt>
<trkpt lat="59.605589" lon="9.433018">
<ele>433.798</ele>
</trkpt>
<trkpt lat="59.605596" lon="9.43318">
<ele>434.138</ele>
</trkpt>
<trkpt lat="59.605597" lon="9.433373">
<ele>434.636</ele>
</trkpt>
<trkpt lat="59.605601" lon="9.433663">
<ele>434.177</ele>
</trkpt>
<trkpt lat="59.605599" lon="9.434315">
<ele>431.691</ele>
</trkpt>
<trkpt lat="59.605615" lon="9.434832">
<ele>429.405</ele>
</trkpt>
<trkpt lat="59.605645" lon="9.435098">
<ele>428.504</ele>
</trkpt>
<trkpt lat="59.605663" lon="9.43522">
<ele>428.372</ele>
</trkpt>
<trkpt lat="59.605698" lon="9.435412">
<ele>428.432</ele>
</trkpt>
<trkpt lat="59.605738" lon="9.435604">
<ele>428.547</ele>
</trkpt>
<trkpt lat="59.605798" lon="9.435794">
<ele>428.367</ele>
</trkpt>
<trkpt lat="59.605896" lon="9.436074">
<ele>428.19</ele>
</trkpt>
<trkpt lat="59.606074" lon="9.436487">
<ele>429.154</ele>
</trkpt>
<trkpt lat="59.606168" lon="9.436733">
<ele>429.439</ele>
</trkpt>
<trkpt lat="59.606311" lon="9.437076">
<ele>429.043</ele>
</trkpt>
<trkpt lat="59.606387" lon="9.437275">
<ele>428.624</ele>
</trkpt>
<trkpt lat="59.60645" lon="9.437449">
<ele>428.33</ele>
</trkpt>
<trkpt lat="59.606589" lon="9.437881">
<ele>426.923</ele>
</trkpt>
<trkpt lat="59.606771" lon="9.438471">
<ele>424.854</ele>
</trkpt>
<trkpt lat="59.606925" lon="9.439012">
<ele>424.753</ele>
</trkpt>
<trkpt lat="59.607067" lon="9.439566">
<ele>425.629</ele>
</trkpt>
<trkpt lat="59.607137" lon="9.439848">
<ele>425.099</ele>
</trkpt>
<trkpt lat="59.607325" lon="9.44066">
<ele>423.543</ele>
</trkpt>
<trkpt lat="59.607726" lon="9.442385">
<ele>417.491</ele>
</trkpt>
<trkpt lat="59.60789" lon="9.443054">
<ele>416.381</ele>
</trkpt>
<trkpt lat="59.608022" lon="9.443593">
<ele>415.539</ele>
</trkpt>
<trkpt lat="59.608304" lon="9.444794">
<ele>412.164</ele>
</trkpt>
<trkpt lat="59.608321" lon="9.444869">
<ele>411.649</ele>
</trkpt>
<trkpt lat="59.608355" lon="9.445017">
<ele>411.234</ele>
</trkpt>
<trkpt lat="59.608502" lon="9.445637">
<ele>412.214</ele>
</trkpt>
<trkpt lat="59.608671" lon="9.446352">
<ele>412.675</ele>
</trkpt>
<trkpt lat="59.608772" lon="9.446764">
<ele>412.753</ele>
</trkpt>
<trkpt lat="59.608835" lon="9.447012">
<ele>411.561</ele>
</trkpt>
<trkpt lat="59.608893" lon="9.447209">
<ele>410.111</ele>
</trkpt>
<trkpt lat="59.608963" lon="9.447418">
<ele>409.562</ele>
</trkpt>
<trkpt lat="59.609036" lon="9.447632">
<ele>409.054</ele>
</trkpt>
<trkpt lat="59.609113" lon="9.447834">
<ele>408.807</ele>
</trkpt>
<trkpt lat="59.609192" lon="9.448041">
<ele>409.01</ele>
</trkpt>
<trkpt lat="59.609304" lon="9.448333">
<ele>407.507</ele>
</trkpt>
<trkpt lat="59.610222" lon="9.45064">
<ele>401.738</ele>
</trkpt>
<trkpt lat="59.610389" lon="9.451083">
<ele>401.142</ele>
</trkpt>
<trkpt lat="59.610461" lon="9.451293">
<ele>400.777</ele>
</trkpt>
<trkpt lat="59.610516" lon="9.451452">
<ele>400.63</ele>
</trkpt>
<trkpt lat="59.610665" lon="9.451912">
<ele>400.834</ele>
</trkpt>
<trkpt lat="59.610781" lon="9.452297">
<ele>399.812</ele>
</trkpt>
<trkpt lat="59.610788" lon="9.452318">
<ele>399.837</ele>
</trkpt>
<trkpt lat="59.610818" lon="9.452416">
<ele>399.945</ele>
</trkpt>
<trkpt lat="59.610934" lon="9.452828">
<ele>399.362</ele>
</trkpt>
<trkpt lat="59.611044" lon="9.453266">
<ele>399.184</ele>
</trkpt>
<trkpt lat="59.611127" lon="9.453661">
<ele>398.935</ele>
</trkpt>
<trkpt lat="59.611176" lon="9.453983">
<ele>398.467</ele>
</trkpt>
<trkpt lat="59.61122" lon="9.454388">
<ele>398.3</ele>
</trkpt>
<trkpt lat="59.611258" lon="9.454805">
<ele>398.586</ele>
</trkpt>
<trkpt lat="59.611294" lon="9.455109">
<ele>398.717</ele>
</trkpt>
<trkpt lat="59.611338" lon="9.455406">
<ele>398.172</ele>
</trkpt>
<trkpt lat="59.611389" lon="9.455632">
<ele>398.002</ele>
</trkpt>
<trkpt lat="59.611458" lon="9.455892">
<ele>398.535</ele>
</trkpt>
<trkpt lat="59.611529" lon="9.456124">
<ele>398.513</ele>
</trkpt>
<trkpt lat="59.6116" lon="9.456352">
<ele>399.28</ele>
</trkpt>
<trkpt lat="59.611694" lon="9.456637">
<ele>399.314</ele>
</trkpt>
<trkpt lat="59.612653" lon="9.459469">
<ele>383.515</ele>
</trkpt>
<trkpt lat="59.612959" lon="9.460296">
<ele>380.196</ele>
</trkpt>
<trkpt lat="59.613158" lon="9.460808">
<ele>378.125</ele>
</trkpt>
<trkpt lat="59.613487" lon="9.461648">
<ele>376.697</ele>
</trkpt>
<trkpt lat="59.613744" lon="9.462274">
<ele>377.727</ele>
</trkpt>
<trkpt lat="59.613896" lon="9.462634">
<ele>378.138</ele>
</trkpt>
<trkpt lat="59.614032" lon="9.462934">
<ele>377.646</ele>
</trkpt>
<trkpt lat="59.61479" lon="9.464548">
<ele>373.153</ele>
</trkpt>
<trkpt lat="59.614819" lon="9.464608">
<ele>373.143</ele>
</trkpt>
<trkpt lat="59.615039" lon="9.465049">
<ele>372.677</ele>
</trkpt>
<trkpt lat="59.615241" lon="9.46538">
<ele>375.151</ele>
</trkpt>
<trkpt lat="59.615423" lon="9.465631">
<ele>376.949</ele>
</trkpt>
<trkpt lat="59.615579" lon="9.465835">
<ele>377.988</ele>
</trkpt>
<trkpt lat="59.616002" lon="9.466399">
<ele>374.356</ele>
</trkpt>
<trkpt lat="59.616234" lon="9.46671">
<ele>373.355</ele>
</trkpt>
<trkpt lat="59.616411" lon="9.46695">
<ele>374.298</ele>
</trkpt>
<trkpt lat="59.616565" lon="9.467164">
<ele>375.746</ele>
</trkpt>
<trkpt lat="59.616687" lon="9.467361">
<ele>376.61</ele>
</trkpt>
<trkpt lat="59.616803" lon="9.467568">
<ele>376.001</ele>
</trkpt>
<trkpt lat="59.616933" lon="9.467824">
<ele>374.46</ele>
</trkpt>
<trkpt lat="59.6171" lon="9.468169">
<ele>373.015</ele>
</trkpt>
<trkpt lat="59.617921" lon="9.46996">
<ele>370.111</ele>
</trkpt>
<trkpt lat="59.618092" lon="9.470364">
<ele>368.054</ele>
</trkpt>
<trkpt lat="59.61821" lon="9.470678">
<ele>365.377</ele>
</trkpt>
<trkpt lat="59.618324" lon="9.470999">
<ele>363.359</ele>
</trkpt>
<trkpt lat="59.618437" lon="9.471368">
<ele>361.838</ele>
</trkpt>
<trkpt lat="59.618579" lon="9.471832">
<ele>361.0</ele>
</trkpt>
<trkpt lat="59.618706" lon="9.472278">
<ele>359.648</ele>
</trkpt>
<trkpt lat="59.618862" lon="9.472834">
<ele>359.014</ele>
</trkpt>
<trkpt lat="59.618943" lon="9.473079">
<ele>358.542</ele>
</trkpt>
<trkpt lat="59.619009" lon="9.47325">
<ele>357.932</ele>
</trkpt>
<trkpt lat="59.619078" lon="9.473396">
<ele>357.727</ele>
</trkpt>
<trkpt lat="59.619142" lon="9.473505">
<ele>357.702</ele>
</trkpt>
<trkpt lat="59.619212" lon="9.473612">
<ele>357.644</ele>
</trkpt>
<trkpt lat="59.619285" lon="9.473712">
<ele>357.769</ele>
</trkpt>
<trkpt lat="59.619354" lon="9.473799">
<ele>358.125</ele>
</trkpt>
<trkpt lat="59.619431" lon="9.473888">
<ele>358.765</ele>
</trkpt>
<trkpt lat="59.619512" lon="9.473971">
<ele>358.356</ele>
</trkpt>
<trkpt lat="59.619596" lon="9.474051">
<ele>357.795</ele>
</trkpt>
<trkpt lat="59.619667" lon="9.474114">
<ele>357.37</ele>
</trkpt>
<trkpt lat="59.619731" lon="9.474168">
<ele>356.981</ele>
</trkpt>
<trkpt lat="59.619789" lon="9.474208">
<ele>356.405</ele>
</trkpt>
<trkpt lat="59.619851" lon="9.474245">
<ele>355.872</ele>
</trkpt>
<trkpt lat="59.6199" lon="9.474266">
<ele>355.57</ele>
</trkpt>
<trkpt lat="59.61997" lon="9.474291">
<ele>355.21</ele>
</trkpt>
<trkpt lat="59.620017" lon="9.474299">
<ele>355.124</ele>
</trkpt>
<trkpt lat="59.620086" lon="9.474305">
<ele>355.162</ele>
</trkpt>
<trkpt lat="59.620156" lon="9.474306">
<ele>355.275</ele>
</trkpt>
<trkpt lat="59.620244" lon="9.474298">
<ele>355.524</ele>
</trkpt>
<trkpt lat="59.620325" lon="9.474279">
<ele>355.447</ele>
</trkpt>
<trkpt lat="59.620435" lon="9.474251">
<ele>354.957</ele>
</trkpt>
<trkpt lat="59.620571" lon="9.474215">
<ele>354.367</ele>
</trkpt>
<trkpt lat="59.621102" lon="9.474062">
<ele>352.422</ele>
</trkpt>
<trkpt lat="59.623133" lon="9.47348">
<ele>339.604</ele>
</trkpt>
<trkpt lat="59.623182" lon="9.473466">
<ele>339.76</ele>
</trkpt>
<trkpt lat="59.623532" lon="9.473371">
<ele>340.729</ele>
</trkpt>
<trkpt lat="59.623662" lon="9.473339">
<ele>340.776</ele>
</trkpt>
<trkpt lat="59.623763" lon="9.47332">
<ele>340.549</ele>
</trkpt>
<trkpt lat="59.623868" lon="9.473303">
<ele>340.294</ele>
</trkpt>
<trkpt lat="59.623968" lon="9.473295">
<ele>339.746</ele>
</trkpt>
<trkpt lat="59.624085" lon="9.473291">
<ele>339.0</ele>
</trkpt>
<trkpt lat="59.624172" lon="9.473291">
<ele>338.416</ele>
</trkpt>
<trkpt lat="59.624281" lon="9.4733">
<ele>337.487</ele>
</trkpt>
<trkpt lat="59.624419" lon="9.473319">
<ele>336.291</ele>
</trkpt>
<trkpt lat="59.624526" lon="9.473341">
<ele>335.679</ele>
</trkpt>
<trkpt lat="59.624664" lon="9.473378">
<ele>335.049</ele>
</trkpt>
<trkpt lat="59.624784" lon="9.473415">
<ele>334.484</ele>
</trkpt>
<trkpt lat="59.624889" lon="9.473457">
<ele>333.954</ele>
</trkpt>
<trkpt lat="59.624987" lon="9.473502">
<ele>333.44</ele>
</trkpt>
<trkpt lat="59.625082" lon="9.473553">
<ele>333.271</ele>
</trkpt>
<trkpt lat="59.625201" lon="9.473627">
<ele>332.901</ele>
</trkpt>
<trkpt lat="59.625317" lon="9.47371">
<ele>332.429</ele>
</trkpt>
<trkpt lat="59.625412" lon="9.473787">
<ele>332.217</ele>
</trkpt>
<trkpt lat="59.625512" lon="9.473871">
<ele>331.972</ele>
</trkpt>
<trkpt lat="59.625619" lon="9.47397">
<ele>332.228</ele>
</trkpt>
<trkpt lat="59.62574" lon="9.474089">
<ele>332.664</ele>
</trkpt>
<trkpt lat="59.625858" lon="9.474216">
<ele>333.178</ele>
</trkpt>
<trkpt lat="59.626007" lon="9.474392">
<ele>334.25</ele>
</trkpt>
<trkpt lat="59.626114" lon="9.474527">
<ele>334.99</ele>
</trkpt>
<trkpt lat="59.626214" lon="9.474654">
<ele>334.63</ele>
</trkpt>
<trkpt lat="59.626354" lon="9.474847">
<ele>334.126</ele>
</trkpt>
<trkpt lat="59.62645" lon="9.474989">
<ele>333.569</ele>
</trkpt>
<trkpt lat="59.626516" lon="9.475089">
<ele>333.085</ele>
</trkpt>
<trkpt lat="59.626575" lon="9.475184">
<ele>332.66</ele>
</trkpt>
<trkpt lat="59.626677" lon="9.475366">
<ele>331.988</ele>
</trkpt>
<trkpt lat="59.626736" lon="9.47548">
<ele>331.818</ele>
</trkpt>
<trkpt lat="59.626782" lon="9.475581">
<ele>331.585</ele>
</trkpt>
<trkpt lat="59.626827" lon="9.475689">
<ele>331.423</ele>
</trkpt>
<trkpt lat="59.626886" lon="9.475847">
<ele>331.21</ele>
</trkpt>
<trkpt lat="59.626943" lon="9.476025">
<ele>331.005</ele>
</trkpt>
<trkpt lat="59.627002" lon="9.476214">
<ele>330.586</ele>
</trkpt>
<trkpt lat="59.627058" lon="9.476399">
<ele>330.182</ele>
</trkpt>
<trkpt lat="59.627121" lon="9.476607">
<ele>329.729</ele>
</trkpt>
<trkpt lat="59.627205" lon="9.476894">
<ele>329.942</ele>
</trkpt>
<trkpt lat="59.627415" lon="9.477602">
<ele>333.174</ele>
</trkpt>
<trkpt lat="59.62748" lon="9.477811">
<ele>334.017</ele>
</trkpt>
<trkpt lat="59.62754" lon="9.478013">
<ele>334.0</ele>
</trkpt>
<trkpt lat="59.627582" lon="9.47816">
<ele>334.265</ele>
</trkpt>
<trkpt lat="59.627605" lon="9.478251">
<ele>334.438</ele>
</trkpt>
<trkpt lat="59.627614" lon="9.478287">
<ele>334.491</ele>
</trkpt>
<trkpt lat="59.627649" lon="9.47843">
<ele>334.625</ele>
</trkpt>
<trkpt lat="59.62768" lon="9.478572">
<ele>334.654</ele>
</trkpt>
<trkpt lat="59.62771" lon="9.478735">
<ele>334.597</ele>
</trkpt>
<trkpt lat="59.627737" lon="9.478905">
<ele>334.44</ele>
</trkpt>
<trkpt lat="59.627762" lon="9.479086">
<ele>334.17</ele>
</trkpt>
<trkpt lat="59.627784" lon="9.479282">
<ele>334.46</ele>
</trkpt>
<trkpt lat="59.627806" lon="9.479494">
<ele>335.382</ele>
</trkpt>
<trkpt lat="59.627826" lon="9.479702">
<ele>336.274</ele>
</trkpt>
<trkpt lat="59.627845" lon="9.479913">
<ele>337.171</ele>
</trkpt>
<trkpt lat="59.627865" lon="9.480159">
<ele>338.2</ele>
</trkpt>
<trkpt lat="59.627884" lon="9.480404">
<ele>339.393</ele>
</trkpt>
<trkpt lat="59.627902" lon="9.480668">
<ele>340.342</ele>
</trkpt>
<trkpt lat="59.627933" lon="9.48112">
<ele>341.676</ele>
</trkpt>
<trkpt lat="59.627971" lon="9.481659">
<ele>341.114</ele>
</trkpt>
<trkpt lat="59.628048" lon="9.482695">
<ele>337.271</ele>
</trkpt>
<trkpt lat="59.628101" lon="9.483387">
<ele>336.982</ele>
</trkpt>
<trkpt lat="59.628121" lon="9.483645">
<ele>337.414</ele>
</trkpt>
<trkpt lat="59.628142" lon="9.48391">
<ele>337.844</ele>
</trkpt>
<trkpt lat="59.628161" lon="9.484127">
<ele>337.952</ele>
</trkpt>
<trkpt lat="59.628182" lon="9.484333">
<ele>337.677</ele>
</trkpt>
<trkpt lat="59.628202" lon="9.484524">
<ele>337.485</ele>
</trkpt>
<trkpt lat="59.628225" lon="9.484729">
<ele>337.416</ele>
</trkpt>
<trkpt lat="59.628253" lon="9.484958">
<ele>336.994</ele>
</trkpt>
<trkpt lat="59.628288" lon="9.485226">
<ele>336.666</ele>
</trkpt>
<trkpt lat="59.628328" lon="9.485516">
<ele>336.085</ele>
</trkpt>
<trkpt lat="59.62842" lon="9.486163">
<ele>336.566</ele>
</trkpt>
<trkpt lat="59.628466" lon="9.486501">
<ele>336.074</ele>
</trkpt>
<trkpt lat="59.628516" lon="9.486886">
<ele>335.658</ele>
</trkpt>
<trkpt lat="59.628538" lon="9.487094">
<ele>335.595</ele>
</trkpt>
<trkpt lat="59.628553" lon="9.487234">
<ele>335.582</ele>
</trkpt>
<trkpt lat="59.628581" lon="9.487507">
<ele>335.78</ele>
</trkpt>
<trkpt lat="59.628624" lon="9.487947">
<ele>336.139</ele>
</trkpt>
<trkpt lat="59.628653" lon="9.488258">
<ele>336.452</ele>
</trkpt>
<trkpt lat="59.628678" lon="9.488508">
<ele>336.722</ele>
</trkpt>
<trkpt lat="59.628704" lon="9.488746">
<ele>336.68</ele>
</trkpt>
<trkpt lat="59.628738" lon="9.48901">
<ele>336.827</ele>
</trkpt>
<trkpt lat="59.62877" lon="9.489244">
<ele>337.129</ele>
</trkpt>
<trkpt lat="59.628809" lon="9.48952">
<ele>336.943</ele>
</trkpt>
<trkpt lat="59.628857" lon="9.489837">
<ele>335.991</ele>
</trkpt>
<trkpt lat="59.628987" lon="9.490656">
<ele>335.766</ele>
</trkpt>
<trkpt lat="59.629289" lon="9.49257">
<ele>334.839</ele>
</trkpt>
<trkpt lat="59.629333" lon="9.492849">
<ele>334.139</ele>
</trkpt>
<trkpt lat="59.629375" lon="9.493106">
<ele>333.682</ele>
</trkpt>
<trkpt lat="59.629433" lon="9.493437">
<ele>332.861</ele>
</trkpt>
<trkpt lat="59.629493" lon="9.493739">
<ele>333.683</ele>
</trkpt>
<trkpt lat="59.629559" lon="9.494057">
<ele>334.225</ele>
</trkpt>
<trkpt lat="59.629604" lon="9.494261">
<ele>334.337</ele>
</trkpt>
<trkpt lat="59.629793" lon="9.495125">
<ele>332.429</ele>
</trkpt>
<trkpt lat="59.629854" lon="9.495414">
<ele>332.407</ele>
</trkpt>
<trkpt lat="59.62991" lon="9.495677">
<ele>332.704</ele>
</trkpt>
<trkpt lat="59.629955" lon="9.495896">
<ele>333.126</ele>
</trkpt>
<trkpt lat="59.629989" lon="9.496075">
<ele>332.972</ele>
</trkpt>
<trkpt lat="59.630021" lon="9.496276">
<ele>333.227</ele>
</trkpt>
<trkpt lat="59.630048" lon="9.496466">
<ele>333.241</ele>
</trkpt>
<trkpt lat="59.630071" lon="9.496649">
<ele>332.83</ele>
</trkpt>
<trkpt lat="59.63009" lon="9.496825">
<ele>332.972</ele>
</trkpt>
<trkpt lat="59.630102" lon="9.496964">
<ele>333.146</ele>
</trkpt>
<trkpt lat="59.63011" lon="9.497083">
<ele>333.489</ele>
</trkpt>
<trkpt lat="59.630117" lon="9.497211">
<ele>333.819</ele>
</trkpt>
<trkpt lat="59.630119" lon="9.497323">
<ele>333.857</ele>
</trkpt>
<trkpt lat="59.630118" lon="9.497444">
<ele>333.85</ele>
</trkpt>
<trkpt lat="59.630114" lon="9.497538">
<ele>333.821</ele>
</trkpt>
<trkpt lat="59.630108" lon="9.497643">
<ele>333.778</ele>
</trkpt>
<trkpt lat="59.630095" lon="9.497786">
<ele>333.684</ele>
</trkpt>
<trkpt lat="59.630081" lon="9.49791">
<ele>333.583</ele>
</trkpt>
<trkpt lat="59.630062" lon="9.498043">
<ele>333.446</ele>
</trkpt>
<trkpt lat="59.630035" lon="9.498192">
<ele>332.761</ele>
</trkpt>
<trkpt lat="59.630007" lon="9.498325">
<ele>332.08</ele>
</trkpt>
<trkpt lat="59.629971" lon="9.498471">
<ele>331.896</ele>
</trkpt>
<trkpt lat="59.629929" lon="9.498632">
<ele>331.764</ele>
</trkpt>
<trkpt lat="59.629855" lon="9.498914">
<ele>332.0</ele>
</trkpt>
<trkpt lat="59.629765" lon="9.499288">
<ele>332.0</ele>
</trkpt>
<trkpt lat="59.629727" lon="9.499461">
<ele>331.941</ele>
</trkpt>
<trkpt lat="59.629696" lon="9.499619">
<ele>331.277</ele>
</trkpt>
<trkpt lat="59.62967" lon="9.499773">
<ele>330.629</ele>
</trkpt>
<trkpt lat="59.629647" lon="9.499926">
<ele>329.996</ele>
</trkpt>
<trkpt lat="59.629624" lon="9.500089">
<ele>329.533</ele>
</trkpt>
<trkpt lat="59.629598" lon="9.50035">
<ele>328.846</ele>
</trkpt>
<trkpt lat="59.629576" lon="9.500569">
<ele>327.947</ele>
</trkpt>
<trkpt lat="59.629562" lon="9.500741">
<ele>327.846</ele>
</trkpt>
<trkpt lat="59.629548" lon="9.500946">
<ele>327.491</ele>
</trkpt>
<trkpt lat="59.629537" lon="9.501146">
<ele>327.0</ele>
</trkpt>
<trkpt lat="59.629529" lon="9.501357">
<ele>326.913</ele>
</trkpt>
<trkpt lat="59.629522" lon="9.501577">
<ele>327.137</ele>
</trkpt>
<trkpt lat="59.629519" lon="9.501765">
<ele>327.268</ele>
</trkpt>
<trkpt lat="59.629518" lon="9.502063">
<ele>327.265</ele>
</trkpt>
<trkpt lat="59.629522" lon="9.502346">
<ele>327.279</ele>
</trkpt>
<trkpt lat="59.62953" lon="9.502596">
<ele>327.308</ele>
</trkpt>
<trkpt lat="59.629544" lon="9.502865">
<ele>327.358</ele>
</trkpt>
<trkpt lat="59.629562" lon="9.503097">
<ele>327.486</ele>
</trkpt>
<trkpt lat="59.629586" lon="9.503327">
<ele>328.008</ele>
</trkpt>
<trkpt lat="59.629616" lon="9.503594">
<ele>328.235</ele>
</trkpt>
<trkpt lat="59.629636" lon="9.503736">
<ele>328.24</ele>
</trkpt>
<trkpt lat="59.62968" lon="9.503983">
<ele>328.544</ele>
</trkpt>
<trkpt lat="59.629728" lon="9.504206">
<ele>328.924</ele>
</trkpt>
<trkpt lat="59.629759" lon="9.504343">
<ele>328.846</ele>
</trkpt>
<trkpt lat="59.629805" lon="9.504541">
<ele>329.192</ele>
</trkpt>
<trkpt lat="59.62984" lon="9.504683">
<ele>329.696</ele>
</trkpt>
<trkpt lat="59.629971" lon="9.505221">
<ele>329.974</ele>
</trkpt>
<trkpt lat="59.630029" lon="9.505473">
<ele>329.61</ele>
</trkpt>
<trkpt lat="59.630079" lon="9.505708">
<ele>329.304</ele>
</trkpt>
<trkpt lat="59.630121" lon="9.505931">
<ele>328.955</ele>
</trkpt>
<trkpt lat="59.630161" lon="9.506168">
<ele>328.534</ele>
</trkpt>
<trkpt lat="59.630216" lon="9.506511">
<ele>327.893</ele>
</trkpt>
<trkpt lat="59.631049" lon="9.511779">
<ele>320.553</ele>
</trkpt>
<trkpt lat="59.631174" lon="9.512566">
<ele>320.215</ele>
</trkpt>
<trkpt lat="59.631248" lon="9.513042">
<ele>319.517</ele>
</trkpt>
<trkpt lat="59.6313" lon="9.51336">
<ele>318.68</ele>
</trkpt>
<trkpt lat="59.631339" lon="9.513565">
<ele>318.82</ele>
</trkpt>
<trkpt lat="59.631374" lon="9.513758">
<ele>318.446</ele>
</trkpt>
<trkpt lat="59.631407" lon="9.513911">
<ele>318.051</ele>
</trkpt>
<trkpt lat="59.631446" lon="9.514074">
<ele>317.745</ele>
</trkpt>
<trkpt lat="59.63148" lon="9.514209">
<ele>317.454</ele>
</trkpt>
<trkpt lat="59.631524" lon="9.514365">
<ele>316.912</ele>
</trkpt>
<trkpt lat="59.631569" lon="9.514518">
<ele>316.384</ele>
</trkpt>
<trkpt lat="59.63163" lon="9.51471">
<ele>315.912</ele>
</trkpt>
<trkpt lat="59.631678" lon="9.514854">
<ele>315.607</ele>
</trkpt>
<trkpt lat="59.631772" lon="9.51514">
<ele>315.758</ele>
</trkpt>
<trkpt lat="59.631856" lon="9.515399">
<ele>316.224</ele>
</trkpt>
<trkpt lat="59.632412" lon="9.517078">
<ele>321.164</ele>
</trkpt>
<trkpt lat="59.632487" lon="9.517314">
<ele>322.284</ele>
</trkpt>
<trkpt lat="59.632549" lon="9.517542">
<ele>323.099</ele>
</trkpt>
<trkpt lat="59.632602" lon="9.517781">
<ele>324.277</ele>
</trkpt>
<trkpt lat="59.632639" lon="9.51797">
<ele>324.691</ele>
</trkpt>
<trkpt lat="59.632676" lon="9.518221">
<ele>325.328</ele>
</trkpt>
<trkpt lat="59.632702" lon="9.518461">
<ele>325.546</ele>
</trkpt>
<trkpt lat="59.632718" lon="9.518677">
<ele>325.481</ele>
</trkpt>
<trkpt lat="59.632729" lon="9.518952">
<ele>325.527</ele>
</trkpt>
<trkpt lat="59.632734" lon="9.519205">
<ele>325.357</ele>
</trkpt>
<trkpt lat="59.632733" lon="9.519502">
<ele>324.438</ele>
</trkpt>
<trkpt lat="59.632723" lon="9.519732">
<ele>323.754</ele>
</trkpt>
<trkpt lat="59.632711" lon="9.519987">
<ele>323.008</ele>
</trkpt>
<trkpt lat="59.63269" lon="9.52029">
<ele>322.89</ele>
</trkpt>
<trkpt lat="59.632665" lon="9.520559">
<ele>321.812</ele>
</trkpt>
<trkpt lat="59.632626" lon="9.52091">
<ele>321.817</ele>
</trkpt>
<trkpt lat="59.63257" lon="9.521318">
<ele>321.496</ele>
</trkpt>
<trkpt lat="59.632515" lon="9.521681">
<ele>320.84</ele>
</trkpt>
<trkpt lat="59.632374" lon="9.522627">
<ele>318.446</ele>
</trkpt>
<trkpt lat="59.632329" lon="9.522927">
<ele>317.516</ele>
</trkpt>
<trkpt lat="59.632267" lon="9.523333">
<ele>315.841</ele>
</trkpt>
<trkpt lat="59.632236" lon="9.523528">
<ele>315.95</ele>
</trkpt>
<trkpt lat="59.632205" lon="9.523726">
<ele>315.623</ele>
</trkpt>
<trkpt lat="59.632189" lon="9.523815">
<ele>315.298</ele>
</trkpt>
<trkpt lat="59.632156" lon="9.524003">
<ele>314.902</ele>
</trkpt>
<trkpt lat="59.632128" lon="9.524154">
<ele>314.676</ele>
</trkpt>
<trkpt lat="59.632085" lon="9.524361">
<ele>313.806</ele>
</trkpt>
<trkpt lat="59.632021" lon="9.524646">
<ele>313.276</ele>
</trkpt>
<trkpt lat="59.631898" lon="9.52516">
<ele>312.0</ele>
</trkpt>
<trkpt lat="59.631767" lon="9.52569">
<ele>311.361</ele>
</trkpt>
<trkpt lat="59.631627" lon="9.526254">
<ele>310.857</ele>
</trkpt>
<trkpt lat="59.631384" lon="9.527233">
<ele>308.982</ele>
</trkpt>
<trkpt lat="59.631024" lon="9.528694">
<ele>307.686</ele>
</trkpt>
<trkpt lat="59.630936" lon="9.529046">
<ele>307.935</ele>
</trkpt>
<trkpt lat="59.630674" lon="9.530107">
<ele>310.238</ele>
</trkpt>
<trkpt lat="59.63058" lon="9.530483">
<ele>310.915</ele>
</trkpt>
<trkpt lat="59.630519" lon="9.530748">
<ele>310.909</ele>
</trkpt>
<trkpt lat="59.630465" lon="9.530994">
<ele>310.875</ele>
</trkpt>
<trkpt lat="59.630415" lon="9.531236">
<ele>310.482</ele>
</trkpt>
<trkpt lat="59.630379" lon="9.531432">
<ele>310.037</ele>
</trkpt>
<trkpt lat="59.630342" lon="9.531652">
<ele>309.475</ele>
</trkpt>
<trkpt lat="59.630317" lon="9.531841">
<ele>309.282</ele>
</trkpt>
<trkpt lat="59.630292" lon="9.532056">
<ele>308.701</ele>
</trkpt>
<trkpt lat="59.630275" lon="9.532237">
<ele>308.01</ele>
</trkpt>
<trkpt lat="59.630259" lon="9.532444">
<ele>308.068</ele>
</trkpt>
<trkpt lat="59.630243" lon="9.532692">
<ele>308.039</ele>
</trkpt>
<trkpt lat="59.630231" lon="9.532903">
<ele>308.0</ele>
</trkpt>
<trkpt lat="59.630222" lon="9.533131">
<ele>307.945</ele>
</trkpt>
<trkpt lat="59.630213" lon="9.533433">
<ele>307.767</ele>
</trkpt>
<trkpt lat="59.630206" lon="9.533726">
<ele>307.328</ele>
</trkpt>
<trkpt lat="59.630202" lon="9.534046">
<ele>306.573</ele>
</trkpt>
<trkpt lat="59.6302" lon="9.534336">
<ele>305.83</ele>
</trkpt>
<trkpt lat="59.630201" lon="9.534612">
<ele>305.447</ele>
</trkpt>
<trkpt lat="59.630207" lon="9.534997">
<ele>305.742</ele>
</trkpt>
<trkpt lat="59.630215" lon="9.535336">
<ele>305.821</ele>
</trkpt>
<trkpt lat="59.630228" lon="9.535635">
<ele>306.0</ele>
</trkpt>
<trkpt lat="59.630242" lon="9.535948">
<ele>305.64</ele>
</trkpt>
<trkpt lat="59.630256" lon="9.536217">
<ele>305.078</ele>
</trkpt>
<trkpt lat="59.630326" lon="9.537035">
<ele>306.925</ele>
</trkpt>
<trkpt lat="59.630345" lon="9.537248">
<ele>307.382</ele>
</trkpt>
<trkpt lat="59.630359" lon="9.537415">
<ele>307.263</ele>
</trkpt>
<trkpt lat="59.630375" lon="9.537603">
<ele>307.079</ele>
</trkpt>
<trkpt lat="59.630391" lon="9.537841">
<ele>306.76</ele>
</trkpt>
<trkpt lat="59.630404" lon="9.538083">
<ele>306.628</ele>
</trkpt>
<trkpt lat="59.630412" lon="9.538281">
<ele>306.088</ele>
</trkpt>
<trkpt lat="59.630417" lon="9.538452">
<ele>306.007</ele>
</trkpt>
<trkpt lat="59.630417" lon="9.538657">
<ele>306.09</ele>
</trkpt>
<trkpt lat="59.630411" lon="9.538894">
<ele>306.398</ele>
</trkpt>
<trkpt lat="59.630402" lon="9.539095">
<ele>306.236</ele>
</trkpt>
<trkpt lat="59.630387" lon="9.539292">
<ele>305.966</ele>
</trkpt>
<trkpt lat="59.630369" lon="9.539498">
<ele>305.579</ele>
</trkpt>
<trkpt lat="59.630343" lon="9.539736">
<ele>304.89</ele>
</trkpt>
<trkpt lat="59.630322" lon="9.539905">
<ele>303.979</ele>
</trkpt>
<trkpt lat="59.630281" lon="9.540195">
<ele>303.046</ele>
</trkpt>
<trkpt lat="59.630239" lon="9.540432">
<ele>302.026</ele>
</trkpt>
<trkpt lat="59.630193" lon="9.54069">
<ele>300.937</ele>
</trkpt>
<trkpt lat="59.630148" lon="9.540909">
<ele>300.004</ele>
</trkpt>
<trkpt lat="59.630104" lon="9.541107">
<ele>298.881</ele>
</trkpt>
<trkpt lat="59.630044" lon="9.541334">
<ele>297.792</ele>
</trkpt>
<trkpt lat="59.629985" lon="9.541532">
<ele>296.944</ele>
</trkpt>
<trkpt lat="59.629927" lon="9.54172">
<ele>296.616</ele>
</trkpt>
<trkpt lat="59.629496" lon="9.543059">
<ele>297.384</ele>
</trkpt>
<trkpt lat="59.629435" lon="9.543257">
<ele>297.691</ele>
</trkpt>
<trkpt lat="59.629343" lon="9.543561">
<ele>298.155</ele>
</trkpt>
<trkpt lat="59.629272" lon="9.543827">
<ele>298.053</ele>
</trkpt>
<trkpt lat="59.629212" lon="9.544061">
<ele>297.49</ele>
</trkpt>
<trkpt lat="59.62916" lon="9.544274">
<ele>296.991</ele>
</trkpt>
<trkpt lat="59.629114" lon="9.544468">
<ele>296.81</ele>
</trkpt>
<trkpt lat="59.62906" lon="9.544703">
<ele>296.616</ele>
</trkpt>
<trkpt lat="59.629019" lon="9.544899">
<ele>296.468</ele>
</trkpt>
<trkpt lat="59.628984" lon="9.545071">
<ele>296.342</ele>
</trkpt>
<trkpt lat="59.628949" lon="9.545266">
<ele>296.216</ele>
</trkpt>
<trkpt lat="59.628918" lon="9.545457">
<ele>296.172</ele>
</trkpt>
<trkpt lat="59.628893" lon="9.545625">
<ele>296.033</ele>
</trkpt>
<trkpt lat="59.62887" lon="9.54581">
<ele>296.006</ele>
</trkpt>
<trkpt lat="59.628851" lon="9.545973">
<ele>295.863</ele>
</trkpt>
<trkpt lat="59.628836" lon="9.546129">
<ele>295.619</ele>
</trkpt>
<trkpt lat="59.628822" lon="9.546327">
<ele>295.518</ele>
</trkpt>
<trkpt lat="59.628812" lon="9.546498">
<ele>295.839</ele>
</trkpt>
<trkpt lat="59.628806" lon="9.54666">
<ele>296.379</ele>
</trkpt>
<trkpt lat="59.628802" lon="9.546838">
<ele>296.374</ele>
</trkpt>
<trkpt lat="59.628801" lon="9.546967">
<ele>296.367</ele>
</trkpt>
<trkpt lat="59.628804" lon="9.547145">
<ele>296.389</ele>
</trkpt>
<trkpt lat="59.628813" lon="9.547326">
<ele>296.352</ele>
</trkpt>
<trkpt lat="59.628826" lon="9.547511">
<ele>296.281</ele>
</trkpt>
<trkpt lat="59.62884" lon="9.547657">
<ele>295.907</ele>
</trkpt>
<trkpt lat="59.628866" lon="9.54786">
<ele>295.753</ele>
</trkpt>
<trkpt lat="59.628895" lon="9.548045">
<ele>296.067</ele>
</trkpt>
<trkpt lat="59.62892" lon="9.548187">
<ele>295.863</ele>
</trkpt>
<trkpt lat="59.628955" lon="9.548354">
<ele>295.696</ele>
</trkpt>
<trkpt lat="59.628997" lon="9.548539">
<ele>295.879</ele>
</trkpt>
<trkpt lat="59.629037" lon="9.548703">
<ele>295.736</ele>
</trkpt>
<trkpt lat="59.629088" lon="9.548889">
<ele>295.433</ele>
</trkpt>
<trkpt lat="59.629146" lon="9.549091">
<ele>295.124</ele>
</trkpt>
<trkpt lat="59.629529" lon="9.550424">
<ele>293.86</ele>
</trkpt>
<trkpt lat="59.629736" lon="9.551156">
<ele>291.232</ele>
</trkpt>
<trkpt lat="59.629795" lon="9.551373">
<ele>291.816</ele>
</trkpt>
<trkpt lat="59.629868" lon="9.551655">
<ele>291.114</ele>
</trkpt>
<trkpt lat="59.629909" lon="9.551837">
<ele>291.144</ele>
</trkpt>
<trkpt lat="59.629949" lon="9.552023">
<ele>291.166</ele>
</trkpt>
<trkpt lat="59.630003" lon="9.552302">
<ele>291.04</ele>
</trkpt>
<trkpt lat="59.630046" lon="9.552559">
<ele>291.249</ele>
</trkpt>
<trkpt lat="59.630073" lon="9.552747">
<ele>290.666</ele>
</trkpt>
<trkpt lat="59.630102" lon="9.552954">
<ele>290.734</ele>
</trkpt>
<trkpt lat="59.630122" lon="9.553138">
<ele>290.582</ele>
</trkpt>
<trkpt lat="59.63014" lon="9.55333">
<ele>290.02</ele>
</trkpt>
<trkpt lat="59.630156" lon="9.553521">
<ele>289.827</ele>
</trkpt>
<trkpt lat="59.630166" lon="9.553689">
<ele>289.68</ele>
</trkpt>
<trkpt lat="59.630172" lon="9.553812">
<ele>289.582</ele>
</trkpt>
<trkpt lat="59.630174" lon="9.553979">
<ele>289.506</ele>
</trkpt>
<trkpt lat="59.630174" lon="9.5541">
<ele>289.506</ele>
</trkpt>
<trkpt lat="59.630169" lon="9.554272">
<ele>289.813</ele>
</trkpt>
<trkpt lat="59.630161" lon="9.554402">
<ele>290.166</ele>
</trkpt>
<trkpt lat="59.630152" lon="9.554524">
<ele>290.346</ele>
</trkpt>
<trkpt lat="59.630137" lon="9.554678">
<ele>290.387</ele>
</trkpt>
<trkpt lat="59.630115" lon="9.554847">
<ele>290.256</ele>
</trkpt>
<trkpt lat="59.630095" lon="9.554995">
<ele>290.046</ele>
</trkpt>
<trkpt lat="59.630045" lon="9.555335">
<ele>289.34</ele>
</trkpt>
<trkpt lat="59.629805" lon="9.556934">
<ele>288.49</ele>
</trkpt>
<trkpt lat="59.629745" lon="9.557332">
<ele>286.492</ele>
</trkpt>
<trkpt lat="59.629672" lon="9.557764">
<ele>286.426</ele>
</trkpt>
<trkpt lat="59.629621" lon="9.558034">
<ele>285.907</ele>
</trkpt>
<trkpt lat="59.629599" lon="9.558154">
<ele>285.866</ele>
</trkpt>
<trkpt lat="59.629574" lon="9.558255">
<ele>285.734</ele>
</trkpt>
<trkpt lat="59.629543" lon="9.558368">
<ele>285.419</ele>
</trkpt>
<trkpt lat="59.629507" lon="9.558471">
<ele>284.901</ele>
</trkpt>
<trkpt lat="59.629462" lon="9.558581">
<ele>284.253</ele>
</trkpt>
<trkpt lat="59.629389" lon="9.558747">
<ele>285.39</ele>
</trkpt>
<trkpt lat="59.629339" lon="9.558864">
<ele>286.463</ele>
</trkpt>
<trkpt lat="59.629293" lon="9.55898">
<ele>287.002</ele>
</trkpt>
<trkpt lat="59.62925" lon="9.559101">
<ele>287.265</ele>
</trkpt>
<trkpt lat="59.629209" lon="9.559229">
<ele>287.318</ele>
</trkpt>
<trkpt lat="59.62912" lon="9.559535">
<ele>287.953</ele>
</trkpt>
<trkpt lat="59.628908" lon="9.560278">
<ele>289.723</ele>
</trkpt>
<trkpt lat="59.628769" lon="9.560741">
<ele>290.549</ele>
</trkpt>
<trkpt lat="59.628705" lon="9.560965">
<ele>290.536</ele>
</trkpt>
<trkpt lat="59.628649" lon="9.561174">
<ele>289.99</ele>
</trkpt>
<trkpt lat="59.628599" lon="9.561365">
<ele>288.903</ele>
</trkpt>
<trkpt lat="59.628559" lon="9.561563">
<ele>288.049</ele>
</trkpt>
<trkpt lat="59.628533" lon="9.561729">
<ele>287.712</ele>
</trkpt>
<trkpt lat="59.628509" lon="9.561929">
<ele>288.202</ele>
</trkpt>
<trkpt lat="59.62849" lon="9.562177">
<ele>287.902</ele>
</trkpt>
<trkpt lat="59.628483" lon="9.5624">
<ele>287.7</ele>
</trkpt>
<trkpt lat="59.628487" lon="9.56266">
<ele>286.847</ele>
</trkpt>
<trkpt lat="59.628504" lon="9.56289">
<ele>285.856</ele>
</trkpt>
<trkpt lat="59.628528" lon="9.563116">
<ele>285.21</ele>
</trkpt>
<trkpt lat="59.628566" lon="9.563358">
<ele>284.698</ele>
</trkpt>
<trkpt lat="59.628616" lon="9.563601">
<ele>283.894</ele>
</trkpt>
<trkpt lat="59.6288" lon="9.564365">
<ele>286.576</ele>
</trkpt>
<trkpt lat="59.628851" lon="9.564593">
<ele>287.097</ele>
</trkpt>
<trkpt lat="59.628909" lon="9.564877">
<ele>288.229</ele>
</trkpt>
<trkpt lat="59.62898" lon="9.565301">
<ele>291.328</ele>
</trkpt>
<trkpt lat="59.629011" lon="9.565545">
<ele>293.046</ele>
</trkpt>
<trkpt lat="59.629031" lon="9.565748">
<ele>294.096</ele>
</trkpt>
<trkpt lat="59.629045" lon="9.565975">
<ele>295.499</ele>
</trkpt>
<trkpt lat="59.629051" lon="9.566203">
<ele>296.744</ele>
</trkpt>
<trkpt lat="59.62905" lon="9.566445">
<ele>297.864</ele>
</trkpt>
<trkpt lat="59.629039" lon="9.56669">
<ele>299.975</ele>
</trkpt>
<trkpt lat="59.629006" lon="9.567144">
<ele>301.104</ele>
</trkpt>
<trkpt lat="59.628993" lon="9.56732">
<ele>301.15</ele>
</trkpt>
<trkpt lat="59.628922" lon="9.568125">
<ele>298.849</ele>
</trkpt>
<trkpt lat="59.628845" lon="9.568877">
<ele>296.456</ele>
</trkpt>
<trkpt lat="59.628838" lon="9.568939">
<ele>296.387</ele>
</trkpt>
<trkpt lat="59.628793" lon="9.569094">
<ele>297.701</ele>
</trkpt>
<trkpt lat="59.628731" lon="9.569537">
<ele>297.526</ele>
</trkpt>
<trkpt lat="59.628698" lon="9.569751">
<ele>296.997</ele>
</trkpt>
<trkpt lat="59.628595" lon="9.570334">
<ele>296.217</ele>
</trkpt>
<trkpt lat="59.628502" lon="9.570781">
<ele>296.776</ele>
</trkpt>
<trkpt lat="59.628449" lon="9.571014">
<ele>297.386</ele>
</trkpt>
<trkpt lat="59.628338" lon="9.57146">
<ele>296.493</ele>
</trkpt>
<trkpt lat="59.628223" lon="9.571871">
<ele>296.856</ele>
</trkpt>
<trkpt lat="59.628068" lon="9.572375">
<ele>297.627</ele>
</trkpt>
<trkpt lat="59.627553" lon="9.573956">
<ele>300.51</ele>
</trkpt>
<trkpt lat="59.62749" lon="9.574143">
<ele>302.458</ele>
</trkpt>
<trkpt lat="59.627402" lon="9.574419">
<ele>303.006</ele>
</trkpt>
<trkpt lat="59.627268" lon="9.574822">
<ele>304.798</ele>
</trkpt>
<trkpt lat="59.627243" lon="9.574896">
<ele>305.076</ele>
</trkpt>
<trkpt lat="59.627072" lon="9.575379">
<ele>306.34</ele>
</trkpt>
<trkpt lat="59.626896" lon="9.575843">
<ele>307.628</ele>
</trkpt>
<trkpt lat="59.626715" lon="9.576285">
<ele>307.678</ele>
</trkpt>
<trkpt lat="59.62656" lon="9.576639">
<ele>307.697</ele>
</trkpt>
<trkpt lat="59.626436" lon="9.576906">
<ele>309.175</ele>
</trkpt>
<trkpt lat="59.626387" lon="9.577009">
<ele>309.818</ele>
</trkpt>
<trkpt lat="59.626263" lon="9.577263">
<ele>313.079</ele>
</trkpt>
<trkpt lat="59.626014" lon="9.577737">
<ele>320.046</ele>
</trkpt>
<trkpt lat="59.625771" lon="9.578163">
<ele>324.898</ele>
</trkpt>
<trkpt lat="59.625526" lon="9.578561">
<ele>329.158</ele>
</trkpt>
<trkpt lat="59.625333" lon="9.578849">
<ele>331.574</ele>
</trkpt>
<trkpt lat="59.62517" lon="9.579083">
<ele>332.388</ele>
</trkpt>
<trkpt lat="59.624654" lon="9.579792">
<ele>329.766</ele>
</trkpt>
<trkpt lat="59.62449" lon="9.580025">
<ele>326.566</ele>
</trkpt>
<trkpt lat="59.624273" lon="9.580351">
<ele>321.65</ele>
</trkpt>
<trkpt lat="59.624067" lon="9.580689">
<ele>316.726</ele>
</trkpt>
<trkpt lat="59.623866" lon="9.581047">
<ele>310.802</ele>
</trkpt>
<trkpt lat="59.623769" lon="9.581231">
<ele>306.684</ele>
</trkpt>
<trkpt lat="59.623642" lon="9.581486">
<ele>301.152</ele>
</trkpt>
<trkpt lat="59.623519" lon="9.581746">
<ele>296.062</ele>
</trkpt>
<trkpt lat="59.623434" lon="9.581935">
<ele>292.933</ele>
</trkpt>
<trkpt lat="59.623314" lon="9.582217">
<ele>288.392</ele>
</trkpt>
<trkpt lat="59.62323" lon="9.582427">
<ele>284.915</ele>
</trkpt>
<trkpt lat="59.623192" lon="9.58252">
<ele>283.277</ele>
</trkpt>
<trkpt lat="59.623129" lon="9.582684">
<ele>280.055</ele>
</trkpt>
<trkpt lat="59.622956" lon="9.583168">
<ele>273.398</ele>
</trkpt>
<trkpt lat="59.622833" lon="9.583547">
<ele>269.225</ele>
</trkpt>
<trkpt lat="59.622817" lon="9.583597">
<ele>268.757</ele>
</trkpt>
<trkpt lat="59.622708" lon="9.583962">
<ele>268.005</ele>
</trkpt>
<trkpt lat="59.622652" lon="9.584162">
<ele>268.811</ele>
</trkpt>
<trkpt lat="59.622565" lon="9.584489">
<ele>269.792</ele>
</trkpt>
<trkpt lat="59.622502" lon="9.584741">
<ele>271.023</ele>
</trkpt>
<trkpt lat="59.622498" lon="9.584758">
<ele>271.2</ele>
</trkpt>
<trkpt lat="59.622409" lon="9.585144">
<ele>274.6</ele>
</trkpt>
<trkpt lat="59.622339" lon="9.585478">
<ele>276.075</ele>
</trkpt>
<trkpt lat="59.622267" lon="9.58585">
<ele>276.208</ele>
</trkpt>
<trkpt lat="59.622191" lon="9.586284">
<ele>273.99</ele>
</trkpt>
<trkpt lat="59.622136" lon="9.586638">
<ele>272.071</ele>
</trkpt>
<trkpt lat="59.622072" lon="9.587109">
<ele>271.682</ele>
</trkpt>
<trkpt lat="59.622031" lon="9.587457">
<ele>271.614</ele>
</trkpt>
<trkpt lat="59.621983" lon="9.587937">
<ele>271.396</ele>
</trkpt>
<trkpt lat="59.621953" lon="9.588303">
<ele>270.03</ele>
</trkpt>
<trkpt lat="59.621922" lon="9.588789">
<ele>269.844</ele>
</trkpt>
<trkpt lat="59.621901" lon="9.589262">
<ele>270.148</ele>
</trkpt>
<trkpt lat="59.621894" lon="9.589501">
<ele>270.453</ele>
</trkpt>
<trkpt lat="59.621886" lon="9.59011">
<ele>270.894</ele>
</trkpt>
<trkpt lat="59.62189" lon="9.591731">
<ele>265.497</ele>
</trkpt>
<trkpt lat="59.621886" lon="9.592112">
<ele>262.294</ele>
</trkpt>
<trkpt lat="59.621869" lon="9.592705">
<ele>259.306</ele>
</trkpt>
<trkpt lat="59.621836" lon="9.593319">
<ele>257.206</ele>
</trkpt>
<trkpt lat="59.621819" lon="9.593555">
<ele>256.815</ele>
</trkpt>
<trkpt lat="59.621778" lon="9.594034">
<ele>255.139</ele>
</trkpt>
<trkpt lat="59.621723" lon="9.594543">
<ele>251.98</ele>
</trkpt>
<trkpt lat="59.621693" lon="9.594786">
<ele>250.48</ele>
</trkpt>
<trkpt lat="59.6216" lon="9.595459">
<ele>245.07</ele>
</trkpt>
<trkpt lat="59.621395" lon="9.596804">
<ele>232.44</ele>
</trkpt>
<trkpt lat="59.621385" lon="9.596867">
<ele>231.892</ele>
</trkpt>
<trkpt lat="59.621301" lon="9.597416">
<ele>228.031</ele>
</trkpt>
<trkpt lat="59.621277" lon="9.597577">
<ele>227.251</ele>
</trkpt>
<trkpt lat="59.62097" lon="9.599575">
<ele>221.801</ele>
</trkpt>
<trkpt lat="59.620848" lon="9.600405">
<ele>219.82</ele>
</trkpt>
<trkpt lat="59.620802" lon="9.600764">
<ele>218.063</ele>
</trkpt>
<trkpt lat="59.62076" lon="9.601156">
<ele>215.158</ele>
</trkpt>
<trkpt lat="59.620728" lon="9.601507">
<ele>214.31</ele>
</trkpt>
<trkpt lat="59.620694" lon="9.602007">
<ele>214.73</ele>
</trkpt>
<trkpt lat="59.620673" lon="9.602496">
<ele>217.134</ele>
</trkpt>
<trkpt lat="59.620665" lon="9.602865">
<ele>218.606</ele>
</trkpt>
<trkpt lat="59.620666" lon="9.603462">
<ele>218.139</ele>
</trkpt>
<trkpt lat="59.620675" lon="9.603821">
<ele>216.489</ele>
</trkpt>
<trkpt lat="59.620685" lon="9.604071">
<ele>215.107</ele>
</trkpt>
<trkpt lat="59.620705" lon="9.604429">
<ele>212.497</ele>
</trkpt>
<trkpt lat="59.620734" lon="9.604817">
<ele>209.171</ele>
</trkpt>
<trkpt lat="59.620767" lon="9.605168">
<ele>206.206</ele>
</trkpt>
<trkpt lat="59.620794" lon="9.60542">
<ele>204.401</ele>
</trkpt>
<trkpt lat="59.620836" lon="9.605762">
<ele>202.962</ele>
</trkpt>
<trkpt lat="59.620886" lon="9.606109">
<ele>203.046</ele>
</trkpt>
<trkpt lat="59.620936" lon="9.606418">
<ele>203.296</ele>
</trkpt>
<trkpt lat="59.620996" lon="9.606751">
<ele>203.961</ele>
</trkpt>
<trkpt lat="59.62106" lon="9.607073">
<ele>204.199</ele>
</trkpt>
<trkpt lat="59.621132" lon="9.607399">
<ele>203.774</ele>
</trkpt>
<trkpt lat="59.621221" lon="9.60777">
<ele>202.813</ele>
</trkpt>
<trkpt lat="59.62131" lon="9.608103">
<ele>201.73</ele>
</trkpt>
<trkpt lat="59.621368" lon="9.608304">
<ele>200.398</ele>
</trkpt>
<trkpt lat="59.621468" lon="9.608633">
<ele>199.408</ele>
</trkpt>
<trkpt lat="59.621533" lon="9.608832">
<ele>198.55</ele>
</trkpt>
<trkpt lat="59.621678" lon="9.609241">
<ele>198.164</ele>
</trkpt>
<trkpt lat="59.6218" lon="9.609557">
<ele>197.291</ele>
</trkpt>
<trkpt lat="59.621894" lon="9.609784">
<ele>196.13</ele>
</trkpt>
<trkpt lat="59.622017" lon="9.610064">
<ele>195.648</ele>
</trkpt>
<trkpt lat="59.622182" lon="9.610422">
<ele>194.954</ele>
</trkpt>
<trkpt lat="59.622554" lon="9.611221">
<ele>188.701</ele>
</trkpt>
<trkpt lat="59.623399" lon="9.613022">
<ele>171.418</ele>
</trkpt>
<trkpt lat="59.624039" lon="9.614389">
<ele>189.204</ele>
</trkpt>
<trkpt lat="59.624336" lon="9.615025">
<ele>200.541</ele>
</trkpt>
<trkpt lat="59.626288" lon="9.619192">
<ele>201.212</ele>
</trkpt>
<trkpt lat="59.626294" lon="9.619205">
<ele>200.805</ele>
</trkpt>
<trkpt lat="59.62724" lon="9.621225">
<ele>178.32</ele>
</trkpt>
<trkpt lat="59.627454" lon="9.621699">
<ele>181.338</ele>
</trkpt>
<trkpt lat="59.627573" lon="9.621982">
<ele>183.278</ele>
</trkpt>
<trkpt lat="59.627681" lon="9.622262">
<ele>184.557</ele>
</trkpt>
<trkpt lat="59.62776" lon="9.622483">
<ele>185.684</ele>
</trkpt>
<trkpt lat="59.6279" lon="9.622922">
<ele>186.681</ele>
</trkpt>
<trkpt lat="59.627962" lon="9.623142">
<ele>187.005</ele>
</trkpt>
<trkpt lat="59.628047" lon="9.623467">
<ele>187.831</ele>
</trkpt>
<trkpt lat="59.628151" lon="9.623924">
<ele>189.422</ele>
</trkpt>
<trkpt lat="59.628221" lon="9.624279">
<ele>187.169</ele>
</trkpt>
<trkpt lat="59.628309" lon="9.624765">
<ele>182.121</ele>
</trkpt>
<trkpt lat="59.629227" lon="9.630083">
<ele>194.927</ele>
</trkpt>
<trkpt lat="59.629315" lon="9.630564">
<ele>193.378</ele>
</trkpt>
<trkpt lat="59.629455" lon="9.63128">
<ele>195.293</ele>
</trkpt>
<trkpt lat="59.629555" lon="9.631745">
<ele>195.702</ele>
</trkpt>
<trkpt lat="59.629633" lon="9.632086">
<ele>195.077</ele>
</trkpt>
<trkpt lat="59.629751" lon="9.632561">
<ele>193.354</ele>
</trkpt>
<trkpt lat="59.62983" lon="9.632851">
<ele>192.863</ele>
</trkpt>
<trkpt lat="59.629927" lon="9.633183">
<ele>192.521</ele>
</trkpt>
<trkpt lat="59.630027" lon="9.633501">
<ele>192.609</ele>
</trkpt>
<trkpt lat="59.630102" lon="9.633723">
<ele>192.581</ele>
</trkpt>
<trkpt lat="59.630252" lon="9.63413">
<ele>191.827</ele>
</trkpt>
<trkpt lat="59.630355" lon="9.634386">
<ele>190.846</ele>
</trkpt>
<trkpt lat="59.630459" lon="9.634622">
<ele>190.677</ele>
</trkpt>
<trkpt lat="59.630543" lon="9.634806">
<ele>189.64</ele>
</trkpt>
<trkpt lat="59.63063" lon="9.634992">
<ele>188.731</ele>
</trkpt>
<trkpt lat="59.630755" lon="9.635232">
<ele>189.038</ele>
</trkpt>
<trkpt lat="59.630919" lon="9.63553">
<ele>187.938</ele>
</trkpt>
<trkpt lat="59.631039" lon="9.63573">
<ele>188.446</ele>
</trkpt>
<trkpt lat="59.631171" lon="9.635942">
<ele>188.736</ele>
</trkpt>
<trkpt lat="59.631324" lon="9.636163">
<ele>187.926</ele>
</trkpt>
<trkpt lat="59.631469" lon="9.636359">
<ele>188.946</ele>
</trkpt>
<trkpt lat="59.63165" lon="9.636581">
<ele>190.607</ele>
</trkpt>
<trkpt lat="59.631769" lon="9.636716">
<ele>191.118</ele>
</trkpt>
<trkpt lat="59.631839" lon="9.636794">
<ele>191.565</ele>
</trkpt>
<trkpt lat="59.632012" lon="9.636969">
<ele>192.2</ele>
</trkpt>
<trkpt lat="59.632183" lon="9.637125">
<ele>191.209</ele>
</trkpt>
<trkpt lat="59.632306" lon="9.637229">
<ele>189.976</ele>
</trkpt>
<trkpt lat="59.632579" lon="9.637438">
<ele>189.223</ele>
</trkpt>
<trkpt lat="59.632664" lon="9.637527">
<ele>188.806</ele>
</trkpt>
<trkpt lat="59.632755" lon="9.637639">
<ele>187.999</ele>
</trkpt>
<trkpt lat="59.632767" lon="9.637718">
<ele>187.43</ele>
</trkpt>
<trkpt lat="59.632777" lon="9.637757">
<ele>187.15</ele>
</trkpt>
<trkpt lat="59.632803" lon="9.637826">
<ele>187.0</ele>
</trkpt>
<trkpt lat="59.632819" lon="9.637856">
<ele>187.0</ele>
</trkpt>
<trkpt lat="59.632857" lon="9.637901">
<ele>187.0</ele>
</trkpt>
<trkpt lat="59.632877" lon="9.637916">
<ele>187.0</ele>
</trkpt>
<trkpt lat="59.63292" lon="9.63793">
<ele>187.0</ele>
</trkpt>
<trkpt lat="59.632964" lon="9.637923">
<ele>187.0</ele>
</trkpt>
<trkpt lat="59.633006" lon="9.637895">
<ele>187.0</ele>
</trkpt>
<trkpt lat="59.633025" lon="9.637874">
<ele>187.0</ele>
</trkpt>
<trkpt lat="59.633058" lon="9.637817">
<ele>187.008</ele>
</trkpt>
<trkpt lat="59.633121" lon="9.637813">
<ele>187.206</ele>
</trkpt>
<trkpt lat="59.633206" lon="9.637817">
<ele>187.465</ele>
</trkpt>
<trkpt lat="59.63325" lon="9.637826">
<ele>187.578</ele>
</trkpt>
<trkpt lat="59.63352" lon="9.637908">
<ele>186.901</ele>
</trkpt>
<trkpt lat="59.633743" lon="9.637958">
<ele>186.695</ele>
</trkpt>
<trkpt lat="59.633967" lon="9.637988">
<ele>187.254</ele>
</trkpt>
<trkpt lat="59.634191" lon="9.637998">
<ele>187.986</ele>
</trkpt>
<trkpt lat="59.63446" lon="9.63799">
<ele>189.764</ele>
</trkpt>
<trkpt lat="59.635842" lon="9.637882">
<ele>185.23</ele>
</trkpt>
<trkpt lat="59.63612" lon="9.637855">
<ele>184.713</ele>
</trkpt>
<trkpt lat="59.636348" lon="9.63782">
<ele>184.718</ele>
</trkpt>
<trkpt lat="59.636406" lon="9.637808">
<ele>184.721</ele>
</trkpt>
<trkpt lat="59.63673" lon="9.637722">
<ele>184.803</ele>
</trkpt>
<trkpt lat="59.636964" lon="9.637631">
<ele>186.184</ele>
</trkpt>
<trkpt lat="59.637231" lon="9.637503">
<ele>189.02</ele>
</trkpt>
<trkpt lat="59.637269" lon="9.637482">
<ele>189.596</ele>
</trkpt>
<trkpt lat="59.637441" lon="9.637382">
<ele>192.274</ele>
</trkpt>
<trkpt lat="59.637654" lon="9.637241">
<ele>196.355</ele>
</trkpt>
<trkpt lat="59.637905" lon="9.637048">
<ele>202.05</ele>
</trkpt>
<trkpt lat="59.638151" lon="9.636831">
<ele>207.794</ele>
</trkpt>
<trkpt lat="59.638391" lon="9.63659">
<ele>214.566</ele>
</trkpt>
<trkpt lat="59.638547" lon="9.636417">
<ele>220.037</ele>
</trkpt>
<trkpt lat="59.63874" lon="9.636189">
<ele>226.246</ele>
</trkpt>
<trkpt lat="59.639105" lon="9.635739">
<ele>241.278</ele>
</trkpt>
<trkpt lat="59.639274" lon="9.635537">
<ele>245.309</ele>
</trkpt>
<trkpt lat="59.639456" lon="9.63533">
<ele>248.805</ele>
</trkpt>
<trkpt lat="59.639628" lon="9.635151">
<ele>251.843</ele>
</trkpt>
<trkpt lat="59.639871" lon="9.634923">
<ele>253.733</ele>
</trkpt>
<trkpt lat="59.640078" lon="9.634752">
<ele>249.68</ele>
</trkpt>
<trkpt lat="59.640288" lon="9.634598">
<ele>241.823</ele>
</trkpt>
<trkpt lat="59.640545" lon="9.634435">
<ele>236.519</ele>
</trkpt>
<trkpt lat="59.640804" lon="9.634292">
<ele>235.828</ele>
</trkpt>
<trkpt lat="59.641065" lon="9.634161">
<ele>239.339</ele>
</trkpt>
<trkpt lat="59.641807" lon="9.633814">
<ele>252.843</ele>
</trkpt>
<trkpt lat="59.642333" lon="9.633584">
<ele>255.543</ele>
</trkpt>
<trkpt lat="59.642729" lon="9.63342">
<ele>253.351</ele>
</trkpt>
<trkpt lat="59.642993" lon="9.633319">
<ele>249.889</ele>
</trkpt>
<trkpt lat="59.643214" lon="9.633246">
<ele>247.077</ele>
</trkpt>
<trkpt lat="59.643392" lon="9.633198">
<ele>245.444</ele>
</trkpt>
<trkpt lat="59.643526" lon="9.633169">
<ele>244.513</ele>
</trkpt>
<trkpt lat="59.643705" lon="9.633141">
<ele>244.415</ele>
</trkpt>
<trkpt lat="59.643875" lon="9.633125">
<ele>245.2</ele>
</trkpt>
<trkpt lat="59.644064" lon="9.633121">
<ele>246.703</ele>
</trkpt>
<trkpt lat="59.644252" lon="9.633129">
<ele>247.471</ele>
</trkpt>
<trkpt lat="59.644423" lon="9.633147">
<ele>247.342</ele>
</trkpt>
<trkpt lat="59.644628" lon="9.633184">
<ele>245.754</ele>
</trkpt>
<trkpt lat="59.64478" lon="9.633221">
<ele>244.685</ele>
</trkpt>
<trkpt lat="59.645001" lon="9.633291">
<ele>243.457</ele>
</trkpt>
<trkpt lat="59.645186" lon="9.633364">
<ele>242.595</ele>
</trkpt>
<trkpt lat="59.645308" lon="9.633419">
<ele>241.549</ele>
</trkpt>
<trkpt lat="59.645461" lon="9.633497">
<ele>239.324</ele>
</trkpt>
<trkpt lat="59.645697" lon="9.633636">
<ele>234.979</ele>
</trkpt>
<trkpt lat="59.645909" lon="9.633781">
<ele>229.18</ele>
</trkpt>
<trkpt lat="59.646035" lon="9.633877">
<ele>224.689</ele>
</trkpt>
<trkpt lat="59.646242" lon="9.634049">
<ele>216.515</ele>
</trkpt>
<trkpt lat="59.646364" lon="9.634161">
<ele>211.641</ele>
</trkpt>
<trkpt lat="59.64654" lon="9.634336">
<ele>205.498</ele>
</trkpt>
<trkpt lat="59.646682" lon="9.634488">
<ele>201.64</ele>
</trkpt>
<trkpt lat="59.646814" lon="9.63464">
<ele>200.435</ele>
</trkpt>
<trkpt lat="59.646989" lon="9.634856">
<ele>199.114</ele>
</trkpt>
<trkpt lat="59.64713" lon="9.635045">
<ele>198.56</ele>
</trkpt>
<trkpt lat="59.647333" lon="9.635339">
<ele>197.692</ele>
</trkpt>
<trkpt lat="59.647494" lon="9.635595">
<ele>196.022</ele>
</trkpt>
<trkpt lat="59.647663" lon="9.635886">
<ele>194.637</ele>
</trkpt>
<trkpt lat="59.647794" lon="9.636129">
<ele>192.881</ele>
</trkpt>
<trkpt lat="59.647895" lon="9.636329">
<ele>192.125</ele>
</trkpt>
<trkpt lat="59.647982" lon="9.636509">
<ele>191.568</ele>
</trkpt>
<trkpt lat="59.648102" lon="9.636773">
<ele>189.684</ele>
</trkpt>
<trkpt lat="59.648229" lon="9.637072">
<ele>185.711</ele>
</trkpt>
<trkpt lat="59.648356" lon="9.637394">
<ele>181.845</ele>
</trkpt>
<trkpt lat="59.648461" lon="9.637681">
<ele>179.804</ele>
</trkpt>
<trkpt lat="59.648548" lon="9.637937">
<ele>178.972</ele>
</trkpt>
<trkpt lat="59.648633" lon="9.638201">
<ele>178.593</ele>
</trkpt>
<trkpt lat="59.648746" lon="9.638583">
<ele>177.587</ele>
</trkpt>
<trkpt lat="59.648847" lon="9.638959">
<ele>176.232</ele>
</trkpt>
<trkpt lat="59.648929" lon="9.639294">
<ele>173.336</ele>
</trkpt>
<trkpt lat="59.649019" lon="9.639701">
<ele>169.216</ele>
</trkpt>
<trkpt lat="59.649059" lon="9.639882">
<ele>167.402</ele>
</trkpt>
<trkpt lat="59.649089" lon="9.640038">
<ele>166.28</ele>
</trkpt>
<trkpt lat="59.649123" lon="9.640228">
<ele>166.157</ele>
</trkpt>
<trkpt lat="59.649156" lon="9.640432">
<ele>165.483</ele>
</trkpt>
<trkpt lat="59.649212" lon="9.640788">
<ele>165.0</ele>
</trkpt>
<trkpt lat="59.649249" lon="9.641056">
<ele>164.762</ele>
</trkpt>
<trkpt lat="59.649286" lon="9.641345">
<ele>164.57</ele>
</trkpt>
<trkpt lat="59.649321" lon="9.641666">
<ele>163.447</ele>
</trkpt>
<trkpt lat="59.649349" lon="9.64198">
<ele>163.344</ele>
</trkpt>
<trkpt lat="59.649366" lon="9.642218">
<ele>163.282</ele>
</trkpt>
<trkpt lat="59.64938" lon="9.642496">
<ele>163.232</ele>
</trkpt>
<trkpt lat="59.649389" lon="9.64273">
<ele>162.537</ele>
</trkpt>
<trkpt lat="59.64939" lon="9.642997">
<ele>161.603</ele>
</trkpt>
<trkpt lat="59.649385" lon="9.643227">
<ele>160.326</ele>
</trkpt>
<trkpt lat="59.649379" lon="9.643392">
<ele>159.545</ele>
</trkpt>
<trkpt lat="59.649364" lon="9.643618">
<ele>159.141</ele>
</trkpt>
<trkpt lat="59.649343" lon="9.64386">
<ele>158.892</ele>
</trkpt>
<trkpt lat="59.649313" lon="9.644154">
<ele>157.909</ele>
</trkpt>
<trkpt lat="59.64929" lon="9.644323">
<ele>157.21</ele>
</trkpt>
<trkpt lat="59.649264" lon="9.644505">
<ele>155.96</ele>
</trkpt>
<trkpt lat="59.649226" lon="9.644724">
<ele>153.115</ele>
</trkpt>
<trkpt lat="59.649178" lon="9.644967">
<ele>149.467</ele>
</trkpt>
<trkpt lat="59.649119" lon="9.645229">
<ele>147.415</ele>
</trkpt>
<trkpt lat="59.649055" lon="9.645484">
<ele>145.04</ele>
</trkpt>
<trkpt lat="59.648915" lon="9.646026">
<ele>142.514</ele>
</trkpt>
<trkpt lat="59.648856" lon="9.646269">
<ele>142.852</ele>
</trkpt>
<trkpt lat="59.648812" lon="9.646473">
<ele>144.019</ele>
</trkpt>
<trkpt lat="59.648778" lon="9.646655">
<ele>144.832</ele>
</trkpt>
<trkpt lat="59.648758" lon="9.646759">
<ele>145.654</ele>
</trkpt>
<trkpt lat="59.648735" lon="9.646841">
<ele>146.648</ele>
</trkpt>
<trkpt lat="59.6487" lon="9.646951">
<ele>148.16</ele>
</trkpt>
<trkpt lat="59.648663" lon="9.647056">
<ele>149.758</ele>
</trkpt>
<trkpt lat="59.648633" lon="9.647097">
<ele>151.054</ele>
</trkpt>
<trkpt lat="59.648608" lon="9.647149">
<ele>152.118</ele>
</trkpt>
<trkpt lat="59.648588" lon="9.64721">
<ele>152.839</ele>
</trkpt>
<trkpt lat="59.648576" lon="9.647278">
<ele>153.063</ele>
</trkpt>
<trkpt lat="59.648571" lon="9.647349">
<ele>152.988</ele>
</trkpt>
<trkpt lat="59.648573" lon="9.647421">
<ele>152.656</ele>
</trkpt>
<trkpt lat="59.648583" lon="9.64749">
<ele>152.048</ele>
</trkpt>
<trkpt lat="59.648599" lon="9.647554">
<ele>151.233</ele>
</trkpt>
<trkpt lat="59.648622" lon="9.64761">
<ele>150.173</ele>
</trkpt>
<trkpt lat="59.648651" lon="9.647655">
<ele>148.862</ele>
</trkpt>
<trkpt lat="59.648671" lon="9.647782">
<ele>147.593</ele>
</trkpt>
<trkpt lat="59.648684" lon="9.647884">
<ele>146.267</ele>
</trkpt>
<trkpt lat="59.648694" lon="9.647982">
<ele>145.17</ele>
</trkpt>
<trkpt lat="59.6487" lon="9.648107">
<ele>144.003</ele>
</trkpt>
<trkpt lat="59.648707" lon="9.648258">
<ele>142.555</ele>
</trkpt>
<trkpt lat="59.648724" lon="9.648525">
<ele>140.333</ele>
</trkpt>
<trkpt lat="59.648741" lon="9.64873">
<ele>138.713</ele>
</trkpt>
<trkpt lat="59.648758" lon="9.648924">
<ele>137.412</ele>
</trkpt>
<trkpt lat="59.648775" lon="9.649098">
<ele>137.101</ele>
</trkpt>
<trkpt lat="59.648801" lon="9.649335">
<ele>136.394</ele>
</trkpt>
<trkpt lat="59.648833" lon="9.649575">
<ele>136.0</ele>
</trkpt>
<trkpt lat="59.648858" lon="9.649754">
<ele>136.102</ele>
</trkpt>
<trkpt lat="59.648892" lon="9.64997">
<ele>136.904</ele>
</trkpt>
<trkpt lat="59.648929" lon="9.650188">
<ele>137.723</ele>
</trkpt>
<trkpt lat="59.648972" lon="9.650413">
<ele>138.487</ele>
</trkpt>
<trkpt lat="59.649022" lon="9.650666">
<ele>139.207</ele>
</trkpt>
<trkpt lat="59.649066" lon="9.650873">
<ele>139.414</ele>
</trkpt>
<trkpt lat="59.649178" lon="9.651339">
<ele>138.959</ele>
</trkpt>
<trkpt lat="59.649226" lon="9.651514">
<ele>138.883</ele>
</trkpt>
<trkpt lat="59.649241" lon="9.651571">
<ele>138.908</ele>
</trkpt>
<trkpt lat="59.649253" lon="9.65162">
<ele>138.948</ele>
</trkpt>
<trkpt lat="59.649261" lon="9.651658">
<ele>138.989</ele>
</trkpt>
<trkpt lat="59.649268" lon="9.651697">
<ele>139.109</ele>
</trkpt>
<trkpt lat="59.649272" lon="9.651734">
<ele>139.242</ele>
</trkpt>
<trkpt lat="59.649276" lon="9.651774">
<ele>139.386</ele>
</trkpt>
<trkpt lat="59.649281" lon="9.651841">
<ele>139.628</ele>
</trkpt>
<trkpt lat="59.649287" lon="9.651979">
<ele>140.249</ele>
</trkpt>
<trkpt lat="59.649275" lon="9.652028">
<ele>140.602</ele>
</trkpt>
<trkpt lat="59.649267" lon="9.652084">
<ele>141.005</ele>
</trkpt>
<trkpt lat="59.649265" lon="9.652134">
<ele>141.365</ele>
</trkpt>
<trkpt lat="59.649267" lon="9.652186">
<ele>141.739</ele>
</trkpt>
<trkpt lat="59.649272" lon="9.652238">
<ele>142.17</ele>
</trkpt>
<trkpt lat="59.649291" lon="9.652326">
<ele>143.121</ele>
</trkpt>
<trkpt lat="59.649317" lon="9.652391">
<ele>143.823</ele>
</trkpt>
<trkpt lat="59.649352" lon="9.652447">
<ele>144.428</ele>
</trkpt>
<trkpt lat="59.649393" lon="9.652483">
<ele>144.816</ele>
</trkpt>
<trkpt lat="59.649415" lon="9.652493">
<ele>144.924</ele>
</trkpt>
<trkpt lat="59.649437" lon="9.652498">
<ele>144.978</ele>
</trkpt>
<trkpt lat="59.649482" lon="9.652491">
<ele>145.308</ele>
</trkpt>
<trkpt lat="59.649525" lon="9.652462">
<ele>145.46</ele>
</trkpt>
<trkpt lat="59.649562" lon="9.652413">
<ele>145.33</ele>
</trkpt>
<trkpt lat="59.649625" lon="9.652412">
<ele>146.0</ele>
</trkpt>
<trkpt lat="59.649721" lon="9.652413">
<ele>147.047</ele>
</trkpt>
<trkpt lat="59.649773" lon="9.652428">
<ele>147.588</ele>
</trkpt>
<trkpt lat="59.649818" lon="9.652453">
<ele>148.182</ele>
</trkpt>
<trkpt lat="59.649916" lon="9.65252">
<ele>149.611</ele>
</trkpt>
<trkpt lat="59.650003" lon="9.65258">
<ele>150.856</ele>
</trkpt>
<trkpt lat="59.650093" lon="9.652656">
<ele>151.538</ele>
</trkpt>
<trkpt lat="59.650181" lon="9.652736">
<ele>152.451</ele>
</trkpt>
<trkpt lat="59.650296" lon="9.65285">
<ele>153.469</ele>
</trkpt>
<trkpt lat="59.650423" lon="9.652992">
<ele>153.103</ele>
</trkpt>
<trkpt lat="59.650604" lon="9.653223">
<ele>153.968</ele>
</trkpt>
<trkpt lat="59.650749" lon="9.653432">
<ele>154.382</ele>
</trkpt>
<trkpt lat="59.650912" lon="9.653683">
<ele>154.535</ele>
</trkpt>
<trkpt lat="59.651288" lon="9.654285">
<ele>155.215</ele>
</trkpt>
<trkpt lat="59.651406" lon="9.654465">
<ele>156.746</ele>
</trkpt>
<trkpt lat="59.651503" lon="9.654603">
<ele>155.82</ele>
</trkpt>
<trkpt lat="59.651617" lon="9.654752">
<ele>154.947</ele>
</trkpt>
<trkpt lat="59.651761" lon="9.654916">
<ele>153.771</ele>
</trkpt>
<trkpt lat="59.65188" lon="9.655032">
<ele>152.405</ele>
</trkpt>
<trkpt lat="59.651956" lon="9.655098">
<ele>151.583</ele>
</trkpt>
<trkpt lat="59.652044" lon="9.655165">
<ele>151.324</ele>
</trkpt>
<trkpt lat="59.652208" lon="9.655271">
<ele>150.157</ele>
</trkpt>
<trkpt lat="59.652328" lon="9.655331">
<ele>149.362</ele>
</trkpt>
<trkpt lat="59.652436" lon="9.655371">
<ele>148.341</ele>
</trkpt>
<trkpt lat="59.652466" lon="9.655387">
<ele>148.111</ele>
</trkpt>
<trkpt lat="59.652498" lon="9.655409">
<ele>147.922</ele>
</trkpt>
<trkpt lat="59.652532" lon="9.655441">
<ele>147.985</ele>
</trkpt>
<trkpt lat="59.652638" lon="9.65555">
<ele>147.953</ele>
</trkpt>
<trkpt lat="59.652664" lon="9.655642">
<ele>148.699</ele>
</trkpt>
<trkpt lat="59.652699" lon="9.655712">
<ele>148.984</ele>
</trkpt>
<trkpt lat="59.652741" lon="9.655763">
<ele>148.869</ele>
</trkpt>
<trkpt lat="59.652789" lon="9.655791">
<ele>148.462</ele>
</trkpt>
<trkpt lat="59.652838" lon="9.655796">
<ele>148.163</ele>
</trkpt>
<trkpt lat="59.652886" lon="9.655776">
<ele>147.602</ele>
</trkpt>
<trkpt lat="59.652931" lon="9.655733">
<ele>146.813</ele>
</trkpt>
<trkpt lat="59.652968" lon="9.655669">
<ele>145.856</ele>
</trkpt>
<trkpt lat="59.653018" lon="9.655683">
<ele>145.647</ele>
</trkpt>
<trkpt lat="59.653106" lon="9.655719">
<ele>145.69</ele>
</trkpt>
<trkpt lat="59.653367" lon="9.655892">
<ele>147.992</ele>
</trkpt>
<trkpt lat="59.653494" lon="9.655979">
<ele>149.979</ele>
</trkpt>
<trkpt lat="59.653667" lon="9.656115">
<ele>153.056</ele>
</trkpt>
<trkpt lat="59.65376" lon="9.656197">
<ele>154.237</ele>
</trkpt>
<trkpt lat="59.653904" lon="9.656336">
<ele>156.238</ele>
</trkpt>
<trkpt lat="59.654042" lon="9.656484">
<ele>158.37</ele>
</trkpt>
<trkpt lat="59.654265" lon="9.656739">
<ele>160.719</ele>
</trkpt>
<trkpt lat="59.654328" lon="9.656835">
<ele>161.076</ele>
</trkpt>
<trkpt lat="59.654513" lon="9.657087">
<ele>162.066</ele>
</trkpt>
<trkpt lat="59.654622" lon="9.657243">
<ele>162.742</ele>
</trkpt>
<trkpt lat="59.654765" lon="9.657459">
<ele>163.794</ele>
</trkpt>
<trkpt lat="59.654939" lon="9.657737">
<ele>166.144</ele>
</trkpt>
<trkpt lat="59.655075" lon="9.657968">
<ele>169.299</ele>
</trkpt>
<trkpt lat="59.655306" lon="9.658389">
<ele>175.616</ele>
</trkpt>
<trkpt lat="59.655338" lon="9.658451">
<ele>176.343</ele>
</trkpt>
<trkpt lat="59.65556" lon="9.658891">
<ele>182.991</ele>
</trkpt>
<trkpt lat="59.656684" lon="9.661223">
<ele>195.456</ele>
</trkpt>
<trkpt lat="59.656705" lon="9.661268">
<ele>195.38</ele>
</trkpt>
<trkpt lat="59.6568" lon="9.661481">
<ele>195.595</ele>
</trkpt>
<trkpt lat="59.656883" lon="9.661666">
<ele>196.099</ele>
</trkpt>
<trkpt lat="59.65697" lon="9.66187">
<ele>196.163</ele>
</trkpt>
<trkpt lat="59.657081" lon="9.662148">
<ele>197.724</ele>
</trkpt>
<trkpt lat="59.657215" lon="9.662505">
<ele>200.132</ele>
</trkpt>
<trkpt lat="59.657292" lon="9.662723">
<ele>202.108</ele>
</trkpt>
<trkpt lat="59.657391" lon="9.663019">
<ele>204.998</ele>
</trkpt>
<trkpt lat="59.657462" lon="9.663245">
<ele>207.276</ele>
</trkpt>
<trkpt lat="59.657531" lon="9.663473">
<ele>208.671</ele>
</trkpt>
<trkpt lat="59.657619" lon="9.663782">
<ele>210.297</ele>
</trkpt>
<trkpt lat="59.657682" lon="9.664017">
<ele>210.84</ele>
</trkpt>
<trkpt lat="59.657762" lon="9.664335">
<ele>210.833</ele>
</trkpt>
<trkpt lat="59.657838" lon="9.664657">
<ele>211.281</ele>
</trkpt>
<trkpt lat="59.657891" lon="9.664901">
<ele>212.472</ele>
</trkpt>
<trkpt lat="59.657942" lon="9.665147">
<ele>213.876</ele>
</trkpt>
<trkpt lat="59.658006" lon="9.665479">
<ele>216.401</ele>
</trkpt>
<trkpt lat="59.658095" lon="9.665981">
<ele>218.637</ele>
</trkpt>
<trkpt lat="59.658204" lon="9.666657">
<ele>222.327</ele>
</trkpt>
<trkpt lat="59.660532" lon="9.681945">
<ele>259.002</ele>
</trkpt>
<trkpt lat="59.660844" lon="9.683982">
<ele>261.077</ele>
</trkpt>
<trkpt lat="59.661033" lon="9.685167">
<ele>262.005</ele>
</trkpt>
<trkpt lat="59.661189" lon="9.686092">
<ele>260.891</ele>
</trkpt>
<trkpt lat="59.661338" lon="9.686929">
<ele>262.267</ele>
</trkpt>
<trkpt lat="59.661431" lon="9.687428">
<ele>261.826</ele>
</trkpt>
<trkpt lat="59.661641" lon="9.688504">
<ele>261.165</ele>
</trkpt>
<trkpt lat="59.661793" lon="9.689244">
<ele>260.176</ele>
</trkpt>
<trkpt lat="59.661951" lon="9.689979">
<ele>260.047</ele>
</trkpt>
<trkpt lat="59.662114" lon="9.690709">
<ele>259.279</ele>
</trkpt>
<trkpt lat="59.662343" lon="9.691671">
<ele>254.854</ele>
</trkpt>
<trkpt lat="59.662738" lon="9.693203">
<ele>249.082</ele>
</trkpt>
<trkpt lat="59.663185" lon="9.694841">
<ele>240.961</ele>
</trkpt>
<trkpt lat="59.663432" lon="9.695676">
<ele>239.066</ele>
</trkpt>
<trkpt lat="59.663595" lon="9.696208">
<ele>240.497</ele>
</trkpt>
<trkpt lat="59.663858" lon="9.697037">
<ele>240.444</ele>
</trkpt>
<trkpt lat="59.664123" lon="9.69784">
<ele>236.09</ele>
</trkpt>
<trkpt lat="59.664317" lon="9.698406">
<ele>233.197</ele>
</trkpt>
<trkpt lat="59.664549" lon="9.699062">
<ele>230.13</ele>
</trkpt>
<trkpt lat="59.664718" lon="9.699537">
<ele>226.318</ele>
</trkpt>
<trkpt lat="59.664945" lon="9.700146">
<ele>224.078</ele>
</trkpt>
<trkpt lat="59.665314" lon="9.701113">
<ele>226.384</ele>
</trkpt>
<trkpt lat="59.665339" lon="9.701181">
<ele>226.41</ele>
</trkpt>
<trkpt lat="59.665509" lon="9.701612">
<ele>226.694</ele>
</trkpt>
<trkpt lat="59.665585" lon="9.701806">
<ele>227.106</ele>
</trkpt>
<trkpt lat="59.666105" lon="9.70314">
<ele>225.696</ele>
</trkpt>
<trkpt lat="59.666398" lon="9.703923">
<ele>222.996</ele>
</trkpt>
<trkpt lat="59.666597" lon="9.704468">
<ele>221.23</ele>
</trkpt>
<trkpt lat="59.66675" lon="9.704901">
<ele>220.656</ele>
</trkpt>
<trkpt lat="59.666838" lon="9.70515">
<ele>220.284</ele>
</trkpt>
<trkpt lat="59.667036" lon="9.705729">
<ele>219.33</ele>
</trkpt>
<trkpt lat="59.667143" lon="9.706051">
<ele>219.155</ele>
</trkpt>
<trkpt lat="59.66733" lon="9.706633">
<ele>218.271</ele>
</trkpt>
<trkpt lat="59.667637" lon="9.707611">
<ele>215.211</ele>
</trkpt>
<trkpt lat="59.667802" lon="9.708151">
<ele>216.344</ele>
</trkpt>
<trkpt lat="59.667866" lon="9.708373">
<ele>217.0</ele>
</trkpt>
<trkpt lat="59.668007" lon="9.708848">
<ele>216.445</ele>
</trkpt>
<trkpt lat="59.668154" lon="9.709374">
<ele>212.217</ele>
</trkpt>
<trkpt lat="59.668453" lon="9.71047">
<ele>208.123</ele>
</trkpt>
<trkpt lat="59.668636" lon="9.711174">
<ele>209.98</ele>
</trkpt>
<trkpt lat="59.668893" lon="9.712207">
<ele>207.055</ele>
</trkpt>
<trkpt lat="59.668962" lon="9.7125">
<ele>206.0</ele>
</trkpt>
<trkpt lat="59.669071" lon="9.712961">
<ele>203.252</ele>
</trkpt>
<trkpt lat="59.669175" lon="9.713411">
<ele>199.802</ele>
</trkpt>
<trkpt lat="59.669302" lon="9.71398">
<ele>198.327</ele>
</trkpt>
<trkpt lat="59.669545" lon="9.715123">
<ele>195.643</ele>
</trkpt>
<trkpt lat="59.669726" lon="9.716029">
<ele>194.34</ele>
</trkpt>
<trkpt lat="59.669932" lon="9.717123">
<ele>196.888</ele>
</trkpt>
<trkpt lat="59.669945" lon="9.717192">
<ele>197.089</ele>
</trkpt>
<trkpt lat="59.670122" lon="9.718199">
<ele>195.71</ele>
</trkpt>
<trkpt lat="59.670261" lon="9.719044">
<ele>195.973</ele>
</trkpt>
<trkpt lat="59.671322" lon="9.725864">
<ele>207.157</ele>
</trkpt>
<trkpt lat="59.671515" lon="9.727164">
<ele>201.305</ele>
</trkpt>
<trkpt lat="59.67157" lon="9.727521">
<ele>200.299</ele>
</trkpt>
<trkpt lat="59.671766" lon="9.728626">
<ele>197.642</ele>
</trkpt>
<trkpt lat="59.671851" lon="9.729087">
<ele>196.19</ele>
</trkpt>
<trkpt lat="59.671936" lon="9.729531">
<ele>193.749</ele>
</trkpt>
<trkpt lat="59.672014" lon="9.729928">
<ele>192.77</ele>
</trkpt>
<trkpt lat="59.672163" lon="9.730614">
<ele>189.198</ele>
</trkpt>
<trkpt lat="59.672255" lon="9.731001">
<ele>186.472</ele>
</trkpt>
<trkpt lat="59.672328" lon="9.731287">
<ele>184.254</ele>
</trkpt>
<trkpt lat="59.672431" lon="9.731662">
<ele>181.046</ele>
</trkpt>
<trkpt lat="59.672566" lon="9.732104">
<ele>179.089</ele>
</trkpt>
<trkpt lat="59.672651" lon="9.732356">
<ele>178.282</ele>
</trkpt>
<trkpt lat="59.672745" lon="9.732618">
<ele>177.201</ele>
</trkpt>
<trkpt lat="59.672885" lon="9.732976">
<ele>176.772</ele>
</trkpt>
<trkpt lat="59.672971" lon="9.733105">
<ele>177.322</ele>
</trkpt>
<trkpt lat="59.673101" lon="9.733401">
<ele>177.695</ele>
</trkpt>
<trkpt lat="59.673193" lon="9.733598">
<ele>178.966</ele>
</trkpt>
<trkpt lat="59.673287" lon="9.733788">
<ele>179.348</ele>
</trkpt>
<trkpt lat="59.673416" lon="9.734033">
<ele>178.403</ele>
</trkpt>
<trkpt lat="59.673516" lon="9.734212">
<ele>177.061</ele>
</trkpt>
<trkpt lat="59.673618" lon="9.734385">
<ele>174.906</ele>
</trkpt>
<trkpt lat="59.67373" lon="9.734563">
<ele>173.149</ele>
</trkpt>
<trkpt lat="59.673807" lon="9.734677">
<ele>172.062</ele>
</trkpt>
<trkpt lat="59.673893" lon="9.7348">
<ele>170.6</ele>
</trkpt>
<trkpt lat="59.674013" lon="9.734961">
<ele>167.702</ele>
</trkpt>
<trkpt lat="59.674188" lon="9.735183">
<ele>167.051</ele>
</trkpt>
<trkpt lat="59.674393" lon="9.735414">
<ele>168.124</ele>
</trkpt>
<trkpt lat="59.67457" lon="9.735594">
<ele>171.537</ele>
</trkpt>
<trkpt lat="59.674675" lon="9.735693">
<ele>174.14</ele>
</trkpt>
<trkpt lat="59.674905" lon="9.735886">
<ele>179.669</ele>
</trkpt>
<trkpt lat="59.674995" lon="9.735954">
<ele>181.779</ele>
</trkpt>
<trkpt lat="59.675034" lon="9.736037">
<ele>182.654</ele>
</trkpt>
<trkpt lat="59.67518" lon="9.736137">
<ele>183.588</ele>
</trkpt>
<trkpt lat="59.675375" lon="9.736256">
<ele>183.478</ele>
</trkpt>
<trkpt lat="59.675527" lon="9.736341">
<ele>183.172</ele>
</trkpt>
<trkpt lat="59.675656" lon="9.73641">
<ele>182.875</ele>
</trkpt>
<trkpt lat="59.676325" lon="9.736745">
<ele>180.165</ele>
</trkpt>
<trkpt lat="59.676495" lon="9.736837">
<ele>180.0</ele>
</trkpt>
<trkpt lat="59.676794" lon="9.737015">
<ele>179.796</ele>
</trkpt>
<trkpt lat="59.677002" lon="9.73715">
<ele>179.533</ele>
</trkpt>
<trkpt lat="59.677199" lon="9.737286">
<ele>179.313</ele>
</trkpt>
<trkpt lat="59.677478" lon="9.7375">
<ele>180.921</ele>
</trkpt>
<trkpt lat="59.677735" lon="9.737717">
<ele>181.781</ele>
</trkpt>
<trkpt lat="59.678021" lon="9.737979">
<ele>184.566</ele>
</trkpt>
<trkpt lat="59.678307" lon="9.738265">
<ele>185.825</ele>
</trkpt>
<trkpt lat="59.678604" lon="9.738581">
<ele>185.048</ele>
</trkpt>
<trkpt lat="59.679348" lon="9.739405">
<ele>179.787</ele>
</trkpt>
<trkpt lat="59.679776" lon="9.739873">
<ele>179.808</ele>
</trkpt>
<trkpt lat="59.68003" lon="9.740144">
<ele>179.892</ele>
</trkpt>
<trkpt lat="59.680721" lon="9.740871">
<ele>176.243</ele>
</trkpt>
<trkpt lat="59.681152" lon="9.741295">
<ele>175.02</ele>
</trkpt>
<trkpt lat="59.681471" lon="9.74161">
<ele>173.908</ele>
</trkpt>
<trkpt lat="59.681778" lon="9.741905">
<ele>174.802</ele>
</trkpt>
<trkpt lat="59.681862" lon="9.741987">
<ele>175.514</ele>
</trkpt>
<trkpt lat="59.682189" lon="9.742296">
<ele>179.026</ele>
</trkpt>
<trkpt lat="59.682623" lon="9.742694">
<ele>181.134</ele>
</trkpt>
<trkpt lat="59.683508" lon="9.743458">
<ele>183.718</ele>
</trkpt>
<trkpt lat="59.684343" lon="9.744168">
<ele>183.002</ele>
</trkpt>
<trkpt lat="59.684598" lon="9.744391">
<ele>182.554</ele>
</trkpt>
<trkpt lat="59.684905" lon="9.744676">
<ele>181.342</ele>
</trkpt>
<trkpt lat="59.685265" lon="9.745037">
<ele>179.092</ele>
</trkpt>
<trkpt lat="59.68539" lon="9.745171">
<ele>178.596</ele>
</trkpt>
<trkpt lat="59.685678" lon="9.745496">
<ele>177.654</ele>
</trkpt>
<trkpt lat="59.685955" lon="9.745834">
<ele>176.559</ele>
</trkpt>
<trkpt lat="59.686154" lon="9.74609">
<ele>173.855</ele>
</trkpt>
<trkpt lat="59.686489" lon="9.746548">
<ele>168.933</ele>
</trkpt>
<trkpt lat="59.686768" lon="9.746967">
<ele>164.202</ele>
</trkpt>
<trkpt lat="59.686987" lon="9.747311">
<ele>163.397</ele>
</trkpt>
<trkpt lat="59.687027" lon="9.747375">
<ele>163.773</ele>
</trkpt>
<trkpt lat="59.68713" lon="9.747544">
<ele>164.408</ele>
</trkpt>
<trkpt lat="59.687212" lon="9.747685">
<ele>164.545</ele>
</trkpt>
<trkpt lat="59.687522" lon="9.748234">
<ele>168.187</ele>
</trkpt>
<trkpt lat="59.68773" lon="9.748628">
<ele>169.616</ele>
</trkpt>
<trkpt lat="59.687834" lon="9.748833">
<ele>169.606</ele>
</trkpt>
<trkpt lat="59.688048" lon="9.749272">
<ele>170.577</ele>
</trkpt>
<trkpt lat="59.688154" lon="9.749499">
<ele>170.709</ele>
</trkpt>
<trkpt lat="59.688331" lon="9.749894">
<ele>171.37</ele>
</trkpt>
<trkpt lat="59.688532" lon="9.750366">
<ele>170.682</ele>
</trkpt>
<trkpt lat="59.688754" lon="9.750919">
<ele>169.692</ele>
</trkpt>
<trkpt lat="59.688962" lon="9.751461">
<ele>168.74</ele>
</trkpt>
<trkpt lat="59.689266" lon="9.752269">
<ele>165.832</ele>
</trkpt>
<trkpt lat="59.68965" lon="9.753268">
<ele>158.966</ele>
</trkpt>
<trkpt lat="59.689696" lon="9.753389">
<ele>157.675</ele>
</trkpt>
<trkpt lat="59.68995" lon="9.75406">
<ele>155.46</ele>
</trkpt>
<trkpt lat="59.690182" lon="9.754643">
<ele>156.497</ele>
</trkpt>
<trkpt lat="59.690266" lon="9.75484">
<ele>156.509</ele>
</trkpt>
<trkpt lat="59.690475" lon="9.755294">
<ele>156.693</ele>
</trkpt>
<trkpt lat="59.690545" lon="9.755437">
<ele>156.94</ele>
</trkpt>
<trkpt lat="59.690728" lon="9.755782">
<ele>159.483</ele>
</trkpt>
<trkpt lat="59.690816" lon="9.75594">
<ele>161.11</ele>
</trkpt>
<trkpt lat="59.69094" lon="9.756148">
<ele>163.152</ele>
</trkpt>
<trkpt lat="59.691079" lon="9.75636">
<ele>164.653</ele>
</trkpt>
<trkpt lat="59.691258" lon="9.756603">
<ele>165.573</ele>
</trkpt>
<trkpt lat="59.691377" lon="9.756757">
<ele>166.546</ele>
</trkpt>
<trkpt lat="59.691475" lon="9.756876">
<ele>166.246</ele>
</trkpt>
<trkpt lat="59.691668" lon="9.757086">
<ele>164.969</ele>
</trkpt>
<trkpt lat="59.691847" lon="9.757257">
<ele>162.576</ele>
</trkpt>
<trkpt lat="59.69206" lon="9.757435">
<ele>162.066</ele>
</trkpt>
<trkpt lat="59.692188" lon="9.75753">
<ele>162.646</ele>
</trkpt>
<trkpt lat="59.692427" lon="9.757684">
<ele>164.549</ele>
</trkpt>
<trkpt lat="59.692617" lon="9.757786">
<ele>165.842</ele>
</trkpt>
<trkpt lat="59.692835" lon="9.757885">
<ele>166.92</ele>
</trkpt>
<trkpt lat="59.693069" lon="9.75797">
<ele>166.26</ele>
</trkpt>
<trkpt lat="59.69336" lon="9.758056">
<ele>164.998</ele>
</trkpt>
<trkpt lat="59.693715" lon="9.75814">
<ele>164.956</ele>
</trkpt>
<trkpt lat="59.694207" lon="9.758245">
<ele>163.101</ele>
</trkpt>
<trkpt lat="59.694337" lon="9.758274">
<ele>161.105</ele>
</trkpt>
<trkpt lat="59.694533" lon="9.758324">
<ele>157.826</ele>
</trkpt>
<trkpt lat="59.694763" lon="9.758392">
<ele>154.673</ele>
</trkpt>
<trkpt lat="59.694932" lon="9.758451">
<ele>154.141</ele>
</trkpt>
<trkpt lat="59.69516" lon="9.758546">
<ele>155.593</ele>
</trkpt>
<trkpt lat="59.695374" lon="9.758654">
<ele>157.154</ele>
</trkpt>
<trkpt lat="59.695528" lon="9.758743">
<ele>157.475</ele>
</trkpt>
<trkpt lat="59.695797" lon="9.758927">
<ele>156.262</ele>
</trkpt>
<trkpt lat="59.695855" lon="9.758969">
<ele>156.078</ele>
</trkpt>
<trkpt lat="59.69601" lon="9.7591">
<ele>156.636</ele>
</trkpt>
<trkpt lat="59.696094" lon="9.759178">
<ele>156.979</ele>
</trkpt>
<trkpt lat="59.696276" lon="9.759358">
<ele>159.47</ele>
</trkpt>
<trkpt lat="59.696402" lon="9.759494">
<ele>161.142</ele>
</trkpt>
<trkpt lat="59.696596" lon="9.759721">
<ele>163.237</ele>
</trkpt>
<trkpt lat="59.69677" lon="9.759943">
<ele>165.04</ele>
</trkpt>
<trkpt lat="59.696892" lon="9.760114">
<ele>166.434</ele>
</trkpt>
<trkpt lat="59.69707" lon="9.760388">
<ele>167.507</ele>
</trkpt>
<trkpt lat="59.697179" lon="9.760568">
<ele>167.637</ele>
</trkpt>
<trkpt lat="59.697254" lon="9.760699">
<ele>167.827</ele>
</trkpt>
<trkpt lat="59.697437" lon="9.761047">
<ele>168.376</ele>
</trkpt>
<trkpt lat="59.697629" lon="9.761458">
<ele>169.609</ele>
</trkpt>
<trkpt lat="59.697713" lon="9.761655">
<ele>170.109</ele>
</trkpt>
<trkpt lat="59.697831" lon="9.761951">
<ele>170.93</ele>
</trkpt>
<trkpt lat="59.697912" lon="9.762171">
<ele>171.206</ele>
</trkpt>
<trkpt lat="59.697992" lon="9.762402">
<ele>171.438</ele>
</trkpt>
<trkpt lat="59.698097" lon="9.762732">
<ele>171.911</ele>
</trkpt>
<trkpt lat="59.698237" lon="9.763224">
<ele>174.08</ele>
</trkpt>
<trkpt lat="59.698328" lon="9.763584">
<ele>174.942</ele>
</trkpt>
<trkpt lat="59.698429" lon="9.764016">
<ele>174.344</ele>
</trkpt>
<trkpt lat="59.698799" lon="9.765843">
<ele>170.283</ele>
</trkpt>
<trkpt lat="59.698983" lon="9.766703">
<ele>165.416</ele>
</trkpt>
<trkpt lat="59.699114" lon="9.767268">
<ele>162.456</ele>
</trkpt>
<trkpt lat="59.699393" lon="9.768387">
<ele>156.614</ele>
</trkpt>
<trkpt lat="59.69943" lon="9.768535">
<ele>155.548</ele>
</trkpt>
<trkpt lat="59.699621" lon="9.769278">
<ele>149.688</ele>
</trkpt>
<trkpt lat="59.699652" lon="9.769396">
<ele>148.887</ele>
</trkpt>
<trkpt lat="59.699773" lon="9.769851">
<ele>147.706</ele>
</trkpt>
<trkpt lat="59.699905" lon="9.77032">
<ele>148.532</ele>
</trkpt>
<trkpt lat="59.700098" lon="9.770979">
<ele>151.213</ele>
</trkpt>
<trkpt lat="59.70024" lon="9.771445">
<ele>153.268</ele>
</trkpt>
<trkpt lat="59.700322" lon="9.771707">
<ele>155.426</ele>
</trkpt>
<trkpt lat="59.70049" lon="9.77222">
<ele>159.218</ele>
</trkpt>
<trkpt lat="59.700852" lon="9.773265">
<ele>168.144</ele>
</trkpt>
<trkpt lat="59.701066" lon="9.773854">
<ele>168.666</ele>
</trkpt>
<trkpt lat="59.70127" lon="9.7744">
<ele>165.98</ele>
</trkpt>
<trkpt lat="59.70152" lon="9.775033">
<ele>163.0</ele>
</trkpt>
<trkpt lat="59.701701" lon="9.775473">
<ele>162.421</ele>
</trkpt>
<trkpt lat="59.701859" lon="9.775845">
<ele>161.958</ele>
</trkpt>
<trkpt lat="59.702098" lon="9.776385">
<ele>160.014</ele>
</trkpt>
<trkpt lat="59.702362" lon="9.776956">
<ele>158.979</ele>
</trkpt>
<trkpt lat="59.702582" lon="9.777413">
<ele>157.313</ele>
</trkpt>
<trkpt lat="59.702632" lon="9.777517">
<ele>156.91</ele>
</trkpt>
<trkpt lat="59.702941" lon="9.778135">
<ele>155.889</ele>
</trkpt>
<trkpt lat="59.703118" lon="9.778471">
<ele>156.674</ele>
</trkpt>
<trkpt lat="59.703277" lon="9.778755">
<ele>157.979</ele>
</trkpt>
<trkpt lat="59.703324" lon="9.778837">
<ele>158.113</ele>
</trkpt>
<trkpt lat="59.703485" lon="9.779107">
<ele>159.399</ele>
</trkpt>
<trkpt lat="59.703616" lon="9.779315">
<ele>160.002</ele>
</trkpt>
<trkpt lat="59.703702" lon="9.779449">
<ele>160.303</ele>
</trkpt>
<trkpt lat="59.703888" lon="9.779723">
<ele>161.985</ele>
</trkpt>
<trkpt lat="59.704032" lon="9.779928">
<ele>162.064</ele>
</trkpt>
<trkpt lat="59.704295" lon="9.780282">
<ele>163.363</ele>
</trkpt>
<trkpt lat="59.7045" lon="9.780541">
<ele>165.052</ele>
</trkpt>
<trkpt lat="59.704798" lon="9.780867">
<ele>168.391</ele>
</trkpt>
<trkpt lat="59.705228" lon="9.781304">
<ele>167.179</ele>
</trkpt>
<trkpt lat="59.705522" lon="9.781596">
<ele>165.599</ele>
</trkpt>
<trkpt lat="59.705726" lon="9.78179">
<ele>165.0</ele>
</trkpt>
<trkpt lat="59.706" lon="9.782038">
<ele>165.735</ele>
</trkpt>
<trkpt lat="59.706113" lon="9.782136">
<ele>166.009</ele>
</trkpt>
<trkpt lat="59.706306" lon="9.782309">
<ele>166.482</ele>
</trkpt>
<trkpt lat="59.706449" lon="9.78245">
<ele>166.652</ele>
</trkpt>
<trkpt lat="59.706525" lon="9.782527">
<ele>166.788</ele>
</trkpt>
<trkpt lat="59.706716" lon="9.782742">
<ele>165.587</ele>
</trkpt>
<trkpt lat="59.706902" lon="9.782977">
<ele>163.805</ele>
</trkpt>
<trkpt lat="59.707003" lon="9.783116">
<ele>162.386</ele>
</trkpt>
<trkpt lat="59.707163" lon="9.783366">
<ele>160.456</ele>
</trkpt>
<trkpt lat="59.707295" lon="9.783599">
<ele>160.317</ele>
</trkpt>
<trkpt lat="59.707347" lon="9.783695">
<ele>160.012</ele>
</trkpt>
<trkpt lat="59.707433" lon="9.783865">
<ele>159.151</ele>
</trkpt>
<trkpt lat="59.707496" lon="9.783998">
<ele>159.0</ele>
</trkpt>
<trkpt lat="59.707575" lon="9.784174">
<ele>159.0</ele>
</trkpt>
<trkpt lat="59.707627" lon="9.784299">
<ele>159.0</ele>
</trkpt>
<trkpt lat="59.707742" lon="9.784595">
<ele>159.0</ele>
</trkpt>
<trkpt lat="59.707881" lon="9.784996">
<ele>158.634</ele>
</trkpt>
<trkpt lat="59.707976" lon="9.785312">
<ele>158.374</ele>
</trkpt>
<trkpt lat="59.708124" lon="9.785879">
<ele>159.37</ele>
</trkpt>
<trkpt lat="59.708241" lon="9.786366">
<ele>160.0</ele>
</trkpt>
<trkpt lat="59.708503" lon="9.787487">
<ele>160.101</ele>
</trkpt>
<trkpt lat="59.708614" lon="9.787927">
<ele>160.515</ele>
</trkpt>
<trkpt lat="59.70869" lon="9.788211">
<ele>160.86</ele>
</trkpt>
<trkpt lat="59.708775" lon="9.788509">
<ele>161.318</ele>
</trkpt>
<trkpt lat="59.708885" lon="9.78886">
<ele>162.034</ele>
</trkpt>
<trkpt lat="59.708992" lon="9.789169">
<ele>162.473</ele>
</trkpt>
<trkpt lat="59.709107" lon="9.789473">
<ele>162.275</ele>
</trkpt>
<trkpt lat="59.709261" lon="9.789841">
<ele>161.484</ele>
</trkpt>
<trkpt lat="59.709403" lon="9.790152">
<ele>160.851</ele>
</trkpt>
<trkpt lat="59.70958" lon="9.790495">
<ele>161.106</ele>
</trkpt>
<trkpt lat="59.709756" lon="9.790804">
<ele>160.106</ele>
</trkpt>
<trkpt lat="59.709915" lon="9.791055">
<ele>159.202</ele>
</trkpt>
<trkpt lat="59.710124" lon="9.791368">
<ele>160.339</ele>
</trkpt>
<trkpt lat="59.710319" lon="9.791637">
<ele>162.313</ele>
</trkpt>
<trkpt lat="59.710827" lon="9.792321">
<ele>161.896</ele>
</trkpt>
<trkpt lat="59.711061" lon="9.792653">
<ele>158.348</ele>
</trkpt>
<trkpt lat="59.711163" lon="9.792806">
<ele>156.154</ele>
</trkpt>
<trkpt lat="59.711345" lon="9.793096">
<ele>151.879</ele>
</trkpt>
<trkpt lat="59.711511" lon="9.793387">
<ele>147.541</ele>
</trkpt>
<trkpt lat="59.711621" lon="9.793593">
<ele>144.524</ele>
</trkpt>
<trkpt lat="59.711816" lon="9.793987">
<ele>141.184</ele>
</trkpt>
<trkpt lat="59.711963" lon="9.794311">
<ele>140.748</ele>
</trkpt>
<trkpt lat="59.712126" lon="9.794712">
<ele>142.614</ele>
</trkpt>
<trkpt lat="59.712264" lon="9.795079">
<ele>143.451</ele>
</trkpt>
<trkpt lat="59.712322" lon="9.795244">
<ele>144.078</ele>
</trkpt>
<trkpt lat="59.712411" lon="9.795518">
<ele>144.174</ele>
</trkpt>
<trkpt lat="59.712526" lon="9.795894">
<ele>143.875</ele>
</trkpt>
<trkpt lat="59.712625" lon="9.796243">
<ele>142.762</ele>
</trkpt>
<trkpt lat="59.712792" lon="9.796902">
<ele>137.349</ele>
</trkpt>
<trkpt lat="59.71293" lon="9.797486">
<ele>134.598</ele>
</trkpt>
<trkpt lat="59.712973" lon="9.797675">
<ele>133.63</ele>
</trkpt>
<trkpt lat="59.713152" lon="9.798475">
<ele>131.361</ele>
</trkpt>
<trkpt lat="59.713205" lon="9.798703">
<ele>131.283</ele>
</trkpt>
<trkpt lat="59.713263" lon="9.798973">
<ele>131.24</ele>
</trkpt>
<trkpt lat="59.713333" lon="9.799274">
<ele>131.61</ele>
</trkpt>
<trkpt lat="59.71339" lon="9.79951">
<ele>131.58</ele>
</trkpt>
<trkpt lat="59.713445" lon="9.799718">
<ele>131.623</ele>
</trkpt>
<trkpt lat="59.713497" lon="9.799919">
<ele>131.231</ele>
</trkpt>
<trkpt lat="59.713588" lon="9.800239">
<ele>130.818</ele>
</trkpt>
<trkpt lat="59.713691" lon="9.800583">
<ele>129.764</ele>
</trkpt>
<trkpt lat="59.713865" lon="9.801133">
<ele>129.584</ele>
</trkpt>
<trkpt lat="59.714048" lon="9.801678">
<ele>128.654</ele>
</trkpt>
<trkpt lat="59.714328" lon="9.802473">
<ele>125.734</ele>
</trkpt>
<trkpt lat="59.714361" lon="9.802567">
<ele>125.217</ele>
</trkpt>
<trkpt lat="59.714439" lon="9.802783">
<ele>123.943</ele>
</trkpt>
<trkpt lat="59.71446" lon="9.802842">
<ele>123.749</ele>
</trkpt>
<trkpt lat="59.714812" lon="9.803795">
<ele>121.094</ele>
</trkpt>
<trkpt lat="59.715227" lon="9.804873">
<ele>122.191</ele>
</trkpt>
<trkpt lat="59.715468" lon="9.805477">
<ele>123.563</ele>
</trkpt>
<trkpt lat="59.715909" lon="9.806547">
<ele>120.862</ele>
</trkpt>
<trkpt lat="59.716402" lon="9.807687">
<ele>119.342</ele>
</trkpt>
<trkpt lat="59.71679" lon="9.808549">
<ele>112.991</ele>
</trkpt>
<trkpt lat="59.717153" lon="9.809329">
<ele>108.707</ele>
</trkpt>
<trkpt lat="59.71764" lon="9.810332">
<ele>107.803</ele>
</trkpt>
<trkpt lat="59.717775" lon="9.810602">
<ele>105.854</ele>
</trkpt>
<trkpt lat="59.717844" lon="9.81074">
<ele>105.098</ele>
</trkpt>
<trkpt lat="59.718233" lon="9.811507">
<ele>101.002</ele>
</trkpt>
<trkpt lat="59.718516" lon="9.812042">
<ele>100.075</ele>
</trkpt>
<trkpt lat="59.718847" lon="9.812654">
<ele>101.487</ele>
</trkpt>
<trkpt lat="59.719135" lon="9.813174">
<ele>104.475</ele>
</trkpt>
<trkpt lat="59.719376" lon="9.813603">
<ele>102.544</ele>
</trkpt>
<trkpt lat="59.719607" lon="9.814003">
<ele>101.515</ele>
</trkpt>
<trkpt lat="59.719901" lon="9.8145">
<ele>101.802</ele>
</trkpt>
<trkpt lat="59.720347" lon="9.81523">
<ele>100.966</ele>
</trkpt>
<trkpt lat="59.720827" lon="9.815994">
<ele>92.31</ele>
</trkpt>
<trkpt lat="59.721081" lon="9.816386">
<ele>90.706</ele>
</trkpt>
<trkpt lat="59.721361" lon="9.816804">
<ele>86.911</ele>
</trkpt>
<trkpt lat="59.721466" lon="9.816965">
<ele>86.13</ele>
</trkpt>
<trkpt lat="59.721668" lon="9.817266">
<ele>84.847</ele>
</trkpt>
<trkpt lat="59.721838" lon="9.817511">
<ele>84.577</ele>
</trkpt>
<trkpt lat="59.722192" lon="9.818008">
<ele>84.891</ele>
</trkpt>
<trkpt lat="59.722734" lon="9.818701">
<ele>85.297</ele>
</trkpt>
<trkpt lat="59.72293" lon="9.818959">
<ele>83.862</ele>
</trkpt>
<trkpt lat="59.723473" lon="9.819637">
<ele>80.461</ele>
</trkpt>
<trkpt lat="59.723652" lon="9.819864">
<ele>78.541</ele>
</trkpt>
<trkpt lat="59.723729" lon="9.819958">
<ele>77.518</ele>
</trkpt>
<trkpt lat="59.72426" lon="9.820596">
<ele>75.381</ele>
</trkpt>
<trkpt lat="59.724845" lon="9.821271">
<ele>75.496</ele>
</trkpt>
<trkpt lat="59.725265" lon="9.821747">
<ele>75.908</ele>
</trkpt>
<trkpt lat="59.725547" lon="9.822055">
<ele>76.571</ele>
</trkpt>
<trkpt lat="59.725791" lon="9.822303">
<ele>74.862</ele>
</trkpt>
<trkpt lat="59.725894" lon="9.822403">
<ele>74.349</ele>
</trkpt>
<trkpt lat="59.726101" lon="9.822592">
<ele>73.338</ele>
</trkpt>
<trkpt lat="59.726305" lon="9.822764">
<ele>73.495</ele>
</trkpt>
<trkpt lat="59.726508" lon="9.822926">
<ele>73.895</ele>
</trkpt>
<trkpt lat="59.726946" lon="9.823233">
<ele>72.095</ele>
</trkpt>
<trkpt lat="59.727138" lon="9.823357">
<ele>72.249</ele>
</trkpt>
<trkpt lat="59.727314" lon="9.823465">
<ele>73.043</ele>
</trkpt>
<trkpt lat="59.727374" lon="9.823501">
<ele>73.432</ele>
</trkpt>
<trkpt lat="59.72752" lon="9.823586">
<ele>74.403</ele>
</trkpt>
<trkpt lat="59.727779" lon="9.823717">
<ele>75.868</ele>
</trkpt>
<trkpt lat="59.728196" lon="9.823909">
<ele>75.35</ele>
</trkpt>
<trkpt lat="59.728423" lon="9.823994">
<ele>74.566</ele>
</trkpt>
<trkpt lat="59.728679" lon="9.82408">
<ele>74.624</ele>
</trkpt>
<trkpt lat="59.728879" lon="9.82414">
<ele>74.192</ele>
</trkpt>
<trkpt lat="59.729968" lon="9.824438">
<ele>72.162</ele>
</trkpt>
<trkpt lat="59.730027" lon="9.824455">
<ele>71.539</ele>
</trkpt>
<trkpt lat="59.730764" lon="9.824652">
<ele>69.694</ele>
</trkpt>
<trkpt lat="59.730847" lon="9.824675">
<ele>70.578</ele>
</trkpt>
<trkpt lat="59.731244" lon="9.824811">
<ele>75.318</ele>
</trkpt>
<trkpt lat="59.731517" lon="9.824927">
<ele>76.448</ele>
</trkpt>
<trkpt lat="59.731651" lon="9.824991">
<ele>76.952</ele>
</trkpt>
<trkpt lat="59.731819" lon="9.825081">
<ele>77.0</ele>
</trkpt>
<trkpt lat="59.732082" lon="9.825238">
<ele>77.99</ele>
</trkpt>
<trkpt lat="59.7324" lon="9.825456">
<ele>76.668</ele>
</trkpt>
<trkpt lat="59.732646" lon="9.825651">
<ele>72.209</ele>
</trkpt>
<trkpt lat="59.732866" lon="9.825841">
<ele>69.991</ele>
</trkpt>
<trkpt lat="59.733166" lon="9.826132">
<ele>68.557</ele>
</trkpt>
<trkpt lat="59.733409" lon="9.82639">
<ele>68.001</ele>
</trkpt>
<trkpt lat="59.733765" lon="9.826791">
<ele>70.25</ele>
</trkpt>
<trkpt lat="59.735915" lon="9.829244">
<ele>69.619</ele>
</trkpt>
<trkpt lat="59.736364" lon="9.82975">
<ele>72.631</ele>
</trkpt>
<trkpt lat="59.736596" lon="9.83002">
<ele>74.183</ele>
</trkpt>
<trkpt lat="59.737939" lon="9.831555">
<ele>77.598</ele>
</trkpt>
<trkpt lat="59.738188" lon="9.831863">
<ele>77.663</ele>
</trkpt>
<trkpt lat="59.738359" lon="9.832094">
<ele>76.504</ele>
</trkpt>
<trkpt lat="59.738615" lon="9.832481">
<ele>75.097</ele>
</trkpt>
<trkpt lat="59.738868" lon="9.832937">
<ele>74.85</ele>
</trkpt>
<trkpt lat="59.738956" lon="9.833108">
<ele>75.634</ele>
</trkpt>
<trkpt lat="59.739147" lon="9.833523">
<ele>75.929</ele>
</trkpt>
<trkpt lat="59.739266" lon="9.833809">
<ele>75.645</ele>
</trkpt>
<trkpt lat="59.739371" lon="9.834085">
<ele>75.03</ele>
</trkpt>
<trkpt lat="59.739436" lon="9.834272">
<ele>74.211</ele>
</trkpt>
<trkpt lat="59.739553" lon="9.834628">
<ele>74.563</ele>
</trkpt>
<trkpt lat="59.739684" lon="9.835078">
<ele>75.45</ele>
</trkpt>
<trkpt lat="59.739808" lon="9.83557">
<ele>76.183</ele>
</trkpt>
<trkpt lat="59.739938" lon="9.836184">
<ele>75.563</ele>
</trkpt>
<trkpt lat="59.74002" lon="9.836608">
<ele>75.787</ele>
</trkpt>
<trkpt lat="59.740192" lon="9.837541">
<ele>76.662</ele>
</trkpt>
<trkpt lat="59.74026" lon="9.837893">
<ele>77.036</ele>
</trkpt>
<trkpt lat="59.740309" lon="9.838132">
<ele>77.593</ele>
</trkpt>
<trkpt lat="59.740377" lon="9.838434">
<ele>78.371</ele>
</trkpt>
<trkpt lat="59.74048" lon="9.83886">
<ele>79.472</ele>
</trkpt>
<trkpt lat="59.740617" lon="9.83936">
<ele>80.41</ele>
</trkpt>
<trkpt lat="59.740712" lon="9.839675">
<ele>80.156</ele>
</trkpt>
<trkpt lat="59.740811" lon="9.839975">
<ele>79.778</ele>
</trkpt>
<trkpt lat="59.740972" lon="9.840424">
<ele>78.416</ele>
</trkpt>
<trkpt lat="59.74107" lon="9.840676">
<ele>77.811</ele>
</trkpt>
<trkpt lat="59.741187" lon="9.840958">
<ele>77.24</ele>
</trkpt>
<trkpt lat="59.741365" lon="9.841352">
<ele>76.918</ele>
</trkpt>
<trkpt lat="59.741531" lon="9.841688">
<ele>76.312</ele>
</trkpt>
<trkpt lat="59.741706" lon="9.842024">
<ele>75.745</ele>
</trkpt>
<trkpt lat="59.741897" lon="9.842375">
<ele>76.154</ele>
</trkpt>
<trkpt lat="59.742851" lon="9.844044">
<ele>66.496</ele>
</trkpt>
<trkpt lat="59.742919" lon="9.844162">
<ele>67.05</ele>
</trkpt>
<trkpt lat="59.746044" lon="9.849628">
<ele>60.872</ele>
</trkpt>
<trkpt lat="59.746768" lon="9.850884">
<ele>57.298</ele>
</trkpt>
<trkpt lat="59.746918" lon="9.851149">
<ele>55.768</ele>
</trkpt>
<trkpt lat="59.747113" lon="9.851509">
<ele>55.349</ele>
</trkpt>
<trkpt lat="59.747215" lon="9.851708">
<ele>54.799</ele>
</trkpt>
<trkpt lat="59.747384" lon="9.852068">
<ele>55.44</ele>
</trkpt>
<trkpt lat="59.747448" lon="9.852219">
<ele>55.274</ele>
</trkpt>
<trkpt lat="59.747562" lon="9.852506">
<ele>54.845</ele>
</trkpt>
<trkpt lat="59.747643" lon="9.852733">
<ele>53.95</ele>
</trkpt>
<trkpt lat="59.747722" lon="9.852972">
<ele>52.999</ele>
</trkpt>
<trkpt lat="59.747781" lon="9.853166">
<ele>51.812</ele>
</trkpt>
<trkpt lat="59.747834" lon="9.853356">
<ele>50.056</ele>
</trkpt>
<trkpt lat="59.747922" lon="9.853699">
<ele>48.406</ele>
</trkpt>
<trkpt lat="59.747978" lon="9.853941">
<ele>47.254</ele>
</trkpt>
<trkpt lat="59.748" lon="9.854051">
<ele>47.016</ele>
</trkpt>
<trkpt lat="59.74803" lon="9.854204">
<ele>46.56</ele>
</trkpt>
<trkpt lat="59.74806" lon="9.854358">
<ele>45.665</ele>
</trkpt>
<trkpt lat="59.748092" lon="9.854544">
<ele>45.347</ele>
</trkpt>
<trkpt lat="59.748129" lon="9.854793">
<ele>45.274</ele>
</trkpt>
<trkpt lat="59.748152" lon="9.854958">
<ele>44.846</ele>
</trkpt>
<trkpt lat="59.748177" lon="9.855164">
<ele>44.874</ele>
</trkpt>
<trkpt lat="59.748218" lon="9.855584">
<ele>44.17</ele>
</trkpt>
<trkpt lat="59.748242" lon="9.855918">
<ele>44.038</ele>
</trkpt>
<trkpt lat="59.748253" lon="9.856144">
<ele>43.422</ele>
</trkpt>
<trkpt lat="59.74826" lon="9.85634">
<ele>43.472</ele>
</trkpt>
<trkpt lat="59.748266" lon="9.856772">
<ele>42.758</ele>
</trkpt>
<trkpt lat="59.748263" lon="9.857003">
<ele>42.693</ele>
</trkpt>
<trkpt lat="59.748252" lon="9.857403">
<ele>42.414</ele>
</trkpt>
<trkpt lat="59.748232" lon="9.857787">
<ele>41.237</ele>
</trkpt>
<trkpt lat="59.748219" lon="9.857981">
<ele>40.445</ele>
</trkpt>
<trkpt lat="59.748167" lon="9.858619">
<ele>38.802</ele>
</trkpt>
<trkpt lat="59.748148" lon="9.858819">
<ele>38.666</ele>
</trkpt>
<trkpt lat="59.748083" lon="9.859424">
<ele>38.198</ele>
</trkpt>
<trkpt lat="59.747915" lon="9.86089">
<ele>38.391</ele>
</trkpt>
<trkpt lat="59.747867" lon="9.861364">
<ele>37.642</ele>
</trkpt>
<trkpt lat="59.747848" lon="9.861581">
<ele>37.506</ele>
</trkpt>
<trkpt lat="59.747814" lon="9.862053">
<ele>37.261</ele>
</trkpt>
<trkpt lat="59.747795" lon="9.862421">
<ele>37.124</ele>
</trkpt>
<trkpt lat="59.747782" lon="9.862806">
<ele>37.029</ele>
</trkpt>
<trkpt lat="59.747779" lon="9.863209">
<ele>36.452</ele>
</trkpt>
<trkpt lat="59.747781" lon="9.863427">
<ele>36.012</ele>
</trkpt>
<trkpt lat="59.747791" lon="9.863882">
<ele>35.072</ele>
</trkpt>
<trkpt lat="59.747804" lon="9.864165">
<ele>35.094</ele>
</trkpt>
<trkpt lat="59.747818" lon="9.86439">
<ele>35.028</ele>
</trkpt>
<trkpt lat="59.747855" lon="9.864839">
<ele>34.813</ele>
</trkpt>
<trkpt lat="59.747874" lon="9.865019">
<ele>34.693</ele>
</trkpt>
<trkpt lat="59.747897" lon="9.865229">
<ele>34.858</ele>
</trkpt>
<trkpt lat="59.747955" lon="9.865663">
<ele>34.136</ele>
</trkpt>
<trkpt lat="59.748022" lon="9.866089">
<ele>33.717</ele>
</trkpt>
<trkpt lat="59.748087" lon="9.86644">
<ele>32.745</ele>
</trkpt>
<trkpt lat="59.748126" lon="9.86663">
<ele>31.518</ele>
</trkpt>
<trkpt lat="59.748219" lon="9.867039">
<ele>30.048</ele>
</trkpt>
<trkpt lat="59.748268" lon="9.86724">
<ele>28.936</ele>
</trkpt>
<trkpt lat="59.748365" lon="9.867601">
<ele>27.978</ele>
</trkpt>
<trkpt lat="59.748467" lon="9.867955">
<ele>28.444</ele>
</trkpt>
<trkpt lat="59.748593" lon="9.868368">
<ele>28.804</ele>
</trkpt>
<trkpt lat="59.748763" lon="9.868888">
<ele>29.547</ele>
</trkpt>
<trkpt lat="59.749329" lon="9.870541">
<ele>27.394</ele>
</trkpt>
<trkpt lat="59.74972" lon="9.871692">
<ele>23.0</ele>
</trkpt>
<trkpt lat="59.749936" lon="9.87228">
<ele>23.23</ele>
</trkpt>
<trkpt lat="59.750192" lon="9.873071">
<ele>22.618</ele>
</trkpt>
<trkpt lat="59.750631" lon="9.874341">
<ele>21.457</ele>
</trkpt>
<trkpt lat="59.75073" lon="9.874615">
<ele>21.372</ele>
</trkpt>
<trkpt lat="59.750938" lon="9.875198">
<ele>21.246</ele>
</trkpt>
<trkpt lat="59.751033" lon="9.875455">
<ele>20.562</ele>
</trkpt>
<trkpt lat="59.751147" lon="9.87575">
<ele>19.871</ele>
</trkpt>
<trkpt lat="59.751289" lon="9.876097">
<ele>19.018</ele>
</trkpt>
<trkpt lat="59.751471" lon="9.876509">
<ele>19.0</ele>
</trkpt>
<trkpt lat="59.7516" lon="9.876775">
<ele>19.094</ele>
</trkpt>
<trkpt lat="59.751704" lon="9.876988">
<ele>18.845</ele>
</trkpt>
<trkpt lat="59.751892" lon="9.87733">
<ele>17.378</ele>
</trkpt>
<trkpt lat="59.752116" lon="9.877693">
<ele>17.188</ele>
</trkpt>
<trkpt lat="59.752253" lon="9.877901">
<ele>17.0</ele>
</trkpt>
<trkpt lat="59.752427" lon="9.878147">
<ele>16.671</ele>
</trkpt>
<trkpt lat="59.752602" lon="9.878371">
<ele>16.367</ele>
</trkpt>
<trkpt lat="59.752879" lon="9.878697">
<ele>16.691</ele>
</trkpt>
<trkpt lat="59.752995" lon="9.878821">
<ele>16.244</ele>
</trkpt>
<trkpt lat="59.753214" lon="9.879043">
<ele>16.0</ele>
</trkpt>
<trkpt lat="59.753454" lon="9.879267">
<ele>16.712</ele>
</trkpt>
<trkpt lat="59.753721" lon="9.879502">
<ele>17.396</ele>
</trkpt>
<trkpt lat="59.754084" lon="9.879805">
<ele>18.404</ele>
</trkpt>
<trkpt lat="59.759798" lon="9.884425">
<ele>12.343</ele>
</trkpt>
<trkpt lat="59.760099" lon="9.884682">
<ele>13.0</ele>
</trkpt>
<trkpt lat="59.76038" lon="9.884942">
<ele>13.5</ele>
</trkpt>
<trkpt lat="59.760528" lon="9.885091">
<ele>13.099</ele>
</trkpt>
<trkpt lat="59.760746" lon="9.885331">
<ele>12.808</ele>
</trkpt>
<trkpt lat="59.760947" lon="9.885577">
<ele>12.409</ele>
</trkpt>
<trkpt lat="59.761153" lon="9.885854">
<ele>13.151</ele>
</trkpt>
<trkpt lat="59.761357" lon="9.886156">
<ele>13.885</ele>
</trkpt>
<trkpt lat="59.761532" lon="9.886442">
<ele>14.0</ele>
</trkpt>
<trkpt lat="59.761621" lon="9.886594">
<ele>14.0</ele>
</trkpt>
<trkpt lat="59.761797" lon="9.88692">
<ele>13.531</ele>
</trkpt>
<trkpt lat="59.761967" lon="9.887267">
<ele>11.838</ele>
</trkpt>
<trkpt lat="59.762154" lon="9.887683">
<ele>11.15</ele>
</trkpt>
<trkpt lat="59.762281" lon="9.888">
<ele>10.788</ele>
</trkpt>
<trkpt lat="59.762415" lon="9.888354">
<ele>10.306</ele>
</trkpt>
<trkpt lat="59.76257" lon="9.888813">
<ele>11.048</ele>
</trkpt>
<trkpt lat="59.762648" lon="9.889064">
<ele>11.533</ele>
</trkpt>
<trkpt lat="59.762761" lon="9.889454">
<ele>11.06</ele>
</trkpt>
<trkpt lat="59.762814" lon="9.889657">
<ele>11.0</ele>
</trkpt>
<trkpt lat="59.762934" lon="9.89015">
<ele>11.0</ele>
</trkpt>
<trkpt lat="59.762998" lon="9.890447">
<ele>10.517</ele>
</trkpt>
<trkpt lat="59.763034" lon="9.89062">
<ele>10.078</ele>
</trkpt>
<trkpt lat="59.76312" lon="9.89108">
<ele>9.782</ele>
</trkpt>
<trkpt lat="59.76318" lon="9.891451">
<ele>10.244</ele>
</trkpt>
<trkpt lat="59.763197" lon="9.891561">
<ele>10.212</ele>
</trkpt>
<trkpt lat="59.763235" lon="9.891843">
<ele>10.292</ele>
</trkpt>
<trkpt lat="59.763269" lon="9.892135">
<ele>10.696</ele>
</trkpt>
<trkpt lat="59.763315" lon="9.892619">
<ele>11.428</ele>
</trkpt>
<trkpt lat="59.763349" lon="9.893068">
<ele>12.045</ele>
</trkpt>
<trkpt lat="59.763377" lon="9.893556">
<ele>13.0</ele>
</trkpt>
<trkpt lat="59.763389" lon="9.893851">
<ele>13.864</ele>
</trkpt>
<trkpt lat="59.763399" lon="9.894365">
<ele>14.0</ele>
</trkpt>
<trkpt lat="59.763395" lon="9.894881">
<ele>13.428</ele>
</trkpt>
<trkpt lat="59.76339" lon="9.895127">
<ele>13.0</ele>
</trkpt>
<trkpt lat="59.763374" lon="9.895615">
<ele>14.0</ele>
</trkpt>
<trkpt lat="59.763352" lon="9.896047">
<ele>14.052</ele>
</trkpt>
<trkpt lat="59.76332" lon="9.896581">
<ele>12.308</ele>
</trkpt>
<trkpt lat="59.763258" lon="9.897494">
<ele>11.0</ele>
</trkpt>
<trkpt lat="59.763225" lon="9.897849">
<ele>11.61</ele>
</trkpt>
<trkpt lat="59.763192" lon="9.89821">
<ele>10.935</ele>
</trkpt>
<trkpt lat="59.763179" lon="9.898319">
<ele>10.496</ele>
</trkpt>
<trkpt lat="59.763144" lon="9.89854">
<ele>10.318</ele>
</trkpt>
<trkpt lat="59.76312" lon="9.898653">
<ele>10.116</ele>
</trkpt>
<trkpt lat="59.763072" lon="9.898837">
<ele>9.294</ele>
</trkpt>
<trkpt lat="59.763032" lon="9.898991">
<ele>9.0</ele>
</trkpt>
<trkpt lat="59.763" lon="9.899012">
<ele>9.0</ele>
</trkpt>
<trkpt lat="59.762972" lon="9.899049">
<ele>9.0</ele>
</trkpt>
<trkpt lat="59.762951" lon="9.899093">
<ele>9.0</ele>
</trkpt>
<trkpt lat="59.762936" lon="9.899145">
<ele>9.0</ele>
</trkpt>
<trkpt lat="59.762927" lon="9.899202">
<ele>9.0</ele>
</trkpt>
<trkpt lat="59.762925" lon="9.899262">
<ele>9.0</ele>
</trkpt>
<trkpt lat="59.762929" lon="9.899322">
<ele>9.0</ele>
</trkpt>
<trkpt lat="59.762939" lon="9.899374">
<ele>9.0</ele>
</trkpt>
<trkpt lat="59.762955" lon="9.899421">
<ele>9.0</ele>
</trkpt>
<trkpt lat="59.762937" lon="9.899546">
<ele>8.844</ele>
</trkpt>
<trkpt lat="59.762914" lon="9.899745">
<ele>8.408</ele>
</trkpt>
<trkpt lat="59.762901" lon="9.899937">
<ele>7.67</ele>
</trkpt>
<trkpt lat="59.7629" lon="9.900377">
<ele>6.643</ele>
</trkpt>
<trkpt lat="59.762886" lon="9.90054">
<ele>6.056</ele>
</trkpt>
<trkpt lat="59.762846" lon="9.900881">
<ele>6.0</ele>
</trkpt>
<trkpt lat="59.762664" lon="9.902282">
<ele>11.41</ele>
</trkpt>
<trkpt lat="59.76214" lon="9.906285">
<ele>12.408</ele>
</trkpt>
<trkpt lat="59.762094" lon="9.906631">
<ele>11.608</ele>
</trkpt>
<trkpt lat="59.761973" lon="9.907571">
<ele>9.847</ele>
</trkpt>
<trkpt lat="59.761869" lon="9.908369">
<ele>9.365</ele>
</trkpt>
<trkpt lat="59.761832" lon="9.908629">
<ele>10.064</ele>
</trkpt>
<trkpt lat="59.761798" lon="9.908896">
<ele>11.0</ele>
</trkpt>
<trkpt lat="59.761754" lon="9.909061">
<ele>11.0</ele>
</trkpt>
<trkpt lat="59.761499" lon="9.910782">
<ele>12.604</ele>
</trkpt>
<trkpt lat="59.761236" lon="9.912638">
<ele>8.604</ele>
</trkpt>
<trkpt lat="59.760576" lon="9.917692">
<ele>7.949</ele>
</trkpt>
<trkpt lat="59.760375" lon="9.919292">
<ele>8.458</ele>
</trkpt>
<trkpt lat="59.760258" lon="9.920313">
<ele>8.882</ele>
</trkpt>
<trkpt lat="59.760186" lon="9.920988">
<ele>7.774</ele>
</trkpt>
<trkpt lat="59.760098" lon="9.921908">
<ele>6.647</ele>
</trkpt>
<trkpt lat="59.760062" lon="9.922318">
<ele>6.777</ele>
</trkpt>
<trkpt lat="59.760001" lon="9.92306">
<ele>7.02</ele>
</trkpt>
<trkpt lat="59.759967" lon="9.92352">
<ele>8.0</ele>
</trkpt>
<trkpt lat="59.759907" lon="9.924412">
<ele>8.704</ele>
</trkpt>
<trkpt lat="59.759872" lon="9.925029">
<ele>8.539</ele>
</trkpt>
<trkpt lat="59.759818" lon="9.926151">
<ele>8.345</ele>
</trkpt>
<trkpt lat="59.759801" lon="9.926667">
<ele>8.284</ele>
</trkpt>
<trkpt lat="59.759789" lon="9.927185">
<ele>8.24</ele>
</trkpt>
<trkpt lat="59.759785" lon="9.927792">
<ele>7.452</ele>
</trkpt>
<trkpt lat="59.759792" lon="9.928321">
<ele>7.262</ele>
</trkpt>
<trkpt lat="59.759806" lon="9.928714">
<ele>7.302</ele>
</trkpt>
<trkpt lat="59.759825" lon="9.929132">
<ele>7.37</ele>
</trkpt>
<trkpt lat="59.759855" lon="9.929583">
<ele>8.478</ele>
</trkpt>
<trkpt lat="59.759875" lon="9.929835">
<ele>8.55</ele>
</trkpt>
<trkpt lat="59.75991" lon="9.930213">
<ele>8.676</ele>
</trkpt>
<trkpt lat="59.759954" lon="9.930622">
<ele>7.834</ele>
</trkpt>
<trkpt lat="59.76" lon="9.931006">
<ele>8.622</ele>
</trkpt>
<trkpt lat="59.76007" lon="9.931535">
<ele>9.0</ele>
</trkpt>
<trkpt lat="59.760266" lon="9.932942">
<ele>8.0</ele>
</trkpt>
<trkpt lat="59.760316" lon="9.933333">
<ele>7.001</ele>
</trkpt>
<trkpt lat="59.760352" lon="9.933653">
<ele>6.849</ele>
</trkpt>
<trkpt lat="59.760408" lon="9.934264">
<ele>6.0</ele>
</trkpt>
<trkpt lat="59.760423" lon="9.93448">
<ele>6.0</ele>
</trkpt>
<trkpt lat="59.760434" lon="9.934663">
<ele>6.0</ele>
</trkpt>
<trkpt lat="59.760453" lon="9.935134">
<ele>7.0</ele>
</trkpt>
<trkpt lat="59.760459" lon="9.935676">
<ele>7.0</ele>
</trkpt>
<trkpt lat="59.760453" lon="9.936002">
<ele>7.0</ele>
</trkpt>
<trkpt lat="59.760437" lon="9.936408">
<ele>7.039</ele>
</trkpt>
<trkpt lat="59.760407" lon="9.936901">
<ele>7.465</ele>
</trkpt>
<trkpt lat="59.760351" lon="9.93749">
<ele>8.0</ele>
</trkpt>
<trkpt lat="59.760304" lon="9.93788">
<ele>8.094</ele>
</trkpt>
<trkpt lat="59.760239" lon="9.938336">
<ele>9.0</ele>
</trkpt>
<trkpt lat="59.760149" lon="9.938879">
<ele>8.036</ele>
</trkpt>
<trkpt lat="59.760099" lon="9.939158">
<ele>8.0</ele>
</trkpt>
<trkpt lat="59.760026" lon="9.93952">
<ele>7.0</ele>
</trkpt>
<trkpt lat="59.759907" lon="9.940066">
<ele>7.0</ele>
</trkpt>
<trkpt lat="59.759799" lon="9.940512">
<ele>6.39</ele>
</trkpt>
<trkpt lat="59.759698" lon="9.940898">
<ele>6.0</ele>
</trkpt>
<trkpt lat="59.759576" lon="9.941336">
<ele>6.0</ele>
</trkpt>
<trkpt lat="59.75952" lon="9.941515">
<ele>6.0</ele>
</trkpt>
<trkpt lat="59.759371" lon="9.941928">
<ele>6.264</ele>
</trkpt>
<trkpt lat="59.759308" lon="9.942074">
<ele>6.254</ele>
</trkpt>
<trkpt lat="59.759273" lon="9.942141">
<ele>6.346</ele>
</trkpt>
<trkpt lat="59.759237" lon="9.942212">
<ele>6.503</ele>
</trkpt>
<trkpt lat="59.75921" lon="9.942207">
<ele>6.697</ele>
</trkpt>
<trkpt lat="59.759189" lon="9.94221">
<ele>6.843</ele>
</trkpt>
<trkpt lat="59.759145" lon="9.942234">
<ele>7.078</ele>
</trkpt>
<trkpt lat="59.759103" lon="9.94228">
<ele>7.229</ele>
</trkpt>
<trkpt lat="59.759072" lon="9.942339">
<ele>7.341</ele>
</trkpt>
<trkpt lat="59.759061" lon="9.94237">
<ele>7.38</ele>
</trkpt>
<trkpt lat="59.759049" lon="9.94242">
<ele>7.424</ele>
</trkpt>
<trkpt lat="59.75904" lon="9.942464">
<ele>7.456</ele>
</trkpt>
<trkpt lat="59.759035" lon="9.942514">
<ele>7.447</ele>
</trkpt>
<trkpt lat="59.759034" lon="9.942566">
<ele>7.353</ele>
</trkpt>
<trkpt lat="59.759037" lon="9.942613">
<ele>7.25</ele>
</trkpt>
<trkpt lat="59.759049" lon="9.942701">
<ele>7.007</ele>
</trkpt>
<trkpt lat="59.759033" lon="9.942771">
<ele>6.975</ele>
</trkpt>
<trkpt lat="59.758967" lon="9.943011">
<ele>7.438</ele>
</trkpt>
<trkpt lat="59.758904" lon="9.943212">
<ele>7.922</ele>
</trkpt>
<trkpt lat="59.758778" lon="9.943552">
<ele>8.399</ele>
</trkpt>
<trkpt lat="59.758484" lon="9.944278">
<ele>8.698</ele>
</trkpt>
<trkpt lat="59.758277" lon="9.944793">
<ele>10.202</ele>
</trkpt>
<trkpt lat="59.758219" lon="9.944942">
<ele>10.358</ele>
</trkpt>
<trkpt lat="59.758054" lon="9.94539">
<ele>10.2</ele>
</trkpt>
<trkpt lat="59.758003" lon="9.945538">
<ele>9.493</ele>
</trkpt>
<trkpt lat="59.757895" lon="9.945877">
<ele>10.156</ele>
</trkpt>
<trkpt lat="59.757847" lon="9.946034">
<ele>10.502</ele>
</trkpt>
<trkpt lat="59.75775" lon="9.946384">
<ele>11.1</ele>
</trkpt>
<trkpt lat="59.75763" lon="9.946866">
<ele>12.0</ele>
</trkpt>
<trkpt lat="59.757558" lon="9.947194">
<ele>12.0</ele>
</trkpt>
<trkpt lat="59.757518" lon="9.947394">
<ele>12.0</ele>
</trkpt>
<trkpt lat="59.75748" lon="9.947595">
<ele>12.0</ele>
</trkpt>
<trkpt lat="59.757418" lon="9.947955">
<ele>12.0</ele>
</trkpt>
<trkpt lat="59.757356" lon="9.948375">
<ele>12.0</ele>
</trkpt>
<trkpt lat="59.757299" lon="9.948832">
<ele>12.575</ele>
</trkpt>
<trkpt lat="59.757285" lon="9.948965">
<ele>12.774</ele>
</trkpt>
<trkpt lat="59.757264" lon="9.949183">
<ele>12.858</ele>
</trkpt>
<trkpt lat="59.757233" lon="9.949572">
<ele>13.0</ele>
</trkpt>
<trkpt lat="59.75721" lon="9.949964">
<ele>13.094</ele>
</trkpt>
<trkpt lat="59.757196" lon="9.950321">
<ele>12.033</ele>
</trkpt>
<trkpt lat="59.757189" lon="9.950732">
<ele>11.239</ele>
</trkpt>
<trkpt lat="59.757189" lon="9.951121">
<ele>11.239</ele>
</trkpt>
<trkpt lat="59.757201" lon="9.95161">
<ele>11.153</ele>
</trkpt>
<trkpt lat="59.757209" lon="9.951823">
<ele>11.095</ele>
</trkpt>
<trkpt lat="59.757236" lon="9.952356">
<ele>11.0</ele>
</trkpt>
<trkpt lat="59.757281" lon="9.953028">
<ele>11.0</ele>
</trkpt>
<trkpt lat="59.757339" lon="9.953732">
<ele>10.817</ele>
</trkpt>
<trkpt lat="59.757476" lon="9.955289">
<ele>10.086</ele>
</trkpt>
<trkpt lat="59.757544" lon="9.956203">
<ele>10.158</ele>
</trkpt>
<trkpt lat="59.757606" lon="9.957153">
<ele>10.477</ele>
</trkpt>
<trkpt lat="59.757648" lon="9.957937">
<ele>10.533</ele>
</trkpt>
<trkpt lat="59.757691" lon="9.958912">
<ele>10.0</ele>
</trkpt>
<trkpt lat="59.757721" lon="9.959825">
<ele>10.577</ele>
</trkpt>
<trkpt lat="59.757736" lon="9.960484">
<ele>9.408</ele>
</trkpt>
<trkpt lat="59.757749" lon="9.961469">
<ele>9.133</ele>
</trkpt>
<trkpt lat="59.757751" lon="9.962474">
<ele>9.193</ele>
</trkpt>
<trkpt lat="59.757747" lon="9.962944">
<ele>9.044</ele>
</trkpt>
<trkpt lat="59.757736" lon="9.963611">
<ele>8.0</ele>
</trkpt>
<trkpt lat="59.757718" lon="9.964259">
<ele>6.668</ele>
</trkpt>
<trkpt lat="59.757687" lon="9.96496">
<ele>5.424</ele>
</trkpt>
<trkpt lat="59.75765" lon="9.965559">
<ele>5.54</ele>
</trkpt>
<trkpt lat="59.757613" lon="9.966047">
<ele>5.407</ele>
</trkpt>
<trkpt lat="59.757569" lon="9.966536">
<ele>5.646</ele>
</trkpt>
<trkpt lat="59.757519" lon="9.967003">
<ele>6.0</ele>
</trkpt>
<trkpt lat="59.75746" lon="9.967476">
<ele>6.0</ele>
</trkpt>
<trkpt lat="59.757366" lon="9.968115">
<ele>6.0</ele>
</trkpt>
<trkpt lat="59.757278" lon="9.968633">
<ele>6.0</ele>
</trkpt>
<trkpt lat="59.757191" lon="9.969089">
<ele>5.888</ele>
</trkpt>
<trkpt lat="59.757095" lon="9.969543">
<ele>5.542</ele>
</trkpt>
<trkpt lat="59.757039" lon="9.969791">
<ele>5.588</ele>
</trkpt>
<trkpt lat="59.756907" lon="9.970325">
<ele>5.888</ele>
</trkpt>
<trkpt lat="59.756807" lon="9.970694">
<ele>6.0</ele>
</trkpt>
<trkpt lat="59.756694" lon="9.971084">
<ele>6.089</ele>
</trkpt>
<trkpt lat="59.756595" lon="9.971404">
<ele>5.796</ele>
</trkpt>
<trkpt lat="59.756479" lon="9.971759">
<ele>6.324</ele>
</trkpt>
<trkpt lat="59.756354" lon="9.972122">
<ele>6.514</ele>
</trkpt>
<trkpt lat="59.755661" lon="9.974042">
<ele>5.38</ele>
</trkpt>
<trkpt lat="59.755483" lon="9.974567">
<ele>6.0</ele>
</trkpt>
<trkpt lat="59.755376" lon="9.974904">
<ele>6.654</ele>
</trkpt>
<trkpt lat="59.755266" lon="9.975275">
<ele>7.0</ele>
</trkpt>
<trkpt lat="59.755212" lon="9.97547">
<ele>7.0</ele>
</trkpt>
<trkpt lat="59.755099" lon="9.975905">
<ele>7.258</ele>
</trkpt>
<trkpt lat="59.754986" lon="9.976388">
<ele>8.0</ele>
</trkpt>
<trkpt lat="59.754885" lon="9.976862">
<ele>7.0</ele>
</trkpt>
<trkpt lat="59.754847" lon="9.977063">
<ele>7.427</ele>
</trkpt>
<trkpt lat="59.754784" lon="9.977426">
<ele>8.734</ele>
</trkpt>
<trkpt lat="59.754718" lon="9.977874">
<ele>10.015</ele>
</trkpt>
<trkpt lat="59.754687" lon="9.978122">
<ele>10.336</ele>
</trkpt>
<trkpt lat="59.754653" lon="9.97844">
<ele>10.904</ele>
</trkpt>
<trkpt lat="59.754628" lon="9.978706">
<ele>10.319</ele>
</trkpt>
<trkpt lat="59.754613" lon="9.978913">
<ele>9.607</ele>
</trkpt>
<trkpt lat="59.754587" lon="9.979338">
<ele>8.896</ele>
</trkpt>
<trkpt lat="59.754573" lon="9.979752">
<ele>8.52</ele>
</trkpt>
<trkpt lat="59.754569" lon="9.979969">
<ele>8.938</ele>
</trkpt>
<trkpt lat="59.754568" lon="9.980179">
<ele>9.0</ele>
</trkpt>
<trkpt lat="59.754575" lon="9.980668">
<ele>9.53</ele>
</trkpt>
<trkpt lat="59.754591" lon="9.98107">
<ele>9.425</ele>
</trkpt>
<trkpt lat="59.754622" lon="9.981639">
<ele>9.983</ele>
</trkpt>
<trkpt lat="59.754723" lon="9.983102">
<ele>9.828</ele>
</trkpt>
<trkpt lat="59.754755" lon="9.983544">
<ele>8.882</ele>
</trkpt>
<trkpt lat="59.754778" lon="9.983861">
<ele>8.799</ele>
</trkpt>
<trkpt lat="59.754806" lon="9.984397">
<ele>10.226</ele>
</trkpt>
<trkpt lat="59.754824" lon="9.984735">
<ele>10.255</ele>
</trkpt>
<trkpt lat="59.754829" lon="9.985025">
<ele>10.0</ele>
</trkpt>
<trkpt lat="59.754827" lon="9.985312">
<ele>9.923</ele>
</trkpt>
<trkpt lat="59.754813" lon="9.985647">
<ele>9.327</ele>
</trkpt>
<trkpt lat="59.754797" lon="9.98591">
<ele>9.471</ele>
</trkpt>
<trkpt lat="59.754783" lon="9.986133">
<ele>10.0</ele>
</trkpt>
<trkpt lat="59.754766" lon="9.986267">
<ele>10.0</ele>
</trkpt>
<trkpt lat="59.754729" lon="9.986476">
<ele>10.0</ele>
</trkpt>
<trkpt lat="59.754707" lon="9.986597">
<ele>9.959</ele>
</trkpt>
<trkpt lat="59.754687" lon="9.98661">
<ele>9.899</ele>
</trkpt>
<trkpt lat="59.75465" lon="9.98665">
<ele>9.756</ele>
</trkpt>
<trkpt lat="59.754633" lon="9.986676">
<ele>9.656</ele>
</trkpt>
<trkpt lat="59.754605" lon="9.986739">
<ele>9.427</ele>
</trkpt>
<trkpt lat="59.754585" lon="9.986812">
<ele>9.241</ele>
</trkpt>
<trkpt lat="59.754575" lon="9.986893">
<ele>9.087</ele>
</trkpt>
<trkpt lat="59.754574" lon="9.986977">
<ele>8.883</ele>
</trkpt>
<trkpt lat="59.754583" lon="9.987058">
<ele>8.591</ele>
</trkpt>
<trkpt lat="59.754602" lon="9.987133">
<ele>8.321</ele>
</trkpt>
<trkpt lat="59.754599" lon="9.987209">
<ele>8.048</ele>
</trkpt>
<trkpt lat="59.754584" lon="9.987465">
<ele>8.0</ele>
</trkpt>
<trkpt lat="59.754561" lon="9.987746">
<ele>7.114</ele>
</trkpt>
<trkpt lat="59.754537" lon="9.987915">
<ele>7.0</ele>
</trkpt>
<trkpt lat="59.754469" lon="9.988345">
<ele>6.912</ele>
</trkpt>
<trkpt lat="59.754439" lon="9.988634">
<ele>7.039</ele>
</trkpt>
<trkpt lat="59.754286" lon="9.989265">
<ele>7.787</ele>
</trkpt>
<trkpt lat="59.754049" lon="9.990232">
<ele>7.942</ele>
</trkpt>
<trkpt lat="59.753839" lon="9.991128">
<ele>6.359</ele>
</trkpt>
<trkpt lat="59.753757" lon="9.99152">
<ele>6.95</ele>
</trkpt>
<trkpt lat="59.753705" lon="9.991792">
<ele>7.324</ele>
</trkpt>
<trkpt lat="59.753617" lon="9.992315">
<ele>7.958</ele>
</trkpt>
<trkpt lat="59.753549" lon="9.992783">
<ele>9.447</ele>
</trkpt>
<trkpt lat="59.7528" lon="9.998403">
<ele>8.92</ele>
</trkpt>
<trkpt lat="59.752747" lon="9.998819">
<ele>8.224</ele>
</trkpt>
<trkpt lat="59.75271" lon="9.999137">
<ele>8.0</ele>
</trkpt>
<trkpt lat="59.752684" lon="9.999431">
<ele>7.37</ele>
</trkpt>
<trkpt lat="59.752669" lon="9.999617">
<ele>7.392</ele>
</trkpt>
<trkpt lat="59.752657" lon="9.999808">
<ele>7.435</ele>
</trkpt>
<trkpt lat="59.752622" lon="10.000198">
<ele>7.561</ele>
</trkpt>
<trkpt lat="59.752631" lon="10.001514">
<ele>6.819</ele>
</trkpt>
<trkpt lat="59.752633" lon="10.002116">
<ele>6.225</ele>
</trkpt>
<trkpt lat="59.752634" lon="10.002302">
<ele>6.035</ele>
</trkpt>
<trkpt lat="59.752624" lon="10.002492">
<ele>6.107</ele>
</trkpt>
<trkpt lat="59.752601" lon="10.002662">
<ele>5.69</ele>
</trkpt>
<trkpt lat="59.752586" lon="10.002749">
<ele>5.484</ele>
</trkpt>
<trkpt lat="59.752567" lon="10.002835">
<ele>5.518</ele>
</trkpt>
<trkpt lat="59.752549" lon="10.002869">
<ele>5.647</ele>
</trkpt>
<trkpt lat="59.752537" lon="10.002912">
<ele>5.734</ele>
</trkpt>
<trkpt lat="59.752529" lon="10.002959">
<ele>5.791</ele>
</trkpt>
<trkpt lat="59.752528" lon="10.002984">
<ele>5.798</ele>
</trkpt>
<trkpt lat="59.75253" lon="10.003033">
<ele>5.784</ele>
</trkpt>
<trkpt lat="59.752539" lon="10.003079">
<ele>5.792</ele>
</trkpt>
<trkpt lat="59.752553" lon="10.00312">
<ele>5.806</ele>
</trkpt>
<trkpt lat="59.752582" lon="10.003165">
<ele>5.687</ele>
</trkpt>
<trkpt lat="59.7526" lon="10.003245">
<ele>5.716</ele>
</trkpt>
<trkpt lat="59.752663" lon="10.003545">
<ele>5.24</ele>
</trkpt>
<trkpt lat="59.752678" lon="10.003647">
<ele>5.078</ele>
</trkpt>
<trkpt lat="59.752734" lon="10.003911">
<ele>4.552</ele>
</trkpt>
<trkpt lat="59.752743" lon="10.004076">
<ele>5.049</ele>
</trkpt>
<trkpt lat="59.75275" lon="10.00432">
<ele>6.349</ele>
</trkpt>
<trkpt lat="59.752753" lon="10.0046">
<ele>6.668</ele>
</trkpt>
<trkpt lat="59.752748" lon="10.004876">
<ele>5.768</ele>
</trkpt>
<trkpt lat="59.752742" lon="10.005054">
<ele>5.386</ele>
</trkpt>
<trkpt lat="59.752725" lon="10.005411">
<ele>5.958</ele>
</trkpt>
<trkpt lat="59.752694" lon="10.005859">
<ele>5.776</ele>
</trkpt>
<trkpt lat="59.75266" lon="10.006224">
<ele>5.12</ele>
</trkpt>
<trkpt lat="59.752638" lon="10.006427">
<ele>5.516</ele>
</trkpt>
<trkpt lat="59.752577" lon="10.006915">
<ele>6.614</ele>
</trkpt>
<trkpt lat="59.752514" lon="10.007388">
<ele>8.698</ele>
</trkpt>
<trkpt lat="59.752386" lon="10.00829">
<ele>7.977</ele>
</trkpt>
<trkpt lat="59.752316" lon="10.008808">
<ele>7.039</ele>
</trkpt>
<trkpt lat="59.752291" lon="10.009004">
<ele>7.01</ele>
</trkpt>
<trkpt lat="59.752219" lon="10.009398">
<ele>7.2</ele>
</trkpt>
<trkpt lat="59.752151" lon="10.010013">
<ele>7.513</ele>
</trkpt>
<trkpt lat="59.752111" lon="10.010443">
<ele>7.206</ele>
</trkpt>
<trkpt lat="59.752077" lon="10.010882">
<ele>6.393</ele>
</trkpt>
<trkpt lat="59.752047" lon="10.011378">
<ele>5.892</ele>
</trkpt>
<trkpt lat="59.752029" lon="10.011735">
<ele>5.087</ele>
</trkpt>
<trkpt lat="59.751999" lon="10.012548">
<ele>5.607</ele>
</trkpt>
<trkpt lat="59.751878" lon="10.018507">
<ele>7.239</ele>
</trkpt>
<trkpt lat="59.751874" lon="10.019064">
<ele>7.254</ele>
</trkpt>
<trkpt lat="59.751875" lon="10.019302">
<ele>7.25</ele>
</trkpt>
<trkpt lat="59.751885" lon="10.019852">
<ele>5.961</ele>
</trkpt>
<trkpt lat="59.751895" lon="10.020163">
<ele>5.356</ele>
</trkpt>
<trkpt lat="59.751909" lon="10.020482">
<ele>5.255</ele>
</trkpt>
<trkpt lat="59.751935" lon="10.020958">
<ele>5.083</ele>
</trkpt>
<trkpt lat="59.75198" lon="10.021777">
<ele>5.744</ele>
</trkpt>
<trkpt lat="59.752068" lon="10.023239">
<ele>6.11</ele>
</trkpt>
<trkpt lat="59.752083" lon="10.023572">
<ele>6.002</ele>
</trkpt>
<trkpt lat="59.752094" lon="10.023857">
<ele>5.923</ele>
</trkpt>
<trkpt lat="59.752101" lon="10.024154">
<ele>5.873</ele>
</trkpt>
<trkpt lat="59.752099" lon="10.024414">
<ele>6.383</ele>
</trkpt>
<trkpt lat="59.752067" lon="10.024671">
<ele>6.559</ele>
</trkpt>
<trkpt lat="59.752011" lon="10.02497">
<ele>6.76</ele>
</trkpt>
<trkpt lat="59.751995" lon="10.02503">
<ele>6.73</ele>
</trkpt>
<trkpt lat="59.751976" lon="10.025101">
<ele>6.564</ele>
</trkpt>
<trkpt lat="59.751952" lon="10.025163">
<ele>6.402</ele>
</trkpt>
<trkpt lat="59.751917" lon="10.025232">
<ele>6.149</ele>
</trkpt>
<trkpt lat="59.751891" lon="10.025271">
<ele>6.02</ele>
</trkpt>
<trkpt lat="59.75186" lon="10.025298">
<ele>5.927</ele>
</trkpt>
<trkpt lat="59.751824" lon="10.025316">
<ele>5.862</ele>
</trkpt>
<trkpt lat="59.751783" lon="10.02532">
<ele>5.848</ele>
</trkpt>
<trkpt lat="59.751733" lon="10.025311">
<ele>5.88</ele>
</trkpt>
<trkpt lat="59.75168" lon="10.025291">
<ele>5.952</ele>
</trkpt>
<trkpt lat="59.751649" lon="10.025225">
<ele>6.0</ele>
</trkpt>
<trkpt lat="59.751634" lon="10.02521">
<ele>6.0</ele>
</trkpt>
<trkpt lat="59.751608" lon="10.025185">
<ele>6.0</ele>
</trkpt>
<trkpt lat="59.751563" lon="10.025174">
<ele>6.0</ele>
</trkpt>
<trkpt lat="59.751516" lon="10.025196">
<ele>6.0</ele>
</trkpt>
<trkpt lat="59.7515" lon="10.025216">
<ele>6.0</ele>
</trkpt>
<trkpt lat="59.751477" lon="10.02525">
<ele>6.0</ele>
</trkpt>
<trkpt lat="59.751451" lon="10.025322">
<ele>5.964</ele>
</trkpt>
<trkpt lat="59.751438" lon="10.025407">
<ele>5.918</ele>
</trkpt>
<trkpt lat="59.751441" lon="10.025496">
<ele>5.853</ele>
</trkpt>
<trkpt lat="59.751458" lon="10.025578">
<ele>5.751</ele>
</trkpt>
<trkpt lat="59.751463" lon="10.025592">
<ele>5.733</ele>
</trkpt>
<trkpt lat="59.75148" lon="10.025786">
<ele>5.672</ele>
</trkpt>
<trkpt lat="59.751502" lon="10.026006">
<ele>5.34</ele>
</trkpt>
<trkpt lat="59.751526" lon="10.026254">
<ele>5.013</ele>
</trkpt>
<trkpt lat="59.751529" lon="10.026405">
<ele>5.049</ele>
</trkpt>
<trkpt lat="59.751536" lon="10.026556">
<ele>5.542</ele>
</trkpt>
<trkpt lat="59.75155" lon="10.026744">
<ele>5.84</ele>
</trkpt>
<trkpt lat="59.751567" lon="10.026895">
<ele>5.718</ele>
</trkpt>
<trkpt lat="59.751591" lon="10.027052">
<ele>5.932</ele>
</trkpt>
<trkpt lat="59.751637" lon="10.027295">
<ele>6.214</ele>
</trkpt>
<trkpt lat="59.751753" lon="10.027882">
<ele>6.378</ele>
</trkpt>
<trkpt lat="59.75181" lon="10.028139">
<ele>6.123</ele>
</trkpt>
<trkpt lat="59.751865" lon="10.028342">
<ele>6.286</ele>
</trkpt>
<trkpt lat="59.751894" lon="10.028422">
<ele>6.182</ele>
</trkpt>
<trkpt lat="59.751926" lon="10.028508">
<ele>6.066</ele>
</trkpt>
<trkpt lat="59.752016" lon="10.028782">
<ele>6.873</ele>
</trkpt>
<trkpt lat="59.752081" lon="10.02894">
<ele>7.492</ele>
</trkpt>
<trkpt lat="59.752129" lon="10.029025">
<ele>7.664</ele>
</trkpt>
<trkpt lat="59.752138" lon="10.029128">
<ele>7.697</ele>
</trkpt>
<trkpt lat="59.752158" lon="10.029192">
<ele>7.769</ele>
</trkpt>
<trkpt lat="59.752185" lon="10.029245">
<ele>7.866</ele>
</trkpt>
<trkpt lat="59.752218" lon="10.029282">
<ele>7.985</ele>
</trkpt>
<trkpt lat="59.752293" lon="10.029637">
<ele>7.569</ele>
</trkpt>
<trkpt lat="59.752372" lon="10.029935">
<ele>6.156</ele>
</trkpt>
<trkpt lat="59.752419" lon="10.030116">
<ele>5.583</ele>
</trkpt>
<trkpt lat="59.752465" lon="10.030264">
<ele>5.252</ele>
</trkpt>
<trkpt lat="59.752531" lon="10.030433">
<ele>4.888</ele>
</trkpt>
<trkpt lat="59.75259" lon="10.030551">
<ele>4.676</ele>
</trkpt>
<trkpt lat="59.752645" lon="10.030652">
<ele>4.478</ele>
</trkpt>
<trkpt lat="59.752711" lon="10.030751">
<ele>4.24</ele>
</trkpt>
<trkpt lat="59.752777" lon="10.030846">
<ele>4.048</ele>
</trkpt>
<trkpt lat="59.752847" lon="10.030939">
<ele>4.131</ele>
</trkpt>
<trkpt lat="59.752918" lon="10.031026">
<ele>4.189</ele>
</trkpt>
<trkpt lat="59.753002" lon="10.031114">
<ele>4.195</ele>
</trkpt>
<trkpt lat="59.753076" lon="10.031181">
<ele>3.945</ele>
</trkpt>
<trkpt lat="59.753171" lon="10.03126">
<ele>3.807</ele>
</trkpt>
<trkpt lat="59.753267" lon="10.031326">
<ele>3.828</ele>
</trkpt>
<trkpt lat="59.753354" lon="10.031374">
<ele>3.876</ele>
</trkpt>
<trkpt lat="59.753452" lon="10.031421">
<ele>3.639</ele>
</trkpt>
<trkpt lat="59.753555" lon="10.031453">
<ele>3.249</ele>
</trkpt>
<trkpt lat="59.753669" lon="10.031479">
<ele>3.0</ele>
</trkpt>
<trkpt lat="59.75378" lon="10.031495">
<ele>3.0</ele>
</trkpt>
<trkpt lat="59.75389" lon="10.031493">
<ele>3.0</ele>
</trkpt>
<trkpt lat="59.754023" lon="10.031494">
<ele>3.0</ele>
</trkpt>
<trkpt lat="59.754151" lon="10.031491">
<ele>3.0</ele>
</trkpt>
<trkpt lat="59.754691" lon="10.031452">
<ele>3.0</ele>
</trkpt>
<trkpt lat="59.754947" lon="10.031441">
<ele>5.276</ele>
</trkpt>
<trkpt lat="59.755059" lon="10.031527">
<ele>5.29</ele>
</trkpt>
<trkpt lat="59.755108" lon="10.031552">
<ele>5.024</ele>
</trkpt>
<trkpt lat="59.755157" lon="10.031585">
<ele>4.729</ele>
</trkpt>
<trkpt lat="59.755259" lon="10.031669">
<ele>4.068</ele>
</trkpt>
<trkpt lat="59.755281" lon="10.031712">
<ele>4.023</ele>
</trkpt>
<trkpt lat="59.755307" lon="10.031747">
<ele>4.21</ele>
</trkpt>
<trkpt lat="59.755335" lon="10.031773">
<ele>4.412</ele>
</trkpt>
<trkpt lat="59.755365" lon="10.031789">
<ele>4.628</ele>
</trkpt>
<trkpt lat="59.755426" lon="10.032012">
<ele>4.937</ele>
</trkpt>
<trkpt lat="59.755466" lon="10.032159">
<ele>4.832</ele>
</trkpt>
<trkpt lat="59.755556" lon="10.032394">
<ele>5.0</ele>
</trkpt>
<trkpt lat="59.755651" lon="10.032796">
<ele>6.0</ele>
</trkpt>
<trkpt lat="59.755714" lon="10.033091">
<ele>6.0</ele>
</trkpt>
<trkpt lat="59.755771" lon="10.033425">
<ele>6.0</ele>
</trkpt>
<trkpt lat="59.755808" lon="10.033654">
<ele>6.154</ele>
</trkpt>
<trkpt lat="59.755847" lon="10.033943">
<ele>7.04</ele>
</trkpt>
<trkpt lat="59.755893" lon="10.034338">
<ele>6.868</ele>
</trkpt>
<trkpt lat="59.755934" lon="10.034725">
<ele>6.631</ele>
</trkpt>
<trkpt lat="59.755982" lon="10.035281">
<ele>6.006</ele>
</trkpt>
<trkpt lat="59.756021" lon="10.035908">
<ele>6.676</ele>
</trkpt>
<trkpt lat="59.756091" lon="10.037038">
<ele>8.409</ele>
</trkpt>
<trkpt lat="59.756156" lon="10.038232">
<ele>8.629</ele>
</trkpt>
<trkpt lat="59.756215" lon="10.039685">
<ele>9.95</ele>
</trkpt>
<trkpt lat="59.756249" lon="10.041138">
<ele>10.958</ele>
</trkpt>
<trkpt lat="59.756271" lon="10.043756">
<ele>9.524</ele>
</trkpt>
<trkpt lat="59.756255" lon="10.045173">
<ele>10.072</ele>
</trkpt>
<trkpt lat="59.756219" lon="10.0466">
<ele>9.258</ele>
</trkpt>
<trkpt lat="59.756158" lon="10.048192">
<ele>9.746</ele>
</trkpt>
<trkpt lat="59.756098" lon="10.049378">
<ele>8.25</ele>
</trkpt>
<trkpt lat="59.756044" lon="10.050226">
<ele>7.242</ele>
</trkpt>
<trkpt lat="59.755976" lon="10.051368">
<ele>8.0</ele>
</trkpt>
<trkpt lat="59.755917" lon="10.052305">
<ele>7.301</ele>
</trkpt>
<trkpt lat="59.75588" lon="10.052985">
<ele>6.957</ele>
</trkpt>
<trkpt lat="59.755859" lon="10.053654">
<ele>8.078</ele>
</trkpt>
<trkpt lat="59.755844" lon="10.054379">
<ele>7.236</ele>
</trkpt>
<trkpt lat="59.755865" lon="10.05533">
<ele>7.698</ele>
</trkpt>
<trkpt lat="59.755905" lon="10.056079">
<ele>5.344</ele>
</trkpt>
<trkpt lat="59.755952" lon="10.056739">
<ele>5.427</ele>
</trkpt>
<trkpt lat="59.756013" lon="10.057404">
<ele>6.0</ele>
</trkpt>
<trkpt lat="59.756072" lon="10.057892">
<ele>5.942</ele>
</trkpt>
<trkpt lat="59.756122" lon="10.058262">
<ele>6.782</ele>
</trkpt>
<trkpt lat="59.756183" lon="10.058657">
<ele>7.136</ele>
</trkpt>
<trkpt lat="59.756315" lon="10.059435">
<ele>6.502</ele>
</trkpt>
<trkpt lat="59.756594" lon="10.060934">
<ele>9.362</ele>
</trkpt>
<trkpt lat="59.756634" lon="10.061245">
<ele>10.057</ele>
</trkpt>
<trkpt lat="59.756715" lon="10.061777">
<ele>10.806</ele>
</trkpt>
<trkpt lat="59.756762" lon="10.062185">
<ele>11.493</ele>
</trkpt>
<trkpt lat="59.75675" lon="10.062261">
<ele>11.94</ele>
</trkpt>
<trkpt lat="59.75675" lon="10.062339">
<ele>12.22</ele>
</trkpt>
<trkpt lat="59.75676" lon="10.062415">
<ele>12.35</ele>
</trkpt>
<trkpt lat="59.756772" lon="10.062458">
<ele>12.332</ele>
</trkpt>
<trkpt lat="59.756787" lon="10.062496">
<ele>12.253</ele>
</trkpt>
<trkpt lat="59.756805" lon="10.062529">
<ele>12.217</ele>
</trkpt>
<trkpt lat="59.756826" lon="10.062555">
<ele>12.102</ele>
</trkpt>
<trkpt lat="59.756907" lon="10.062801">
<ele>12.623</ele>
</trkpt>
<trkpt lat="59.756962" lon="10.063018">
<ele>12.494</ele>
</trkpt>
<trkpt lat="59.757108" lon="10.063701">
<ele>11.38</ele>
</trkpt>
<trkpt lat="59.757629" lon="10.066576">
<ele>7.896</ele>
</trkpt>
<trkpt lat="59.757989" lon="10.068549">
<ele>7.479</ele>
</trkpt>
<trkpt lat="59.758155" lon="10.069442">
<ele>7.355</ele>
</trkpt>
<trkpt lat="59.758395" lon="10.070739">
<ele>7.778</ele>
</trkpt>
<trkpt lat="59.759059" lon="10.074364">
<ele>12.5</ele>
</trkpt>
<trkpt lat="59.759379" lon="10.076091">
<ele>13.764</ele>
</trkpt>
<trkpt lat="59.759675" lon="10.077791">
<ele>17.17</ele>
</trkpt>
<trkpt lat="59.759821" lon="10.078784">
<ele>17.221</ele>
</trkpt>
<trkpt lat="59.759965" lon="10.079848">
<ele>19.327</ele>
</trkpt>
<trkpt lat="59.760043" lon="10.080538">
<ele>20.0</ele>
</trkpt>
<trkpt lat="59.760115" lon="10.081188">
<ele>19.137</ele>
</trkpt>
<trkpt lat="59.760201" lon="10.082137">
<ele>17.724</ele>
</trkpt>
<trkpt lat="59.760273" lon="10.083068">
<ele>16.955</ele>
</trkpt>
<trkpt lat="59.760309" lon="10.083636">
<ele>14.798</ele>
</trkpt>
<trkpt lat="59.76034" lon="10.084274">
<ele>13.476</ele>
</trkpt>
<trkpt lat="59.760376" lon="10.08527">
<ele>14.0</ele>
</trkpt>
<trkpt lat="59.760398" lon="10.086227">
<ele>15.567</ele>
</trkpt>
<trkpt lat="59.760403" lon="10.086982">
<ele>16.135</ele>
</trkpt>
<trkpt lat="59.760397" lon="10.087796">
<ele>18.0</ele>
</trkpt>
<trkpt lat="59.760353" lon="10.088188">
<ele>18.0</ele>
</trkpt>
<trkpt lat="59.760311" lon="10.088459">
<ele>18.0</ele>
</trkpt>
<trkpt lat="59.760277" lon="10.088602">
<ele>18.0</ele>
</trkpt>
<trkpt lat="59.760236" lon="10.088669">
<ele>18.0</ele>
</trkpt>
<trkpt lat="59.760206" lon="10.088756">
<ele>18.0</ele>
</trkpt>
<trkpt lat="59.760191" lon="10.088841">
<ele>18.0</ele>
</trkpt>
<trkpt lat="59.760186" lon="10.088932">
<ele>18.0</ele>
</trkpt>
<trkpt lat="59.760192" lon="10.089022">
<ele>18.0</ele>
</trkpt>
<trkpt lat="59.76021" lon="10.089106">
<ele>18.0</ele>
</trkpt>
<trkpt lat="59.760237" lon="10.089181">
<ele>18.0</ele>
</trkpt>
<trkpt lat="59.760273" lon="10.089376">
<ele>18.0</ele>
</trkpt>
<trkpt lat="59.760286" lon="10.089512">
<ele>18.0</ele>
</trkpt>
<trkpt lat="59.760305" lon="10.089766">
<ele>17.985</ele>
</trkpt>
<trkpt lat="59.760312" lon="10.090005">
<ele>17.877</ele>
</trkpt>
<trkpt lat="59.760319" lon="10.09019">
<ele>17.852</ele>
</trkpt>
<trkpt lat="59.760259" lon="10.091058">
<ele>16.191</ele>
</trkpt>
<trkpt lat="59.760164" lon="10.092369">
<ele>17.59</ele>
</trkpt>
<trkpt lat="59.759988" lon="10.094438">
<ele>17.935</ele>
</trkpt>
<trkpt lat="59.759766" lon="10.096782">
<ele>15.158</ele>
</trkpt>
<trkpt lat="59.75939" lon="10.101099">
<ele>16.617</ele>
</trkpt>
<trkpt lat="59.759251" lon="10.102636">
<ele>16.097</ele>
</trkpt>
<trkpt lat="59.759222" lon="10.102964">
<ele>16.398</ele>
</trkpt>
<trkpt lat="59.759104" lon="10.104245">
<ele>16.218</ele>
</trkpt>
<trkpt lat="59.759015" lon="10.10495">
<ele>15.088</ele>
</trkpt>
<trkpt lat="59.758951" lon="10.105561">
<ele>13.671</ele>
</trkpt>
<trkpt lat="59.758902" lon="10.105981">
<ele>13.117</ele>
</trkpt>
<trkpt lat="59.758872" lon="10.106219">
<ele>13.0</ele>
</trkpt>
<trkpt lat="59.758834" lon="10.106498">
<ele>13.0</ele>
</trkpt>
<trkpt lat="59.758777" lon="10.106912">
<ele>13.0</ele>
</trkpt>
<trkpt lat="59.758704" lon="10.107375">
<ele>13.666</ele>
</trkpt>
<trkpt lat="59.758695" lon="10.107523">
<ele>13.64</ele>
</trkpt>
<trkpt lat="59.758612" lon="10.107974">
<ele>13.0</ele>
</trkpt>
<trkpt lat="59.758451" lon="10.108807">
<ele>12.17</ele>
</trkpt>
<trkpt lat="59.758149" lon="10.110213">
<ele>13.0</ele>
</trkpt>
<trkpt lat="59.757946" lon="10.111174">
<ele>12.606</ele>
</trkpt>
<trkpt lat="59.757783" lon="10.111992">
<ele>12.209</ele>
</trkpt>
<trkpt lat="59.757741" lon="10.112208">
<ele>12.823</ele>
</trkpt>
<trkpt lat="59.757694" lon="10.112453">
<ele>12.698</ele>
</trkpt>
<trkpt lat="59.757638" lon="10.112736">
<ele>13.346</ele>
</trkpt>
<trkpt lat="59.757574" lon="10.112691">
<ele>12.954</ele>
</trkpt>
<trkpt lat="59.757511" lon="10.112681">
<ele>12.691</ele>
</trkpt>
<trkpt lat="59.757497" lon="10.112679">
<ele>12.655</ele>
</trkpt>
<trkpt lat="59.75745" lon="10.112676">
<ele>12.814</ele>
</trkpt>
<trkpt lat="59.75739" lon="10.112708">
<ele>13.145</ele>
</trkpt>
<trkpt lat="59.757373" lon="10.112701">
<ele>13.181</ele>
</trkpt>
<trkpt lat="59.757325" lon="10.112674">
<ele>13.256</ele>
</trkpt>
<trkpt lat="59.757118" lon="10.112591">
<ele>13.58</ele>
</trkpt>
<trkpt lat="59.757064" lon="10.112587">
<ele>13.704</ele>
</trkpt>
<trkpt lat="59.75694" lon="10.112576">
<ele>14.016</ele>
</trkpt>
<trkpt lat="59.756809" lon="10.112551">
<ele>14.488</ele>
</trkpt>
<trkpt lat="59.756379" lon="10.112436">
<ele>14.964</ele>
</trkpt>
<trkpt lat="59.756165" lon="10.112384">
<ele>14.194</ele>
</trkpt>
<trkpt lat="59.756077" lon="10.112362">
<ele>13.754</ele>
</trkpt>
<trkpt lat="59.755882" lon="10.112317">
<ele>12.35</ele>
</trkpt>
<trkpt lat="59.754601" lon="10.112106">
<ele>11.127</ele>
</trkpt>
<trkpt lat="59.754485" lon="10.112079">
<ele>10.292</ele>
</trkpt>
<trkpt lat="59.754426" lon="10.112065">
<ele>9.896</ele>
</trkpt>
<trkpt lat="59.754378" lon="10.112041">
<ele>9.605</ele>
</trkpt>
<trkpt lat="59.75431" lon="10.112453">
<ele>9.516</ele>
</trkpt>
<trkpt lat="59.754252" lon="10.112827">
<ele>10.307</ele>
</trkpt>
<trkpt lat="59.754109" lon="10.113837">
<ele>9.148</ele>
</trkpt>
<trkpt lat="59.753981" lon="10.114671">
<ele>9.0</ele>
</trkpt>
<trkpt lat="59.75396" lon="10.114804">
<ele>9.075</ele>
</trkpt>
<trkpt lat="59.753885" lon="10.115296">
<ele>9.066</ele>
</trkpt>
<trkpt lat="59.753749" lon="10.116175">
<ele>11.496</ele>
</trkpt>
<trkpt lat="59.753735" lon="10.116266">
<ele>11.446</ele>
</trkpt>
<trkpt lat="59.753724" lon="10.116341">
<ele>11.406</ele>
</trkpt>
<trkpt lat="59.753708" lon="10.116434">
<ele>11.405</ele>
</trkpt>
<trkpt lat="59.753641" lon="10.116857">
<ele>11.215</ele>
</trkpt>
<trkpt lat="59.753632" lon="10.116912">
<ele>11.15</ele>
</trkpt>
<trkpt lat="59.753594" lon="10.117082">
<ele>11.341</ele>
</trkpt>
<trkpt lat="59.753506" lon="10.117369">
<ele>10.865</ele>
</trkpt>
<trkpt lat="59.753482" lon="10.117435">
<ele>10.606</ele>
</trkpt>
<trkpt lat="59.753434" lon="10.117564">
<ele>10.087</ele>
</trkpt>
<trkpt lat="59.753316" lon="10.117856">
<ele>8.813</ele>
</trkpt>
<trkpt lat="59.753185" lon="10.118136">
<ele>7.553</ele>
</trkpt>
<trkpt lat="59.753091" lon="10.118341">
<ele>7.255</ele>
</trkpt>
<trkpt lat="59.752974" lon="10.118585">
<ele>6.413</ele>
</trkpt>
<trkpt lat="59.752871" lon="10.11891">
<ele>6.336</ele>
</trkpt>
<trkpt lat="59.752842" lon="10.119001">
<ele>6.231</ele>
</trkpt>
<trkpt lat="59.752804" lon="10.119162">
<ele>6.094</ele>
</trkpt>
<trkpt lat="59.752742" lon="10.119421">
<ele>4.945</ele>
</trkpt>
<trkpt lat="59.752717" lon="10.119534">
<ele>4.781</ele>
</trkpt>
<trkpt lat="59.752652" lon="10.119862">
<ele>4.547</ele>
</trkpt>
<trkpt lat="59.752591" lon="10.120235">
<ele>4.328</ele>
</trkpt>
<trkpt lat="59.752479" lon="10.121028">
<ele>6.648</ele>
</trkpt>
<trkpt lat="59.75244" lon="10.121323">
<ele>7.382</ele>
</trkpt>
<trkpt lat="59.752348" lon="10.122016">
<ele>8.594</ele>
</trkpt>
<trkpt lat="59.75228" lon="10.122443">
<ele>9.0</ele>
</trkpt>
<trkpt lat="59.752251" lon="10.122638">
<ele>9.497</ele>
</trkpt>
<trkpt lat="59.752214" lon="10.122881">
<ele>9.97</ele>
</trkpt>
<trkpt lat="59.752157" lon="10.123259">
<ele>9.765</ele>
</trkpt>
<trkpt lat="59.751995" lon="10.124286">
<ele>10.612</ele>
</trkpt>
<trkpt lat="59.751862" lon="10.125084">
<ele>13.0</ele>
</trkpt>
<trkpt lat="59.751744" lon="10.125825">
<ele>12.0</ele>
</trkpt>
<trkpt lat="59.751725" lon="10.125956">
<ele>11.558</ele>
</trkpt>
<trkpt lat="59.751699" lon="10.126137">
<ele>11.0</ele>
</trkpt>
<trkpt lat="59.751629" lon="10.126672">
<ele>11.136</ele>
</trkpt>
<trkpt lat="59.751561" lon="10.127348">
<ele>12.281</ele>
</trkpt>
<trkpt lat="59.751502" lon="10.128102">
<ele>12.814</ele>
</trkpt>
<trkpt lat="59.751447" lon="10.128796">
<ele>12.945</ele>
</trkpt>
<trkpt lat="59.751432" lon="10.129018">
<ele>13.155</ele>
</trkpt>
<trkpt lat="59.751422" lon="10.129238">
<ele>13.345</ele>
</trkpt>
<trkpt lat="59.751406" lon="10.129589">
<ele>14.0</ele>
</trkpt>
<trkpt lat="59.751387" lon="10.129891">
<ele>13.997</ele>
</trkpt>
<trkpt lat="59.751343" lon="10.130605">
<ele>14.835</ele>
</trkpt>
<trkpt lat="59.751295" lon="10.131507">
<ele>15.749</ele>
</trkpt>
<trkpt lat="59.751242" lon="10.132378">
<ele>16.207</ele>
</trkpt>
<trkpt lat="59.7512" lon="10.133096">
<ele>14.534</ele>
</trkpt>
<trkpt lat="59.751153" lon="10.133834">
<ele>12.198</ele>
</trkpt>
<trkpt lat="59.751054" lon="10.133819">
<ele>12.252</ele>
</trkpt>
<trkpt lat="59.751007" lon="10.133904">
<ele>12.0</ele>
</trkpt>
<trkpt lat="59.750989" lon="10.134233">
<ele>11.895</ele>
</trkpt>
<trkpt lat="59.750923" lon="10.13427">
<ele>11.748</ele>
</trkpt>
<trkpt lat="59.750906" lon="10.13428">
<ele>11.699</ele>
</trkpt>
<trkpt lat="59.75087" lon="10.134281">
<ele>11.643</ele>
</trkpt>
<trkpt lat="59.750793" lon="10.134283">
<ele>11.436</ele>
</trkpt>
<trkpt lat="59.750788" lon="10.134283">
<ele>11.418</ele>
</trkpt>
</trkseg>
</trk>
</gpx>
