<?xml version="1.0" encoding="UTF-8"?>
<gpx version="1.1" creator="GPX-Pro" xmlns="http://www.topografix.com/GPX/1/1">
<trk>
  <name>Mtb_Wernstein-Eferding</name>
  <trkseg>
    <trkpt lat="48.50699" lon="13.45855"><ele>315</ele><time>2022-07-02T08:14:27Z</time></trkpt>
    <trkpt lat="48.50707" lon="13.45860"><ele>320</ele><time>2022-07-02T08:14:59Z</time></trkpt>
    <trkpt lat="48.50781" lon="13.45917"><ele>320</ele><time>2022-07-02T08:15:17Z</time></trkpt>
    <trkpt lat="48.50838" lon="13.45844"><ele>311</ele><time>2022-07-02T08:15:36Z</time></trkpt>
    <trkpt lat="48.50865" lon="13.45798"><ele>312</ele><time>2022-07-02T08:15:54Z</time></trkpt>
    <trkpt lat="48.50903" lon="13.45873"><ele>313</ele><time>2022-07-02T08:16:13Z</time></trkpt>
    <trkpt lat="48.51022" lon="13.45950"><ele>306</ele><time>2022-07-02T08:16:32Z</time></trkpt>
    <trkpt lat="48.51127" lon="13.45964"><ele>310</ele><time>2022-07-02T08:16:50Z</time></trkpt>
    <trkpt lat="48.51227" lon="13.45973"><ele>311</ele><time>2022-07-02T08:17:09Z</time></trkpt>
    <trkpt lat="48.51319" lon="13.45941"><ele>310</ele><time>2022-07-02T08:17:27Z</time></trkpt>
    <trkpt lat="48.51373" lon="13.45868"><ele>313</ele><time>2022-07-02T08:17:45Z</time></trkpt>
    <trkpt lat="48.51458" lon="13.45810"><ele>309</ele><time>2022-07-02T08:18:04Z</time></trkpt>
    <trkpt lat="48.51507" lon="13.45706"><ele>306</ele><time>2022-07-02T08:18:23Z</time></trkpt>
    <trkpt lat="48.51521" lon="13.45681"><ele>302</ele><time>2022-07-02T08:18:42Z</time></trkpt>
    <trkpt lat="48.51483" lon="13.45776"><ele>302</ele><time>2022-07-02T08:19:00Z</time></trkpt>
    <trkpt lat="48.51413" lon="13.45836"><ele>301</ele><time>2022-07-02T08:19:18Z</time></trkpt>
    <trkpt lat="48.51458" lon="13.45858"><ele>302</ele><time>2022-07-02T08:19:36Z</time></trkpt>
    <trkpt lat="48.51525" lon="13.45854"><ele>304</ele><time>2022-07-02T08:19:55Z</time></trkpt>
    <trkpt lat="48.51571" lon="13.45864"><ele>303</ele><time>2022-07-02T08:20:14Z</time></trkpt>
    <trkpt lat="48.51609" lon="13.45812"><ele>307</ele><time>2022-07-02T08:20:33Z</time></trkpt>
    <trkpt lat="48.51644" lon="13.45790"><ele>312</ele><time>2022-07-02T08:20:52Z</time></trkpt>
    <trkpt lat="48.51690" lon="13.45799"><ele>315</ele><time>2022-07-02T08:21:11Z</time></trkpt>
    <trkpt lat="48.51727" lon="13.45797"><ele>316</ele><time>2022-07-02T08:21:29Z</time></trkpt>
    <trkpt lat="48.51770" lon="13.45784"><ele>320</ele><time>2022-07-02T08:21:48Z</time></trkpt>
    <trkpt lat="48.51799" lon="13.45830"><ele>324</ele><time>2022-07-02T08:22:07Z</time></trkpt>
    <trkpt lat="48.51833" lon="13.45788"><ele>330</ele><time>2022-07-02T08:22:26Z</time></trkpt>
    <trkpt lat="48.51856" lon="13.45745"><ele>332</ele><time>2022-07-02T08:22:45Z</time></trkpt>
    <trkpt lat="48.51879" lon="13.45740"><ele>342</ele><time>2022-07-02T08:23:04Z</time></trkpt>
    <trkpt lat="48.51863" lon="13.45773"><ele>347</ele><time>2022-07-02T08:23:22Z</time></trkpt>
    <trkpt lat="48.51859" lon="13.45831"><ele>351</ele><time>2022-07-02T08:23:41Z</time></trkpt>
    <trkpt lat="48.51845" lon="13.45881"><ele>356</ele><time>2022-07-02T08:24:00Z</time></trkpt>
    <trkpt lat="48.51853" lon="13.45933"><ele>355</ele><time>2022-07-02T08:24:18Z</time></trkpt>
    <trkpt lat="48.51866" lon="13.45986"><ele>362</ele><time>2022-07-02T08:24:37Z</time></trkpt>
    <trkpt lat="48.51887" lon="13.46032"><ele>355</ele><time>2022-07-02T08:24:56Z</time></trkpt>
    <trkpt lat="48.51906" lon="13.46078"><ele>357</ele><time>2022-07-02T08:25:14Z</time></trkpt>
    <trkpt lat="48.51929" lon="13.46116"><ele>340</ele><time>2022-07-02T08:25:33Z</time></trkpt>
    <trkpt lat="48.51915" lon="13.46055"><ele>369</ele><time>2022-07-02T08:25:52Z</time></trkpt>
    <trkpt lat="48.51933" lon="13.45993"><ele>372</ele><time>2022-07-02T08:26:11Z</time></trkpt>
    <trkpt lat="48.51970" lon="13.45970"><ele>377</ele><time>2022-07-02T08:26:29Z</time></trkpt>
    <trkpt lat="48.52014" lon="13.45960"><ele>381</ele><time>2022-07-02T08:26:47Z</time></trkpt>
    <trkpt lat="48.52053" lon="13.45948"><ele>388</ele><time>2022-07-02T08:27:06Z</time></trkpt>
    <trkpt lat="48.52092" lon="13.45934"><ele>393</ele><time>2022-07-02T08:27:25Z</time></trkpt>
    <trkpt lat="48.52127" lon="13.45928"><ele>398</ele><time>2022-07-02T08:27:43Z</time></trkpt>
    <trkpt lat="48.52164" lon="13.45931"><ele>400</ele><time>2022-07-02T08:28:01Z</time></trkpt>
    <trkpt lat="48.52198" lon="13.45948"><ele>403</ele><time>2022-07-02T08:28:20Z</time></trkpt>
    <trkpt lat="48.52237" lon="13.45953"><ele>404</ele><time>2022-07-02T08:28:39Z</time></trkpt>
    <trkpt lat="48.52234" lon="13.45983"><ele>409</ele><time>2022-07-02T08:28:57Z</time></trkpt>
    <trkpt lat="48.52207" lon="13.46010"><ele>413</ele><time>2022-07-02T08:29:15Z</time></trkpt>
    <trkpt lat="48.52227" lon="13.46075"><ele>419</ele><time>2022-07-02T08:31:17Z</time></trkpt>
    <trkpt lat="48.52246" lon="13.46125"><ele>422</ele><time>2022-07-02T08:31:35Z</time></trkpt>
    <trkpt lat="48.52267" lon="13.46179"><ele>425</ele><time>2022-07-02T08:31:54Z</time></trkpt>
    <trkpt lat="48.52289" lon="13.46230"><ele>432</ele><time>2022-07-02T08:32:13Z</time></trkpt>
    <trkpt lat="48.52308" lon="13.46280"><ele>434</ele><time>2022-07-02T08:32:32Z</time></trkpt>
    <trkpt lat="48.52315" lon="13.46333"><ele>436</ele><time>2022-07-02T08:32:50Z</time></trkpt>
    <trkpt lat="48.52346" lon="13.46303"><ele>442</ele><time>2022-07-02T08:33:08Z</time></trkpt>
    <trkpt lat="48.52376" lon="13.46263"><ele>443</ele><time>2022-07-02T08:33:27Z</time></trkpt>
    <trkpt lat="48.52413" lon="13.46264"><ele>449</ele><time>2022-07-02T08:33:45Z</time></trkpt>
    <trkpt lat="48.52444" lon="13.46304"><ele>446</ele><time>2022-07-02T08:34:04Z</time></trkpt>
    <trkpt lat="48.52444" lon="13.46363"><ele>454</ele><time>2022-07-02T08:34:22Z</time></trkpt>
    <trkpt lat="48.52432" lon="13.46433"><ele>415</ele><time>2022-07-02T08:34:41Z</time></trkpt>
    <trkpt lat="48.52420" lon="13.46509"><ele>464</ele><time>2022-07-02T08:34:59Z</time></trkpt>
    <trkpt lat="48.52416" lon="13.46586"><ele>468</ele><time>2022-07-02T08:35:17Z</time></trkpt>
    <trkpt lat="48.52421" lon="13.46667"><ele>471</ele><time>2022-07-02T08:35:36Z</time></trkpt>
    <trkpt lat="48.52431" lon="13.46744"><ele>477</ele><time>2022-07-02T08:35:54Z</time></trkpt>
    <trkpt lat="48.52443" lon="13.46822"><ele>479</ele><time>2022-07-02T08:36:12Z</time></trkpt>
    <trkpt lat="48.52472" lon="13.46911"><ele>481</ele><time>2022-07-02T08:36:31Z</time></trkpt>
    <trkpt lat="48.52519" lon="13.46993"><ele>482</ele><time>2022-07-02T08:36:49Z</time></trkpt>
    <trkpt lat="48.52582" lon="13.47024"><ele>489</ele><time>2022-07-02T08:37:08Z</time></trkpt>
    <trkpt lat="48.52653" lon="13.47059"><ele>492</ele><time>2022-07-02T08:37:27Z</time></trkpt>
    <trkpt lat="48.52720" lon="13.47117"><ele>497</ele><time>2022-07-02T08:37:45Z</time></trkpt>
    <trkpt lat="48.52766" lon="13.47226"><ele>497</ele><time>2022-07-02T08:38:04Z</time></trkpt>
    <trkpt lat="48.52788" lon="13.47336"><ele>462</ele><time>2022-07-02T08:38:23Z</time></trkpt>
    <trkpt lat="48.52791" lon="13.47438"><ele>474</ele><time>2022-07-02T08:38:42Z</time></trkpt>
    <trkpt lat="48.52812" lon="13.47537"><ele>504</ele><time>2022-07-02T08:39:01Z</time></trkpt>
    <trkpt lat="48.52791" lon="13.47631"><ele>502</ele><time>2022-07-02T08:39:19Z</time></trkpt>
    <trkpt lat="48.52732" lon="13.47712"><ele>496</ele><time>2022-07-02T08:39:38Z</time></trkpt>
    <trkpt lat="48.52667" lon="13.47756"><ele>497</ele><time>2022-07-02T08:39:56Z</time></trkpt>
    <trkpt lat="48.52613" lon="13.47786"><ele>504</ele><time>2022-07-02T08:40:14Z</time></trkpt>
    <trkpt lat="48.52558" lon="13.47839"><ele>506</ele><time>2022-07-02T08:40:33Z</time></trkpt>
    <trkpt lat="48.52534" lon="13.47869"><ele>455</ele><time>2022-07-02T08:40:52Z</time></trkpt>
    <trkpt lat="48.52503" lon="13.47893"><ele>481</ele><time>2022-07-02T08:41:10Z</time></trkpt>
    <trkpt lat="48.52544" lon="13.47890"><ele>513</ele><time>2022-07-02T08:41:29Z</time></trkpt>
    <trkpt lat="48.52566" lon="13.47948"><ele>521</ele><time>2022-07-02T08:41:47Z</time></trkpt>
    <trkpt lat="48.52519" lon="13.48037"><ele>510</ele><time>2022-07-02T08:42:06Z</time></trkpt>
    <trkpt lat="48.52494" lon="13.48184"><ele>519</ele><time>2022-07-02T08:42:25Z</time></trkpt>
    <trkpt lat="48.52506" lon="13.48321"><ele>517</ele><time>2022-07-02T08:42:43Z</time></trkpt>
    <trkpt lat="48.52547" lon="13.48435"><ele>518</ele><time>2022-07-02T08:43:02Z</time></trkpt>
    <trkpt lat="48.52554" lon="13.48489"><ele>526</ele><time>2022-07-02T08:43:20Z</time></trkpt>
    <trkpt lat="48.52553" lon="13.48565"><ele>531</ele><time>2022-07-02T08:43:38Z</time></trkpt>
    <trkpt lat="48.52544" lon="13.48648"><ele>531</ele><time>2022-07-02T08:43:56Z</time></trkpt>
    <trkpt lat="48.52529" lon="13.48795"><ele>525</ele><time>2022-07-02T08:44:15Z</time></trkpt>
    <trkpt lat="48.52551" lon="13.48979"><ele>520</ele><time>2022-07-02T08:44:33Z</time></trkpt>
    <trkpt lat="48.52553" lon="13.49087"><ele>522</ele><time>2022-07-02T08:44:51Z</time></trkpt>
    <trkpt lat="48.52593" lon="13.49143"><ele>519</ele><time>2022-07-02T08:45:10Z</time></trkpt>
    <trkpt lat="48.52675" lon="13.49194"><ele>523</ele><time>2022-07-02T08:45:29Z</time></trkpt>
    <trkpt lat="48.52734" lon="13.49249"><ele>526</ele><time>2022-07-02T08:45:48Z</time></trkpt>
    <trkpt lat="48.52782" lon="13.49358"><ele>522</ele><time>2022-07-02T08:46:06Z</time></trkpt>
    <trkpt lat="48.52796" lon="13.49481"><ele>524</ele><time>2022-07-02T08:46:25Z</time></trkpt>
    <trkpt lat="48.52828" lon="13.49501"><ele>515</ele><time>2022-07-02T08:46:44Z</time></trkpt>
    <trkpt lat="48.52992" lon="13.49549"><ele>501</ele><time>2022-07-02T08:47:03Z</time></trkpt>
    <trkpt lat="48.52995" lon="13.49660"><ele>495</ele><time>2022-07-02T08:47:22Z</time></trkpt>
    <trkpt lat="48.53030" lon="13.49821"><ele>489</ele><time>2022-07-02T08:47:40Z</time></trkpt>
    <trkpt lat="48.53031" lon="13.49979"><ele>478</ele><time>2022-07-02T08:47:59Z</time></trkpt>
    <trkpt lat="48.52941" lon="13.50029"><ele>467</ele><time>2022-07-02T08:48:18Z</time></trkpt>
    <trkpt lat="48.52882" lon="13.50087"><ele>473</ele><time>2022-07-02T08:48:36Z</time></trkpt>
    <trkpt lat="48.52884" lon="13.50173"><ele>477</ele><time>2022-07-02T08:48:55Z</time></trkpt>
    <trkpt lat="48.52889" lon="13.50258"><ele>479</ele><time>2022-07-02T08:49:13Z</time></trkpt>
    <trkpt lat="48.52852" lon="13.50281"><ele>475</ele><time>2022-07-02T08:49:31Z</time></trkpt>
    <trkpt lat="48.52795" lon="13.50285"><ele>477</ele><time>2022-07-02T08:49:50Z</time></trkpt>
    <trkpt lat="48.52787" lon="13.50340"><ele>480</ele><time>2022-07-02T08:50:09Z</time></trkpt>
    <trkpt lat="48.52759" lon="13.50584"><ele>466</ele><time>2022-07-02T08:50:28Z</time></trkpt>
    <trkpt lat="48.52715" lon="13.50721"><ele>464</ele><time>2022-07-02T08:50:47Z</time></trkpt>
    <trkpt lat="48.52755" lon="13.50719"><ele>475</ele><time>2022-07-02T08:51:06Z</time></trkpt>
    <trkpt lat="48.52786" lon="13.50756"><ele>475</ele><time>2022-07-02T08:51:25Z</time></trkpt>
    <trkpt lat="48.52796" lon="13.50813"><ele>478</ele><time>2022-07-02T08:51:44Z</time></trkpt>
    <trkpt lat="48.52798" lon="13.50876"><ele>482</ele><time>2022-07-02T08:52:03Z</time></trkpt>
    <trkpt lat="48.52797" lon="13.50975"><ele>479</ele><time>2022-07-02T08:52:21Z</time></trkpt>
    <trkpt lat="48.52758" lon="13.51183"><ele>471</ele><time>2022-07-02T08:52:40Z</time></trkpt>
    <trkpt lat="48.52727" lon="13.51268"><ele>468</ele><time>2022-07-02T08:52:58Z</time></trkpt>
    <trkpt lat="48.52705" lon="13.51339"><ele>478</ele><time>2022-07-02T08:53:17Z</time></trkpt>
    <trkpt lat="48.52684" lon="13.51404"><ele>480</ele><time>2022-07-02T08:53:35Z</time></trkpt>
    <trkpt lat="48.52663" lon="13.51465"><ele>483</ele><time>2022-07-02T08:53:54Z</time></trkpt>
    <trkpt lat="48.52660" lon="13.51514"><ele>492</ele><time>2022-07-02T08:54:12Z</time></trkpt>
    <trkpt lat="48.52642" lon="13.51576"><ele>492</ele><time>2022-07-02T08:54:31Z</time></trkpt>
    <trkpt lat="48.52609" lon="13.51644"><ele>490</ele><time>2022-07-02T08:54:50Z</time></trkpt>
    <trkpt lat="48.52609" lon="13.51716"><ele>489</ele><time>2022-07-02T08:55:08Z</time></trkpt>
    <trkpt lat="48.52606" lon="13.51802"><ele>491</ele><time>2022-07-02T08:55:27Z</time></trkpt>
    <trkpt lat="48.52623" lon="13.51960"><ele>474</ele><time>2022-07-02T08:55:45Z</time></trkpt>
    <trkpt lat="48.52596" lon="13.52056"><ele>473</ele><time>2022-07-02T08:56:04Z</time></trkpt>
    <trkpt lat="48.52595" lon="13.52111"><ele>478</ele><time>2022-07-02T08:56:23Z</time></trkpt>
    <trkpt lat="48.52576" lon="13.52154"><ele>498</ele><time>2022-07-02T08:56:42Z</time></trkpt>
    <trkpt lat="48.52550" lon="13.52192"><ele>478</ele><time>2022-07-02T08:57:01Z</time></trkpt>
    <trkpt lat="48.52522" lon="13.52228"><ele>476</ele><time>2022-07-02T08:57:20Z</time></trkpt>
    <trkpt lat="48.52505" lon="13.52272"><ele>484</ele><time>2022-07-02T08:57:39Z</time></trkpt>
    <trkpt lat="48.52497" lon="13.52324"><ele>484</ele><time>2022-07-02T08:57:58Z</time></trkpt>
    <trkpt lat="48.52496" lon="13.52366"><ele>487</ele><time>2022-07-02T08:58:16Z</time></trkpt>
    <trkpt lat="48.52491" lon="13.52407"><ele>491</ele><time>2022-07-02T08:58:34Z</time></trkpt>
    <trkpt lat="48.52486" lon="13.52455"><ele>498</ele><time>2022-07-02T08:58:53Z</time></trkpt>
    <trkpt lat="48.52476" lon="13.52505"><ele>503</ele><time>2022-07-02T08:59:12Z</time></trkpt>
    <trkpt lat="48.52466" lon="13.52542"><ele>507</ele><time>2022-07-02T08:59:30Z</time></trkpt>
    <trkpt lat="48.52459" lon="13.52564"><ele>508</ele><time>2022-07-02T08:59:49Z</time></trkpt>
    <trkpt lat="48.52454" lon="13.52618"><ele>513</ele><time>2022-07-02T09:01:37Z</time></trkpt>
    <trkpt lat="48.52435" lon="13.52693"><ele>507</ele><time>2022-07-02T09:01:56Z</time></trkpt>
    <trkpt lat="48.52429" lon="13.52804"><ele>504</ele><time>2022-07-02T09:02:14Z</time></trkpt>
    <trkpt lat="48.52458" lon="13.52964"><ele>504</ele><time>2022-07-02T09:02:32Z</time></trkpt>
    <trkpt lat="48.52470" lon="13.53019"><ele>506</ele><time>2022-07-02T09:02:51Z</time></trkpt>
    <trkpt lat="48.52439" lon="13.53063"><ele>500</ele><time>2022-07-02T09:03:10Z</time></trkpt>
    <trkpt lat="48.52360" lon="13.53171"><ele>485</ele><time>2022-07-02T09:03:29Z</time></trkpt>
    <trkpt lat="48.52354" lon="13.53186"><ele>481</ele><time>2022-07-02T09:03:47Z</time></trkpt>
    <trkpt lat="48.52283" lon="13.53208"><ele>474</ele><time>2022-07-02T09:04:42Z</time></trkpt>
    <trkpt lat="48.52206" lon="13.53259"><ele>469</ele><time>2022-07-02T09:05:01Z</time></trkpt>
    <trkpt lat="48.52184" lon="13.53361"><ele>473</ele><time>2022-07-02T09:05:20Z</time></trkpt>
    <trkpt lat="48.52168" lon="13.53473"><ele>471</ele><time>2022-07-02T09:05:38Z</time></trkpt>
    <trkpt lat="48.52186" lon="13.53584"><ele>471</ele><time>2022-07-02T09:05:57Z</time></trkpt>
    <trkpt lat="48.52194" lon="13.53659"><ele>469</ele><time>2022-07-02T09:06:16Z</time></trkpt>
    <trkpt lat="48.52197" lon="13.53672"><ele>468</ele><time>2022-07-02T09:07:01Z</time></trkpt>
    <trkpt lat="48.52202" lon="13.53802"><ele>468</ele><time>2022-07-02T09:07:20Z</time></trkpt>
    <trkpt lat="48.52208" lon="13.53852"><ele>457</ele><time>2022-07-02T09:07:39Z</time></trkpt>
    <trkpt lat="48.52173" lon="13.53867"><ele>459</ele><time>2022-07-02T09:07:58Z</time></trkpt>
    <trkpt lat="48.52105" lon="13.53871"><ele>466</ele><time>2022-07-02T09:08:16Z</time></trkpt>
    <trkpt lat="48.52073" lon="13.53865"><ele>468</ele><time>2022-07-02T09:08:34Z</time></trkpt>
    <trkpt lat="48.52071" lon="13.53879"><ele>465</ele><time>2022-07-02T09:09:03Z</time></trkpt>
    <trkpt lat="48.51999" lon="13.53969"><ele>453</ele><time>2022-07-02T09:09:21Z</time></trkpt>
    <trkpt lat="48.51984" lon="13.54071"><ele>458</ele><time>2022-07-02T09:09:40Z</time></trkpt>
    <trkpt lat="48.51966" lon="13.54168"><ele>425</ele><time>2022-07-02T09:09:59Z</time></trkpt>
    <trkpt lat="48.51917" lon="13.54287"><ele>408</ele><time>2022-07-02T09:10:17Z</time></trkpt>
    <trkpt lat="48.51874" lon="13.54372"><ele>387</ele><time>2022-07-02T09:10:36Z</time></trkpt>
    <trkpt lat="48.51844" lon="13.54382"><ele>380</ele><time>2022-07-02T09:10:54Z</time></trkpt>
    <trkpt lat="48.51835" lon="13.54389"><ele>380</ele><time>2022-07-02T09:12:50Z</time></trkpt>
    <trkpt lat="48.51793" lon="13.54380"><ele>379</ele><time>2022-07-02T09:13:08Z</time></trkpt>
    <trkpt lat="48.51788" lon="13.54405"><ele>383</ele><time>2022-07-02T09:13:27Z</time></trkpt>
    <trkpt lat="48.51802" lon="13.54425"><ele>383</ele><time>2022-07-02T09:13:46Z</time></trkpt>
    <trkpt lat="48.51799" lon="13.54455"><ele>389</ele><time>2022-07-02T09:14:04Z</time></trkpt>
    <trkpt lat="48.51792" lon="13.54465"><ele>385</ele><time>2022-07-02T09:14:22Z</time></trkpt>
    <trkpt lat="48.51768" lon="13.54488"><ele>389</ele><time>2022-07-02T09:14:41Z</time></trkpt>
    <trkpt lat="48.51742" lon="13.54497"><ele>388</ele><time>2022-07-02T09:15:00Z</time></trkpt>
    <trkpt lat="48.51708" lon="13.54518"><ele>400</ele><time>2022-07-02T09:15:55Z</time></trkpt>
    <trkpt lat="48.51682" lon="13.54534"><ele>404</ele><time>2022-07-02T09:16:13Z</time></trkpt>
    <trkpt lat="48.51663" lon="13.54556"><ele>405</ele><time>2022-07-02T09:16:32Z</time></trkpt>
    <trkpt lat="48.51648" lon="13.54584"><ele>421</ele><time>2022-07-02T09:16:51Z</time></trkpt>
    <trkpt lat="48.51641" lon="13.54612"><ele>414</ele><time>2022-07-02T09:17:09Z</time></trkpt>
    <trkpt lat="48.51634" lon="13.54646"><ele>418</ele><time>2022-07-02T09:17:27Z</time></trkpt>
    <trkpt lat="48.51625" lon="13.54676"><ele>418</ele><time>2022-07-02T09:17:45Z</time></trkpt>
    <trkpt lat="48.51613" lon="13.54706"><ele>422</ele><time>2022-07-02T09:18:04Z</time></trkpt>
    <trkpt lat="48.51595" lon="13.54728"><ele>424</ele><time>2022-07-02T09:18:22Z</time></trkpt>
    <trkpt lat="48.51569" lon="13.54738"><ele>432</ele><time>2022-07-02T09:18:40Z</time></trkpt>
    <trkpt lat="48.51548" lon="13.54785"><ele>435</ele><time>2022-07-02T09:18:59Z</time></trkpt>
    <trkpt lat="48.51526" lon="13.54843"><ele>438</ele><time>2022-07-02T09:19:18Z</time></trkpt>
    <trkpt lat="48.51500" lon="13.54885"><ele>441</ele><time>2022-07-02T09:19:36Z</time></trkpt>
    <trkpt lat="48.51469" lon="13.54920"><ele>442</ele><time>2022-07-02T09:19:54Z</time></trkpt>
    <trkpt lat="48.51442" lon="13.54965"><ele>444</ele><time>2022-07-02T09:20:13Z</time></trkpt>
    <trkpt lat="48.51417" lon="13.55006"><ele>443</ele><time>2022-07-02T09:20:32Z</time></trkpt>
    <trkpt lat="48.51410" lon="13.55015"><ele>443</ele><time>2022-07-02T09:20:58Z</time></trkpt>
    <trkpt lat="48.51382" lon="13.55046"><ele>441</ele><time>2022-07-02T09:21:16Z</time></trkpt>
    <trkpt lat="48.51347" lon="13.55073"><ele>445</ele><time>2022-07-02T09:21:35Z</time></trkpt>
    <trkpt lat="48.51306" lon="13.55079"><ele>449</ele><time>2022-07-02T09:21:53Z</time></trkpt>
    <trkpt lat="48.51244" lon="13.55077"><ele>450</ele><time>2022-07-02T09:22:12Z</time></trkpt>
    <trkpt lat="48.51176" lon="13.55089"><ele>456</ele><time>2022-07-02T09:22:31Z</time></trkpt>
    <trkpt lat="48.51116" lon="13.55100"><ele>460</ele><time>2022-07-02T09:22:50Z</time></trkpt>
    <trkpt lat="48.51045" lon="13.55101"><ele>458</ele><time>2022-07-02T09:23:08Z</time></trkpt>
    <trkpt lat="48.50993" lon="13.55081"><ele>453</ele><time>2022-07-02T09:23:27Z</time></trkpt>
    <trkpt lat="48.50943" lon="13.55059"><ele>465</ele><time>2022-07-02T09:23:45Z</time></trkpt>
    <trkpt lat="48.50883" lon="13.55002"><ele>452</ele><time>2022-07-02T09:24:04Z</time></trkpt>
    <trkpt lat="48.50773" lon="13.54971"><ele>436</ele><time>2022-07-02T09:24:22Z</time></trkpt>
    <trkpt lat="48.50721" lon="13.54986"><ele>431</ele><time>2022-07-02T09:24:40Z</time></trkpt>
    <trkpt lat="48.50700" lon="13.54916"><ele>431</ele><time>2022-07-02T09:24:58Z</time></trkpt>
    <trkpt lat="48.50726" lon="13.54802"><ele>420</ele><time>2022-07-02T09:25:16Z</time></trkpt>
    <trkpt lat="48.50692" lon="13.54768"><ele>413</ele><time>2022-07-02T09:25:35Z</time></trkpt>
    <trkpt lat="48.50655" lon="13.54814"><ele>411</ele><time>2022-07-02T09:25:53Z</time></trkpt>
    <trkpt lat="48.50621" lon="13.54825"><ele>418</ele><time>2022-07-02T09:26:12Z</time></trkpt>
    <trkpt lat="48.50631" lon="13.54883"><ele>416</ele><time>2022-07-02T09:26:31Z</time></trkpt>
    <trkpt lat="48.50657" lon="13.54955"><ele>414</ele><time>2022-07-02T09:26:50Z</time></trkpt>
    <trkpt lat="48.50645" lon="13.55021"><ele>419</ele><time>2022-07-02T09:27:08Z</time></trkpt>
    <trkpt lat="48.50629" lon="13.55109"><ele>421</ele><time>2022-07-02T09:27:27Z</time></trkpt>
    <trkpt lat="48.50667" lon="13.55150"><ele>413</ele><time>2022-07-02T09:27:45Z</time></trkpt>
    <trkpt lat="48.50702" lon="13.55190"><ele>409</ele><time>2022-07-02T09:28:03Z</time></trkpt>
    <trkpt lat="48.50731" lon="13.55258"><ele>407</ele><time>2022-07-02T09:28:22Z</time></trkpt>
    <trkpt lat="48.50766" lon="13.55311"><ele>411</ele><time>2022-07-02T09:28:40Z</time></trkpt>
    <trkpt lat="48.50779" lon="13.55385"><ele>418</ele><time>2022-07-02T09:28:59Z</time></trkpt>
    <trkpt lat="48.50780" lon="13.55452"><ele>423</ele><time>2022-07-02T09:29:17Z</time></trkpt>
    <trkpt lat="48.50796" lon="13.55514"><ele>425</ele><time>2022-07-02T09:29:35Z</time></trkpt>
    <trkpt lat="48.50805" lon="13.55523"><ele>424</ele><time>2022-07-02T09:29:54Z</time></trkpt>
    <trkpt lat="48.50831" lon="13.55589"><ele>430</ele><time>2022-07-02T09:30:41Z</time></trkpt>
    <trkpt lat="48.50834" lon="13.55639"><ele>433</ele><time>2022-07-02T09:30:59Z</time></trkpt>
    <trkpt lat="48.50817" lon="13.55671"><ele>430</ele><time>2022-07-02T09:31:17Z</time></trkpt>
    <trkpt lat="48.50813" lon="13.55685"><ele>427</ele><time>2022-07-02T09:31:40Z</time></trkpt>
    <trkpt lat="48.50816" lon="13.55739"><ele>433</ele><time>2022-07-02T09:31:58Z</time></trkpt>
    <trkpt lat="48.50818" lon="13.55781"><ele>430</ele><time>2022-07-02T09:32:17Z</time></trkpt>
    <trkpt lat="48.50822" lon="13.55802"><ele>423</ele><time>2022-07-02T09:32:35Z</time></trkpt>
    <trkpt lat="48.50818" lon="13.55839"><ele>421</ele><time>2022-07-02T09:32:53Z</time></trkpt>
    <trkpt lat="48.50813" lon="13.55885"><ele>427</ele><time>2022-07-02T09:33:12Z</time></trkpt>
    <trkpt lat="48.50801" lon="13.55953"><ele>429</ele><time>2022-07-02T09:33:30Z</time></trkpt>
    <trkpt lat="48.50802" lon="13.56026"><ele>421</ele><time>2022-07-02T09:33:49Z</time></trkpt>
    <trkpt lat="48.50786" lon="13.56107"><ele>442</ele><time>2022-07-02T09:34:08Z</time></trkpt>
    <trkpt lat="48.50761" lon="13.56160"><ele>434</ele><time>2022-07-02T09:34:26Z</time></trkpt>
    <trkpt lat="48.50733" lon="13.56191"><ele>434</ele><time>2022-07-02T09:34:44Z</time></trkpt>
    <trkpt lat="48.50707" lon="13.56224"><ele>428</ele><time>2022-07-02T09:35:02Z</time></trkpt>
    <trkpt lat="48.50696" lon="13.56271"><ele>433</ele><time>2022-07-02T09:35:21Z</time></trkpt>
    <trkpt lat="48.50704" lon="13.56339"><ele>430</ele><time>2022-07-02T09:35:40Z</time></trkpt>
    <trkpt lat="48.50718" lon="13.56424"><ele>433</ele><time>2022-07-02T09:35:59Z</time></trkpt>
    <trkpt lat="48.50725" lon="13.56497"><ele>432</ele><time>2022-07-02T09:36:18Z</time></trkpt>
    <trkpt lat="48.50732" lon="13.56558"><ele>439</ele><time>2022-07-02T09:36:36Z</time></trkpt>
    <trkpt lat="48.50732" lon="13.56583"><ele>437</ele><time>2022-07-02T09:36:53Z</time></trkpt>
    <trkpt lat="48.50726" lon="13.56599"><ele>437</ele><time>2022-07-02T09:37:13Z</time></trkpt>
    <trkpt lat="48.50705" lon="13.56650"><ele>428</ele><time>2022-07-02T09:38:59Z</time></trkpt>
    <trkpt lat="48.50675" lon="13.56698"><ele>428</ele><time>2022-07-02T09:39:17Z</time></trkpt>
    <trkpt lat="48.50675" lon="13.56759"><ele>430</ele><time>2022-07-02T09:39:36Z</time></trkpt>
    <trkpt lat="48.50676" lon="13.56803"><ele>433</ele><time>2022-07-02T09:39:54Z</time></trkpt>
    <trkpt lat="48.50672" lon="13.56861"><ele>437</ele><time>2022-07-02T09:40:13Z</time></trkpt>
    <trkpt lat="48.50670" lon="13.56898"><ele>433</ele><time>2022-07-02T09:40:31Z</time></trkpt>
    <trkpt lat="48.50672" lon="13.56915"><ele>433</ele><time>2022-07-02T09:40:49Z</time></trkpt>
    <trkpt lat="48.50675" lon="13.56935"><ele>436</ele><time>2022-07-02T09:41:07Z</time></trkpt>
    <trkpt lat="48.50672" lon="13.56963"><ele>429</ele><time>2022-07-02T09:41:26Z</time></trkpt>
    <trkpt lat="48.50669" lon="13.56979"><ele>432</ele><time>2022-07-02T09:41:44Z</time></trkpt>
    <trkpt lat="48.50658" lon="13.56993"><ele>424</ele><time>2022-07-02T09:42:03Z</time></trkpt>
    <trkpt lat="48.50636" lon="13.57004"><ele>423</ele><time>2022-07-02T09:42:21Z</time></trkpt>
    <trkpt lat="48.50600" lon="13.57028"><ele>423</ele><time>2022-07-02T09:42:39Z</time></trkpt>
    <trkpt lat="48.50564" lon="13.57050"><ele>426</ele><time>2022-07-02T09:42:57Z</time></trkpt>
    <trkpt lat="48.50532" lon="13.57084"><ele>418</ele><time>2022-07-02T09:43:16Z</time></trkpt>
    <trkpt lat="48.50502" lon="13.57122"><ele>424</ele><time>2022-07-02T09:43:35Z</time></trkpt>
    <trkpt lat="48.50486" lon="13.57166"><ele>424</ele><time>2022-07-02T09:43:53Z</time></trkpt>
    <trkpt lat="48.50479" lon="13.57228"><ele>427</ele><time>2022-07-02T09:44:11Z</time></trkpt>
    <trkpt lat="48.50478" lon="13.57295"><ele>427</ele><time>2022-07-02T09:44:30Z</time></trkpt>
    <trkpt lat="48.50452" lon="13.57350"><ele>423</ele><time>2022-07-02T09:44:49Z</time></trkpt>
    <trkpt lat="48.50457" lon="13.57408"><ele>424</ele><time>2022-07-02T09:45:07Z</time></trkpt>
    <trkpt lat="48.50449" lon="13.57430"><ele>425</ele><time>2022-07-02T09:45:26Z</time></trkpt>
    <trkpt lat="48.50395" lon="13.57436"><ele>428</ele><time>2022-07-02T09:45:44Z</time></trkpt>
    <trkpt lat="48.50327" lon="13.57432"><ele>425</ele><time>2022-07-02T09:46:03Z</time></trkpt>
    <trkpt lat="48.50268" lon="13.57421"><ele>428</ele><time>2022-07-02T09:46:21Z</time></trkpt>
    <trkpt lat="48.50257" lon="13.57424"><ele>432</ele><time>2022-07-02T09:50:34Z</time></trkpt>
    <trkpt lat="48.50187" lon="13.57422"><ele>433</ele><time>2022-07-02T09:50:52Z</time></trkpt>
    <trkpt lat="48.50134" lon="13.57455"><ele>437</ele><time>2022-07-02T09:51:11Z</time></trkpt>
    <trkpt lat="48.50117" lon="13.57526"><ele>442</ele><time>2022-07-02T09:51:29Z</time></trkpt>
    <trkpt lat="48.50086" lon="13.57573"><ele>442</ele><time>2022-07-02T09:51:47Z</time></trkpt>
    <trkpt lat="48.50039" lon="13.57595"><ele>447</ele><time>2022-07-02T09:52:06Z</time></trkpt>
    <trkpt lat="48.49999" lon="13.57563"><ele>451</ele><time>2022-07-02T09:52:25Z</time></trkpt>
    <trkpt lat="48.49982" lon="13.57503"><ele>452</ele><time>2022-07-02T09:52:44Z</time></trkpt>
    <trkpt lat="48.49983" lon="13.57436"><ele>454</ele><time>2022-07-02T09:53:02Z</time></trkpt>
    <trkpt lat="48.49961" lon="13.57371"><ele>458</ele><time>2022-07-02T09:53:20Z</time></trkpt>
    <trkpt lat="48.49926" lon="13.57334"><ele>462</ele><time>2022-07-02T09:53:39Z</time></trkpt>
    <trkpt lat="48.49889" lon="13.57329"><ele>463</ele><time>2022-07-02T09:53:58Z</time></trkpt>
    <trkpt lat="48.49832" lon="13.57453"><ele>455</ele><time>2022-07-02T09:54:16Z</time></trkpt>
    <trkpt lat="48.49737" lon="13.57692"><ele>440</ele><time>2022-07-02T09:54:34Z</time></trkpt>
    <trkpt lat="48.49723" lon="13.57901"><ele>442</ele><time>2022-07-02T09:54:53Z</time></trkpt>
    <trkpt lat="48.49677" lon="13.57886"><ele>442</ele><time>2022-07-02T09:55:11Z</time></trkpt>
    <trkpt lat="48.49614" lon="13.57876"><ele>446</ele><time>2022-07-02T09:55:30Z</time></trkpt>
    <trkpt lat="48.49564" lon="13.57916"><ele>449</ele><time>2022-07-02T09:55:48Z</time></trkpt>
    <trkpt lat="48.49520" lon="13.57957"><ele>447</ele><time>2022-07-02T09:56:06Z</time></trkpt>
    <trkpt lat="48.49470" lon="13.57984"><ele>456</ele><time>2022-07-02T09:56:24Z</time></trkpt>
    <trkpt lat="48.49429" lon="13.57961"><ele>459</ele><time>2022-07-02T09:56:43Z</time></trkpt>
    <trkpt lat="48.49406" lon="13.57976"><ele>465</ele><time>2022-07-02T09:57:02Z</time></trkpt>
    <trkpt lat="48.49412" lon="13.57961"><ele>463</ele><time>2022-07-02T09:58:11Z</time></trkpt>
    <trkpt lat="48.49412" lon="13.57888"><ele>469</ele><time>2022-07-02T09:58:29Z</time></trkpt>
    <trkpt lat="48.49391" lon="13.57836"><ele>467</ele><time>2022-07-02T09:58:47Z</time></trkpt>
    <trkpt lat="48.49340" lon="13.57800"><ele>465</ele><time>2022-07-02T09:59:06Z</time></trkpt>
    <trkpt lat="48.49262" lon="13.57776"><ele>452</ele><time>2022-07-02T09:59:25Z</time></trkpt>
    <trkpt lat="48.49181" lon="13.57801"><ele>464</ele><time>2022-07-02T09:59:43Z</time></trkpt>
    <trkpt lat="48.49113" lon="13.57763"><ele>457</ele><time>2022-07-02T10:00:01Z</time></trkpt>
    <trkpt lat="48.49020" lon="13.57682"><ele>457</ele><time>2022-07-02T10:00:19Z</time></trkpt>
    <trkpt lat="48.48923" lon="13.57632"><ele>455</ele><time>2022-07-02T10:00:38Z</time></trkpt>
    <trkpt lat="48.48871" lon="13.57527"><ele>458</ele><time>2022-07-02T10:00:56Z</time></trkpt>
    <trkpt lat="48.48804" lon="13.57454"><ele>457</ele><time>2022-07-02T10:01:14Z</time></trkpt>
    <trkpt lat="48.48738" lon="13.57374"><ele>460</ele><time>2022-07-02T10:01:33Z</time></trkpt>
    <trkpt lat="48.48671" lon="13.57309"><ele>456</ele><time>2022-07-02T10:01:52Z</time></trkpt>
    <trkpt lat="48.48597" lon="13.57334"><ele>456</ele><time>2022-07-02T10:02:11Z</time></trkpt>
    <trkpt lat="48.48527" lon="13.57377"><ele>465</ele><time>2022-07-02T10:02:30Z</time></trkpt>
    <trkpt lat="48.48478" lon="13.57409"><ele>468</ele><time>2022-07-02T10:02:49Z</time></trkpt>
    <trkpt lat="48.48488" lon="13.57405"><ele>469</ele><time>2022-07-02T10:03:20Z</time></trkpt>
    <trkpt lat="48.48491" lon="13.57282"><ele>463</ele><time>2022-07-02T10:03:38Z</time></trkpt>
    <trkpt lat="48.48465" lon="13.57178"><ele>469</ele><time>2022-07-02T10:03:57Z</time></trkpt>
    <trkpt lat="48.48445" lon="13.57112"><ele>465</ele><time>2022-07-02T10:04:15Z</time></trkpt>
    <trkpt lat="48.48422" lon="13.57097"><ele>469</ele><time>2022-07-02T10:04:34Z</time></trkpt>
    <trkpt lat="48.48351" lon="13.57075"><ele>477</ele><time>2022-07-02T10:04:53Z</time></trkpt>
    <trkpt lat="48.48310" lon="13.57138"><ele>479</ele><time>2022-07-02T10:05:12Z</time></trkpt>
    <trkpt lat="48.48266" lon="13.57185"><ele>486</ele><time>2022-07-02T10:05:31Z</time></trkpt>
    <trkpt lat="48.48248" lon="13.57253"><ele>490</ele><time>2022-07-02T10:05:50Z</time></trkpt>
    <trkpt lat="48.48229" lon="13.57308"><ele>494</ele><time>2022-07-02T10:06:08Z</time></trkpt>
    <trkpt lat="48.48202" lon="13.57364"><ele>498</ele><time>2022-07-02T10:06:26Z</time></trkpt>
    <trkpt lat="48.48186" lon="13.57433"><ele>500</ele><time>2022-07-02T10:06:44Z</time></trkpt>
    <trkpt lat="48.48168" lon="13.57503"><ele>501</ele><time>2022-07-02T10:07:03Z</time></trkpt>
    <trkpt lat="48.48137" lon="13.57563"><ele>504</ele><time>2022-07-02T10:07:22Z</time></trkpt>
    <trkpt lat="48.48095" lon="13.57609"><ele>508</ele><time>2022-07-02T10:07:41Z</time></trkpt>
    <trkpt lat="48.48060" lon="13.57652"><ele>511</ele><time>2022-07-02T10:07:59Z</time></trkpt>
    <trkpt lat="48.48029" lon="13.57697"><ele>513</ele><time>2022-07-02T10:08:18Z</time></trkpt>
    <trkpt lat="48.47998" lon="13.57732"><ele>517</ele><time>2022-07-02T10:08:36Z</time></trkpt>
    <trkpt lat="48.47955" lon="13.57778"><ele>521</ele><time>2022-07-02T10:08:54Z</time></trkpt>
    <trkpt lat="48.47913" lon="13.57821"><ele>521</ele><time>2022-07-02T10:09:13Z</time></trkpt>
    <trkpt lat="48.47874" lon="13.57863"><ele>525</ele><time>2022-07-02T10:09:31Z</time></trkpt>
    <trkpt lat="48.47841" lon="13.57901"><ele>528</ele><time>2022-07-02T10:09:49Z</time></trkpt>
    <trkpt lat="48.47807" lon="13.57947"><ele>529</ele><time>2022-07-02T10:10:07Z</time></trkpt>
    <trkpt lat="48.47779" lon="13.57998"><ele>532</ele><time>2022-07-02T10:10:26Z</time></trkpt>
    <trkpt lat="48.47770" lon="13.58056"><ele>529</ele><time>2022-07-02T10:10:44Z</time></trkpt>
    <trkpt lat="48.47756" lon="13.58111"><ele>530</ele><time>2022-07-02T10:11:03Z</time></trkpt>
    <trkpt lat="48.47732" lon="13.58157"><ele>533</ele><time>2022-07-02T10:11:22Z</time></trkpt>
    <trkpt lat="48.47709" lon="13.58203"><ele>540</ele><time>2022-07-02T10:11:40Z</time></trkpt>
    <trkpt lat="48.47692" lon="13.58254"><ele>543</ele><time>2022-07-02T10:11:59Z</time></trkpt>
    <trkpt lat="48.47675" lon="13.58305"><ele>546</ele><time>2022-07-02T10:12:18Z</time></trkpt>
    <trkpt lat="48.47649" lon="13.58352"><ele>552</ele><time>2022-07-02T10:12:37Z</time></trkpt>
    <trkpt lat="48.47646" lon="13.58443"><ele>552</ele><time>2022-07-02T10:12:55Z</time></trkpt>
    <trkpt lat="48.47621" lon="13.58542"><ele>547</ele><time>2022-07-02T10:13:13Z</time></trkpt>
    <trkpt lat="48.47588" lon="13.58597"><ele>548</ele><time>2022-07-02T10:13:31Z</time></trkpt>
    <trkpt lat="48.47571" lon="13.58663"><ele>553</ele><time>2022-07-02T10:13:50Z</time></trkpt>
    <trkpt lat="48.47561" lon="13.58723"><ele>561</ele><time>2022-07-02T10:14:08Z</time></trkpt>
    <trkpt lat="48.47553" lon="13.58781"><ele>564</ele><time>2022-07-02T10:14:26Z</time></trkpt>
    <trkpt lat="48.47544" lon="13.58840"><ele>567</ele><time>2022-07-02T10:14:45Z</time></trkpt>
    <trkpt lat="48.47534" lon="13.58900"><ele>573</ele><time>2022-07-02T10:15:04Z</time></trkpt>
    <trkpt lat="48.47523" lon="13.58955"><ele>573</ele><time>2022-07-02T10:15:23Z</time></trkpt>
    <trkpt lat="48.47521" lon="13.59004"><ele>577</ele><time>2022-07-02T10:15:41Z</time></trkpt>
    <trkpt lat="48.47526" lon="13.59069"><ele>576</ele><time>2022-07-02T10:15:59Z</time></trkpt>
    <trkpt lat="48.47518" lon="13.59150"><ele>579</ele><time>2022-07-02T10:16:18Z</time></trkpt>
    <trkpt lat="48.47497" lon="13.59261"><ele>576</ele><time>2022-07-02T10:16:36Z</time></trkpt>
    <trkpt lat="48.47496" lon="13.59410"><ele>574</ele><time>2022-07-02T10:16:54Z</time></trkpt>
    <trkpt lat="48.47473" lon="13.59465"><ele>574</ele><time>2022-07-02T10:17:13Z</time></trkpt>
    <trkpt lat="48.47423" lon="13.59452"><ele>578</ele><time>2022-07-02T10:17:32Z</time></trkpt>
    <trkpt lat="48.47381" lon="13.59442"><ele>582</ele><time>2022-07-02T10:17:50Z</time></trkpt>
    <trkpt lat="48.47343" lon="13.59429"><ele>577</ele><time>2022-07-02T10:18:08Z</time></trkpt>
    <trkpt lat="48.47312" lon="13.59420"><ele>584</ele><time>2022-07-02T10:18:26Z</time></trkpt>
    <trkpt lat="48.47284" lon="13.59415"><ele>570</ele><time>2022-07-02T10:18:44Z</time></trkpt>
    <trkpt lat="48.47266" lon="13.59455"><ele>573</ele><time>2022-07-02T10:19:03Z</time></trkpt>
    <trkpt lat="48.47253" lon="13.59503"><ele>578</ele><time>2022-07-02T10:19:22Z</time></trkpt>
    <trkpt lat="48.47219" lon="13.59553"><ele>588</ele><time>2022-07-02T10:19:41Z</time></trkpt>
    <trkpt lat="48.47218" lon="13.59648"><ele>562</ele><time>2022-07-02T10:20:00Z</time></trkpt>
    <trkpt lat="48.47248" lon="13.59790"><ele>549</ele><time>2022-07-02T10:20:18Z</time></trkpt>
    <trkpt lat="48.47273" lon="13.59971"><ele>572</ele><time>2022-07-02T10:20:36Z</time></trkpt>
    <trkpt lat="48.47354" lon="13.60130"><ele>555</ele><time>2022-07-02T10:20:55Z</time></trkpt>
    <trkpt lat="48.47415" lon="13.60218"><ele>564</ele><time>2022-07-02T10:21:13Z</time></trkpt>
    <trkpt lat="48.47481" lon="13.60315"><ele>558</ele><time>2022-07-02T10:21:32Z</time></trkpt>
    <trkpt lat="48.47553" lon="13.60428"><ele>561</ele><time>2022-07-02T10:21:51Z</time></trkpt>
    <trkpt lat="48.47621" lon="13.60694"><ele>545</ele><time>2022-07-02T10:22:10Z</time></trkpt>
    <trkpt lat="48.47718" lon="13.60817"><ele>539</ele><time>2022-07-02T10:22:29Z</time></trkpt>
    <trkpt lat="48.47763" lon="13.60813"><ele>543</ele><time>2022-07-02T10:22:47Z</time></trkpt>
    <trkpt lat="48.47756" lon="13.60946"><ele>541</ele><time>2022-07-02T10:23:06Z</time></trkpt>
    <trkpt lat="48.47797" lon="13.61013"><ele>542</ele><time>2022-07-02T10:23:24Z</time></trkpt>
    <trkpt lat="48.47812" lon="13.61077"><ele>548</ele><time>2022-07-02T10:23:42Z</time></trkpt>
    <trkpt lat="48.47824" lon="13.61143"><ele>550</ele><time>2022-07-02T10:24:01Z</time></trkpt>
    <trkpt lat="48.47840" lon="13.61204"><ele>551</ele><time>2022-07-02T10:24:20Z</time></trkpt>
    <trkpt lat="48.47862" lon="13.61253"><ele>558</ele><time>2022-07-02T10:24:38Z</time></trkpt>
    <trkpt lat="48.47880" lon="13.61293"><ele>559</ele><time>2022-07-02T10:24:57Z</time></trkpt>
    <trkpt lat="48.47903" lon="13.61334"><ele>562</ele><time>2022-07-02T10:25:16Z</time></trkpt>
    <trkpt lat="48.47931" lon="13.61374"><ele>565</ele><time>2022-07-02T10:25:34Z</time></trkpt>
    <trkpt lat="48.47959" lon="13.61424"><ele>565</ele><time>2022-07-02T10:25:53Z</time></trkpt>
    <trkpt lat="48.47994" lon="13.61463"><ele>567</ele><time>2022-07-02T10:26:12Z</time></trkpt>
    <trkpt lat="48.47989" lon="13.61537"><ele>561</ele><time>2022-07-02T10:26:31Z</time></trkpt>
    <trkpt lat="48.47983" lon="13.61614"><ele>566</ele><time>2022-07-02T10:26:50Z</time></trkpt>
    <trkpt lat="48.47995" lon="13.61681"><ele>566</ele><time>2022-07-02T10:27:08Z</time></trkpt>
    <trkpt lat="48.48034" lon="13.61680"><ele>569</ele><time>2022-07-02T10:27:27Z</time></trkpt>
    <trkpt lat="48.48064" lon="13.61656"><ele>573</ele><time>2022-07-02T10:27:45Z</time></trkpt>
    <trkpt lat="48.48095" lon="13.61613"><ele>568</ele><time>2022-07-02T10:28:04Z</time></trkpt>
    <trkpt lat="48.48141" lon="13.61630"><ele>573</ele><time>2022-07-02T10:28:23Z</time></trkpt>
    <trkpt lat="48.48183" lon="13.61628"><ele>580</ele><time>2022-07-02T10:28:41Z</time></trkpt>
    <trkpt lat="48.48231" lon="13.61612"><ele>582</ele><time>2022-07-02T10:28:59Z</time></trkpt>
    <trkpt lat="48.48274" lon="13.61644"><ele>588</ele><time>2022-07-02T10:29:18Z</time></trkpt>
    <trkpt lat="48.48311" lon="13.61694"><ele>587</ele><time>2022-07-02T10:29:37Z</time></trkpt>
    <trkpt lat="48.48332" lon="13.61766"><ele>505</ele><time>2022-07-02T10:29:55Z</time></trkpt>
    <trkpt lat="48.48349" lon="13.61832"><ele>552</ele><time>2022-07-02T10:30:14Z</time></trkpt>
    <trkpt lat="48.48371" lon="13.61887"><ele>593</ele><time>2022-07-02T10:30:32Z</time></trkpt>
    <trkpt lat="48.48397" lon="13.61979"><ele>594</ele><time>2022-07-02T10:30:50Z</time></trkpt>
    <trkpt lat="48.48380" lon="13.62052"><ele>597</ele><time>2022-07-02T10:31:09Z</time></trkpt>
    <trkpt lat="48.48352" lon="13.62155"><ele>595</ele><time>2022-07-02T10:31:28Z</time></trkpt>
    <trkpt lat="48.48294" lon="13.62347"><ele>586</ele><time>2022-07-02T10:31:46Z</time></trkpt>
    <trkpt lat="48.48337" lon="13.62626"><ele>562</ele><time>2022-07-02T10:32:04Z</time></trkpt>
    <trkpt lat="48.48398" lon="13.62869"><ele>555</ele><time>2022-07-02T10:32:23Z</time></trkpt>
    <trkpt lat="48.48412" lon="13.62919"><ele>562</ele><time>2022-07-02T10:32:42Z</time></trkpt>
    <trkpt lat="48.48456" lon="13.62933"><ele>557</ele><time>2022-07-02T10:33:00Z</time></trkpt>
    <trkpt lat="48.48505" lon="13.62953"><ele>554</ele><time>2022-07-02T10:33:19Z</time></trkpt>
    <trkpt lat="48.48562" lon="13.62947"><ele>561</ele><time>2022-07-02T10:33:37Z</time></trkpt>
    <trkpt lat="48.48615" lon="13.62935"><ele>565</ele><time>2022-07-02T10:33:55Z</time></trkpt>
    <trkpt lat="48.48640" lon="13.62991"><ele>572</ele><time>2022-07-02T10:34:14Z</time></trkpt>
    <trkpt lat="48.48658" lon="13.63040"><ele>579</ele><time>2022-07-02T10:34:33Z</time></trkpt>
    <trkpt lat="48.48674" lon="13.63082"><ele>582</ele><time>2022-07-02T10:34:52Z</time></trkpt>
    <trkpt lat="48.48699" lon="13.63114"><ele>585</ele><time>2022-07-02T10:35:11Z</time></trkpt>
    <trkpt lat="48.48736" lon="13.63122"><ele>584</ele><time>2022-07-02T10:35:30Z</time></trkpt>
    <trkpt lat="48.48754" lon="13.63149"><ele>595</ele><time>2022-07-02T10:35:49Z</time></trkpt>
    <trkpt lat="48.48766" lon="13.63175"><ele>600</ele><time>2022-07-02T10:36:08Z</time></trkpt>
    <trkpt lat="48.48777" lon="13.63202"><ele>602</ele><time>2022-07-02T10:36:26Z</time></trkpt>
    <trkpt lat="48.48785" lon="13.63233"><ele>605</ele><time>2022-07-02T10:36:45Z</time></trkpt>
    <trkpt lat="48.48788" lon="13.63264"><ele>596</ele><time>2022-07-02T10:37:04Z</time></trkpt>
    <trkpt lat="48.48801" lon="13.63297"><ele>607</ele><time>2022-07-02T10:37:23Z</time></trkpt>
    <trkpt lat="48.48816" lon="13.63326"><ele>613</ele><time>2022-07-02T10:37:41Z</time></trkpt>
    <trkpt lat="48.48839" lon="13.63367"><ele>613</ele><time>2022-07-02T10:38:00Z</time></trkpt>
    <trkpt lat="48.48851" lon="13.63406"><ele>612</ele><time>2022-07-02T10:38:18Z</time></trkpt>
    <trkpt lat="48.48864" lon="13.63441"><ele>614</ele><time>2022-07-02T10:38:36Z</time></trkpt>
    <trkpt lat="48.48879" lon="13.63479"><ele>600</ele><time>2022-07-02T10:38:55Z</time></trkpt>
    <trkpt lat="48.48880" lon="13.63517"><ele>620</ele><time>2022-07-02T10:39:14Z</time></trkpt>
    <trkpt lat="48.48883" lon="13.63552"><ele>619</ele><time>2022-07-02T10:39:33Z</time></trkpt>
    <trkpt lat="48.48892" lon="13.63592"><ele>591</ele><time>2022-07-02T10:39:52Z</time></trkpt>
    <trkpt lat="48.48901" lon="13.63617"><ele>630</ele><time>2022-07-02T10:40:10Z</time></trkpt>
    <trkpt lat="48.48940" lon="13.63670"><ele>622</ele><time>2022-07-02T10:40:46Z</time></trkpt>
    <trkpt lat="48.48969" lon="13.63711"><ele>627</ele><time>2022-07-02T10:41:05Z</time></trkpt>
    <trkpt lat="48.48944" lon="13.63738"><ele>634</ele><time>2022-07-02T10:41:24Z</time></trkpt>
    <trkpt lat="48.48913" lon="13.63750"><ele>640</ele><time>2022-07-02T10:41:42Z</time></trkpt>
    <trkpt lat="48.48893" lon="13.63798"><ele>599</ele><time>2022-07-02T10:42:01Z</time></trkpt>
    <trkpt lat="48.48869" lon="13.63847"><ele>639</ele><time>2022-07-02T10:42:19Z</time></trkpt>
    <trkpt lat="48.48847" lon="13.63899"><ele>636</ele><time>2022-07-02T10:42:38Z</time></trkpt>
    <trkpt lat="48.48805" lon="13.63999"><ele>636</ele><time>2022-07-02T10:43:20Z</time></trkpt>
    <trkpt lat="48.48745" lon="13.64089"><ele>636</ele><time>2022-07-02T10:43:38Z</time></trkpt>
    <trkpt lat="48.48685" lon="13.64233"><ele>633</ele><time>2022-07-02T10:43:57Z</time></trkpt>
    <trkpt lat="48.48665" lon="13.64386"><ele>633</ele><time>2022-07-02T10:44:16Z</time></trkpt>
    <trkpt lat="48.48600" lon="13.64464"><ele>634</ele><time>2022-07-02T10:44:35Z</time></trkpt>
    <trkpt lat="48.48548" lon="13.64595"><ele>635</ele><time>2022-07-02T10:44:54Z</time></trkpt>
    <trkpt lat="48.48516" lon="13.64789"><ele>632</ele><time>2022-07-02T10:45:12Z</time></trkpt>
    <trkpt lat="48.48527" lon="13.64845"><ele>638</ele><time>2022-07-02T10:45:30Z</time></trkpt>
    <trkpt lat="48.48541" lon="13.64900"><ele>638</ele><time>2022-07-02T10:45:49Z</time></trkpt>
    <trkpt lat="48.48559" lon="13.64947"><ele>639</ele><time>2022-07-02T10:46:07Z</time></trkpt>
    <trkpt lat="48.48561" lon="13.64997"><ele>639</ele><time>2022-07-02T10:46:25Z</time></trkpt>
    <trkpt lat="48.48547" lon="13.65056"><ele>632</ele><time>2022-07-02T10:46:44Z</time></trkpt>
    <trkpt lat="48.48536" lon="13.65115"><ele>646</ele><time>2022-07-02T10:47:03Z</time></trkpt>
    <trkpt lat="48.48553" lon="13.65174"><ele>653</ele><time>2022-07-02T10:47:22Z</time></trkpt>
    <trkpt lat="48.48578" lon="13.65221"><ele>661</ele><time>2022-07-02T10:47:41Z</time></trkpt>
    <trkpt lat="48.48614" lon="13.65240"><ele>667</ele><time>2022-07-02T10:47:59Z</time></trkpt>
    <trkpt lat="48.48651" lon="13.65284"><ele>663</ele><time>2022-07-02T10:48:18Z</time></trkpt>
    <trkpt lat="48.48661" lon="13.65344"><ele>648</ele><time>2022-07-02T10:48:36Z</time></trkpt>
    <trkpt lat="48.48659" lon="13.65419"><ele>646</ele><time>2022-07-02T10:48:55Z</time></trkpt>
    <trkpt lat="48.48648" lon="13.65498"><ele>651</ele><time>2022-07-02T10:49:14Z</time></trkpt>
    <trkpt lat="48.48641" lon="13.65554"><ele>658</ele><time>2022-07-02T10:49:33Z</time></trkpt>
    <trkpt lat="48.48642" lon="13.65599"><ele>658</ele><time>2022-07-02T10:49:51Z</time></trkpt>
    <trkpt lat="48.48641" lon="13.65637"><ele>661</ele><time>2022-07-02T10:50:09Z</time></trkpt>
    <trkpt lat="48.48626" lon="13.65675"><ele>662</ele><time>2022-07-02T10:50:28Z</time></trkpt>
    <trkpt lat="48.48612" lon="13.65708"><ele>676</ele><time>2022-07-02T10:50:47Z</time></trkpt>
    <trkpt lat="48.48582" lon="13.65742"><ele>691</ele><time>2022-07-02T10:51:06Z</time></trkpt>
    <trkpt lat="48.48558" lon="13.65776"><ele>686</ele><time>2022-07-02T10:51:25Z</time></trkpt>
    <trkpt lat="48.48532" lon="13.65818"><ele>689</ele><time>2022-07-02T10:51:44Z</time></trkpt>
    <trkpt lat="48.48512" lon="13.65854"><ele>681</ele><time>2022-07-02T10:52:02Z</time></trkpt>
    <trkpt lat="48.48485" lon="13.65898"><ele>684</ele><time>2022-07-02T10:52:21Z</time></trkpt>
    <trkpt lat="48.48466" lon="13.65950"><ele>687</ele><time>2022-07-02T10:52:39Z</time></trkpt>
    <trkpt lat="48.48449" lon="13.66006"><ele>695</ele><time>2022-07-02T10:52:58Z</time></trkpt>
    <trkpt lat="48.48418" lon="13.66053"><ele>697</ele><time>2022-07-02T10:53:16Z</time></trkpt>
    <trkpt lat="48.48394" lon="13.66101"><ele>699</ele><time>2022-07-02T10:53:35Z</time></trkpt>
    <trkpt lat="48.48375" lon="13.66153"><ele>702</ele><time>2022-07-02T10:53:54Z</time></trkpt>
    <trkpt lat="48.48361" lon="13.66208"><ele>703</ele><time>2022-07-02T10:54:13Z</time></trkpt>
    <trkpt lat="48.48347" lon="13.66261"><ele>709</ele><time>2022-07-02T10:54:32Z</time></trkpt>
    <trkpt lat="48.48326" lon="13.66312"><ele>708</ele><time>2022-07-02T10:54:50Z</time></trkpt>
    <trkpt lat="48.48294" lon="13.66374"><ele>708</ele><time>2022-07-02T10:55:08Z</time></trkpt>
    <trkpt lat="48.48251" lon="13.66436"><ele>709</ele><time>2022-07-02T10:55:27Z</time></trkpt>
    <trkpt lat="48.48231" lon="13.66496"><ele>712</ele><time>2022-07-02T10:55:46Z</time></trkpt>
    <trkpt lat="48.48214" lon="13.66553"><ele>713</ele><time>2022-07-02T10:56:04Z</time></trkpt>
    <trkpt lat="48.48199" lon="13.66603"><ele>713</ele><time>2022-07-02T10:56:23Z</time></trkpt>
    <trkpt lat="48.48192" lon="13.66614"><ele>713</ele><time>2022-07-02T10:57:52Z</time></trkpt>
    <trkpt lat="48.48167" lon="13.66710"><ele>710</ele><time>2022-07-02T10:58:10Z</time></trkpt>
    <trkpt lat="48.48159" lon="13.66810"><ele>707</ele><time>2022-07-02T10:58:28Z</time></trkpt>
    <trkpt lat="48.48152" lon="13.66919"><ele>706</ele><time>2022-07-02T10:58:46Z</time></trkpt>
    <trkpt lat="48.48137" lon="13.67033"><ele>708</ele><time>2022-07-02T10:59:04Z</time></trkpt>
    <trkpt lat="48.48125" lon="13.67105"><ele>709</ele><time>2022-07-02T10:59:23Z</time></trkpt>
    <trkpt lat="48.48118" lon="13.67171"><ele>713</ele><time>2022-07-02T10:59:41Z</time></trkpt>
    <trkpt lat="48.48103" lon="13.67237"><ele>715</ele><time>2022-07-02T10:59:59Z</time></trkpt>
    <trkpt lat="48.48078" lon="13.67313"><ele>715</ele><time>2022-07-02T11:00:18Z</time></trkpt>
    <trkpt lat="48.48034" lon="13.67421"><ele>713</ele><time>2022-07-02T11:00:36Z</time></trkpt>
    <trkpt lat="48.48005" lon="13.67523"><ele>717</ele><time>2022-07-02T11:00:54Z</time></trkpt>
    <trkpt lat="48.47994" lon="13.67620"><ele>682</ele><time>2022-07-02T11:01:13Z</time></trkpt>
    <trkpt lat="48.47985" lon="13.67711"><ele>713</ele><time>2022-07-02T11:01:31Z</time></trkpt>
    <trkpt lat="48.47982" lon="13.67788"><ele>715</ele><time>2022-07-02T11:01:49Z</time></trkpt>
    <trkpt lat="48.47979" lon="13.67866"><ele>712</ele><time>2022-07-02T11:02:08Z</time></trkpt>
    <trkpt lat="48.47983" lon="13.67914"><ele>710</ele><time>2022-07-02T11:02:26Z</time></trkpt>
    <trkpt lat="48.47994" lon="13.67958"><ele>719</ele><time>2022-07-02T11:02:45Z</time></trkpt>
    <trkpt lat="48.47999" lon="13.68001"><ele>723</ele><time>2022-07-02T11:03:03Z</time></trkpt>
    <trkpt lat="48.48010" lon="13.68048"><ele>728</ele><time>2022-07-02T11:03:22Z</time></trkpt>
    <trkpt lat="48.48029" lon="13.68122"><ele>726</ele><time>2022-07-02T11:03:41Z</time></trkpt>
    <trkpt lat="48.48030" lon="13.68206"><ele>735</ele><time>2022-07-02T11:03:59Z</time></trkpt>
    <trkpt lat="48.48027" lon="13.68224"><ele>742</ele><time>2022-07-02T11:04:19Z</time></trkpt>
    <trkpt lat="48.48033" lon="13.68235"><ele>740</ele><time>2022-07-02T11:05:40Z</time></trkpt>
    <trkpt lat="48.48058" lon="13.68307"><ele>745</ele><time>2022-07-02T11:05:59Z</time></trkpt>
    <trkpt lat="48.48084" lon="13.68353"><ele>739</ele><time>2022-07-02T11:06:17Z</time></trkpt>
    <trkpt lat="48.48113" lon="13.68404"><ele>741</ele><time>2022-07-02T11:06:36Z</time></trkpt>
    <trkpt lat="48.48135" lon="13.68454"><ele>741</ele><time>2022-07-02T11:06:55Z</time></trkpt>
    <trkpt lat="48.48149" lon="13.68498"><ele>742</ele><time>2022-07-02T11:07:13Z</time></trkpt>
    <trkpt lat="48.48158" lon="13.68549"><ele>741</ele><time>2022-07-02T11:07:32Z</time></trkpt>
    <trkpt lat="48.48172" lon="13.68674"><ele>741</ele><time>2022-07-02T11:07:51Z</time></trkpt>
    <trkpt lat="48.48167" lon="13.68693"><ele>742</ele><time>2022-07-02T11:08:10Z</time></trkpt>
    <trkpt lat="48.48174" lon="13.68712"><ele>744</ele><time>2022-07-02T11:08:28Z</time></trkpt>
    <trkpt lat="48.48194" lon="13.68785"><ele>741</ele><time>2022-07-02T11:10:23Z</time></trkpt>
    <trkpt lat="48.48215" lon="13.68848"><ele>740</ele><time>2022-07-02T11:10:41Z</time></trkpt>
    <trkpt lat="48.48240" lon="13.68916"><ele>740</ele><time>2022-07-02T11:11:00Z</time></trkpt>
    <trkpt lat="48.48253" lon="13.68947"><ele>737</ele><time>2022-07-02T11:11:19Z</time></trkpt>
    <trkpt lat="48.48270" lon="13.68937"><ele>737</ele><time>2022-07-02T11:11:37Z</time></trkpt>
    <trkpt lat="48.48307" lon="13.68969"><ele>733</ele><time>2022-07-02T11:11:56Z</time></trkpt>
    <trkpt lat="48.48347" lon="13.68922"><ele>730</ele><time>2022-07-02T11:12:49Z</time></trkpt>
    <trkpt lat="48.48379" lon="13.68814"><ele>729</ele><time>2022-07-02T11:13:08Z</time></trkpt>
    <trkpt lat="48.48469" lon="13.68818"><ele>720</ele><time>2022-07-02T11:13:27Z</time></trkpt>
    <trkpt lat="48.48571" lon="13.68870"><ele>718</ele><time>2022-07-02T11:13:45Z</time></trkpt>
    <trkpt lat="48.48566" lon="13.68896"><ele>718</ele><time>2022-07-02T11:14:04Z</time></trkpt>
    <trkpt lat="48.48565" lon="13.68911"><ele>717</ele><time>2022-07-02T11:28:30Z</time></trkpt>
    <trkpt lat="48.48549" lon="13.68996"><ele>715</ele><time>2022-07-02T11:28:48Z</time></trkpt>
    <trkpt lat="48.48532" lon="13.69072"><ele>709</ele><time>2022-07-02T11:29:07Z</time></trkpt>
    <trkpt lat="48.48518" lon="13.69153"><ele>715</ele><time>2022-07-02T11:29:25Z</time></trkpt>
    <trkpt lat="48.48491" lon="13.69273"><ele>713</ele><time>2022-07-02T11:29:43Z</time></trkpt>
    <trkpt lat="48.48475" lon="13.69344"><ele>715</ele><time>2022-07-02T11:30:02Z</time></trkpt>
    <trkpt lat="48.48488" lon="13.69390"><ele>715</ele><time>2022-07-02T11:30:20Z</time></trkpt>
    <trkpt lat="48.48542" lon="13.69638"><ele>697</ele><time>2022-07-02T11:30:38Z</time></trkpt>
    <trkpt lat="48.48534" lon="13.69855"><ele>696</ele><time>2022-07-02T11:30:57Z</time></trkpt>
    <trkpt lat="48.48520" lon="13.69850"><ele>699</ele><time>2022-07-02T11:31:15Z</time></trkpt>
    <trkpt lat="48.48553" lon="13.69943"><ele>692</ele><time>2022-07-02T11:31:33Z</time></trkpt>
    <trkpt lat="48.48545" lon="13.70116"><ele>681</ele><time>2022-07-02T11:31:52Z</time></trkpt>
    <trkpt lat="48.48524" lon="13.70152"><ele>680</ele><time>2022-07-02T11:32:43Z</time></trkpt>
    <trkpt lat="48.48532" lon="13.70145"><ele>680</ele><time>2022-07-02T11:33:06Z</time></trkpt>
    <trkpt lat="48.48565" lon="13.70112"><ele>679</ele><time>2022-07-02T11:33:24Z</time></trkpt>
    <trkpt lat="48.48647" lon="13.70261"><ele>670</ele><time>2022-07-02T11:33:42Z</time></trkpt>
    <trkpt lat="48.48663" lon="13.70489"><ele>652</ele><time>2022-07-02T11:34:01Z</time></trkpt>
    <trkpt lat="48.48748" lon="13.70650"><ele>646</ele><time>2022-07-02T11:34:19Z</time></trkpt>
    <trkpt lat="48.48822" lon="13.70717"><ele>644</ele><time>2022-07-02T11:34:37Z</time></trkpt>
    <trkpt lat="48.48835" lon="13.70794"><ele>638</ele><time>2022-07-02T11:34:56Z</time></trkpt>
    <trkpt lat="48.48802" lon="13.71013"><ele>627</ele><time>2022-07-02T11:35:14Z</time></trkpt>
    <trkpt lat="48.48778" lon="13.71266"><ele>625</ele><time>2022-07-02T11:35:33Z</time></trkpt>
    <trkpt lat="48.48729" lon="13.71342"><ele>621</ele><time>2022-07-02T11:35:51Z</time></trkpt>
    <trkpt lat="48.48696" lon="13.71406"><ele>610</ele><time>2022-07-02T11:36:09Z</time></trkpt>
    <trkpt lat="48.48660" lon="13.71500"><ele>622</ele><time>2022-07-02T11:36:28Z</time></trkpt>
    <trkpt lat="48.48592" lon="13.71648"><ele>621</ele><time>2022-07-02T11:36:47Z</time></trkpt>
    <trkpt lat="48.48496" lon="13.71823"><ele>618</ele><time>2022-07-02T11:37:06Z</time></trkpt>
    <trkpt lat="48.48453" lon="13.71948"><ele>624</ele><time>2022-07-02T11:37:24Z</time></trkpt>
    <trkpt lat="48.48426" lon="13.72023"><ele>622</ele><time>2022-07-02T11:37:42Z</time></trkpt>
    <trkpt lat="48.48388" lon="13.72095"><ele>623</ele><time>2022-07-02T11:38:01Z</time></trkpt>
    <trkpt lat="48.48381" lon="13.72108"><ele>626</ele><time>2022-07-02T11:40:25Z</time></trkpt>
    <trkpt lat="48.48331" lon="13.72192"><ele>624</ele><time>2022-07-02T11:40:43Z</time></trkpt>
    <trkpt lat="48.48265" lon="13.72300"><ele>617</ele><time>2022-07-02T11:41:02Z</time></trkpt>
    <trkpt lat="48.48183" lon="13.72444"><ele>613</ele><time>2022-07-02T11:41:21Z</time></trkpt>
    <trkpt lat="48.48070" lon="13.72600"><ele>606</ele><time>2022-07-02T11:41:39Z</time></trkpt>
    <trkpt lat="48.48046" lon="13.72724"><ele>600</ele><time>2022-07-02T11:41:58Z</time></trkpt>
    <trkpt lat="48.48097" lon="13.72895"><ele>594</ele><time>2022-07-02T11:42:17Z</time></trkpt>
    <trkpt lat="48.48099" lon="13.72975"><ele>592</ele><time>2022-07-02T11:42:36Z</time></trkpt>
    <trkpt lat="48.48101" lon="13.72990"><ele>591</ele><time>2022-07-02T11:43:02Z</time></trkpt>
    <trkpt lat="48.48139" lon="13.73084"><ele>589</ele><time>2022-07-02T11:43:20Z</time></trkpt>
    <trkpt lat="48.48158" lon="13.73218"><ele>591</ele><time>2022-07-02T11:43:38Z</time></trkpt>
    <trkpt lat="48.48152" lon="13.73302"><ele>591</ele><time>2022-07-02T11:43:57Z</time></trkpt>
    <trkpt lat="48.48094" lon="13.73323"><ele>590</ele><time>2022-07-02T11:44:16Z</time></trkpt>
    <trkpt lat="48.48040" lon="13.73378"><ele>591</ele><time>2022-07-02T11:44:35Z</time></trkpt>
    <trkpt lat="48.48036" lon="13.73390"><ele>588</ele><time>2022-07-02T11:45:10Z</time></trkpt>
    <trkpt lat="48.48022" lon="13.73490"><ele>592</ele><time>2022-07-02T11:45:28Z</time></trkpt>
    <trkpt lat="48.48016" lon="13.73619"><ele>590</ele><time>2022-07-02T11:45:46Z</time></trkpt>
    <trkpt lat="48.47978" lon="13.73707"><ele>589</ele><time>2022-07-02T11:46:05Z</time></trkpt>
    <trkpt lat="48.47925" lon="13.73727"><ele>592</ele><time>2022-07-02T11:46:23Z</time></trkpt>
    <trkpt lat="48.47868" lon="13.73761"><ele>588</ele><time>2022-07-02T11:46:41Z</time></trkpt>
    <trkpt lat="48.47817" lon="13.73870"><ele>590</ele><time>2022-07-02T11:46:59Z</time></trkpt>
    <trkpt lat="48.47759" lon="13.73984"><ele>600</ele><time>2022-07-02T11:47:18Z</time></trkpt>
    <trkpt lat="48.47711" lon="13.74076"><ele>591</ele><time>2022-07-02T11:47:36Z</time></trkpt>
    <trkpt lat="48.47644" lon="13.74201"><ele>589</ele><time>2022-07-02T11:47:54Z</time></trkpt>
    <trkpt lat="48.47588" lon="13.74306"><ele>588</ele><time>2022-07-02T11:48:13Z</time></trkpt>
    <trkpt lat="48.47542" lon="13.74391"><ele>588</ele><time>2022-07-02T11:48:31Z</time></trkpt>
    <trkpt lat="48.47507" lon="13.74491"><ele>588</ele><time>2022-07-02T11:48:49Z</time></trkpt>
    <trkpt lat="48.47499" lon="13.74519"><ele>587</ele><time>2022-07-02T11:49:08Z</time></trkpt>
    <trkpt lat="48.47504" lon="13.74506"><ele>585</ele><time>2022-07-02T11:49:27Z</time></trkpt>
    <trkpt lat="48.47530" lon="13.74429"><ele>584</ele><time>2022-07-02T11:49:45Z</time></trkpt>
    <trkpt lat="48.47563" lon="13.74355"><ele>584</ele><time>2022-07-02T11:50:03Z</time></trkpt>
    <trkpt lat="48.47540" lon="13.74281"><ele>588</ele><time>2022-07-02T11:50:22Z</time></trkpt>
    <trkpt lat="48.47495" lon="13.74243"><ele>592</ele><time>2022-07-02T11:50:40Z</time></trkpt>
    <trkpt lat="48.47446" lon="13.74231"><ele>596</ele><time>2022-07-02T11:50:58Z</time></trkpt>
    <trkpt lat="48.47369" lon="13.74238"><ele>592</ele><time>2022-07-02T11:51:17Z</time></trkpt>
    <trkpt lat="48.47232" lon="13.74232"><ele>665</ele><time>2022-07-02T11:51:35Z</time></trkpt>
    <trkpt lat="48.47204" lon="13.74240"><ele>583</ele><time>2022-07-02T11:51:54Z</time></trkpt>
    <trkpt lat="48.47060" lon="13.74313"><ele>571</ele><time>2022-07-02T11:52:13Z</time></trkpt>
    <trkpt lat="48.46969" lon="13.74415"><ele>556</ele><time>2022-07-02T11:52:31Z</time></trkpt>
    <trkpt lat="48.46894" lon="13.74439"><ele>552</ele><time>2022-07-02T11:52:50Z</time></trkpt>
    <trkpt lat="48.46874" lon="13.74456"><ele>550</ele><time>2022-07-02T11:53:09Z</time></trkpt>
    <trkpt lat="48.46850" lon="13.74472"><ele>554</ele><time>2022-07-02T11:53:28Z</time></trkpt>
    <trkpt lat="48.46831" lon="13.74485"><ele>554</ele><time>2022-07-02T11:53:46Z</time></trkpt>
    <trkpt lat="48.46807" lon="13.74493"><ele>555</ele><time>2022-07-02T11:54:04Z</time></trkpt>
    <trkpt lat="48.46776" lon="13.74509"><ele>559</ele><time>2022-07-02T11:54:23Z</time></trkpt>
    <trkpt lat="48.46753" lon="13.74533"><ele>559</ele><time>2022-07-02T11:54:41Z</time></trkpt>
    <trkpt lat="48.46734" lon="13.74562"><ele>563</ele><time>2022-07-02T11:54:59Z</time></trkpt>
    <trkpt lat="48.46713" lon="13.74594"><ele>560</ele><time>2022-07-02T11:55:18Z</time></trkpt>
    <trkpt lat="48.46685" lon="13.74630"><ele>564</ele><time>2022-07-02T11:55:37Z</time></trkpt>
    <trkpt lat="48.46591" lon="13.74700"><ele>557</ele><time>2022-07-02T11:55:55Z</time></trkpt>
    <trkpt lat="48.46492" lon="13.74774"><ele>546</ele><time>2022-07-02T11:56:14Z</time></trkpt>
    <trkpt lat="48.46483" lon="13.74770"><ele>547</ele><time>2022-07-02T11:56:53Z</time></trkpt>
    <trkpt lat="48.46446" lon="13.74701"><ele>588</ele><time>2022-07-02T11:57:12Z</time></trkpt>
    <trkpt lat="48.46441" lon="13.74688"><ele>546</ele><time>2022-07-02T11:57:31Z</time></trkpt>
    <trkpt lat="48.46448" lon="13.74700"><ele>566</ele><time>2022-07-02T11:57:57Z</time></trkpt>
    <trkpt lat="48.46461" lon="13.74749"><ele>570</ele><time>2022-07-02T11:58:15Z</time></trkpt>
    <trkpt lat="48.46416" lon="13.74781"><ele>556</ele><time>2022-07-02T11:58:34Z</time></trkpt>
    <trkpt lat="48.46362" lon="13.74784"><ele>545</ele><time>2022-07-02T11:58:53Z</time></trkpt>
    <trkpt lat="48.46260" lon="13.74745"><ele>551</ele><time>2022-07-02T11:59:11Z</time></trkpt>
    <trkpt lat="48.46244" lon="13.74733"><ele>535</ele><time>2022-07-02T11:59:30Z</time></trkpt>
    <trkpt lat="48.46236" lon="13.74723"><ele>531</ele><time>2022-07-02T12:01:19Z</time></trkpt>
    <trkpt lat="48.46165" lon="13.74688"><ele>529</ele><time>2022-07-02T12:01:37Z</time></trkpt>
    <trkpt lat="48.46142" lon="13.74687"><ele>525</ele><time>2022-07-02T12:01:56Z</time></trkpt>
    <trkpt lat="48.46131" lon="13.74687"><ele>524</ele><time>2022-07-02T12:02:22Z</time></trkpt>
    <trkpt lat="48.46081" lon="13.74699"><ele>528</ele><time>2022-07-02T12:02:40Z</time></trkpt>
    <trkpt lat="48.46043" lon="13.74708"><ele>532</ele><time>2022-07-02T12:02:59Z</time></trkpt>
    <trkpt lat="48.45988" lon="13.74728"><ele>524</ele><time>2022-07-02T12:03:17Z</time></trkpt>
    <trkpt lat="48.45936" lon="13.74742"><ele>519</ele><time>2022-07-02T12:03:35Z</time></trkpt>
    <trkpt lat="48.45926" lon="13.74738"><ele>529</ele><time>2022-07-02T12:03:53Z</time></trkpt>
    <trkpt lat="48.45894" lon="13.74747"><ele>526</ele><time>2022-07-02T12:04:11Z</time></trkpt>
    <trkpt lat="48.45881" lon="13.74738"><ele>527</ele><time>2022-07-02T12:04:30Z</time></trkpt>
    <trkpt lat="48.45877" lon="13.74681"><ele>538</ele><time>2022-07-02T12:05:18Z</time></trkpt>
    <trkpt lat="48.45880" lon="13.74636"><ele>537</ele><time>2022-07-02T12:05:37Z</time></trkpt>
    <trkpt lat="48.45876" lon="13.74595"><ele>540</ele><time>2022-07-02T12:05:56Z</time></trkpt>
    <trkpt lat="48.45863" lon="13.74550"><ele>542</ele><time>2022-07-02T12:06:14Z</time></trkpt>
    <trkpt lat="48.45856" lon="13.74508"><ele>537</ele><time>2022-07-02T12:06:33Z</time></trkpt>
    <trkpt lat="48.45849" lon="13.74461"><ele>537</ele><time>2022-07-02T12:06:51Z</time></trkpt>
    <trkpt lat="48.45848" lon="13.74414"><ele>540</ele><time>2022-07-02T12:07:09Z</time></trkpt>
    <trkpt lat="48.45856" lon="13.74371"><ele>540</ele><time>2022-07-02T12:07:28Z</time></trkpt>
    <trkpt lat="48.45867" lon="13.74328"><ele>535</ele><time>2022-07-02T12:07:47Z</time></trkpt>
    <trkpt lat="48.45881" lon="13.74284"><ele>537</ele><time>2022-07-02T12:08:06Z</time></trkpt>
    <trkpt lat="48.45890" lon="13.74238"><ele>538</ele><time>2022-07-02T12:08:24Z</time></trkpt>
    <trkpt lat="48.45900" lon="13.74182"><ele>546</ele><time>2022-07-02T12:08:42Z</time></trkpt>
    <trkpt lat="48.45892" lon="13.74127"><ele>551</ele><time>2022-07-02T12:09:01Z</time></trkpt>
    <trkpt lat="48.45862" lon="13.74073"><ele>551</ele><time>2022-07-02T12:09:19Z</time></trkpt>
    <trkpt lat="48.45835" lon="13.74066"><ele>554</ele><time>2022-07-02T12:09:38Z</time></trkpt>
    <trkpt lat="48.45788" lon="13.74120"><ele>557</ele><time>2022-07-02T12:09:56Z</time></trkpt>
    <trkpt lat="48.45737" lon="13.74170"><ele>553</ele><time>2022-07-02T12:10:15Z</time></trkpt>
    <trkpt lat="48.45689" lon="13.74204"><ele>557</ele><time>2022-07-02T12:10:33Z</time></trkpt>
    <trkpt lat="48.45640" lon="13.74256"><ele>560</ele><time>2022-07-02T12:10:52Z</time></trkpt>
    <trkpt lat="48.45575" lon="13.74287"><ele>563</ele><time>2022-07-02T12:11:10Z</time></trkpt>
    <trkpt lat="48.45584" lon="13.74435"><ele>558</ele><time>2022-07-02T12:11:29Z</time></trkpt>
    <trkpt lat="48.45625" lon="13.74701"><ele>540</ele><time>2022-07-02T12:11:47Z</time></trkpt>
    <trkpt lat="48.45586" lon="13.74784"><ele>531</ele><time>2022-07-02T12:12:06Z</time></trkpt>
    <trkpt lat="48.45486" lon="13.74829"><ele>526</ele><time>2022-07-02T12:12:25Z</time></trkpt>
    <trkpt lat="48.45431" lon="13.74845"><ele>525</ele><time>2022-07-02T12:12:44Z</time></trkpt>
    <trkpt lat="48.45370" lon="13.74877"><ele>523</ele><time>2022-07-02T12:13:02Z</time></trkpt>
    <trkpt lat="48.45339" lon="13.74926"><ele>524</ele><time>2022-07-02T12:13:21Z</time></trkpt>
    <trkpt lat="48.45312" lon="13.74987"><ele>525</ele><time>2022-07-02T12:13:39Z</time></trkpt>
    <trkpt lat="48.45369" lon="13.75070"><ele>518</ele><time>2022-07-02T12:13:58Z</time></trkpt>
    <trkpt lat="48.45487" lon="13.75206"><ele>521</ele><time>2022-07-02T12:14:17Z</time></trkpt>
    <trkpt lat="48.45518" lon="13.75246"><ele>526</ele><time>2022-07-02T12:14:35Z</time></trkpt>
    <trkpt lat="48.45545" lon="13.75285"><ele>528</ele><time>2022-07-02T12:14:53Z</time></trkpt>
    <trkpt lat="48.45572" lon="13.75324"><ele>526</ele><time>2022-07-02T12:15:11Z</time></trkpt>
    <trkpt lat="48.45602" lon="13.75368"><ele>525</ele><time>2022-07-02T12:15:29Z</time></trkpt>
    <trkpt lat="48.45640" lon="13.75423"><ele>531</ele><time>2022-07-02T12:15:48Z</time></trkpt>
    <trkpt lat="48.45675" lon="13.75481"><ele>533</ele><time>2022-07-02T12:16:07Z</time></trkpt>
    <trkpt lat="48.45701" lon="13.75525"><ele>536</ele><time>2022-07-02T12:16:25Z</time></trkpt>
    <trkpt lat="48.45654" lon="13.75607"><ele>536</ele><time>2022-07-02T12:17:42Z</time></trkpt>
    <trkpt lat="48.45548" lon="13.75721"><ele>529</ele><time>2022-07-02T12:18:00Z</time></trkpt>
    <trkpt lat="48.45469" lon="13.75831"><ele>536</ele><time>2022-07-02T12:18:18Z</time></trkpt>
    <trkpt lat="48.45408" lon="13.75955"><ele>536</ele><time>2022-07-02T12:18:37Z</time></trkpt>
    <trkpt lat="48.45347" lon="13.76058"><ele>534</ele><time>2022-07-02T12:18:55Z</time></trkpt>
    <trkpt lat="48.45260" lon="13.76155"><ele>530</ele><time>2022-07-02T12:19:14Z</time></trkpt>
    <trkpt lat="48.45187" lon="13.76211"><ele>534</ele><time>2022-07-02T12:19:32Z</time></trkpt>
    <trkpt lat="48.45113" lon="13.76250"><ele>534</ele><time>2022-07-02T12:19:51Z</time></trkpt>
    <trkpt lat="48.45024" lon="13.76275"><ele>530</ele><time>2022-07-02T12:20:10Z</time></trkpt>
    <trkpt lat="48.44929" lon="13.76291"><ele>524</ele><time>2022-07-02T12:20:29Z</time></trkpt>
    <trkpt lat="48.44787" lon="13.76353"><ele>517</ele><time>2022-07-02T12:20:48Z</time></trkpt>
    <trkpt lat="48.44647" lon="13.76500"><ele>506</ele><time>2022-07-02T12:21:07Z</time></trkpt>
    <trkpt lat="48.44495" lon="13.76640"><ele>494</ele><time>2022-07-02T12:21:25Z</time></trkpt>
    <trkpt lat="48.44365" lon="13.76743"><ele>493</ele><time>2022-07-02T12:21:44Z</time></trkpt>
    <trkpt lat="48.44333" lon="13.76803"><ele>499</ele><time>2022-07-02T12:22:02Z</time></trkpt>
    <trkpt lat="48.44297" lon="13.76865"><ele>501</ele><time>2022-07-02T12:22:20Z</time></trkpt>
    <trkpt lat="48.44255" lon="13.76925"><ele>503</ele><time>2022-07-02T12:22:39Z</time></trkpt>
    <trkpt lat="48.44222" lon="13.76971"><ele>506</ele><time>2022-07-02T12:22:58Z</time></trkpt>
    <trkpt lat="48.44194" lon="13.77007"><ele>508</ele><time>2022-07-02T12:23:16Z</time></trkpt>
    <trkpt lat="48.44166" lon="13.77047"><ele>515</ele><time>2022-07-02T12:23:35Z</time></trkpt>
    <trkpt lat="48.44146" lon="13.77106"><ele>518</ele><time>2022-07-02T12:23:53Z</time></trkpt>
    <trkpt lat="48.44135" lon="13.77163"><ele>520</ele><time>2022-07-02T12:24:12Z</time></trkpt>
    <trkpt lat="48.44135" lon="13.77178"><ele>526</ele><time>2022-07-02T12:28:05Z</time></trkpt>
    <trkpt lat="48.44122" lon="13.77237"><ele>522</ele><time>2022-07-02T12:28:23Z</time></trkpt>
    <trkpt lat="48.44064" lon="13.77308"><ele>519</ele><time>2022-07-02T12:28:42Z</time></trkpt>
    <trkpt lat="48.43942" lon="13.77365"><ele>509</ele><time>2022-07-02T12:29:00Z</time></trkpt>
    <trkpt lat="48.43843" lon="13.77432"><ele>501</ele><time>2022-07-02T12:29:19Z</time></trkpt>
    <trkpt lat="48.43812" lon="13.77502"><ele>493</ele><time>2022-07-02T12:30:12Z</time></trkpt>
    <trkpt lat="48.43783" lon="13.77507"><ele>490</ele><time>2022-07-02T12:31:10Z</time></trkpt>
    <trkpt lat="48.43760" lon="13.77513"><ele>494</ele><time>2022-07-02T12:31:28Z</time></trkpt>
    <trkpt lat="48.43739" lon="13.77531"><ele>491</ele><time>2022-07-02T12:31:47Z</time></trkpt>
    <trkpt lat="48.43718" lon="13.77563"><ele>492</ele><time>2022-07-02T12:32:06Z</time></trkpt>
    <trkpt lat="48.43706" lon="13.77594"><ele>494</ele><time>2022-07-02T12:32:24Z</time></trkpt>
    <trkpt lat="48.43699" lon="13.77629"><ele>501</ele><time>2022-07-02T12:32:42Z</time></trkpt>
    <trkpt lat="48.43686" lon="13.77663"><ele>493</ele><time>2022-07-02T12:33:00Z</time></trkpt>
    <trkpt lat="48.43664" lon="13.77692"><ele>502</ele><time>2022-07-02T12:33:19Z</time></trkpt>
    <trkpt lat="48.43638" lon="13.77719"><ele>513</ele><time>2022-07-02T12:33:38Z</time></trkpt>
    <trkpt lat="48.43610" lon="13.77749"><ele>508</ele><time>2022-07-02T12:33:56Z</time></trkpt>
    <trkpt lat="48.43583" lon="13.77774"><ele>512</ele><time>2022-07-02T12:34:15Z</time></trkpt>
    <trkpt lat="48.43550" lon="13.77787"><ele>521</ele><time>2022-07-02T12:34:33Z</time></trkpt>
    <trkpt lat="48.43517" lon="13.77795"><ele>517</ele><time>2022-07-02T12:34:51Z</time></trkpt>
    <trkpt lat="48.43509" lon="13.77865"><ele>516</ele><time>2022-07-02T12:35:29Z</time></trkpt>
    <trkpt lat="48.43487" lon="13.78001"><ele>517</ele><time>2022-07-02T12:35:47Z</time></trkpt>
    <trkpt lat="48.43468" lon="13.78046"><ele>520</ele><time>2022-07-02T12:36:06Z</time></trkpt>
    <trkpt lat="48.43458" lon="13.78077"><ele>515</ele><time>2022-07-02T12:36:25Z</time></trkpt>
    <trkpt lat="48.43451" lon="13.78119"><ele>524</ele><time>2022-07-02T12:36:44Z</time></trkpt>
    <trkpt lat="48.43450" lon="13.78161"><ele>528</ele><time>2022-07-02T12:37:02Z</time></trkpt>
    <trkpt lat="48.43458" lon="13.78204"><ele>532</ele><time>2022-07-02T12:37:21Z</time></trkpt>
    <trkpt lat="48.43472" lon="13.78242"><ele>533</ele><time>2022-07-02T12:37:39Z</time></trkpt>
    <trkpt lat="48.43479" lon="13.78286"><ele>537</ele><time>2022-07-02T12:37:58Z</time></trkpt>
    <trkpt lat="48.43471" lon="13.78328"><ele>535</ele><time>2022-07-02T12:38:17Z</time></trkpt>
    <trkpt lat="48.43461" lon="13.78372"><ele>535</ele><time>2022-07-02T12:38:35Z</time></trkpt>
    <trkpt lat="48.43463" lon="13.78413"><ele>534</ele><time>2022-07-02T12:38:53Z</time></trkpt>
    <trkpt lat="48.43477" lon="13.78453"><ele>540</ele><time>2022-07-02T12:39:12Z</time></trkpt>
    <trkpt lat="48.43492" lon="13.78491"><ele>538</ele><time>2022-07-02T12:39:30Z</time></trkpt>
    <trkpt lat="48.43507" lon="13.78529"><ele>538</ele><time>2022-07-02T12:39:49Z</time></trkpt>
    <trkpt lat="48.43508" lon="13.78576"><ele>540</ele><time>2022-07-02T12:40:08Z</time></trkpt>
    <trkpt lat="48.43490" lon="13.78637"><ele>539</ele><time>2022-07-02T12:40:26Z</time></trkpt>
    <trkpt lat="48.43465" lon="13.78718"><ele>544</ele><time>2022-07-02T12:40:45Z</time></trkpt>
    <trkpt lat="48.43450" lon="13.78780"><ele>547</ele><time>2022-07-02T12:41:04Z</time></trkpt>
    <trkpt lat="48.43449" lon="13.78794"><ele>546</ele><time>2022-07-02T12:42:00Z</time></trkpt>
    <trkpt lat="48.43403" lon="13.78864"><ele>547</ele><time>2022-07-02T12:42:19Z</time></trkpt>
    <trkpt lat="48.43323" lon="13.78922"><ele>549</ele><time>2022-07-02T12:42:37Z</time></trkpt>
    <trkpt lat="48.43276" lon="13.79014"><ele>550</ele><time>2022-07-02T12:42:56Z</time></trkpt>
    <trkpt lat="48.43271" lon="13.79132"><ele>551</ele><time>2022-07-02T12:43:15Z</time></trkpt>
    <trkpt lat="48.43241" lon="13.79242"><ele>546</ele><time>2022-07-02T12:43:34Z</time></trkpt>
    <trkpt lat="48.43243" lon="13.79376"><ele>544</ele><time>2022-07-02T12:43:52Z</time></trkpt>
    <trkpt lat="48.43246" lon="13.79480"><ele>546</ele><time>2022-07-02T12:44:10Z</time></trkpt>
    <trkpt lat="48.43239" lon="13.79572"><ele>544</ele><time>2022-07-02T12:44:29Z</time></trkpt>
    <trkpt lat="48.43218" lon="13.79661"><ele>542</ele><time>2022-07-02T12:44:48Z</time></trkpt>
    <trkpt lat="48.43184" lon="13.79748"><ele>539</ele><time>2022-07-02T12:45:07Z</time></trkpt>
    <trkpt lat="48.43154" lon="13.79832"><ele>535</ele><time>2022-07-02T12:45:25Z</time></trkpt>
    <trkpt lat="48.43144" lon="13.79865"><ele>534</ele><time>2022-07-02T12:45:44Z</time></trkpt>
    <trkpt lat="48.43135" lon="13.79901"><ele>533</ele><time>2022-07-02T12:46:02Z</time></trkpt>
    <trkpt lat="48.43136" lon="13.79931"><ele>529</ele><time>2022-07-02T12:46:21Z</time></trkpt>
    <trkpt lat="48.43128" lon="13.79956"><ele>530</ele><time>2022-07-02T12:46:39Z</time></trkpt>
    <trkpt lat="48.43103" lon="13.80031"><ele>524</ele><time>2022-07-02T12:46:58Z</time></trkpt>
    <trkpt lat="48.43064" lon="13.80083"><ele>522</ele><time>2022-07-02T12:47:16Z</time></trkpt>
    <trkpt lat="48.43023" lon="13.80124"><ele>520</ele><time>2022-07-02T12:47:34Z</time></trkpt>
    <trkpt lat="48.42984" lon="13.80151"><ele>523</ele><time>2022-07-02T12:47:53Z</time></trkpt>
    <trkpt lat="48.43006" lon="13.80205"><ele>526</ele><time>2022-07-02T12:48:12Z</time></trkpt>
    <trkpt lat="48.43028" lon="13.80260"><ele>531</ele><time>2022-07-02T12:48:31Z</time></trkpt>
    <trkpt lat="48.43058" lon="13.80308"><ele>531</ele><time>2022-07-02T12:48:49Z</time></trkpt>
    <trkpt lat="48.43080" lon="13.80343"><ele>537</ele><time>2022-07-02T12:49:08Z</time></trkpt>
    <trkpt lat="48.43043" lon="13.80390"><ele>542</ele><time>2022-07-02T12:49:27Z</time></trkpt>
    <trkpt lat="48.43030" lon="13.80470"><ele>539</ele><time>2022-07-02T12:49:46Z</time></trkpt>
    <trkpt lat="48.43028" lon="13.80530"><ele>537</ele><time>2022-07-02T12:50:05Z</time></trkpt>
    <trkpt lat="48.43003" lon="13.80579"><ele>538</ele><time>2022-07-02T12:52:25Z</time></trkpt>
    <trkpt lat="48.42983" lon="13.80534"><ele>531</ele><time>2022-07-02T12:52:44Z</time></trkpt>
    <trkpt lat="48.42939" lon="13.80521"><ele>525</ele><time>2022-07-02T12:53:03Z</time></trkpt>
    <trkpt lat="48.42893" lon="13.80577"><ele>526</ele><time>2022-07-02T12:53:21Z</time></trkpt>
    <trkpt lat="48.42837" lon="13.80626"><ele>523</ele><time>2022-07-02T12:53:40Z</time></trkpt>
    <trkpt lat="48.42780" lon="13.80665"><ele>521</ele><time>2022-07-02T12:53:58Z</time></trkpt>
    <trkpt lat="48.42730" lon="13.80729"><ele>517</ele><time>2022-07-02T12:54:16Z</time></trkpt>
    <trkpt lat="48.42682" lon="13.80769"><ele>517</ele><time>2022-07-02T12:54:34Z</time></trkpt>
    <trkpt lat="48.42650" lon="13.80791"><ele>521</ele><time>2022-07-02T12:54:53Z</time></trkpt>
    <trkpt lat="48.42628" lon="13.80840"><ele>527</ele><time>2022-07-02T12:55:12Z</time></trkpt>
    <trkpt lat="48.42608" lon="13.80885"><ele>527</ele><time>2022-07-02T12:55:30Z</time></trkpt>
    <trkpt lat="48.42575" lon="13.80922"><ele>533</ele><time>2022-07-02T12:55:49Z</time></trkpt>
    <trkpt lat="48.42541" lon="13.80953"><ele>532</ele><time>2022-07-02T12:56:07Z</time></trkpt>
    <trkpt lat="48.42513" lon="13.80992"><ele>534</ele><time>2022-07-02T12:56:26Z</time></trkpt>
    <trkpt lat="48.42509" lon="13.81041"><ele>533</ele><time>2022-07-02T12:56:44Z</time></trkpt>
    <trkpt lat="48.42504" lon="13.81054"><ele>532</ele><time>2022-07-02T12:57:04Z</time></trkpt>
    <trkpt lat="48.42423" lon="13.81164"><ele>527</ele><time>2022-07-02T12:57:23Z</time></trkpt>
    <trkpt lat="48.42346" lon="13.81279"><ele>526</ele><time>2022-07-02T12:57:41Z</time></trkpt>
    <trkpt lat="48.42337" lon="13.81330"><ele>533</ele><time>2022-07-02T12:58:00Z</time></trkpt>
    <trkpt lat="48.42309" lon="13.81355"><ele>536</ele><time>2022-07-02T12:58:18Z</time></trkpt>
    <trkpt lat="48.42285" lon="13.81393"><ele>541</ele><time>2022-07-02T12:58:37Z</time></trkpt>
    <trkpt lat="48.42268" lon="13.81442"><ele>539</ele><time>2022-07-02T12:58:55Z</time></trkpt>
    <trkpt lat="48.42266" lon="13.81495"><ele>539</ele><time>2022-07-02T12:59:14Z</time></trkpt>
    <trkpt lat="48.42264" lon="13.81546"><ele>544</ele><time>2022-07-02T12:59:33Z</time></trkpt>
    <trkpt lat="48.42271" lon="13.81645"><ele>538</ele><time>2022-07-02T12:59:51Z</time></trkpt>
    <trkpt lat="48.42283" lon="13.81742"><ele>533</ele><time>2022-07-02T13:00:10Z</time></trkpt>
    <trkpt lat="48.42289" lon="13.81816"><ele>543</ele><time>2022-07-02T13:00:29Z</time></trkpt>
    <trkpt lat="48.42281" lon="13.81866"><ele>542</ele><time>2022-07-02T13:00:48Z</time></trkpt>
    <trkpt lat="48.42264" lon="13.81922"><ele>538</ele><time>2022-07-02T13:01:07Z</time></trkpt>
    <trkpt lat="48.42242" lon="13.81929"><ele>538</ele><time>2022-07-02T13:01:25Z</time></trkpt>
    <trkpt lat="48.42236" lon="13.81837"><ele>537</ele><time>2022-07-02T13:01:44Z</time></trkpt>
    <trkpt lat="48.42137" lon="13.81877"><ele>528</ele><time>2022-07-02T13:02:02Z</time></trkpt>
    <trkpt lat="48.42017" lon="13.81974"><ele>527</ele><time>2022-07-02T13:02:21Z</time></trkpt>
    <trkpt lat="48.41985" lon="13.82000"><ele>531</ele><time>2022-07-02T13:02:39Z</time></trkpt>
    <trkpt lat="48.41950" lon="13.82004"><ele>533</ele><time>2022-07-02T13:02:57Z</time></trkpt>
    <trkpt lat="48.41914" lon="13.81993"><ele>538</ele><time>2022-07-02T13:03:16Z</time></trkpt>
    <trkpt lat="48.41864" lon="13.81996"><ele>537</ele><time>2022-07-02T13:03:35Z</time></trkpt>
    <trkpt lat="48.41814" lon="13.81936"><ele>537</ele><time>2022-07-02T13:03:53Z</time></trkpt>
    <trkpt lat="48.41788" lon="13.81973"><ele>537</ele><time>2022-07-02T13:04:12Z</time></trkpt>
    <trkpt lat="48.41773" lon="13.82060"><ele>539</ele><time>2022-07-02T13:04:30Z</time></trkpt>
    <trkpt lat="48.41759" lon="13.82157"><ele>542</ele><time>2022-07-02T13:04:49Z</time></trkpt>
    <trkpt lat="48.41746" lon="13.82248"><ele>545</ele><time>2022-07-02T13:05:07Z</time></trkpt>
    <trkpt lat="48.41732" lon="13.82341"><ele>547</ele><time>2022-07-02T13:05:25Z</time></trkpt>
    <trkpt lat="48.41719" lon="13.82437"><ele>545</ele><time>2022-07-02T13:05:43Z</time></trkpt>
    <trkpt lat="48.41708" lon="13.82522"><ele>552</ele><time>2022-07-02T13:06:02Z</time></trkpt>
    <trkpt lat="48.41688" lon="13.82587"><ele>556</ele><time>2022-07-02T13:06:20Z</time></trkpt>
    <trkpt lat="48.41661" lon="13.82659"><ele>556</ele><time>2022-07-02T13:06:38Z</time></trkpt>
    <trkpt lat="48.41615" lon="13.82693"><ele>556</ele><time>2022-07-02T13:06:57Z</time></trkpt>
    <trkpt lat="48.41480" lon="13.82739"><ele>541</ele><time>2022-07-02T13:07:16Z</time></trkpt>
    <trkpt lat="48.41349" lon="13.82883"><ele>530</ele><time>2022-07-02T13:07:34Z</time></trkpt>
    <trkpt lat="48.41225" lon="13.82902"><ele>528</ele><time>2022-07-02T13:07:53Z</time></trkpt>
    <trkpt lat="48.41187" lon="13.82956"><ele>533</ele><time>2022-07-02T13:08:11Z</time></trkpt>
    <trkpt lat="48.41159" lon="13.83002"><ele>539</ele><time>2022-07-02T13:08:29Z</time></trkpt>
    <trkpt lat="48.41126" lon="13.83061"><ele>545</ele><time>2022-07-02T13:08:48Z</time></trkpt>
    <trkpt lat="48.41098" lon="13.83110"><ele>544</ele><time>2022-07-02T13:09:06Z</time></trkpt>
    <trkpt lat="48.41073" lon="13.83162"><ele>552</ele><time>2022-07-02T13:09:25Z</time></trkpt>
    <trkpt lat="48.41044" lon="13.83219"><ele>545</ele><time>2022-07-02T13:09:44Z</time></trkpt>
    <trkpt lat="48.41032" lon="13.83297"><ele>556</ele><time>2022-07-02T13:10:03Z</time></trkpt>
    <trkpt lat="48.41050" lon="13.83380"><ele>569</ele><time>2022-07-02T13:10:21Z</time></trkpt>
    <trkpt lat="48.41062" lon="13.83458"><ele>570</ele><time>2022-07-02T13:10:39Z</time></trkpt>
    <trkpt lat="48.41070" lon="13.83526"><ele>569</ele><time>2022-07-02T13:10:57Z</time></trkpt>
    <trkpt lat="48.41067" lon="13.83594"><ele>569</ele><time>2022-07-02T13:11:16Z</time></trkpt>
    <trkpt lat="48.41062" lon="13.83662"><ele>564</ele><time>2022-07-02T13:11:35Z</time></trkpt>
    <trkpt lat="48.41049" lon="13.83742"><ele>578</ele><time>2022-07-02T13:11:54Z</time></trkpt>
    <trkpt lat="48.41020" lon="13.83809"><ele>579</ele><time>2022-07-02T13:12:12Z</time></trkpt>
    <trkpt lat="48.41014" lon="13.83897"><ele>576</ele><time>2022-07-02T13:12:31Z</time></trkpt>
    <trkpt lat="48.41002" lon="13.83983"><ele>574</ele><time>2022-07-02T13:12:49Z</time></trkpt>
    <trkpt lat="48.40990" lon="13.84068"><ele>580</ele><time>2022-07-02T13:13:08Z</time></trkpt>
    <trkpt lat="48.40989" lon="13.84151"><ele>582</ele><time>2022-07-02T13:13:27Z</time></trkpt>
    <trkpt lat="48.40997" lon="13.84233"><ele>584</ele><time>2022-07-02T13:13:46Z</time></trkpt>
    <trkpt lat="48.40995" lon="13.84292"><ele>587</ele><time>2022-07-02T13:14:04Z</time></trkpt>
    <trkpt lat="48.40992" lon="13.84346"><ele>593</ele><time>2022-07-02T13:14:22Z</time></trkpt>
    <trkpt lat="48.40988" lon="13.84402"><ele>596</ele><time>2022-07-02T13:14:41Z</time></trkpt>
    <trkpt lat="48.40984" lon="13.84454"><ele>602</ele><time>2022-07-02T13:14:59Z</time></trkpt>
    <trkpt lat="48.40980" lon="13.84507"><ele>602</ele><time>2022-07-02T13:15:18Z</time></trkpt>
    <trkpt lat="48.40975" lon="13.84556"><ele>603</ele><time>2022-07-02T13:15:36Z</time></trkpt>
    <trkpt lat="48.40977" lon="13.84605"><ele>601</ele><time>2022-07-02T13:15:55Z</time></trkpt>
    <trkpt lat="48.40972" lon="13.84653"><ele>601</ele><time>2022-07-02T13:16:13Z</time></trkpt>
    <trkpt lat="48.40968" lon="13.84721"><ele>612</ele><time>2022-07-02T13:16:32Z</time></trkpt>
    <trkpt lat="48.40991" lon="13.84770"><ele>609</ele><time>2022-07-02T13:16:50Z</time></trkpt>
    <trkpt lat="48.41050" lon="13.84766"><ele>607</ele><time>2022-07-02T13:17:08Z</time></trkpt>
    <trkpt lat="48.41118" lon="13.84778"><ele>608</ele><time>2022-07-02T13:17:27Z</time></trkpt>
    <trkpt lat="48.41138" lon="13.84833"><ele>614</ele><time>2022-07-02T13:17:46Z</time></trkpt>
    <trkpt lat="48.41150" lon="13.84890"><ele>613</ele><time>2022-07-02T13:18:05Z</time></trkpt>
    <trkpt lat="48.41199" lon="13.84986"><ele>601</ele><time>2022-07-02T13:18:23Z</time></trkpt>
    <trkpt lat="48.41246" lon="13.85073"><ele>600</ele><time>2022-07-02T13:18:42Z</time></trkpt>
    <trkpt lat="48.41231" lon="13.85149"><ele>605</ele><time>2022-07-02T13:19:39Z</time></trkpt>
    <trkpt lat="48.41213" lon="13.85201"><ele>610</ele><time>2022-07-02T13:19:57Z</time></trkpt>
    <trkpt lat="48.41225" lon="13.85287"><ele>601</ele><time>2022-07-02T13:20:16Z</time></trkpt>
    <trkpt lat="48.41204" lon="13.85344"><ele>602</ele><time>2022-07-02T13:20:35Z</time></trkpt>
    <trkpt lat="48.41172" lon="13.85379"><ele>600</ele><time>2022-07-02T13:20:53Z</time></trkpt>
    <trkpt lat="48.41141" lon="13.85413"><ele>605</ele><time>2022-07-02T13:21:11Z</time></trkpt>
    <trkpt lat="48.41138" lon="13.85463"><ele>600</ele><time>2022-07-02T13:21:30Z</time></trkpt>
    <trkpt lat="48.41141" lon="13.85516"><ele>599</ele><time>2022-07-02T13:21:48Z</time></trkpt>
    <trkpt lat="48.41129" lon="13.85572"><ele>614</ele><time>2022-07-02T13:22:07Z</time></trkpt>
    <trkpt lat="48.41114" lon="13.85622"><ele>607</ele><time>2022-07-02T13:22:25Z</time></trkpt>
    <trkpt lat="48.41104" lon="13.85586"><ele>617</ele><time>2022-07-02T13:22:43Z</time></trkpt>
    <trkpt lat="48.41092" lon="13.85547"><ele>600</ele><time>2022-07-02T13:23:01Z</time></trkpt>
    <trkpt lat="48.41082" lon="13.85517"><ele>600</ele><time>2022-07-02T13:23:19Z</time></trkpt>
    <trkpt lat="48.41079" lon="13.85484"><ele>619</ele><time>2022-07-02T13:23:38Z</time></trkpt>
    <trkpt lat="48.41059" lon="13.85458"><ele>622</ele><time>2022-07-02T13:23:57Z</time></trkpt>
    <trkpt lat="48.41029" lon="13.85453"><ele>624</ele><time>2022-07-02T13:24:16Z</time></trkpt>
    <trkpt lat="48.41006" lon="13.85446"><ele>574</ele><time>2022-07-02T13:24:34Z</time></trkpt>
    <trkpt lat="48.40992" lon="13.85425"><ele>632</ele><time>2022-07-02T13:24:53Z</time></trkpt>
    <trkpt lat="48.40982" lon="13.85396"><ele>627</ele><time>2022-07-02T13:25:11Z</time></trkpt>
    <trkpt lat="48.40962" lon="13.85370"><ele>626</ele><time>2022-07-02T13:25:30Z</time></trkpt>
    <trkpt lat="48.40934" lon="13.85332"><ele>620</ele><time>2022-07-02T13:25:48Z</time></trkpt>
    <trkpt lat="48.40866" lon="13.85321"><ele>603</ele><time>2022-07-02T13:26:07Z</time></trkpt>
    <trkpt lat="48.40835" lon="13.85425"><ele>602</ele><time>2022-07-02T13:26:25Z</time></trkpt>
    <trkpt lat="48.40811" lon="13.85533"><ele>616</ele><time>2022-07-02T13:26:44Z</time></trkpt>
    <trkpt lat="48.40777" lon="13.85641"><ele>618</ele><time>2022-07-02T13:27:02Z</time></trkpt>
    <trkpt lat="48.40763" lon="13.85752"><ele>618</ele><time>2022-07-02T13:27:21Z</time></trkpt>
    <trkpt lat="48.40722" lon="13.85829"><ele>622</ele><time>2022-07-02T13:27:40Z</time></trkpt>
    <trkpt lat="48.40696" lon="13.85910"><ele>621</ele><time>2022-07-02T13:27:59Z</time></trkpt>
    <trkpt lat="48.40671" lon="13.85986"><ele>620</ele><time>2022-07-02T13:28:17Z</time></trkpt>
    <trkpt lat="48.40667" lon="13.86004"><ele>608</ele><time>2022-07-02T13:28:36Z</time></trkpt>
    <trkpt lat="48.40658" lon="13.86007"><ele>622</ele><time>2022-07-02T13:36:50Z</time></trkpt>
    <trkpt lat="48.40629" lon="13.86086"><ele>596</ele><time>2022-07-02T13:37:09Z</time></trkpt>
    <trkpt lat="48.40605" lon="13.86173"><ele>622</ele><time>2022-07-02T13:37:28Z</time></trkpt>
    <trkpt lat="48.40569" lon="13.86254"><ele>616</ele><time>2022-07-02T13:37:47Z</time></trkpt>
    <trkpt lat="48.40508" lon="13.86341"><ele>630</ele><time>2022-07-02T13:38:06Z</time></trkpt>
    <trkpt lat="48.40453" lon="13.86478"><ele>633</ele><time>2022-07-02T13:38:25Z</time></trkpt>
    <trkpt lat="48.40375" lon="13.86575"><ele>628</ele><time>2022-07-02T13:38:43Z</time></trkpt>
    <trkpt lat="48.40285" lon="13.86655"><ele>622</ele><time>2022-07-02T13:39:02Z</time></trkpt>
    <trkpt lat="48.40286" lon="13.86721"><ele>627</ele><time>2022-07-02T13:39:20Z</time></trkpt>
    <trkpt lat="48.40292" lon="13.86711"><ele>627</ele><time>2022-07-02T13:39:40Z</time></trkpt>
    <trkpt lat="48.40235" lon="13.86703"><ele>617</ele><time>2022-07-02T13:39:58Z</time></trkpt>
    <trkpt lat="48.40076" lon="13.86724"><ele>612</ele><time>2022-07-02T13:40:17Z</time></trkpt>
    <trkpt lat="48.40079" lon="13.86817"><ele>617</ele><time>2022-07-02T13:40:35Z</time></trkpt>
    <trkpt lat="48.40114" lon="13.86882"><ele>618</ele><time>2022-07-02T13:40:54Z</time></trkpt>
    <trkpt lat="48.40145" lon="13.86931"><ele>619</ele><time>2022-07-02T13:41:12Z</time></trkpt>
    <trkpt lat="48.40144" lon="13.86974"><ele>625</ele><time>2022-07-02T13:41:31Z</time></trkpt>
    <trkpt lat="48.40093" lon="13.87041"><ele>626</ele><time>2022-07-02T13:41:50Z</time></trkpt>
    <trkpt lat="48.40043" lon="13.87082"><ele>628</ele><time>2022-07-02T13:42:09Z</time></trkpt>
    <trkpt lat="48.39985" lon="13.87090"><ele>627</ele><time>2022-07-02T13:42:28Z</time></trkpt>
    <trkpt lat="48.39939" lon="13.87108"><ele>628</ele><time>2022-07-02T13:42:46Z</time></trkpt>
    <trkpt lat="48.39933" lon="13.87142"><ele>630</ele><time>2022-07-02T13:43:05Z</time></trkpt>
    <trkpt lat="48.39959" lon="13.87185"><ele>633</ele><time>2022-07-02T13:43:23Z</time></trkpt>
    <trkpt lat="48.39979" lon="13.87225"><ele>636</ele><time>2022-07-02T13:43:41Z</time></trkpt>
    <trkpt lat="48.39959" lon="13.87252"><ele>638</ele><time>2022-07-02T13:43:59Z</time></trkpt>
    <trkpt lat="48.39936" lon="13.87280"><ele>642</ele><time>2022-07-02T13:44:18Z</time></trkpt>
    <trkpt lat="48.39930" lon="13.87296"><ele>640</ele><time>2022-07-02T13:44:36Z</time></trkpt>
    <trkpt lat="48.39919" lon="13.87291"><ele>640</ele><time>2022-07-02T13:50:56Z</time></trkpt>
    <trkpt lat="48.39837" lon="13.87202"><ele>626</ele><time>2022-07-02T13:51:14Z</time></trkpt>
    <trkpt lat="48.39779" lon="13.87254"><ele>595</ele><time>2022-07-02T13:51:33Z</time></trkpt>
    <trkpt lat="48.39750" lon="13.87325"><ele>621</ele><time>2022-07-02T13:51:51Z</time></trkpt>
    <trkpt lat="48.39750" lon="13.87346"><ele>624</ele><time>2022-07-02T13:52:09Z</time></trkpt>
    <trkpt lat="48.39749" lon="13.87375"><ele>624</ele><time>2022-07-02T13:52:28Z</time></trkpt>
    <trkpt lat="48.39752" lon="13.87322"><ele>626</ele><time>2022-07-02T13:52:47Z</time></trkpt>
    <trkpt lat="48.39735" lon="13.87247"><ele>623</ele><time>2022-07-02T13:53:06Z</time></trkpt>
    <trkpt lat="48.39673" lon="13.87153"><ele>614</ele><time>2022-07-02T13:53:24Z</time></trkpt>
    <trkpt lat="48.39627" lon="13.87227"><ele>614</ele><time>2022-07-02T13:53:43Z</time></trkpt>
    <trkpt lat="48.39596" lon="13.87344"><ele>609</ele><time>2022-07-02T13:54:01Z</time></trkpt>
    <trkpt lat="48.39532" lon="13.87428"><ele>613</ele><time>2022-07-02T13:54:20Z</time></trkpt>
    <trkpt lat="48.39456" lon="13.87399"><ele>617</ele><time>2022-07-02T13:54:39Z</time></trkpt>
    <trkpt lat="48.39393" lon="13.87394"><ele>618</ele><time>2022-07-02T13:54:57Z</time></trkpt>
    <trkpt lat="48.39329" lon="13.87419"><ele>618</ele><time>2022-07-02T13:55:16Z</time></trkpt>
    <trkpt lat="48.39233" lon="13.87490"><ele>614</ele><time>2022-07-02T13:55:35Z</time></trkpt>
    <trkpt lat="48.39218" lon="13.87516"><ele>613</ele><time>2022-07-02T13:55:54Z</time></trkpt>
    <trkpt lat="48.39173" lon="13.87382"><ele>605</ele><time>2022-07-02T13:56:13Z</time></trkpt>
    <trkpt lat="48.39129" lon="13.87204"><ele>604</ele><time>2022-07-02T13:56:32Z</time></trkpt>
    <trkpt lat="48.39055" lon="13.87020"><ele>597</ele><time>2022-07-02T13:56:50Z</time></trkpt>
    <trkpt lat="48.38970" lon="13.86744"><ele>585</ele><time>2022-07-02T13:57:09Z</time></trkpt>
    <trkpt lat="48.38899" lon="13.86534"><ele>577</ele><time>2022-07-02T13:57:27Z</time></trkpt>
    <trkpt lat="48.38867" lon="13.86410"><ele>573</ele><time>2022-07-02T13:57:46Z</time></trkpt>
    <trkpt lat="48.38806" lon="13.86260"><ele>552</ele><time>2022-07-02T13:58:25Z</time></trkpt>
    <trkpt lat="48.38785" lon="13.86166"><ele>566</ele><time>2022-07-02T13:58:44Z</time></trkpt>
    <trkpt lat="48.38774" lon="13.86117"><ele>552</ele><time>2022-07-02T13:59:02Z</time></trkpt>
    <trkpt lat="48.38754" lon="13.86110"><ele>554</ele><time>2022-07-02T13:59:21Z</time></trkpt>
    <trkpt lat="48.38693" lon="13.86200"><ele>550</ele><time>2022-07-02T13:59:39Z</time></trkpt>
    <trkpt lat="48.38661" lon="13.86274"><ele>560</ele><time>2022-07-02T13:59:58Z</time></trkpt>
    <trkpt lat="48.38697" lon="13.86197"><ele>555</ele><time>2022-07-02T14:00:16Z</time></trkpt>
    <trkpt lat="48.38686" lon="13.86097"><ele>553</ele><time>2022-07-02T14:00:35Z</time></trkpt>
    <trkpt lat="48.38573" lon="13.85987"><ele>544</ele><time>2022-07-02T14:00:54Z</time></trkpt>
    <trkpt lat="48.38449" lon="13.86033"><ele>538</ele><time>2022-07-02T14:01:13Z</time></trkpt>
    <trkpt lat="48.38348" lon="13.86064"><ele>535</ele><time>2022-07-02T14:01:31Z</time></trkpt>
    <trkpt lat="48.38264" lon="13.86116"><ele>534</ele><time>2022-07-02T14:01:49Z</time></trkpt>
    <trkpt lat="48.38178" lon="13.86174"><ele>531</ele><time>2022-07-02T14:02:08Z</time></trkpt>
    <trkpt lat="48.38119" lon="13.86260"><ele>528</ele><time>2022-07-02T14:02:27Z</time></trkpt>
    <trkpt lat="48.38051" lon="13.86210"><ele>522</ele><time>2022-07-02T14:02:46Z</time></trkpt>
    <trkpt lat="48.37951" lon="13.86150"><ele>521</ele><time>2022-07-02T14:03:05Z</time></trkpt>
    <trkpt lat="48.37834" lon="13.86157"><ele>508</ele><time>2022-07-02T14:03:23Z</time></trkpt>
    <trkpt lat="48.37772" lon="13.86215"><ele>505</ele><time>2022-07-02T14:03:42Z</time></trkpt>
    <trkpt lat="48.37689" lon="13.86262"><ele>533</ele><time>2022-07-02T14:04:00Z</time></trkpt>
    <trkpt lat="48.37644" lon="13.86287"><ele>504</ele><time>2022-07-02T14:04:19Z</time></trkpt>
    <trkpt lat="48.37640" lon="13.86300"><ele>491</ele><time>2022-07-02T14:05:04Z</time></trkpt>
    <trkpt lat="48.37618" lon="13.86356"><ele>487</ele><time>2022-07-02T14:05:22Z</time></trkpt>
    <trkpt lat="48.37589" lon="13.86445"><ele>564</ele><time>2022-07-02T14:05:41Z</time></trkpt>
    <trkpt lat="48.37571" lon="13.86529"><ele>517</ele><time>2022-07-02T14:06:00Z</time></trkpt>
    <trkpt lat="48.37539" lon="13.86568"><ele>495</ele><time>2022-07-02T14:06:19Z</time></trkpt>
    <trkpt lat="48.37508" lon="13.86571"><ele>546</ele><time>2022-07-02T14:06:37Z</time></trkpt>
    <trkpt lat="48.37495" lon="13.86569"><ele>473</ele><time>2022-07-02T14:06:56Z</time></trkpt>
    <trkpt lat="48.37441" lon="13.86530"><ele>482</ele><time>2022-07-02T14:07:14Z</time></trkpt>
    <trkpt lat="48.37402" lon="13.86460"><ele>450</ele><time>2022-07-02T14:07:33Z</time></trkpt>
    <trkpt lat="48.37339" lon="13.86443"><ele>567</ele><time>2022-07-02T14:07:52Z</time></trkpt>
    <trkpt lat="48.37282" lon="13.86460"><ele>449</ele><time>2022-07-02T14:08:11Z</time></trkpt>
    <trkpt lat="48.37263" lon="13.86460"><ele>448</ele><time>2022-07-02T14:08:30Z</time></trkpt>
    <trkpt lat="48.37188" lon="13.86466"><ele>406</ele><time>2022-07-02T14:09:08Z</time></trkpt>
    <trkpt lat="48.37087" lon="13.86439"><ele>406</ele><time>2022-07-02T14:09:26Z</time></trkpt>
    <trkpt lat="48.36955" lon="13.86344"><ele>391</ele><time>2022-07-02T14:09:45Z</time></trkpt>
    <trkpt lat="48.36826" lon="13.86299"><ele>404</ele><time>2022-07-02T14:10:03Z</time></trkpt>
    <trkpt lat="48.36831" lon="13.86434"><ele>382</ele><time>2022-07-02T14:10:51Z</time></trkpt>
    <trkpt lat="48.36822" lon="13.86529"><ele>385</ele><time>2022-07-02T14:11:10Z</time></trkpt>
    <trkpt lat="48.36813" lon="13.86609"><ele>388</ele><time>2022-07-02T14:11:29Z</time></trkpt>
    <trkpt lat="48.36812" lon="13.86673"><ele>390</ele><time>2022-07-02T14:11:47Z</time></trkpt>
    <trkpt lat="48.36821" lon="13.86698"><ele>390</ele><time>2022-07-02T14:12:05Z</time></trkpt>
    <trkpt lat="48.36778" lon="13.86632"><ele>384</ele><time>2022-07-02T14:13:56Z</time></trkpt>
    <trkpt lat="48.36617" lon="13.86567"><ele>406</ele><time>2022-07-02T14:14:15Z</time></trkpt>
    <trkpt lat="48.36507" lon="13.86512"><ele>366</ele><time>2022-07-02T14:14:34Z</time></trkpt>
    <trkpt lat="48.36469" lon="13.86599"><ele>388</ele><time>2022-07-02T14:14:53Z</time></trkpt>
    <trkpt lat="48.36466" lon="13.86621"><ele>369</ele><time>2022-07-02T14:15:11Z</time></trkpt>
    <trkpt lat="48.36464" lon="13.86607"><ele>369</ele><time>2022-07-02T14:16:07Z</time></trkpt>
    <trkpt lat="48.36408" lon="13.86643"><ele>369</ele><time>2022-07-02T14:16:25Z</time></trkpt>
    <trkpt lat="48.36334" lon="13.86677"><ele>363</ele><time>2022-07-02T14:16:43Z</time></trkpt>
    <trkpt lat="48.36251" lon="13.86749"><ele>366</ele><time>2022-07-02T14:17:01Z</time></trkpt>
    <trkpt lat="48.36188" lon="13.86759"><ele>366</ele><time>2022-07-02T14:17:20Z</time></trkpt>
    <trkpt lat="48.36066" lon="13.86651"><ele>358</ele><time>2022-07-02T14:17:39Z</time></trkpt>
    <trkpt lat="48.36012" lon="13.86595"><ele>361</ele><time>2022-07-02T14:17:58Z</time></trkpt>
    <trkpt lat="48.35935" lon="13.86632"><ele>353</ele><time>2022-07-02T14:18:16Z</time></trkpt>
    <trkpt lat="48.35887" lon="13.86732"><ele>359</ele><time>2022-07-02T14:18:35Z</time></trkpt>
    <trkpt lat="48.35844" lon="13.86838"><ele>365</ele><time>2022-07-02T14:18:54Z</time></trkpt>
    <trkpt lat="48.35794" lon="13.86927"><ele>362</ele><time>2022-07-02T14:19:12Z</time></trkpt>
    <trkpt lat="48.35727" lon="13.87013"><ele>370</ele><time>2022-07-02T14:19:30Z</time></trkpt>
    <trkpt lat="48.35662" lon="13.87107"><ele>354</ele><time>2022-07-02T14:19:49Z</time></trkpt>
    <trkpt lat="48.35607" lon="13.87192"><ele>358</ele><time>2022-07-02T14:20:07Z</time></trkpt>
    <trkpt lat="48.35569" lon="13.87312"><ele>355</ele><time>2022-07-02T14:20:26Z</time></trkpt>
    <trkpt lat="48.35538" lon="13.87424"><ele>352</ele><time>2022-07-02T14:20:44Z</time></trkpt>
    <trkpt lat="48.35527" lon="13.87561"><ele>355</ele><time>2022-07-02T14:21:03Z</time></trkpt>
    <trkpt lat="48.35497" lon="13.87683"><ele>360</ele><time>2022-07-02T14:21:21Z</time></trkpt>
    <trkpt lat="48.35441" lon="13.87774"><ele>359</ele><time>2022-07-02T14:21:40Z</time></trkpt>
    <trkpt lat="48.35362" lon="13.87888"><ele>374</ele><time>2022-07-02T14:21:59Z</time></trkpt>
    <trkpt lat="48.35307" lon="13.87986"><ele>352</ele><time>2022-07-02T14:22:17Z</time></trkpt>
    <trkpt lat="48.35250" lon="13.88081"><ele>356</ele><time>2022-07-02T14:22:36Z</time></trkpt>
    <trkpt lat="48.35172" lon="13.88163"><ele>354</ele><time>2022-07-02T14:22:55Z</time></trkpt>
    <trkpt lat="48.35112" lon="13.88247"><ele>356</ele><time>2022-07-02T14:23:13Z</time></trkpt>
    <trkpt lat="48.35073" lon="13.88352"><ele>358</ele><time>2022-07-02T14:23:32Z</time></trkpt>
    <trkpt lat="48.35055" lon="13.88467"><ele>354</ele><time>2022-07-02T14:23:51Z</time></trkpt>
    <trkpt lat="48.35035" lon="13.88529"><ele>355</ele><time>2022-07-02T14:24:09Z</time></trkpt>
    <trkpt lat="48.35061" lon="13.88451"><ele>349</ele><time>2022-07-02T14:24:51Z</time></trkpt>
    <trkpt lat="48.35073" lon="13.88366"><ele>351</ele><time>2022-07-02T14:25:09Z</time></trkpt>
    <trkpt lat="48.35075" lon="13.88342"><ele>358</ele><time>2022-07-02T14:25:27Z</time></trkpt>
    <trkpt lat="48.35111" lon="13.88250"><ele>355</ele><time>2022-07-02T14:25:45Z</time></trkpt>
    <trkpt lat="48.35149" lon="13.88189"><ele>351</ele><time>2022-07-02T14:26:04Z</time></trkpt>
    <trkpt lat="48.35188" lon="13.88142"><ele>358</ele><time>2022-07-02T14:26:22Z</time></trkpt>
    <trkpt lat="48.35246" lon="13.88085"><ele>349</ele><time>2022-07-02T14:26:40Z</time></trkpt>
    <trkpt lat="48.35310" lon="13.87981"><ele>349</ele><time>2022-07-02T14:26:58Z</time></trkpt>
    <trkpt lat="48.35386" lon="13.87850"><ele>353</ele><time>2022-07-02T14:27:17Z</time></trkpt>
    <trkpt lat="48.35452" lon="13.87742"><ele>376</ele><time>2022-07-02T14:27:35Z</time></trkpt>
    <trkpt lat="48.35520" lon="13.87603"><ele>352</ele><time>2022-07-02T14:27:53Z</time></trkpt>
    <trkpt lat="48.35536" lon="13.87439"><ele>354</ele><time>2022-07-02T14:28:12Z</time></trkpt>
    <trkpt lat="48.35575" lon="13.87290"><ele>352</ele><time>2022-07-02T14:28:31Z</time></trkpt>
    <trkpt lat="48.35630" lon="13.87161"><ele>354</ele><time>2022-07-02T14:28:49Z</time></trkpt>
    <trkpt lat="48.35700" lon="13.87052"><ele>365</ele><time>2022-07-02T14:29:07Z</time></trkpt>
    <trkpt lat="48.35662" lon="13.86935"><ele>360</ele><time>2022-07-02T14:29:25Z</time></trkpt>
    <trkpt lat="48.35550" lon="13.86888"><ele>353</ele><time>2022-07-02T14:29:44Z</time></trkpt>
    <trkpt lat="48.35477" lon="13.86805"><ele>353</ele><time>2022-07-02T14:30:03Z</time></trkpt>
    <trkpt lat="48.35414" lon="13.86720"><ele>349</ele><time>2022-07-02T14:30:21Z</time></trkpt>
    <trkpt lat="48.35389" lon="13.86608"><ele>353</ele><time>2022-07-02T14:30:40Z</time></trkpt>
    <trkpt lat="48.35386" lon="13.86575"><ele>357</ele><time>2022-07-02T14:30:58Z</time></trkpt>
    <trkpt lat="48.35355" lon="13.86596"><ele>357</ele><time>2022-07-02T14:31:17Z</time></trkpt>
    <trkpt lat="48.35304" lon="13.86651"><ele>356</ele><time>2022-07-02T14:31:35Z</time></trkpt>
    <trkpt lat="48.35340" lon="13.86562"><ele>357</ele><time>2022-07-02T14:31:54Z</time></trkpt>
    <trkpt lat="48.35346" lon="13.86423"><ele>356</ele><time>2022-07-02T14:32:12Z</time></trkpt>
    <trkpt lat="48.35350" lon="13.86288"><ele>395</ele><time>2022-07-02T14:32:30Z</time></trkpt>
    <trkpt lat="48.35354" lon="13.86156"><ele>356</ele><time>2022-07-02T14:32:48Z</time></trkpt>
    <trkpt lat="48.35356" lon="13.86023"><ele>356</ele><time>2022-07-02T14:33:07Z</time></trkpt>
    <trkpt lat="48.35361" lon="13.85898"><ele>358</ele><time>2022-07-02T14:33:26Z</time></trkpt>
    <trkpt lat="48.35363" lon="13.85778"><ele>366</ele><time>2022-07-02T14:33:45Z</time></trkpt>
    <trkpt lat="48.35367" lon="13.85674"><ele>357</ele><time>2022-07-02T14:34:03Z</time></trkpt>
    <trkpt lat="48.35370" lon="13.85568"><ele>357</ele><time>2022-07-02T14:34:21Z</time></trkpt>
    <trkpt lat="48.35372" lon="13.85442"><ele>355</ele><time>2022-07-02T14:34:40Z</time></trkpt>
    <trkpt lat="48.35381" lon="13.85313"><ele>377</ele><time>2022-07-02T14:34:59Z</time></trkpt>
    <trkpt lat="48.35418" lon="13.85189"><ele>365</ele><time>2022-07-02T14:35:18Z</time></trkpt>
    <trkpt lat="48.35470" lon="13.85088"><ele>357</ele><time>2022-07-02T14:35:36Z</time></trkpt>
    <trkpt lat="48.35494" lon="13.85029"><ele>360</ele><time>2022-07-02T14:35:55Z</time></trkpt>
    <trkpt lat="48.35421" lon="13.84954"><ele>356</ele><time>2022-07-02T14:36:39Z</time></trkpt>
    <trkpt lat="48.35365" lon="13.84829"><ele>357</ele><time>2022-07-02T14:36:58Z</time></trkpt>
    <trkpt lat="48.35299" lon="13.84725"><ele>359</ele><time>2022-07-02T14:37:17Z</time></trkpt>
    <trkpt lat="48.35232" lon="13.84664"><ele>360</ele><time>2022-07-02T14:37:35Z</time></trkpt>
    <trkpt lat="48.35173" lon="13.84604"><ele>367</ele><time>2022-07-02T14:37:54Z</time></trkpt>
    <trkpt lat="48.35133" lon="13.84532"><ele>368</ele><time>2022-07-02T14:38:13Z</time></trkpt>
    <trkpt lat="48.35120" lon="13.84501"><ele>370</ele><time>2022-07-02T14:38:32Z</time></trkpt>
    <trkpt lat="48.35064" lon="13.84521"><ele>374</ele><time>2022-07-02T14:50:56Z</time></trkpt>
    <trkpt lat="48.35004" lon="13.84567"><ele>377</ele><time>2022-07-02T14:51:15Z</time></trkpt>
    <trkpt lat="48.34914" lon="13.84598"><ele>376</ele><time>2022-07-02T14:51:34Z</time></trkpt>
    <trkpt lat="48.34829" lon="13.84608"><ele>375</ele><time>2022-07-02T14:51:52Z</time></trkpt>
    <trkpt lat="48.34763" lon="13.84639"><ele>382</ele><time>2022-07-02T14:52:11Z</time></trkpt>
    <trkpt lat="48.34711" lon="13.84703"><ele>382</ele><time>2022-07-02T14:52:30Z</time></trkpt>
    <trkpt lat="48.34671" lon="13.84776"><ele>382</ele><time>2022-07-02T14:52:49Z</time></trkpt>
    <trkpt lat="48.34625" lon="13.84860"><ele>394</ele><time>2022-07-02T14:53:07Z</time></trkpt>
    <trkpt lat="48.34569" lon="13.84956"><ele>384</ele><time>2022-07-02T14:53:26Z</time></trkpt>
    <trkpt lat="48.34580" lon="13.85040"><ele>382</ele><time>2022-07-02T14:53:44Z</time></trkpt>
    <trkpt lat="48.34656" lon="13.85133"><ele>376</ele><time>2022-07-02T14:54:02Z</time></trkpt>
    <trkpt lat="48.34719" lon="13.85208"><ele>377</ele><time>2022-07-02T14:54:21Z</time></trkpt>
    <trkpt lat="48.34757" lon="13.85271"><ele>376</ele><time>2022-07-02T14:54:40Z</time></trkpt>
    <trkpt lat="48.34750" lon="13.85352"><ele>377</ele><time>2022-07-02T14:54:58Z</time></trkpt>
    <trkpt lat="48.34718" lon="13.85426"><ele>380</ele><time>2022-07-02T14:55:17Z</time></trkpt>
    <trkpt lat="48.34684" lon="13.85503"><ele>379</ele><time>2022-07-02T14:55:36Z</time></trkpt>
    <trkpt lat="48.34653" lon="13.85579"><ele>381</ele><time>2022-07-02T14:55:54Z</time></trkpt>
    <trkpt lat="48.34616" lon="13.85669"><ele>375</ele><time>2022-07-02T14:56:13Z</time></trkpt>
    <trkpt lat="48.34563" lon="13.85769"><ele>370</ele><time>2022-07-02T14:56:32Z</time></trkpt>
    <trkpt lat="48.34504" lon="13.85881"><ele>364</ele><time>2022-07-02T14:56:51Z</time></trkpt>
    <trkpt lat="48.34475" lon="13.85932"><ele>363</ele><time>2022-07-02T14:57:09Z</time></trkpt>
    <trkpt lat="48.34469" lon="13.85946"><ele>363</ele><time>2022-07-02T14:57:45Z</time></trkpt>
    <trkpt lat="48.34429" lon="13.86052"><ele>359</ele><time>2022-07-02T14:58:03Z</time></trkpt>
    <trkpt lat="48.34379" lon="13.86186"><ele>357</ele><time>2022-07-02T14:58:22Z</time></trkpt>
    <trkpt lat="48.34343" lon="13.86293"><ele>359</ele><time>2022-07-02T14:58:40Z</time></trkpt>
    <trkpt lat="48.34334" lon="13.86337"><ele>358</ele><time>2022-07-02T14:58:59Z</time></trkpt>
    <trkpt lat="48.34346" lon="13.86373"><ele>355</ele><time>2022-07-02T14:59:17Z</time></trkpt>
    <trkpt lat="48.34410" lon="13.86425"><ele>357</ele><time>2022-07-02T14:59:36Z</time></trkpt>
    <trkpt lat="48.34468" lon="13.86490"><ele>364</ele><time>2022-07-02T14:59:54Z</time></trkpt>
    <trkpt lat="48.34527" lon="13.86543"><ele>354</ele><time>2022-07-02T15:00:12Z</time></trkpt>
    <trkpt lat="48.34577" lon="13.86624"><ele>356</ele><time>2022-07-02T15:00:30Z</time></trkpt>
    <trkpt lat="48.34641" lon="13.86720"><ele>372</ele><time>2022-07-02T15:00:49Z</time></trkpt>
    <trkpt lat="48.34703" lon="13.86798"><ele>354</ele><time>2022-07-02T15:01:08Z</time></trkpt>
    <trkpt lat="48.34655" lon="13.86885"><ele>356</ele><time>2022-07-02T15:01:26Z</time></trkpt>
    <trkpt lat="48.34615" lon="13.87000"><ele>352</ele><time>2022-07-02T15:01:44Z</time></trkpt>
    <trkpt lat="48.34562" lon="13.87110"><ele>356</ele><time>2022-07-02T15:02:03Z</time></trkpt>
    <trkpt lat="48.34476" lon="13.87165"><ele>355</ele><time>2022-07-02T15:02:22Z</time></trkpt>
    <trkpt lat="48.34402" lon="13.87159"><ele>361</ele><time>2022-07-02T15:02:40Z</time></trkpt>
    <trkpt lat="48.34439" lon="13.87272"><ele>354</ele><time>2022-07-02T15:03:51Z</time></trkpt>
    <trkpt lat="48.34486" lon="13.87392"><ele>354</ele><time>2022-07-02T15:04:10Z</time></trkpt>
    <trkpt lat="48.34528" lon="13.87508"><ele>357</ele><time>2022-07-02T15:04:29Z</time></trkpt>
    <trkpt lat="48.34512" lon="13.87589"><ele>360</ele><time>2022-07-02T15:04:47Z</time></trkpt>
    <trkpt lat="48.34450" lon="13.87670"><ele>428</ele><time>2022-07-02T15:05:05Z</time></trkpt>
    <trkpt lat="48.34405" lon="13.87779"><ele>361</ele><time>2022-07-02T15:05:24Z</time></trkpt>
    <trkpt lat="48.34366" lon="13.87880"><ele>362</ele><time>2022-07-02T15:05:42Z</time></trkpt>
    <trkpt lat="48.34320" lon="13.87978"><ele>355</ele><time>2022-07-02T15:06:01Z</time></trkpt>
    <trkpt lat="48.34274" lon="13.88070"><ele>359</ele><time>2022-07-02T15:06:20Z</time></trkpt>
    <trkpt lat="48.34222" lon="13.88158"><ele>362</ele><time>2022-07-02T15:06:39Z</time></trkpt>
    <trkpt lat="48.34182" lon="13.88250"><ele>358</ele><time>2022-07-02T15:06:57Z</time></trkpt>
    <trkpt lat="48.34203" lon="13.88325"><ele>361</ele><time>2022-07-02T15:07:16Z</time></trkpt>
    <trkpt lat="48.34217" lon="13.88385"><ele>365</ele><time>2022-07-02T15:07:34Z</time></trkpt>
    <trkpt lat="48.34210" lon="13.88443"><ele>374</ele><time>2022-07-02T15:07:53Z</time></trkpt>
    <trkpt lat="48.34216" lon="13.88497"><ele>376</ele><time>2022-07-02T15:08:11Z</time></trkpt>
    <trkpt lat="48.34208" lon="13.88553"><ele>376</ele><time>2022-07-02T15:08:30Z</time></trkpt>
    <trkpt lat="48.34204" lon="13.88611"><ele>380</ele><time>2022-07-02T15:08:49Z</time></trkpt>
    <trkpt lat="48.34209" lon="13.88674"><ele>381</ele><time>2022-07-02T15:09:08Z</time></trkpt>
    <trkpt lat="48.34212" lon="13.88745"><ele>385</ele><time>2022-07-02T15:09:27Z</time></trkpt>
    <trkpt lat="48.34204" lon="13.88779"><ele>433</ele><time>2022-07-02T15:09:46Z</time></trkpt>
    <trkpt lat="48.34199" lon="13.88792"><ele>389</ele><time>2022-07-02T15:10:06Z</time></trkpt>
    <trkpt lat="48.34161" lon="13.88857"><ele>391</ele><time>2022-07-02T15:10:24Z</time></trkpt>
    <trkpt lat="48.34148" lon="13.88902"><ele>390</ele><time>2022-07-02T15:10:43Z</time></trkpt>
    <trkpt lat="48.34171" lon="13.88959"><ele>389</ele><time>2022-07-02T15:11:01Z</time></trkpt>
    <trkpt lat="48.34210" lon="13.89063"><ele>385</ele><time>2022-07-02T15:11:20Z</time></trkpt>
    <trkpt lat="48.34294" lon="13.89296"><ele>371</ele><time>2022-07-02T15:11:38Z</time></trkpt>
    <trkpt lat="48.34341" lon="13.89473"><ele>366</ele><time>2022-07-02T15:11:57Z</time></trkpt>
    <trkpt lat="48.34256" lon="13.89523"><ele>417</ele><time>2022-07-02T15:12:15Z</time></trkpt>
    <trkpt lat="48.34162" lon="13.89563"><ele>375</ele><time>2022-07-02T15:12:34Z</time></trkpt>
    <trkpt lat="48.34079" lon="13.89594"><ele>402</ele><time>2022-07-02T15:12:52Z</time></trkpt>
    <trkpt lat="48.34003" lon="13.89589"><ele>369</ele><time>2022-07-02T15:13:10Z</time></trkpt>
    <trkpt lat="48.33926" lon="13.89596"><ele>368</ele><time>2022-07-02T15:13:29Z</time></trkpt>
    <trkpt lat="48.33864" lon="13.89675"><ele>367</ele><time>2022-07-02T15:13:47Z</time></trkpt>
    <trkpt lat="48.33794" lon="13.89744"><ele>370</ele><time>2022-07-02T15:14:06Z</time></trkpt>
    <trkpt lat="48.33716" lon="13.89810"><ele>367</ele><time>2022-07-02T15:14:24Z</time></trkpt>
    <trkpt lat="48.33653" lon="13.89762"><ele>365</ele><time>2022-07-02T15:14:42Z</time></trkpt>
    <trkpt lat="48.33568" lon="13.89784"><ele>363</ele><time>2022-07-02T15:15:01Z</time></trkpt>
    <trkpt lat="48.33552" lon="13.89912"><ele>358</ele><time>2022-07-02T15:15:20Z</time></trkpt>
    <trkpt lat="48.33562" lon="13.90035"><ele>361</ele><time>2022-07-02T15:15:38Z</time></trkpt>
    <trkpt lat="48.33575" lon="13.90151"><ele>363</ele><time>2022-07-02T15:15:56Z</time></trkpt>
    <trkpt lat="48.33597" lon="13.90258"><ele>370</ele><time>2022-07-02T15:16:15Z</time></trkpt>
    <trkpt lat="48.33554" lon="13.90286"><ele>369</ele><time>2022-07-02T15:16:33Z</time></trkpt>
    <trkpt lat="48.33521" lon="13.90307"><ele>376</ele><time>2022-07-02T15:16:51Z</time></trkpt>
    <trkpt lat="48.33488" lon="13.90323"><ele>378</ele><time>2022-07-02T15:17:09Z</time></trkpt>
    <trkpt lat="48.33454" lon="13.90358"><ele>379</ele><time>2022-07-02T15:17:27Z</time></trkpt>
    <trkpt lat="48.33396" lon="13.90430"><ele>392</ele><time>2022-07-02T15:17:46Z</time></trkpt>
    <trkpt lat="48.33366" lon="13.90463"><ele>384</ele><time>2022-07-02T15:18:04Z</time></trkpt>
    <trkpt lat="48.33302" lon="13.90532"><ele>378</ele><time>2022-07-02T15:18:22Z</time></trkpt>
    <trkpt lat="48.33234" lon="13.90565"><ele>377</ele><time>2022-07-02T15:18:41Z</time></trkpt>
    <trkpt lat="48.33192" lon="13.90566"><ele>380</ele><time>2022-07-02T15:19:00Z</time></trkpt>
    <trkpt lat="48.33166" lon="13.90602"><ele>499</ele><time>2022-07-02T15:19:18Z</time></trkpt>
    <trkpt lat="48.33154" lon="13.90655"><ele>394</ele><time>2022-07-02T15:19:37Z</time></trkpt>
    <trkpt lat="48.33105" lon="13.90726"><ele>387</ele><time>2022-07-02T15:19:56Z</time></trkpt>
    <trkpt lat="48.33036" lon="13.90826"><ele>372</ele><time>2022-07-02T15:20:15Z</time></trkpt>
    <trkpt lat="48.32995" lon="13.90905"><ele>372</ele><time>2022-07-02T15:20:33Z</time></trkpt>
    <trkpt lat="48.32954" lon="13.90982"><ele>370</ele><time>2022-07-02T15:20:52Z</time></trkpt>
    <trkpt lat="48.32917" lon="13.91072"><ele>367</ele><time>2022-07-02T15:21:11Z</time></trkpt>
    <trkpt lat="48.32866" lon="13.91160"><ele>363</ele><time>2022-07-02T15:21:29Z</time></trkpt>
    <trkpt lat="48.32778" lon="13.91257"><ele>360</ele><time>2022-07-02T15:21:48Z</time></trkpt>
    <trkpt lat="48.32722" lon="13.91330"><ele>361</ele><time>2022-07-02T15:22:07Z</time></trkpt>
    <trkpt lat="48.32692" lon="13.91417"><ele>392</ele><time>2022-07-02T15:22:25Z</time></trkpt>
    <trkpt lat="48.32661" lon="13.91450"><ele>363</ele><time>2022-07-02T15:22:44Z</time></trkpt>
    <trkpt lat="48.32607" lon="13.91458"><ele>361</ele><time>2022-07-02T15:23:02Z</time></trkpt>
    <trkpt lat="48.32562" lon="13.91545"><ele>364</ele><time>2022-07-02T15:23:20Z</time></trkpt>
    <trkpt lat="48.32531" lon="13.91643"><ele>404</ele><time>2022-07-02T15:23:38Z</time></trkpt>
    <trkpt lat="48.32524" lon="13.91653"><ele>427</ele><time>2022-07-02T15:23:57Z</time></trkpt>
    <trkpt lat="48.32486" lon="13.91586"><ele>376</ele><time>2022-07-02T15:24:16Z</time></trkpt>
    <trkpt lat="48.32426" lon="13.91606"><ele>365</ele><time>2022-07-02T15:24:35Z</time></trkpt>
    <trkpt lat="48.32388" lon="13.91660"><ele>365</ele><time>2022-07-02T15:24:54Z</time></trkpt>
    <trkpt lat="48.32335" lon="13.91719"><ele>366</ele><time>2022-07-02T15:25:12Z</time></trkpt>
    <trkpt lat="48.32277" lon="13.91794"><ele>368</ele><time>2022-07-02T15:25:30Z</time></trkpt>
    <trkpt lat="48.32233" lon="13.91880"><ele>368</ele><time>2022-07-02T15:25:49Z</time></trkpt>
    <trkpt lat="48.32191" lon="13.91968"><ele>368</ele><time>2022-07-02T15:26:07Z</time></trkpt>
    <trkpt lat="48.32141" lon="13.92054"><ele>428</ele><time>2022-07-02T15:26:26Z</time></trkpt>
    <trkpt lat="48.32084" lon="13.92111"><ele>379</ele><time>2022-07-02T15:26:44Z</time></trkpt>
    <trkpt lat="48.32042" lon="13.92183"><ele>370</ele><time>2022-07-02T15:27:03Z</time></trkpt>
    <trkpt lat="48.32003" lon="13.92252"><ele>370</ele><time>2022-07-02T15:27:21Z</time></trkpt>
    <trkpt lat="48.31962" lon="13.92319"><ele>369</ele><time>2022-07-02T15:27:40Z</time></trkpt>
    <trkpt lat="48.31929" lon="13.92378"><ele>370</ele><time>2022-07-02T15:27:58Z</time></trkpt>
    <trkpt lat="48.31891" lon="13.92440"><ele>370</ele><time>2022-07-02T15:28:16Z</time></trkpt>
    <trkpt lat="48.31851" lon="13.92506"><ele>372</ele><time>2022-07-02T15:28:35Z</time></trkpt>
    <trkpt lat="48.31828" lon="13.92580"><ele>372</ele><time>2022-07-02T15:28:53Z</time></trkpt>
    <trkpt lat="48.31817" lon="13.92671"><ele>373</ele><time>2022-07-02T15:29:12Z</time></trkpt>
    <trkpt lat="48.31806" lon="13.92756"><ele>377</ele><time>2022-07-02T15:29:31Z</time></trkpt>
    <trkpt lat="48.31795" lon="13.92841"><ele>381</ele><time>2022-07-02T15:29:50Z</time></trkpt>
    <trkpt lat="48.31806" lon="13.92921"><ele>375</ele><time>2022-07-02T15:30:08Z</time></trkpt>
    <trkpt lat="48.31793" lon="13.92982"><ele>379</ele><time>2022-07-02T15:30:27Z</time></trkpt>
    <trkpt lat="48.31754" lon="13.92978"><ele>379</ele><time>2022-07-02T15:30:46Z</time></trkpt>
    <trkpt lat="48.31699" lon="13.92951"><ele>416</ele><time>2022-07-02T15:31:04Z</time></trkpt>
    <trkpt lat="48.31634" lon="13.92925"><ele>379</ele><time>2022-07-02T15:31:22Z</time></trkpt>
    <trkpt lat="48.31548" lon="13.92867"><ele>377</ele><time>2022-07-02T15:31:41Z</time></trkpt>
    <trkpt lat="48.31492" lon="13.92895"><ele>379</ele><time>2022-07-02T15:32:00Z</time></trkpt>
    <trkpt lat="48.31502" lon="13.92921"><ele>378</ele><time>2022-07-02T15:32:19Z</time></trkpt>
    <trkpt lat="48.31495" lon="13.92910"><ele>379</ele><time>2022-07-02T15:33:21Z</time></trkpt>
    <trkpt lat="48.31454" lon="13.92897"><ele>384</ele><time>2022-07-02T15:33:40Z</time></trkpt>
    <trkpt lat="48.31419" lon="13.92906"><ele>386</ele><time>2022-07-02T15:33:58Z</time></trkpt>
    <trkpt lat="48.31378" lon="13.92897"><ele>387</ele><time>2022-07-02T15:34:16Z</time></trkpt>
    <trkpt lat="48.31336" lon="13.92883"><ele>388</ele><time>2022-07-02T15:34:34Z</time></trkpt>
    <trkpt lat="48.31291" lon="13.92854"><ele>393</ele><time>2022-07-02T15:34:53Z</time></trkpt>
    <trkpt lat="48.31233" lon="13.92790"><ele>393</ele><time>2022-07-02T15:35:12Z</time></trkpt>
    <trkpt lat="48.31181" lon="13.92768"><ele>391</ele><time>2022-07-02T15:35:31Z</time></trkpt>
    <trkpt lat="48.31143" lon="13.92834"><ele>390</ele><time>2022-07-02T15:35:49Z</time></trkpt>
    <trkpt lat="48.31112" lon="13.92902"><ele>386</ele><time>2022-07-02T15:36:08Z</time></trkpt>
    <trkpt lat="48.31090" lon="13.93046"><ele>385</ele><time>2022-07-02T15:36:26Z</time></trkpt>
    <trkpt lat="48.31110" lon="13.93154"><ele>385</ele><time>2022-07-02T15:36:45Z</time></trkpt>
    <trkpt lat="48.31102" lon="13.93163"><ele>386</ele><time>2022-07-02T15:37:06Z</time></trkpt>
    <trkpt lat="48.31009" lon="13.93218"><ele>383</ele><time>2022-07-02T15:37:24Z</time></trkpt>
    <trkpt lat="48.30906" lon="13.93374"><ele>373</ele><time>2022-07-02T15:37:42Z</time></trkpt>
    <trkpt lat="48.30882" lon="13.93450"><ele>368</ele><time>2022-07-02T15:38:01Z</time></trkpt>
    <trkpt lat="48.30915" lon="13.93514"><ele>357</ele><time>2022-07-02T15:38:19Z</time></trkpt>
    <trkpt lat="48.30913" lon="13.93627"><ele>341</ele><time>2022-07-02T15:38:38Z</time></trkpt>
    <trkpt lat="48.30929" lon="13.93663"><ele>354</ele><time>2022-07-02T15:38:57Z</time></trkpt>
    <trkpt lat="48.30937" lon="13.93689"><ele>345</ele><time>2022-07-02T15:39:15Z</time></trkpt>
    <trkpt lat="48.30937" lon="13.93719"><ele>344</ele><time>2022-07-02T15:39:34Z</time></trkpt>
    <trkpt lat="48.30941" lon="13.93754"><ele>347</ele><time>2022-07-02T15:39:53Z</time></trkpt>
    <trkpt lat="48.30947" lon="13.93790"><ele>348</ele><time>2022-07-02T15:40:12Z</time></trkpt>
    <trkpt lat="48.30958" lon="13.93816"><ele>349</ele><time>2022-07-02T15:40:30Z</time></trkpt>
    <trkpt lat="48.30956" lon="13.93838"><ele>350</ele><time>2022-07-02T15:40:49Z</time></trkpt>
    <trkpt lat="48.30924" lon="13.93895"><ele>352</ele><time>2022-07-02T15:41:08Z</time></trkpt>
    <trkpt lat="48.30870" lon="13.93975"><ele>351</ele><time>2022-07-02T15:41:27Z</time></trkpt>
    <trkpt lat="48.30767" lon="13.93939"><ele>338</ele><time>2022-07-02T15:41:45Z</time></trkpt>
    <trkpt lat="48.30634" lon="13.93938"><ele>324</ele><time>2022-07-02T15:42:03Z</time></trkpt>
    <trkpt lat="48.30548" lon="13.94065"><ele>350</ele><time>2022-07-02T15:42:22Z</time></trkpt>
    <trkpt lat="48.30470" lon="13.94079"><ele>324</ele><time>2022-07-02T15:42:41Z</time></trkpt>
    <trkpt lat="48.30410" lon="13.94104"><ele>325</ele><time>2022-07-02T15:43:00Z</time></trkpt>
    <trkpt lat="48.30312" lon="13.94127"><ele>319</ele><time>2022-07-02T15:43:19Z</time></trkpt>
    <trkpt lat="48.30244" lon="13.94271"><ele>323</ele><time>2022-07-02T15:43:37Z</time></trkpt>
    <trkpt lat="48.30215" lon="13.94250"><ele>319</ele><time>2022-07-02T15:43:55Z</time></trkpt>
    <trkpt lat="48.30238" lon="13.94266"><ele>320</ele><time>2022-07-02T15:44:13Z</time></trkpt>
    <trkpt lat="48.30298" lon="13.94290"><ele>318</ele><time>2022-07-02T15:44:32Z</time></trkpt>
    <trkpt lat="48.30348" lon="13.94301"><ele>318</ele><time>2022-07-02T15:44:50Z</time></trkpt>
    <trkpt lat="48.30377" lon="13.94338"><ele>326</ele><time>2022-07-02T15:45:08Z</time></trkpt>
    <trkpt lat="48.30375" lon="13.94377"><ele>330</ele><time>2022-07-02T15:45:26Z</time></trkpt>
    <trkpt lat="48.30374" lon="13.94418"><ele>336</ele><time>2022-07-02T15:45:45Z</time></trkpt>
    <trkpt lat="48.30370" lon="13.94460"><ele>336</ele><time>2022-07-02T15:46:03Z</time></trkpt>
    <trkpt lat="48.30366" lon="13.94507"><ele>341</ele><time>2022-07-02T15:46:22Z</time></trkpt>
    <trkpt lat="48.30363" lon="13.94564"><ele>341</ele><time>2022-07-02T15:46:41Z</time></trkpt>
    <trkpt lat="48.30374" lon="13.94648"><ele>337</ele><time>2022-07-02T15:46:59Z</time></trkpt>
    <trkpt lat="48.30343" lon="13.94670"><ele>337</ele><time>2022-07-02T15:47:18Z</time></trkpt>
    <trkpt lat="48.30381" lon="13.94726"><ele>332</ele><time>2022-07-02T15:48:15Z</time></trkpt>
    <trkpt lat="48.30374" lon="13.94804"><ele>334</ele><time>2022-07-02T15:48:33Z</time></trkpt>
    <trkpt lat="48.30355" lon="13.94884"><ele>333</ele><time>2022-07-02T15:48:52Z</time></trkpt>
    <trkpt lat="48.30347" lon="13.94943"><ele>331</ele><time>2022-07-02T15:49:10Z</time></trkpt>
    <trkpt lat="48.30335" lon="13.95002"><ele>341</ele><time>2022-07-02T15:49:29Z</time></trkpt>
    <trkpt lat="48.30334" lon="13.95058"><ele>338</ele><time>2022-07-02T15:49:48Z</time></trkpt>
    <trkpt lat="48.30338" lon="13.95119"><ele>338</ele><time>2022-07-02T15:50:07Z</time></trkpt>
    <trkpt lat="48.30351" lon="13.95167"><ele>340</ele><time>2022-07-02T15:50:26Z</time></trkpt>
    <trkpt lat="48.30373" lon="13.95190"><ele>344</ele><time>2022-07-02T15:50:44Z</time></trkpt>
    <trkpt lat="48.30373" lon="13.95264"><ele>341</ele><time>2022-07-02T15:51:02Z</time></trkpt>
    <trkpt lat="48.30315" lon="13.95280"><ele>343</ele><time>2022-07-02T15:51:21Z</time></trkpt>
    <trkpt lat="48.30280" lon="13.95336"><ele>348</ele><time>2022-07-02T15:51:40Z</time></trkpt>
    <trkpt lat="48.30275" lon="13.95390"><ele>351</ele><time>2022-07-02T15:51:58Z</time></trkpt>
    <trkpt lat="48.30296" lon="13.95435"><ele>353</ele><time>2022-07-02T15:52:16Z</time></trkpt>
    <trkpt lat="48.30313" lon="13.95475"><ele>355</ele><time>2022-07-02T15:52:35Z</time></trkpt>
    <trkpt lat="48.30339" lon="13.95522"><ele>357</ele><time>2022-07-02T15:52:54Z</time></trkpt>
    <trkpt lat="48.30369" lon="13.95549"><ele>360</ele><time>2022-07-02T15:53:12Z</time></trkpt>
    <trkpt lat="48.30409" lon="13.95555"><ele>362</ele><time>2022-07-02T15:53:30Z</time></trkpt>
    <trkpt lat="48.30456" lon="13.95557"><ele>366</ele><time>2022-07-02T15:53:48Z</time></trkpt>
    <trkpt lat="48.30486" lon="13.95599"><ele>368</ele><time>2022-07-02T15:54:07Z</time></trkpt>
    <trkpt lat="48.30520" lon="13.95637"><ele>369</ele><time>2022-07-02T15:54:25Z</time></trkpt>
    <trkpt lat="48.30550" lon="13.95660"><ele>370</ele><time>2022-07-02T15:54:44Z</time></trkpt>
    <trkpt lat="48.30583" lon="13.95666"><ele>372</ele><time>2022-07-02T15:55:02Z</time></trkpt>
    <trkpt lat="48.30621" lon="13.95670"><ele>371</ele><time>2022-07-02T15:55:20Z</time></trkpt>
    <trkpt lat="48.30630" lon="13.95657"><ele>375</ele><time>2022-07-02T15:55:39Z</time></trkpt>
    <trkpt lat="48.30625" lon="13.95669"><ele>375</ele><time>2022-07-02T15:56:17Z</time></trkpt>
    <trkpt lat="48.30577" lon="13.95705"><ele>375</ele><time>2022-07-02T15:56:35Z</time></trkpt>
    <trkpt lat="48.30548" lon="13.95769"><ele>378</ele><time>2022-07-02T15:56:54Z</time></trkpt>
    <trkpt lat="48.30500" lon="13.95853"><ele>380</ele><time>2022-07-02T15:57:13Z</time></trkpt>
    <trkpt lat="48.30452" lon="13.95927"><ele>382</ele><time>2022-07-02T15:57:32Z</time></trkpt>
    <trkpt lat="48.30419" lon="13.96009"><ele>382</ele><time>2022-07-02T15:57:50Z</time></trkpt>
    <trkpt lat="48.30391" lon="13.96090"><ele>379</ele><time>2022-07-02T15:58:09Z</time></trkpt>
    <trkpt lat="48.30347" lon="13.96085"><ele>383</ele><time>2022-07-02T15:58:28Z</time></trkpt>
    <trkpt lat="48.30309" lon="13.96076"><ele>385</ele><time>2022-07-02T15:58:47Z</time></trkpt>
    <trkpt lat="48.30270" lon="13.96082"><ele>385</ele><time>2022-07-02T15:59:05Z</time></trkpt>
    <trkpt lat="48.30231" lon="13.96090"><ele>387</ele><time>2022-07-02T15:59:24Z</time></trkpt>
    <trkpt lat="48.30175" lon="13.96094"><ele>384</ele><time>2022-07-02T15:59:42Z</time></trkpt>
    <trkpt lat="48.30121" lon="13.96100"><ele>382</ele><time>2022-07-02T16:00:00Z</time></trkpt>
    <trkpt lat="48.30041" lon="13.96117"><ele>380</ele><time>2022-07-02T16:00:19Z</time></trkpt>
    <trkpt lat="48.29988" lon="13.96108"><ele>379</ele><time>2022-07-02T16:00:37Z</time></trkpt>
    <trkpt lat="48.29952" lon="13.96084"><ele>380</ele><time>2022-07-02T16:00:55Z</time></trkpt>
    <trkpt lat="48.29907" lon="13.96076"><ele>388</ele><time>2022-07-02T16:01:14Z</time></trkpt>
    <trkpt lat="48.29876" lon="13.96034"><ele>396</ele><time>2022-07-02T16:01:32Z</time></trkpt>
    <trkpt lat="48.29834" lon="13.96059"><ele>389</ele><time>2022-07-02T16:01:50Z</time></trkpt>
    <trkpt lat="48.29734" lon="13.96085"><ele>379</ele><time>2022-07-02T16:02:08Z</time></trkpt>
    <trkpt lat="48.29685" lon="13.96187"><ele>378</ele><time>2022-07-02T16:02:27Z</time></trkpt>
    <trkpt lat="48.29679" lon="13.96269"><ele>379</ele><time>2022-07-02T16:02:45Z</time></trkpt>
    <trkpt lat="48.29663" lon="13.96346"><ele>381</ele><time>2022-07-02T16:03:04Z</time></trkpt>
    <trkpt lat="48.29652" lon="13.96451"><ele>377</ele><time>2022-07-02T16:03:23Z</time></trkpt>
    <trkpt lat="48.29671" lon="13.96655"><ele>365</ele><time>2022-07-02T16:03:41Z</time></trkpt>
    <trkpt lat="48.29750" lon="13.96856"><ele>354</ele><time>2022-07-02T16:04:00Z</time></trkpt>
    <trkpt lat="48.29757" lon="13.96880"><ele>350</ele><time>2022-07-02T16:04:19Z</time></trkpt>
    <trkpt lat="48.29773" lon="13.96956"><ele>353</ele><time>2022-07-02T16:05:31Z</time></trkpt>
    <trkpt lat="48.29752" lon="13.97120"><ele>342</ele><time>2022-07-02T16:05:50Z</time></trkpt>
    <trkpt lat="48.29677" lon="13.97304"><ele>341</ele><time>2022-07-02T16:06:09Z</time></trkpt>
    <trkpt lat="48.29656" lon="13.97509"><ele>331</ele><time>2022-07-02T16:06:28Z</time></trkpt>
    <trkpt lat="48.29639" lon="13.97668"><ele>338</ele><time>2022-07-02T16:06:47Z</time></trkpt>
    <trkpt lat="48.29619" lon="13.97803"><ele>323</ele><time>2022-07-02T16:07:06Z</time></trkpt>
    <trkpt lat="48.29621" lon="13.97954"><ele>322</ele><time>2022-07-02T16:07:25Z</time></trkpt>
    <trkpt lat="48.29612" lon="13.98034"><ele>322</ele><time>2022-07-02T16:07:43Z</time></trkpt>
    <trkpt lat="48.29522" lon="13.98013"><ele>315</ele><time>2022-07-02T16:08:01Z</time></trkpt>
    <trkpt lat="48.29483" lon="13.98157"><ele>316</ele><time>2022-07-02T16:08:20Z</time></trkpt>
    <trkpt lat="48.29467" lon="13.98288"><ele>314</ele><time>2022-07-02T16:08:38Z</time></trkpt>
    <trkpt lat="48.29443" lon="13.98435"><ele>312</ele><time>2022-07-02T16:08:57Z</time></trkpt>
    <trkpt lat="48.29436" lon="13.98582"><ele>313</ele><time>2022-07-02T16:09:16Z</time></trkpt>
    <trkpt lat="48.29446" lon="13.98744"><ele>310</ele><time>2022-07-02T16:09:34Z</time></trkpt>
    <trkpt lat="48.29481" lon="13.98912"><ele>321</ele><time>2022-07-02T16:09:53Z</time></trkpt>
    <trkpt lat="48.29424" lon="13.99018"><ele>326</ele><time>2022-07-02T16:10:12Z</time></trkpt>
    <trkpt lat="48.29289" lon="13.99037"><ele>316</ele><time>2022-07-02T16:10:31Z</time></trkpt>
    <trkpt lat="48.29171" lon="13.99124"><ele>302</ele><time>2022-07-02T16:10:50Z</time></trkpt>
    <trkpt lat="48.29110" lon="13.99228"><ele>305</ele><time>2022-07-02T16:11:08Z</time></trkpt>
    <trkpt lat="48.28999" lon="13.99324"><ele>294</ele><time>2022-07-02T16:11:27Z</time></trkpt>
    <trkpt lat="48.28937" lon="13.99484"><ele>292</ele><time>2022-07-02T16:11:46Z</time></trkpt>
    <trkpt lat="48.28852" lon="13.99592"><ele>291</ele><time>2022-07-02T16:12:04Z</time></trkpt>
    <trkpt lat="48.28782" lon="13.99714"><ele>303</ele><time>2022-07-02T16:12:23Z</time></trkpt>
    <trkpt lat="48.28752" lon="13.99870"><ele>287</ele><time>2022-07-02T16:12:42Z</time></trkpt>
    <trkpt lat="48.28764" lon="14.00023"><ele>294</ele><time>2022-07-02T16:13:00Z</time></trkpt>
    <trkpt lat="48.28816" lon="14.00157"><ele>282</ele><time>2022-07-02T16:13:18Z</time></trkpt>
    <trkpt lat="48.28826" lon="14.00305"><ele>280</ele><time>2022-07-02T16:13:37Z</time></trkpt>
    <trkpt lat="48.28765" lon="14.00426"><ele>279</ele><time>2022-07-02T16:13:56Z</time></trkpt>
    <trkpt lat="48.28754" lon="14.00555"><ele>287</ele><time>2022-07-02T16:14:15Z</time></trkpt>
    <trkpt lat="48.28728" lon="14.00670"><ele>286</ele><time>2022-07-02T16:14:34Z</time></trkpt>
    <trkpt lat="48.28701" lon="14.00714"><ele>282</ele><time>2022-07-02T16:14:52Z</time></trkpt>
    <trkpt lat="48.28699" lon="14.00729"><ele>280</ele><time>2022-07-02T16:15:26Z</time></trkpt>
    <trkpt lat="48.28769" lon="14.00811"><ele>278</ele><time>2022-07-02T16:15:45Z</time></trkpt>
    <trkpt lat="48.28843" lon="14.00894"><ele>280</ele><time>2022-07-02T16:16:03Z</time></trkpt>
    <trkpt lat="48.28915" lon="14.00972"><ele>283</ele><time>2022-07-02T16:16:22Z</time></trkpt>
    <trkpt lat="48.28896" lon="14.01057"><ele>278</ele><time>2022-07-02T16:16:41Z</time></trkpt>
    <trkpt lat="48.28865" lon="14.01156"><ele>278</ele><time>2022-07-02T16:16:59Z</time></trkpt>
    <trkpt lat="48.28822" lon="14.01278"><ele>277</ele><time>2022-07-02T16:17:18Z</time></trkpt>
    <trkpt lat="48.28776" lon="14.01389"><ele>280</ele><time>2022-07-02T16:17:36Z</time></trkpt>
    <trkpt lat="48.28719" lon="14.01478"><ele>281</ele><time>2022-07-02T16:17:54Z</time></trkpt>
    <trkpt lat="48.28724" lon="14.01489"><ele>278</ele><time>2022-07-02T16:18:37Z</time></trkpt>
    <trkpt lat="48.28793" lon="14.01564"><ele>281</ele><time>2022-07-02T16:18:55Z</time></trkpt>
    <trkpt lat="48.28826" lon="14.01705"><ele>277</ele><time>2022-07-02T16:19:14Z</time></trkpt>
    <trkpt lat="48.28876" lon="14.01758"><ele>317</ele><time>2022-07-02T16:19:33Z</time></trkpt>
    <trkpt lat="48.28973" lon="14.01744"><ele>275</ele><time>2022-07-02T16:19:52Z</time></trkpt>
    <trkpt lat="48.29033" lon="14.01849"><ele>272</ele><time>2022-07-02T16:20:10Z</time></trkpt>
    <trkpt lat="48.29067" lon="14.01989"><ele>273</ele><time>2022-07-02T16:20:29Z</time></trkpt>
    <trkpt lat="48.29099" lon="14.02118"><ele>272</ele><time>2022-07-02T16:20:47Z</time></trkpt>
    <trkpt lat="48.29148" lon="14.02244"><ele>270</ele><time>2022-07-02T16:21:06Z</time></trkpt>
    <trkpt lat="48.29145" lon="14.02374"><ele>270</ele><time>2022-07-02T16:21:24Z</time></trkpt>
    <trkpt lat="48.29151" lon="14.02505"><ele>274</ele><time>2022-07-02T16:21:43Z</time></trkpt>
    <trkpt lat="48.29182" lon="14.02636"><ele>271</ele><time>2022-07-02T16:22:02Z</time></trkpt>
    <trkpt lat="48.29223" lon="14.02742"><ele>273</ele><time>2022-07-02T16:22:20Z</time></trkpt>
    <trkpt lat="48.29270" lon="14.02760"><ele>274</ele><time>2022-07-02T16:22:39Z</time></trkpt>
    <trkpt lat="48.29324" lon="14.02763"><ele>272</ele><time>2022-07-02T16:22:57Z</time></trkpt>
    <trkpt lat="48.29327" lon="14.02786"><ele>275</ele><time>2022-07-02T16:23:15Z</time></trkpt>
  </trkseg>
</trk>
</gpx>