<?xml version="1.0" encoding="UTF-8"?>
<gpx version="1.1" creator="GPX-Pro" xmlns="http://www.topografix.com/GPX/1/1">
<trk>
  <name>Hiike_Bergeralm-Rötenspitte</name>
  <trkseg>
    <trkpt lat="47.08287" lon="11.42890"><ele>1226</ele><time>2022-08-02T07:05:13Z</time></trkpt>
    <trkpt lat="47.08344" lon="11.42924"><ele>1198</ele><time>2022-08-02T07:06:02Z</time></trkpt>
    <trkpt lat="47.08372" lon="11.43073"><ele>1188</ele><time>2022-08-02T07:06:20Z</time></trkpt>
    <trkpt lat="47.08390" lon="11.43277"><ele>1174</ele><time>2022-08-02T07:06:39Z</time></trkpt>
    <trkpt lat="47.08470" lon="11.43400"><ele>1170</ele><time>2022-08-02T07:06:57Z</time></trkpt>
    <trkpt lat="47.08499" lon="11.43587"><ele>1178</ele><time>2022-08-02T07:07:15Z</time></trkpt>
    <trkpt lat="47.08561" lon="11.43721"><ele>1156</ele><time>2022-08-02T07:07:33Z</time></trkpt>
    <trkpt lat="47.08548" lon="11.43922"><ele>1144</ele><time>2022-08-02T07:07:52Z</time></trkpt>
    <trkpt lat="47.08506" lon="11.44121"><ele>1176</ele><time>2022-08-02T07:08:11Z</time></trkpt>
    <trkpt lat="47.08578" lon="11.44359"><ele>1145</ele><time>2022-08-02T07:08:30Z</time></trkpt>
    <trkpt lat="47.08584" lon="11.44532"><ele>1138</ele><time>2022-08-02T07:08:49Z</time></trkpt>
    <trkpt lat="47.08556" lon="11.44529"><ele>1128</ele><time>2022-08-02T07:09:29Z</time></trkpt>
    <trkpt lat="47.08585" lon="11.44590"><ele>1123</ele><time>2022-08-02T07:09:47Z</time></trkpt>
    <trkpt lat="47.08612" lon="11.44731"><ele>1117</ele><time>2022-08-02T07:10:06Z</time></trkpt>
    <trkpt lat="47.08616" lon="11.44915"><ele>1111</ele><time>2022-08-02T07:10:24Z</time></trkpt>
    <trkpt lat="47.08632" lon="11.45091"><ele>1102</ele><time>2022-08-02T07:10:43Z</time></trkpt>
    <trkpt lat="47.08639" lon="11.45269"><ele>1113</ele><time>2022-08-02T07:11:01Z</time></trkpt>
    <trkpt lat="47.08673" lon="11.45464"><ele>1170</ele><time>2022-08-02T07:11:20Z</time></trkpt>
    <trkpt lat="47.08693" lon="11.45589"><ele>1094</ele><time>2022-08-02T07:11:39Z</time></trkpt>
    <trkpt lat="47.08699" lon="11.45600"><ele>1088</ele><time>2022-08-02T07:12:10Z</time></trkpt>
    <trkpt lat="47.08710" lon="11.45700"><ele>1090</ele><time>2022-08-02T07:12:28Z</time></trkpt>
    <trkpt lat="47.08719" lon="11.45834"><ele>1084</ele><time>2022-08-02T07:12:47Z</time></trkpt>
    <trkpt lat="47.08736" lon="11.45935"><ele>1086</ele><time>2022-08-02T07:13:06Z</time></trkpt>
    <trkpt lat="47.08760" lon="11.46006"><ele>1084</ele><time>2022-08-02T07:13:24Z</time></trkpt>
    <trkpt lat="47.08742" lon="11.46030"><ele>1082</ele><time>2022-08-02T07:13:42Z</time></trkpt>
    <trkpt lat="47.08711" lon="11.45983"><ele>1090</ele><time>2022-08-02T07:14:01Z</time></trkpt>
    <trkpt lat="47.08695" lon="11.45980"><ele>1084</ele><time>2022-08-02T07:14:33Z</time></trkpt>
    <trkpt lat="47.08705" lon="11.45984"><ele>1088</ele><time>2022-08-02T07:14:51Z</time></trkpt>
    <trkpt lat="47.08705" lon="11.45997"><ele>1107</ele><time>2022-08-02T07:15:26Z</time></trkpt>
    <trkpt lat="47.08718" lon="11.46031"><ele>1098</ele><time>2022-08-02T07:16:03Z</time></trkpt>
    <trkpt lat="47.08693" lon="11.46039"><ele>1098</ele><time>2022-08-02T07:16:21Z</time></trkpt>
    <trkpt lat="47.08703" lon="11.46031"><ele>1092</ele><time>2022-08-02T07:17:48Z</time></trkpt>
    <trkpt lat="47.08728" lon="11.46045"><ele>1085</ele><time>2022-08-02T07:18:07Z</time></trkpt>
    <trkpt lat="47.08716" lon="11.46037"><ele>1099</ele><time>2022-08-02T07:18:25Z</time></trkpt>
    <trkpt lat="47.08730" lon="11.46044"><ele>1086</ele><time>2022-08-02T07:20:03Z</time></trkpt>
    <trkpt lat="47.08746" lon="11.46026"><ele>1081</ele><time>2022-08-02T07:20:22Z</time></trkpt>
    <trkpt lat="47.08748" lon="11.46004"><ele>1076</ele><time>2022-08-02T07:20:41Z</time></trkpt>
    <trkpt lat="47.08746" lon="11.46017"><ele>1083</ele><time>2022-08-02T07:21:03Z</time></trkpt>
    <trkpt lat="47.08717" lon="11.46011"><ele>1085</ele><time>2022-08-02T07:21:21Z</time></trkpt>
    <trkpt lat="47.08728" lon="11.46011"><ele>1089</ele><time>2022-08-02T07:22:08Z</time></trkpt>
    <trkpt lat="47.08725" lon="11.45997"><ele>1079</ele><time>2022-08-02T07:23:01Z</time></trkpt>
    <trkpt lat="47.08707" lon="11.45985"><ele>1084</ele><time>2022-08-02T07:23:20Z</time></trkpt>
    <trkpt lat="47.08682" lon="11.45974"><ele>1083</ele><time>2022-08-02T07:25:02Z</time></trkpt>
    <trkpt lat="47.08700" lon="11.45981"><ele>1087</ele><time>2022-08-02T07:25:04Z</time></trkpt>
    <trkpt lat="47.08726" lon="11.45991"><ele>1114</ele><time>2022-08-02T07:25:44Z</time></trkpt>
    <trkpt lat="47.08696" lon="11.45956"><ele>1113</ele><time>2022-08-02T07:26:41Z</time></trkpt>
    <trkpt lat="47.08651" lon="11.45952"><ele>1113</ele><time>2022-08-02T07:27:46Z</time></trkpt>
    <trkpt lat="47.08632" lon="11.45949"><ele>1114</ele><time>2022-08-02T07:27:51Z</time></trkpt>
    <trkpt lat="47.08587" lon="11.45945"><ele>1133</ele><time>2022-08-02T07:28:00Z</time></trkpt>
    <trkpt lat="47.08551" lon="11.45899"><ele>1128</ele><time>2022-08-02T07:28:19Z</time></trkpt>
    <trkpt lat="47.08511" lon="11.45880"><ele>1145</ele><time>2022-08-02T07:28:37Z</time></trkpt>
    <trkpt lat="47.08475" lon="11.45863"><ele>1160</ele><time>2022-08-02T07:28:56Z</time></trkpt>
    <trkpt lat="47.08435" lon="11.45841"><ele>1182</ele><time>2022-08-02T07:29:15Z</time></trkpt>
    <trkpt lat="47.08384" lon="11.45809"><ele>1196</ele><time>2022-08-02T07:29:33Z</time></trkpt>
    <trkpt lat="47.08334" lon="11.45792"><ele>1222</ele><time>2022-08-02T07:29:52Z</time></trkpt>
    <trkpt lat="47.08293" lon="11.45779"><ele>1182</ele><time>2022-08-02T07:30:10Z</time></trkpt>
    <trkpt lat="47.08250" lon="11.45761"><ele>1260</ele><time>2022-08-02T07:30:28Z</time></trkpt>
    <trkpt lat="47.08210" lon="11.45743"><ele>1290</ele><time>2022-08-02T07:30:47Z</time></trkpt>
    <trkpt lat="47.08169" lon="11.45725"><ele>1312</ele><time>2022-08-02T07:31:05Z</time></trkpt>
    <trkpt lat="47.08133" lon="11.45702"><ele>1330</ele><time>2022-08-02T07:31:23Z</time></trkpt>
    <trkpt lat="47.08100" lon="11.45670"><ele>1336</ele><time>2022-08-02T07:31:42Z</time></trkpt>
    <trkpt lat="47.08059" lon="11.45657"><ele>1370</ele><time>2022-08-02T07:32:00Z</time></trkpt>
    <trkpt lat="47.08017" lon="11.45636"><ele>1396</ele><time>2022-08-02T07:32:18Z</time></trkpt>
    <trkpt lat="47.07967" lon="11.45622"><ele>1384</ele><time>2022-08-02T07:32:37Z</time></trkpt>
    <trkpt lat="47.07920" lon="11.45600"><ele>1434</ele><time>2022-08-02T07:32:55Z</time></trkpt>
    <trkpt lat="47.07873" lon="11.45579"><ele>1457</ele><time>2022-08-02T07:33:14Z</time></trkpt>
    <trkpt lat="47.07841" lon="11.45559"><ele>1488</ele><time>2022-08-02T07:33:33Z</time></trkpt>
    <trkpt lat="47.07795" lon="11.45536"><ele>1509</ele><time>2022-08-02T07:33:51Z</time></trkpt>
    <trkpt lat="47.07748" lon="11.45519"><ele>1514</ele><time>2022-08-02T07:34:09Z</time></trkpt>
    <trkpt lat="47.07691" lon="11.45499"><ele>1530</ele><time>2022-08-02T07:34:28Z</time></trkpt>
    <trkpt lat="47.07652" lon="11.45476"><ele>1564</ele><time>2022-08-02T07:34:47Z</time></trkpt>
    <trkpt lat="47.07620" lon="11.45465"><ele>1540</ele><time>2022-08-02T07:35:06Z</time></trkpt>
    <trkpt lat="47.07614" lon="11.45448"><ele>1570</ele><time>2022-08-02T07:35:25Z</time></trkpt>
    <trkpt lat="47.07601" lon="11.45442"><ele>1595</ele><time>2022-08-02T07:35:44Z</time></trkpt>
    <trkpt lat="47.07599" lon="11.45399"><ele>1476</ele><time>2022-08-02T07:36:02Z</time></trkpt>
    <trkpt lat="47.07598" lon="11.45367"><ele>1571</ele><time>2022-08-02T07:36:21Z</time></trkpt>
    <trkpt lat="47.07607" lon="11.45353"><ele>1510</ele><time>2022-08-02T07:36:40Z</time></trkpt>
    <trkpt lat="47.07616" lon="11.45334"><ele>1571</ele><time>2022-08-02T07:36:58Z</time></trkpt>
    <trkpt lat="47.07635" lon="11.45367"><ele>1553</ele><time>2022-08-02T07:37:16Z</time></trkpt>
    <trkpt lat="47.07654" lon="11.45387"><ele>1443</ele><time>2022-08-02T07:37:35Z</time></trkpt>
    <trkpt lat="47.07642" lon="11.45387"><ele>1526</ele><time>2022-08-02T07:40:25Z</time></trkpt>
    <trkpt lat="47.07580" lon="11.45343"><ele>1597</ele><time>2022-08-02T07:40:44Z</time></trkpt>
    <trkpt lat="47.07525" lon="11.45309"><ele>1572</ele><time>2022-08-02T07:41:03Z</time></trkpt>
    <trkpt lat="47.07482" lon="11.45280"><ele>1624</ele><time>2022-08-02T07:41:21Z</time></trkpt>
    <trkpt lat="47.07440" lon="11.45251"><ele>1651</ele><time>2022-08-02T07:41:39Z</time></trkpt>
    <trkpt lat="47.07395" lon="11.45213"><ele>1633</ele><time>2022-08-02T07:41:57Z</time></trkpt>
    <trkpt lat="47.07343" lon="11.45181"><ele>1640</ele><time>2022-08-02T07:42:15Z</time></trkpt>
    <trkpt lat="47.07295" lon="11.45153"><ele>1695</ele><time>2022-08-02T07:42:34Z</time></trkpt>
    <trkpt lat="47.07249" lon="11.45126"><ele>1706</ele><time>2022-08-02T07:42:52Z</time></trkpt>
    <trkpt lat="47.07202" lon="11.45087"><ele>1683</ele><time>2022-08-02T07:43:11Z</time></trkpt>
    <trkpt lat="47.07153" lon="11.45056"><ele>1736</ele><time>2022-08-02T07:43:30Z</time></trkpt>
    <trkpt lat="47.07092" lon="11.45010"><ele>1582</ele><time>2022-08-02T07:43:49Z</time></trkpt>
    <trkpt lat="47.07048" lon="11.45037"><ele>1661</ele><time>2022-08-02T07:44:07Z</time></trkpt>
    <trkpt lat="47.07007" lon="11.44958"><ele>1747</ele><time>2022-08-02T07:44:23Z</time></trkpt>
    <trkpt lat="47.06965" lon="11.44930"><ele>1797</ele><time>2022-08-02T07:44:42Z</time></trkpt>
    <trkpt lat="47.06920" lon="11.44897"><ele>1825</ele><time>2022-08-02T07:45:00Z</time></trkpt>
    <trkpt lat="47.06875" lon="11.44872"><ele>1550</ele><time>2022-08-02T07:45:18Z</time></trkpt>
    <trkpt lat="47.06829" lon="11.44842"><ele>1826</ele><time>2022-08-02T07:45:36Z</time></trkpt>
    <trkpt lat="47.06775" lon="11.44801"><ele>1859</ele><time>2022-08-02T07:45:55Z</time></trkpt>
    <trkpt lat="47.06724" lon="11.44768"><ele>1617</ele><time>2022-08-02T07:46:14Z</time></trkpt>
    <trkpt lat="47.06675" lon="11.44726"><ele>1836</ele><time>2022-08-02T07:46:32Z</time></trkpt>
    <trkpt lat="47.06627" lon="11.44704"><ele>1910</ele><time>2022-08-02T07:46:51Z</time></trkpt>
    <trkpt lat="47.06580" lon="11.44674"><ele>1941</ele><time>2022-08-02T07:47:10Z</time></trkpt>
    <trkpt lat="47.06528" lon="11.44636"><ele>1954</ele><time>2022-08-02T07:47:29Z</time></trkpt>
    <trkpt lat="47.06482" lon="11.44615"><ele>1690</ele><time>2022-08-02T07:47:48Z</time></trkpt>
    <trkpt lat="47.06428" lon="11.44579"><ele>1961</ele><time>2022-08-02T07:48:07Z</time></trkpt>
    <trkpt lat="47.06376" lon="11.44543"><ele>2006</ele><time>2022-08-02T07:48:25Z</time></trkpt>
    <trkpt lat="47.06336" lon="11.44524"><ele>1887</ele><time>2022-08-02T07:48:43Z</time></trkpt>
    <trkpt lat="47.06292" lon="11.44483"><ele>1946</ele><time>2022-08-02T07:49:02Z</time></trkpt>
    <trkpt lat="47.06249" lon="11.44459"><ele>2060</ele><time>2022-08-02T07:49:20Z</time></trkpt>
    <trkpt lat="47.06195" lon="11.44430"><ele>2083</ele><time>2022-08-02T07:49:39Z</time></trkpt>
    <trkpt lat="47.06143" lon="11.44399"><ele>2059</ele><time>2022-08-02T07:49:58Z</time></trkpt>
    <trkpt lat="47.06101" lon="11.44369"><ele>2121</ele><time>2022-08-02T07:50:16Z</time></trkpt>
    <trkpt lat="47.06054" lon="11.44331"><ele>2120</ele><time>2022-08-02T07:50:35Z</time></trkpt>
    <trkpt lat="47.06040" lon="11.44314"><ele>2068</ele><time>2022-08-02T07:50:54Z</time></trkpt>
    <trkpt lat="47.06018" lon="11.44290"><ele>2131</ele><time>2022-08-02T07:51:12Z</time></trkpt>
    <trkpt lat="47.06020" lon="11.44277"><ele>2147</ele><time>2022-08-02T07:51:31Z</time></trkpt>
    <trkpt lat="47.06023" lon="11.44290"><ele>2170</ele><time>2022-08-02T07:51:51Z</time></trkpt>
    <trkpt lat="47.06016" lon="11.44320"><ele>2177</ele><time>2022-08-02T07:52:09Z</time></trkpt>
    <trkpt lat="47.06013" lon="11.44346"><ele>2188</ele><time>2022-08-02T07:52:27Z</time></trkpt>
    <trkpt lat="47.05998" lon="11.44365"><ele>2189</ele><time>2022-08-02T07:52:46Z</time></trkpt>
    <trkpt lat="47.05993" lon="11.44337"><ele>1708</ele><time>2022-08-02T07:53:05Z</time></trkpt>
    <trkpt lat="47.05977" lon="11.44343"><ele>1773</ele><time>2022-08-02T07:53:48Z</time></trkpt>
    <trkpt lat="47.05974" lon="11.44331"><ele>2014</ele><time>2022-08-02T07:54:07Z</time></trkpt>
    <trkpt lat="47.05978" lon="11.44319"><ele>2163</ele><time>2022-08-02T07:54:37Z</time></trkpt>
    <trkpt lat="47.05984" lon="11.44302"><ele>2140</ele><time>2022-08-02T07:54:56Z</time></trkpt>
    <trkpt lat="47.05970" lon="11.44290"><ele>2155</ele><time>2022-08-02T07:56:05Z</time></trkpt>
    <trkpt lat="47.05960" lon="11.44285"><ele>2173</ele><time>2022-08-02T07:56:23Z</time></trkpt>
    <trkpt lat="47.05954" lon="11.44271"><ele>2192</ele><time>2022-08-02T07:56:41Z</time></trkpt>
    <trkpt lat="47.05954" lon="11.44247"><ele>2212</ele><time>2022-08-02T07:58:02Z</time></trkpt>
    <trkpt lat="47.05938" lon="11.44237"><ele>2226</ele><time>2022-08-02T08:01:12Z</time></trkpt>
    <trkpt lat="47.05929" lon="11.44214"><ele>2222</ele><time>2022-08-02T08:01:31Z</time></trkpt>
    <trkpt lat="47.05919" lon="11.44189"><ele>2218</ele><time>2022-08-02T08:01:50Z</time></trkpt>
    <trkpt lat="47.05902" lon="11.44176"><ele>2228</ele><time>2022-08-02T08:03:02Z</time></trkpt>
    <trkpt lat="47.05892" lon="11.44164"><ele>2225</ele><time>2022-08-02T08:03:21Z</time></trkpt>
    <trkpt lat="47.05884" lon="11.44153"><ele>2222</ele><time>2022-08-02T08:03:39Z</time></trkpt>
    <trkpt lat="47.05876" lon="11.44129"><ele>2225</ele><time>2022-08-02T08:03:57Z</time></trkpt>
    <trkpt lat="47.05860" lon="11.44134"><ele>2227</ele><time>2022-08-02T08:04:15Z</time></trkpt>
    <trkpt lat="47.05846" lon="11.44125"><ele>2231</ele><time>2022-08-02T08:04:33Z</time></trkpt>
    <trkpt lat="47.05830" lon="11.44114"><ele>2238</ele><time>2022-08-02T08:04:52Z</time></trkpt>
    <trkpt lat="47.05821" lon="11.44118"><ele>2233</ele><time>2022-08-02T08:05:10Z</time></trkpt>
    <trkpt lat="47.05814" lon="11.44136"><ele>2234</ele><time>2022-08-02T08:07:30Z</time></trkpt>
    <trkpt lat="47.05801" lon="11.44128"><ele>2231</ele><time>2022-08-02T08:07:48Z</time></trkpt>
    <trkpt lat="47.05787" lon="11.44117"><ele>2225</ele><time>2022-08-02T08:08:06Z</time></trkpt>
    <trkpt lat="47.05770" lon="11.44099"><ele>2217</ele><time>2022-08-02T08:08:26Z</time></trkpt>
    <trkpt lat="47.05760" lon="11.44116"><ele>2213</ele><time>2022-08-02T08:08:44Z</time></trkpt>
    <trkpt lat="47.05744" lon="11.44112"><ele>2225</ele><time>2022-08-02T08:09:31Z</time></trkpt>
    <trkpt lat="47.05735" lon="11.44102"><ele>2216</ele><time>2022-08-02T08:09:49Z</time></trkpt>
    <trkpt lat="47.05717" lon="11.44095"><ele>2205</ele><time>2022-08-02T08:10:08Z</time></trkpt>
    <trkpt lat="47.05705" lon="11.44080"><ele>2203</ele><time>2022-08-02T08:10:27Z</time></trkpt>
    <trkpt lat="47.05690" lon="11.44080"><ele>2198</ele><time>2022-08-02T08:10:46Z</time></trkpt>
    <trkpt lat="47.05677" lon="11.44074"><ele>2195</ele><time>2022-08-02T08:11:05Z</time></trkpt>
    <trkpt lat="47.05660" lon="11.44071"><ele>2194</ele><time>2022-08-02T08:11:23Z</time></trkpt>
    <trkpt lat="47.05655" lon="11.44102"><ele>2169</ele><time>2022-08-02T08:11:41Z</time></trkpt>
    <trkpt lat="47.05639" lon="11.44088"><ele>2190</ele><time>2022-08-02T08:12:00Z</time></trkpt>
    <trkpt lat="47.05616" lon="11.44086"><ele>2182</ele><time>2022-08-02T08:12:18Z</time></trkpt>
    <trkpt lat="47.05601" lon="11.44067"><ele>2178</ele><time>2022-08-02T08:12:37Z</time></trkpt>
    <trkpt lat="47.05591" lon="11.44047"><ele>2214</ele><time>2022-08-02T08:12:56Z</time></trkpt>
    <trkpt lat="47.05582" lon="11.44011"><ele>2195</ele><time>2022-08-02T08:13:15Z</time></trkpt>
    <trkpt lat="47.05563" lon="11.43966"><ele>2194</ele><time>2022-08-02T08:13:53Z</time></trkpt>
    <trkpt lat="47.05552" lon="11.43949"><ele>2189</ele><time>2022-08-02T08:14:11Z</time></trkpt>
    <trkpt lat="47.05532" lon="11.43930"><ele>2183</ele><time>2022-08-02T08:14:30Z</time></trkpt>
    <trkpt lat="47.05513" lon="11.43896"><ele>2181</ele><time>2022-08-02T08:14:48Z</time></trkpt>
    <trkpt lat="47.05511" lon="11.43882"><ele>2187</ele><time>2022-08-02T08:15:07Z</time></trkpt>
    <trkpt lat="47.05496" lon="11.43865"><ele>2178</ele><time>2022-08-02T08:15:26Z</time></trkpt>
    <trkpt lat="47.05480" lon="11.43856"><ele>2178</ele><time>2022-08-02T08:15:45Z</time></trkpt>
    <trkpt lat="47.05464" lon="11.43845"><ele>2182</ele><time>2022-08-02T08:16:03Z</time></trkpt>
    <trkpt lat="47.05441" lon="11.43824"><ele>2182</ele><time>2022-08-02T08:16:22Z</time></trkpt>
    <trkpt lat="47.05424" lon="11.43820"><ele>2192</ele><time>2022-08-02T08:16:40Z</time></trkpt>
    <trkpt lat="47.05414" lon="11.43789"><ele>2180</ele><time>2022-08-02T08:16:59Z</time></trkpt>
    <trkpt lat="47.05389" lon="11.43783"><ele>2184</ele><time>2022-08-02T08:17:18Z</time></trkpt>
    <trkpt lat="47.05372" lon="11.43773"><ele>2190</ele><time>2022-08-02T08:18:13Z</time></trkpt>
    <trkpt lat="47.05350" lon="11.43759"><ele>2185</ele><time>2022-08-02T08:18:31Z</time></trkpt>
    <trkpt lat="47.05345" lon="11.43725"><ele>2191</ele><time>2022-08-02T08:18:50Z</time></trkpt>
    <trkpt lat="47.05328" lon="11.43707"><ele>2186</ele><time>2022-08-02T08:19:09Z</time></trkpt>
    <trkpt lat="47.05318" lon="11.43689"><ele>2147</ele><time>2022-08-02T08:19:24Z</time></trkpt>
    <trkpt lat="47.05296" lon="11.43664"><ele>2189</ele><time>2022-08-02T08:19:46Z</time></trkpt>
    <trkpt lat="47.05282" lon="11.43636"><ele>2185</ele><time>2022-08-02T08:20:04Z</time></trkpt>
    <trkpt lat="47.05272" lon="11.43633"><ele>2186</ele><time>2022-08-02T08:20:23Z</time></trkpt>
    <trkpt lat="47.05262" lon="11.43613"><ele>2163</ele><time>2022-08-02T08:21:33Z</time></trkpt>
    <trkpt lat="47.05252" lon="11.43609"><ele>2188</ele><time>2022-08-02T08:21:51Z</time></trkpt>
    <trkpt lat="47.05244" lon="11.43596"><ele>2196</ele><time>2022-08-02T08:22:10Z</time></trkpt>
    <trkpt lat="47.05228" lon="11.43586"><ele>2192</ele><time>2022-08-02T08:22:28Z</time></trkpt>
    <trkpt lat="47.05217" lon="11.43578"><ele>2193</ele><time>2022-08-02T08:22:46Z</time></trkpt>
    <trkpt lat="47.05216" lon="11.43564"><ele>2197</ele><time>2022-08-02T08:23:04Z</time></trkpt>
    <trkpt lat="47.05196" lon="11.43550"><ele>2200</ele><time>2022-08-02T08:23:42Z</time></trkpt>
    <trkpt lat="47.05188" lon="11.43538"><ele>2204</ele><time>2022-08-02T08:24:00Z</time></trkpt>
    <trkpt lat="47.05168" lon="11.43514"><ele>2204</ele><time>2022-08-02T08:24:37Z</time></trkpt>
    <trkpt lat="47.05157" lon="11.43509"><ele>2201</ele><time>2022-08-02T08:24:55Z</time></trkpt>
    <trkpt lat="47.05149" lon="11.43497"><ele>2207</ele><time>2022-08-02T08:25:14Z</time></trkpt>
    <trkpt lat="47.05135" lon="11.43489"><ele>2212</ele><time>2022-08-02T08:25:32Z</time></trkpt>
    <trkpt lat="47.05126" lon="11.43478"><ele>2214</ele><time>2022-08-02T08:25:50Z</time></trkpt>
    <trkpt lat="47.05112" lon="11.43469"><ele>2211</ele><time>2022-08-02T08:26:08Z</time></trkpt>
    <trkpt lat="47.05101" lon="11.43449"><ele>2219</ele><time>2022-08-02T08:26:27Z</time></trkpt>
    <trkpt lat="47.05092" lon="11.43432"><ele>2216</ele><time>2022-08-02T08:26:46Z</time></trkpt>
    <trkpt lat="47.05089" lon="11.43419"><ele>2224</ele><time>2022-08-02T08:27:04Z</time></trkpt>
    <trkpt lat="47.05080" lon="11.43394"><ele>2228</ele><time>2022-08-02T08:27:23Z</time></trkpt>
    <trkpt lat="47.05074" lon="11.43356"><ele>2229</ele><time>2022-08-02T08:28:00Z</time></trkpt>
    <trkpt lat="47.05077" lon="11.43334"><ele>2237</ele><time>2022-08-02T08:28:19Z</time></trkpt>
    <trkpt lat="47.05076" lon="11.43321"><ele>2243</ele><time>2022-08-02T08:28:38Z</time></trkpt>
    <trkpt lat="47.05076" lon="11.43302"><ele>2238</ele><time>2022-08-02T08:28:56Z</time></trkpt>
    <trkpt lat="47.05069" lon="11.43289"><ele>2236</ele><time>2022-08-02T08:29:15Z</time></trkpt>
    <trkpt lat="47.05066" lon="11.43272"><ele>2245</ele><time>2022-08-02T08:29:33Z</time></trkpt>
    <trkpt lat="47.05064" lon="11.43255"><ele>2246</ele><time>2022-08-02T08:29:52Z</time></trkpt>
    <trkpt lat="47.05055" lon="11.43245"><ele>2232</ele><time>2022-08-02T08:31:00Z</time></trkpt>
    <trkpt lat="47.05060" lon="11.43220"><ele>2237</ele><time>2022-08-02T08:31:38Z</time></trkpt>
    <trkpt lat="47.05042" lon="11.43209"><ele>2249</ele><time>2022-08-02T08:32:46Z</time></trkpt>
    <trkpt lat="47.05054" lon="11.43210"><ele>2247</ele><time>2022-08-02T08:33:04Z</time></trkpt>
    <trkpt lat="47.05046" lon="11.43205"><ele>2245</ele><time>2022-08-02T08:33:23Z</time></trkpt>
    <trkpt lat="47.05050" lon="11.43180"><ele>2245</ele><time>2022-08-02T08:34:19Z</time></trkpt>
    <trkpt lat="47.05050" lon="11.43162"><ele>2248</ele><time>2022-08-02T08:34:37Z</time></trkpt>
    <trkpt lat="47.05041" lon="11.43134"><ele>2254</ele><time>2022-08-02T08:35:18Z</time></trkpt>
    <trkpt lat="47.05039" lon="11.43114"><ele>2255</ele><time>2022-08-02T08:35:36Z</time></trkpt>
    <trkpt lat="47.05031" lon="11.43101"><ele>2259</ele><time>2022-08-02T08:35:55Z</time></trkpt>
    <trkpt lat="47.05043" lon="11.43076"><ele>2259</ele><time>2022-08-02T08:36:14Z</time></trkpt>
    <trkpt lat="47.05042" lon="11.43061"><ele>2232</ele><time>2022-08-02T08:36:32Z</time></trkpt>
    <trkpt lat="47.05032" lon="11.43065"><ele>2261</ele><time>2022-08-02T08:36:50Z</time></trkpt>
    <trkpt lat="47.05024" lon="11.43045"><ele>2261</ele><time>2022-08-02T08:37:09Z</time></trkpt>
    <trkpt lat="47.05017" lon="11.43019"><ele>2264</ele><time>2022-08-02T08:37:28Z</time></trkpt>
    <trkpt lat="47.05029" lon="11.43026"><ele>2276</ele><time>2022-08-02T08:37:46Z</time></trkpt>
    <trkpt lat="47.05050" lon="11.43014"><ele>2277</ele><time>2022-08-02T08:38:22Z</time></trkpt>
    <trkpt lat="47.05060" lon="11.43023"><ele>2284</ele><time>2022-08-02T08:38:41Z</time></trkpt>
    <trkpt lat="47.05058" lon="11.42996"><ele>2280</ele><time>2022-08-02T08:39:00Z</time></trkpt>
    <trkpt lat="47.05063" lon="11.42973"><ele>2289</ele><time>2022-08-02T08:42:05Z</time></trkpt>
    <trkpt lat="47.05046" lon="11.42991"><ele>2268</ele><time>2022-08-02T08:42:48Z</time></trkpt>
    <trkpt lat="47.05046" lon="11.42958"><ele>2272</ele><time>2022-08-02T08:43:06Z</time></trkpt>
    <trkpt lat="47.05038" lon="11.42941"><ele>2268</ele><time>2022-08-02T08:43:25Z</time></trkpt>
    <trkpt lat="47.05029" lon="11.42926"><ele>2265</ele><time>2022-08-02T08:43:43Z</time></trkpt>
    <trkpt lat="47.05010" lon="11.42928"><ele>2200</ele><time>2022-08-02T08:44:02Z</time></trkpt>
    <trkpt lat="47.04996" lon="11.42948"><ele>2204</ele><time>2022-08-02T08:44:21Z</time></trkpt>
    <trkpt lat="47.05001" lon="11.42926"><ele>2153</ele><time>2022-08-02T08:44:39Z</time></trkpt>
    <trkpt lat="47.04992" lon="11.42902"><ele>2238</ele><time>2022-08-02T08:44:57Z</time></trkpt>
    <trkpt lat="47.04970" lon="11.42897"><ele>2247</ele><time>2022-08-02T08:45:16Z</time></trkpt>
    <trkpt lat="47.04952" lon="11.42908"><ele>2244</ele><time>2022-08-02T08:45:34Z</time></trkpt>
    <trkpt lat="47.04945" lon="11.42897"><ele>2233</ele><time>2022-08-02T08:45:53Z</time></trkpt>
    <trkpt lat="47.04934" lon="11.42895"><ele>2209</ele><time>2022-08-02T08:46:12Z</time></trkpt>
    <trkpt lat="47.04927" lon="11.42910"><ele>2223</ele><time>2022-08-02T08:46:30Z</time></trkpt>
    <trkpt lat="47.04915" lon="11.42915"><ele>2158</ele><time>2022-08-02T08:46:48Z</time></trkpt>
    <trkpt lat="47.04903" lon="11.42921"><ele>2205</ele><time>2022-08-02T08:47:27Z</time></trkpt>
    <trkpt lat="47.04900" lon="11.42903"><ele>2214</ele><time>2022-08-02T08:47:45Z</time></trkpt>
    <trkpt lat="47.04892" lon="11.42911"><ele>2218</ele><time>2022-08-02T08:48:04Z</time></trkpt>
    <trkpt lat="47.04895" lon="11.42885"><ele>2214</ele><time>2022-08-02T08:48:23Z</time></trkpt>
    <trkpt lat="47.04889" lon="11.42909"><ele>2230</ele><time>2022-08-02T08:48:42Z</time></trkpt>
    <trkpt lat="47.04874" lon="11.42908"><ele>2234</ele><time>2022-08-02T08:49:00Z</time></trkpt>
    <trkpt lat="47.04858" lon="11.42884"><ele>2223</ele><time>2022-08-02T08:49:59Z</time></trkpt>
    <trkpt lat="47.04853" lon="11.42862"><ele>2212</ele><time>2022-08-02T08:50:17Z</time></trkpt>
    <trkpt lat="47.04838" lon="11.42862"><ele>2198</ele><time>2022-08-02T08:50:35Z</time></trkpt>
    <trkpt lat="47.04824" lon="11.42856"><ele>2201</ele><time>2022-08-02T08:50:54Z</time></trkpt>
    <trkpt lat="47.04811" lon="11.42854"><ele>2194</ele><time>2022-08-02T08:51:13Z</time></trkpt>
    <trkpt lat="47.04805" lon="11.42837"><ele>2194</ele><time>2022-08-02T08:51:32Z</time></trkpt>
    <trkpt lat="47.04790" lon="11.42855"><ele>2149</ele><time>2022-08-02T08:51:51Z</time></trkpt>
    <trkpt lat="47.04776" lon="11.42845"><ele>2203</ele><time>2022-08-02T08:52:09Z</time></trkpt>
    <trkpt lat="47.04760" lon="11.42826"><ele>2196</ele><time>2022-08-02T08:52:46Z</time></trkpt>
    <trkpt lat="47.04745" lon="11.42804"><ele>2174</ele><time>2022-08-02T08:53:26Z</time></trkpt>
    <trkpt lat="47.04737" lon="11.42811"><ele>2173</ele><time>2022-08-02T08:53:45Z</time></trkpt>
    <trkpt lat="47.04728" lon="11.42806"><ele>2166</ele><time>2022-08-02T08:54:03Z</time></trkpt>
    <trkpt lat="47.04723" lon="11.42794"><ele>2164</ele><time>2022-08-02T08:54:21Z</time></trkpt>
    <trkpt lat="47.04732" lon="11.42767"><ele>2160</ele><time>2022-08-02T08:54:40Z</time></trkpt>
    <trkpt lat="47.04712" lon="11.42776"><ele>2154</ele><time>2022-08-02T08:54:58Z</time></trkpt>
    <trkpt lat="47.04691" lon="11.42787"><ele>2153</ele><time>2022-08-02T08:55:17Z</time></trkpt>
    <trkpt lat="47.04675" lon="11.42783"><ele>2149</ele><time>2022-08-02T08:55:36Z</time></trkpt>
    <trkpt lat="47.04659" lon="11.42796"><ele>2139</ele><time>2022-08-02T08:55:54Z</time></trkpt>
    <trkpt lat="47.04644" lon="11.42805"><ele>2143</ele><time>2022-08-02T08:56:13Z</time></trkpt>
    <trkpt lat="47.04631" lon="11.42780"><ele>2140</ele><time>2022-08-02T08:56:31Z</time></trkpt>
    <trkpt lat="47.04622" lon="11.42777"><ele>2145</ele><time>2022-08-02T08:56:52Z</time></trkpt>
    <trkpt lat="47.04611" lon="11.42754"><ele>2144</ele><time>2022-08-02T08:58:09Z</time></trkpt>
    <trkpt lat="47.04598" lon="11.42722"><ele>2118</ele><time>2022-08-02T08:58:28Z</time></trkpt>
    <trkpt lat="47.04582" lon="11.42694"><ele>2129</ele><time>2022-08-02T08:58:46Z</time></trkpt>
    <trkpt lat="47.04569" lon="11.42663"><ele>2127</ele><time>2022-08-02T08:59:05Z</time></trkpt>
    <trkpt lat="47.04550" lon="11.42669"><ele>2133</ele><time>2022-08-02T08:59:24Z</time></trkpt>
    <trkpt lat="47.04531" lon="11.42647"><ele>2126</ele><time>2022-08-02T09:00:36Z</time></trkpt>
    <trkpt lat="47.04516" lon="11.42662"><ele>2140</ele><time>2022-08-02T09:00:55Z</time></trkpt>
    <trkpt lat="47.04513" lon="11.42650"><ele>2144</ele><time>2022-08-02T09:01:17Z</time></trkpt>
    <trkpt lat="47.04504" lon="11.42627"><ele>2189</ele><time>2022-08-02T09:01:35Z</time></trkpt>
    <trkpt lat="47.04499" lon="11.42601"><ele>2144</ele><time>2022-08-02T09:01:53Z</time></trkpt>
    <trkpt lat="47.04479" lon="11.42585"><ele>2134</ele><time>2022-08-02T09:02:12Z</time></trkpt>
    <trkpt lat="47.04463" lon="11.42563"><ele>2133</ele><time>2022-08-02T09:02:31Z</time></trkpt>
    <trkpt lat="47.04451" lon="11.42541"><ele>2136</ele><time>2022-08-02T09:02:49Z</time></trkpt>
    <trkpt lat="47.04429" lon="11.42534"><ele>2131</ele><time>2022-08-02T09:03:07Z</time></trkpt>
    <trkpt lat="47.04412" lon="11.42530"><ele>2124</ele><time>2022-08-02T09:03:26Z</time></trkpt>
    <trkpt lat="47.04389" lon="11.42506"><ele>2122</ele><time>2022-08-02T09:03:45Z</time></trkpt>
    <trkpt lat="47.04374" lon="11.42496"><ele>2117</ele><time>2022-08-02T09:04:04Z</time></trkpt>
    <trkpt lat="47.04354" lon="11.42518"><ele>2123</ele><time>2022-08-02T09:04:22Z</time></trkpt>
    <trkpt lat="47.04339" lon="11.42518"><ele>2127</ele><time>2022-08-02T09:04:41Z</time></trkpt>
    <trkpt lat="47.04326" lon="11.42515"><ele>2127</ele><time>2022-08-02T09:04:59Z</time></trkpt>
    <trkpt lat="47.04326" lon="11.42489"><ele>2134</ele><time>2022-08-02T09:05:17Z</time></trkpt>
    <trkpt lat="47.04310" lon="11.42502"><ele>2146</ele><time>2022-08-02T09:05:36Z</time></trkpt>
    <trkpt lat="47.04300" lon="11.42483"><ele>2143</ele><time>2022-08-02T09:05:54Z</time></trkpt>
    <trkpt lat="47.04285" lon="11.42473"><ele>2140</ele><time>2022-08-02T09:06:14Z</time></trkpt>
    <trkpt lat="47.04270" lon="11.42472"><ele>2141</ele><time>2022-08-02T09:06:33Z</time></trkpt>
    <trkpt lat="47.04260" lon="11.42477"><ele>2139</ele><time>2022-08-02T09:06:52Z</time></trkpt>
    <trkpt lat="47.04243" lon="11.42504"><ele>2150</ele><time>2022-08-02T09:07:10Z</time></trkpt>
    <trkpt lat="47.04230" lon="11.42518"><ele>2158</ele><time>2022-08-02T09:07:28Z</time></trkpt>
    <trkpt lat="47.04213" lon="11.42481"><ele>2155</ele><time>2022-08-02T09:07:46Z</time></trkpt>
    <trkpt lat="47.04202" lon="11.42465"><ele>2149</ele><time>2022-08-02T09:08:05Z</time></trkpt>
    <trkpt lat="47.04181" lon="11.42474"><ele>2156</ele><time>2022-08-02T09:08:24Z</time></trkpt>
    <trkpt lat="47.04158" lon="11.42482"><ele>2158</ele><time>2022-08-02T09:08:43Z</time></trkpt>
    <trkpt lat="47.04137" lon="11.42480"><ele>2158</ele><time>2022-08-02T09:09:02Z</time></trkpt>
    <trkpt lat="47.04123" lon="11.42474"><ele>2156</ele><time>2022-08-02T09:09:20Z</time></trkpt>
    <trkpt lat="47.04101" lon="11.42460"><ele>2153</ele><time>2022-08-02T09:09:39Z</time></trkpt>
    <trkpt lat="47.04086" lon="11.42445"><ele>2155</ele><time>2022-08-02T09:09:57Z</time></trkpt>
    <trkpt lat="47.04068" lon="11.42451"><ele>2162</ele><time>2022-08-02T09:10:16Z</time></trkpt>
    <trkpt lat="47.04052" lon="11.42428"><ele>2146</ele><time>2022-08-02T09:10:35Z</time></trkpt>
    <trkpt lat="47.04038" lon="11.42408"><ele>2142</ele><time>2022-08-02T09:10:53Z</time></trkpt>
    <trkpt lat="47.04020" lon="11.42412"><ele>2141</ele><time>2022-08-02T09:11:11Z</time></trkpt>
    <trkpt lat="47.04004" lon="11.42401"><ele>2146</ele><time>2022-08-02T09:11:30Z</time></trkpt>
    <trkpt lat="47.03993" lon="11.42386"><ele>2149</ele><time>2022-08-02T09:11:49Z</time></trkpt>
    <trkpt lat="47.03986" lon="11.42360"><ele>2151</ele><time>2022-08-02T09:12:07Z</time></trkpt>
    <trkpt lat="47.03977" lon="11.42341"><ele>2153</ele><time>2022-08-02T09:12:25Z</time></trkpt>
    <trkpt lat="47.03955" lon="11.42334"><ele>2149</ele><time>2022-08-02T09:12:44Z</time></trkpt>
    <trkpt lat="47.03945" lon="11.42315"><ele>2145</ele><time>2022-08-02T09:13:02Z</time></trkpt>
    <trkpt lat="47.03935" lon="11.42292"><ele>2148</ele><time>2022-08-02T09:13:20Z</time></trkpt>
    <trkpt lat="47.03920" lon="11.42271"><ele>2151</ele><time>2022-08-02T09:13:39Z</time></trkpt>
    <trkpt lat="47.03912" lon="11.42247"><ele>2157</ele><time>2022-08-02T09:13:57Z</time></trkpt>
    <trkpt lat="47.03888" lon="11.42236"><ele>2155</ele><time>2022-08-02T09:14:16Z</time></trkpt>
    <trkpt lat="47.03871" lon="11.42220"><ele>2150</ele><time>2022-08-02T09:14:35Z</time></trkpt>
    <trkpt lat="47.03862" lon="11.42192"><ele>2150</ele><time>2022-08-02T09:14:54Z</time></trkpt>
    <trkpt lat="47.03838" lon="11.42179"><ele>2153</ele><time>2022-08-02T09:15:13Z</time></trkpt>
    <trkpt lat="47.03821" lon="11.42161"><ele>2154</ele><time>2022-08-02T09:15:31Z</time></trkpt>
    <trkpt lat="47.03809" lon="11.42139"><ele>2152</ele><time>2022-08-02T09:15:50Z</time></trkpt>
    <trkpt lat="47.03792" lon="11.42129"><ele>2197</ele><time>2022-08-02T09:16:08Z</time></trkpt>
    <trkpt lat="47.03779" lon="11.42119"><ele>2152</ele><time>2022-08-02T09:16:27Z</time></trkpt>
    <trkpt lat="47.03783" lon="11.42095"><ele>2149</ele><time>2022-08-02T09:16:46Z</time></trkpt>
    <trkpt lat="47.03773" lon="11.42071"><ele>2147</ele><time>2022-08-02T09:17:05Z</time></trkpt>
    <trkpt lat="47.03763" lon="11.42045"><ele>2152</ele><time>2022-08-02T09:17:24Z</time></trkpt>
    <trkpt lat="47.03769" lon="11.42024"><ele>2154</ele><time>2022-08-02T09:17:43Z</time></trkpt>
    <trkpt lat="47.03760" lon="11.42024"><ele>2138</ele><time>2022-08-02T09:18:19Z</time></trkpt>
    <trkpt lat="47.03767" lon="11.41991"><ele>2145</ele><time>2022-08-02T09:18:38Z</time></trkpt>
    <trkpt lat="47.03762" lon="11.41960"><ele>2143</ele><time>2022-08-02T09:18:57Z</time></trkpt>
    <trkpt lat="47.03749" lon="11.41952"><ele>2147</ele><time>2022-08-02T09:19:15Z</time></trkpt>
    <trkpt lat="47.03749" lon="11.41930"><ele>2146</ele><time>2022-08-02T09:19:33Z</time></trkpt>
    <trkpt lat="47.03731" lon="11.41930"><ele>2141</ele><time>2022-08-02T09:19:52Z</time></trkpt>
    <trkpt lat="47.03717" lon="11.41903"><ele>2126</ele><time>2022-08-02T09:20:10Z</time></trkpt>
    <trkpt lat="47.03716" lon="11.41886"><ele>2139</ele><time>2022-08-02T09:20:29Z</time></trkpt>
    <trkpt lat="47.03699" lon="11.41864"><ele>2148</ele><time>2022-08-02T09:20:47Z</time></trkpt>
    <trkpt lat="47.03696" lon="11.41842"><ele>2146</ele><time>2022-08-02T09:21:06Z</time></trkpt>
    <trkpt lat="47.03682" lon="11.41829"><ele>2161</ele><time>2022-08-02T09:21:24Z</time></trkpt>
    <trkpt lat="47.03682" lon="11.41810"><ele>2159</ele><time>2022-08-02T09:21:42Z</time></trkpt>
    <trkpt lat="47.03659" lon="11.41785"><ele>2148</ele><time>2022-08-02T09:22:20Z</time></trkpt>
    <trkpt lat="47.03635" lon="11.41760"><ele>2161</ele><time>2022-08-02T09:22:57Z</time></trkpt>
    <trkpt lat="47.03627" lon="11.41738"><ele>2164</ele><time>2022-08-02T09:23:16Z</time></trkpt>
    <trkpt lat="47.03620" lon="11.41728"><ele>2161</ele><time>2022-08-02T09:23:35Z</time></trkpt>
    <trkpt lat="47.03617" lon="11.41715"><ele>2159</ele><time>2022-08-02T09:24:04Z</time></trkpt>
    <trkpt lat="47.03601" lon="11.41698"><ele>2163</ele><time>2022-08-02T09:25:55Z</time></trkpt>
    <trkpt lat="47.03593" lon="11.41676"><ele>2181</ele><time>2022-08-02T09:26:14Z</time></trkpt>
    <trkpt lat="47.03583" lon="11.41659"><ele>2180</ele><time>2022-08-02T09:26:33Z</time></trkpt>
    <trkpt lat="47.03583" lon="11.41645"><ele>2170</ele><time>2022-08-02T09:27:35Z</time></trkpt>
    <trkpt lat="47.03584" lon="11.41629"><ele>2174</ele><time>2022-08-02T09:27:54Z</time></trkpt>
    <trkpt lat="47.03574" lon="11.41622"><ele>2109</ele><time>2022-08-02T09:28:49Z</time></trkpt>
    <trkpt lat="47.03571" lon="11.41596"><ele>2176</ele><time>2022-08-02T09:29:08Z</time></trkpt>
    <trkpt lat="47.03567" lon="11.41568"><ele>2167</ele><time>2022-08-02T09:29:27Z</time></trkpt>
    <trkpt lat="47.03560" lon="11.41547"><ele>2164</ele><time>2022-08-02T09:29:46Z</time></trkpt>
    <trkpt lat="47.03555" lon="11.41527"><ele>2165</ele><time>2022-08-02T09:30:04Z</time></trkpt>
    <trkpt lat="47.03542" lon="11.41494"><ele>2169</ele><time>2022-08-02T09:30:23Z</time></trkpt>
    <trkpt lat="47.03539" lon="11.41465"><ele>2164</ele><time>2022-08-02T09:30:41Z</time></trkpt>
    <trkpt lat="47.03541" lon="11.41452"><ele>2166</ele><time>2022-08-02T09:31:19Z</time></trkpt>
    <trkpt lat="47.03522" lon="11.41424"><ele>2172</ele><time>2022-08-02T09:31:37Z</time></trkpt>
    <trkpt lat="47.03509" lon="11.41388"><ele>2081</ele><time>2022-08-02T09:31:55Z</time></trkpt>
    <trkpt lat="47.03504" lon="11.41372"><ele>2161</ele><time>2022-08-02T09:32:14Z</time></trkpt>
    <trkpt lat="47.03511" lon="11.41360"><ele>2172</ele><time>2022-08-02T09:33:06Z</time></trkpt>
    <trkpt lat="47.03504" lon="11.41345"><ele>2174</ele><time>2022-08-02T09:33:25Z</time></trkpt>
    <trkpt lat="47.03502" lon="11.41314"><ele>2180</ele><time>2022-08-02T09:33:44Z</time></trkpt>
    <trkpt lat="47.03496" lon="11.41282"><ele>2180</ele><time>2022-08-02T09:34:03Z</time></trkpt>
    <trkpt lat="47.03494" lon="11.41248"><ele>2184</ele><time>2022-08-02T09:34:22Z</time></trkpt>
    <trkpt lat="47.03496" lon="11.41226"><ele>2178</ele><time>2022-08-02T09:34:41Z</time></trkpt>
    <trkpt lat="47.03486" lon="11.41193"><ele>2180</ele><time>2022-08-02T09:35:00Z</time></trkpt>
    <trkpt lat="47.03487" lon="11.41159"><ele>2176</ele><time>2022-08-02T09:35:18Z</time></trkpt>
    <trkpt lat="47.03471" lon="11.41126"><ele>2181</ele><time>2022-08-02T09:35:37Z</time></trkpt>
    <trkpt lat="47.03470" lon="11.41098"><ele>2177</ele><time>2022-08-02T09:35:56Z</time></trkpt>
    <trkpt lat="47.03464" lon="11.41060"><ele>2118</ele><time>2022-08-02T09:36:15Z</time></trkpt>
    <trkpt lat="47.03459" lon="11.41033"><ele>2171</ele><time>2022-08-02T09:36:34Z</time></trkpt>
    <trkpt lat="47.03460" lon="11.41006"><ele>2180</ele><time>2022-08-02T09:36:52Z</time></trkpt>
    <trkpt lat="47.03454" lon="11.40975"><ele>2177</ele><time>2022-08-02T09:37:11Z</time></trkpt>
    <trkpt lat="47.03459" lon="11.40943"><ele>2167</ele><time>2022-08-02T09:37:29Z</time></trkpt>
    <trkpt lat="47.03449" lon="11.40918"><ele>2165</ele><time>2022-08-02T09:37:48Z</time></trkpt>
    <trkpt lat="47.03427" lon="11.40892"><ele>2164</ele><time>2022-08-02T09:38:07Z</time></trkpt>
    <trkpt lat="47.03410" lon="11.40863"><ele>2165</ele><time>2022-08-02T09:38:26Z</time></trkpt>
    <trkpt lat="47.03408" lon="11.40846"><ele>2161</ele><time>2022-08-02T09:38:45Z</time></trkpt>
    <trkpt lat="47.03413" lon="11.40815"><ele>2161</ele><time>2022-08-02T09:39:03Z</time></trkpt>
    <trkpt lat="47.03412" lon="11.40795"><ele>2165</ele><time>2022-08-02T09:39:22Z</time></trkpt>
    <trkpt lat="47.03429" lon="11.40770"><ele>2163</ele><time>2022-08-02T09:39:41Z</time></trkpt>
    <trkpt lat="47.03417" lon="11.40741"><ele>2156</ele><time>2022-08-02T09:39:59Z</time></trkpt>
    <trkpt lat="47.03419" lon="11.40712"><ele>2156</ele><time>2022-08-02T09:40:18Z</time></trkpt>
    <trkpt lat="47.03410" lon="11.40685"><ele>2153</ele><time>2022-08-02T09:40:37Z</time></trkpt>
    <trkpt lat="47.03405" lon="11.40663"><ele>2149</ele><time>2022-08-02T09:40:56Z</time></trkpt>
    <trkpt lat="47.03393" lon="11.40650"><ele>2160</ele><time>2022-08-02T09:41:14Z</time></trkpt>
    <trkpt lat="47.03391" lon="11.40617"><ele>2162</ele><time>2022-08-02T09:41:57Z</time></trkpt>
    <trkpt lat="47.03387" lon="11.40586"><ele>2164</ele><time>2022-08-02T09:42:16Z</time></trkpt>
    <trkpt lat="47.03377" lon="11.40578"><ele>2172</ele><time>2022-08-02T09:42:34Z</time></trkpt>
    <trkpt lat="47.03364" lon="11.40571"><ele>2173</ele><time>2022-08-02T09:42:53Z</time></trkpt>
    <trkpt lat="47.03354" lon="11.40553"><ele>2187</ele><time>2022-08-02T09:43:12Z</time></trkpt>
    <trkpt lat="47.03352" lon="11.40533"><ele>2181</ele><time>2022-08-02T09:43:31Z</time></trkpt>
    <trkpt lat="47.03335" lon="11.40507"><ele>2180</ele><time>2022-08-02T09:43:49Z</time></trkpt>
    <trkpt lat="47.03328" lon="11.40474"><ele>2184</ele><time>2022-08-02T09:44:07Z</time></trkpt>
    <trkpt lat="47.03321" lon="11.40450"><ele>2197</ele><time>2022-08-02T09:44:26Z</time></trkpt>
    <trkpt lat="47.03325" lon="11.40426"><ele>2184</ele><time>2022-08-02T09:44:45Z</time></trkpt>
    <trkpt lat="47.03329" lon="11.40397"><ele>2188</ele><time>2022-08-02T09:45:03Z</time></trkpt>
    <trkpt lat="47.03334" lon="11.40372"><ele>2183</ele><time>2022-08-02T09:45:22Z</time></trkpt>
    <trkpt lat="47.03327" lon="11.40355"><ele>2173</ele><time>2022-08-02T09:45:41Z</time></trkpt>
    <trkpt lat="47.03314" lon="11.40331"><ele>2197</ele><time>2022-08-02T09:45:59Z</time></trkpt>
    <trkpt lat="47.03305" lon="11.40306"><ele>2196</ele><time>2022-08-02T09:46:18Z</time></trkpt>
    <trkpt lat="47.03293" lon="11.40280"><ele>2204</ele><time>2022-08-02T09:46:36Z</time></trkpt>
    <trkpt lat="47.03270" lon="11.40262"><ele>2196</ele><time>2022-08-02T09:46:55Z</time></trkpt>
    <trkpt lat="47.03252" lon="11.40242"><ele>2186</ele><time>2022-08-02T09:47:14Z</time></trkpt>
    <trkpt lat="47.03240" lon="11.40217"><ele>2194</ele><time>2022-08-02T09:47:33Z</time></trkpt>
    <trkpt lat="47.03224" lon="11.40198"><ele>2187</ele><time>2022-08-02T09:47:51Z</time></trkpt>
    <trkpt lat="47.03204" lon="11.40163"><ele>2186</ele><time>2022-08-02T09:48:58Z</time></trkpt>
    <trkpt lat="47.03190" lon="11.40148"><ele>2185</ele><time>2022-08-02T09:49:16Z</time></trkpt>
    <trkpt lat="47.03184" lon="11.40117"><ele>2148</ele><time>2022-08-02T09:49:35Z</time></trkpt>
    <trkpt lat="47.03165" lon="11.40106"><ele>2176</ele><time>2022-08-02T09:49:54Z</time></trkpt>
    <trkpt lat="47.03148" lon="11.40079"><ele>2173</ele><time>2022-08-02T09:50:12Z</time></trkpt>
    <trkpt lat="47.03126" lon="11.40070"><ele>2166</ele><time>2022-08-02T09:50:30Z</time></trkpt>
    <trkpt lat="47.03104" lon="11.40053"><ele>2164</ele><time>2022-08-02T09:50:49Z</time></trkpt>
    <trkpt lat="47.03093" lon="11.40031"><ele>2036</ele><time>2022-08-02T09:51:07Z</time></trkpt>
    <trkpt lat="47.03078" lon="11.40010"><ele>2149</ele><time>2022-08-02T09:51:25Z</time></trkpt>
    <trkpt lat="47.03065" lon="11.39988"><ele>2148</ele><time>2022-08-02T09:51:44Z</time></trkpt>
    <trkpt lat="47.03041" lon="11.39962"><ele>2152</ele><time>2022-08-02T09:52:02Z</time></trkpt>
    <trkpt lat="47.03026" lon="11.39939"><ele>2157</ele><time>2022-08-02T09:52:20Z</time></trkpt>
    <trkpt lat="47.03012" lon="11.39902"><ele>2159</ele><time>2022-08-02T09:52:39Z</time></trkpt>
    <trkpt lat="47.02994" lon="11.39880"><ele>2142</ele><time>2022-08-02T09:52:57Z</time></trkpt>
    <trkpt lat="47.02991" lon="11.39856"><ele>2154</ele><time>2022-08-02T09:53:15Z</time></trkpt>
    <trkpt lat="47.02982" lon="11.39831"><ele>2157</ele><time>2022-08-02T09:53:34Z</time></trkpt>
    <trkpt lat="47.02967" lon="11.39797"><ele>2164</ele><time>2022-08-02T09:53:53Z</time></trkpt>
    <trkpt lat="47.02954" lon="11.39773"><ele>2158</ele><time>2022-08-02T09:54:11Z</time></trkpt>
    <trkpt lat="47.02946" lon="11.39753"><ele>2163</ele><time>2022-08-02T09:54:30Z</time></trkpt>
    <trkpt lat="47.02932" lon="11.39722"><ele>2165</ele><time>2022-08-02T09:54:49Z</time></trkpt>
    <trkpt lat="47.02923" lon="11.39703"><ele>2173</ele><time>2022-08-02T09:55:06Z</time></trkpt>
    <trkpt lat="47.02919" lon="11.39677"><ele>2178</ele><time>2022-08-02T09:55:25Z</time></trkpt>
    <trkpt lat="47.02916" lon="11.39656"><ele>2179</ele><time>2022-08-02T09:55:44Z</time></trkpt>
    <trkpt lat="47.02913" lon="11.39637"><ele>2182</ele><time>2022-08-02T09:56:03Z</time></trkpt>
    <trkpt lat="47.02904" lon="11.39629"><ele>2185</ele><time>2022-08-02T09:56:21Z</time></trkpt>
    <trkpt lat="47.02900" lon="11.39611"><ele>2180</ele><time>2022-08-02T09:56:38Z</time></trkpt>
    <trkpt lat="47.02888" lon="11.39589"><ele>2178</ele><time>2022-08-02T09:56:58Z</time></trkpt>
    <trkpt lat="47.02887" lon="11.39567"><ele>2184</ele><time>2022-08-02T09:57:17Z</time></trkpt>
    <trkpt lat="47.02876" lon="11.39568"><ele>2179</ele><time>2022-08-02T09:57:36Z</time></trkpt>
    <trkpt lat="47.02868" lon="11.39539"><ele>2198</ele><time>2022-08-02T09:58:16Z</time></trkpt>
    <trkpt lat="47.02862" lon="11.39529"><ele>2206</ele><time>2022-08-02T09:58:35Z</time></trkpt>
    <trkpt lat="47.02857" lon="11.39508"><ele>2206</ele><time>2022-08-02T09:58:54Z</time></trkpt>
    <trkpt lat="47.02848" lon="11.39495"><ele>2215</ele><time>2022-08-02T09:59:12Z</time></trkpt>
    <trkpt lat="47.02850" lon="11.39462"><ele>2226</ele><time>2022-08-02T09:59:55Z</time></trkpt>
    <trkpt lat="47.02834" lon="11.39476"><ele>2224</ele><time>2022-08-02T10:00:14Z</time></trkpt>
    <trkpt lat="47.02842" lon="11.39462"><ele>2238</ele><time>2022-08-02T10:00:32Z</time></trkpt>
    <trkpt lat="47.02830" lon="11.39440"><ele>2237</ele><time>2022-08-02T10:00:50Z</time></trkpt>
    <trkpt lat="47.02827" lon="11.39427"><ele>2237</ele><time>2022-08-02T10:01:14Z</time></trkpt>
    <trkpt lat="47.02821" lon="11.39416"><ele>2233</ele><time>2022-08-02T10:01:32Z</time></trkpt>
    <trkpt lat="47.02817" lon="11.39387"><ele>2234</ele><time>2022-08-02T10:01:50Z</time></trkpt>
    <trkpt lat="47.02813" lon="11.39372"><ele>2238</ele><time>2022-08-02T10:02:09Z</time></trkpt>
    <trkpt lat="47.02793" lon="11.39362"><ele>2249</ele><time>2022-08-02T10:02:53Z</time></trkpt>
    <trkpt lat="47.02798" lon="11.39344"><ele>2259</ele><time>2022-08-02T10:03:31Z</time></trkpt>
    <trkpt lat="47.02804" lon="11.39321"><ele>2263</ele><time>2022-08-02T10:04:14Z</time></trkpt>
    <trkpt lat="47.02797" lon="11.39305"><ele>2272</ele><time>2022-08-02T10:04:33Z</time></trkpt>
    <trkpt lat="47.02783" lon="11.39286"><ele>2270</ele><time>2022-08-02T10:04:52Z</time></trkpt>
    <trkpt lat="47.02770" lon="11.39263"><ele>2287</ele><time>2022-08-02T10:05:36Z</time></trkpt>
    <trkpt lat="47.02753" lon="11.39275"><ele>2301</ele><time>2022-08-02T10:05:55Z</time></trkpt>
    <trkpt lat="47.02735" lon="11.39249"><ele>2303</ele><time>2022-08-02T10:06:44Z</time></trkpt>
    <trkpt lat="47.02724" lon="11.39215"><ele>2303</ele><time>2022-08-02T10:07:29Z</time></trkpt>
    <trkpt lat="47.02734" lon="11.39211"><ele>2297</ele><time>2022-08-02T10:07:48Z</time></trkpt>
    <trkpt lat="47.02724" lon="11.39180"><ele>2303</ele><time>2022-08-02T10:08:06Z</time></trkpt>
    <trkpt lat="47.02733" lon="11.39177"><ele>2332</ele><time>2022-08-02T10:09:25Z</time></trkpt>
    <trkpt lat="47.02746" lon="11.39166"><ele>2346</ele><time>2022-08-02T10:10:07Z</time></trkpt>
    <trkpt lat="47.02739" lon="11.39151"><ele>2350</ele><time>2022-08-02T10:10:25Z</time></trkpt>
    <trkpt lat="47.02756" lon="11.39146"><ele>2345</ele><time>2022-08-02T10:11:03Z</time></trkpt>
    <trkpt lat="47.02759" lon="11.39131"><ele>2341</ele><time>2022-08-02T10:11:21Z</time></trkpt>
    <trkpt lat="47.02772" lon="11.39124"><ele>2345</ele><time>2022-08-02T10:11:39Z</time></trkpt>
    <trkpt lat="47.02770" lon="11.39107"><ele>2351</ele><time>2022-08-02T10:11:58Z</time></trkpt>
    <trkpt lat="47.02786" lon="11.39100"><ele>2368</ele><time>2022-08-02T10:12:41Z</time></trkpt>
    <trkpt lat="47.02789" lon="11.39075"><ele>2370</ele><time>2022-08-02T10:12:59Z</time></trkpt>
    <trkpt lat="47.02786" lon="11.39063"><ele>2382</ele><time>2022-08-02T10:13:25Z</time></trkpt>
    <trkpt lat="47.02797" lon="11.39078"><ele>2382</ele><time>2022-08-02T10:13:44Z</time></trkpt>
    <trkpt lat="47.02812" lon="11.39063"><ele>2383</ele><time>2022-08-02T10:14:20Z</time></trkpt>
    <trkpt lat="47.02826" lon="11.39057"><ele>2382</ele><time>2022-08-02T10:14:38Z</time></trkpt>
    <trkpt lat="47.02835" lon="11.39031"><ele>2393</ele><time>2022-08-02T10:14:57Z</time></trkpt>
    <trkpt lat="47.02840" lon="11.39019"><ele>2398</ele><time>2022-08-02T10:15:16Z</time></trkpt>
    <trkpt lat="47.02844" lon="11.39005"><ele>2395</ele><time>2022-08-02T10:15:35Z</time></trkpt>
    <trkpt lat="47.02850" lon="11.38989"><ele>2400</ele><time>2022-08-02T10:15:54Z</time></trkpt>
    <trkpt lat="47.02866" lon="11.38966"><ele>2404</ele><time>2022-08-02T10:16:32Z</time></trkpt>
    <trkpt lat="47.02867" lon="11.38934"><ele>2413</ele><time>2022-08-02T10:16:51Z</time></trkpt>
    <trkpt lat="47.02867" lon="11.38918"><ele>2416</ele><time>2022-08-02T10:17:10Z</time></trkpt>
    <trkpt lat="47.02875" lon="11.38906"><ele>2426</ele><time>2022-08-02T10:17:28Z</time></trkpt>
    <trkpt lat="47.02869" lon="11.38876"><ele>2422</ele><time>2022-08-02T10:17:47Z</time></trkpt>
    <trkpt lat="47.02881" lon="11.38856"><ele>2425</ele><time>2022-08-02T10:18:06Z</time></trkpt>
    <trkpt lat="47.02884" lon="11.38824"><ele>2433</ele><time>2022-08-02T10:18:47Z</time></trkpt>
    <trkpt lat="47.02894" lon="11.38806"><ele>2436</ele><time>2022-08-02T10:19:36Z</time></trkpt>
    <trkpt lat="47.02900" lon="11.38792"><ele>2451</ele><time>2022-08-02T10:20:22Z</time></trkpt>
    <trkpt lat="47.02898" lon="11.38777"><ele>2452</ele><time>2022-08-02T10:20:41Z</time></trkpt>
    <trkpt lat="47.02902" lon="11.38763"><ele>2453</ele><time>2022-08-02T10:20:59Z</time></trkpt>
    <trkpt lat="47.02906" lon="11.38736"><ele>2469</ele><time>2022-08-02T10:21:36Z</time></trkpt>
    <trkpt lat="47.02909" lon="11.38714"><ele>2476</ele><time>2022-08-02T10:22:29Z</time></trkpt>
    <trkpt lat="47.02916" lon="11.38706"><ele>2479</ele><time>2022-08-02T10:22:48Z</time></trkpt>
    <trkpt lat="47.02929" lon="11.38693"><ele>2484</ele><time>2022-08-02T10:23:37Z</time></trkpt>
    <trkpt lat="47.02932" lon="11.38679"><ele>2490</ele><time>2022-08-02T10:24:21Z</time></trkpt>
    <trkpt lat="47.02919" lon="11.38690"><ele>2480</ele><time>2022-08-02T10:25:12Z</time></trkpt>
    <trkpt lat="47.02937" lon="11.38701"><ele>2477</ele><time>2022-08-02T10:25:31Z</time></trkpt>
    <trkpt lat="47.02934" lon="11.38689"><ele>2477</ele><time>2022-08-02T10:25:56Z</time></trkpt>
    <trkpt lat="47.02934" lon="11.38668"><ele>2481</ele><time>2022-08-02T10:26:14Z</time></trkpt>
    <trkpt lat="47.02919" lon="11.38678"><ele>2494</ele><time>2022-08-02T10:26:32Z</time></trkpt>
    <trkpt lat="47.02930" lon="11.38676"><ele>2493</ele><time>2022-08-02T10:26:50Z</time></trkpt>
    <trkpt lat="47.02926" lon="11.38693"><ele>2485</ele><time>2022-08-02T10:27:09Z</time></trkpt>
    <trkpt lat="47.02936" lon="11.38692"><ele>2491</ele><time>2022-08-02T10:29:16Z</time></trkpt>
    <trkpt lat="47.02925" lon="11.38697"><ele>2489</ele><time>2022-08-02T10:30:28Z</time></trkpt>
    <trkpt lat="47.02918" lon="11.38680"><ele>2478</ele><time>2022-08-02T10:33:30Z</time></trkpt>
    <trkpt lat="47.02914" lon="11.38720"><ele>2467</ele><time>2022-08-02T10:34:08Z</time></trkpt>
    <trkpt lat="47.02923" lon="11.38706"><ele>2469</ele><time>2022-08-02T10:34:27Z</time></trkpt>
    <trkpt lat="47.02909" lon="11.38746"><ele>2465</ele><time>2022-08-02T10:34:46Z</time></trkpt>
    <trkpt lat="47.02904" lon="11.38773"><ele>2459</ele><time>2022-08-02T10:35:04Z</time></trkpt>
    <trkpt lat="47.02906" lon="11.38798"><ele>2442</ele><time>2022-08-02T10:35:22Z</time></trkpt>
    <trkpt lat="47.02902" lon="11.38770"><ele>2435</ele><time>2022-08-02T10:35:41Z</time></trkpt>
    <trkpt lat="47.02902" lon="11.38797"><ele>2430</ele><time>2022-08-02T10:35:59Z</time></trkpt>
    <trkpt lat="47.02890" lon="11.38829"><ele>2426</ele><time>2022-08-02T10:36:18Z</time></trkpt>
    <trkpt lat="47.02889" lon="11.38843"><ele>2423</ele><time>2022-08-02T10:36:48Z</time></trkpt>
    <trkpt lat="47.02872" lon="11.38874"><ele>2418</ele><time>2022-08-02T10:37:07Z</time></trkpt>
    <trkpt lat="47.02874" lon="11.38887"><ele>2418</ele><time>2022-08-02T10:37:26Z</time></trkpt>
    <trkpt lat="47.02868" lon="11.38921"><ele>2416</ele><time>2022-08-02T10:37:44Z</time></trkpt>
    <trkpt lat="47.02860" lon="11.38943"><ele>2412</ele><time>2022-08-02T10:38:02Z</time></trkpt>
    <trkpt lat="47.02860" lon="11.38925"><ele>2390</ele><time>2022-08-02T10:38:39Z</time></trkpt>
    <trkpt lat="47.02846" lon="11.38962"><ele>2382</ele><time>2022-08-02T10:38:57Z</time></trkpt>
    <trkpt lat="47.02836" lon="11.39011"><ele>2385</ele><time>2022-08-02T10:39:16Z</time></trkpt>
    <trkpt lat="47.02827" lon="11.39037"><ele>2385</ele><time>2022-08-02T10:39:34Z</time></trkpt>
    <trkpt lat="47.02814" lon="11.39045"><ele>2387</ele><time>2022-08-02T10:39:53Z</time></trkpt>
    <trkpt lat="47.02804" lon="11.39051"><ele>2372</ele><time>2022-08-02T10:40:12Z</time></trkpt>
    <trkpt lat="47.02795" lon="11.39050"><ele>2370</ele><time>2022-08-02T10:40:30Z</time></trkpt>
    <trkpt lat="47.02787" lon="11.39068"><ele>2364</ele><time>2022-08-02T10:40:48Z</time></trkpt>
    <trkpt lat="47.02783" lon="11.39104"><ele>2357</ele><time>2022-08-02T10:41:07Z</time></trkpt>
    <trkpt lat="47.02767" lon="11.39116"><ele>2345</ele><time>2022-08-02T10:41:44Z</time></trkpt>
    <trkpt lat="47.02765" lon="11.39131"><ele>2344</ele><time>2022-08-02T10:42:01Z</time></trkpt>
    <trkpt lat="47.02754" lon="11.39137"><ele>2349</ele><time>2022-08-02T10:42:21Z</time></trkpt>
    <trkpt lat="47.02746" lon="11.39153"><ele>2342</ele><time>2022-08-02T10:42:40Z</time></trkpt>
    <trkpt lat="47.02747" lon="11.39178"><ele>2336</ele><time>2022-08-02T10:42:58Z</time></trkpt>
    <trkpt lat="47.02730" lon="11.39186"><ele>2335</ele><time>2022-08-02T10:43:16Z</time></trkpt>
    <trkpt lat="47.02733" lon="11.39210"><ele>2328</ele><time>2022-08-02T10:43:57Z</time></trkpt>
    <trkpt lat="47.02728" lon="11.39236"><ele>2317</ele><time>2022-08-02T10:44:16Z</time></trkpt>
    <trkpt lat="47.02732" lon="11.39255"><ele>2314</ele><time>2022-08-02T10:44:35Z</time></trkpt>
    <trkpt lat="47.02740" lon="11.39268"><ele>2307</ele><time>2022-08-02T10:44:54Z</time></trkpt>
    <trkpt lat="47.02748" lon="11.39275"><ele>2300</ele><time>2022-08-02T10:45:14Z</time></trkpt>
    <trkpt lat="47.02759" lon="11.39289"><ele>2302</ele><time>2022-08-02T10:45:32Z</time></trkpt>
    <trkpt lat="47.02768" lon="11.39300"><ele>2301</ele><time>2022-08-02T10:45:50Z</time></trkpt>
    <trkpt lat="47.02787" lon="11.39307"><ele>2283</ele><time>2022-08-02T10:46:09Z</time></trkpt>
    <trkpt lat="47.02804" lon="11.39332"><ele>2269</ele><time>2022-08-02T10:46:47Z</time></trkpt>
    <trkpt lat="47.02801" lon="11.39357"><ele>2262</ele><time>2022-08-02T10:47:06Z</time></trkpt>
    <trkpt lat="47.02806" lon="11.39372"><ele>2262</ele><time>2022-08-02T10:47:25Z</time></trkpt>
    <trkpt lat="47.02811" lon="11.39413"><ele>2255</ele><time>2022-08-02T10:48:07Z</time></trkpt>
    <trkpt lat="47.02826" lon="11.39413"><ele>2248</ele><time>2022-08-02T10:48:25Z</time></trkpt>
    <trkpt lat="47.02832" lon="11.39426"><ele>2241</ele><time>2022-08-02T10:48:43Z</time></trkpt>
    <trkpt lat="47.02834" lon="11.39448"><ele>2228</ele><time>2022-08-02T10:49:02Z</time></trkpt>
    <trkpt lat="47.02835" lon="11.39473"><ele>2226</ele><time>2022-08-02T10:49:21Z</time></trkpt>
    <trkpt lat="47.02844" lon="11.39478"><ele>2229</ele><time>2022-08-02T10:49:41Z</time></trkpt>
    <trkpt lat="47.02853" lon="11.39498"><ele>2218</ele><time>2022-08-02T10:49:59Z</time></trkpt>
    <trkpt lat="47.02856" lon="11.39510"><ele>2220</ele><time>2022-08-02T10:50:18Z</time></trkpt>
    <trkpt lat="47.02865" lon="11.39533"><ele>2207</ele><time>2022-08-02T10:50:37Z</time></trkpt>
    <trkpt lat="47.02881" lon="11.39548"><ele>2202</ele><time>2022-08-02T10:50:55Z</time></trkpt>
    <trkpt lat="47.02876" lon="11.39579"><ele>2200</ele><time>2022-08-02T10:51:13Z</time></trkpt>
    <trkpt lat="47.02883" lon="11.39591"><ele>2183</ele><time>2022-08-02T10:51:32Z</time></trkpt>
    <trkpt lat="47.02896" lon="11.39591"><ele>2175</ele><time>2022-08-02T10:51:50Z</time></trkpt>
    <trkpt lat="47.02888" lon="11.39615"><ele>2177</ele><time>2022-08-02T10:52:09Z</time></trkpt>
    <trkpt lat="47.02914" lon="11.39644"><ele>2180</ele><time>2022-08-02T10:52:28Z</time></trkpt>
    <trkpt lat="47.02925" lon="11.39661"><ele>2169</ele><time>2022-08-02T10:52:46Z</time></trkpt>
    <trkpt lat="47.02931" lon="11.39681"><ele>2167</ele><time>2022-08-02T10:53:04Z</time></trkpt>
    <trkpt lat="47.02942" lon="11.39703"><ele>2160</ele><time>2022-08-02T10:53:23Z</time></trkpt>
    <trkpt lat="47.02942" lon="11.39722"><ele>2161</ele><time>2022-08-02T10:53:42Z</time></trkpt>
    <trkpt lat="47.02939" lon="11.39758"><ele>2164</ele><time>2022-08-02T10:54:00Z</time></trkpt>
    <trkpt lat="47.02951" lon="11.39788"><ele>2170</ele><time>2022-08-02T10:54:19Z</time></trkpt>
    <trkpt lat="47.02970" lon="11.39806"><ele>2168</ele><time>2022-08-02T10:54:37Z</time></trkpt>
    <trkpt lat="47.02983" lon="11.39837"><ele>2162</ele><time>2022-08-02T10:54:56Z</time></trkpt>
    <trkpt lat="47.03003" lon="11.39859"><ele>2166</ele><time>2022-08-02T10:55:15Z</time></trkpt>
    <trkpt lat="47.03016" lon="11.39892"><ele>2160</ele><time>2022-08-02T10:55:34Z</time></trkpt>
    <trkpt lat="47.03039" lon="11.39927"><ele>2162</ele><time>2022-08-02T10:55:52Z</time></trkpt>
    <trkpt lat="47.03023" lon="11.39962"><ele>2154</ele><time>2022-08-02T10:56:11Z</time></trkpt>
    <trkpt lat="47.03017" lon="11.39984"><ele>2130</ele><time>2022-08-02T10:56:29Z</time></trkpt>
    <trkpt lat="47.03039" lon="11.40013"><ele>2144</ele><time>2022-08-02T10:56:48Z</time></trkpt>
    <trkpt lat="47.03051" lon="11.40038"><ele>2143</ele><time>2022-08-02T10:57:06Z</time></trkpt>
    <trkpt lat="47.03059" lon="11.40061"><ele>2147</ele><time>2022-08-02T10:57:25Z</time></trkpt>
    <trkpt lat="47.03067" lon="11.40076"><ele>2145</ele><time>2022-08-02T10:57:43Z</time></trkpt>
    <trkpt lat="47.03071" lon="11.40104"><ele>2148</ele><time>2022-08-02T10:58:01Z</time></trkpt>
    <trkpt lat="47.03077" lon="11.40147"><ele>2143</ele><time>2022-08-02T10:58:20Z</time></trkpt>
    <trkpt lat="47.03076" lon="11.40186"><ele>2128</ele><time>2022-08-02T10:59:10Z</time></trkpt>
    <trkpt lat="47.03066" lon="11.40213"><ele>2125</ele><time>2022-08-02T10:59:28Z</time></trkpt>
    <trkpt lat="47.03077" lon="11.40252"><ele>2122</ele><time>2022-08-02T10:59:47Z</time></trkpt>
    <trkpt lat="47.03078" lon="11.40278"><ele>2123</ele><time>2022-08-02T11:00:05Z</time></trkpt>
    <trkpt lat="47.03079" lon="11.40311"><ele>2103</ele><time>2022-08-02T11:00:23Z</time></trkpt>
    <trkpt lat="47.03085" lon="11.40336"><ele>2101</ele><time>2022-08-02T11:00:42Z</time></trkpt>
    <trkpt lat="47.03092" lon="11.40345"><ele>2105</ele><time>2022-08-02T11:01:00Z</time></trkpt>
    <trkpt lat="47.03096" lon="11.40377"><ele>2109</ele><time>2022-08-02T11:01:19Z</time></trkpt>
    <trkpt lat="47.03099" lon="11.40405"><ele>2101</ele><time>2022-08-02T11:01:38Z</time></trkpt>
    <trkpt lat="47.03095" lon="11.40430"><ele>2100</ele><time>2022-08-02T11:01:56Z</time></trkpt>
    <trkpt lat="47.03100" lon="11.40463"><ele>2106</ele><time>2022-08-02T11:02:15Z</time></trkpt>
    <trkpt lat="47.03099" lon="11.40490"><ele>2105</ele><time>2022-08-02T11:02:33Z</time></trkpt>
    <trkpt lat="47.03087" lon="11.40516"><ele>2099</ele><time>2022-08-02T11:02:52Z</time></trkpt>
    <trkpt lat="47.03091" lon="11.40537"><ele>2098</ele><time>2022-08-02T11:03:10Z</time></trkpt>
    <trkpt lat="47.03086" lon="11.40581"><ele>2097</ele><time>2022-08-02T11:04:22Z</time></trkpt>
    <trkpt lat="47.03081" lon="11.40612"><ele>2097</ele><time>2022-08-02T11:04:41Z</time></trkpt>
    <trkpt lat="47.03073" lon="11.40638"><ele>2092</ele><time>2022-08-02T11:04:59Z</time></trkpt>
    <trkpt lat="47.03088" lon="11.40649"><ele>2092</ele><time>2022-08-02T11:05:18Z</time></trkpt>
    <trkpt lat="47.03111" lon="11.40657"><ele>2095</ele><time>2022-08-02T11:06:04Z</time></trkpt>
    <trkpt lat="47.03095" lon="11.40660"><ele>2099</ele><time>2022-08-02T11:07:35Z</time></trkpt>
    <trkpt lat="47.03081" lon="11.40695"><ele>2091</ele><time>2022-08-02T11:07:54Z</time></trkpt>
    <trkpt lat="47.03076" lon="11.40727"><ele>2093</ele><time>2022-08-02T11:08:12Z</time></trkpt>
    <trkpt lat="47.03075" lon="11.40750"><ele>2101</ele><time>2022-08-02T11:08:31Z</time></trkpt>
    <trkpt lat="47.03069" lon="11.40777"><ele>2086</ele><time>2022-08-02T11:09:13Z</time></trkpt>
    <trkpt lat="47.03066" lon="11.40806"><ele>2064</ele><time>2022-08-02T11:09:31Z</time></trkpt>
    <trkpt lat="47.03071" lon="11.40848"><ele>2091</ele><time>2022-08-02T11:10:23Z</time></trkpt>
    <trkpt lat="47.03082" lon="11.40873"><ele>2084</ele><time>2022-08-02T11:10:41Z</time></trkpt>
    <trkpt lat="47.03077" lon="11.40886"><ele>2088</ele><time>2022-08-02T11:11:21Z</time></trkpt>
    <trkpt lat="47.03070" lon="11.40896"><ele>1964</ele><time>2022-08-02T11:11:39Z</time></trkpt>
    <trkpt lat="47.03073" lon="11.40912"><ele>2090</ele><time>2022-08-02T11:12:01Z</time></trkpt>
    <trkpt lat="47.03077" lon="11.40947"><ele>2082</ele><time>2022-08-02T11:12:42Z</time></trkpt>
    <trkpt lat="47.03070" lon="11.40983"><ele>2074</ele><time>2022-08-02T11:13:01Z</time></trkpt>
    <trkpt lat="47.03078" lon="11.40998"><ele>2075</ele><time>2022-08-02T11:13:19Z</time></trkpt>
    <trkpt lat="47.03087" lon="11.41019"><ele>2175</ele><time>2022-08-02T11:13:38Z</time></trkpt>
    <trkpt lat="47.03104" lon="11.41030"><ele>2084</ele><time>2022-08-02T11:13:56Z</time></trkpt>
    <trkpt lat="47.03124" lon="11.41057"><ele>2057</ele><time>2022-08-02T11:14:54Z</time></trkpt>
    <trkpt lat="47.03138" lon="11.41086"><ele>2070</ele><time>2022-08-02T11:15:12Z</time></trkpt>
    <trkpt lat="47.03143" lon="11.41117"><ele>2075</ele><time>2022-08-02T11:15:31Z</time></trkpt>
    <trkpt lat="47.03161" lon="11.41130"><ele>2080</ele><time>2022-08-02T11:16:20Z</time></trkpt>
    <trkpt lat="47.03168" lon="11.41142"><ele>2078</ele><time>2022-08-02T11:16:38Z</time></trkpt>
    <trkpt lat="47.03194" lon="11.41161"><ele>2073</ele><time>2022-08-02T11:16:57Z</time></trkpt>
    <trkpt lat="47.03202" lon="11.41182"><ele>2073</ele><time>2022-08-02T11:17:15Z</time></trkpt>
    <trkpt lat="47.03218" lon="11.41187"><ele>2070</ele><time>2022-08-02T11:17:33Z</time></trkpt>
    <trkpt lat="47.03227" lon="11.41169"><ele>2076</ele><time>2022-08-02T11:20:19Z</time></trkpt>
    <trkpt lat="47.03222" lon="11.41181"><ele>2084</ele><time>2022-08-02T11:20:38Z</time></trkpt>
    <trkpt lat="47.03199" lon="11.41187"><ele>2110</ele><time>2022-08-02T11:21:58Z</time></trkpt>
    <trkpt lat="47.03217" lon="11.41191"><ele>2104</ele><time>2022-08-02T11:22:16Z</time></trkpt>
    <trkpt lat="47.03200" lon="11.41200"><ele>2069</ele><time>2022-08-02T11:23:05Z</time></trkpt>
    <trkpt lat="47.03201" lon="11.41241"><ele>2069</ele><time>2022-08-02T11:23:24Z</time></trkpt>
    <trkpt lat="47.03210" lon="11.41283"><ele>2074</ele><time>2022-08-02T11:23:42Z</time></trkpt>
    <trkpt lat="47.03207" lon="11.41306"><ele>2074</ele><time>2022-08-02T11:24:00Z</time></trkpt>
    <trkpt lat="47.03209" lon="11.41324"><ele>2072</ele><time>2022-08-02T11:24:18Z</time></trkpt>
    <trkpt lat="47.03218" lon="11.41329"><ele>2077</ele><time>2022-08-02T11:24:36Z</time></trkpt>
    <trkpt lat="47.03219" lon="11.41364"><ele>2073</ele><time>2022-08-02T11:24:55Z</time></trkpt>
    <trkpt lat="47.03224" lon="11.41387"><ele>2072</ele><time>2022-08-02T11:25:13Z</time></trkpt>
    <trkpt lat="47.03239" lon="11.41404"><ele>2076</ele><time>2022-08-02T11:25:32Z</time></trkpt>
    <trkpt lat="47.03249" lon="11.41422"><ele>2081</ele><time>2022-08-02T11:25:50Z</time></trkpt>
    <trkpt lat="47.03275" lon="11.41436"><ele>2082</ele><time>2022-08-02T11:26:35Z</time></trkpt>
    <trkpt lat="47.03290" lon="11.41438"><ele>2082</ele><time>2022-08-02T11:26:53Z</time></trkpt>
    <trkpt lat="47.03299" lon="11.41446"><ele>2088</ele><time>2022-08-02T11:27:11Z</time></trkpt>
    <trkpt lat="47.03298" lon="11.41432"><ele>2090</ele><time>2022-08-02T11:27:31Z</time></trkpt>
    <trkpt lat="47.03311" lon="11.41444"><ele>2091</ele><time>2022-08-02T11:27:50Z</time></trkpt>
    <trkpt lat="47.03323" lon="11.41444"><ele>2089</ele><time>2022-08-02T11:28:09Z</time></trkpt>
    <trkpt lat="47.03348" lon="11.41465"><ele>2101</ele><time>2022-08-02T11:29:00Z</time></trkpt>
    <trkpt lat="47.03359" lon="11.41468"><ele>2099</ele><time>2022-08-02T11:29:36Z</time></trkpt>
    <trkpt lat="47.03352" lon="11.41483"><ele>2092</ele><time>2022-08-02T11:29:55Z</time></trkpt>
    <trkpt lat="47.03384" lon="11.41487"><ele>2102</ele><time>2022-08-02T11:30:48Z</time></trkpt>
    <trkpt lat="47.03399" lon="11.41486"><ele>2105</ele><time>2022-08-02T11:31:07Z</time></trkpt>
    <trkpt lat="47.03397" lon="11.41468"><ele>2115</ele><time>2022-08-02T11:31:26Z</time></trkpt>
    <trkpt lat="47.03410" lon="11.41468"><ele>2116</ele><time>2022-08-02T11:31:44Z</time></trkpt>
    <trkpt lat="47.03423" lon="11.41470"><ele>2115</ele><time>2022-08-02T11:32:03Z</time></trkpt>
    <trkpt lat="47.03431" lon="11.41488"><ele>2112</ele><time>2022-08-02T11:32:22Z</time></trkpt>
    <trkpt lat="47.03453" lon="11.41505"><ele>2125</ele><time>2022-08-02T11:33:03Z</time></trkpt>
    <trkpt lat="47.03473" lon="11.41527"><ele>2129</ele><time>2022-08-02T11:33:43Z</time></trkpt>
    <trkpt lat="47.03490" lon="11.41541"><ele>2132</ele><time>2022-08-02T11:34:02Z</time></trkpt>
    <trkpt lat="47.03490" lon="11.41567"><ele>2136</ele><time>2022-08-02T11:34:21Z</time></trkpt>
    <trkpt lat="47.03501" lon="11.41579"><ele>2143</ele><time>2022-08-02T11:34:40Z</time></trkpt>
    <trkpt lat="47.03518" lon="11.41593"><ele>2144</ele><time>2022-08-02T11:34:58Z</time></trkpt>
    <trkpt lat="47.03542" lon="11.41602"><ele>2148</ele><time>2022-08-02T11:36:15Z</time></trkpt>
    <trkpt lat="47.03558" lon="11.41633"><ele>2146</ele><time>2022-08-02T11:36:34Z</time></trkpt>
    <trkpt lat="47.03572" lon="11.41664"><ele>2151</ele><time>2022-08-02T11:37:11Z</time></trkpt>
    <trkpt lat="47.03586" lon="11.41682"><ele>2151</ele><time>2022-08-02T11:37:49Z</time></trkpt>
    <trkpt lat="47.03593" lon="11.41701"><ele>2161</ele><time>2022-08-02T11:38:07Z</time></trkpt>
    <trkpt lat="47.03592" lon="11.41716"><ele>2163</ele><time>2022-08-02T11:38:26Z</time></trkpt>
    <trkpt lat="47.03605" lon="11.41733"><ele>2163</ele><time>2022-08-02T11:38:44Z</time></trkpt>
    <trkpt lat="47.03623" lon="11.41752"><ele>2169</ele><time>2022-08-02T11:39:03Z</time></trkpt>
    <trkpt lat="47.03640" lon="11.41788"><ele>2164</ele><time>2022-08-02T11:39:21Z</time></trkpt>
    <trkpt lat="47.03637" lon="11.41801"><ele>2165</ele><time>2022-08-02T11:39:40Z</time></trkpt>
    <trkpt lat="47.03660" lon="11.41817"><ele>2164</ele><time>2022-08-02T11:39:59Z</time></trkpt>
    <trkpt lat="47.03676" lon="11.41823"><ele>2156</ele><time>2022-08-02T11:40:18Z</time></trkpt>
    <trkpt lat="47.03687" lon="11.41842"><ele>2159</ele><time>2022-08-02T11:40:36Z</time></trkpt>
    <trkpt lat="47.03701" lon="11.41865"><ele>2155</ele><time>2022-08-02T11:40:55Z</time></trkpt>
    <trkpt lat="47.03707" lon="11.41889"><ele>2153</ele><time>2022-08-02T11:41:13Z</time></trkpt>
    <trkpt lat="47.03714" lon="11.41916"><ele>2154</ele><time>2022-08-02T11:41:31Z</time></trkpt>
    <trkpt lat="47.03727" lon="11.41935"><ele>2137</ele><time>2022-08-02T11:41:49Z</time></trkpt>
    <trkpt lat="47.03744" lon="11.41959"><ele>2151</ele><time>2022-08-02T11:42:08Z</time></trkpt>
    <trkpt lat="47.03753" lon="11.41977"><ele>2152</ele><time>2022-08-02T11:42:26Z</time></trkpt>
    <trkpt lat="47.03750" lon="11.41995"><ele>2125</ele><time>2022-08-02T11:42:45Z</time></trkpt>
    <trkpt lat="47.03764" lon="11.42008"><ele>2145</ele><time>2022-08-02T11:43:03Z</time></trkpt>
    <trkpt lat="47.03771" lon="11.42028"><ele>2144</ele><time>2022-08-02T11:43:21Z</time></trkpt>
    <trkpt lat="47.03771" lon="11.42046"><ele>2139</ele><time>2022-08-02T11:43:40Z</time></trkpt>
    <trkpt lat="47.03783" lon="11.42079"><ele>2136</ele><time>2022-08-02T11:43:58Z</time></trkpt>
    <trkpt lat="47.03783" lon="11.42111"><ele>2141</ele><time>2022-08-02T11:44:17Z</time></trkpt>
    <trkpt lat="47.03782" lon="11.42144"><ele>2141</ele><time>2022-08-02T11:44:35Z</time></trkpt>
    <trkpt lat="47.03793" lon="11.42164"><ele>2144</ele><time>2022-08-02T11:44:54Z</time></trkpt>
    <trkpt lat="47.03800" lon="11.42184"><ele>2145</ele><time>2022-08-02T11:45:12Z</time></trkpt>
    <trkpt lat="47.03805" lon="11.42201"><ele>2151</ele><time>2022-08-02T11:45:30Z</time></trkpt>
    <trkpt lat="47.03822" lon="11.42220"><ele>2151</ele><time>2022-08-02T11:45:49Z</time></trkpt>
    <trkpt lat="47.03845" lon="11.42230"><ele>2149</ele><time>2022-08-02T11:46:08Z</time></trkpt>
    <trkpt lat="47.03862" lon="11.42249"><ele>2150</ele><time>2022-08-02T11:46:27Z</time></trkpt>
    <trkpt lat="47.03873" lon="11.42265"><ele>2157</ele><time>2022-08-02T11:46:45Z</time></trkpt>
    <trkpt lat="47.03902" lon="11.42267"><ele>2156</ele><time>2022-08-02T11:47:04Z</time></trkpt>
    <trkpt lat="47.03919" lon="11.42281"><ele>2179</ele><time>2022-08-02T11:47:23Z</time></trkpt>
    <trkpt lat="47.03924" lon="11.42317"><ele>2147</ele><time>2022-08-02T11:47:42Z</time></trkpt>
    <trkpt lat="47.03928" lon="11.42348"><ele>2155</ele><time>2022-08-02T11:48:00Z</time></trkpt>
    <trkpt lat="47.03943" lon="11.42372"><ele>2159</ele><time>2022-08-02T11:48:19Z</time></trkpt>
    <trkpt lat="47.03964" lon="11.42384"><ele>2160</ele><time>2022-08-02T11:48:38Z</time></trkpt>
    <trkpt lat="47.03980" lon="11.42412"><ele>2158</ele><time>2022-08-02T11:48:56Z</time></trkpt>
    <trkpt lat="47.03996" lon="11.42434"><ele>2153</ele><time>2022-08-02T11:49:14Z</time></trkpt>
    <trkpt lat="47.04011" lon="11.42440"><ele>2152</ele><time>2022-08-02T11:49:33Z</time></trkpt>
    <trkpt lat="47.04028" lon="11.42444"><ele>2151</ele><time>2022-08-02T11:49:51Z</time></trkpt>
    <trkpt lat="47.04048" lon="11.42454"><ele>2147</ele><time>2022-08-02T11:50:10Z</time></trkpt>
    <trkpt lat="47.04061" lon="11.42458"><ele>2151</ele><time>2022-08-02T11:50:28Z</time></trkpt>
    <trkpt lat="47.04082" lon="11.42462"><ele>2147</ele><time>2022-08-02T11:50:46Z</time></trkpt>
    <trkpt lat="47.04086" lon="11.42474"><ele>2145</ele><time>2022-08-02T11:51:05Z</time></trkpt>
    <trkpt lat="47.04116" lon="11.42491"><ele>2147</ele><time>2022-08-02T11:51:23Z</time></trkpt>
    <trkpt lat="47.04138" lon="11.42492"><ele>2154</ele><time>2022-08-02T11:51:41Z</time></trkpt>
    <trkpt lat="47.04162" lon="11.42498"><ele>2151</ele><time>2022-08-02T11:52:00Z</time></trkpt>
    <trkpt lat="47.04189" lon="11.42500"><ele>2154</ele><time>2022-08-02T11:52:19Z</time></trkpt>
    <trkpt lat="47.04211" lon="11.42513"><ele>2155</ele><time>2022-08-02T11:52:38Z</time></trkpt>
    <trkpt lat="47.04224" lon="11.42519"><ele>2156</ele><time>2022-08-02T11:52:56Z</time></trkpt>
    <trkpt lat="47.04243" lon="11.42503"><ele>2157</ele><time>2022-08-02T11:53:15Z</time></trkpt>
    <trkpt lat="47.04254" lon="11.42495"><ele>2150</ele><time>2022-08-02T11:53:34Z</time></trkpt>
    <trkpt lat="47.04276" lon="11.42502"><ele>2149</ele><time>2022-08-02T11:53:53Z</time></trkpt>
    <trkpt lat="47.04302" lon="11.42522"><ele>2149</ele><time>2022-08-02T11:54:12Z</time></trkpt>
    <trkpt lat="47.04328" lon="11.42541"><ele>2150</ele><time>2022-08-02T11:54:31Z</time></trkpt>
    <trkpt lat="47.04340" lon="11.42548"><ele>2142</ele><time>2022-08-02T11:54:49Z</time></trkpt>
    <trkpt lat="47.04358" lon="11.42533"><ele>2138</ele><time>2022-08-02T11:55:07Z</time></trkpt>
    <trkpt lat="47.04374" lon="11.42555"><ele>2137</ele><time>2022-08-02T11:55:26Z</time></trkpt>
    <trkpt lat="47.04400" lon="11.42557"><ele>2129</ele><time>2022-08-02T11:55:45Z</time></trkpt>
    <trkpt lat="47.04418" lon="11.42566"><ele>2135</ele><time>2022-08-02T11:56:04Z</time></trkpt>
    <trkpt lat="47.04425" lon="11.42584"><ele>2142</ele><time>2022-08-02T11:56:22Z</time></trkpt>
    <trkpt lat="47.04445" lon="11.42585"><ele>2159</ele><time>2022-08-02T11:56:40Z</time></trkpt>
    <trkpt lat="47.04461" lon="11.42600"><ele>2151</ele><time>2022-08-02T11:56:58Z</time></trkpt>
    <trkpt lat="47.04478" lon="11.42613"><ele>2142</ele><time>2022-08-02T11:57:17Z</time></trkpt>
    <trkpt lat="47.04488" lon="11.42632"><ele>2143</ele><time>2022-08-02T11:57:35Z</time></trkpt>
    <trkpt lat="47.04508" lon="11.42651"><ele>2139</ele><time>2022-08-02T11:57:54Z</time></trkpt>
    <trkpt lat="47.04535" lon="11.42666"><ele>2152</ele><time>2022-08-02T11:58:12Z</time></trkpt>
    <trkpt lat="47.04525" lon="11.42658"><ele>2152</ele><time>2022-08-02T11:58:30Z</time></trkpt>
    <trkpt lat="47.04516" lon="11.42678"><ele>2129</ele><time>2022-08-02T12:01:26Z</time></trkpt>
    <trkpt lat="47.04543" lon="11.42703"><ele>2135</ele><time>2022-08-02T12:02:05Z</time></trkpt>
    <trkpt lat="47.04564" lon="11.42713"><ele>2137</ele><time>2022-08-02T12:02:23Z</time></trkpt>
    <trkpt lat="47.04587" lon="11.42733"><ele>2141</ele><time>2022-08-02T12:02:42Z</time></trkpt>
    <trkpt lat="47.04608" lon="11.42746"><ele>2158</ele><time>2022-08-02T12:03:01Z</time></trkpt>
    <trkpt lat="47.04626" lon="11.42776"><ele>2145</ele><time>2022-08-02T12:03:19Z</time></trkpt>
    <trkpt lat="47.04639" lon="11.42814"><ele>2144</ele><time>2022-08-02T12:03:38Z</time></trkpt>
    <trkpt lat="47.04631" lon="11.42847"><ele>2132</ele><time>2022-08-02T12:03:57Z</time></trkpt>
    <trkpt lat="47.04638" lon="11.42878"><ele>2138</ele><time>2022-08-02T12:04:15Z</time></trkpt>
    <trkpt lat="47.04656" lon="11.42898"><ele>2137</ele><time>2022-08-02T12:04:33Z</time></trkpt>
    <trkpt lat="47.04652" lon="11.42929"><ele>2139</ele><time>2022-08-02T12:04:51Z</time></trkpt>
    <trkpt lat="47.04672" lon="11.42958"><ele>2138</ele><time>2022-08-02T12:05:10Z</time></trkpt>
    <trkpt lat="47.04680" lon="11.42995"><ele>2138</ele><time>2022-08-02T12:05:29Z</time></trkpt>
    <trkpt lat="47.04695" lon="11.43012"><ele>2137</ele><time>2022-08-02T12:05:47Z</time></trkpt>
    <trkpt lat="47.04702" lon="11.43048"><ele>2156</ele><time>2022-08-02T12:06:06Z</time></trkpt>
    <trkpt lat="47.04711" lon="11.43063"><ele>2137</ele><time>2022-08-02T12:06:24Z</time></trkpt>
    <trkpt lat="47.04717" lon="11.43098"><ele>2137</ele><time>2022-08-02T12:07:04Z</time></trkpt>
    <trkpt lat="47.04716" lon="11.43120"><ele>2141</ele><time>2022-08-02T12:07:23Z</time></trkpt>
    <trkpt lat="47.04726" lon="11.43137"><ele>2136</ele><time>2022-08-02T12:07:42Z</time></trkpt>
    <trkpt lat="47.04735" lon="11.43125"><ele>2134</ele><time>2022-08-02T12:14:36Z</time></trkpt>
    <trkpt lat="47.04728" lon="11.43135"><ele>2136</ele><time>2022-08-02T12:14:55Z</time></trkpt>
    <trkpt lat="47.04713" lon="11.43117"><ele>2149</ele><time>2022-08-02T12:18:39Z</time></trkpt>
    <trkpt lat="47.04728" lon="11.43123"><ele>2151</ele><time>2022-08-02T12:18:58Z</time></trkpt>
    <trkpt lat="47.04750" lon="11.43145"><ele>2129</ele><time>2022-08-02T12:22:24Z</time></trkpt>
    <trkpt lat="47.04779" lon="11.43157"><ele>2148</ele><time>2022-08-02T12:22:43Z</time></trkpt>
    <trkpt lat="47.04779" lon="11.43179"><ele>2155</ele><time>2022-08-02T12:23:02Z</time></trkpt>
    <trkpt lat="47.04794" lon="11.43188"><ele>2151</ele><time>2022-08-02T12:23:20Z</time></trkpt>
    <trkpt lat="47.04804" lon="11.43191"><ele>2150</ele><time>2022-08-02T12:23:39Z</time></trkpt>
    <trkpt lat="47.04803" lon="11.43209"><ele>2145</ele><time>2022-08-02T12:23:57Z</time></trkpt>
    <trkpt lat="47.04821" lon="11.43221"><ele>2143</ele><time>2022-08-02T12:24:43Z</time></trkpt>
    <trkpt lat="47.04840" lon="11.43250"><ele>2156</ele><time>2022-08-02T12:25:20Z</time></trkpt>
    <trkpt lat="47.04848" lon="11.43256"><ele>2160</ele><time>2022-08-02T12:25:39Z</time></trkpt>
    <trkpt lat="47.04844" lon="11.43270"><ele>2165</ele><time>2022-08-02T12:25:57Z</time></trkpt>
    <trkpt lat="47.04852" lon="11.43288"><ele>2168</ele><time>2022-08-02T12:26:38Z</time></trkpt>
    <trkpt lat="47.04862" lon="11.43303"><ele>2176</ele><time>2022-08-02T12:26:57Z</time></trkpt>
    <trkpt lat="47.04868" lon="11.43322"><ele>2177</ele><time>2022-08-02T12:27:15Z</time></trkpt>
    <trkpt lat="47.04867" lon="11.43340"><ele>2179</ele><time>2022-08-02T12:27:33Z</time></trkpt>
    <trkpt lat="47.04873" lon="11.43354"><ele>2186</ele><time>2022-08-02T12:27:51Z</time></trkpt>
    <trkpt lat="47.04887" lon="11.43362"><ele>2184</ele><time>2022-08-02T12:28:09Z</time></trkpt>
    <trkpt lat="47.04900" lon="11.43370"><ele>2185</ele><time>2022-08-02T12:28:28Z</time></trkpt>
    <trkpt lat="47.04907" lon="11.43386"><ele>2189</ele><time>2022-08-02T12:28:47Z</time></trkpt>
    <trkpt lat="47.04911" lon="11.43407"><ele>2185</ele><time>2022-08-02T12:29:05Z</time></trkpt>
    <trkpt lat="47.04922" lon="11.43424"><ele>2180</ele><time>2022-08-02T12:29:24Z</time></trkpt>
    <trkpt lat="47.04923" lon="11.43455"><ele>2181</ele><time>2022-08-02T12:29:42Z</time></trkpt>
    <trkpt lat="47.04937" lon="11.43473"><ele>2185</ele><time>2022-08-02T12:30:01Z</time></trkpt>
    <trkpt lat="47.04930" lon="11.43511"><ele>2180</ele><time>2022-08-02T12:30:39Z</time></trkpt>
    <trkpt lat="47.04932" lon="11.43540"><ele>2177</ele><time>2022-08-02T12:30:58Z</time></trkpt>
    <trkpt lat="47.04952" lon="11.43567"><ele>2185</ele><time>2022-08-02T12:31:35Z</time></trkpt>
    <trkpt lat="47.04972" lon="11.43597"><ele>2188</ele><time>2022-08-02T12:31:54Z</time></trkpt>
    <trkpt lat="47.04986" lon="11.43608"><ele>2189</ele><time>2022-08-02T12:32:13Z</time></trkpt>
    <trkpt lat="47.04997" lon="11.43620"><ele>2190</ele><time>2022-08-02T12:32:32Z</time></trkpt>
    <trkpt lat="47.05007" lon="11.43636"><ele>2189</ele><time>2022-08-02T12:32:51Z</time></trkpt>
    <trkpt lat="47.05025" lon="11.43635"><ele>2186</ele><time>2022-08-02T12:33:10Z</time></trkpt>
    <trkpt lat="47.05041" lon="11.43646"><ele>2186</ele><time>2022-08-02T12:33:29Z</time></trkpt>
    <trkpt lat="47.05058" lon="11.43654"><ele>2186</ele><time>2022-08-02T12:33:47Z</time></trkpt>
    <trkpt lat="47.05083" lon="11.43638"><ele>2188</ele><time>2022-08-02T12:34:25Z</time></trkpt>
    <trkpt lat="47.05105" lon="11.43640"><ele>2188</ele><time>2022-08-02T12:34:43Z</time></trkpt>
    <trkpt lat="47.05126" lon="11.43633"><ele>2189</ele><time>2022-08-02T12:35:02Z</time></trkpt>
    <trkpt lat="47.05145" lon="11.43634"><ele>2183</ele><time>2022-08-02T12:35:21Z</time></trkpt>
    <trkpt lat="47.05164" lon="11.43637"><ele>2184</ele><time>2022-08-02T12:35:39Z</time></trkpt>
    <trkpt lat="47.05182" lon="11.43647"><ele>2188</ele><time>2022-08-02T12:35:57Z</time></trkpt>
    <trkpt lat="47.05200" lon="11.43654"><ele>2188</ele><time>2022-08-02T12:36:16Z</time></trkpt>
    <trkpt lat="47.05219" lon="11.43656"><ele>2188</ele><time>2022-08-02T12:36:34Z</time></trkpt>
    <trkpt lat="47.05228" lon="11.43681"><ele>2186</ele><time>2022-08-02T12:36:53Z</time></trkpt>
    <trkpt lat="47.05246" lon="11.43693"><ele>2177</ele><time>2022-08-02T12:37:11Z</time></trkpt>
    <trkpt lat="47.05259" lon="11.43703"><ele>2176</ele><time>2022-08-02T12:37:29Z</time></trkpt>
    <trkpt lat="47.05268" lon="11.43704"><ele>2175</ele><time>2022-08-02T12:37:58Z</time></trkpt>
    <trkpt lat="47.05285" lon="11.43696"><ele>2178</ele><time>2022-08-02T12:39:37Z</time></trkpt>
    <trkpt lat="47.05299" lon="11.43705"><ele>2182</ele><time>2022-08-02T12:40:23Z</time></trkpt>
    <trkpt lat="47.05302" lon="11.43686"><ele>2180</ele><time>2022-08-02T12:41:04Z</time></trkpt>
    <trkpt lat="47.05316" lon="11.43697"><ele>2182</ele><time>2022-08-02T12:42:44Z</time></trkpt>
    <trkpt lat="47.05341" lon="11.43710"><ele>2184</ele><time>2022-08-02T12:43:03Z</time></trkpt>
    <trkpt lat="47.05348" lon="11.43724"><ele>2182</ele><time>2022-08-02T12:43:22Z</time></trkpt>
    <trkpt lat="47.05356" lon="11.43743"><ele>2183</ele><time>2022-08-02T12:43:41Z</time></trkpt>
    <trkpt lat="47.05366" lon="11.43756"><ele>2188</ele><time>2022-08-02T12:43:59Z</time></trkpt>
    <trkpt lat="47.05380" lon="11.43772"><ele>2183</ele><time>2022-08-02T12:44:18Z</time></trkpt>
    <trkpt lat="47.05386" lon="11.43791"><ele>2187</ele><time>2022-08-02T12:44:36Z</time></trkpt>
    <trkpt lat="47.05402" lon="11.43805"><ele>2185</ele><time>2022-08-02T12:44:54Z</time></trkpt>
    <trkpt lat="47.05411" lon="11.43812"><ele>2196</ele><time>2022-08-02T12:45:13Z</time></trkpt>
    <trkpt lat="47.05438" lon="11.43828"><ele>2190</ele><time>2022-08-02T12:45:50Z</time></trkpt>
    <trkpt lat="47.05459" lon="11.43843"><ele>2199</ele><time>2022-08-02T12:46:09Z</time></trkpt>
    <trkpt lat="47.05474" lon="11.43854"><ele>2198</ele><time>2022-08-02T12:46:27Z</time></trkpt>
    <trkpt lat="47.05474" lon="11.43868"><ele>2193</ele><time>2022-08-02T12:46:45Z</time></trkpt>
    <trkpt lat="47.05502" lon="11.43885"><ele>2194</ele><time>2022-08-02T12:47:04Z</time></trkpt>
    <trkpt lat="47.05518" lon="11.43901"><ele>2198</ele><time>2022-08-02T12:47:22Z</time></trkpt>
    <trkpt lat="47.05550" lon="11.43917"><ele>2185</ele><time>2022-08-02T12:48:01Z</time></trkpt>
    <trkpt lat="47.05573" lon="11.43925"><ele>2188</ele><time>2022-08-02T12:48:20Z</time></trkpt>
    <trkpt lat="47.05589" lon="11.43932"><ele>2133</ele><time>2022-08-02T12:48:38Z</time></trkpt>
    <trkpt lat="47.05610" lon="11.43930"><ele>2171</ele><time>2022-08-02T12:48:56Z</time></trkpt>
    <trkpt lat="47.05616" lon="11.43961"><ele>2182</ele><time>2022-08-02T12:49:15Z</time></trkpt>
    <trkpt lat="47.05621" lon="11.43986"><ele>2185</ele><time>2022-08-02T12:49:54Z</time></trkpt>
    <trkpt lat="47.05628" lon="11.44013"><ele>2189</ele><time>2022-08-02T12:50:13Z</time></trkpt>
    <trkpt lat="47.05635" lon="11.44023"><ele>2185</ele><time>2022-08-02T12:50:32Z</time></trkpt>
    <trkpt lat="47.05652" lon="11.44031"><ele>2191</ele><time>2022-08-02T12:50:50Z</time></trkpt>
    <trkpt lat="47.05659" lon="11.44045"><ele>2169</ele><time>2022-08-02T12:51:09Z</time></trkpt>
    <trkpt lat="47.05676" lon="11.44058"><ele>2201</ele><time>2022-08-02T12:51:27Z</time></trkpt>
    <trkpt lat="47.05690" lon="11.44063"><ele>2203</ele><time>2022-08-02T12:51:46Z</time></trkpt>
    <trkpt lat="47.05700" lon="11.44081"><ele>2207</ele><time>2022-08-02T12:52:04Z</time></trkpt>
    <trkpt lat="47.05708" lon="11.44092"><ele>2205</ele><time>2022-08-02T12:52:23Z</time></trkpt>
    <trkpt lat="47.05724" lon="11.44109"><ele>2206</ele><time>2022-08-02T12:53:15Z</time></trkpt>
    <trkpt lat="47.05745" lon="11.44116"><ele>2191</ele><time>2022-08-02T12:54:10Z</time></trkpt>
    <trkpt lat="47.05759" lon="11.44121"><ele>2221</ele><time>2022-08-02T12:54:58Z</time></trkpt>
    <trkpt lat="47.05768" lon="11.44126"><ele>2227</ele><time>2022-08-02T12:55:31Z</time></trkpt>
    <trkpt lat="47.05789" lon="11.44139"><ele>2235</ele><time>2022-08-02T12:55:49Z</time></trkpt>
    <trkpt lat="47.05803" lon="11.44140"><ele>2234</ele><time>2022-08-02T12:56:07Z</time></trkpt>
    <trkpt lat="47.05814" lon="11.44140"><ele>2233</ele><time>2022-08-02T12:56:25Z</time></trkpt>
    <trkpt lat="47.05834" lon="11.44146"><ele>2236</ele><time>2022-08-02T12:56:44Z</time></trkpt>
    <trkpt lat="47.05820" lon="11.44140"><ele>2228</ele><time>2022-08-02T13:08:40Z</time></trkpt>
    <trkpt lat="47.05829" lon="11.44135"><ele>2228</ele><time>2022-08-02T13:09:03Z</time></trkpt>
    <trkpt lat="47.05829" lon="11.44149"><ele>2234</ele><time>2022-08-02T13:10:38Z</time></trkpt>
    <trkpt lat="47.05855" lon="11.44139"><ele>2238</ele><time>2022-08-02T13:10:57Z</time></trkpt>
    <trkpt lat="47.05860" lon="11.44155"><ele>2233</ele><time>2022-08-02T13:13:14Z</time></trkpt>
    <trkpt lat="47.05882" lon="11.44166"><ele>2238</ele><time>2022-08-02T13:13:33Z</time></trkpt>
    <trkpt lat="47.05904" lon="11.44173"><ele>2234</ele><time>2022-08-02T13:13:51Z</time></trkpt>
    <trkpt lat="47.05920" lon="11.44202"><ele>2234</ele><time>2022-08-02T13:14:41Z</time></trkpt>
    <trkpt lat="47.05928" lon="11.44209"><ele>2154</ele><time>2022-08-02T13:14:59Z</time></trkpt>
    <trkpt lat="47.05945" lon="11.44227"><ele>2235</ele><time>2022-08-02T13:15:18Z</time></trkpt>
    <trkpt lat="47.05954" lon="11.44246"><ele>2230</ele><time>2022-08-02T13:15:37Z</time></trkpt>
    <trkpt lat="47.05951" lon="11.44262"><ele>2232</ele><time>2022-08-02T13:15:55Z</time></trkpt>
    <trkpt lat="47.05956" lon="11.44274"><ele>2225</ele><time>2022-08-02T13:16:13Z</time></trkpt>
    <trkpt lat="47.05963" lon="11.44283"><ele>2229</ele><time>2022-08-02T13:16:52Z</time></trkpt>
    <trkpt lat="47.05973" lon="11.44309"><ele>2228</ele><time>2022-08-02T13:17:11Z</time></trkpt>
    <trkpt lat="47.05989" lon="11.44324"><ele>2207</ele><time>2022-08-02T13:17:52Z</time></trkpt>
    <trkpt lat="47.05996" lon="11.44309"><ele>2197</ele><time>2022-08-02T13:18:11Z</time></trkpt>
    <trkpt lat="47.06008" lon="11.44292"><ele>2196</ele><time>2022-08-02T13:18:30Z</time></trkpt>
    <trkpt lat="47.06021" lon="11.44268"><ele>2192</ele><time>2022-08-02T13:18:48Z</time></trkpt>
    <trkpt lat="47.06037" lon="11.44267"><ele>2193</ele><time>2022-08-02T13:19:07Z</time></trkpt>
    <trkpt lat="47.06052" lon="11.44277"><ele>2191</ele><time>2022-08-02T13:19:26Z</time></trkpt>
    <trkpt lat="47.06041" lon="11.44297"><ele>2199</ele><time>2022-08-02T13:19:44Z</time></trkpt>
    <trkpt lat="47.06048" lon="11.44304"><ele>2204</ele><time>2022-08-02T13:20:21Z</time></trkpt>
    <trkpt lat="47.06120" lon="11.44361"><ele>2190</ele><time>2022-08-02T13:21:11Z</time></trkpt>
    <trkpt lat="47.06173" lon="11.44394"><ele>2169</ele><time>2022-08-02T13:21:30Z</time></trkpt>
    <trkpt lat="47.06217" lon="11.44435"><ele>2149</ele><time>2022-08-02T13:21:49Z</time></trkpt>
    <trkpt lat="47.06269" lon="11.44461"><ele>1775</ele><time>2022-08-02T13:22:10Z</time></trkpt>
    <trkpt lat="47.06307" lon="11.44491"><ele>2045</ele><time>2022-08-02T13:22:28Z</time></trkpt>
    <trkpt lat="47.06359" lon="11.44521"><ele>2075</ele><time>2022-08-02T13:22:47Z</time></trkpt>
    <trkpt lat="47.06402" lon="11.44549"><ele>2059</ele><time>2022-08-02T13:23:05Z</time></trkpt>
    <trkpt lat="47.06450" lon="11.44581"><ele>2041</ele><time>2022-08-02T13:23:24Z</time></trkpt>
    <trkpt lat="47.06494" lon="11.44617"><ele>2028</ele><time>2022-08-02T13:23:42Z</time></trkpt>
    <trkpt lat="47.06539" lon="11.44643"><ele>2009</ele><time>2022-08-02T13:24:01Z</time></trkpt>
    <trkpt lat="47.06580" lon="11.44671"><ele>1990</ele><time>2022-08-02T13:24:20Z</time></trkpt>
    <trkpt lat="47.06630" lon="11.44704"><ele>2105</ele><time>2022-08-02T13:24:39Z</time></trkpt>
    <trkpt lat="47.06678" lon="11.44735"><ele>1853</ele><time>2022-08-02T13:24:58Z</time></trkpt>
    <trkpt lat="47.06722" lon="11.44764"><ele>1919</ele><time>2022-08-02T13:25:16Z</time></trkpt>
    <trkpt lat="47.06770" lon="11.44796"><ele>2046</ele><time>2022-08-02T13:25:34Z</time></trkpt>
    <trkpt lat="47.06819" lon="11.44824"><ele>1627</ele><time>2022-08-02T13:25:53Z</time></trkpt>
    <trkpt lat="47.06862" lon="11.44854"><ele>1859</ele><time>2022-08-02T13:26:12Z</time></trkpt>
    <trkpt lat="47.06909" lon="11.44886"><ele>1864</ele><time>2022-08-02T13:26:30Z</time></trkpt>
    <trkpt lat="47.06953" lon="11.44917"><ele>1857</ele><time>2022-08-02T13:26:49Z</time></trkpt>
    <trkpt lat="47.06999" lon="11.44953"><ele>1840</ele><time>2022-08-02T13:27:07Z</time></trkpt>
    <trkpt lat="47.07045" lon="11.44978"><ele>1531</ele><time>2022-08-02T13:27:26Z</time></trkpt>
    <trkpt lat="47.07090" lon="11.45008"><ele>1790</ele><time>2022-08-02T13:27:45Z</time></trkpt>
    <trkpt lat="47.07141" lon="11.45037"><ele>1789</ele><time>2022-08-02T13:28:04Z</time></trkpt>
    <trkpt lat="47.07186" lon="11.45073"><ele>1779</ele><time>2022-08-02T13:28:22Z</time></trkpt>
    <trkpt lat="47.07230" lon="11.45101"><ele>1764</ele><time>2022-08-02T13:28:40Z</time></trkpt>
    <trkpt lat="47.07274" lon="11.45129"><ele>1741</ele><time>2022-08-02T13:28:59Z</time></trkpt>
    <trkpt lat="47.07320" lon="11.45159"><ele>1723</ele><time>2022-08-02T13:29:17Z</time></trkpt>
    <trkpt lat="47.07363" lon="11.45190"><ele>1715</ele><time>2022-08-02T13:29:35Z</time></trkpt>
    <trkpt lat="47.07417" lon="11.45224"><ele>1701</ele><time>2022-08-02T13:29:54Z</time></trkpt>
    <trkpt lat="47.07461" lon="11.45258"><ele>1684</ele><time>2022-08-02T13:30:12Z</time></trkpt>
    <trkpt lat="47.07506" lon="11.45286"><ele>1675</ele><time>2022-08-02T13:30:30Z</time></trkpt>
    <trkpt lat="47.07558" lon="11.45318"><ele>1664</ele><time>2022-08-02T13:30:48Z</time></trkpt>
    <trkpt lat="47.07601" lon="11.45348"><ele>1643</ele><time>2022-08-02T13:31:07Z</time></trkpt>
    <trkpt lat="47.07644" lon="11.45379"><ele>1525</ele><time>2022-08-02T13:31:25Z</time></trkpt>
    <trkpt lat="47.07674" lon="11.45388"><ele>1608</ele><time>2022-08-02T13:31:44Z</time></trkpt>
    <trkpt lat="47.07657" lon="11.45393"><ele>1601</ele><time>2022-08-02T13:32:03Z</time></trkpt>
    <trkpt lat="47.07639" lon="11.45372"><ele>1610</ele><time>2022-08-02T13:32:22Z</time></trkpt>
    <trkpt lat="47.07621" lon="11.45368"><ele>1612</ele><time>2022-08-02T13:32:40Z</time></trkpt>
    <trkpt lat="47.07628" lon="11.45384"><ele>1606</ele><time>2022-08-02T13:32:58Z</time></trkpt>
    <trkpt lat="47.07613" lon="11.45408"><ele>1916</ele><time>2022-08-02T13:33:45Z</time></trkpt>
    <trkpt lat="47.07621" lon="11.45403"><ele>1625</ele><time>2022-08-02T13:34:08Z</time></trkpt>
    <trkpt lat="47.07632" lon="11.45393"><ele>1431</ele><time>2022-08-02T13:34:26Z</time></trkpt>
    <trkpt lat="47.07620" lon="11.45397"><ele>1596</ele><time>2022-08-02T13:34:45Z</time></trkpt>
    <trkpt lat="47.07622" lon="11.45410"><ele>1588</ele><time>2022-08-02T13:37:22Z</time></trkpt>
    <trkpt lat="47.07610" lon="11.45395"><ele>1592</ele><time>2022-08-02T13:37:41Z</time></trkpt>
    <trkpt lat="47.07631" lon="11.45401"><ele>1594</ele><time>2022-08-02T13:38:18Z</time></trkpt>
    <trkpt lat="47.07604" lon="11.45400"><ele>1592</ele><time>2022-08-02T13:38:35Z</time></trkpt>
    <trkpt lat="47.07614" lon="11.45386"><ele>1583</ele><time>2022-08-02T13:47:52Z</time></trkpt>
    <trkpt lat="47.07625" lon="11.45387"><ele>1593</ele><time>2022-08-02T13:48:10Z</time></trkpt>
    <trkpt lat="47.07625" lon="11.45373"><ele>1602</ele><time>2022-08-02T13:50:29Z</time></trkpt>
    <trkpt lat="47.07618" lon="11.45384"><ele>1607</ele><time>2022-08-02T13:50:48Z</time></trkpt>
    <trkpt lat="47.07626" lon="11.45401"><ele>1569</ele><time>2022-08-02T13:51:33Z</time></trkpt>
    <trkpt lat="47.07622" lon="11.45379"><ele>1581</ele><time>2022-08-02T13:53:58Z</time></trkpt>
    <trkpt lat="47.07621" lon="11.45364"><ele>1587</ele><time>2022-08-02T13:54:17Z</time></trkpt>
    <trkpt lat="47.07628" lon="11.45405"><ele>1589</ele><time>2022-08-02T13:55:57Z</time></trkpt>
    <trkpt lat="47.07617" lon="11.45406"><ele>1624</ele><time>2022-08-02T13:56:41Z</time></trkpt>
    <trkpt lat="47.07606" lon="11.45427"><ele>1617</ele><time>2022-08-02T13:56:59Z</time></trkpt>
    <trkpt lat="47.07606" lon="11.45450"><ele>1611</ele><time>2022-08-02T13:57:17Z</time></trkpt>
    <trkpt lat="47.07607" lon="11.45471"><ele>1606</ele><time>2022-08-02T13:57:35Z</time></trkpt>
    <trkpt lat="47.07620" lon="11.45469"><ele>1612</ele><time>2022-08-02T13:57:54Z</time></trkpt>
    <trkpt lat="47.07616" lon="11.45487"><ele>1639</ele><time>2022-08-02T13:58:24Z</time></trkpt>
    <trkpt lat="47.07671" lon="11.45494"><ele>1617</ele><time>2022-08-02T13:59:01Z</time></trkpt>
    <trkpt lat="47.07715" lon="11.45518"><ele>1575</ele><time>2022-08-02T13:59:19Z</time></trkpt>
    <trkpt lat="47.07763" lon="11.45538"><ele>1558</ele><time>2022-08-02T13:59:37Z</time></trkpt>
    <trkpt lat="47.07812" lon="11.45559"><ele>1735</ele><time>2022-08-02T13:59:55Z</time></trkpt>
    <trkpt lat="47.07847" lon="11.45580"><ele>1541</ele><time>2022-08-02T14:00:14Z</time></trkpt>
    <trkpt lat="47.07902" lon="11.45608"><ele>1520</ele><time>2022-08-02T14:00:33Z</time></trkpt>
    <trkpt lat="47.07944" lon="11.45631"><ele>1533</ele><time>2022-08-02T14:00:52Z</time></trkpt>
    <trkpt lat="47.07986" lon="11.45643"><ele>1484</ele><time>2022-08-02T14:01:10Z</time></trkpt>
    <trkpt lat="47.08029" lon="11.45648"><ele>1738</ele><time>2022-08-02T14:01:30Z</time></trkpt>
    <trkpt lat="47.08083" lon="11.45666"><ele>1475</ele><time>2022-08-02T14:01:49Z</time></trkpt>
    <trkpt lat="47.08110" lon="11.45707"><ele>1475</ele><time>2022-08-02T14:02:08Z</time></trkpt>
    <trkpt lat="47.08149" lon="11.45725"><ele>1415</ele><time>2022-08-02T14:02:26Z</time></trkpt>
    <trkpt lat="47.08193" lon="11.45750"><ele>1387</ele><time>2022-08-02T14:02:44Z</time></trkpt>
    <trkpt lat="47.08242" lon="11.45773"><ele>1403</ele><time>2022-08-02T14:03:03Z</time></trkpt>
    <trkpt lat="47.08275" lon="11.45784"><ele>1346</ele><time>2022-08-02T14:03:22Z</time></trkpt>
    <trkpt lat="47.08314" lon="11.45805"><ele>1304</ele><time>2022-08-02T14:03:41Z</time></trkpt>
    <trkpt lat="47.08354" lon="11.45820"><ele>1554</ele><time>2022-08-02T14:04:00Z</time></trkpt>
    <trkpt lat="47.08404" lon="11.45859"><ele>1307</ele><time>2022-08-02T14:04:19Z</time></trkpt>
    <trkpt lat="47.08441" lon="11.45872"><ele>1253</ele><time>2022-08-02T14:04:37Z</time></trkpt>
    <trkpt lat="47.08484" lon="11.45891"><ele>1228</ele><time>2022-08-02T14:04:56Z</time></trkpt>
    <trkpt lat="47.08534" lon="11.45912"><ele>1187</ele><time>2022-08-02T14:05:14Z</time></trkpt>
    <trkpt lat="47.08572" lon="11.45931"><ele>1169</ele><time>2022-08-02T14:05:33Z</time></trkpt>
    <trkpt lat="47.08617" lon="11.45951"><ele>1162</ele><time>2022-08-02T14:05:52Z</time></trkpt>
    <trkpt lat="47.08657" lon="11.45955"><ele>1158</ele><time>2022-08-02T14:06:10Z</time></trkpt>
    <trkpt lat="47.08678" lon="11.45981"><ele>1154</ele><time>2022-08-02T14:06:29Z</time></trkpt>
    <trkpt lat="47.08684" lon="11.46003"><ele>1153</ele><time>2022-08-02T14:06:48Z</time></trkpt>
    <trkpt lat="47.08711" lon="11.45956"><ele>1133</ele><time>2022-08-02T14:07:06Z</time></trkpt>
    <trkpt lat="47.08710" lon="11.45992"><ele>1198</ele><time>2022-08-02T14:09:43Z</time></trkpt>
    <trkpt lat="47.08724" lon="11.46030"><ele>1088</ele><time>2022-08-02T14:10:18Z</time></trkpt>
    <trkpt lat="47.08734" lon="11.46029"><ele>1097</ele><time>2022-08-02T14:12:25Z</time></trkpt>
    <trkpt lat="47.08757" lon="11.45974"><ele>1087</ele><time>2022-08-02T14:12:44Z</time></trkpt>
    <trkpt lat="47.08743" lon="11.45918"><ele>1088</ele><time>2022-08-02T14:13:03Z</time></trkpt>
    <trkpt lat="47.08728" lon="11.45870"><ele>1092</ele><time>2022-08-02T14:13:21Z</time></trkpt>
    <trkpt lat="47.08715" lon="11.45809"><ele>1080</ele><time>2022-08-02T14:13:39Z</time></trkpt>
    <trkpt lat="47.08716" lon="11.45735"><ele>1080</ele><time>2022-08-02T14:13:58Z</time></trkpt>
    <trkpt lat="47.08714" lon="11.45659"><ele>1084</ele><time>2022-08-02T14:14:16Z</time></trkpt>
    <trkpt lat="47.08703" lon="11.45607"><ele>1081</ele><time>2022-08-02T14:14:34Z</time></trkpt>
    <trkpt lat="47.08696" lon="11.45594"><ele>1088</ele><time>2022-08-02T14:14:53Z</time></trkpt>
    <trkpt lat="47.08680" lon="11.45542"><ele>1321</ele><time>2022-08-02T14:15:11Z</time></trkpt>
    <trkpt lat="47.08677" lon="11.45473"><ele>1128</ele><time>2022-08-02T14:15:30Z</time></trkpt>
    <trkpt lat="47.08668" lon="11.45392"><ele>1118</ele><time>2022-08-02T14:15:49Z</time></trkpt>
    <trkpt lat="47.08663" lon="11.45325"><ele>1116</ele><time>2022-08-02T14:16:07Z</time></trkpt>
    <trkpt lat="47.08648" lon="11.45265"><ele>1119</ele><time>2022-08-02T14:16:26Z</time></trkpt>
    <trkpt lat="47.08638" lon="11.45195"><ele>1170</ele><time>2022-08-02T14:16:44Z</time></trkpt>
    <trkpt lat="47.08638" lon="11.45139"><ele>1132</ele><time>2022-08-02T14:17:03Z</time></trkpt>
    <trkpt lat="47.08636" lon="11.45081"><ele>1128</ele><time>2022-08-02T14:17:21Z</time></trkpt>
    <trkpt lat="47.08623" lon="11.45010"><ele>1145</ele><time>2022-08-02T14:17:40Z</time></trkpt>
    <trkpt lat="47.08622" lon="11.44958"><ele>1133</ele><time>2022-08-02T14:17:59Z</time></trkpt>
    <trkpt lat="47.08627" lon="11.44891"><ele>1129</ele><time>2022-08-02T14:18:18Z</time></trkpt>
    <trkpt lat="47.08636" lon="11.44833"><ele>1127</ele><time>2022-08-02T14:18:36Z</time></trkpt>
    <trkpt lat="47.08632" lon="11.44763"><ele>1126</ele><time>2022-08-02T14:18:55Z</time></trkpt>
    <trkpt lat="47.08623" lon="11.44703"><ele>1130</ele><time>2022-08-02T14:19:14Z</time></trkpt>
    <trkpt lat="47.08618" lon="11.44653"><ele>1131</ele><time>2022-08-02T14:19:32Z</time></trkpt>
    <trkpt lat="47.08603" lon="11.44584"><ele>1133</ele><time>2022-08-02T14:19:51Z</time></trkpt>
    <trkpt lat="47.08593" lon="11.44528"><ele>1144</ele><time>2022-08-02T14:20:10Z</time></trkpt>
    <trkpt lat="47.08590" lon="11.44475"><ele>1159</ele><time>2022-08-02T14:20:28Z</time></trkpt>
    <trkpt lat="47.08590" lon="11.44422"><ele>1162</ele><time>2022-08-02T14:20:47Z</time></trkpt>
    <trkpt lat="47.08578" lon="11.44353"><ele>1163</ele><time>2022-08-02T14:21:06Z</time></trkpt>
    <trkpt lat="47.08557" lon="11.44277"><ele>1175</ele><time>2022-08-02T14:21:24Z</time></trkpt>
    <trkpt lat="47.08545" lon="11.44220"><ele>1198</ele><time>2022-08-02T14:21:43Z</time></trkpt>
    <trkpt lat="47.08526" lon="11.44157"><ele>1190</ele><time>2022-08-02T14:22:02Z</time></trkpt>
    <trkpt lat="47.08516" lon="11.44104"><ele>1158</ele><time>2022-08-02T14:22:20Z</time></trkpt>
    <trkpt lat="47.08521" lon="11.44053"><ele>1164</ele><time>2022-08-02T14:22:39Z</time></trkpt>
    <trkpt lat="47.08535" lon="11.44014"><ele>1166</ele><time>2022-08-02T14:22:57Z</time></trkpt>
    <trkpt lat="47.08543" lon="11.43959"><ele>1155</ele><time>2022-08-02T14:23:16Z</time></trkpt>
    <trkpt lat="47.08557" lon="11.43898"><ele>1157</ele><time>2022-08-02T14:23:34Z</time></trkpt>
    <trkpt lat="47.08568" lon="11.43830"><ele>1140</ele><time>2022-08-02T14:23:52Z</time></trkpt>
    <trkpt lat="47.08566" lon="11.43748"><ele>1133</ele><time>2022-08-02T14:24:11Z</time></trkpt>
    <trkpt lat="47.08578" lon="11.43687"><ele>1130</ele><time>2022-08-02T14:24:29Z</time></trkpt>
    <trkpt lat="47.08554" lon="11.43628"><ele>1132</ele><time>2022-08-02T14:24:47Z</time></trkpt>
    <trkpt lat="47.08530" lon="11.43587"><ele>1125</ele><time>2022-08-02T14:25:06Z</time></trkpt>
    <trkpt lat="47.08521" lon="11.43515"><ele>1127</ele><time>2022-08-02T14:25:24Z</time></trkpt>
    <trkpt lat="47.08510" lon="11.43444"><ele>1126</ele><time>2022-08-02T14:25:43Z</time></trkpt>
    <trkpt lat="47.08489" lon="11.43394"><ele>1130</ele><time>2022-08-02T14:26:01Z</time></trkpt>
    <trkpt lat="47.08456" lon="11.43352"><ele>1307</ele><time>2022-08-02T14:26:20Z</time></trkpt>
    <trkpt lat="47.08434" lon="11.43306"><ele>1170</ele><time>2022-08-02T14:26:39Z</time></trkpt>
    <trkpt lat="47.08404" lon="11.43260"><ele>1149</ele><time>2022-08-02T14:26:57Z</time></trkpt>
    <trkpt lat="47.08394" lon="11.43202"><ele>1143</ele><time>2022-08-02T14:27:16Z</time></trkpt>
    <trkpt lat="47.08381" lon="11.43106"><ele>1179</ele><time>2022-08-02T14:27:34Z</time></trkpt>
    <trkpt lat="47.08378" lon="11.43035"><ele>1158</ele><time>2022-08-02T14:27:52Z</time></trkpt>
    <trkpt lat="47.08369" lon="11.42959"><ele>1151</ele><time>2022-08-02T14:28:11Z</time></trkpt>
    <trkpt lat="47.08331" lon="11.42893"><ele>1165</ele><time>2022-08-02T14:28:30Z</time></trkpt>
    <trkpt lat="47.08292" lon="11.42896"><ele>1171</ele><time>2022-08-02T14:28:48Z</time></trkpt>
    <trkpt lat="47.08275" lon="11.42892"><ele>1181</ele><time>2022-08-02T14:29:06Z</time></trkpt>
    <trkpt lat="47.08266" lon="11.42887"><ele>1179</ele><time>2022-08-02T14:29:25Z</time></trkpt>
    <trkpt lat="47.08266" lon="11.42871"><ele>1170</ele><time>2022-08-02T14:29:44Z</time></trkpt>
    <trkpt lat="47.08282" lon="11.42878"><ele>1174</ele><time>2022-08-02T14:30:20Z</time></trkpt>
    <trkpt lat="47.08288" lon="11.42899"><ele>1195</ele><time>2022-08-02T14:31:05Z</time></trkpt>
    <trkpt lat="47.08273" lon="11.42890"><ele>1182</ele><time>2022-08-02T14:31:23Z</time></trkpt>
    <trkpt lat="47.08264" lon="11.42870"><ele>1179</ele><time>2022-08-02T14:31:41Z</time></trkpt>
    <trkpt lat="47.08248" lon="11.42863"><ele>1179</ele><time>2022-08-02T14:32:00Z</time></trkpt>
    <trkpt lat="47.08226" lon="11.42817"><ele>1188</ele><time>2022-08-02T14:32:18Z</time></trkpt>
    <trkpt lat="47.08194" lon="11.42745"><ele>1188</ele><time>2022-08-02T14:32:37Z</time></trkpt>
    <trkpt lat="47.08181" lon="11.42666"><ele>1184</ele><time>2022-08-02T14:32:55Z</time></trkpt>
    <trkpt lat="47.08130" lon="11.42576"><ele>1196</ele><time>2022-08-02T14:33:13Z</time></trkpt>
    <trkpt lat="47.08107" lon="11.42470"><ele>1191</ele><time>2022-08-02T14:33:32Z</time></trkpt>
    <trkpt lat="47.08131" lon="11.42395"><ele>1187</ele><time>2022-08-02T14:33:50Z</time></trkpt>
    <trkpt lat="47.08157" lon="11.42378"><ele>1175</ele><time>2022-08-02T14:34:08Z</time></trkpt>
    <trkpt lat="47.08173" lon="11.42330"><ele>1166</ele><time>2022-08-02T14:34:27Z</time></trkpt>
    <trkpt lat="47.08184" lon="11.42275"><ele>1160</ele><time>2022-08-02T14:34:45Z</time></trkpt>
    <trkpt lat="47.08184" lon="11.42216"><ele>1157</ele><time>2022-08-02T14:35:04Z</time></trkpt>
    <trkpt lat="47.08176" lon="11.42146"><ele>1158</ele><time>2022-08-02T14:35:22Z</time></trkpt>
    <trkpt lat="47.08169" lon="11.42083"><ele>1163</ele><time>2022-08-02T14:35:41Z</time></trkpt>
    <trkpt lat="47.08160" lon="11.42012"><ele>1169</ele><time>2022-08-02T14:35:59Z</time></trkpt>
    <trkpt lat="47.08142" lon="11.41943"><ele>1178</ele><time>2022-08-02T14:36:17Z</time></trkpt>
    <trkpt lat="47.08137" lon="11.41869"><ele>1169</ele><time>2022-08-02T14:36:36Z</time></trkpt>
    <trkpt lat="47.08144" lon="11.41733"><ele>1171</ele><time>2022-08-02T14:36:54Z</time></trkpt>
    <trkpt lat="47.08124" lon="11.41630"><ele>1178</ele><time>2022-08-02T14:37:12Z</time></trkpt>
    <trkpt lat="47.08115" lon="11.41571"><ele>1184</ele><time>2022-08-02T14:37:31Z</time></trkpt>
    <trkpt lat="47.08114" lon="11.41537"><ele>1189</ele><time>2022-08-02T14:37:49Z</time></trkpt>
    <trkpt lat="47.08105" lon="11.41515"><ele>1192</ele><time>2022-08-02T14:38:08Z</time></trkpt>
    <trkpt lat="47.08100" lon="11.41490"><ele>1176</ele><time>2022-08-02T14:39:55Z</time></trkpt>
    <trkpt lat="47.08014" lon="11.41382"><ele>1180</ele><time>2022-08-02T14:40:14Z</time></trkpt>
    <trkpt lat="47.07921" lon="11.41412"><ele>1192</ele><time>2022-08-02T14:40:32Z</time></trkpt>
    <trkpt lat="47.07861" lon="11.41383"><ele>1209</ele><time>2022-08-02T14:40:51Z</time></trkpt>
    <trkpt lat="47.07834" lon="11.41374"><ele>1218</ele><time>2022-08-02T14:41:10Z</time></trkpt>
    <trkpt lat="47.07798" lon="11.41372"><ele>1201</ele><time>2022-08-02T14:41:29Z</time></trkpt>
    <trkpt lat="47.07740" lon="11.41304"><ele>1198</ele><time>2022-08-02T14:41:47Z</time></trkpt>
    <trkpt lat="47.07713" lon="11.41222"><ele>1197</ele><time>2022-08-02T14:42:06Z</time></trkpt>
    <trkpt lat="47.07673" lon="11.41159"><ele>1199</ele><time>2022-08-02T14:42:24Z</time></trkpt>
    <trkpt lat="47.07639" lon="11.41066"><ele>1199</ele><time>2022-08-02T14:42:43Z</time></trkpt>
    <trkpt lat="47.07598" lon="11.41008"><ele>1198</ele><time>2022-08-02T14:43:02Z</time></trkpt>
    <trkpt lat="47.07554" lon="11.40954"><ele>1196</ele><time>2022-08-02T14:43:20Z</time></trkpt>
    <trkpt lat="47.07491" lon="11.40903"><ele>1195</ele><time>2022-08-02T14:43:38Z</time></trkpt>
    <trkpt lat="47.07456" lon="11.40823"><ele>1193</ele><time>2022-08-02T14:43:56Z</time></trkpt>
    <trkpt lat="47.07468" lon="11.40703"><ele>1179</ele><time>2022-08-02T14:44:15Z</time></trkpt>
    <trkpt lat="47.07496" lon="11.40604"><ele>1172</ele><time>2022-08-02T14:44:34Z</time></trkpt>
    <trkpt lat="47.07490" lon="11.40495"><ele>1173</ele><time>2022-08-02T14:44:53Z</time></trkpt>
    <trkpt lat="47.07480" lon="11.40427"><ele>1176</ele><time>2022-08-02T14:45:12Z</time></trkpt>
    <trkpt lat="47.07493" lon="11.40394"><ele>1182</ele><time>2022-08-02T14:45:30Z</time></trkpt>
    <trkpt lat="47.07484" lon="11.40395"><ele>1200</ele><time>2022-08-02T14:46:56Z</time></trkpt>
    <trkpt lat="47.07489" lon="11.40384"><ele>1190</ele><time>2022-08-02T14:47:34Z</time></trkpt>
    <trkpt lat="47.07498" lon="11.40391"><ele>1170</ele><time>2022-08-02T14:53:07Z</time></trkpt>
    <trkpt lat="47.07486" lon="11.40406"><ele>1161</ele><time>2022-08-02T14:54:15Z</time></trkpt>
    <trkpt lat="47.07489" lon="11.40393"><ele>1162</ele><time>2022-08-02T14:54:33Z</time></trkpt>
    <trkpt lat="47.07496" lon="11.40401"><ele>1162</ele><time>2022-08-02T14:55:21Z</time></trkpt>
  </trkseg>
</trk>
</gpx>