<?xml version="1.0" encoding="UTF-8"?>
<gpx version="1.1" creator="GPX-Pro" xmlns="http://www.topografix.com/GPX/1/1">
<trk>
  <name>LangtangTrek7</name>
  <trkseg>
    <trkpt lat="28.21319" lon="85.66985"><ele>4121</ele><time>2022-10-30T01:37:27Z</time></trkpt>
    <trkpt lat="28.21358" lon="85.66963"><ele>4114</ele><time>2022-10-30T01:38:04Z</time></trkpt>
    <trkpt lat="28.21373" lon="85.66932"><ele>4119</ele><time>2022-10-30T01:38:23Z</time></trkpt>
    <trkpt lat="28.21387" lon="85.66910"><ele>4115</ele><time>2022-10-30T01:38:41Z</time></trkpt>
    <trkpt lat="28.21375" lon="85.66915"><ele>4109</ele><time>2022-10-30T01:41:42Z</time></trkpt>
    <trkpt lat="28.21360" lon="85.66915"><ele>4110</ele><time>2022-10-30T01:42:01Z</time></trkpt>
    <trkpt lat="28.21344" lon="85.66935"><ele>4105</ele><time>2022-10-30T01:42:19Z</time></trkpt>
    <trkpt lat="28.21331" lon="85.66948"><ele>4106</ele><time>2022-10-30T01:42:38Z</time></trkpt>
    <trkpt lat="28.21326" lon="85.66970"><ele>4109</ele><time>2022-10-30T01:42:57Z</time></trkpt>
    <trkpt lat="28.21313" lon="85.66986"><ele>4107</ele><time>2022-10-30T01:43:16Z</time></trkpt>
    <trkpt lat="28.21301" lon="85.66963"><ele>4107</ele><time>2022-10-30T01:43:35Z</time></trkpt>
    <trkpt lat="28.21285" lon="85.66940"><ele>4102</ele><time>2022-10-30T01:43:54Z</time></trkpt>
    <trkpt lat="28.21274" lon="85.66919"><ele>4101</ele><time>2022-10-30T01:44:13Z</time></trkpt>
    <trkpt lat="28.21260" lon="85.66899"><ele>4105</ele><time>2022-10-30T01:44:31Z</time></trkpt>
    <trkpt lat="28.21240" lon="85.66882"><ele>4106</ele><time>2022-10-30T01:44:49Z</time></trkpt>
    <trkpt lat="28.21220" lon="85.66867"><ele>4106</ele><time>2022-10-30T01:45:08Z</time></trkpt>
    <trkpt lat="28.21204" lon="85.66851"><ele>4106</ele><time>2022-10-30T01:45:27Z</time></trkpt>
    <trkpt lat="28.21187" lon="85.66839"><ele>4106</ele><time>2022-10-30T01:45:45Z</time></trkpt>
    <trkpt lat="28.21165" lon="85.66827"><ele>4105</ele><time>2022-10-30T01:46:04Z</time></trkpt>
    <trkpt lat="28.21142" lon="85.66826"><ele>4103</ele><time>2022-10-30T01:46:23Z</time></trkpt>
    <trkpt lat="28.21126" lon="85.66823"><ele>4100</ele><time>2022-10-30T01:46:41Z</time></trkpt>
    <trkpt lat="28.21106" lon="85.66813"><ele>4097</ele><time>2022-10-30T01:46:59Z</time></trkpt>
    <trkpt lat="28.21088" lon="85.66805"><ele>4093</ele><time>2022-10-30T01:47:18Z</time></trkpt>
    <trkpt lat="28.21068" lon="85.66801"><ele>4096</ele><time>2022-10-30T01:53:29Z</time></trkpt>
    <trkpt lat="28.21042" lon="85.66793"><ele>4091</ele><time>2022-10-30T01:54:19Z</time></trkpt>
    <trkpt lat="28.21025" lon="85.66789"><ele>4091</ele><time>2022-10-30T01:54:38Z</time></trkpt>
    <trkpt lat="28.21009" lon="85.66779"><ele>4093</ele><time>2022-10-30T01:54:57Z</time></trkpt>
    <trkpt lat="28.20992" lon="85.66770"><ele>4090</ele><time>2022-10-30T01:55:15Z</time></trkpt>
    <trkpt lat="28.20974" lon="85.66767"><ele>4089</ele><time>2022-10-30T01:55:34Z</time></trkpt>
    <trkpt lat="28.20959" lon="85.66753"><ele>4090</ele><time>2022-10-30T01:55:52Z</time></trkpt>
    <trkpt lat="28.20947" lon="85.66745"><ele>4094</ele><time>2022-10-30T01:56:10Z</time></trkpt>
    <trkpt lat="28.20938" lon="85.66741"><ele>4090</ele><time>2022-10-30T01:56:29Z</time></trkpt>
    <trkpt lat="28.20922" lon="85.66735"><ele>4090</ele><time>2022-10-30T01:57:53Z</time></trkpt>
    <trkpt lat="28.20908" lon="85.66723"><ele>4095</ele><time>2022-10-30T01:58:11Z</time></trkpt>
    <trkpt lat="28.20892" lon="85.66708"><ele>4095</ele><time>2022-10-30T01:58:30Z</time></trkpt>
    <trkpt lat="28.20876" lon="85.66703"><ele>4088</ele><time>2022-10-30T01:58:48Z</time></trkpt>
    <trkpt lat="28.20864" lon="85.66698"><ele>4088</ele><time>2022-10-30T01:59:06Z</time></trkpt>
    <trkpt lat="28.20843" lon="85.66681"><ele>4087</ele><time>2022-10-30T01:59:48Z</time></trkpt>
    <trkpt lat="28.20830" lon="85.66664"><ele>4087</ele><time>2022-10-30T02:00:07Z</time></trkpt>
    <trkpt lat="28.20817" lon="85.66653"><ele>4086</ele><time>2022-10-30T02:00:25Z</time></trkpt>
    <trkpt lat="28.20803" lon="85.66651"><ele>4084</ele><time>2022-10-30T02:00:44Z</time></trkpt>
    <trkpt lat="28.20777" lon="85.66640"><ele>4085</ele><time>2022-10-30T02:01:27Z</time></trkpt>
    <trkpt lat="28.20759" lon="85.66625"><ele>4086</ele><time>2022-10-30T02:01:46Z</time></trkpt>
    <trkpt lat="28.20746" lon="85.66615"><ele>4089</ele><time>2022-10-30T02:02:05Z</time></trkpt>
    <trkpt lat="28.20741" lon="85.66600"><ele>4093</ele><time>2022-10-30T02:02:23Z</time></trkpt>
    <trkpt lat="28.20728" lon="85.66591"><ele>4096</ele><time>2022-10-30T02:02:42Z</time></trkpt>
    <trkpt lat="28.20716" lon="85.66579"><ele>4100</ele><time>2022-10-30T02:03:00Z</time></trkpt>
    <trkpt lat="28.20709" lon="85.66570"><ele>4098</ele><time>2022-10-30T02:03:19Z</time></trkpt>
    <trkpt lat="28.20700" lon="85.66557"><ele>4097</ele><time>2022-10-30T02:03:38Z</time></trkpt>
    <trkpt lat="28.20686" lon="85.66548"><ele>4098</ele><time>2022-10-30T02:03:57Z</time></trkpt>
    <trkpt lat="28.20675" lon="85.66538"><ele>4089</ele><time>2022-10-30T02:04:16Z</time></trkpt>
    <trkpt lat="28.20662" lon="85.66532"><ele>4089</ele><time>2022-10-30T02:04:34Z</time></trkpt>
    <trkpt lat="28.20651" lon="85.66525"><ele>4093</ele><time>2022-10-30T02:04:53Z</time></trkpt>
    <trkpt lat="28.20636" lon="85.66514"><ele>4094</ele><time>2022-10-30T02:05:32Z</time></trkpt>
    <trkpt lat="28.20627" lon="85.66518"><ele>4100</ele><time>2022-10-30T02:05:50Z</time></trkpt>
    <trkpt lat="28.20611" lon="85.66519"><ele>4106</ele><time>2022-10-30T02:06:35Z</time></trkpt>
    <trkpt lat="28.20598" lon="85.66508"><ele>4112</ele><time>2022-10-30T02:06:54Z</time></trkpt>
    <trkpt lat="28.20587" lon="85.66497"><ele>4116</ele><time>2022-10-30T02:07:12Z</time></trkpt>
    <trkpt lat="28.20574" lon="85.66487"><ele>4121</ele><time>2022-10-30T02:07:31Z</time></trkpt>
    <trkpt lat="28.20565" lon="85.66483"><ele>4121</ele><time>2022-10-30T02:07:49Z</time></trkpt>
    <trkpt lat="28.20565" lon="85.66501"><ele>4123</ele><time>2022-10-30T02:09:46Z</time></trkpt>
    <trkpt lat="28.20551" lon="85.66489"><ele>4119</ele><time>2022-10-30T02:11:15Z</time></trkpt>
    <trkpt lat="28.20540" lon="85.66469"><ele>4127</ele><time>2022-10-30T02:12:05Z</time></trkpt>
    <trkpt lat="28.20537" lon="85.66455"><ele>4134</ele><time>2022-10-30T02:12:24Z</time></trkpt>
    <trkpt lat="28.20527" lon="85.66445"><ele>4139</ele><time>2022-10-30T02:12:42Z</time></trkpt>
    <trkpt lat="28.20515" lon="85.66435"><ele>4142</ele><time>2022-10-30T02:13:00Z</time></trkpt>
    <trkpt lat="28.20500" lon="85.66428"><ele>4147</ele><time>2022-10-30T02:13:18Z</time></trkpt>
    <trkpt lat="28.20490" lon="85.66411"><ele>4147</ele><time>2022-10-30T02:13:37Z</time></trkpt>
    <trkpt lat="28.20484" lon="85.66396"><ele>4150</ele><time>2022-10-30T02:13:55Z</time></trkpt>
    <trkpt lat="28.20475" lon="85.66385"><ele>4154</ele><time>2022-10-30T02:14:14Z</time></trkpt>
    <trkpt lat="28.20462" lon="85.66368"><ele>4148</ele><time>2022-10-30T02:14:33Z</time></trkpt>
    <trkpt lat="28.20449" lon="85.66348"><ele>4155</ele><time>2022-10-30T02:14:52Z</time></trkpt>
    <trkpt lat="28.20442" lon="85.66325"><ele>4157</ele><time>2022-10-30T02:15:10Z</time></trkpt>
    <trkpt lat="28.20438" lon="85.66306"><ele>4159</ele><time>2022-10-30T02:15:29Z</time></trkpt>
    <trkpt lat="28.20435" lon="85.66289"><ele>4157</ele><time>2022-10-30T02:15:47Z</time></trkpt>
    <trkpt lat="28.20424" lon="85.66271"><ele>4157</ele><time>2022-10-30T02:16:05Z</time></trkpt>
    <trkpt lat="28.20415" lon="85.66252"><ele>4159</ele><time>2022-10-30T02:16:23Z</time></trkpt>
    <trkpt lat="28.20417" lon="85.66241"><ele>4156</ele><time>2022-10-30T02:16:42Z</time></trkpt>
    <trkpt lat="28.20419" lon="85.66219"><ele>4150</ele><time>2022-10-30T02:17:43Z</time></trkpt>
    <trkpt lat="28.20411" lon="85.66194"><ele>4142</ele><time>2022-10-30T02:18:24Z</time></trkpt>
    <trkpt lat="28.20408" lon="85.66203"><ele>4132</ele><time>2022-10-30T02:18:45Z</time></trkpt>
    <trkpt lat="28.20402" lon="85.66189"><ele>4126</ele><time>2022-10-30T02:19:03Z</time></trkpt>
    <trkpt lat="28.20388" lon="85.66182"><ele>4117</ele><time>2022-10-30T02:19:41Z</time></trkpt>
    <trkpt lat="28.20383" lon="85.66171"><ele>4111</ele><time>2022-10-30T02:19:59Z</time></trkpt>
    <trkpt lat="28.20371" lon="85.66148"><ele>4109</ele><time>2022-10-30T02:20:37Z</time></trkpt>
    <trkpt lat="28.20366" lon="85.66133"><ele>4108</ele><time>2022-10-30T02:20:56Z</time></trkpt>
    <trkpt lat="28.20361" lon="85.66117"><ele>4105</ele><time>2022-10-30T02:21:15Z</time></trkpt>
    <trkpt lat="28.20355" lon="85.66101"><ele>4106</ele><time>2022-10-30T02:21:33Z</time></trkpt>
    <trkpt lat="28.20354" lon="85.66086"><ele>4104</ele><time>2022-10-30T02:21:52Z</time></trkpt>
    <trkpt lat="28.20351" lon="85.66073"><ele>4106</ele><time>2022-10-30T02:22:11Z</time></trkpt>
    <trkpt lat="28.20353" lon="85.66057"><ele>4099</ele><time>2022-10-30T02:22:49Z</time></trkpt>
    <trkpt lat="28.20348" lon="85.66042"><ele>4095</ele><time>2022-10-30T02:23:08Z</time></trkpt>
    <trkpt lat="28.20343" lon="85.66018"><ele>4094</ele><time>2022-10-30T02:23:44Z</time></trkpt>
    <trkpt lat="28.20330" lon="85.65997"><ele>4089</ele><time>2022-10-30T02:25:55Z</time></trkpt>
    <trkpt lat="28.20327" lon="85.65974"><ele>4096</ele><time>2022-10-30T02:26:13Z</time></trkpt>
    <trkpt lat="28.20320" lon="85.65948"><ele>4077</ele><time>2022-10-30T02:27:05Z</time></trkpt>
    <trkpt lat="28.20313" lon="85.65927"><ele>4075</ele><time>2022-10-30T02:27:24Z</time></trkpt>
    <trkpt lat="28.20307" lon="85.65910"><ele>4075</ele><time>2022-10-30T02:27:42Z</time></trkpt>
    <trkpt lat="28.20302" lon="85.65898"><ele>4071</ele><time>2022-10-30T02:28:00Z</time></trkpt>
    <trkpt lat="28.20299" lon="85.65881"><ele>4077</ele><time>2022-10-30T02:28:18Z</time></trkpt>
    <trkpt lat="28.20296" lon="85.65867"><ele>4071</ele><time>2022-10-30T02:28:37Z</time></trkpt>
    <trkpt lat="28.20293" lon="85.65842"><ele>4051</ele><time>2022-10-30T02:29:19Z</time></trkpt>
    <trkpt lat="28.20291" lon="85.65824"><ele>4050</ele><time>2022-10-30T02:29:37Z</time></trkpt>
    <trkpt lat="28.20288" lon="85.65803"><ele>4056</ele><time>2022-10-30T02:29:55Z</time></trkpt>
    <trkpt lat="28.20286" lon="85.65771"><ele>4051</ele><time>2022-10-30T02:35:21Z</time></trkpt>
    <trkpt lat="28.20286" lon="85.65756"><ele>4055</ele><time>2022-10-30T02:35:39Z</time></trkpt>
    <trkpt lat="28.20285" lon="85.65732"><ele>4059</ele><time>2022-10-30T02:35:58Z</time></trkpt>
    <trkpt lat="28.20284" lon="85.65713"><ele>4065</ele><time>2022-10-30T02:36:17Z</time></trkpt>
    <trkpt lat="28.20276" lon="85.65693"><ele>4062</ele><time>2022-10-30T02:36:35Z</time></trkpt>
    <trkpt lat="28.20268" lon="85.65673"><ele>4055</ele><time>2022-10-30T02:36:53Z</time></trkpt>
    <trkpt lat="28.20265" lon="85.65647"><ele>4055</ele><time>2022-10-30T02:37:12Z</time></trkpt>
    <trkpt lat="28.20280" lon="85.65641"><ele>4038</ele><time>2022-10-30T02:38:16Z</time></trkpt>
    <trkpt lat="28.20289" lon="85.65631"><ele>4039</ele><time>2022-10-30T02:38:35Z</time></trkpt>
    <trkpt lat="28.20298" lon="85.65621"><ele>4040</ele><time>2022-10-30T02:38:53Z</time></trkpt>
    <trkpt lat="28.20305" lon="85.65602"><ele>4040</ele><time>2022-10-30T02:39:12Z</time></trkpt>
    <trkpt lat="28.20310" lon="85.65584"><ele>4031</ele><time>2022-10-30T02:40:13Z</time></trkpt>
    <trkpt lat="28.20316" lon="85.65562"><ele>4035</ele><time>2022-10-30T02:40:31Z</time></trkpt>
    <trkpt lat="28.20321" lon="85.65539"><ele>4028</ele><time>2022-10-30T02:40:50Z</time></trkpt>
    <trkpt lat="28.20340" lon="85.65530"><ele>4028</ele><time>2022-10-30T02:41:37Z</time></trkpt>
    <trkpt lat="28.20339" lon="85.65503"><ele>4033</ele><time>2022-10-30T02:42:18Z</time></trkpt>
    <trkpt lat="28.20336" lon="85.65486"><ele>4034</ele><time>2022-10-30T02:42:37Z</time></trkpt>
    <trkpt lat="28.20330" lon="85.65461"><ele>4041</ele><time>2022-10-30T02:42:55Z</time></trkpt>
    <trkpt lat="28.20330" lon="85.65446"><ele>4033</ele><time>2022-10-30T02:43:14Z</time></trkpt>
    <trkpt lat="28.20345" lon="85.65440"><ele>4023</ele><time>2022-10-30T02:44:19Z</time></trkpt>
    <trkpt lat="28.20359" lon="85.65425"><ele>4018</ele><time>2022-10-30T02:44:37Z</time></trkpt>
    <trkpt lat="28.20373" lon="85.65409"><ele>4012</ele><time>2022-10-30T02:44:55Z</time></trkpt>
    <trkpt lat="28.20392" lon="85.65397"><ele>4007</ele><time>2022-10-30T02:45:14Z</time></trkpt>
    <trkpt lat="28.20409" lon="85.65384"><ele>4003</ele><time>2022-10-30T02:45:32Z</time></trkpt>
    <trkpt lat="28.20425" lon="85.65370"><ele>4006</ele><time>2022-10-30T02:45:51Z</time></trkpt>
    <trkpt lat="28.20429" lon="85.65348"><ele>4012</ele><time>2022-10-30T02:46:09Z</time></trkpt>
    <trkpt lat="28.20437" lon="85.65329"><ele>4014</ele><time>2022-10-30T02:46:27Z</time></trkpt>
    <trkpt lat="28.20451" lon="85.65319"><ele>4014</ele><time>2022-10-30T02:46:46Z</time></trkpt>
    <trkpt lat="28.20457" lon="85.65295"><ele>4017</ele><time>2022-10-30T02:47:04Z</time></trkpt>
    <trkpt lat="28.20462" lon="85.65273"><ele>4017</ele><time>2022-10-30T02:47:23Z</time></trkpt>
    <trkpt lat="28.20473" lon="85.65263"><ele>4007</ele><time>2022-10-30T02:47:41Z</time></trkpt>
    <trkpt lat="28.20479" lon="85.65245"><ele>4002</ele><time>2022-10-30T02:49:04Z</time></trkpt>
    <trkpt lat="28.20485" lon="85.65234"><ele>4005</ele><time>2022-10-30T02:49:23Z</time></trkpt>
    <trkpt lat="28.20495" lon="85.65220"><ele>3999</ele><time>2022-10-30T02:50:42Z</time></trkpt>
    <trkpt lat="28.20496" lon="85.65210"><ele>4000</ele><time>2022-10-30T02:51:00Z</time></trkpt>
    <trkpt lat="28.20502" lon="85.65190"><ele>3998</ele><time>2022-10-30T02:51:19Z</time></trkpt>
    <trkpt lat="28.20501" lon="85.65180"><ele>3999</ele><time>2022-10-30T02:52:50Z</time></trkpt>
    <trkpt lat="28.20499" lon="85.65163"><ele>3997</ele><time>2022-10-30T02:53:09Z</time></trkpt>
    <trkpt lat="28.20503" lon="85.65149"><ele>3999</ele><time>2022-10-30T02:53:28Z</time></trkpt>
    <trkpt lat="28.20509" lon="85.65138"><ele>3999</ele><time>2022-10-30T02:53:46Z</time></trkpt>
    <trkpt lat="28.20510" lon="85.65124"><ele>4001</ele><time>2022-10-30T02:54:05Z</time></trkpt>
    <trkpt lat="28.20515" lon="85.65102"><ele>4004</ele><time>2022-10-30T02:55:33Z</time></trkpt>
    <trkpt lat="28.20517" lon="85.65083"><ele>4008</ele><time>2022-10-30T02:55:51Z</time></trkpt>
    <trkpt lat="28.20514" lon="85.65060"><ele>4012</ele><time>2022-10-30T02:56:09Z</time></trkpt>
    <trkpt lat="28.20515" lon="85.65040"><ele>4011</ele><time>2022-10-30T02:56:27Z</time></trkpt>
    <trkpt lat="28.20520" lon="85.65021"><ele>4013</ele><time>2022-10-30T02:56:45Z</time></trkpt>
    <trkpt lat="28.20525" lon="85.65000"><ele>4012</ele><time>2022-10-30T02:57:04Z</time></trkpt>
    <trkpt lat="28.20522" lon="85.64979"><ele>4013</ele><time>2022-10-30T02:57:23Z</time></trkpt>
    <trkpt lat="28.20517" lon="85.64961"><ele>4013</ele><time>2022-10-30T02:57:42Z</time></trkpt>
    <trkpt lat="28.20513" lon="85.64947"><ele>4011</ele><time>2022-10-30T02:58:00Z</time></trkpt>
    <trkpt lat="28.20501" lon="85.64920"><ele>4007</ele><time>2022-10-30T02:58:38Z</time></trkpt>
    <trkpt lat="28.20492" lon="85.64893"><ele>4014</ele><time>2022-10-30T02:58:57Z</time></trkpt>
    <trkpt lat="28.20490" lon="85.64869"><ele>4008</ele><time>2022-10-30T02:59:16Z</time></trkpt>
    <trkpt lat="28.20481" lon="85.64848"><ele>4010</ele><time>2022-10-30T02:59:35Z</time></trkpt>
    <trkpt lat="28.20473" lon="85.64823"><ele>4015</ele><time>2022-10-30T02:59:53Z</time></trkpt>
    <trkpt lat="28.20471" lon="85.64811"><ele>4010</ele><time>2022-10-30T03:00:11Z</time></trkpt>
    <trkpt lat="28.20461" lon="85.64793"><ele>4012</ele><time>2022-10-30T03:00:30Z</time></trkpt>
    <trkpt lat="28.20458" lon="85.64779"><ele>4006</ele><time>2022-10-30T03:00:49Z</time></trkpt>
    <trkpt lat="28.20455" lon="85.64750"><ele>4007</ele><time>2022-10-30T03:01:58Z</time></trkpt>
    <trkpt lat="28.20452" lon="85.64735"><ele>4008</ele><time>2022-10-30T03:02:16Z</time></trkpt>
    <trkpt lat="28.20440" lon="85.64715"><ele>4007</ele><time>2022-10-30T03:03:50Z</time></trkpt>
    <trkpt lat="28.20429" lon="85.64692"><ele>3997</ele><time>2022-10-30T03:29:10Z</time></trkpt>
    <trkpt lat="28.20416" lon="85.64680"><ele>3999</ele><time>2022-10-30T03:29:28Z</time></trkpt>
    <trkpt lat="28.20406" lon="85.64663"><ele>4000</ele><time>2022-10-30T03:29:47Z</time></trkpt>
    <trkpt lat="28.20400" lon="85.64649"><ele>4000</ele><time>2022-10-30T03:30:05Z</time></trkpt>
    <trkpt lat="28.20395" lon="85.64633"><ele>3998</ele><time>2022-10-30T03:30:23Z</time></trkpt>
    <trkpt lat="28.20389" lon="85.64621"><ele>4002</ele><time>2022-10-30T03:30:41Z</time></trkpt>
    <trkpt lat="28.20370" lon="85.64606"><ele>3999</ele><time>2022-10-30T03:32:15Z</time></trkpt>
    <trkpt lat="28.20364" lon="85.64598"><ele>3999</ele><time>2022-10-30T03:32:33Z</time></trkpt>
    <trkpt lat="28.20357" lon="85.64585"><ele>4002</ele><time>2022-10-30T03:32:52Z</time></trkpt>
    <trkpt lat="28.20357" lon="85.64574"><ele>4001</ele><time>2022-10-30T03:33:11Z</time></trkpt>
    <trkpt lat="28.20350" lon="85.64558"><ele>3999</ele><time>2022-10-30T03:33:29Z</time></trkpt>
    <trkpt lat="28.20344" lon="85.64541"><ele>4000</ele><time>2022-10-30T03:35:37Z</time></trkpt>
    <trkpt lat="28.20333" lon="85.64531"><ele>4001</ele><time>2022-10-30T03:35:56Z</time></trkpt>
    <trkpt lat="28.20324" lon="85.64516"><ele>4000</ele><time>2022-10-30T03:36:14Z</time></trkpt>
    <trkpt lat="28.20319" lon="85.64502"><ele>4003</ele><time>2022-10-30T03:36:33Z</time></trkpt>
    <trkpt lat="28.20315" lon="85.64482"><ele>4004</ele><time>2022-10-30T03:36:51Z</time></trkpt>
    <trkpt lat="28.20312" lon="85.64472"><ele>4004</ele><time>2022-10-30T03:37:09Z</time></trkpt>
    <trkpt lat="28.20307" lon="85.64455"><ele>4006</ele><time>2022-10-30T03:37:28Z</time></trkpt>
    <trkpt lat="28.20302" lon="85.64441"><ele>4005</ele><time>2022-10-30T03:37:46Z</time></trkpt>
    <trkpt lat="28.20292" lon="85.64423"><ele>4006</ele><time>2022-10-30T03:38:05Z</time></trkpt>
    <trkpt lat="28.20283" lon="85.64404"><ele>4007</ele><time>2022-10-30T03:38:23Z</time></trkpt>
    <trkpt lat="28.20279" lon="85.64386"><ele>4007</ele><time>2022-10-30T03:38:42Z</time></trkpt>
    <trkpt lat="28.20274" lon="85.64376"><ele>4009</ele><time>2022-10-30T03:39:00Z</time></trkpt>
    <trkpt lat="28.20267" lon="85.64363"><ele>4010</ele><time>2022-10-30T03:39:18Z</time></trkpt>
    <trkpt lat="28.20265" lon="85.64342"><ele>4009</ele><time>2022-10-30T03:39:37Z</time></trkpt>
    <trkpt lat="28.20255" lon="85.64325"><ele>4007</ele><time>2022-10-30T03:39:55Z</time></trkpt>
    <trkpt lat="28.20247" lon="85.64309"><ele>4005</ele><time>2022-10-30T03:40:13Z</time></trkpt>
    <trkpt lat="28.20241" lon="85.64298"><ele>4003</ele><time>2022-10-30T03:40:32Z</time></trkpt>
    <trkpt lat="28.20231" lon="85.64284"><ele>4004</ele><time>2022-10-30T03:40:51Z</time></trkpt>
    <trkpt lat="28.20222" lon="85.64270"><ele>4006</ele><time>2022-10-30T03:41:09Z</time></trkpt>
    <trkpt lat="28.20212" lon="85.64255"><ele>4006</ele><time>2022-10-30T03:41:27Z</time></trkpt>
    <trkpt lat="28.20204" lon="85.64243"><ele>4009</ele><time>2022-10-30T03:41:46Z</time></trkpt>
    <trkpt lat="28.20199" lon="85.64227"><ele>4009</ele><time>2022-10-30T03:42:04Z</time></trkpt>
    <trkpt lat="28.20197" lon="85.64213"><ele>4009</ele><time>2022-10-30T03:42:23Z</time></trkpt>
    <trkpt lat="28.20195" lon="85.64198"><ele>4003</ele><time>2022-10-30T03:42:42Z</time></trkpt>
    <trkpt lat="28.20195" lon="85.64181"><ele>4000</ele><time>2022-10-30T03:43:01Z</time></trkpt>
    <trkpt lat="28.20191" lon="85.64167"><ele>4000</ele><time>2022-10-30T03:43:20Z</time></trkpt>
    <trkpt lat="28.20187" lon="85.64147"><ele>3996</ele><time>2022-10-30T03:44:34Z</time></trkpt>
    <trkpt lat="28.20177" lon="85.64130"><ele>3993</ele><time>2022-10-30T03:44:52Z</time></trkpt>
    <trkpt lat="28.20164" lon="85.64114"><ele>4000</ele><time>2022-10-30T03:45:11Z</time></trkpt>
    <trkpt lat="28.20159" lon="85.64098"><ele>3999</ele><time>2022-10-30T03:46:13Z</time></trkpt>
    <trkpt lat="28.20162" lon="85.64078"><ele>3995</ele><time>2022-10-30T03:46:31Z</time></trkpt>
    <trkpt lat="28.20163" lon="85.64060"><ele>3992</ele><time>2022-10-30T03:46:50Z</time></trkpt>
    <trkpt lat="28.20164" lon="85.64040"><ele>3991</ele><time>2022-10-30T03:47:08Z</time></trkpt>
    <trkpt lat="28.20164" lon="85.64025"><ele>3994</ele><time>2022-10-30T03:47:26Z</time></trkpt>
    <trkpt lat="28.20167" lon="85.64009"><ele>3990</ele><time>2022-10-30T03:47:45Z</time></trkpt>
    <trkpt lat="28.20168" lon="85.63994"><ele>3985</ele><time>2022-10-30T03:48:03Z</time></trkpt>
    <trkpt lat="28.20166" lon="85.63982"><ele>3981</ele><time>2022-10-30T03:48:22Z</time></trkpt>
    <trkpt lat="28.20161" lon="85.63968"><ele>3984</ele><time>2022-10-30T03:48:40Z</time></trkpt>
    <trkpt lat="28.20153" lon="85.63950"><ele>3985</ele><time>2022-10-30T03:49:44Z</time></trkpt>
    <trkpt lat="28.20141" lon="85.63936"><ele>3985</ele><time>2022-10-30T03:53:18Z</time></trkpt>
    <trkpt lat="28.20129" lon="85.63917"><ele>3978</ele><time>2022-10-30T03:53:55Z</time></trkpt>
    <trkpt lat="28.20125" lon="85.63903"><ele>3978</ele><time>2022-10-30T03:54:14Z</time></trkpt>
    <trkpt lat="28.20127" lon="85.63888"><ele>3977</ele><time>2022-10-30T03:54:32Z</time></trkpt>
    <trkpt lat="28.20124" lon="85.63872"><ele>3968</ele><time>2022-10-30T04:04:25Z</time></trkpt>
    <trkpt lat="28.20108" lon="85.63854"><ele>3965</ele><time>2022-10-30T04:04:43Z</time></trkpt>
    <trkpt lat="28.20096" lon="85.63831"><ele>3965</ele><time>2022-10-30T04:05:02Z</time></trkpt>
    <trkpt lat="28.20085" lon="85.63812"><ele>3964</ele><time>2022-10-30T04:05:21Z</time></trkpt>
    <trkpt lat="28.20080" lon="85.63797"><ele>3962</ele><time>2022-10-30T04:05:40Z</time></trkpt>
    <trkpt lat="28.20076" lon="85.63782"><ele>3955</ele><time>2022-10-30T04:05:58Z</time></trkpt>
    <trkpt lat="28.20071" lon="85.63763"><ele>3956</ele><time>2022-10-30T04:06:17Z</time></trkpt>
    <trkpt lat="28.20063" lon="85.63749"><ele>3960</ele><time>2022-10-30T04:06:35Z</time></trkpt>
    <trkpt lat="28.20055" lon="85.63739"><ele>3959</ele><time>2022-10-30T04:06:53Z</time></trkpt>
    <trkpt lat="28.20055" lon="85.63726"><ele>3959</ele><time>2022-10-30T04:07:12Z</time></trkpt>
    <trkpt lat="28.20061" lon="85.63698"><ele>3950</ele><time>2022-10-30T04:08:54Z</time></trkpt>
    <trkpt lat="28.20054" lon="85.63683"><ele>3953</ele><time>2022-10-30T04:09:12Z</time></trkpt>
    <trkpt lat="28.20048" lon="85.63672"><ele>3949</ele><time>2022-10-30T04:09:31Z</time></trkpt>
    <trkpt lat="28.20038" lon="85.63667"><ele>3950</ele><time>2022-10-30T04:11:09Z</time></trkpt>
    <trkpt lat="28.20042" lon="85.63647"><ele>3949</ele><time>2022-10-30T04:11:27Z</time></trkpt>
    <trkpt lat="28.20045" lon="85.63631"><ele>3942</ele><time>2022-10-30T04:11:45Z</time></trkpt>
    <trkpt lat="28.20044" lon="85.63611"><ele>3944</ele><time>2022-10-30T04:12:03Z</time></trkpt>
    <trkpt lat="28.20037" lon="85.63594"><ele>3938</ele><time>2022-10-30T04:13:18Z</time></trkpt>
    <trkpt lat="28.20028" lon="85.63576"><ele>3942</ele><time>2022-10-30T04:13:36Z</time></trkpt>
    <trkpt lat="28.20029" lon="85.63557"><ele>3942</ele><time>2022-10-30T04:13:55Z</time></trkpt>
    <trkpt lat="28.20027" lon="85.63537"><ele>3942</ele><time>2022-10-30T04:14:14Z</time></trkpt>
    <trkpt lat="28.20029" lon="85.63519"><ele>3942</ele><time>2022-10-30T04:14:33Z</time></trkpt>
    <trkpt lat="28.20029" lon="85.63491"><ele>3946</ele><time>2022-10-30T04:14:51Z</time></trkpt>
    <trkpt lat="28.20027" lon="85.63470"><ele>3947</ele><time>2022-10-30T04:15:09Z</time></trkpt>
    <trkpt lat="28.20026" lon="85.63449"><ele>3951</ele><time>2022-10-30T04:15:28Z</time></trkpt>
    <trkpt lat="28.20022" lon="85.63434"><ele>3950</ele><time>2022-10-30T04:15:46Z</time></trkpt>
    <trkpt lat="28.20023" lon="85.63404"><ele>3949</ele><time>2022-10-30T04:16:39Z</time></trkpt>
    <trkpt lat="28.20030" lon="85.63382"><ele>3947</ele><time>2022-10-30T04:16:58Z</time></trkpt>
    <trkpt lat="28.20029" lon="85.63362"><ele>3948</ele><time>2022-10-30T04:17:17Z</time></trkpt>
    <trkpt lat="28.20025" lon="85.63350"><ele>3952</ele><time>2022-10-30T04:17:35Z</time></trkpt>
    <trkpt lat="28.20020" lon="85.63332"><ele>3949</ele><time>2022-10-30T04:17:53Z</time></trkpt>
    <trkpt lat="28.20015" lon="85.63317"><ele>3948</ele><time>2022-10-30T04:18:11Z</time></trkpt>
    <trkpt lat="28.20011" lon="85.63304"><ele>3944</ele><time>2022-10-30T04:18:30Z</time></trkpt>
    <trkpt lat="28.20004" lon="85.63285"><ele>3946</ele><time>2022-10-30T04:18:48Z</time></trkpt>
    <trkpt lat="28.19994" lon="85.63267"><ele>3941</ele><time>2022-10-30T04:19:06Z</time></trkpt>
    <trkpt lat="28.19985" lon="85.63253"><ele>3941</ele><time>2022-10-30T04:19:25Z</time></trkpt>
    <trkpt lat="28.19972" lon="85.63237"><ele>3941</ele><time>2022-10-30T04:19:43Z</time></trkpt>
    <trkpt lat="28.19961" lon="85.63219"><ele>3943</ele><time>2022-10-30T04:20:02Z</time></trkpt>
    <trkpt lat="28.19956" lon="85.63209"><ele>3939</ele><time>2022-10-30T04:20:20Z</time></trkpt>
    <trkpt lat="28.19946" lon="85.63197"><ele>3940</ele><time>2022-10-30T04:20:38Z</time></trkpt>
    <trkpt lat="28.19937" lon="85.63180"><ele>3949</ele><time>2022-10-30T04:20:57Z</time></trkpt>
    <trkpt lat="28.19931" lon="85.63168"><ele>3942</ele><time>2022-10-30T04:21:15Z</time></trkpt>
    <trkpt lat="28.19929" lon="85.63146"><ele>3942</ele><time>2022-10-30T04:21:59Z</time></trkpt>
    <trkpt lat="28.19920" lon="85.63136"><ele>3942</ele><time>2022-10-30T04:22:18Z</time></trkpt>
    <trkpt lat="28.19912" lon="85.63115"><ele>3949</ele><time>2022-10-30T04:22:37Z</time></trkpt>
    <trkpt lat="28.19909" lon="85.63097"><ele>3954</ele><time>2022-10-30T04:22:56Z</time></trkpt>
    <trkpt lat="28.19907" lon="85.63081"><ele>3952</ele><time>2022-10-30T04:23:14Z</time></trkpt>
    <trkpt lat="28.19900" lon="85.63065"><ele>3952</ele><time>2022-10-30T04:23:32Z</time></trkpt>
    <trkpt lat="28.19894" lon="85.63048"><ele>3953</ele><time>2022-10-30T04:23:51Z</time></trkpt>
    <trkpt lat="28.19885" lon="85.63038"><ele>3947</ele><time>2022-10-30T04:24:09Z</time></trkpt>
    <trkpt lat="28.19878" lon="85.63019"><ele>3948</ele><time>2022-10-30T04:24:53Z</time></trkpt>
    <trkpt lat="28.19873" lon="85.63005"><ele>3943</ele><time>2022-10-30T04:25:11Z</time></trkpt>
    <trkpt lat="28.19865" lon="85.62988"><ele>3944</ele><time>2022-10-30T04:25:29Z</time></trkpt>
    <trkpt lat="28.19864" lon="85.62971"><ele>3945</ele><time>2022-10-30T04:25:48Z</time></trkpt>
    <trkpt lat="28.19856" lon="85.62956"><ele>3938</ele><time>2022-10-30T04:26:07Z</time></trkpt>
    <trkpt lat="28.19850" lon="85.62936"><ele>3939</ele><time>2022-10-30T04:26:25Z</time></trkpt>
    <trkpt lat="28.19841" lon="85.62923"><ele>3937</ele><time>2022-10-30T04:26:43Z</time></trkpt>
    <trkpt lat="28.19832" lon="85.62907"><ele>3937</ele><time>2022-10-30T04:27:02Z</time></trkpt>
    <trkpt lat="28.19826" lon="85.62888"><ele>3936</ele><time>2022-10-30T04:27:21Z</time></trkpt>
    <trkpt lat="28.19822" lon="85.62866"><ele>3930</ele><time>2022-10-30T04:27:40Z</time></trkpt>
    <trkpt lat="28.19818" lon="85.62845"><ele>3932</ele><time>2022-10-30T04:27:58Z</time></trkpt>
    <trkpt lat="28.19812" lon="85.62825"><ele>3930</ele><time>2022-10-30T04:28:17Z</time></trkpt>
    <trkpt lat="28.19802" lon="85.62810"><ele>3924</ele><time>2022-10-30T04:28:35Z</time></trkpt>
    <trkpt lat="28.19796" lon="85.62790"><ele>3925</ele><time>2022-10-30T04:28:54Z</time></trkpt>
    <trkpt lat="28.19785" lon="85.62780"><ele>3929</ele><time>2022-10-30T04:29:13Z</time></trkpt>
    <trkpt lat="28.19779" lon="85.62759"><ele>3929</ele><time>2022-10-30T04:29:31Z</time></trkpt>
    <trkpt lat="28.19776" lon="85.62736"><ele>3930</ele><time>2022-10-30T04:29:50Z</time></trkpt>
    <trkpt lat="28.19779" lon="85.62715"><ele>3933</ele><time>2022-10-30T04:30:08Z</time></trkpt>
    <trkpt lat="28.19764" lon="85.62686"><ele>3930</ele><time>2022-10-30T04:31:05Z</time></trkpt>
    <trkpt lat="28.19766" lon="85.62663"><ele>3930</ele><time>2022-10-30T04:31:23Z</time></trkpt>
    <trkpt lat="28.19769" lon="85.62639"><ele>3920</ele><time>2022-10-30T04:31:42Z</time></trkpt>
    <trkpt lat="28.19770" lon="85.62614"><ele>3923</ele><time>2022-10-30T04:32:00Z</time></trkpt>
    <trkpt lat="28.19771" lon="85.62586"><ele>3927</ele><time>2022-10-30T04:32:19Z</time></trkpt>
    <trkpt lat="28.19772" lon="85.62570"><ele>3922</ele><time>2022-10-30T04:32:37Z</time></trkpt>
    <trkpt lat="28.19785" lon="85.62545"><ele>3922</ele><time>2022-10-30T04:32:56Z</time></trkpt>
    <trkpt lat="28.19781" lon="85.62524"><ele>3923</ele><time>2022-10-30T04:33:14Z</time></trkpt>
    <trkpt lat="28.19786" lon="85.62507"><ele>3924</ele><time>2022-10-30T04:33:32Z</time></trkpt>
    <trkpt lat="28.19801" lon="85.62494"><ele>3925</ele><time>2022-10-30T04:35:09Z</time></trkpt>
    <trkpt lat="28.19817" lon="85.62488"><ele>3930</ele><time>2022-10-30T04:35:50Z</time></trkpt>
    <trkpt lat="28.19813" lon="85.62468"><ele>3930</ele><time>2022-10-30T04:36:46Z</time></trkpt>
    <trkpt lat="28.19822" lon="85.62461"><ele>3929</ele><time>2022-10-30T04:37:05Z</time></trkpt>
    <trkpt lat="28.19830" lon="85.62440"><ele>3937</ele><time>2022-10-30T04:58:33Z</time></trkpt>
    <trkpt lat="28.19827" lon="85.62422"><ele>3939</ele><time>2022-10-30T04:58:52Z</time></trkpt>
    <trkpt lat="28.19827" lon="85.62407"><ele>3937</ele><time>2022-10-30T04:59:11Z</time></trkpt>
    <trkpt lat="28.19825" lon="85.62383"><ele>3921</ele><time>2022-10-30T04:59:30Z</time></trkpt>
    <trkpt lat="28.19817" lon="85.62365"><ele>3924</ele><time>2022-10-30T04:59:49Z</time></trkpt>
    <trkpt lat="28.19811" lon="85.62346"><ele>3926</ele><time>2022-10-30T05:00:08Z</time></trkpt>
    <trkpt lat="28.19810" lon="85.62326"><ele>3927</ele><time>2022-10-30T05:00:27Z</time></trkpt>
    <trkpt lat="28.19799" lon="85.62304"><ele>3921</ele><time>2022-10-30T05:00:46Z</time></trkpt>
    <trkpt lat="28.19790" lon="85.62284"><ele>3925</ele><time>2022-10-30T05:01:04Z</time></trkpt>
    <trkpt lat="28.19784" lon="85.62266"><ele>3925</ele><time>2022-10-30T05:01:22Z</time></trkpt>
    <trkpt lat="28.19774" lon="85.62244"><ele>3923</ele><time>2022-10-30T05:01:59Z</time></trkpt>
    <trkpt lat="28.19774" lon="85.62228"><ele>3922</ele><time>2022-10-30T05:02:18Z</time></trkpt>
    <trkpt lat="28.19764" lon="85.62212"><ele>3927</ele><time>2022-10-30T05:02:37Z</time></trkpt>
    <trkpt lat="28.19761" lon="85.62196"><ele>3928</ele><time>2022-10-30T05:02:56Z</time></trkpt>
    <trkpt lat="28.19759" lon="85.62182"><ele>3925</ele><time>2022-10-30T05:03:14Z</time></trkpt>
    <trkpt lat="28.19754" lon="85.62165"><ele>3923</ele><time>2022-10-30T05:03:33Z</time></trkpt>
    <trkpt lat="28.19747" lon="85.62146"><ele>3924</ele><time>2022-10-30T05:03:52Z</time></trkpt>
    <trkpt lat="28.19740" lon="85.62131"><ele>3925</ele><time>2022-10-30T05:04:10Z</time></trkpt>
    <trkpt lat="28.19732" lon="85.62115"><ele>3918</ele><time>2022-10-30T05:04:29Z</time></trkpt>
    <trkpt lat="28.19726" lon="85.62100"><ele>3916</ele><time>2022-10-30T05:04:47Z</time></trkpt>
    <trkpt lat="28.19716" lon="85.62086"><ele>3915</ele><time>2022-10-30T05:05:06Z</time></trkpt>
    <trkpt lat="28.19714" lon="85.62070"><ele>3917</ele><time>2022-10-30T05:05:25Z</time></trkpt>
    <trkpt lat="28.19712" lon="85.62052"><ele>3920</ele><time>2022-10-30T05:05:43Z</time></trkpt>
    <trkpt lat="28.19705" lon="85.62037"><ele>3922</ele><time>2022-10-30T05:06:01Z</time></trkpt>
    <trkpt lat="28.19697" lon="85.62016"><ele>3925</ele><time>2022-10-30T05:06:20Z</time></trkpt>
    <trkpt lat="28.19688" lon="85.61994"><ele>3927</ele><time>2022-10-30T05:06:39Z</time></trkpt>
    <trkpt lat="28.19684" lon="85.61976"><ele>3928</ele><time>2022-10-30T05:06:57Z</time></trkpt>
    <trkpt lat="28.19680" lon="85.61956"><ele>3927</ele><time>2022-10-30T05:07:16Z</time></trkpt>
    <trkpt lat="28.19668" lon="85.61939"><ele>3926</ele><time>2022-10-30T05:07:34Z</time></trkpt>
    <trkpt lat="28.19668" lon="85.61924"><ele>3928</ele><time>2022-10-30T05:07:53Z</time></trkpt>
    <trkpt lat="28.19666" lon="85.61906"><ele>3924</ele><time>2022-10-30T05:08:12Z</time></trkpt>
    <trkpt lat="28.19666" lon="85.61895"><ele>3931</ele><time>2022-10-30T05:08:31Z</time></trkpt>
    <trkpt lat="28.19664" lon="85.61872"><ele>3935</ele><time>2022-10-30T05:09:41Z</time></trkpt>
    <trkpt lat="28.19662" lon="85.61852"><ele>3936</ele><time>2022-10-30T05:10:00Z</time></trkpt>
    <trkpt lat="28.19663" lon="85.61835"><ele>3939</ele><time>2022-10-30T05:10:19Z</time></trkpt>
    <trkpt lat="28.19663" lon="85.61820"><ele>3938</ele><time>2022-10-30T05:10:37Z</time></trkpt>
    <trkpt lat="28.19662" lon="85.61804"><ele>3932</ele><time>2022-10-30T05:10:55Z</time></trkpt>
    <trkpt lat="28.19661" lon="85.61787"><ele>3934</ele><time>2022-10-30T05:11:14Z</time></trkpt>
    <trkpt lat="28.19657" lon="85.61770"><ele>3937</ele><time>2022-10-30T05:11:32Z</time></trkpt>
    <trkpt lat="28.19657" lon="85.61755"><ele>3935</ele><time>2022-10-30T05:11:51Z</time></trkpt>
    <trkpt lat="28.19652" lon="85.61739"><ele>3937</ele><time>2022-10-30T05:12:09Z</time></trkpt>
    <trkpt lat="28.19647" lon="85.61721"><ele>3937</ele><time>2022-10-30T05:12:27Z</time></trkpt>
    <trkpt lat="28.19644" lon="85.61701"><ele>3934</ele><time>2022-10-30T05:12:46Z</time></trkpt>
    <trkpt lat="28.19642" lon="85.61684"><ele>3936</ele><time>2022-10-30T05:13:04Z</time></trkpt>
    <trkpt lat="28.19644" lon="85.61668"><ele>3938</ele><time>2022-10-30T05:13:22Z</time></trkpt>
    <trkpt lat="28.19644" lon="85.61652"><ele>3939</ele><time>2022-10-30T05:13:41Z</time></trkpt>
    <trkpt lat="28.19644" lon="85.61636"><ele>3940</ele><time>2022-10-30T05:13:59Z</time></trkpt>
    <trkpt lat="28.19644" lon="85.61619"><ele>3941</ele><time>2022-10-30T05:14:18Z</time></trkpt>
    <trkpt lat="28.19646" lon="85.61604"><ele>3941</ele><time>2022-10-30T05:14:36Z</time></trkpt>
    <trkpt lat="28.19654" lon="85.61591"><ele>3939</ele><time>2022-10-30T05:14:54Z</time></trkpt>
    <trkpt lat="28.19650" lon="85.61578"><ele>3938</ele><time>2022-10-30T05:15:13Z</time></trkpt>
    <trkpt lat="28.19652" lon="85.61564"><ele>3939</ele><time>2022-10-30T05:15:32Z</time></trkpt>
    <trkpt lat="28.19660" lon="85.61543"><ele>3941</ele><time>2022-10-30T05:15:50Z</time></trkpt>
    <trkpt lat="28.19667" lon="85.61523"><ele>3943</ele><time>2022-10-30T05:16:08Z</time></trkpt>
    <trkpt lat="28.19667" lon="85.61506"><ele>3946</ele><time>2022-10-30T05:16:27Z</time></trkpt>
    <trkpt lat="28.19674" lon="85.61488"><ele>3946</ele><time>2022-10-30T05:16:46Z</time></trkpt>
    <trkpt lat="28.19674" lon="85.61474"><ele>3947</ele><time>2022-10-30T05:17:05Z</time></trkpt>
    <trkpt lat="28.19677" lon="85.61462"><ele>3952</ele><time>2022-10-30T05:17:23Z</time></trkpt>
    <trkpt lat="28.19681" lon="85.61441"><ele>3945</ele><time>2022-10-30T05:17:42Z</time></trkpt>
    <trkpt lat="28.19681" lon="85.61425"><ele>3945</ele><time>2022-10-30T05:18:00Z</time></trkpt>
    <trkpt lat="28.19682" lon="85.61411"><ele>3944</ele><time>2022-10-30T05:18:18Z</time></trkpt>
    <trkpt lat="28.19668" lon="85.61406"><ele>3939</ele><time>2022-10-30T05:18:37Z</time></trkpt>
    <trkpt lat="28.19661" lon="85.61393"><ele>3940</ele><time>2022-10-30T05:18:55Z</time></trkpt>
    <trkpt lat="28.19654" lon="85.61381"><ele>3940</ele><time>2022-10-30T05:19:13Z</time></trkpt>
    <trkpt lat="28.19650" lon="85.61371"><ele>3939</ele><time>2022-10-30T05:19:31Z</time></trkpt>
    <trkpt lat="28.19649" lon="85.61352"><ele>3939</ele><time>2022-10-30T05:19:50Z</time></trkpt>
    <trkpt lat="28.19645" lon="85.61335"><ele>3940</ele><time>2022-10-30T05:20:08Z</time></trkpt>
    <trkpt lat="28.19647" lon="85.61321"><ele>3940</ele><time>2022-10-30T05:20:27Z</time></trkpt>
    <trkpt lat="28.19647" lon="85.61302"><ele>3941</ele><time>2022-10-30T05:20:45Z</time></trkpt>
    <trkpt lat="28.19658" lon="85.61284"><ele>3939</ele><time>2022-10-30T05:21:04Z</time></trkpt>
    <trkpt lat="28.19658" lon="85.61256"><ele>3937</ele><time>2022-10-30T05:21:41Z</time></trkpt>
    <trkpt lat="28.19657" lon="85.61242"><ele>3938</ele><time>2022-10-30T05:22:00Z</time></trkpt>
    <trkpt lat="28.19662" lon="85.61228"><ele>3933</ele><time>2022-10-30T05:22:18Z</time></trkpt>
    <trkpt lat="28.19666" lon="85.61207"><ele>3934</ele><time>2022-10-30T05:22:37Z</time></trkpt>
    <trkpt lat="28.19667" lon="85.61179"><ele>3928</ele><time>2022-10-30T05:23:21Z</time></trkpt>
    <trkpt lat="28.19671" lon="85.61161"><ele>3930</ele><time>2022-10-30T05:23:40Z</time></trkpt>
    <trkpt lat="28.19678" lon="85.61144"><ele>3925</ele><time>2022-10-30T05:23:58Z</time></trkpt>
    <trkpt lat="28.19689" lon="85.61131"><ele>3924</ele><time>2022-10-30T05:24:17Z</time></trkpt>
    <trkpt lat="28.19686" lon="85.61120"><ele>3925</ele><time>2022-10-30T05:24:35Z</time></trkpt>
    <trkpt lat="28.19693" lon="85.61102"><ele>3923</ele><time>2022-10-30T05:24:54Z</time></trkpt>
    <trkpt lat="28.19688" lon="85.61081"><ele>3923</ele><time>2022-10-30T05:25:13Z</time></trkpt>
    <trkpt lat="28.19684" lon="85.61064"><ele>3928</ele><time>2022-10-30T05:25:31Z</time></trkpt>
    <trkpt lat="28.19692" lon="85.61046"><ele>3926</ele><time>2022-10-30T05:25:50Z</time></trkpt>
    <trkpt lat="28.19697" lon="85.61035"><ele>3924</ele><time>2022-10-30T05:26:08Z</time></trkpt>
    <trkpt lat="28.19699" lon="85.61023"><ele>3924</ele><time>2022-10-30T05:26:26Z</time></trkpt>
    <trkpt lat="28.19698" lon="85.61006"><ele>3922</ele><time>2022-10-30T05:26:45Z</time></trkpt>
    <trkpt lat="28.19692" lon="85.60988"><ele>3923</ele><time>2022-10-30T05:27:03Z</time></trkpt>
    <trkpt lat="28.19694" lon="85.60971"><ele>3923</ele><time>2022-10-30T05:27:21Z</time></trkpt>
    <trkpt lat="28.19695" lon="85.60959"><ele>3923</ele><time>2022-10-30T05:27:39Z</time></trkpt>
    <trkpt lat="28.19695" lon="85.60944"><ele>3924</ele><time>2022-10-30T05:27:57Z</time></trkpt>
    <trkpt lat="28.19694" lon="85.60930"><ele>3926</ele><time>2022-10-30T05:28:16Z</time></trkpt>
    <trkpt lat="28.19696" lon="85.60918"><ele>3923</ele><time>2022-10-30T05:28:34Z</time></trkpt>
    <trkpt lat="28.19694" lon="85.60905"><ele>3922</ele><time>2022-10-30T05:28:52Z</time></trkpt>
    <trkpt lat="28.19693" lon="85.60887"><ele>3921</ele><time>2022-10-30T05:29:11Z</time></trkpt>
    <trkpt lat="28.19688" lon="85.60875"><ele>3922</ele><time>2022-10-30T05:29:29Z</time></trkpt>
    <trkpt lat="28.19689" lon="85.60855"><ele>3922</ele><time>2022-10-30T05:29:48Z</time></trkpt>
    <trkpt lat="28.19693" lon="85.60836"><ele>3919</ele><time>2022-10-30T05:30:06Z</time></trkpt>
    <trkpt lat="28.19701" lon="85.60818"><ele>3919</ele><time>2022-10-30T05:30:25Z</time></trkpt>
    <trkpt lat="28.19702" lon="85.60800"><ele>3919</ele><time>2022-10-30T05:30:43Z</time></trkpt>
    <trkpt lat="28.19702" lon="85.60781"><ele>3919</ele><time>2022-10-30T05:31:02Z</time></trkpt>
    <trkpt lat="28.19704" lon="85.60764"><ele>3920</ele><time>2022-10-30T05:31:21Z</time></trkpt>
    <trkpt lat="28.19707" lon="85.60744"><ele>3924</ele><time>2022-10-30T05:31:40Z</time></trkpt>
    <trkpt lat="28.19709" lon="85.60729"><ele>3924</ele><time>2022-10-30T05:31:58Z</time></trkpt>
    <trkpt lat="28.19721" lon="85.60709"><ele>3923</ele><time>2022-10-30T05:33:27Z</time></trkpt>
    <trkpt lat="28.19715" lon="85.60698"><ele>3923</ele><time>2022-10-30T05:33:46Z</time></trkpt>
    <trkpt lat="28.19711" lon="85.60683"><ele>3920</ele><time>2022-10-30T05:34:04Z</time></trkpt>
    <trkpt lat="28.19703" lon="85.60665"><ele>3914</ele><time>2022-10-30T05:34:23Z</time></trkpt>
    <trkpt lat="28.19702" lon="85.60646"><ele>3915</ele><time>2022-10-30T05:34:41Z</time></trkpt>
    <trkpt lat="28.19714" lon="85.60630"><ele>3916</ele><time>2022-10-30T05:35:00Z</time></trkpt>
    <trkpt lat="28.19703" lon="85.60629"><ele>3910</ele><time>2022-10-30T05:36:47Z</time></trkpt>
    <trkpt lat="28.19703" lon="85.60615"><ele>3910</ele><time>2022-10-30T05:37:06Z</time></trkpt>
    <trkpt lat="28.19701" lon="85.60602"><ele>3898</ele><time>2022-10-30T05:37:25Z</time></trkpt>
    <trkpt lat="28.19705" lon="85.60589"><ele>3897</ele><time>2022-10-30T05:37:44Z</time></trkpt>
    <trkpt lat="28.19710" lon="85.60575"><ele>3889</ele><time>2022-10-30T05:38:03Z</time></trkpt>
    <trkpt lat="28.19703" lon="85.60557"><ele>3892</ele><time>2022-10-30T05:38:21Z</time></trkpt>
    <trkpt lat="28.19703" lon="85.60544"><ele>3886</ele><time>2022-10-30T05:38:40Z</time></trkpt>
    <trkpt lat="28.19704" lon="85.60530"><ele>3887</ele><time>2022-10-30T05:38:59Z</time></trkpt>
    <trkpt lat="28.19697" lon="85.60522"><ele>3886</ele><time>2022-10-30T05:39:17Z</time></trkpt>
    <trkpt lat="28.19692" lon="85.60510"><ele>3881</ele><time>2022-10-30T05:39:36Z</time></trkpt>
    <trkpt lat="28.19692" lon="85.60492"><ele>3882</ele><time>2022-10-30T05:39:55Z</time></trkpt>
    <trkpt lat="28.19687" lon="85.60476"><ele>3882</ele><time>2022-10-30T05:40:13Z</time></trkpt>
    <trkpt lat="28.19677" lon="85.60467"><ele>3882</ele><time>2022-10-30T05:40:31Z</time></trkpt>
    <trkpt lat="28.19672" lon="85.60457"><ele>3881</ele><time>2022-10-30T05:40:49Z</time></trkpt>
    <trkpt lat="28.19667" lon="85.60444"><ele>3883</ele><time>2022-10-30T05:41:07Z</time></trkpt>
    <trkpt lat="28.19660" lon="85.60426"><ele>3876</ele><time>2022-10-30T05:41:25Z</time></trkpt>
    <trkpt lat="28.19655" lon="85.60414"><ele>3874</ele><time>2022-10-30T05:41:44Z</time></trkpt>
    <trkpt lat="28.19647" lon="85.60399"><ele>3871</ele><time>2022-10-30T05:42:03Z</time></trkpt>
    <trkpt lat="28.19654" lon="85.60383"><ele>3873</ele><time>2022-10-30T05:42:49Z</time></trkpt>
    <trkpt lat="28.19650" lon="85.60365"><ele>3873</ele><time>2022-10-30T05:43:08Z</time></trkpt>
    <trkpt lat="28.19650" lon="85.60347"><ele>3872</ele><time>2022-10-30T05:43:26Z</time></trkpt>
    <trkpt lat="28.19653" lon="85.60326"><ele>3872</ele><time>2022-10-30T05:43:45Z</time></trkpt>
    <trkpt lat="28.19656" lon="85.60305"><ele>3870</ele><time>2022-10-30T05:44:04Z</time></trkpt>
    <trkpt lat="28.19659" lon="85.60286"><ele>3869</ele><time>2022-10-30T05:44:23Z</time></trkpt>
    <trkpt lat="28.19660" lon="85.60270"><ele>3871</ele><time>2022-10-30T05:44:42Z</time></trkpt>
    <trkpt lat="28.19663" lon="85.60252"><ele>3871</ele><time>2022-10-30T05:45:00Z</time></trkpt>
    <trkpt lat="28.19665" lon="85.60232"><ele>3870</ele><time>2022-10-30T05:45:18Z</time></trkpt>
    <trkpt lat="28.19667" lon="85.60217"><ele>3872</ele><time>2022-10-30T05:45:36Z</time></trkpt>
    <trkpt lat="28.19672" lon="85.60201"><ele>3873</ele><time>2022-10-30T05:45:55Z</time></trkpt>
    <trkpt lat="28.19675" lon="85.60180"><ele>3871</ele><time>2022-10-30T05:46:13Z</time></trkpt>
    <trkpt lat="28.19675" lon="85.60170"><ele>3875</ele><time>2022-10-30T05:46:32Z</time></trkpt>
    <trkpt lat="28.19671" lon="85.60158"><ele>3871</ele><time>2022-10-30T05:46:51Z</time></trkpt>
    <trkpt lat="28.19664" lon="85.60134"><ele>3870</ele><time>2022-10-30T05:48:49Z</time></trkpt>
    <trkpt lat="28.19659" lon="85.60116"><ele>3869</ele><time>2022-10-30T05:49:08Z</time></trkpt>
    <trkpt lat="28.19655" lon="85.60100"><ele>3871</ele><time>2022-10-30T05:49:26Z</time></trkpt>
    <trkpt lat="28.19652" lon="85.60085"><ele>3870</ele><time>2022-10-30T05:49:44Z</time></trkpt>
    <trkpt lat="28.19646" lon="85.60069"><ele>3867</ele><time>2022-10-30T05:50:03Z</time></trkpt>
    <trkpt lat="28.19640" lon="85.60053"><ele>3864</ele><time>2022-10-30T05:50:22Z</time></trkpt>
    <trkpt lat="28.19637" lon="85.60041"><ele>3868</ele><time>2022-10-30T05:50:40Z</time></trkpt>
    <trkpt lat="28.19637" lon="85.60024"><ele>3867</ele><time>2022-10-30T05:50:59Z</time></trkpt>
    <trkpt lat="28.19642" lon="85.60013"><ele>3863</ele><time>2022-10-30T05:51:17Z</time></trkpt>
    <trkpt lat="28.19643" lon="85.60000"><ele>3863</ele><time>2022-10-30T05:51:36Z</time></trkpt>
    <trkpt lat="28.19650" lon="85.59991"><ele>3857</ele><time>2022-10-30T05:51:54Z</time></trkpt>
    <trkpt lat="28.19661" lon="85.59975"><ele>3860</ele><time>2022-10-30T05:52:13Z</time></trkpt>
    <trkpt lat="28.19668" lon="85.59960"><ele>3861</ele><time>2022-10-30T05:52:32Z</time></trkpt>
    <trkpt lat="28.19675" lon="85.59943"><ele>3858</ele><time>2022-10-30T05:52:50Z</time></trkpt>
    <trkpt lat="28.19680" lon="85.59923"><ele>3856</ele><time>2022-10-30T05:53:08Z</time></trkpt>
    <trkpt lat="28.19684" lon="85.59902"><ele>3855</ele><time>2022-10-30T05:53:26Z</time></trkpt>
    <trkpt lat="28.19687" lon="85.59883"><ele>3851</ele><time>2022-10-30T05:53:45Z</time></trkpt>
    <trkpt lat="28.19684" lon="85.59863"><ele>3851</ele><time>2022-10-30T05:54:04Z</time></trkpt>
    <trkpt lat="28.19688" lon="85.59842"><ele>3848</ele><time>2022-10-30T05:54:22Z</time></trkpt>
    <trkpt lat="28.19692" lon="85.59820"><ele>3843</ele><time>2022-10-30T05:54:41Z</time></trkpt>
    <trkpt lat="28.19698" lon="85.59801"><ele>3842</ele><time>2022-10-30T05:54:59Z</time></trkpt>
    <trkpt lat="28.19699" lon="85.59790"><ele>3849</ele><time>2022-10-30T05:55:18Z</time></trkpt>
    <trkpt lat="28.19696" lon="85.59775"><ele>3860</ele><time>2022-10-30T05:56:08Z</time></trkpt>
    <trkpt lat="28.19689" lon="85.59768"><ele>3858</ele><time>2022-10-30T05:56:26Z</time></trkpt>
    <trkpt lat="28.19679" lon="85.59749"><ele>3860</ele><time>2022-10-30T06:03:35Z</time></trkpt>
    <trkpt lat="28.19690" lon="85.59727"><ele>3855</ele><time>2022-10-30T06:03:54Z</time></trkpt>
    <trkpt lat="28.19694" lon="85.59704"><ele>3851</ele><time>2022-10-30T06:04:12Z</time></trkpt>
    <trkpt lat="28.19691" lon="85.59683"><ele>3848</ele><time>2022-10-30T06:04:31Z</time></trkpt>
    <trkpt lat="28.19690" lon="85.59664"><ele>3846</ele><time>2022-10-30T06:04:49Z</time></trkpt>
    <trkpt lat="28.19686" lon="85.59644"><ele>3848</ele><time>2022-10-30T06:05:08Z</time></trkpt>
    <trkpt lat="28.19687" lon="85.59626"><ele>3849</ele><time>2022-10-30T06:05:27Z</time></trkpt>
    <trkpt lat="28.19685" lon="85.59610"><ele>3848</ele><time>2022-10-30T06:05:45Z</time></trkpt>
    <trkpt lat="28.19676" lon="85.59597"><ele>3851</ele><time>2022-10-30T06:06:03Z</time></trkpt>
    <trkpt lat="28.19671" lon="85.59577"><ele>3849</ele><time>2022-10-30T06:06:22Z</time></trkpt>
    <trkpt lat="28.19673" lon="85.59566"><ele>3855</ele><time>2022-10-30T06:06:41Z</time></trkpt>
    <trkpt lat="28.19667" lon="85.59554"><ele>3854</ele><time>2022-10-30T06:06:59Z</time></trkpt>
    <trkpt lat="28.19665" lon="85.59537"><ele>3852</ele><time>2022-10-30T06:07:18Z</time></trkpt>
    <trkpt lat="28.19662" lon="85.59520"><ele>3853</ele><time>2022-10-30T06:07:36Z</time></trkpt>
    <trkpt lat="28.19660" lon="85.59500"><ele>3849</ele><time>2022-10-30T06:07:55Z</time></trkpt>
    <trkpt lat="28.19661" lon="85.59487"><ele>3848</ele><time>2022-10-30T06:08:13Z</time></trkpt>
    <trkpt lat="28.19675" lon="85.59478"><ele>3853</ele><time>2022-10-30T06:09:34Z</time></trkpt>
    <trkpt lat="28.19683" lon="85.59462"><ele>3857</ele><time>2022-10-30T06:10:35Z</time></trkpt>
    <trkpt lat="28.19697" lon="85.59453"><ele>3859</ele><time>2022-10-30T06:11:17Z</time></trkpt>
    <trkpt lat="28.19703" lon="85.59435"><ele>3858</ele><time>2022-10-30T06:12:08Z</time></trkpt>
    <trkpt lat="28.19711" lon="85.59425"><ele>3851</ele><time>2022-10-30T06:12:27Z</time></trkpt>
    <trkpt lat="28.19704" lon="85.59413"><ele>3848</ele><time>2022-10-30T06:13:23Z</time></trkpt>
    <trkpt lat="28.19703" lon="85.59387"><ele>3846</ele><time>2022-10-30T06:14:02Z</time></trkpt>
    <trkpt lat="28.19707" lon="85.59365"><ele>3842</ele><time>2022-10-30T06:14:21Z</time></trkpt>
    <trkpt lat="28.19704" lon="85.59345"><ele>3842</ele><time>2022-10-30T06:14:39Z</time></trkpt>
    <trkpt lat="28.19708" lon="85.59329"><ele>3840</ele><time>2022-10-30T06:14:57Z</time></trkpt>
    <trkpt lat="28.19709" lon="85.59310"><ele>3838</ele><time>2022-10-30T06:15:16Z</time></trkpt>
    <trkpt lat="28.19711" lon="85.59291"><ele>3839</ele><time>2022-10-30T06:15:35Z</time></trkpt>
    <trkpt lat="28.19715" lon="85.59269"><ele>3834</ele><time>2022-10-30T06:15:54Z</time></trkpt>
    <trkpt lat="28.19725" lon="85.59251"><ele>3836</ele><time>2022-10-30T06:16:12Z</time></trkpt>
    <trkpt lat="28.19726" lon="85.59232"><ele>3836</ele><time>2022-10-30T06:16:30Z</time></trkpt>
    <trkpt lat="28.19726" lon="85.59212"><ele>3835</ele><time>2022-10-30T06:16:49Z</time></trkpt>
    <trkpt lat="28.19727" lon="85.59193"><ele>3832</ele><time>2022-10-30T06:17:08Z</time></trkpt>
    <trkpt lat="28.19736" lon="85.59175"><ele>3830</ele><time>2022-10-30T06:17:26Z</time></trkpt>
    <trkpt lat="28.19743" lon="85.59154"><ele>3832</ele><time>2022-10-30T06:17:45Z</time></trkpt>
    <trkpt lat="28.19750" lon="85.59134"><ele>3832</ele><time>2022-10-30T06:18:03Z</time></trkpt>
    <trkpt lat="28.19755" lon="85.59113"><ele>3833</ele><time>2022-10-30T06:18:22Z</time></trkpt>
    <trkpt lat="28.19760" lon="85.59098"><ele>3827</ele><time>2022-10-30T06:18:40Z</time></trkpt>
    <trkpt lat="28.19768" lon="85.59078"><ele>3829</ele><time>2022-10-30T06:18:59Z</time></trkpt>
    <trkpt lat="28.19773" lon="85.59061"><ele>3832</ele><time>2022-10-30T06:19:17Z</time></trkpt>
    <trkpt lat="28.19779" lon="85.59041"><ele>3830</ele><time>2022-10-30T06:19:35Z</time></trkpt>
    <trkpt lat="28.19789" lon="85.59020"><ele>3833</ele><time>2022-10-30T06:19:54Z</time></trkpt>
    <trkpt lat="28.19797" lon="85.59001"><ele>3827</ele><time>2022-10-30T06:20:12Z</time></trkpt>
    <trkpt lat="28.19808" lon="85.58983"><ele>3829</ele><time>2022-10-30T06:20:31Z</time></trkpt>
    <trkpt lat="28.19819" lon="85.58965"><ele>3833</ele><time>2022-10-30T06:20:50Z</time></trkpt>
    <trkpt lat="28.19824" lon="85.58946"><ele>3832</ele><time>2022-10-30T06:21:09Z</time></trkpt>
    <trkpt lat="28.19829" lon="85.58934"><ele>3834</ele><time>2022-10-30T06:21:28Z</time></trkpt>
    <trkpt lat="28.19831" lon="85.58923"><ele>3838</ele><time>2022-10-30T06:21:46Z</time></trkpt>
    <trkpt lat="28.19845" lon="85.58902"><ele>3843</ele><time>2022-10-30T06:22:38Z</time></trkpt>
    <trkpt lat="28.19859" lon="85.58893"><ele>3845</ele><time>2022-10-30T06:24:30Z</time></trkpt>
    <trkpt lat="28.19871" lon="85.58882"><ele>3846</ele><time>2022-10-30T06:24:49Z</time></trkpt>
    <trkpt lat="28.19884" lon="85.58872"><ele>3840</ele><time>2022-10-30T06:25:07Z</time></trkpt>
    <trkpt lat="28.19898" lon="85.58856"><ele>3837</ele><time>2022-10-30T06:25:26Z</time></trkpt>
    <trkpt lat="28.19908" lon="85.58839"><ele>3840</ele><time>2022-10-30T06:25:44Z</time></trkpt>
    <trkpt lat="28.19915" lon="85.58819"><ele>3832</ele><time>2022-10-30T06:26:03Z</time></trkpt>
    <trkpt lat="28.19915" lon="85.58803"><ele>3830</ele><time>2022-10-30T06:26:21Z</time></trkpt>
    <trkpt lat="28.19917" lon="85.58787"><ele>3832</ele><time>2022-10-30T06:26:39Z</time></trkpt>
    <trkpt lat="28.19920" lon="85.58770"><ele>3832</ele><time>2022-10-30T06:26:58Z</time></trkpt>
    <trkpt lat="28.19930" lon="85.58756"><ele>3833</ele><time>2022-10-30T06:27:16Z</time></trkpt>
    <trkpt lat="28.19944" lon="85.58741"><ele>3835</ele><time>2022-10-30T06:27:35Z</time></trkpt>
    <trkpt lat="28.19954" lon="85.58727"><ele>3838</ele><time>2022-10-30T06:27:53Z</time></trkpt>
    <trkpt lat="28.19965" lon="85.58711"><ele>3835</ele><time>2022-10-30T06:28:12Z</time></trkpt>
    <trkpt lat="28.19972" lon="85.58702"><ele>3837</ele><time>2022-10-30T06:28:31Z</time></trkpt>
    <trkpt lat="28.19977" lon="85.58683"><ele>3832</ele><time>2022-10-30T06:28:50Z</time></trkpt>
    <trkpt lat="28.19988" lon="85.58665"><ele>3827</ele><time>2022-10-30T06:29:08Z</time></trkpt>
    <trkpt lat="28.19999" lon="85.58646"><ele>3826</ele><time>2022-10-30T06:29:27Z</time></trkpt>
    <trkpt lat="28.20012" lon="85.58630"><ele>3826</ele><time>2022-10-30T06:29:46Z</time></trkpt>
    <trkpt lat="28.20028" lon="85.58628"><ele>3829</ele><time>2022-10-30T06:30:05Z</time></trkpt>
    <trkpt lat="28.20044" lon="85.58626"><ele>3830</ele><time>2022-10-30T06:30:23Z</time></trkpt>
    <trkpt lat="28.20063" lon="85.58615"><ele>3828</ele><time>2022-10-30T06:30:41Z</time></trkpt>
    <trkpt lat="28.20078" lon="85.58603"><ele>3826</ele><time>2022-10-30T06:31:00Z</time></trkpt>
    <trkpt lat="28.20085" lon="85.58584"><ele>3823</ele><time>2022-10-30T06:31:18Z</time></trkpt>
    <trkpt lat="28.20094" lon="85.58564"><ele>3822</ele><time>2022-10-30T06:31:36Z</time></trkpt>
    <trkpt lat="28.20106" lon="85.58545"><ele>3820</ele><time>2022-10-30T06:31:54Z</time></trkpt>
    <trkpt lat="28.20113" lon="85.58527"><ele>3822</ele><time>2022-10-30T06:32:12Z</time></trkpt>
    <trkpt lat="28.20120" lon="85.58509"><ele>3819</ele><time>2022-10-30T06:32:30Z</time></trkpt>
    <trkpt lat="28.20130" lon="85.58488"><ele>3819</ele><time>2022-10-30T06:32:48Z</time></trkpt>
    <trkpt lat="28.20143" lon="85.58465"><ele>3817</ele><time>2022-10-30T06:33:06Z</time></trkpt>
    <trkpt lat="28.20153" lon="85.58441"><ele>3814</ele><time>2022-10-30T06:33:25Z</time></trkpt>
    <trkpt lat="28.20163" lon="85.58421"><ele>3812</ele><time>2022-10-30T06:33:43Z</time></trkpt>
    <trkpt lat="28.20175" lon="85.58404"><ele>3816</ele><time>2022-10-30T06:34:01Z</time></trkpt>
    <trkpt lat="28.20184" lon="85.58380"><ele>3811</ele><time>2022-10-30T06:34:20Z</time></trkpt>
    <trkpt lat="28.20190" lon="85.58358"><ele>3812</ele><time>2022-10-30T06:34:38Z</time></trkpt>
    <trkpt lat="28.20199" lon="85.58335"><ele>3812</ele><time>2022-10-30T06:34:57Z</time></trkpt>
    <trkpt lat="28.20208" lon="85.58316"><ele>3814</ele><time>2022-10-30T06:35:15Z</time></trkpt>
    <trkpt lat="28.20226" lon="85.58305"><ele>3817</ele><time>2022-10-30T06:35:33Z</time></trkpt>
    <trkpt lat="28.20243" lon="85.58294"><ele>3818</ele><time>2022-10-30T06:35:52Z</time></trkpt>
    <trkpt lat="28.20263" lon="85.58291"><ele>3820</ele><time>2022-10-30T06:36:11Z</time></trkpt>
    <trkpt lat="28.20277" lon="85.58278"><ele>3817</ele><time>2022-10-30T06:36:29Z</time></trkpt>
    <trkpt lat="28.20293" lon="85.58262"><ele>3813</ele><time>2022-10-30T06:36:48Z</time></trkpt>
    <trkpt lat="28.20301" lon="85.58243"><ele>3817</ele><time>2022-10-30T06:37:07Z</time></trkpt>
    <trkpt lat="28.20298" lon="85.58223"><ele>3816</ele><time>2022-10-30T06:39:06Z</time></trkpt>
    <trkpt lat="28.20297" lon="85.58209"><ele>3814</ele><time>2022-10-30T06:39:24Z</time></trkpt>
    <trkpt lat="28.20302" lon="85.58193"><ele>3815</ele><time>2022-10-30T06:39:42Z</time></trkpt>
    <trkpt lat="28.20306" lon="85.58173"><ele>3817</ele><time>2022-10-30T06:40:01Z</time></trkpt>
    <trkpt lat="28.20311" lon="85.58159"><ele>3816</ele><time>2022-10-30T06:40:20Z</time></trkpt>
    <trkpt lat="28.20320" lon="85.58148"><ele>3816</ele><time>2022-10-30T06:40:38Z</time></trkpt>
    <trkpt lat="28.20331" lon="85.58137"><ele>3816</ele><time>2022-10-30T06:40:56Z</time></trkpt>
    <trkpt lat="28.20345" lon="85.58127"><ele>3818</ele><time>2022-10-30T06:41:15Z</time></trkpt>
    <trkpt lat="28.20356" lon="85.58116"><ele>3819</ele><time>2022-10-30T06:41:33Z</time></trkpt>
    <trkpt lat="28.20360" lon="85.58101"><ele>3821</ele><time>2022-10-30T06:41:52Z</time></trkpt>
    <trkpt lat="28.20364" lon="85.58083"><ele>3820</ele><time>2022-10-30T06:42:10Z</time></trkpt>
    <trkpt lat="28.20371" lon="85.58059"><ele>3823</ele><time>2022-10-30T06:43:56Z</time></trkpt>
    <trkpt lat="28.20378" lon="85.58045"><ele>3823</ele><time>2022-10-30T06:44:14Z</time></trkpt>
    <trkpt lat="28.20388" lon="85.58028"><ele>3823</ele><time>2022-10-30T06:44:33Z</time></trkpt>
    <trkpt lat="28.20406" lon="85.58008"><ele>3823</ele><time>2022-10-30T06:45:19Z</time></trkpt>
    <trkpt lat="28.20416" lon="85.57996"><ele>3823</ele><time>2022-10-30T06:45:38Z</time></trkpt>
    <trkpt lat="28.20422" lon="85.57980"><ele>3824</ele><time>2022-10-30T06:45:57Z</time></trkpt>
    <trkpt lat="28.20440" lon="85.57961"><ele>3828</ele><time>2022-10-30T06:46:34Z</time></trkpt>
    <trkpt lat="28.20453" lon="85.57947"><ele>3826</ele><time>2022-10-30T06:46:53Z</time></trkpt>
    <trkpt lat="28.20467" lon="85.57934"><ele>3830</ele><time>2022-10-30T06:47:11Z</time></trkpt>
    <trkpt lat="28.20481" lon="85.57925"><ele>3830</ele><time>2022-10-30T06:47:30Z</time></trkpt>
    <trkpt lat="28.20496" lon="85.57917"><ele>3831</ele><time>2022-10-30T06:47:48Z</time></trkpt>
    <trkpt lat="28.20511" lon="85.57908"><ele>3833</ele><time>2022-10-30T06:48:07Z</time></trkpt>
    <trkpt lat="28.20520" lon="85.57895"><ele>3835</ele><time>2022-10-30T06:48:26Z</time></trkpt>
    <trkpt lat="28.20524" lon="85.57882"><ele>3837</ele><time>2022-10-30T06:48:45Z</time></trkpt>
    <trkpt lat="28.20531" lon="85.57872"><ele>3836</ele><time>2022-10-30T06:49:03Z</time></trkpt>
    <trkpt lat="28.20539" lon="85.57857"><ele>3839</ele><time>2022-10-30T06:49:21Z</time></trkpt>
    <trkpt lat="28.20545" lon="85.57849"><ele>3842</ele><time>2022-10-30T06:49:40Z</time></trkpt>
    <trkpt lat="28.20555" lon="85.57833"><ele>3845</ele><time>2022-10-30T06:49:59Z</time></trkpt>
    <trkpt lat="28.20564" lon="85.57821"><ele>3845</ele><time>2022-10-30T06:50:17Z</time></trkpt>
    <trkpt lat="28.20573" lon="85.57813"><ele>3848</ele><time>2022-10-30T06:50:35Z</time></trkpt>
    <trkpt lat="28.20581" lon="85.57804"><ele>3852</ele><time>2022-10-30T06:50:54Z</time></trkpt>
    <trkpt lat="28.20591" lon="85.57796"><ele>3852</ele><time>2022-10-30T06:51:12Z</time></trkpt>
    <trkpt lat="28.20602" lon="85.57788"><ele>3855</ele><time>2022-10-30T06:51:31Z</time></trkpt>
    <trkpt lat="28.20611" lon="85.57778"><ele>3857</ele><time>2022-10-30T06:51:50Z</time></trkpt>
    <trkpt lat="28.20621" lon="85.57765"><ele>3859</ele><time>2022-10-30T06:52:09Z</time></trkpt>
    <trkpt lat="28.20631" lon="85.57756"><ele>3860</ele><time>2022-10-30T06:52:28Z</time></trkpt>
    <trkpt lat="28.20641" lon="85.57745"><ele>3861</ele><time>2022-10-30T06:52:47Z</time></trkpt>
    <trkpt lat="28.20652" lon="85.57737"><ele>3863</ele><time>2022-10-30T06:53:06Z</time></trkpt>
    <trkpt lat="28.20661" lon="85.57727"><ele>3866</ele><time>2022-10-30T06:53:24Z</time></trkpt>
    <trkpt lat="28.20669" lon="85.57717"><ele>3866</ele><time>2022-10-30T06:53:42Z</time></trkpt>
    <trkpt lat="28.20678" lon="85.57708"><ele>3869</ele><time>2022-10-30T06:54:01Z</time></trkpt>
    <trkpt lat="28.20688" lon="85.57698"><ele>3871</ele><time>2022-10-30T06:54:20Z</time></trkpt>
    <trkpt lat="28.20686" lon="85.57683"><ele>3870</ele><time>2022-10-30T06:54:38Z</time></trkpt>
    <trkpt lat="28.20682" lon="85.57665"><ele>3871</ele><time>2022-10-30T06:55:30Z</time></trkpt>
    <trkpt lat="28.20681" lon="85.57653"><ele>3871</ele><time>2022-10-30T07:00:25Z</time></trkpt>
    <trkpt lat="28.20686" lon="85.57637"><ele>3870</ele><time>2022-10-30T07:00:44Z</time></trkpt>
    <trkpt lat="28.20689" lon="85.57623"><ele>3872</ele><time>2022-10-30T07:01:03Z</time></trkpt>
    <trkpt lat="28.20690" lon="85.57612"><ele>3872</ele><time>2022-10-30T07:01:21Z</time></trkpt>
    <trkpt lat="28.20694" lon="85.57602"><ele>3873</ele><time>2022-10-30T07:01:39Z</time></trkpt>
    <trkpt lat="28.20702" lon="85.57592"><ele>3879</ele><time>2022-10-30T07:01:57Z</time></trkpt>
    <trkpt lat="28.20710" lon="85.57585"><ele>3878</ele><time>2022-10-30T07:02:15Z</time></trkpt>
    <trkpt lat="28.20724" lon="85.57576"><ele>3878</ele><time>2022-10-30T07:03:14Z</time></trkpt>
    <trkpt lat="28.20731" lon="85.57568"><ele>3881</ele><time>2022-10-30T07:03:33Z</time></trkpt>
    <trkpt lat="28.20740" lon="85.57553"><ele>3884</ele><time>2022-10-30T07:04:35Z</time></trkpt>
    <trkpt lat="28.20733" lon="85.57536"><ele>3879</ele><time>2022-10-30T07:05:59Z</time></trkpt>
    <trkpt lat="28.20734" lon="85.57522"><ele>3876</ele><time>2022-10-30T07:06:18Z</time></trkpt>
    <trkpt lat="28.20734" lon="85.57503"><ele>3872</ele><time>2022-10-30T07:07:18Z</time></trkpt>
    <trkpt lat="28.20737" lon="85.57488"><ele>3874</ele><time>2022-10-30T07:07:36Z</time></trkpt>
    <trkpt lat="28.20752" lon="85.57468"><ele>3875</ele><time>2022-10-30T07:08:23Z</time></trkpt>
    <trkpt lat="28.20761" lon="85.57453"><ele>3876</ele><time>2022-10-30T07:08:41Z</time></trkpt>
    <trkpt lat="28.20772" lon="85.57445"><ele>3876</ele><time>2022-10-30T07:09:00Z</time></trkpt>
    <trkpt lat="28.20785" lon="85.57438"><ele>3876</ele><time>2022-10-30T07:09:18Z</time></trkpt>
    <trkpt lat="28.20791" lon="85.57428"><ele>3875</ele><time>2022-10-30T07:09:36Z</time></trkpt>
    <trkpt lat="28.20803" lon="85.57420"><ele>3876</ele><time>2022-10-30T07:09:54Z</time></trkpt>
    <trkpt lat="28.20813" lon="85.57407"><ele>3877</ele><time>2022-10-30T07:10:13Z</time></trkpt>
    <trkpt lat="28.20823" lon="85.57402"><ele>3878</ele><time>2022-10-30T07:10:32Z</time></trkpt>
    <trkpt lat="28.20832" lon="85.57392"><ele>3881</ele><time>2022-10-30T07:10:50Z</time></trkpt>
    <trkpt lat="28.20846" lon="85.57384"><ele>3878</ele><time>2022-10-30T07:12:22Z</time></trkpt>
    <trkpt lat="28.20856" lon="85.57380"><ele>3882</ele><time>2022-10-30T07:12:40Z</time></trkpt>
    <trkpt lat="28.20874" lon="85.57372"><ele>3880</ele><time>2022-10-30T07:13:27Z</time></trkpt>
    <trkpt lat="28.20883" lon="85.57359"><ele>3880</ele><time>2022-10-30T07:13:46Z</time></trkpt>
    <trkpt lat="28.20885" lon="85.57344"><ele>3878</ele><time>2022-10-30T07:14:04Z</time></trkpt>
    <trkpt lat="28.20895" lon="85.57319"><ele>3878</ele><time>2022-10-30T07:14:59Z</time></trkpt>
    <trkpt lat="28.20909" lon="85.57301"><ele>3877</ele><time>2022-10-30T07:15:40Z</time></trkpt>
    <trkpt lat="28.20922" lon="85.57292"><ele>3877</ele><time>2022-10-30T07:15:59Z</time></trkpt>
    <trkpt lat="28.20935" lon="85.57286"><ele>3875</ele><time>2022-10-30T07:16:18Z</time></trkpt>
    <trkpt lat="28.20948" lon="85.57275"><ele>3874</ele><time>2022-10-30T07:16:37Z</time></trkpt>
    <trkpt lat="28.20956" lon="85.57258"><ele>3874</ele><time>2022-10-30T07:16:56Z</time></trkpt>
    <trkpt lat="28.20961" lon="85.57244"><ele>3875</ele><time>2022-10-30T07:17:15Z</time></trkpt>
    <trkpt lat="28.20965" lon="85.57228"><ele>3877</ele><time>2022-10-30T07:17:34Z</time></trkpt>
    <trkpt lat="28.20971" lon="85.57213"><ele>3877</ele><time>2022-10-30T07:17:53Z</time></trkpt>
    <trkpt lat="28.20975" lon="85.57193"><ele>3879</ele><time>2022-10-30T07:18:30Z</time></trkpt>
    <trkpt lat="28.20973" lon="85.57181"><ele>3877</ele><time>2022-10-30T07:18:48Z</time></trkpt>
    <trkpt lat="28.20978" lon="85.57173"><ele>3877</ele><time>2022-10-30T07:19:07Z</time></trkpt>
    <trkpt lat="28.20987" lon="85.57163"><ele>3878</ele><time>2022-10-30T07:19:26Z</time></trkpt>
    <trkpt lat="28.20997" lon="85.57156"><ele>3880</ele><time>2022-10-30T07:19:44Z</time></trkpt>
    <trkpt lat="28.21003" lon="85.57145"><ele>3881</ele><time>2022-10-30T07:20:02Z</time></trkpt>
    <trkpt lat="28.20994" lon="85.57129"><ele>3883</ele><time>2022-10-30T07:20:53Z</time></trkpt>
    <trkpt lat="28.21003" lon="85.57114"><ele>3884</ele><time>2022-10-30T07:21:12Z</time></trkpt>
    <trkpt lat="28.21015" lon="85.57102"><ele>3883</ele><time>2022-10-30T07:21:31Z</time></trkpt>
    <trkpt lat="28.21021" lon="85.57089"><ele>3884</ele><time>2022-10-30T07:21:49Z</time></trkpt>
    <trkpt lat="28.21027" lon="85.57076"><ele>3881</ele><time>2022-10-30T07:22:08Z</time></trkpt>
    <trkpt lat="28.21031" lon="85.57064"><ele>3883</ele><time>2022-10-30T07:22:27Z</time></trkpt>
    <trkpt lat="28.21035" lon="85.57053"><ele>3883</ele><time>2022-10-30T07:22:46Z</time></trkpt>
    <trkpt lat="28.21038" lon="85.57038"><ele>3887</ele><time>2022-10-30T07:23:04Z</time></trkpt>
    <trkpt lat="28.21040" lon="85.57026"><ele>3887</ele><time>2022-10-30T07:23:23Z</time></trkpt>
    <trkpt lat="28.21049" lon="85.57016"><ele>3885</ele><time>2022-10-30T07:24:56Z</time></trkpt>
    <trkpt lat="28.21075" lon="85.57004"><ele>3878</ele><time>2022-10-30T07:25:40Z</time></trkpt>
    <trkpt lat="28.21093" lon="85.57008"><ele>3884</ele><time>2022-10-30T07:25:59Z</time></trkpt>
    <trkpt lat="28.21111" lon="85.57007"><ele>3885</ele><time>2022-10-30T07:26:18Z</time></trkpt>
    <trkpt lat="28.21126" lon="85.57005"><ele>3883</ele><time>2022-10-30T07:26:36Z</time></trkpt>
    <trkpt lat="28.21138" lon="85.57004"><ele>3879</ele><time>2022-10-30T07:26:54Z</time></trkpt>
    <trkpt lat="28.21152" lon="85.57001"><ele>3880</ele><time>2022-10-30T07:27:12Z</time></trkpt>
    <trkpt lat="28.21154" lon="85.56988"><ele>3882</ele><time>2022-10-30T07:27:31Z</time></trkpt>
    <trkpt lat="28.21153" lon="85.56973"><ele>3882</ele><time>2022-10-30T07:27:49Z</time></trkpt>
    <trkpt lat="28.21154" lon="85.56962"><ele>3883</ele><time>2022-10-30T07:28:08Z</time></trkpt>
    <trkpt lat="28.21151" lon="85.56949"><ele>3883</ele><time>2022-10-30T07:28:27Z</time></trkpt>
    <trkpt lat="28.21145" lon="85.56932"><ele>3881</ele><time>2022-10-30T07:28:46Z</time></trkpt>
    <trkpt lat="28.21139" lon="85.56914"><ele>3884</ele><time>2022-10-30T07:29:04Z</time></trkpt>
    <trkpt lat="28.21147" lon="85.56897"><ele>3881</ele><time>2022-10-30T07:29:23Z</time></trkpt>
    <trkpt lat="28.21154" lon="85.56880"><ele>3879</ele><time>2022-10-30T07:29:41Z</time></trkpt>
    <trkpt lat="28.21162" lon="85.56872"><ele>3881</ele><time>2022-10-30T07:29:59Z</time></trkpt>
    <trkpt lat="28.21177" lon="85.56859"><ele>3876</ele><time>2022-10-30T07:30:18Z</time></trkpt>
    <trkpt lat="28.21158" lon="85.56866"><ele>3874</ele><time>2022-10-30T07:31:31Z</time></trkpt>
    <trkpt lat="28.21157" lon="85.56843"><ele>3873</ele><time>2022-10-30T07:31:49Z</time></trkpt>
    <trkpt lat="28.21160" lon="85.56820"><ele>3872</ele><time>2022-10-30T07:32:08Z</time></trkpt>
    <trkpt lat="28.21169" lon="85.56800"><ele>3870</ele><time>2022-10-30T07:32:26Z</time></trkpt>
    <trkpt lat="28.21175" lon="85.56777"><ele>3872</ele><time>2022-10-30T07:32:44Z</time></trkpt>
    <trkpt lat="28.21184" lon="85.56761"><ele>3868</ele><time>2022-10-30T07:33:02Z</time></trkpt>
    <trkpt lat="28.21189" lon="85.56740"><ele>3865</ele><time>2022-10-30T07:33:21Z</time></trkpt>
    <trkpt lat="28.21187" lon="85.56716"><ele>3861</ele><time>2022-10-30T07:33:40Z</time></trkpt>
    <trkpt lat="28.21185" lon="85.56701"><ele>3865</ele><time>2022-10-30T07:33:58Z</time></trkpt>
    <trkpt lat="28.21197" lon="85.56701"><ele>3861</ele><time>2022-10-30T07:34:16Z</time></trkpt>
    <trkpt lat="28.21205" lon="85.56690"><ele>3863</ele><time>2022-10-30T07:34:35Z</time></trkpt>
    <trkpt lat="28.21221" lon="85.56683"><ele>3860</ele><time>2022-10-30T07:35:29Z</time></trkpt>
    <trkpt lat="28.21228" lon="85.56698"><ele>3875</ele><time>2022-10-30T08:40:30Z</time></trkpt>
    <trkpt lat="28.21221" lon="85.56681"><ele>3879</ele><time>2022-10-30T08:40:49Z</time></trkpt>
    <trkpt lat="28.21211" lon="85.56665"><ele>3872</ele><time>2022-10-30T08:42:28Z</time></trkpt>
    <trkpt lat="28.21211" lon="85.56649"><ele>3877</ele><time>2022-10-30T08:42:46Z</time></trkpt>
    <trkpt lat="28.21219" lon="85.56638"><ele>3881</ele><time>2022-10-30T08:43:05Z</time></trkpt>
    <trkpt lat="28.21228" lon="85.56625"><ele>3878</ele><time>2022-10-30T08:43:23Z</time></trkpt>
    <trkpt lat="28.21238" lon="85.56618"><ele>3872</ele><time>2022-10-30T08:43:41Z</time></trkpt>
    <trkpt lat="28.21249" lon="85.56617"><ele>3870</ele><time>2022-10-30T08:44:00Z</time></trkpt>
    <trkpt lat="28.21267" lon="85.56614"><ele>3862</ele><time>2022-10-30T08:44:54Z</time></trkpt>
    <trkpt lat="28.21251" lon="85.56610"><ele>3870</ele><time>2022-10-30T09:15:14Z</time></trkpt>
    <trkpt lat="28.21258" lon="85.56599"><ele>3868</ele><time>2022-10-30T09:15:33Z</time></trkpt>
    <trkpt lat="28.21260" lon="85.56587"><ele>3873</ele><time>2022-10-30T09:15:51Z</time></trkpt>
    <trkpt lat="28.21265" lon="85.56576"><ele>3869</ele><time>2022-10-30T09:16:10Z</time></trkpt>
    <trkpt lat="28.21268" lon="85.56560"><ele>3860</ele><time>2022-10-30T09:16:28Z</time></trkpt>
    <trkpt lat="28.21268" lon="85.56546"><ele>3856</ele><time>2022-10-30T09:16:46Z</time></trkpt>
    <trkpt lat="28.21270" lon="85.56528"><ele>3865</ele><time>2022-10-30T09:17:24Z</time></trkpt>
    <trkpt lat="28.21268" lon="85.56518"><ele>3862</ele><time>2022-10-30T09:17:43Z</time></trkpt>
    <trkpt lat="28.21265" lon="85.56508"><ele>3858</ele><time>2022-10-30T09:18:01Z</time></trkpt>
    <trkpt lat="28.21256" lon="85.56493"><ele>3856</ele><time>2022-10-30T09:18:20Z</time></trkpt>
    <trkpt lat="28.21261" lon="85.56475"><ele>3849</ele><time>2022-10-30T09:20:34Z</time></trkpt>
    <trkpt lat="28.21250" lon="85.56463"><ele>3854</ele><time>2022-10-30T09:20:52Z</time></trkpt>
    <trkpt lat="28.21238" lon="85.56442"><ele>3849</ele><time>2022-10-30T09:21:11Z</time></trkpt>
    <trkpt lat="28.21235" lon="85.56420"><ele>3849</ele><time>2022-10-30T09:21:30Z</time></trkpt>
    <trkpt lat="28.21218" lon="85.56402"><ele>3850</ele><time>2022-10-30T09:21:49Z</time></trkpt>
    <trkpt lat="28.21200" lon="85.56390"><ele>3854</ele><time>2022-10-30T09:22:08Z</time></trkpt>
    <trkpt lat="28.21186" lon="85.56377"><ele>3846</ele><time>2022-10-30T09:22:26Z</time></trkpt>
    <trkpt lat="28.21175" lon="85.56366"><ele>3839</ele><time>2022-10-30T09:22:45Z</time></trkpt>
    <trkpt lat="28.21160" lon="85.56360"><ele>3835</ele><time>2022-10-30T09:23:04Z</time></trkpt>
    <trkpt lat="28.21155" lon="85.56349"><ele>3831</ele><time>2022-10-30T09:23:22Z</time></trkpt>
    <trkpt lat="28.21145" lon="85.56342"><ele>3835</ele><time>2022-10-30T09:23:41Z</time></trkpt>
    <trkpt lat="28.21130" lon="85.56319"><ele>3832</ele><time>2022-10-30T09:24:47Z</time></trkpt>
    <trkpt lat="28.21123" lon="85.56310"><ele>3827</ele><time>2022-10-30T09:25:06Z</time></trkpt>
    <trkpt lat="28.21121" lon="85.56296"><ele>3829</ele><time>2022-10-30T09:25:24Z</time></trkpt>
    <trkpt lat="28.21112" lon="85.56276"><ele>3829</ele><time>2022-10-30T09:25:42Z</time></trkpt>
    <trkpt lat="28.21113" lon="85.56264"><ele>3823</ele><time>2022-10-30T09:26:01Z</time></trkpt>
    <trkpt lat="28.21110" lon="85.56254"><ele>3822</ele><time>2022-10-30T09:26:20Z</time></trkpt>
    <trkpt lat="28.21099" lon="85.56241"><ele>3824</ele><time>2022-10-30T09:26:38Z</time></trkpt>
    <trkpt lat="28.21092" lon="85.56232"><ele>3828</ele><time>2022-10-30T09:26:57Z</time></trkpt>
    <trkpt lat="28.21085" lon="85.56218"><ele>3824</ele><time>2022-10-30T09:27:16Z</time></trkpt>
    <trkpt lat="28.21078" lon="85.56202"><ele>3820</ele><time>2022-10-30T09:27:35Z</time></trkpt>
    <trkpt lat="28.21070" lon="85.56187"><ele>3815</ele><time>2022-10-30T09:27:53Z</time></trkpt>
    <trkpt lat="28.21070" lon="85.56177"><ele>3810</ele><time>2022-10-30T09:28:13Z</time></trkpt>
    <trkpt lat="28.21070" lon="85.56161"><ele>3809</ele><time>2022-10-30T09:28:32Z</time></trkpt>
    <trkpt lat="28.21078" lon="85.56145"><ele>3805</ele><time>2022-10-30T09:28:50Z</time></trkpt>
    <trkpt lat="28.21083" lon="85.56131"><ele>3803</ele><time>2022-10-30T09:29:09Z</time></trkpt>
    <trkpt lat="28.21089" lon="85.56115"><ele>3802</ele><time>2022-10-30T09:29:27Z</time></trkpt>
    <trkpt lat="28.21093" lon="85.56095"><ele>3795</ele><time>2022-10-30T09:29:45Z</time></trkpt>
    <trkpt lat="28.21088" lon="85.56078"><ele>3794</ele><time>2022-10-30T09:30:04Z</time></trkpt>
    <trkpt lat="28.21088" lon="85.56054"><ele>3793</ele><time>2022-10-30T09:31:39Z</time></trkpt>
    <trkpt lat="28.21085" lon="85.56036"><ele>3796</ele><time>2022-10-30T09:31:58Z</time></trkpt>
    <trkpt lat="28.21071" lon="85.56027"><ele>3793</ele><time>2022-10-30T09:32:16Z</time></trkpt>
    <trkpt lat="28.21053" lon="85.56012"><ele>3789</ele><time>2022-10-30T09:32:35Z</time></trkpt>
    <trkpt lat="28.21050" lon="85.56001"><ele>3790</ele><time>2022-10-30T09:32:53Z</time></trkpt>
    <trkpt lat="28.21049" lon="85.55980"><ele>3793</ele><time>2022-10-30T09:33:11Z</time></trkpt>
    <trkpt lat="28.21046" lon="85.55959"><ele>3794</ele><time>2022-10-30T09:33:29Z</time></trkpt>
    <trkpt lat="28.21041" lon="85.55945"><ele>3794</ele><time>2022-10-30T09:33:47Z</time></trkpt>
    <trkpt lat="28.21031" lon="85.55926"><ele>3787</ele><time>2022-10-30T09:34:06Z</time></trkpt>
    <trkpt lat="28.21025" lon="85.55915"><ele>3786</ele><time>2022-10-30T09:34:24Z</time></trkpt>
    <trkpt lat="28.21021" lon="85.55902"><ele>3781</ele><time>2022-10-30T09:34:43Z</time></trkpt>
    <trkpt lat="28.21020" lon="85.55884"><ele>3779</ele><time>2022-10-30T09:35:02Z</time></trkpt>
    <trkpt lat="28.21021" lon="85.55865"><ele>3779</ele><time>2022-10-30T09:35:21Z</time></trkpt>
    <trkpt lat="28.21023" lon="85.55840"><ele>3777</ele><time>2022-10-30T09:36:37Z</time></trkpt>
    <trkpt lat="28.21031" lon="85.55827"><ele>3772</ele><time>2022-10-30T09:36:56Z</time></trkpt>
    <trkpt lat="28.21027" lon="85.55814"><ele>3772</ele><time>2022-10-30T09:37:14Z</time></trkpt>
    <trkpt lat="28.21020" lon="85.55800"><ele>3767</ele><time>2022-10-30T09:37:32Z</time></trkpt>
    <trkpt lat="28.21018" lon="85.55782"><ele>3769</ele><time>2022-10-30T09:37:51Z</time></trkpt>
    <trkpt lat="28.21016" lon="85.55761"><ele>3770</ele><time>2022-10-30T09:38:10Z</time></trkpt>
    <trkpt lat="28.21014" lon="85.55739"><ele>3766</ele><time>2022-10-30T09:38:29Z</time></trkpt>
    <trkpt lat="28.21020" lon="85.55723"><ele>3761</ele><time>2022-10-30T09:38:47Z</time></trkpt>
    <trkpt lat="28.21033" lon="85.55717"><ele>3755</ele><time>2022-10-30T09:39:06Z</time></trkpt>
    <trkpt lat="28.21044" lon="85.55703"><ele>3753</ele><time>2022-10-30T09:43:27Z</time></trkpt>
    <trkpt lat="28.21047" lon="85.55681"><ele>3743</ele><time>2022-10-30T09:44:07Z</time></trkpt>
    <trkpt lat="28.21050" lon="85.55670"><ele>3743</ele><time>2022-10-30T09:44:25Z</time></trkpt>
    <trkpt lat="28.21053" lon="85.55642"><ele>3741</ele><time>2022-10-30T09:45:12Z</time></trkpt>
    <trkpt lat="28.21054" lon="85.55631"><ele>3741</ele><time>2022-10-30T09:45:30Z</time></trkpt>
    <trkpt lat="28.21060" lon="85.55619"><ele>3739</ele><time>2022-10-30T09:45:48Z</time></trkpt>
    <trkpt lat="28.21072" lon="85.55603"><ele>3736</ele><time>2022-10-30T09:46:28Z</time></trkpt>
    <trkpt lat="28.21078" lon="85.55590"><ele>3734</ele><time>2022-10-30T09:46:46Z</time></trkpt>
    <trkpt lat="28.21088" lon="85.55573"><ele>3732</ele><time>2022-10-30T09:47:05Z</time></trkpt>
    <trkpt lat="28.21086" lon="85.55553"><ele>3734</ele><time>2022-10-30T09:47:24Z</time></trkpt>
    <trkpt lat="28.21075" lon="85.55536"><ele>3732</ele><time>2022-10-30T09:47:43Z</time></trkpt>
    <trkpt lat="28.21067" lon="85.55515"><ele>3729</ele><time>2022-10-30T09:48:01Z</time></trkpt>
    <trkpt lat="28.21068" lon="85.55495"><ele>3727</ele><time>2022-10-30T09:48:19Z</time></trkpt>
    <trkpt lat="28.21073" lon="85.55476"><ele>3728</ele><time>2022-10-30T09:48:37Z</time></trkpt>
    <trkpt lat="28.21073" lon="85.55455"><ele>3723</ele><time>2022-10-30T09:48:56Z</time></trkpt>
    <trkpt lat="28.21070" lon="85.55428"><ele>3719</ele><time>2022-10-30T09:49:34Z</time></trkpt>
    <trkpt lat="28.21072" lon="85.55398"><ele>3723</ele><time>2022-10-30T09:50:47Z</time></trkpt>
    <trkpt lat="28.21070" lon="85.55374"><ele>3719</ele><time>2022-10-30T09:51:06Z</time></trkpt>
    <trkpt lat="28.21070" lon="85.55352"><ele>3718</ele><time>2022-10-30T09:51:25Z</time></trkpt>
    <trkpt lat="28.21075" lon="85.55332"><ele>3713</ele><time>2022-10-30T09:51:43Z</time></trkpt>
    <trkpt lat="28.21075" lon="85.55314"><ele>3712</ele><time>2022-10-30T09:52:02Z</time></trkpt>
    <trkpt lat="28.21072" lon="85.55294"><ele>3714</ele><time>2022-10-30T09:52:20Z</time></trkpt>
    <trkpt lat="28.21066" lon="85.55276"><ele>3712</ele><time>2022-10-30T09:52:39Z</time></trkpt>
    <trkpt lat="28.21060" lon="85.55256"><ele>3708</ele><time>2022-10-30T09:52:58Z</time></trkpt>
    <trkpt lat="28.21061" lon="85.55234"><ele>3710</ele><time>2022-10-30T09:53:16Z</time></trkpt>
    <trkpt lat="28.21070" lon="85.55217"><ele>3713</ele><time>2022-10-30T09:53:35Z</time></trkpt>
    <trkpt lat="28.21064" lon="85.55202"><ele>3710</ele><time>2022-10-30T09:53:53Z</time></trkpt>
    <trkpt lat="28.21057" lon="85.55184"><ele>3705</ele><time>2022-10-30T09:54:12Z</time></trkpt>
    <trkpt lat="28.21057" lon="85.55166"><ele>3709</ele><time>2022-10-30T09:54:31Z</time></trkpt>
    <trkpt lat="28.21064" lon="85.55149"><ele>3707</ele><time>2022-10-30T09:54:50Z</time></trkpt>
    <trkpt lat="28.21067" lon="85.55130"><ele>3711</ele><time>2022-10-30T09:55:08Z</time></trkpt>
    <trkpt lat="28.21068" lon="85.55112"><ele>3713</ele><time>2022-10-30T09:55:26Z</time></trkpt>
    <trkpt lat="28.21062" lon="85.55091"><ele>3713</ele><time>2022-10-30T09:55:45Z</time></trkpt>
    <trkpt lat="28.21058" lon="85.55080"><ele>3710</ele><time>2022-10-30T09:56:04Z</time></trkpt>
    <trkpt lat="28.21050" lon="85.55074"><ele>3708</ele><time>2022-10-30T09:56:23Z</time></trkpt>
    <trkpt lat="28.21042" lon="85.55061"><ele>3704</ele><time>2022-10-30T09:56:41Z</time></trkpt>
    <trkpt lat="28.21036" lon="85.55041"><ele>3705</ele><time>2022-10-30T09:57:00Z</time></trkpt>
    <trkpt lat="28.21032" lon="85.55023"><ele>3703</ele><time>2022-10-30T09:57:19Z</time></trkpt>
    <trkpt lat="28.21027" lon="85.55010"><ele>3696</ele><time>2022-10-30T09:57:38Z</time></trkpt>
    <trkpt lat="28.21022" lon="85.54993"><ele>3696</ele><time>2022-10-30T09:57:56Z</time></trkpt>
    <trkpt lat="28.21017" lon="85.54974"><ele>3696</ele><time>2022-10-30T09:58:14Z</time></trkpt>
    <trkpt lat="28.21011" lon="85.54955"><ele>3691</ele><time>2022-10-30T09:58:33Z</time></trkpt>
    <trkpt lat="28.21009" lon="85.54940"><ele>3691</ele><time>2022-10-30T09:58:52Z</time></trkpt>
    <trkpt lat="28.21008" lon="85.54925"><ele>3689</ele><time>2022-10-30T09:59:10Z</time></trkpt>
    <trkpt lat="28.21007" lon="85.54914"><ele>3689</ele><time>2022-10-30T09:59:29Z</time></trkpt>
    <trkpt lat="28.21000" lon="85.54902"><ele>3685</ele><time>2022-10-30T09:59:47Z</time></trkpt>
    <trkpt lat="28.20990" lon="85.54887"><ele>3677</ele><time>2022-10-30T10:00:05Z</time></trkpt>
    <trkpt lat="28.21003" lon="85.54859"><ele>3675</ele><time>2022-10-30T10:01:16Z</time></trkpt>
    <trkpt lat="28.21003" lon="85.54836"><ele>3673</ele><time>2022-10-30T10:01:34Z</time></trkpt>
    <trkpt lat="28.21009" lon="85.54814"><ele>3671</ele><time>2022-10-30T10:01:53Z</time></trkpt>
    <trkpt lat="28.21003" lon="85.54794"><ele>3668</ele><time>2022-10-30T10:02:12Z</time></trkpt>
    <trkpt lat="28.21005" lon="85.54775"><ele>3666</ele><time>2022-10-30T10:02:30Z</time></trkpt>
    <trkpt lat="28.21004" lon="85.54756"><ele>3657</ele><time>2022-10-30T10:02:48Z</time></trkpt>
    <trkpt lat="28.21003" lon="85.54739"><ele>3658</ele><time>2022-10-30T10:03:07Z</time></trkpt>
    <trkpt lat="28.21000" lon="85.54719"><ele>3657</ele><time>2022-10-30T10:03:26Z</time></trkpt>
    <trkpt lat="28.20995" lon="85.54699"><ele>3652</ele><time>2022-10-30T10:03:45Z</time></trkpt>
    <trkpt lat="28.20994" lon="85.54677"><ele>3648</ele><time>2022-10-30T10:04:03Z</time></trkpt>
    <trkpt lat="28.20994" lon="85.54659"><ele>3651</ele><time>2022-10-30T10:04:22Z</time></trkpt>
    <trkpt lat="28.20994" lon="85.54641"><ele>3646</ele><time>2022-10-30T10:04:40Z</time></trkpt>
    <trkpt lat="28.20998" lon="85.54619"><ele>3648</ele><time>2022-10-30T10:04:59Z</time></trkpt>
    <trkpt lat="28.21006" lon="85.54597"><ele>3649</ele><time>2022-10-30T10:05:17Z</time></trkpt>
    <trkpt lat="28.21008" lon="85.54578"><ele>3649</ele><time>2022-10-30T10:05:35Z</time></trkpt>
    <trkpt lat="28.21009" lon="85.54557"><ele>3644</ele><time>2022-10-30T10:05:54Z</time></trkpt>
    <trkpt lat="28.21009" lon="85.54537"><ele>3646</ele><time>2022-10-30T10:06:12Z</time></trkpt>
    <trkpt lat="28.21009" lon="85.54519"><ele>3642</ele><time>2022-10-30T10:06:31Z</time></trkpt>
    <trkpt lat="28.21012" lon="85.54501"><ele>3644</ele><time>2022-10-30T10:06:49Z</time></trkpt>
    <trkpt lat="28.21014" lon="85.54482"><ele>3645</ele><time>2022-10-30T10:07:08Z</time></trkpt>
    <trkpt lat="28.21016" lon="85.54464"><ele>3644</ele><time>2022-10-30T10:07:27Z</time></trkpt>
    <trkpt lat="28.21019" lon="85.54446"><ele>3646</ele><time>2022-10-30T10:07:46Z</time></trkpt>
    <trkpt lat="28.21018" lon="85.54428"><ele>3645</ele><time>2022-10-30T10:08:04Z</time></trkpt>
    <trkpt lat="28.21014" lon="85.54407"><ele>3638</ele><time>2022-10-30T10:08:23Z</time></trkpt>
    <trkpt lat="28.21009" lon="85.54387"><ele>3642</ele><time>2022-10-30T10:08:42Z</time></trkpt>
    <trkpt lat="28.20995" lon="85.54369"><ele>3635</ele><time>2022-10-30T10:09:01Z</time></trkpt>
    <trkpt lat="28.20992" lon="85.54349"><ele>3630</ele><time>2022-10-30T10:09:19Z</time></trkpt>
    <trkpt lat="28.20984" lon="85.54337"><ele>3626</ele><time>2022-10-30T10:09:37Z</time></trkpt>
    <trkpt lat="28.20973" lon="85.54306"><ele>3632</ele><time>2022-10-30T10:10:46Z</time></trkpt>
    <trkpt lat="28.20970" lon="85.54283"><ele>3630</ele><time>2022-10-30T10:11:05Z</time></trkpt>
    <trkpt lat="28.20961" lon="85.54261"><ele>3629</ele><time>2022-10-30T10:11:24Z</time></trkpt>
    <trkpt lat="28.20960" lon="85.54246"><ele>3626</ele><time>2022-10-30T10:11:43Z</time></trkpt>
    <trkpt lat="28.20960" lon="85.54232"><ele>3620</ele><time>2022-10-30T10:12:02Z</time></trkpt>
    <trkpt lat="28.20958" lon="85.54218"><ele>3625</ele><time>2022-10-30T10:12:20Z</time></trkpt>
    <trkpt lat="28.20962" lon="85.54198"><ele>3633</ele><time>2022-10-30T10:12:39Z</time></trkpt>
    <trkpt lat="28.20967" lon="85.54179"><ele>3636</ele><time>2022-10-30T10:12:57Z</time></trkpt>
    <trkpt lat="28.20968" lon="85.54160"><ele>3634</ele><time>2022-10-30T10:13:15Z</time></trkpt>
    <trkpt lat="28.20968" lon="85.54137"><ele>3631</ele><time>2022-10-30T10:13:34Z</time></trkpt>
    <trkpt lat="28.20973" lon="85.54114"><ele>3632</ele><time>2022-10-30T10:13:53Z</time></trkpt>
    <trkpt lat="28.20975" lon="85.54084"><ele>3637</ele><time>2022-10-30T10:14:40Z</time></trkpt>
    <trkpt lat="28.20977" lon="85.54061"><ele>3635</ele><time>2022-10-30T10:14:59Z</time></trkpt>
    <trkpt lat="28.20984" lon="85.54042"><ele>3630</ele><time>2022-10-30T10:15:18Z</time></trkpt>
    <trkpt lat="28.20984" lon="85.54019"><ele>3632</ele><time>2022-10-30T10:15:36Z</time></trkpt>
    <trkpt lat="28.20984" lon="85.54000"><ele>3629</ele><time>2022-10-30T10:15:55Z</time></trkpt>
    <trkpt lat="28.20990" lon="85.53982"><ele>3629</ele><time>2022-10-30T10:16:13Z</time></trkpt>
    <trkpt lat="28.20999" lon="85.53962"><ele>3628</ele><time>2022-10-30T10:16:32Z</time></trkpt>
    <trkpt lat="28.21006" lon="85.53941"><ele>3626</ele><time>2022-10-30T10:16:50Z</time></trkpt>
    <trkpt lat="28.21015" lon="85.53919"><ele>3622</ele><time>2022-10-30T10:17:09Z</time></trkpt>
    <trkpt lat="28.21025" lon="85.53902"><ele>3626</ele><time>2022-10-30T10:17:27Z</time></trkpt>
    <trkpt lat="28.21034" lon="85.53880"><ele>3625</ele><time>2022-10-30T10:17:46Z</time></trkpt>
    <trkpt lat="28.21045" lon="85.53858"><ele>3623</ele><time>2022-10-30T10:18:04Z</time></trkpt>
    <trkpt lat="28.21050" lon="85.53842"><ele>3620</ele><time>2022-10-30T10:18:23Z</time></trkpt>
    <trkpt lat="28.21059" lon="85.53818"><ele>3621</ele><time>2022-10-30T10:18:42Z</time></trkpt>
    <trkpt lat="28.21066" lon="85.53795"><ele>3621</ele><time>2022-10-30T10:19:01Z</time></trkpt>
    <trkpt lat="28.21076" lon="85.53776"><ele>3624</ele><time>2022-10-30T10:19:19Z</time></trkpt>
    <trkpt lat="28.21083" lon="85.53756"><ele>3626</ele><time>2022-10-30T10:19:38Z</time></trkpt>
    <trkpt lat="28.21086" lon="85.53734"><ele>3627</ele><time>2022-10-30T10:19:57Z</time></trkpt>
    <trkpt lat="28.21092" lon="85.53715"><ele>3629</ele><time>2022-10-30T10:20:16Z</time></trkpt>
    <trkpt lat="28.21103" lon="85.53697"><ele>3629</ele><time>2022-10-30T10:20:34Z</time></trkpt>
    <trkpt lat="28.21110" lon="85.53682"><ele>3632</ele><time>2022-10-30T10:20:52Z</time></trkpt>
    <trkpt lat="28.21118" lon="85.53668"><ele>3630</ele><time>2022-10-30T10:21:10Z</time></trkpt>
    <trkpt lat="28.21124" lon="85.53654"><ele>3633</ele><time>2022-10-30T10:21:28Z</time></trkpt>
    <trkpt lat="28.21125" lon="85.53639"><ele>3630</ele><time>2022-10-30T10:21:47Z</time></trkpt>
    <trkpt lat="28.21133" lon="85.53624"><ele>3631</ele><time>2022-10-30T10:22:06Z</time></trkpt>
    <trkpt lat="28.21133" lon="85.53606"><ele>3629</ele><time>2022-10-30T10:22:25Z</time></trkpt>
    <trkpt lat="28.21139" lon="85.53590"><ele>3629</ele><time>2022-10-30T10:22:44Z</time></trkpt>
    <trkpt lat="28.21148" lon="85.53565"><ele>3620</ele><time>2022-10-30T10:23:26Z</time></trkpt>
    <trkpt lat="28.21152" lon="85.53546"><ele>3616</ele><time>2022-10-30T10:23:45Z</time></trkpt>
    <trkpt lat="28.21156" lon="85.53527"><ele>3614</ele><time>2022-10-30T10:24:04Z</time></trkpt>
    <trkpt lat="28.21160" lon="85.53507"><ele>3612</ele><time>2022-10-30T10:24:22Z</time></trkpt>
    <trkpt lat="28.21172" lon="85.53490"><ele>3611</ele><time>2022-10-30T10:24:41Z</time></trkpt>
    <trkpt lat="28.21182" lon="85.53471"><ele>3611</ele><time>2022-10-30T10:25:00Z</time></trkpt>
    <trkpt lat="28.21190" lon="85.53451"><ele>3610</ele><time>2022-10-30T10:25:18Z</time></trkpt>
    <trkpt lat="28.21194" lon="85.53430"><ele>3611</ele><time>2022-10-30T10:25:36Z</time></trkpt>
    <trkpt lat="28.21205" lon="85.53417"><ele>3609</ele><time>2022-10-30T10:25:55Z</time></trkpt>
    <trkpt lat="28.21211" lon="85.53401"><ele>3608</ele><time>2022-10-30T10:26:13Z</time></trkpt>
    <trkpt lat="28.21216" lon="85.53380"><ele>3606</ele><time>2022-10-30T10:26:32Z</time></trkpt>
    <trkpt lat="28.21222" lon="85.53360"><ele>3608</ele><time>2022-10-30T10:26:50Z</time></trkpt>
    <trkpt lat="28.21231" lon="85.53342"><ele>3606</ele><time>2022-10-30T10:27:09Z</time></trkpt>
    <trkpt lat="28.21237" lon="85.53321"><ele>3606</ele><time>2022-10-30T10:27:28Z</time></trkpt>
    <trkpt lat="28.21245" lon="85.53301"><ele>3604</ele><time>2022-10-30T10:27:46Z</time></trkpt>
    <trkpt lat="28.21250" lon="85.53278"><ele>3602</ele><time>2022-10-30T10:28:04Z</time></trkpt>
    <trkpt lat="28.21252" lon="85.53255"><ele>3600</ele><time>2022-10-30T10:28:23Z</time></trkpt>
    <trkpt lat="28.21261" lon="85.53234"><ele>3597</ele><time>2022-10-30T10:28:42Z</time></trkpt>
    <trkpt lat="28.21266" lon="85.53212"><ele>3597</ele><time>2022-10-30T10:29:00Z</time></trkpt>
    <trkpt lat="28.21267" lon="85.53190"><ele>3593</ele><time>2022-10-30T10:29:19Z</time></trkpt>
    <trkpt lat="28.21270" lon="85.53169"><ele>3592</ele><time>2022-10-30T10:29:37Z</time></trkpt>
    <trkpt lat="28.21273" lon="85.53146"><ele>3589</ele><time>2022-10-30T10:29:56Z</time></trkpt>
    <trkpt lat="28.21278" lon="85.53129"><ele>3589</ele><time>2022-10-30T10:30:14Z</time></trkpt>
    <trkpt lat="28.21286" lon="85.53111"><ele>3586</ele><time>2022-10-30T10:30:32Z</time></trkpt>
    <trkpt lat="28.21296" lon="85.53089"><ele>3586</ele><time>2022-10-30T10:30:51Z</time></trkpt>
    <trkpt lat="28.21308" lon="85.53069"><ele>3584</ele><time>2022-10-30T10:31:10Z</time></trkpt>
    <trkpt lat="28.21323" lon="85.53057"><ele>3580</ele><time>2022-10-30T10:31:28Z</time></trkpt>
    <trkpt lat="28.21333" lon="85.53035"><ele>3577</ele><time>2022-10-30T10:31:47Z</time></trkpt>
    <trkpt lat="28.21347" lon="85.53019"><ele>3577</ele><time>2022-10-30T10:32:06Z</time></trkpt>
    <trkpt lat="28.21354" lon="85.52997"><ele>3576</ele><time>2022-10-30T10:32:24Z</time></trkpt>
    <trkpt lat="28.21366" lon="85.52978"><ele>3575</ele><time>2022-10-30T10:32:43Z</time></trkpt>
    <trkpt lat="28.21378" lon="85.52956"><ele>3574</ele><time>2022-10-30T10:33:02Z</time></trkpt>
    <trkpt lat="28.21389" lon="85.52934"><ele>3571</ele><time>2022-10-30T10:33:21Z</time></trkpt>
    <trkpt lat="28.21397" lon="85.52913"><ele>3571</ele><time>2022-10-30T10:33:39Z</time></trkpt>
    <trkpt lat="28.21410" lon="85.52895"><ele>3569</ele><time>2022-10-30T10:33:58Z</time></trkpt>
    <trkpt lat="28.21422" lon="85.52873"><ele>3568</ele><time>2022-10-30T10:34:17Z</time></trkpt>
    <trkpt lat="28.21435" lon="85.52860"><ele>3565</ele><time>2022-10-30T10:34:36Z</time></trkpt>
    <trkpt lat="28.21444" lon="85.52841"><ele>3566</ele><time>2022-10-30T10:34:54Z</time></trkpt>
    <trkpt lat="28.21450" lon="85.52832"><ele>3566</ele><time>2022-10-30T10:35:13Z</time></trkpt>
    <trkpt lat="28.21459" lon="85.52825"><ele>3567</ele><time>2022-10-30T10:35:32Z</time></trkpt>
    <trkpt lat="28.21476" lon="85.52812"><ele>3567</ele><time>2022-10-30T10:35:51Z</time></trkpt>
    <trkpt lat="28.21486" lon="85.52794"><ele>3566</ele><time>2022-10-30T10:36:09Z</time></trkpt>
    <trkpt lat="28.21490" lon="85.52774"><ele>3565</ele><time>2022-10-30T10:36:27Z</time></trkpt>
    <trkpt lat="28.21505" lon="85.52761"><ele>3564</ele><time>2022-10-30T10:36:46Z</time></trkpt>
    <trkpt lat="28.21515" lon="85.52737"><ele>3561</ele><time>2022-10-30T10:37:05Z</time></trkpt>
    <trkpt lat="28.21524" lon="85.52722"><ele>3560</ele><time>2022-10-30T10:37:23Z</time></trkpt>
    <trkpt lat="28.21514" lon="85.52737"><ele>3558</ele><time>2022-10-30T10:38:15Z</time></trkpt>
    <trkpt lat="28.21519" lon="85.52728"><ele>3560</ele><time>2022-10-30T10:41:22Z</time></trkpt>
    <trkpt lat="28.21534" lon="85.52708"><ele>3555</ele><time>2022-10-30T10:41:41Z</time></trkpt>
    <trkpt lat="28.21538" lon="85.52684"><ele>3557</ele><time>2022-10-30T10:42:00Z</time></trkpt>
    <trkpt lat="28.21545" lon="85.52661"><ele>3554</ele><time>2022-10-30T10:42:18Z</time></trkpt>
    <trkpt lat="28.21551" lon="85.52636"><ele>3555</ele><time>2022-10-30T10:42:37Z</time></trkpt>
    <trkpt lat="28.21550" lon="85.52602"><ele>3552</ele><time>2022-10-30T10:43:14Z</time></trkpt>
    <trkpt lat="28.21548" lon="85.52582"><ele>3552</ele><time>2022-10-30T10:43:33Z</time></trkpt>
    <trkpt lat="28.21553" lon="85.52558"><ele>3555</ele><time>2022-10-30T10:43:52Z</time></trkpt>
    <trkpt lat="28.21560" lon="85.52532"><ele>3549</ele><time>2022-10-30T10:44:11Z</time></trkpt>
    <trkpt lat="28.21563" lon="85.52508"><ele>3548</ele><time>2022-10-30T10:44:29Z</time></trkpt>
    <trkpt lat="28.21559" lon="85.52480"><ele>3545</ele><time>2022-10-30T10:44:48Z</time></trkpt>
    <trkpt lat="28.21553" lon="85.52453"><ele>3539</ele><time>2022-10-30T10:45:06Z</time></trkpt>
    <trkpt lat="28.21556" lon="85.52426"><ele>3543</ele><time>2022-10-30T10:45:25Z</time></trkpt>
    <trkpt lat="28.21554" lon="85.52404"><ele>3540</ele><time>2022-10-30T10:45:44Z</time></trkpt>
    <trkpt lat="28.21549" lon="85.52381"><ele>3538</ele><time>2022-10-30T10:46:03Z</time></trkpt>
    <trkpt lat="28.21544" lon="85.52358"><ele>3540</ele><time>2022-10-30T10:46:22Z</time></trkpt>
    <trkpt lat="28.21550" lon="85.52335"><ele>3542</ele><time>2022-10-30T10:46:41Z</time></trkpt>
    <trkpt lat="28.21556" lon="85.52316"><ele>3539</ele><time>2022-10-30T10:46:59Z</time></trkpt>
    <trkpt lat="28.21556" lon="85.52295"><ele>3538</ele><time>2022-10-30T10:47:17Z</time></trkpt>
    <trkpt lat="28.21565" lon="85.52274"><ele>3541</ele><time>2022-10-30T10:47:36Z</time></trkpt>
    <trkpt lat="28.21572" lon="85.52254"><ele>3540</ele><time>2022-10-30T10:47:55Z</time></trkpt>
    <trkpt lat="28.21579" lon="85.52234"><ele>3541</ele><time>2022-10-30T10:48:14Z</time></trkpt>
    <trkpt lat="28.21576" lon="85.52221"><ele>3543</ele><time>2022-10-30T10:48:32Z</time></trkpt>
    <trkpt lat="28.21578" lon="85.52208"><ele>3548</ele><time>2022-10-30T10:48:50Z</time></trkpt>
    <trkpt lat="28.21584" lon="85.52194"><ele>3550</ele><time>2022-10-30T10:49:09Z</time></trkpt>
    <trkpt lat="28.21581" lon="85.52178"><ele>3545</ele><time>2022-10-30T10:49:27Z</time></trkpt>
    <trkpt lat="28.21582" lon="85.52160"><ele>3545</ele><time>2022-10-30T10:49:45Z</time></trkpt>
    <trkpt lat="28.21585" lon="85.52138"><ele>3548</ele><time>2022-10-30T10:50:04Z</time></trkpt>
    <trkpt lat="28.21586" lon="85.52118"><ele>3546</ele><time>2022-10-30T10:50:23Z</time></trkpt>
    <trkpt lat="28.21586" lon="85.52101"><ele>3539</ele><time>2022-10-30T10:50:41Z</time></trkpt>
    <trkpt lat="28.21589" lon="85.52085"><ele>3538</ele><time>2022-10-30T10:50:59Z</time></trkpt>
    <trkpt lat="28.21585" lon="85.52070"><ele>3534</ele><time>2022-10-30T10:51:17Z</time></trkpt>
    <trkpt lat="28.21576" lon="85.52056"><ele>3542</ele><time>2022-10-30T10:51:36Z</time></trkpt>
    <trkpt lat="28.21571" lon="85.52043"><ele>3541</ele><time>2022-10-30T10:51:54Z</time></trkpt>
    <trkpt lat="28.21570" lon="85.52032"><ele>3541</ele><time>2022-10-30T10:52:13Z</time></trkpt>
    <trkpt lat="28.21576" lon="85.52026"><ele>3557</ele><time>2022-10-30T10:57:01Z</time></trkpt>
  </trkseg>
</trk>
<trk>
  <name>LangtangTrek5</name>
  <trkseg>
    <trkpt lat="28.21096" lon="85.57010"><ele>3882</ele><time>2022-10-28T01:22:33Z</time></trkpt>
    <trkpt lat="28.21086" lon="85.57015"><ele>3870</ele><time>2022-10-28T01:22:35Z</time></trkpt>
    <trkpt lat="28.21080" lon="85.57032"><ele>3891</ele><time>2022-10-28T01:23:32Z</time></trkpt>
    <trkpt lat="28.21074" lon="85.57050"><ele>3894</ele><time>2022-10-28T01:24:22Z</time></trkpt>
    <trkpt lat="28.21068" lon="85.57059"><ele>3894</ele><time>2022-10-28T01:24:40Z</time></trkpt>
    <trkpt lat="28.21057" lon="85.57074"><ele>3895</ele><time>2022-10-28T01:25:24Z</time></trkpt>
    <trkpt lat="28.21052" lon="85.57089"><ele>3896</ele><time>2022-10-28T01:25:42Z</time></trkpt>
    <trkpt lat="28.21053" lon="85.57110"><ele>3901</ele><time>2022-10-28T01:26:21Z</time></trkpt>
    <trkpt lat="28.21053" lon="85.57126"><ele>3899</ele><time>2022-10-28T01:26:40Z</time></trkpt>
    <trkpt lat="28.21050" lon="85.57139"><ele>3895</ele><time>2022-10-28T01:26:58Z</time></trkpt>
    <trkpt lat="28.21039" lon="85.57151"><ele>3898</ele><time>2022-10-28T01:27:16Z</time></trkpt>
    <trkpt lat="28.21032" lon="85.57160"><ele>3902</ele><time>2022-10-28T01:27:34Z</time></trkpt>
    <trkpt lat="28.21028" lon="85.57174"><ele>3902</ele><time>2022-10-28T01:27:53Z</time></trkpt>
    <trkpt lat="28.21020" lon="85.57185"><ele>3904</ele><time>2022-10-28T01:28:11Z</time></trkpt>
    <trkpt lat="28.21014" lon="85.57202"><ele>3903</ele><time>2022-10-28T01:28:29Z</time></trkpt>
    <trkpt lat="28.21010" lon="85.57215"><ele>3903</ele><time>2022-10-28T01:28:47Z</time></trkpt>
    <trkpt lat="28.21004" lon="85.57231"><ele>3899</ele><time>2022-10-28T01:29:06Z</time></trkpt>
    <trkpt lat="28.21000" lon="85.57247"><ele>3899</ele><time>2022-10-28T01:29:24Z</time></trkpt>
    <trkpt lat="28.20993" lon="85.57259"><ele>3899</ele><time>2022-10-28T01:29:42Z</time></trkpt>
    <trkpt lat="28.20989" lon="85.57273"><ele>3900</ele><time>2022-10-28T01:30:01Z</time></trkpt>
    <trkpt lat="28.20985" lon="85.57289"><ele>3899</ele><time>2022-10-28T01:30:20Z</time></trkpt>
    <trkpt lat="28.20979" lon="85.57305"><ele>3899</ele><time>2022-10-28T01:30:39Z</time></trkpt>
    <trkpt lat="28.20971" lon="85.57318"><ele>3894</ele><time>2022-10-28T01:30:57Z</time></trkpt>
    <trkpt lat="28.20962" lon="85.57336"><ele>3893</ele><time>2022-10-28T01:31:16Z</time></trkpt>
    <trkpt lat="28.20961" lon="85.57350"><ele>3887</ele><time>2022-10-28T01:31:34Z</time></trkpt>
    <trkpt lat="28.20964" lon="85.57367"><ele>3888</ele><time>2022-10-28T01:31:53Z</time></trkpt>
    <trkpt lat="28.20959" lon="85.57381"><ele>3888</ele><time>2022-10-28T01:32:11Z</time></trkpt>
    <trkpt lat="28.20949" lon="85.57394"><ele>3886</ele><time>2022-10-28T01:32:30Z</time></trkpt>
    <trkpt lat="28.20948" lon="85.57408"><ele>3881</ele><time>2022-10-28T01:32:48Z</time></trkpt>
    <trkpt lat="28.20948" lon="85.57424"><ele>3877</ele><time>2022-10-28T01:33:07Z</time></trkpt>
    <trkpt lat="28.20946" lon="85.57437"><ele>3881</ele><time>2022-10-28T01:33:26Z</time></trkpt>
    <trkpt lat="28.20948" lon="85.57451"><ele>3881</ele><time>2022-10-28T01:33:44Z</time></trkpt>
    <trkpt lat="28.20948" lon="85.57474"><ele>3887</ele><time>2022-10-28T01:34:33Z</time></trkpt>
    <trkpt lat="28.20949" lon="85.57495"><ele>3888</ele><time>2022-10-28T01:35:11Z</time></trkpt>
    <trkpt lat="28.20946" lon="85.57520"><ele>3896</ele><time>2022-10-28T01:35:52Z</time></trkpt>
    <trkpt lat="28.20948" lon="85.57541"><ele>3897</ele><time>2022-10-28T01:36:34Z</time></trkpt>
    <trkpt lat="28.20948" lon="85.57552"><ele>3899</ele><time>2022-10-28T01:36:53Z</time></trkpt>
    <trkpt lat="28.20942" lon="85.57571"><ele>3904</ele><time>2022-10-28T01:37:35Z</time></trkpt>
    <trkpt lat="28.20944" lon="85.57582"><ele>3908</ele><time>2022-10-28T01:37:54Z</time></trkpt>
    <trkpt lat="28.20947" lon="85.57602"><ele>3912</ele><time>2022-10-28T01:38:39Z</time></trkpt>
    <trkpt lat="28.20951" lon="85.57626"><ele>3918</ele><time>2022-10-28T01:39:22Z</time></trkpt>
    <trkpt lat="28.20957" lon="85.57636"><ele>3919</ele><time>2022-10-28T01:39:41Z</time></trkpt>
    <trkpt lat="28.20962" lon="85.57654"><ele>3916</ele><time>2022-10-28T01:40:19Z</time></trkpt>
    <trkpt lat="28.20963" lon="85.57666"><ele>3915</ele><time>2022-10-28T01:40:38Z</time></trkpt>
    <trkpt lat="28.20971" lon="85.57686"><ele>3915</ele><time>2022-10-28T01:41:15Z</time></trkpt>
    <trkpt lat="28.20978" lon="85.57703"><ele>3921</ele><time>2022-10-28T01:41:58Z</time></trkpt>
    <trkpt lat="28.20979" lon="85.57714"><ele>3925</ele><time>2022-10-28T01:42:16Z</time></trkpt>
    <trkpt lat="28.20978" lon="85.57733"><ele>3920</ele><time>2022-10-28T01:42:54Z</time></trkpt>
    <trkpt lat="28.20973" lon="85.57742"><ele>3919</ele><time>2022-10-28T01:43:12Z</time></trkpt>
    <trkpt lat="28.20961" lon="85.57748"><ele>3918</ele><time>2022-10-28T01:44:00Z</time></trkpt>
    <trkpt lat="28.20944" lon="85.57750"><ele>3922</ele><time>2022-10-28T01:45:01Z</time></trkpt>
    <trkpt lat="28.20940" lon="85.57762"><ele>3942</ele><time>2022-10-28T01:46:31Z</time></trkpt>
    <trkpt lat="28.20933" lon="85.57777"><ele>3940</ele><time>2022-10-28T01:47:51Z</time></trkpt>
    <trkpt lat="28.20931" lon="85.57794"><ele>3948</ele><time>2022-10-28T01:49:15Z</time></trkpt>
    <trkpt lat="28.20918" lon="85.57804"><ele>3945</ele><time>2022-10-28T01:50:10Z</time></trkpt>
    <trkpt lat="28.20901" lon="85.57802"><ele>3955</ele><time>2022-10-28T01:51:02Z</time></trkpt>
    <trkpt lat="28.20887" lon="85.57804"><ele>3963</ele><time>2022-10-28T01:52:05Z</time></trkpt>
    <trkpt lat="28.20870" lon="85.57804"><ele>3966</ele><time>2022-10-28T01:52:57Z</time></trkpt>
    <trkpt lat="28.20855" lon="85.57812"><ele>3969</ele><time>2022-10-28T01:53:49Z</time></trkpt>
    <trkpt lat="28.20839" lon="85.57812"><ele>3975</ele><time>2022-10-28T01:54:48Z</time></trkpt>
    <trkpt lat="28.20826" lon="85.57823"><ele>3994</ele><time>2022-10-28T01:56:09Z</time></trkpt>
    <trkpt lat="28.20834" lon="85.57837"><ele>4002</ele><time>2022-10-28T01:57:40Z</time></trkpt>
    <trkpt lat="28.20836" lon="85.57848"><ele>4001</ele><time>2022-10-28T01:57:58Z</time></trkpt>
    <trkpt lat="28.20845" lon="85.57863"><ele>4009</ele><time>2022-10-28T01:59:37Z</time></trkpt>
    <trkpt lat="28.20858" lon="85.57872"><ele>4022</ele><time>2022-10-28T02:01:24Z</time></trkpt>
    <trkpt lat="28.20861" lon="85.57891"><ele>4022</ele><time>2022-10-28T02:02:54Z</time></trkpt>
    <trkpt lat="28.20866" lon="85.57906"><ele>4033</ele><time>2022-10-28T02:03:53Z</time></trkpt>
    <trkpt lat="28.20857" lon="85.57920"><ele>4043</ele><time>2022-10-28T02:05:15Z</time></trkpt>
    <trkpt lat="28.20850" lon="85.57938"><ele>4055</ele><time>2022-10-28T02:06:08Z</time></trkpt>
    <trkpt lat="28.20848" lon="85.57956"><ele>4058</ele><time>2022-10-28T02:07:07Z</time></trkpt>
    <trkpt lat="28.20841" lon="85.57973"><ele>4061</ele><time>2022-10-28T02:08:01Z</time></trkpt>
    <trkpt lat="28.20844" lon="85.57992"><ele>4066</ele><time>2022-10-28T02:18:39Z</time></trkpt>
    <trkpt lat="28.20842" lon="85.58013"><ele>4065</ele><time>2022-10-28T02:19:26Z</time></trkpt>
    <trkpt lat="28.20833" lon="85.58029"><ele>4067</ele><time>2022-10-28T02:20:11Z</time></trkpt>
    <trkpt lat="28.20828" lon="85.58039"><ele>4074</ele><time>2022-10-28T02:20:30Z</time></trkpt>
    <trkpt lat="28.20819" lon="85.58052"><ele>4082</ele><time>2022-10-28T02:20:48Z</time></trkpt>
    <trkpt lat="28.20820" lon="85.58066"><ele>4092</ele><time>2022-10-28T02:21:49Z</time></trkpt>
    <trkpt lat="28.20829" lon="85.58083"><ele>4093</ele><time>2022-10-28T02:23:00Z</time></trkpt>
    <trkpt lat="28.20837" lon="85.58096"><ele>4093</ele><time>2022-10-28T02:23:18Z</time></trkpt>
    <trkpt lat="28.20841" lon="85.58105"><ele>4096</ele><time>2022-10-28T02:23:39Z</time></trkpt>
    <trkpt lat="28.20849" lon="85.58116"><ele>4097</ele><time>2022-10-28T02:23:57Z</time></trkpt>
    <trkpt lat="28.20866" lon="85.58140"><ele>4105</ele><time>2022-10-28T02:24:42Z</time></trkpt>
    <trkpt lat="28.20868" lon="85.58153"><ele>4114</ele><time>2022-10-28T02:25:01Z</time></trkpt>
    <trkpt lat="28.20874" lon="85.58170"><ele>4106</ele><time>2022-10-28T02:25:53Z</time></trkpt>
    <trkpt lat="28.20889" lon="85.58185"><ele>4113</ele><time>2022-10-28T02:26:48Z</time></trkpt>
    <trkpt lat="28.20897" lon="85.58195"><ele>4112</ele><time>2022-10-28T02:27:07Z</time></trkpt>
    <trkpt lat="28.20908" lon="85.58210"><ele>4114</ele><time>2022-10-28T02:28:00Z</time></trkpt>
    <trkpt lat="28.20912" lon="85.58229"><ele>4118</ele><time>2022-10-28T02:28:50Z</time></trkpt>
    <trkpt lat="28.20928" lon="85.58236"><ele>4118</ele><time>2022-10-28T02:29:29Z</time></trkpt>
    <trkpt lat="28.20939" lon="85.58250"><ele>4124</ele><time>2022-10-28T02:30:19Z</time></trkpt>
    <trkpt lat="28.20947" lon="85.58266"><ele>4128</ele><time>2022-10-28T02:31:58Z</time></trkpt>
    <trkpt lat="28.20956" lon="85.58282"><ele>4132</ele><time>2022-10-28T02:33:18Z</time></trkpt>
    <trkpt lat="28.20961" lon="85.58301"><ele>4139</ele><time>2022-10-28T02:34:06Z</time></trkpt>
    <trkpt lat="28.20971" lon="85.58316"><ele>4146</ele><time>2022-10-28T02:36:12Z</time></trkpt>
    <trkpt lat="28.20979" lon="85.58335"><ele>4146</ele><time>2022-10-28T02:36:54Z</time></trkpt>
    <trkpt lat="28.20990" lon="85.58350"><ele>4156</ele><time>2022-10-28T02:37:31Z</time></trkpt>
    <trkpt lat="28.20996" lon="85.58363"><ele>4159</ele><time>2022-10-28T02:37:50Z</time></trkpt>
    <trkpt lat="28.21003" lon="85.58373"><ele>4162</ele><time>2022-10-28T02:38:08Z</time></trkpt>
    <trkpt lat="28.21015" lon="85.58387"><ele>4167</ele><time>2022-10-28T02:38:27Z</time></trkpt>
    <trkpt lat="28.21021" lon="85.58404"><ele>4164</ele><time>2022-10-28T02:40:15Z</time></trkpt>
    <trkpt lat="28.21027" lon="85.58423"><ele>4169</ele><time>2022-10-28T02:41:22Z</time></trkpt>
    <trkpt lat="28.21041" lon="85.58436"><ele>4169</ele><time>2022-10-28T02:42:01Z</time></trkpt>
    <trkpt lat="28.21044" lon="85.58454"><ele>4171</ele><time>2022-10-28T02:42:44Z</time></trkpt>
    <trkpt lat="28.21055" lon="85.58468"><ele>4175</ele><time>2022-10-28T02:45:24Z</time></trkpt>
    <trkpt lat="28.21067" lon="85.58482"><ele>4175</ele><time>2022-10-28T02:45:43Z</time></trkpt>
    <trkpt lat="28.21077" lon="85.58501"><ele>4184</ele><time>2022-10-28T02:46:21Z</time></trkpt>
    <trkpt lat="28.21083" lon="85.58519"><ele>4183</ele><time>2022-10-28T02:47:07Z</time></trkpt>
    <trkpt lat="28.21094" lon="85.58531"><ele>4184</ele><time>2022-10-28T02:47:57Z</time></trkpt>
    <trkpt lat="28.21098" lon="85.58549"><ele>4186</ele><time>2022-10-28T02:48:37Z</time></trkpt>
    <trkpt lat="28.21099" lon="85.58563"><ele>4191</ele><time>2022-10-28T02:48:55Z</time></trkpt>
    <trkpt lat="28.21107" lon="85.58581"><ele>4196</ele><time>2022-10-28T02:49:35Z</time></trkpt>
    <trkpt lat="28.21118" lon="85.58572"><ele>4210</ele><time>2022-10-28T02:52:07Z</time></trkpt>
    <trkpt lat="28.21126" lon="85.58590"><ele>4220</ele><time>2022-10-28T02:53:17Z</time></trkpt>
    <trkpt lat="28.21133" lon="85.58605"><ele>4228</ele><time>2022-10-28T02:54:07Z</time></trkpt>
    <trkpt lat="28.21138" lon="85.58623"><ele>4229</ele><time>2022-10-28T02:54:55Z</time></trkpt>
    <trkpt lat="28.21143" lon="85.58644"><ele>4235</ele><time>2022-10-28T02:55:35Z</time></trkpt>
    <trkpt lat="28.21151" lon="85.58662"><ele>4250</ele><time>2022-10-28T02:56:31Z</time></trkpt>
    <trkpt lat="28.21163" lon="85.58663"><ele>4263</ele><time>2022-10-28T02:57:39Z</time></trkpt>
    <trkpt lat="28.21175" lon="85.58650"><ele>4260</ele><time>2022-10-28T02:59:59Z</time></trkpt>
    <trkpt lat="28.21171" lon="85.58660"><ele>4267</ele><time>2022-10-28T03:04:15Z</time></trkpt>
    <trkpt lat="28.21186" lon="85.58663"><ele>4271</ele><time>2022-10-28T03:16:53Z</time></trkpt>
    <trkpt lat="28.21200" lon="85.58671"><ele>4276</ele><time>2022-10-28T03:17:43Z</time></trkpt>
    <trkpt lat="28.21211" lon="85.58680"><ele>4281</ele><time>2022-10-28T03:18:41Z</time></trkpt>
    <trkpt lat="28.21221" lon="85.58695"><ele>4302</ele><time>2022-10-28T03:20:12Z</time></trkpt>
    <trkpt lat="28.21227" lon="85.58713"><ele>4314</ele><time>2022-10-28T03:21:43Z</time></trkpt>
    <trkpt lat="28.21237" lon="85.58719"><ele>4315</ele><time>2022-10-28T03:22:40Z</time></trkpt>
    <trkpt lat="28.21249" lon="85.58731"><ele>4313</ele><time>2022-10-28T03:24:00Z</time></trkpt>
    <trkpt lat="28.21256" lon="85.58749"><ele>4325</ele><time>2022-10-28T03:25:21Z</time></trkpt>
    <trkpt lat="28.21265" lon="85.58760"><ele>4338</ele><time>2022-10-28T03:27:11Z</time></trkpt>
    <trkpt lat="28.21272" lon="85.58772"><ele>4339</ele><time>2022-10-28T03:27:30Z</time></trkpt>
    <trkpt lat="28.21272" lon="85.58790"><ele>4348</ele><time>2022-10-28T03:28:49Z</time></trkpt>
    <trkpt lat="28.21283" lon="85.58801"><ele>4355</ele><time>2022-10-28T03:30:36Z</time></trkpt>
    <trkpt lat="28.21291" lon="85.58817"><ele>4359</ele><time>2022-10-28T03:32:37Z</time></trkpt>
    <trkpt lat="28.21283" lon="85.58829"><ele>4367</ele><time>2022-10-28T03:32:56Z</time></trkpt>
    <trkpt lat="28.21282" lon="85.58841"><ele>4369</ele><time>2022-10-28T03:33:14Z</time></trkpt>
    <trkpt lat="28.21298" lon="85.58836"><ele>4366</ele><time>2022-10-28T03:34:40Z</time></trkpt>
    <trkpt lat="28.21298" lon="85.58855"><ele>4374</ele><time>2022-10-28T03:36:02Z</time></trkpt>
    <trkpt lat="28.21293" lon="85.58864"><ele>4381</ele><time>2022-10-28T03:36:20Z</time></trkpt>
    <trkpt lat="28.21299" lon="85.58875"><ele>4390</ele><time>2022-10-28T03:37:25Z</time></trkpt>
    <trkpt lat="28.21300" lon="85.58892"><ele>4403</ele><time>2022-10-28T03:40:05Z</time></trkpt>
    <trkpt lat="28.21301" lon="85.58911"><ele>4410</ele><time>2022-10-28T03:42:28Z</time></trkpt>
    <trkpt lat="28.21313" lon="85.58925"><ele>4422</ele><time>2022-10-28T03:46:09Z</time></trkpt>
    <trkpt lat="28.21324" lon="85.58939"><ele>4433</ele><time>2022-10-28T03:53:08Z</time></trkpt>
    <trkpt lat="28.21336" lon="85.58953"><ele>4444</ele><time>2022-10-28T03:55:21Z</time></trkpt>
    <trkpt lat="28.21341" lon="85.58970"><ele>4453</ele><time>2022-10-28T03:57:24Z</time></trkpt>
    <trkpt lat="28.21353" lon="85.58982"><ele>4461</ele><time>2022-10-28T03:59:14Z</time></trkpt>
    <trkpt lat="28.21360" lon="85.59000"><ele>4468</ele><time>2022-10-28T04:01:14Z</time></trkpt>
    <trkpt lat="28.21372" lon="85.59011"><ele>4488</ele><time>2022-10-28T04:05:07Z</time></trkpt>
    <trkpt lat="28.21379" lon="85.59020"><ele>4495</ele><time>2022-10-28T04:06:37Z</time></trkpt>
    <trkpt lat="28.21381" lon="85.59035"><ele>4503</ele><time>2022-10-28T04:09:48Z</time></trkpt>
    <trkpt lat="28.21395" lon="85.59044"><ele>4511</ele><time>2022-10-28T04:12:02Z</time></trkpt>
    <trkpt lat="28.21404" lon="85.59060"><ele>4519</ele><time>2022-10-28T04:13:54Z</time></trkpt>
    <trkpt lat="28.21404" lon="85.59078"><ele>4519</ele><time>2022-10-28T04:15:31Z</time></trkpt>
    <trkpt lat="28.21419" lon="85.59087"><ele>4534</ele><time>2022-10-28T04:17:38Z</time></trkpt>
    <trkpt lat="28.21429" lon="85.59101"><ele>4537</ele><time>2022-10-28T04:18:39Z</time></trkpt>
    <trkpt lat="28.21439" lon="85.59115"><ele>4545</ele><time>2022-10-28T04:20:46Z</time></trkpt>
    <trkpt lat="28.21450" lon="85.59127"><ele>4550</ele><time>2022-10-28T04:21:30Z</time></trkpt>
    <trkpt lat="28.21466" lon="85.59128"><ele>4555</ele><time>2022-10-28T04:24:19Z</time></trkpt>
    <trkpt lat="28.21478" lon="85.59138"><ele>4561</ele><time>2022-10-28T04:30:24Z</time></trkpt>
    <trkpt lat="28.21489" lon="85.59148"><ele>4566</ele><time>2022-10-28T04:31:18Z</time></trkpt>
    <trkpt lat="28.21503" lon="85.59156"><ele>4573</ele><time>2022-10-28T04:31:59Z</time></trkpt>
    <trkpt lat="28.21522" lon="85.59164"><ele>4577</ele><time>2022-10-28T04:32:36Z</time></trkpt>
    <trkpt lat="28.21535" lon="85.59179"><ele>4576</ele><time>2022-10-28T04:33:13Z</time></trkpt>
    <trkpt lat="28.21543" lon="85.59185"><ele>4576</ele><time>2022-10-28T04:33:31Z</time></trkpt>
    <trkpt lat="28.21559" lon="85.59191"><ele>4579</ele><time>2022-10-28T04:34:09Z</time></trkpt>
    <trkpt lat="28.21561" lon="85.59210"><ele>4583</ele><time>2022-10-28T04:40:18Z</time></trkpt>
    <trkpt lat="28.21567" lon="85.59226"><ele>4583</ele><time>2022-10-28T04:40:37Z</time></trkpt>
    <trkpt lat="28.21574" lon="85.59240"><ele>4583</ele><time>2022-10-28T04:40:56Z</time></trkpt>
    <trkpt lat="28.21579" lon="85.59253"><ele>4583</ele><time>2022-10-28T04:41:15Z</time></trkpt>
    <trkpt lat="28.21592" lon="85.59271"><ele>4587</ele><time>2022-10-28T04:41:51Z</time></trkpt>
    <trkpt lat="28.21599" lon="85.59280"><ele>4588</ele><time>2022-10-28T04:42:10Z</time></trkpt>
    <trkpt lat="28.21609" lon="85.59295"><ele>4598</ele><time>2022-10-28T04:42:54Z</time></trkpt>
    <trkpt lat="28.21615" lon="85.59303"><ele>4599</ele><time>2022-10-28T04:43:13Z</time></trkpt>
    <trkpt lat="28.21621" lon="85.59312"><ele>4598</ele><time>2022-10-28T04:43:32Z</time></trkpt>
    <trkpt lat="28.21625" lon="85.59330"><ele>4605</ele><time>2022-10-28T04:44:31Z</time></trkpt>
    <trkpt lat="28.21630" lon="85.59339"><ele>4610</ele><time>2022-10-28T04:44:50Z</time></trkpt>
    <trkpt lat="28.21638" lon="85.59346"><ele>4612</ele><time>2022-10-28T04:45:09Z</time></trkpt>
    <trkpt lat="28.21643" lon="85.59355"><ele>4614</ele><time>2022-10-28T04:45:28Z</time></trkpt>
    <trkpt lat="28.21648" lon="85.59373"><ele>4613</ele><time>2022-10-28T04:46:08Z</time></trkpt>
    <trkpt lat="28.21661" lon="85.59385"><ele>4623</ele><time>2022-10-28T04:47:38Z</time></trkpt>
    <trkpt lat="28.21665" lon="85.59403"><ele>4624</ele><time>2022-10-28T04:49:08Z</time></trkpt>
    <trkpt lat="28.21674" lon="85.59409"><ele>4625</ele><time>2022-10-28T04:49:27Z</time></trkpt>
    <trkpt lat="28.21680" lon="85.59427"><ele>4637</ele><time>2022-10-28T04:51:16Z</time></trkpt>
    <trkpt lat="28.21683" lon="85.59445"><ele>4639</ele><time>2022-10-28T04:54:00Z</time></trkpt>
    <trkpt lat="28.21682" lon="85.59464"><ele>4645</ele><time>2022-10-28T04:54:50Z</time></trkpt>
    <trkpt lat="28.21683" lon="85.59483"><ele>4649</ele><time>2022-10-28T04:55:48Z</time></trkpt>
    <trkpt lat="28.21676" lon="85.59500"><ele>4651</ele><time>2022-10-28T04:56:37Z</time></trkpt>
    <trkpt lat="28.21674" lon="85.59519"><ele>4654</ele><time>2022-10-28T04:57:47Z</time></trkpt>
    <trkpt lat="28.21667" lon="85.59535"><ele>4659</ele><time>2022-10-28T04:59:35Z</time></trkpt>
    <trkpt lat="28.21663" lon="85.59553"><ele>4665</ele><time>2022-10-28T05:01:17Z</time></trkpt>
    <trkpt lat="28.21660" lon="85.59571"><ele>4667</ele><time>2022-10-28T05:01:55Z</time></trkpt>
    <trkpt lat="28.21655" lon="85.59588"><ele>4675</ele><time>2022-10-28T05:02:53Z</time></trkpt>
    <trkpt lat="28.21651" lon="85.59607"><ele>4685</ele><time>2022-10-28T05:03:54Z</time></trkpt>
    <trkpt lat="28.21645" lon="85.59624"><ele>4684</ele><time>2022-10-28T05:05:39Z</time></trkpt>
    <trkpt lat="28.21646" lon="85.59643"><ele>4689</ele><time>2022-10-28T05:07:42Z</time></trkpt>
    <trkpt lat="28.21642" lon="85.59661"><ele>4695</ele><time>2022-10-28T05:09:29Z</time></trkpt>
    <trkpt lat="28.21637" lon="85.59679"><ele>4710</ele><time>2022-10-28T05:12:22Z</time></trkpt>
    <trkpt lat="28.21633" lon="85.59697"><ele>4719</ele><time>2022-10-28T05:13:24Z</time></trkpt>
    <trkpt lat="28.21637" lon="85.59716"><ele>4723</ele><time>2022-10-28T05:31:39Z</time></trkpt>
    <trkpt lat="28.21630" lon="85.59732"><ele>4729</ele><time>2022-10-28T05:33:12Z</time></trkpt>
    <trkpt lat="28.21632" lon="85.59751"><ele>4732</ele><time>2022-10-28T05:35:14Z</time></trkpt>
    <trkpt lat="28.21639" lon="85.59764"><ele>4739</ele><time>2022-10-28T05:36:48Z</time></trkpt>
    <trkpt lat="28.21647" lon="85.59781"><ele>4737</ele><time>2022-10-28T05:38:19Z</time></trkpt>
    <trkpt lat="28.21654" lon="85.59798"><ele>4737</ele><time>2022-10-28T05:39:14Z</time></trkpt>
    <trkpt lat="28.21659" lon="85.59815"><ele>4744</ele><time>2022-10-28T05:40:21Z</time></trkpt>
    <trkpt lat="28.21662" lon="85.59834"><ele>4741</ele><time>2022-10-28T05:41:09Z</time></trkpt>
    <trkpt lat="28.21667" lon="85.59852"><ele>4747</ele><time>2022-10-28T05:42:34Z</time></trkpt>
    <trkpt lat="28.21660" lon="85.59868"><ele>4759</ele><time>2022-10-28T05:44:29Z</time></trkpt>
    <trkpt lat="28.21664" lon="85.59885"><ele>4755</ele><time>2022-10-28T05:45:43Z</time></trkpt>
    <trkpt lat="28.21670" lon="85.59900"><ele>4770</ele><time>2022-10-28T05:48:22Z</time></trkpt>
    <trkpt lat="28.21676" lon="85.59918"><ele>4786</ele><time>2022-10-28T05:51:17Z</time></trkpt>
    <trkpt lat="28.21680" lon="85.59935"><ele>4800</ele><time>2022-10-28T05:53:18Z</time></trkpt>
    <trkpt lat="28.21685" lon="85.59949"><ele>4816</ele><time>2022-10-28T05:57:15Z</time></trkpt>
    <trkpt lat="28.21687" lon="85.59964"><ele>4815</ele><time>2022-10-28T05:58:40Z</time></trkpt>
    <trkpt lat="28.21686" lon="85.59976"><ele>4815</ele><time>2022-10-28T06:00:40Z</time></trkpt>
    <trkpt lat="28.21679" lon="85.59993"><ele>4819</ele><time>2022-10-28T06:02:16Z</time></trkpt>
    <trkpt lat="28.21674" lon="85.60001"><ele>4821</ele><time>2022-10-28T06:02:34Z</time></trkpt>
    <trkpt lat="28.21665" lon="85.60006"><ele>4823</ele><time>2022-10-28T06:02:52Z</time></trkpt>
    <trkpt lat="28.21656" lon="85.60009"><ele>4824</ele><time>2022-10-28T06:03:11Z</time></trkpt>
    <trkpt lat="28.21644" lon="85.60020"><ele>4828</ele><time>2022-10-28T06:04:25Z</time></trkpt>
    <trkpt lat="28.21629" lon="85.60030"><ele>4833</ele><time>2022-10-28T06:05:34Z</time></trkpt>
    <trkpt lat="28.21616" lon="85.60039"><ele>4833</ele><time>2022-10-28T06:10:53Z</time></trkpt>
    <trkpt lat="28.21607" lon="85.60048"><ele>4842</ele><time>2022-10-28T06:11:12Z</time></trkpt>
    <trkpt lat="28.21594" lon="85.60058"><ele>4849</ele><time>2022-10-28T06:13:06Z</time></trkpt>
    <trkpt lat="28.21580" lon="85.60068"><ele>4851</ele><time>2022-10-28T06:14:34Z</time></trkpt>
    <trkpt lat="28.21563" lon="85.60071"><ele>4854</ele><time>2022-10-28T06:16:02Z</time></trkpt>
    <trkpt lat="28.21546" lon="85.60072"><ele>4858</ele><time>2022-10-28T06:17:30Z</time></trkpt>
    <trkpt lat="28.21530" lon="85.60076"><ele>4873</ele><time>2022-10-28T06:20:11Z</time></trkpt>
    <trkpt lat="28.21514" lon="85.60078"><ele>4881</ele><time>2022-10-28T06:23:24Z</time></trkpt>
    <trkpt lat="28.21499" lon="85.60076"><ele>4888</ele><time>2022-10-28T06:25:28Z</time></trkpt>
    <trkpt lat="28.21484" lon="85.60077"><ele>4894</ele><time>2022-10-28T06:27:55Z</time></trkpt>
    <trkpt lat="28.21470" lon="85.60088"><ele>4902</ele><time>2022-10-28T06:31:36Z</time></trkpt>
    <trkpt lat="28.21455" lon="85.60084"><ele>4918</ele><time>2022-10-28T06:34:15Z</time></trkpt>
    <trkpt lat="28.21441" lon="85.60095"><ele>4925</ele><time>2022-10-28T06:36:25Z</time></trkpt>
    <trkpt lat="28.21425" lon="85.60094"><ele>4937</ele><time>2022-10-28T06:39:16Z</time></trkpt>
    <trkpt lat="28.21409" lon="85.60092"><ele>4943</ele><time>2022-10-28T06:41:13Z</time></trkpt>
    <trkpt lat="28.21395" lon="85.60103"><ele>4948</ele><time>2022-10-28T06:43:56Z</time></trkpt>
    <trkpt lat="28.21380" lon="85.60096"><ele>4951</ele><time>2022-10-28T06:46:57Z</time></trkpt>
    <trkpt lat="28.21365" lon="85.60095"><ele>4965</ele><time>2022-10-28T06:51:39Z</time></trkpt>
    <trkpt lat="28.21354" lon="85.60085"><ele>4963</ele><time>2022-10-28T06:51:58Z</time></trkpt>
    <trkpt lat="28.21346" lon="85.60080"><ele>4965</ele><time>2022-10-28T06:52:16Z</time></trkpt>
    <trkpt lat="28.21336" lon="85.60067"><ele>4973</ele><time>2022-10-28T06:53:01Z</time></trkpt>
    <trkpt lat="28.21324" lon="85.60051"><ele>4979</ele><time>2022-10-28T06:54:22Z</time></trkpt>
    <trkpt lat="28.21309" lon="85.60039"><ele>4977</ele><time>2022-10-28T06:55:22Z</time></trkpt>
    <trkpt lat="28.21298" lon="85.60041"><ele>4988</ele><time>2022-10-28T07:08:34Z</time></trkpt>
    <trkpt lat="28.21277" lon="85.60042"><ele>4984</ele><time>2022-10-28T07:08:52Z</time></trkpt>
    <trkpt lat="28.21265" lon="85.60046"><ele>4981</ele><time>2022-10-28T07:09:10Z</time></trkpt>
    <trkpt lat="28.21283" lon="85.60041"><ele>4982</ele><time>2022-10-28T07:11:33Z</time></trkpt>
    <trkpt lat="28.21303" lon="85.60039"><ele>4980</ele><time>2022-10-28T07:12:12Z</time></trkpt>
    <trkpt lat="28.21312" lon="85.60046"><ele>5002</ele><time>2022-10-28T07:24:35Z</time></trkpt>
    <trkpt lat="28.21327" lon="85.60055"><ele>4989</ele><time>2022-10-28T07:42:58Z</time></trkpt>
    <trkpt lat="28.21339" lon="85.60066"><ele>4984</ele><time>2022-10-28T07:43:54Z</time></trkpt>
    <trkpt lat="28.21347" lon="85.60074"><ele>4985</ele><time>2022-10-28T07:44:12Z</time></trkpt>
    <trkpt lat="28.21356" lon="85.60084"><ele>4983</ele><time>2022-10-28T07:44:30Z</time></trkpt>
    <trkpt lat="28.21369" lon="85.60095"><ele>4982</ele><time>2022-10-28T07:45:23Z</time></trkpt>
    <trkpt lat="28.21381" lon="85.60098"><ele>4973</ele><time>2022-10-28T07:47:04Z</time></trkpt>
    <trkpt lat="28.21396" lon="85.60101"><ele>4958</ele><time>2022-10-28T07:51:44Z</time></trkpt>
    <trkpt lat="28.21410" lon="85.60093"><ele>4949</ele><time>2022-10-28T07:56:31Z</time></trkpt>
    <trkpt lat="28.21427" lon="85.60094"><ele>4944</ele><time>2022-10-28T07:57:55Z</time></trkpt>
    <trkpt lat="28.21444" lon="85.60094"><ele>4937</ele><time>2022-10-28T07:59:55Z</time></trkpt>
    <trkpt lat="28.21457" lon="85.60087"><ele>4925</ele><time>2022-10-28T08:01:40Z</time></trkpt>
    <trkpt lat="28.21473" lon="85.60087"><ele>4916</ele><time>2022-10-28T08:05:26Z</time></trkpt>
    <trkpt lat="28.21488" lon="85.60079"><ele>4907</ele><time>2022-10-28T08:09:14Z</time></trkpt>
    <trkpt lat="28.21504" lon="85.60077"><ele>4894</ele><time>2022-10-28T08:12:13Z</time></trkpt>
    <trkpt lat="28.21520" lon="85.60081"><ele>4885</ele><time>2022-10-28T08:13:58Z</time></trkpt>
    <trkpt lat="28.21536" lon="85.60077"><ele>4887</ele><time>2022-10-28T08:15:27Z</time></trkpt>
    <trkpt lat="28.21548" lon="85.60072"><ele>4877</ele><time>2022-10-28T08:17:24Z</time></trkpt>
    <trkpt lat="28.21564" lon="85.60071"><ele>4874</ele><time>2022-10-28T08:18:41Z</time></trkpt>
    <trkpt lat="28.21580" lon="85.60069"><ele>4862</ele><time>2022-10-28T08:19:43Z</time></trkpt>
    <trkpt lat="28.21593" lon="85.60057"><ele>4857</ele><time>2022-10-28T08:20:48Z</time></trkpt>
    <trkpt lat="28.21602" lon="85.60054"><ele>4856</ele><time>2022-10-28T08:21:07Z</time></trkpt>
    <trkpt lat="28.21617" lon="85.60046"><ele>4848</ele><time>2022-10-28T08:21:56Z</time></trkpt>
    <trkpt lat="28.21630" lon="85.60035"><ele>4838</ele><time>2022-10-28T08:23:02Z</time></trkpt>
    <trkpt lat="28.21645" lon="85.60027"><ele>4837</ele><time>2022-10-28T08:24:56Z</time></trkpt>
    <trkpt lat="28.21657" lon="85.60012"><ele>4832</ele><time>2022-10-28T08:25:41Z</time></trkpt>
    <trkpt lat="28.21668" lon="85.60008"><ele>4831</ele><time>2022-10-28T08:26:00Z</time></trkpt>
    <trkpt lat="28.21676" lon="85.59996"><ele>4832</ele><time>2022-10-28T08:26:18Z</time></trkpt>
    <trkpt lat="28.21686" lon="85.59979"><ele>4835</ele><time>2022-10-28T08:26:55Z</time></trkpt>
    <trkpt lat="28.21693" lon="85.59963"><ele>4819</ele><time>2022-10-28T08:28:04Z</time></trkpt>
    <trkpt lat="28.21689" lon="85.59952"><ele>4810</ele><time>2022-10-28T08:30:13Z</time></trkpt>
    <trkpt lat="28.21683" lon="85.59934"><ele>4807</ele><time>2022-10-28T08:32:49Z</time></trkpt>
    <trkpt lat="28.21686" lon="85.59916"><ele>4801</ele><time>2022-10-28T08:34:00Z</time></trkpt>
    <trkpt lat="28.21684" lon="85.59898"><ele>4793</ele><time>2022-10-28T08:34:39Z</time></trkpt>
    <trkpt lat="28.21674" lon="85.59884"><ele>4778</ele><time>2022-10-28T08:36:15Z</time></trkpt>
    <trkpt lat="28.21664" lon="85.59870"><ele>4773</ele><time>2022-10-28T08:37:54Z</time></trkpt>
    <trkpt lat="28.21667" lon="85.59852"><ele>4760</ele><time>2022-10-28T08:39:20Z</time></trkpt>
    <trkpt lat="28.21665" lon="85.59833"><ele>4754</ele><time>2022-10-28T08:40:08Z</time></trkpt>
    <trkpt lat="28.21663" lon="85.59811"><ele>4743</ele><time>2022-10-28T08:40:51Z</time></trkpt>
    <trkpt lat="28.21658" lon="85.59792"><ele>4743</ele><time>2022-10-28T08:41:30Z</time></trkpt>
    <trkpt lat="28.21657" lon="85.59779"><ele>4740</ele><time>2022-10-28T08:41:49Z</time></trkpt>
    <trkpt lat="28.21651" lon="85.59761"><ele>4738</ele><time>2022-10-28T08:42:36Z</time></trkpt>
    <trkpt lat="28.21647" lon="85.59752"><ele>4737</ele><time>2022-10-28T08:42:54Z</time></trkpt>
    <trkpt lat="28.21637" lon="85.59739"><ele>4734</ele><time>2022-10-28T08:44:26Z</time></trkpt>
    <trkpt lat="28.21640" lon="85.59716"><ele>4732</ele><time>2022-10-28T08:45:04Z</time></trkpt>
    <trkpt lat="28.21640" lon="85.59705"><ele>4729</ele><time>2022-10-28T08:45:23Z</time></trkpt>
    <trkpt lat="28.21640" lon="85.59687"><ele>4723</ele><time>2022-10-28T09:18:22Z</time></trkpt>
    <trkpt lat="28.21646" lon="85.59669"><ele>4712</ele><time>2022-10-28T09:19:10Z</time></trkpt>
    <trkpt lat="28.21650" lon="85.59652"><ele>4708</ele><time>2022-10-28T09:20:11Z</time></trkpt>
    <trkpt lat="28.21652" lon="85.59634"><ele>4702</ele><time>2022-10-28T09:20:59Z</time></trkpt>
    <trkpt lat="28.21655" lon="85.59616"><ele>4695</ele><time>2022-10-28T09:21:46Z</time></trkpt>
    <trkpt lat="28.21655" lon="85.59603"><ele>4692</ele><time>2022-10-28T09:22:05Z</time></trkpt>
    <trkpt lat="28.21658" lon="85.59593"><ele>4689</ele><time>2022-10-28T09:22:24Z</time></trkpt>
    <trkpt lat="28.21666" lon="85.59589"><ele>4685</ele><time>2022-10-28T09:22:43Z</time></trkpt>
    <trkpt lat="28.21664" lon="85.59570"><ele>4685</ele><time>2022-10-28T09:23:34Z</time></trkpt>
    <trkpt lat="28.21665" lon="85.59556"><ele>4680</ele><time>2022-10-28T09:23:52Z</time></trkpt>
    <trkpt lat="28.21672" lon="85.59539"><ele>4684</ele><time>2022-10-28T09:25:43Z</time></trkpt>
    <trkpt lat="28.21675" lon="85.59520"><ele>4681</ele><time>2022-10-28T09:26:21Z</time></trkpt>
    <trkpt lat="28.21680" lon="85.59509"><ele>4670</ele><time>2022-10-28T09:26:40Z</time></trkpt>
    <trkpt lat="28.21679" lon="85.59488"><ele>4663</ele><time>2022-10-28T09:27:17Z</time></trkpt>
    <trkpt lat="28.21685" lon="85.59478"><ele>4662</ele><time>2022-10-28T09:27:35Z</time></trkpt>
    <trkpt lat="28.21687" lon="85.59463"><ele>4657</ele><time>2022-10-28T09:27:53Z</time></trkpt>
    <trkpt lat="28.21690" lon="85.59446"><ele>4656</ele><time>2022-10-28T09:28:53Z</time></trkpt>
    <trkpt lat="28.21691" lon="85.59427"><ele>4648</ele><time>2022-10-28T09:32:31Z</time></trkpt>
    <trkpt lat="28.21682" lon="85.59419"><ele>4636</ele><time>2022-10-28T09:32:49Z</time></trkpt>
    <trkpt lat="28.21671" lon="85.59402"><ele>4623</ele><time>2022-10-28T09:33:43Z</time></trkpt>
    <trkpt lat="28.21667" lon="85.59391"><ele>4622</ele><time>2022-10-28T09:34:01Z</time></trkpt>
    <trkpt lat="28.21656" lon="85.59380"><ele>4618</ele><time>2022-10-28T09:34:20Z</time></trkpt>
    <trkpt lat="28.21649" lon="85.59369"><ele>4615</ele><time>2022-10-28T09:34:39Z</time></trkpt>
    <trkpt lat="28.21644" lon="85.59359"><ele>4615</ele><time>2022-10-28T09:34:58Z</time></trkpt>
    <trkpt lat="28.21639" lon="85.59344"><ele>4610</ele><time>2022-10-28T09:35:16Z</time></trkpt>
    <trkpt lat="28.21630" lon="85.59333"><ele>4613</ele><time>2022-10-28T09:35:35Z</time></trkpt>
    <trkpt lat="28.21625" lon="85.59315"><ele>4605</ele><time>2022-10-28T09:36:39Z</time></trkpt>
    <trkpt lat="28.21622" lon="85.59304"><ele>4605</ele><time>2022-10-28T09:36:57Z</time></trkpt>
    <trkpt lat="28.21612" lon="85.59294"><ele>4601</ele><time>2022-10-28T09:37:16Z</time></trkpt>
    <trkpt lat="28.21606" lon="85.59281"><ele>4596</ele><time>2022-10-28T09:37:35Z</time></trkpt>
    <trkpt lat="28.21589" lon="85.59264"><ele>4592</ele><time>2022-10-28T09:38:13Z</time></trkpt>
    <trkpt lat="28.21582" lon="85.59257"><ele>4595</ele><time>2022-10-28T09:38:31Z</time></trkpt>
    <trkpt lat="28.21579" lon="85.59242"><ele>4586</ele><time>2022-10-28T09:38:50Z</time></trkpt>
    <trkpt lat="28.21571" lon="85.59227"><ele>4584</ele><time>2022-10-28T09:39:08Z</time></trkpt>
    <trkpt lat="28.21565" lon="85.59210"><ele>4576</ele><time>2022-10-28T09:39:27Z</time></trkpt>
    <trkpt lat="28.21558" lon="85.59201"><ele>4581</ele><time>2022-10-28T09:39:45Z</time></trkpt>
    <trkpt lat="28.21562" lon="85.59189"><ele>4592</ele><time>2022-10-28T09:44:49Z</time></trkpt>
    <trkpt lat="28.21546" lon="85.59185"><ele>4588</ele><time>2022-10-28T09:45:38Z</time></trkpt>
    <trkpt lat="28.21535" lon="85.59176"><ele>4591</ele><time>2022-10-28T09:45:57Z</time></trkpt>
    <trkpt lat="28.21528" lon="85.59166"><ele>4590</ele><time>2022-10-28T09:46:15Z</time></trkpt>
    <trkpt lat="28.21517" lon="85.59158"><ele>4593</ele><time>2022-10-28T09:46:33Z</time></trkpt>
    <trkpt lat="28.21504" lon="85.59156"><ele>4594</ele><time>2022-10-28T09:46:52Z</time></trkpt>
    <trkpt lat="28.21498" lon="85.59148"><ele>4593</ele><time>2022-10-28T09:47:10Z</time></trkpt>
    <trkpt lat="28.21481" lon="85.59139"><ele>4586</ele><time>2022-10-28T09:47:55Z</time></trkpt>
    <trkpt lat="28.21468" lon="85.59142"><ele>4582</ele><time>2022-10-28T09:48:13Z</time></trkpt>
    <trkpt lat="28.21458" lon="85.59136"><ele>4573</ele><time>2022-10-28T09:48:31Z</time></trkpt>
    <trkpt lat="28.21450" lon="85.59126"><ele>4565</ele><time>2022-10-28T09:48:50Z</time></trkpt>
    <trkpt lat="28.21445" lon="85.59117"><ele>4562</ele><time>2022-10-28T09:49:09Z</time></trkpt>
    <trkpt lat="28.21438" lon="85.59108"><ele>4552</ele><time>2022-10-28T09:49:28Z</time></trkpt>
    <trkpt lat="28.21425" lon="85.59096"><ele>4544</ele><time>2022-10-28T09:50:10Z</time></trkpt>
    <trkpt lat="28.21420" lon="85.59087"><ele>4540</ele><time>2022-10-28T09:50:28Z</time></trkpt>
    <trkpt lat="28.21412" lon="85.59077"><ele>4537</ele><time>2022-10-28T09:50:47Z</time></trkpt>
    <trkpt lat="28.21408" lon="85.59065"><ele>4532</ele><time>2022-10-28T09:51:31Z</time></trkpt>
    <trkpt lat="28.21401" lon="85.59048"><ele>4520</ele><time>2022-10-28T09:52:28Z</time></trkpt>
    <trkpt lat="28.21393" lon="85.59032"><ele>4513</ele><time>2022-10-28T09:53:09Z</time></trkpt>
    <trkpt lat="28.21378" lon="85.59033"><ele>4508</ele><time>2022-10-28T09:55:23Z</time></trkpt>
    <trkpt lat="28.21373" lon="85.59019"><ele>4506</ele><time>2022-10-28T09:55:41Z</time></trkpt>
    <trkpt lat="28.21365" lon="85.59004"><ele>4498</ele><time>2022-10-28T09:56:53Z</time></trkpt>
    <trkpt lat="28.21358" lon="85.58995"><ele>4480</ele><time>2022-10-28T09:57:51Z</time></trkpt>
    <trkpt lat="28.21353" lon="85.58979"><ele>4478</ele><time>2022-10-28T09:59:00Z</time></trkpt>
    <trkpt lat="28.21340" lon="85.58968"><ele>4462</ele><time>2022-10-28T10:00:25Z</time></trkpt>
    <trkpt lat="28.21330" lon="85.58953"><ele>4463</ele><time>2022-10-28T10:01:07Z</time></trkpt>
    <trkpt lat="28.21320" lon="85.58936"><ele>4447</ele><time>2022-10-28T10:02:37Z</time></trkpt>
    <trkpt lat="28.21308" lon="85.58923"><ele>4445</ele><time>2022-10-28T10:04:19Z</time></trkpt>
    <trkpt lat="28.21299" lon="85.58908"><ele>4426</ele><time>2022-10-28T10:05:42Z</time></trkpt>
    <trkpt lat="28.21295" lon="85.58898"><ele>4422</ele><time>2022-10-28T10:06:00Z</time></trkpt>
    <trkpt lat="28.21298" lon="85.58884"><ele>4414</ele><time>2022-10-28T10:06:48Z</time></trkpt>
    <trkpt lat="28.21301" lon="85.58864"><ele>4402</ele><time>2022-10-28T10:08:32Z</time></trkpt>
    <trkpt lat="28.21297" lon="85.58848"><ele>4392</ele><time>2022-10-28T10:09:15Z</time></trkpt>
    <trkpt lat="28.21290" lon="85.58831"><ele>4382</ele><time>2022-10-28T10:10:39Z</time></trkpt>
    <trkpt lat="28.21286" lon="85.58811"><ele>4378</ele><time>2022-10-28T10:11:15Z</time></trkpt>
    <trkpt lat="28.21280" lon="85.58793"><ele>4354</ele><time>2022-10-28T10:11:57Z</time></trkpt>
    <trkpt lat="28.21270" lon="85.58773"><ele>4344</ele><time>2022-10-28T10:13:10Z</time></trkpt>
    <trkpt lat="28.21265" lon="85.58763"><ele>4339</ele><time>2022-10-28T10:13:29Z</time></trkpt>
    <trkpt lat="28.21265" lon="85.58751"><ele>4336</ele><time>2022-10-28T10:13:47Z</time></trkpt>
    <trkpt lat="28.21257" lon="85.58743"><ele>4334</ele><time>2022-10-28T10:14:06Z</time></trkpt>
    <trkpt lat="28.21243" lon="85.58734"><ele>4319</ele><time>2022-10-28T10:29:48Z</time></trkpt>
    <trkpt lat="28.21232" lon="85.58722"><ele>4313</ele><time>2022-10-28T10:30:41Z</time></trkpt>
    <trkpt lat="28.21227" lon="85.58706"><ele>4307</ele><time>2022-10-28T10:31:33Z</time></trkpt>
    <trkpt lat="28.21218" lon="85.58688"><ele>4299</ele><time>2022-10-28T10:32:18Z</time></trkpt>
    <trkpt lat="28.21206" lon="85.58676"><ele>4293</ele><time>2022-10-28T10:33:02Z</time></trkpt>
    <trkpt lat="28.21192" lon="85.58666"><ele>4283</ele><time>2022-10-28T10:33:56Z</time></trkpt>
    <trkpt lat="28.21184" lon="85.58662"><ele>4278</ele><time>2022-10-28T10:34:15Z</time></trkpt>
    <trkpt lat="28.21172" lon="85.58657"><ele>4269</ele><time>2022-10-28T10:35:15Z</time></trkpt>
    <trkpt lat="28.21160" lon="85.58644"><ele>4261</ele><time>2022-10-28T10:36:04Z</time></trkpt>
    <trkpt lat="28.21158" lon="85.58631"><ele>4257</ele><time>2022-10-28T10:36:22Z</time></trkpt>
    <trkpt lat="28.21148" lon="85.58614"><ele>4254</ele><time>2022-10-28T10:36:59Z</time></trkpt>
    <trkpt lat="28.21139" lon="85.58600"><ele>4240</ele><time>2022-10-28T10:37:45Z</time></trkpt>
    <trkpt lat="28.21136" lon="85.58582"><ele>4232</ele><time>2022-10-28T10:38:40Z</time></trkpt>
    <trkpt lat="28.21125" lon="85.58573"><ele>4225</ele><time>2022-10-28T10:39:36Z</time></trkpt>
    <trkpt lat="28.21115" lon="85.58575"><ele>4221</ele><time>2022-10-28T10:39:54Z</time></trkpt>
    <trkpt lat="28.21105" lon="85.58558"><ele>4208</ele><time>2022-10-28T10:40:44Z</time></trkpt>
    <trkpt lat="28.21093" lon="85.58543"><ele>4199</ele><time>2022-10-28T10:41:29Z</time></trkpt>
    <trkpt lat="28.21083" lon="85.58526"><ele>4193</ele><time>2022-10-28T10:42:51Z</time></trkpt>
    <trkpt lat="28.21079" lon="85.58513"><ele>4190</ele><time>2022-10-28T10:43:09Z</time></trkpt>
    <trkpt lat="28.21073" lon="85.58500"><ele>4186</ele><time>2022-10-28T10:43:28Z</time></trkpt>
    <trkpt lat="28.21065" lon="85.58484"><ele>4184</ele><time>2022-10-28T10:44:06Z</time></trkpt>
    <trkpt lat="28.21050" lon="85.58463"><ele>4178</ele><time>2022-10-28T10:45:58Z</time></trkpt>
    <trkpt lat="28.21036" lon="85.58443"><ele>4175</ele><time>2022-10-28T10:46:57Z</time></trkpt>
    <trkpt lat="28.21026" lon="85.58434"><ele>4175</ele><time>2022-10-28T10:47:16Z</time></trkpt>
    <trkpt lat="28.21021" lon="85.58416"><ele>4171</ele><time>2022-10-28T10:48:12Z</time></trkpt>
    <trkpt lat="28.21013" lon="85.58402"><ele>4165</ele><time>2022-10-28T10:50:27Z</time></trkpt>
    <trkpt lat="28.21007" lon="85.58391"><ele>4162</ele><time>2022-10-28T10:50:46Z</time></trkpt>
    <trkpt lat="28.21005" lon="85.58381"><ele>4161</ele><time>2022-10-28T10:51:05Z</time></trkpt>
    <trkpt lat="28.20998" lon="85.58367"><ele>4160</ele><time>2022-10-28T10:51:24Z</time></trkpt>
    <trkpt lat="28.20988" lon="85.58355"><ele>4155</ele><time>2022-10-28T10:51:42Z</time></trkpt>
    <trkpt lat="28.20980" lon="85.58343"><ele>4150</ele><time>2022-10-28T10:52:01Z</time></trkpt>
    <trkpt lat="28.20975" lon="85.58330"><ele>4150</ele><time>2022-10-28T10:52:19Z</time></trkpt>
    <trkpt lat="28.20971" lon="85.58319"><ele>4149</ele><time>2022-10-28T10:52:38Z</time></trkpt>
    <trkpt lat="28.20964" lon="85.58303"><ele>4141</ele><time>2022-10-28T10:53:16Z</time></trkpt>
    <trkpt lat="28.20955" lon="85.58284"><ele>4132</ele><time>2022-10-28T10:53:53Z</time></trkpt>
    <trkpt lat="28.20949" lon="85.58269"><ele>4130</ele><time>2022-10-28T10:54:11Z</time></trkpt>
    <trkpt lat="28.20942" lon="85.58260"><ele>4126</ele><time>2022-10-28T10:54:30Z</time></trkpt>
    <trkpt lat="28.20931" lon="85.58240"><ele>4121</ele><time>2022-10-28T10:55:07Z</time></trkpt>
    <trkpt lat="28.20920" lon="85.58231"><ele>4119</ele><time>2022-10-28T10:55:26Z</time></trkpt>
    <trkpt lat="28.20918" lon="85.58219"><ele>4115</ele><time>2022-10-28T10:55:44Z</time></trkpt>
    <trkpt lat="28.20908" lon="85.58207"><ele>4115</ele><time>2022-10-28T10:56:02Z</time></trkpt>
    <trkpt lat="28.20899" lon="85.58199"><ele>4112</ele><time>2022-10-28T10:56:21Z</time></trkpt>
    <trkpt lat="28.20889" lon="85.58187"><ele>4112</ele><time>2022-10-28T10:56:40Z</time></trkpt>
    <trkpt lat="28.20880" lon="85.58174"><ele>4107</ele><time>2022-10-28T10:56:59Z</time></trkpt>
    <trkpt lat="28.20880" lon="85.58161"><ele>4102</ele><time>2022-10-28T10:57:18Z</time></trkpt>
    <trkpt lat="28.20873" lon="85.58144"><ele>4097</ele><time>2022-10-28T10:57:36Z</time></trkpt>
    <trkpt lat="28.20861" lon="85.58136"><ele>4095</ele><time>2022-10-28T10:57:55Z</time></trkpt>
    <trkpt lat="28.20857" lon="85.58124"><ele>4094</ele><time>2022-10-28T10:58:14Z</time></trkpt>
    <trkpt lat="28.20847" lon="85.58111"><ele>4093</ele><time>2022-10-28T10:58:33Z</time></trkpt>
    <trkpt lat="28.20843" lon="85.58097"><ele>4093</ele><time>2022-10-28T10:58:51Z</time></trkpt>
    <trkpt lat="28.20832" lon="85.58084"><ele>4091</ele><time>2022-10-28T10:59:10Z</time></trkpt>
    <trkpt lat="28.20824" lon="85.58068"><ele>4085</ele><time>2022-10-28T11:00:50Z</time></trkpt>
    <trkpt lat="28.20823" lon="85.58056"><ele>4086</ele><time>2022-10-28T11:01:08Z</time></trkpt>
    <trkpt lat="28.20828" lon="85.58044"><ele>4086</ele><time>2022-10-28T11:01:26Z</time></trkpt>
    <trkpt lat="28.20832" lon="85.58033"><ele>4091</ele><time>2022-10-28T11:01:44Z</time></trkpt>
    <trkpt lat="28.20841" lon="85.58025"><ele>4081</ele><time>2022-10-28T11:02:02Z</time></trkpt>
    <trkpt lat="28.20848" lon="85.58013"><ele>4076</ele><time>2022-10-28T11:02:20Z</time></trkpt>
    <trkpt lat="28.20848" lon="85.58003"><ele>4073</ele><time>2022-10-28T11:02:39Z</time></trkpt>
    <trkpt lat="28.20849" lon="85.57991"><ele>4067</ele><time>2022-10-28T11:02:57Z</time></trkpt>
    <trkpt lat="28.20846" lon="85.57974"><ele>4069</ele><time>2022-10-28T11:03:15Z</time></trkpt>
    <trkpt lat="28.20855" lon="85.57965"><ele>4065</ele><time>2022-10-28T11:03:33Z</time></trkpt>
    <trkpt lat="28.20854" lon="85.57951"><ele>4059</ele><time>2022-10-28T11:03:52Z</time></trkpt>
    <trkpt lat="28.20855" lon="85.57935"><ele>4059</ele><time>2022-10-28T11:04:10Z</time></trkpt>
    <trkpt lat="28.20858" lon="85.57925"><ele>4053</ele><time>2022-10-28T11:04:29Z</time></trkpt>
    <trkpt lat="28.20860" lon="85.57913"><ele>4051</ele><time>2022-10-28T11:04:48Z</time></trkpt>
    <trkpt lat="28.20867" lon="85.57903"><ele>4048</ele><time>2022-10-28T11:05:07Z</time></trkpt>
    <trkpt lat="28.20885" lon="85.57895"><ele>4038</ele><time>2022-10-28T11:05:46Z</time></trkpt>
    <trkpt lat="28.20871" lon="85.57884"><ele>4029</ele><time>2022-10-28T11:06:23Z</time></trkpt>
    <trkpt lat="28.20860" lon="85.57876"><ele>4025</ele><time>2022-10-28T11:06:42Z</time></trkpt>
    <trkpt lat="28.20848" lon="85.57862"><ele>4020</ele><time>2022-10-28T11:07:28Z</time></trkpt>
    <trkpt lat="28.20850" lon="85.57845"><ele>4012</ele><time>2022-10-28T11:08:15Z</time></trkpt>
    <trkpt lat="28.20841" lon="85.57843"><ele>4006</ele><time>2022-10-28T11:08:34Z</time></trkpt>
    <trkpt lat="28.20839" lon="85.57825"><ele>3989</ele><time>2022-10-28T11:09:35Z</time></trkpt>
    <trkpt lat="28.20834" lon="85.57816"><ele>3988</ele><time>2022-10-28T11:09:54Z</time></trkpt>
    <trkpt lat="28.20851" lon="85.57811"><ele>3986</ele><time>2022-10-28T11:10:37Z</time></trkpt>
    <trkpt lat="28.20862" lon="85.57808"><ele>3979</ele><time>2022-10-28T11:10:56Z</time></trkpt>
    <trkpt lat="28.20873" lon="85.57804"><ele>3975</ele><time>2022-10-28T11:11:15Z</time></trkpt>
    <trkpt lat="28.20886" lon="85.57804"><ele>3975</ele><time>2022-10-28T11:11:34Z</time></trkpt>
    <trkpt lat="28.20900" lon="85.57807"><ele>3969</ele><time>2022-10-28T11:11:53Z</time></trkpt>
    <trkpt lat="28.20907" lon="85.57797"><ele>3972</ele><time>2022-10-28T11:12:11Z</time></trkpt>
    <trkpt lat="28.20919" lon="85.57798"><ele>3964</ele><time>2022-10-28T11:12:30Z</time></trkpt>
    <trkpt lat="28.20929" lon="85.57794"><ele>3965</ele><time>2022-10-28T11:12:48Z</time></trkpt>
    <trkpt lat="28.20937" lon="85.57790"><ele>3961</ele><time>2022-10-28T11:13:07Z</time></trkpt>
    <trkpt lat="28.20945" lon="85.57773"><ele>3952</ele><time>2022-10-28T11:13:56Z</time></trkpt>
    <trkpt lat="28.20946" lon="85.57755"><ele>3937</ele><time>2022-10-28T11:14:59Z</time></trkpt>
    <trkpt lat="28.20963" lon="85.57750"><ele>3926</ele><time>2022-10-28T11:15:46Z</time></trkpt>
    <trkpt lat="28.20976" lon="85.57743"><ele>3921</ele><time>2022-10-28T11:18:09Z</time></trkpt>
    <trkpt lat="28.20982" lon="85.57731"><ele>3925</ele><time>2022-10-28T11:18:27Z</time></trkpt>
    <trkpt lat="28.20988" lon="85.57714"><ele>3928</ele><time>2022-10-28T11:19:36Z</time></trkpt>
    <trkpt lat="28.20981" lon="85.57694"><ele>3927</ele><time>2022-10-28T11:23:23Z</time></trkpt>
    <trkpt lat="28.20977" lon="85.57681"><ele>3924</ele><time>2022-10-28T11:23:42Z</time></trkpt>
    <trkpt lat="28.20970" lon="85.57663"><ele>3922</ele><time>2022-10-28T11:24:00Z</time></trkpt>
    <trkpt lat="28.20963" lon="85.57644"><ele>3918</ele><time>2022-10-28T11:24:19Z</time></trkpt>
    <trkpt lat="28.20953" lon="85.57629"><ele>3917</ele><time>2022-10-28T11:24:37Z</time></trkpt>
    <trkpt lat="28.20947" lon="85.57609"><ele>3916</ele><time>2022-10-28T11:25:14Z</time></trkpt>
    <trkpt lat="28.20943" lon="85.57585"><ele>3914</ele><time>2022-10-28T11:26:02Z</time></trkpt>
    <trkpt lat="28.20944" lon="85.57567"><ele>3910</ele><time>2022-10-28T11:26:20Z</time></trkpt>
    <trkpt lat="28.20950" lon="85.57545"><ele>3909</ele><time>2022-10-28T11:26:58Z</time></trkpt>
    <trkpt lat="28.20947" lon="85.57523"><ele>3904</ele><time>2022-10-28T11:27:35Z</time></trkpt>
    <trkpt lat="28.20949" lon="85.57509"><ele>3898</ele><time>2022-10-28T11:27:53Z</time></trkpt>
    <trkpt lat="28.20951" lon="85.57495"><ele>3895</ele><time>2022-10-28T11:28:11Z</time></trkpt>
    <trkpt lat="28.20950" lon="85.57478"><ele>3900</ele><time>2022-10-28T11:28:29Z</time></trkpt>
    <trkpt lat="28.20950" lon="85.57463"><ele>3899</ele><time>2022-10-28T11:28:48Z</time></trkpt>
    <trkpt lat="28.20948" lon="85.57447"><ele>3898</ele><time>2022-10-28T11:29:07Z</time></trkpt>
    <trkpt lat="28.20948" lon="85.57430"><ele>3899</ele><time>2022-10-28T11:29:25Z</time></trkpt>
    <trkpt lat="28.20948" lon="85.57414"><ele>3900</ele><time>2022-10-28T11:29:43Z</time></trkpt>
    <trkpt lat="28.20950" lon="85.57399"><ele>3903</ele><time>2022-10-28T11:30:02Z</time></trkpt>
    <trkpt lat="28.20957" lon="85.57387"><ele>3905</ele><time>2022-10-28T11:30:21Z</time></trkpt>
    <trkpt lat="28.20958" lon="85.57376"><ele>3905</ele><time>2022-10-28T11:30:39Z</time></trkpt>
    <trkpt lat="28.20962" lon="85.57364"><ele>3906</ele><time>2022-10-28T11:30:57Z</time></trkpt>
    <trkpt lat="28.20963" lon="85.57347"><ele>3906</ele><time>2022-10-28T11:31:16Z</time></trkpt>
    <trkpt lat="28.20965" lon="85.57332"><ele>3906</ele><time>2022-10-28T11:31:34Z</time></trkpt>
    <trkpt lat="28.20972" lon="85.57319"><ele>3907</ele><time>2022-10-28T11:31:53Z</time></trkpt>
    <trkpt lat="28.20978" lon="85.57305"><ele>3912</ele><time>2022-10-28T11:32:11Z</time></trkpt>
    <trkpt lat="28.20983" lon="85.57283"><ele>3913</ele><time>2022-10-28T11:33:28Z</time></trkpt>
    <trkpt lat="28.20993" lon="85.57258"><ele>3910</ele><time>2022-10-28T11:34:35Z</time></trkpt>
    <trkpt lat="28.20992" lon="85.57241"><ele>3906</ele><time>2022-10-28T11:34:54Z</time></trkpt>
    <trkpt lat="28.21007" lon="85.57230"><ele>3907</ele><time>2022-10-28T11:36:52Z</time></trkpt>
    <trkpt lat="28.21009" lon="85.57210"><ele>3902</ele><time>2022-10-28T11:37:11Z</time></trkpt>
    <trkpt lat="28.21016" lon="85.57192"><ele>3897</ele><time>2022-10-28T11:37:30Z</time></trkpt>
    <trkpt lat="28.21020" lon="85.57174"><ele>3898</ele><time>2022-10-28T11:37:49Z</time></trkpt>
    <trkpt lat="28.21029" lon="85.57162"><ele>3899</ele><time>2022-10-28T11:38:08Z</time></trkpt>
    <trkpt lat="28.21038" lon="85.57145"><ele>3898</ele><time>2022-10-28T11:38:26Z</time></trkpt>
    <trkpt lat="28.21049" lon="85.57130"><ele>3901</ele><time>2022-10-28T11:38:44Z</time></trkpt>
    <trkpt lat="28.21047" lon="85.57107"><ele>3902</ele><time>2022-10-28T11:39:02Z</time></trkpt>
    <trkpt lat="28.21050" lon="85.57087"><ele>3901</ele><time>2022-10-28T11:39:21Z</time></trkpt>
    <trkpt lat="28.21058" lon="85.57073"><ele>3896</ele><time>2022-10-28T11:39:39Z</time></trkpt>
    <trkpt lat="28.21070" lon="85.57056"><ele>3894</ele><time>2022-10-28T11:39:58Z</time></trkpt>
    <trkpt lat="28.21081" lon="85.57045"><ele>3896</ele><time>2022-10-28T11:40:16Z</time></trkpt>
    <trkpt lat="28.21086" lon="85.57032"><ele>3893</ele><time>2022-10-28T11:40:35Z</time></trkpt>
    <trkpt lat="28.21091" lon="85.57017"><ele>3892</ele><time>2022-10-28T11:40:53Z</time></trkpt>
    <trkpt lat="28.21101" lon="85.57015"><ele>3891</ele><time>2022-10-28T11:41:12Z</time></trkpt>
    <trkpt lat="28.21114" lon="85.57014"><ele>3887</ele><time>2022-10-28T11:41:31Z</time></trkpt>
    <trkpt lat="28.21135" lon="85.57006"><ele>3883</ele><time>2022-10-28T11:42:08Z</time></trkpt>
    <trkpt lat="28.21153" lon="85.57002"><ele>3880</ele><time>2022-10-28T11:42:27Z</time></trkpt>
    <trkpt lat="28.21154" lon="85.56985"><ele>3879</ele><time>2022-10-28T11:42:46Z</time></trkpt>
    <trkpt lat="28.21150" lon="85.56966"><ele>3879</ele><time>2022-10-28T11:43:04Z</time></trkpt>
    <trkpt lat="28.21148" lon="85.56952"><ele>3878</ele><time>2022-10-28T11:43:23Z</time></trkpt>
    <trkpt lat="28.21144" lon="85.56939"><ele>3880</ele><time>2022-10-28T11:43:42Z</time></trkpt>
    <trkpt lat="28.21138" lon="85.56922"><ele>3878</ele><time>2022-10-28T11:44:00Z</time></trkpt>
    <trkpt lat="28.21138" lon="85.56904"><ele>3879</ele><time>2022-10-28T11:44:19Z</time></trkpt>
    <trkpt lat="28.21148" lon="85.56889"><ele>3882</ele><time>2022-10-28T11:44:37Z</time></trkpt>
    <trkpt lat="28.21149" lon="85.56871"><ele>3880</ele><time>2022-10-28T11:44:55Z</time></trkpt>
    <trkpt lat="28.21147" lon="85.56849"><ele>3876</ele><time>2022-10-28T11:45:14Z</time></trkpt>
    <trkpt lat="28.21149" lon="85.56832"><ele>3873</ele><time>2022-10-28T11:45:32Z</time></trkpt>
    <trkpt lat="28.21155" lon="85.56816"><ele>3872</ele><time>2022-10-28T11:45:51Z</time></trkpt>
    <trkpt lat="28.21165" lon="85.56803"><ele>3870</ele><time>2022-10-28T11:46:10Z</time></trkpt>
    <trkpt lat="28.21166" lon="85.56787"><ele>3872</ele><time>2022-10-28T11:46:28Z</time></trkpt>
    <trkpt lat="28.21174" lon="85.56775"><ele>3870</ele><time>2022-10-28T11:46:47Z</time></trkpt>
    <trkpt lat="28.21179" lon="85.56759"><ele>3871</ele><time>2022-10-28T11:47:06Z</time></trkpt>
    <trkpt lat="28.21187" lon="85.56744"><ele>3867</ele><time>2022-10-28T11:47:25Z</time></trkpt>
    <trkpt lat="28.21185" lon="85.56730"><ele>3864</ele><time>2022-10-28T11:47:43Z</time></trkpt>
    <trkpt lat="28.21185" lon="85.56719"><ele>3862</ele><time>2022-10-28T11:48:04Z</time></trkpt>
    <trkpt lat="28.21195" lon="85.56712"><ele>3867</ele><time>2022-10-28T11:48:23Z</time></trkpt>
    <trkpt lat="28.21207" lon="85.56712"><ele>3870</ele><time>2022-10-28T11:48:42Z</time></trkpt>
    <trkpt lat="28.21213" lon="85.56704"><ele>3871</ele><time>2022-10-28T11:49:01Z</time></trkpt>
    <trkpt lat="28.21213" lon="85.56680"><ele>3869</ele><time>2022-10-28T11:49:45Z</time></trkpt>
  </trkseg>
</trk>
<trk>
  <name>LangtangTrek6</name>
  <trkseg>
    <trkpt lat="28.21213" lon="85.56681"><ele>3850</ele><time>2022-10-29T02:21:14Z</time></trkpt>
    <trkpt lat="28.21192" lon="85.56686"><ele>3847</ele><time>2022-10-29T02:24:31Z</time></trkpt>
    <trkpt lat="28.21183" lon="85.56693"><ele>3848</ele><time>2022-10-29T02:24:49Z</time></trkpt>
    <trkpt lat="28.21181" lon="85.56703"><ele>3848</ele><time>2022-10-29T02:25:08Z</time></trkpt>
    <trkpt lat="28.21181" lon="85.56720"><ele>3850</ele><time>2022-10-29T02:25:26Z</time></trkpt>
    <trkpt lat="28.21186" lon="85.56736"><ele>3854</ele><time>2022-10-29T02:25:45Z</time></trkpt>
    <trkpt lat="28.21183" lon="85.56754"><ele>3856</ele><time>2022-10-29T02:26:04Z</time></trkpt>
    <trkpt lat="28.21176" lon="85.56767"><ele>3857</ele><time>2022-10-29T02:26:22Z</time></trkpt>
    <trkpt lat="28.21167" lon="85.56783"><ele>3860</ele><time>2022-10-29T02:26:41Z</time></trkpt>
    <trkpt lat="28.21163" lon="85.56800"><ele>3861</ele><time>2022-10-29T02:27:00Z</time></trkpt>
    <trkpt lat="28.21158" lon="85.56816"><ele>3861</ele><time>2022-10-29T02:27:19Z</time></trkpt>
    <trkpt lat="28.21154" lon="85.56831"><ele>3862</ele><time>2022-10-29T02:27:38Z</time></trkpt>
    <trkpt lat="28.21154" lon="85.56845"><ele>3864</ele><time>2022-10-29T02:27:56Z</time></trkpt>
    <trkpt lat="28.21156" lon="85.56871"><ele>3869</ele><time>2022-10-29T02:28:40Z</time></trkpt>
    <trkpt lat="28.21155" lon="85.56881"><ele>3871</ele><time>2022-10-29T02:29:07Z</time></trkpt>
    <trkpt lat="28.21160" lon="85.56898"><ele>3874</ele><time>2022-10-29T02:29:26Z</time></trkpt>
    <trkpt lat="28.21173" lon="85.56908"><ele>3878</ele><time>2022-10-29T02:29:45Z</time></trkpt>
    <trkpt lat="28.21153" lon="85.56897"><ele>3872</ele><time>2022-10-29T02:30:42Z</time></trkpt>
    <trkpt lat="28.21144" lon="85.56896"><ele>3871</ele><time>2022-10-29T02:31:01Z</time></trkpt>
    <trkpt lat="28.21137" lon="85.56905"><ele>3873</ele><time>2022-10-29T02:31:20Z</time></trkpt>
    <trkpt lat="28.21141" lon="85.56933"><ele>3873</ele><time>2022-10-29T02:32:05Z</time></trkpt>
    <trkpt lat="28.21146" lon="85.56949"><ele>3874</ele><time>2022-10-29T02:32:23Z</time></trkpt>
    <trkpt lat="28.21149" lon="85.56970"><ele>3872</ele><time>2022-10-29T02:32:42Z</time></trkpt>
    <trkpt lat="28.21151" lon="85.56985"><ele>3873</ele><time>2022-10-29T02:33:01Z</time></trkpt>
    <trkpt lat="28.21139" lon="85.57000"><ele>3872</ele><time>2022-10-29T02:34:32Z</time></trkpt>
    <trkpt lat="28.21124" lon="85.57001"><ele>3875</ele><time>2022-10-29T02:34:50Z</time></trkpt>
    <trkpt lat="28.21110" lon="85.57006"><ele>3874</ele><time>2022-10-29T02:35:08Z</time></trkpt>
    <trkpt lat="28.21090" lon="85.57008"><ele>3881</ele><time>2022-10-29T02:35:26Z</time></trkpt>
    <trkpt lat="28.21073" lon="85.57009"><ele>3879</ele><time>2022-10-29T02:35:45Z</time></trkpt>
    <trkpt lat="28.21064" lon="85.57012"><ele>3876</ele><time>2022-10-29T02:36:04Z</time></trkpt>
    <trkpt lat="28.21047" lon="85.57030"><ele>3874</ele><time>2022-10-29T02:37:23Z</time></trkpt>
    <trkpt lat="28.21037" lon="85.57042"><ele>3874</ele><time>2022-10-29T02:37:41Z</time></trkpt>
    <trkpt lat="28.21034" lon="85.57062"><ele>3871</ele><time>2022-10-29T02:37:59Z</time></trkpt>
    <trkpt lat="28.21026" lon="85.57078"><ele>3864</ele><time>2022-10-29T02:38:18Z</time></trkpt>
    <trkpt lat="28.21018" lon="85.57096"><ele>3861</ele><time>2022-10-29T02:38:37Z</time></trkpt>
    <trkpt lat="28.21005" lon="85.57109"><ele>3866</ele><time>2022-10-29T02:38:56Z</time></trkpt>
    <trkpt lat="28.20993" lon="85.57121"><ele>3870</ele><time>2022-10-29T02:39:14Z</time></trkpt>
    <trkpt lat="28.20998" lon="85.57136"><ele>3873</ele><time>2022-10-29T02:39:32Z</time></trkpt>
    <trkpt lat="28.20995" lon="85.57152"><ele>3873</ele><time>2022-10-29T02:39:51Z</time></trkpt>
    <trkpt lat="28.20978" lon="85.57167"><ele>3877</ele><time>2022-10-29T02:40:09Z</time></trkpt>
    <trkpt lat="28.20970" lon="85.57183"><ele>3870</ele><time>2022-10-29T02:40:28Z</time></trkpt>
    <trkpt lat="28.20969" lon="85.57198"><ele>3872</ele><time>2022-10-29T02:40:46Z</time></trkpt>
    <trkpt lat="28.20962" lon="85.57215"><ele>3870</ele><time>2022-10-29T02:41:04Z</time></trkpt>
    <trkpt lat="28.20956" lon="85.57238"><ele>3871</ele><time>2022-10-29T02:41:23Z</time></trkpt>
    <trkpt lat="28.20953" lon="85.57258"><ele>3870</ele><time>2022-10-29T02:41:41Z</time></trkpt>
    <trkpt lat="28.20942" lon="85.57278"><ele>3865</ele><time>2022-10-29T02:42:00Z</time></trkpt>
    <trkpt lat="28.20925" lon="85.57288"><ele>3869</ele><time>2022-10-29T02:42:19Z</time></trkpt>
    <trkpt lat="28.20904" lon="85.57299"><ele>3866</ele><time>2022-10-29T02:42:55Z</time></trkpt>
    <trkpt lat="28.20896" lon="85.57310"><ele>3865</ele><time>2022-10-29T02:43:14Z</time></trkpt>
    <trkpt lat="28.20886" lon="85.57325"><ele>3864</ele><time>2022-10-29T02:45:52Z</time></trkpt>
    <trkpt lat="28.20882" lon="85.57342"><ele>3866</ele><time>2022-10-29T02:46:29Z</time></trkpt>
    <trkpt lat="28.20881" lon="85.57355"><ele>3866</ele><time>2022-10-29T02:46:48Z</time></trkpt>
    <trkpt lat="28.20873" lon="85.57369"><ele>3866</ele><time>2022-10-29T02:47:07Z</time></trkpt>
    <trkpt lat="28.20862" lon="85.57380"><ele>3871</ele><time>2022-10-29T02:47:25Z</time></trkpt>
    <trkpt lat="28.20850" lon="85.57381"><ele>3873</ele><time>2022-10-29T02:47:43Z</time></trkpt>
    <trkpt lat="28.20835" lon="85.57386"><ele>3874</ele><time>2022-10-29T02:48:01Z</time></trkpt>
    <trkpt lat="28.20825" lon="85.57399"><ele>3870</ele><time>2022-10-29T02:48:20Z</time></trkpt>
    <trkpt lat="28.20811" lon="85.57406"><ele>3867</ele><time>2022-10-29T02:48:39Z</time></trkpt>
    <trkpt lat="28.20801" lon="85.57420"><ele>3866</ele><time>2022-10-29T02:48:57Z</time></trkpt>
    <trkpt lat="28.20788" lon="85.57431"><ele>3864</ele><time>2022-10-29T02:49:16Z</time></trkpt>
    <trkpt lat="28.20778" lon="85.57446"><ele>3864</ele><time>2022-10-29T02:49:35Z</time></trkpt>
    <trkpt lat="28.20764" lon="85.57451"><ele>3866</ele><time>2022-10-29T02:49:53Z</time></trkpt>
    <trkpt lat="28.20753" lon="85.57463"><ele>3863</ele><time>2022-10-29T02:50:12Z</time></trkpt>
    <trkpt lat="28.20741" lon="85.57474"><ele>3862</ele><time>2022-10-29T02:50:31Z</time></trkpt>
    <trkpt lat="28.20734" lon="85.57491"><ele>3865</ele><time>2022-10-29T02:51:55Z</time></trkpt>
    <trkpt lat="28.20730" lon="85.57508"><ele>3867</ele><time>2022-10-29T02:52:14Z</time></trkpt>
    <trkpt lat="28.20730" lon="85.57526"><ele>3865</ele><time>2022-10-29T02:52:54Z</time></trkpt>
    <trkpt lat="28.20738" lon="85.57542"><ele>3868</ele><time>2022-10-29T02:53:33Z</time></trkpt>
    <trkpt lat="28.20750" lon="85.57559"><ele>3872</ele><time>2022-10-29T02:54:48Z</time></trkpt>
    <trkpt lat="28.20735" lon="85.57558"><ele>3877</ele><time>2022-10-29T02:58:00Z</time></trkpt>
    <trkpt lat="28.20724" lon="85.57571"><ele>3876</ele><time>2022-10-29T02:59:25Z</time></trkpt>
    <trkpt lat="28.20708" lon="85.57586"><ele>3875</ele><time>2022-10-29T03:01:22Z</time></trkpt>
    <trkpt lat="28.20700" lon="85.57597"><ele>3873</ele><time>2022-10-29T03:01:40Z</time></trkpt>
    <trkpt lat="28.20693" lon="85.57605"><ele>3869</ele><time>2022-10-29T03:01:58Z</time></trkpt>
    <trkpt lat="28.20689" lon="85.57618"><ele>3864</ele><time>2022-10-29T03:02:17Z</time></trkpt>
    <trkpt lat="28.20682" lon="85.57633"><ele>3860</ele><time>2022-10-29T03:02:35Z</time></trkpt>
    <trkpt lat="28.20676" lon="85.57646"><ele>3856</ele><time>2022-10-29T03:02:54Z</time></trkpt>
    <trkpt lat="28.20673" lon="85.57657"><ele>3855</ele><time>2022-10-29T03:03:12Z</time></trkpt>
    <trkpt lat="28.20661" lon="85.57662"><ele>3857</ele><time>2022-10-29T03:03:31Z</time></trkpt>
    <trkpt lat="28.20655" lon="85.57675"><ele>3856</ele><time>2022-10-29T03:03:49Z</time></trkpt>
    <trkpt lat="28.20640" lon="85.57687"><ele>3855</ele><time>2022-10-29T03:04:07Z</time></trkpt>
    <trkpt lat="28.20633" lon="85.57698"><ele>3856</ele><time>2022-10-29T03:04:25Z</time></trkpt>
    <trkpt lat="28.20624" lon="85.57715"><ele>3849</ele><time>2022-10-29T03:06:24Z</time></trkpt>
    <trkpt lat="28.20615" lon="85.57730"><ele>3849</ele><time>2022-10-29T03:06:42Z</time></trkpt>
    <trkpt lat="28.20609" lon="85.57747"><ele>3848</ele><time>2022-10-29T03:07:01Z</time></trkpt>
    <trkpt lat="28.20599" lon="85.57765"><ele>3843</ele><time>2022-10-29T03:07:19Z</time></trkpt>
    <trkpt lat="28.20587" lon="85.57782"><ele>3840</ele><time>2022-10-29T03:07:37Z</time></trkpt>
    <trkpt lat="28.20574" lon="85.57799"><ele>3837</ele><time>2022-10-29T03:07:56Z</time></trkpt>
    <trkpt lat="28.20567" lon="85.57811"><ele>3835</ele><time>2022-10-29T03:08:14Z</time></trkpt>
    <trkpt lat="28.20563" lon="85.57826"><ele>3837</ele><time>2022-10-29T03:08:33Z</time></trkpt>
    <trkpt lat="28.20552" lon="85.57840"><ele>3837</ele><time>2022-10-29T03:08:51Z</time></trkpt>
    <trkpt lat="28.20544" lon="85.57852"><ele>3836</ele><time>2022-10-29T03:09:10Z</time></trkpt>
    <trkpt lat="28.20533" lon="85.57865"><ele>3831</ele><time>2022-10-29T03:09:28Z</time></trkpt>
    <trkpt lat="28.20528" lon="85.57882"><ele>3829</ele><time>2022-10-29T03:09:47Z</time></trkpt>
    <trkpt lat="28.20521" lon="85.57898"><ele>3831</ele><time>2022-10-29T03:10:06Z</time></trkpt>
    <trkpt lat="28.20509" lon="85.57911"><ele>3831</ele><time>2022-10-29T03:10:24Z</time></trkpt>
    <trkpt lat="28.20495" lon="85.57907"><ele>3843</ele><time>2022-10-29T03:10:42Z</time></trkpt>
    <trkpt lat="28.20482" lon="85.57918"><ele>3834</ele><time>2022-10-29T03:13:04Z</time></trkpt>
    <trkpt lat="28.20471" lon="85.57931"><ele>3834</ele><time>2022-10-29T03:13:22Z</time></trkpt>
    <trkpt lat="28.20458" lon="85.57944"><ele>3836</ele><time>2022-10-29T03:13:41Z</time></trkpt>
    <trkpt lat="28.20449" lon="85.57953"><ele>3835</ele><time>2022-10-29T03:14:00Z</time></trkpt>
    <trkpt lat="28.20438" lon="85.57969"><ele>3835</ele><time>2022-10-29T03:14:19Z</time></trkpt>
    <trkpt lat="28.20423" lon="85.57982"><ele>3837</ele><time>2022-10-29T03:14:38Z</time></trkpt>
    <trkpt lat="28.20416" lon="85.58000"><ele>3830</ele><time>2022-10-29T03:14:56Z</time></trkpt>
    <trkpt lat="28.20408" lon="85.58014"><ele>3834</ele><time>2022-10-29T03:15:14Z</time></trkpt>
    <trkpt lat="28.20403" lon="85.58026"><ele>3839</ele><time>2022-10-29T03:15:33Z</time></trkpt>
    <trkpt lat="28.20393" lon="85.58039"><ele>3834</ele><time>2022-10-29T03:15:51Z</time></trkpt>
    <trkpt lat="28.20385" lon="85.58053"><ele>3836</ele><time>2022-10-29T03:16:10Z</time></trkpt>
    <trkpt lat="28.20374" lon="85.58058"><ele>3833</ele><time>2022-10-29T03:16:28Z</time></trkpt>
    <trkpt lat="28.20351" lon="85.58066"><ele>3831</ele><time>2022-10-29T03:16:47Z</time></trkpt>
    <trkpt lat="28.20329" lon="85.58068"><ele>3829</ele><time>2022-10-29T03:17:05Z</time></trkpt>
    <trkpt lat="28.20310" lon="85.58071"><ele>3830</ele><time>2022-10-29T03:17:23Z</time></trkpt>
    <trkpt lat="28.20303" lon="85.58058"><ele>3828</ele><time>2022-10-29T03:17:42Z</time></trkpt>
    <trkpt lat="28.20302" lon="85.58080"><ele>3818</ele><time>2022-10-29T03:18:52Z</time></trkpt>
    <trkpt lat="28.20310" lon="85.58097"><ele>3816</ele><time>2022-10-29T03:20:44Z</time></trkpt>
    <trkpt lat="28.20322" lon="85.58110"><ele>3812</ele><time>2022-10-29T03:22:27Z</time></trkpt>
    <trkpt lat="28.20332" lon="85.58126"><ele>3811</ele><time>2022-10-29T03:22:46Z</time></trkpt>
    <trkpt lat="28.20326" lon="85.58153"><ele>3811</ele><time>2022-10-29T03:24:05Z</time></trkpt>
    <trkpt lat="28.20310" lon="85.58166"><ele>3813</ele><time>2022-10-29T03:24:24Z</time></trkpt>
    <trkpt lat="28.20305" lon="85.58185"><ele>3815</ele><time>2022-10-29T03:24:42Z</time></trkpt>
    <trkpt lat="28.20301" lon="85.58204"><ele>3816</ele><time>2022-10-29T03:25:00Z</time></trkpt>
    <trkpt lat="28.20297" lon="85.58216"><ele>3813</ele><time>2022-10-29T03:25:19Z</time></trkpt>
    <trkpt lat="28.20295" lon="85.58236"><ele>3811</ele><time>2022-10-29T03:25:37Z</time></trkpt>
    <trkpt lat="28.20287" lon="85.58244"><ele>3809</ele><time>2022-10-29T03:25:55Z</time></trkpt>
    <trkpt lat="28.20277" lon="85.58256"><ele>3812</ele><time>2022-10-29T03:26:14Z</time></trkpt>
    <trkpt lat="28.20271" lon="85.58268"><ele>3811</ele><time>2022-10-29T03:26:32Z</time></trkpt>
    <trkpt lat="28.20265" lon="85.58285"><ele>3816</ele><time>2022-10-29T03:26:50Z</time></trkpt>
    <trkpt lat="28.20257" lon="85.58301"><ele>3817</ele><time>2022-10-29T03:27:08Z</time></trkpt>
    <trkpt lat="28.20251" lon="85.58318"><ele>3816</ele><time>2022-10-29T03:27:26Z</time></trkpt>
    <trkpt lat="28.20243" lon="85.58336"><ele>3819</ele><time>2022-10-29T03:27:45Z</time></trkpt>
    <trkpt lat="28.20235" lon="85.58355"><ele>3825</ele><time>2022-10-29T03:28:03Z</time></trkpt>
    <trkpt lat="28.20229" lon="85.58376"><ele>3829</ele><time>2022-10-29T03:28:21Z</time></trkpt>
    <trkpt lat="28.20218" lon="85.58391"><ele>3833</ele><time>2022-10-29T03:28:40Z</time></trkpt>
    <trkpt lat="28.20209" lon="85.58402"><ele>3829</ele><time>2022-10-29T03:28:58Z</time></trkpt>
    <trkpt lat="28.20196" lon="85.58411"><ele>3829</ele><time>2022-10-29T03:29:17Z</time></trkpt>
    <trkpt lat="28.20189" lon="85.58427"><ele>3829</ele><time>2022-10-29T03:29:35Z</time></trkpt>
    <trkpt lat="28.20178" lon="85.58446"><ele>3833</ele><time>2022-10-29T03:29:53Z</time></trkpt>
    <trkpt lat="28.20169" lon="85.58462"><ele>3836</ele><time>2022-10-29T03:30:12Z</time></trkpt>
    <trkpt lat="28.20158" lon="85.58479"><ele>3840</ele><time>2022-10-29T03:30:31Z</time></trkpt>
    <trkpt lat="28.20148" lon="85.58497"><ele>3837</ele><time>2022-10-29T03:30:49Z</time></trkpt>
    <trkpt lat="28.20140" lon="85.58512"><ele>3839</ele><time>2022-10-29T03:31:08Z</time></trkpt>
    <trkpt lat="28.20136" lon="85.58524"><ele>3837</ele><time>2022-10-29T03:31:26Z</time></trkpt>
    <trkpt lat="28.20133" lon="85.58536"><ele>3836</ele><time>2022-10-29T03:31:45Z</time></trkpt>
    <trkpt lat="28.20123" lon="85.58548"><ele>3842</ele><time>2022-10-29T03:32:03Z</time></trkpt>
    <trkpt lat="28.20114" lon="85.58563"><ele>3834</ele><time>2022-10-29T03:33:12Z</time></trkpt>
    <trkpt lat="28.20101" lon="85.58575"><ele>3840</ele><time>2022-10-29T03:35:02Z</time></trkpt>
    <trkpt lat="28.20090" lon="85.58586"><ele>3842</ele><time>2022-10-29T03:35:21Z</time></trkpt>
    <trkpt lat="28.20079" lon="85.58595"><ele>3840</ele><time>2022-10-29T03:35:40Z</time></trkpt>
    <trkpt lat="28.20103" lon="85.58583"><ele>3833</ele><time>2022-10-29T03:37:53Z</time></trkpt>
    <trkpt lat="28.20079" lon="85.58602"><ele>3837</ele><time>2022-10-29T03:38:41Z</time></trkpt>
    <trkpt lat="28.20065" lon="85.58616"><ele>3841</ele><time>2022-10-29T03:39:00Z</time></trkpt>
    <trkpt lat="28.20047" lon="85.58633"><ele>3834</ele><time>2022-10-29T03:41:35Z</time></trkpt>
    <trkpt lat="28.20034" lon="85.58638"><ele>3833</ele><time>2022-10-29T03:41:53Z</time></trkpt>
    <trkpt lat="28.20020" lon="85.58646"><ele>3837</ele><time>2022-10-29T03:42:12Z</time></trkpt>
    <trkpt lat="28.20017" lon="85.58664"><ele>3831</ele><time>2022-10-29T03:42:31Z</time></trkpt>
    <trkpt lat="28.20010" lon="85.58675"><ele>3833</ele><time>2022-10-29T03:42:49Z</time></trkpt>
    <trkpt lat="28.20004" lon="85.58685"><ele>3835</ele><time>2022-10-29T03:43:08Z</time></trkpt>
    <trkpt lat="28.19991" lon="85.58686"><ele>3840</ele><time>2022-10-29T03:43:26Z</time></trkpt>
    <trkpt lat="28.19983" lon="85.58692"><ele>3841</ele><time>2022-10-29T03:43:45Z</time></trkpt>
    <trkpt lat="28.19971" lon="85.58699"><ele>3843</ele><time>2022-10-29T03:44:03Z</time></trkpt>
    <trkpt lat="28.19961" lon="85.58716"><ele>3846</ele><time>2022-10-29T03:44:42Z</time></trkpt>
    <trkpt lat="28.19955" lon="85.58731"><ele>3844</ele><time>2022-10-29T03:45:01Z</time></trkpt>
    <trkpt lat="28.19963" lon="85.58746"><ele>3841</ele><time>2022-10-29T03:45:19Z</time></trkpt>
    <trkpt lat="28.19968" lon="85.58763"><ele>3844</ele><time>2022-10-29T03:45:38Z</time></trkpt>
    <trkpt lat="28.19974" lon="85.58775"><ele>3848</ele><time>2022-10-29T03:45:56Z</time></trkpt>
    <trkpt lat="28.19982" lon="85.58782"><ele>3846</ele><time>2022-10-29T03:46:15Z</time></trkpt>
    <trkpt lat="28.19986" lon="85.58791"><ele>3848</ele><time>2022-10-29T03:46:33Z</time></trkpt>
    <trkpt lat="28.19997" lon="85.58802"><ele>3851</ele><time>2022-10-29T03:46:52Z</time></trkpt>
    <trkpt lat="28.19997" lon="85.58819"><ele>3851</ele><time>2022-10-29T03:47:34Z</time></trkpt>
    <trkpt lat="28.20003" lon="85.58835"><ele>3869</ele><time>2022-10-29T03:48:30Z</time></trkpt>
    <trkpt lat="28.19992" lon="85.58844"><ele>3869</ele><time>2022-10-29T03:59:10Z</time></trkpt>
    <trkpt lat="28.19989" lon="85.58860"><ele>3866</ele><time>2022-10-29T03:59:29Z</time></trkpt>
    <trkpt lat="28.19978" lon="85.58874"><ele>3865</ele><time>2022-10-29T03:59:48Z</time></trkpt>
    <trkpt lat="28.19968" lon="85.58878"><ele>3870</ele><time>2022-10-29T04:00:07Z</time></trkpt>
    <trkpt lat="28.19958" lon="85.58879"><ele>3868</ele><time>2022-10-29T04:00:25Z</time></trkpt>
    <trkpt lat="28.19943" lon="85.58898"><ele>3859</ele><time>2022-10-29T04:00:44Z</time></trkpt>
    <trkpt lat="28.19921" lon="85.58904"><ele>3856</ele><time>2022-10-29T04:01:02Z</time></trkpt>
    <trkpt lat="28.19910" lon="85.58916"><ele>3859</ele><time>2022-10-29T04:01:20Z</time></trkpt>
    <trkpt lat="28.19896" lon="85.58927"><ele>3857</ele><time>2022-10-29T04:01:38Z</time></trkpt>
    <trkpt lat="28.19883" lon="85.58928"><ele>3856</ele><time>2022-10-29T04:01:57Z</time></trkpt>
    <trkpt lat="28.19860" lon="85.58942"><ele>3849</ele><time>2022-10-29T04:02:36Z</time></trkpt>
    <trkpt lat="28.19843" lon="85.58928"><ele>3846</ele><time>2022-10-29T04:02:55Z</time></trkpt>
    <trkpt lat="28.19831" lon="85.58952"><ele>3841</ele><time>2022-10-29T04:03:33Z</time></trkpt>
    <trkpt lat="28.19820" lon="85.58974"><ele>3843</ele><time>2022-10-29T04:03:52Z</time></trkpt>
    <trkpt lat="28.19810" lon="85.58993"><ele>3848</ele><time>2022-10-29T04:04:11Z</time></trkpt>
    <trkpt lat="28.19798" lon="85.59016"><ele>3849</ele><time>2022-10-29T04:04:30Z</time></trkpt>
    <trkpt lat="28.19789" lon="85.59038"><ele>3847</ele><time>2022-10-29T04:04:49Z</time></trkpt>
    <trkpt lat="28.19782" lon="85.59059"><ele>3843</ele><time>2022-10-29T04:05:08Z</time></trkpt>
    <trkpt lat="28.19775" lon="85.59083"><ele>3845</ele><time>2022-10-29T04:05:27Z</time></trkpt>
    <trkpt lat="28.19766" lon="85.59110"><ele>3845</ele><time>2022-10-29T04:05:45Z</time></trkpt>
    <trkpt lat="28.19762" lon="85.59138"><ele>3851</ele><time>2022-10-29T04:06:04Z</time></trkpt>
    <trkpt lat="28.19754" lon="85.59164"><ele>3846</ele><time>2022-10-29T04:06:23Z</time></trkpt>
    <trkpt lat="28.19741" lon="85.59188"><ele>3845</ele><time>2022-10-29T04:06:42Z</time></trkpt>
    <trkpt lat="28.19740" lon="85.59214"><ele>3843</ele><time>2022-10-29T04:07:00Z</time></trkpt>
    <trkpt lat="28.19739" lon="85.59238"><ele>3842</ele><time>2022-10-29T04:07:18Z</time></trkpt>
    <trkpt lat="28.19733" lon="85.59267"><ele>3844</ele><time>2022-10-29T04:07:37Z</time></trkpt>
    <trkpt lat="28.19723" lon="85.59289"><ele>3842</ele><time>2022-10-29T04:07:56Z</time></trkpt>
    <trkpt lat="28.19716" lon="85.59311"><ele>3843</ele><time>2022-10-29T04:08:15Z</time></trkpt>
    <trkpt lat="28.19713" lon="85.59330"><ele>3840</ele><time>2022-10-29T04:08:33Z</time></trkpt>
    <trkpt lat="28.19714" lon="85.59358"><ele>3838</ele><time>2022-10-29T04:08:52Z</time></trkpt>
    <trkpt lat="28.19705" lon="85.59379"><ele>3843</ele><time>2022-10-29T04:09:10Z</time></trkpt>
    <trkpt lat="28.19702" lon="85.59406"><ele>3851</ele><time>2022-10-29T04:10:11Z</time></trkpt>
    <trkpt lat="28.19710" lon="85.59422"><ele>3849</ele><time>2022-10-29T04:11:00Z</time></trkpt>
    <trkpt lat="28.19710" lon="85.59434"><ele>3854</ele><time>2022-10-29T04:11:19Z</time></trkpt>
    <trkpt lat="28.19706" lon="85.59443"><ele>3858</ele><time>2022-10-29T04:11:37Z</time></trkpt>
    <trkpt lat="28.19696" lon="85.59459"><ele>3858</ele><time>2022-10-29T04:12:34Z</time></trkpt>
    <trkpt lat="28.19682" lon="85.59475"><ele>3852</ele><time>2022-10-29T04:13:10Z</time></trkpt>
    <trkpt lat="28.19670" lon="85.59496"><ele>3848</ele><time>2022-10-29T04:13:50Z</time></trkpt>
    <trkpt lat="28.19661" lon="85.59508"><ele>3850</ele><time>2022-10-29T04:14:09Z</time></trkpt>
    <trkpt lat="28.19665" lon="85.59528"><ele>3852</ele><time>2022-10-29T04:16:17Z</time></trkpt>
    <trkpt lat="28.19664" lon="85.59547"><ele>3847</ele><time>2022-10-29T04:16:35Z</time></trkpt>
    <trkpt lat="28.19675" lon="85.59561"><ele>3848</ele><time>2022-10-29T04:16:54Z</time></trkpt>
    <trkpt lat="28.19678" lon="85.59574"><ele>3846</ele><time>2022-10-29T04:17:13Z</time></trkpt>
    <trkpt lat="28.19678" lon="85.59591"><ele>3844</ele><time>2022-10-29T04:17:32Z</time></trkpt>
    <trkpt lat="28.19687" lon="85.59601"><ele>3825</ele><time>2022-10-29T04:17:50Z</time></trkpt>
    <trkpt lat="28.19683" lon="85.59618"><ele>3833</ele><time>2022-10-29T04:18:08Z</time></trkpt>
    <trkpt lat="28.19681" lon="85.59632"><ele>3837</ele><time>2022-10-29T04:18:27Z</time></trkpt>
    <trkpt lat="28.19677" lon="85.59642"><ele>3846</ele><time>2022-10-29T04:18:45Z</time></trkpt>
    <trkpt lat="28.19683" lon="85.59655"><ele>3854</ele><time>2022-10-29T04:19:04Z</time></trkpt>
    <trkpt lat="28.19687" lon="85.59671"><ele>3851</ele><time>2022-10-29T04:19:22Z</time></trkpt>
    <trkpt lat="28.19685" lon="85.59685"><ele>3850</ele><time>2022-10-29T04:19:40Z</time></trkpt>
    <trkpt lat="28.19683" lon="85.59701"><ele>3846</ele><time>2022-10-29T04:19:59Z</time></trkpt>
    <trkpt lat="28.19680" lon="85.59719"><ele>3843</ele><time>2022-10-29T04:20:17Z</time></trkpt>
    <trkpt lat="28.19679" lon="85.59738"><ele>3846</ele><time>2022-10-29T04:20:35Z</time></trkpt>
    <trkpt lat="28.19678" lon="85.59757"><ele>3847</ele><time>2022-10-29T04:20:54Z</time></trkpt>
    <trkpt lat="28.19683" lon="85.59775"><ele>3859</ele><time>2022-10-29T04:21:38Z</time></trkpt>
    <trkpt lat="28.19685" lon="85.59788"><ele>3860</ele><time>2022-10-29T04:22:51Z</time></trkpt>
    <trkpt lat="28.19683" lon="85.59810"><ele>3859</ele><time>2022-10-29T04:23:10Z</time></trkpt>
    <trkpt lat="28.19683" lon="85.59822"><ele>3857</ele><time>2022-10-29T04:23:28Z</time></trkpt>
    <trkpt lat="28.19683" lon="85.59834"><ele>3855</ele><time>2022-10-29T04:23:46Z</time></trkpt>
    <trkpt lat="28.19679" lon="85.59851"><ele>3851</ele><time>2022-10-29T04:24:05Z</time></trkpt>
    <trkpt lat="28.19671" lon="85.59866"><ele>3856</ele><time>2022-10-29T04:25:10Z</time></trkpt>
    <trkpt lat="28.19675" lon="85.59881"><ele>3856</ele><time>2022-10-29T04:26:32Z</time></trkpt>
    <trkpt lat="28.19676" lon="85.59895"><ele>3858</ele><time>2022-10-29T04:26:50Z</time></trkpt>
    <trkpt lat="28.19677" lon="85.59922"><ele>3861</ele><time>2022-10-29T04:27:27Z</time></trkpt>
    <trkpt lat="28.19674" lon="85.59936"><ele>3859</ele><time>2022-10-29T04:27:45Z</time></trkpt>
    <trkpt lat="28.19670" lon="85.59953"><ele>3856</ele><time>2022-10-29T04:28:03Z</time></trkpt>
    <trkpt lat="28.19662" lon="85.59970"><ele>3859</ele><time>2022-10-29T04:28:21Z</time></trkpt>
    <trkpt lat="28.19652" lon="85.59988"><ele>3859</ele><time>2022-10-29T04:28:40Z</time></trkpt>
    <trkpt lat="28.19643" lon="85.60009"><ele>3860</ele><time>2022-10-29T04:29:54Z</time></trkpt>
    <trkpt lat="28.19642" lon="85.60020"><ele>3863</ele><time>2022-10-29T04:30:12Z</time></trkpt>
    <trkpt lat="28.19633" lon="85.60035"><ele>3857</ele><time>2022-10-29T04:30:31Z</time></trkpt>
    <trkpt lat="28.19637" lon="85.60054"><ele>3863</ele><time>2022-10-29T04:31:11Z</time></trkpt>
    <trkpt lat="28.19638" lon="85.60067"><ele>3870</ele><time>2022-10-29T04:31:29Z</time></trkpt>
    <trkpt lat="28.19643" lon="85.60076"><ele>3869</ele><time>2022-10-29T04:31:48Z</time></trkpt>
    <trkpt lat="28.19646" lon="85.60087"><ele>3866</ele><time>2022-10-29T04:32:06Z</time></trkpt>
    <trkpt lat="28.19650" lon="85.60105"><ele>3870</ele><time>2022-10-29T04:32:44Z</time></trkpt>
    <trkpt lat="28.19653" lon="85.60120"><ele>3864</ele><time>2022-10-29T04:33:02Z</time></trkpt>
    <trkpt lat="28.19655" lon="85.60135"><ele>3861</ele><time>2022-10-29T04:33:20Z</time></trkpt>
    <trkpt lat="28.19665" lon="85.60151"><ele>3866</ele><time>2022-10-29T04:34:40Z</time></trkpt>
    <trkpt lat="28.19669" lon="85.60177"><ele>3876</ele><time>2022-10-29T04:49:48Z</time></trkpt>
    <trkpt lat="28.19668" lon="85.60196"><ele>3870</ele><time>2022-10-29T04:50:06Z</time></trkpt>
    <trkpt lat="28.19664" lon="85.60212"><ele>3872</ele><time>2022-10-29T04:50:25Z</time></trkpt>
    <trkpt lat="28.19665" lon="85.60232"><ele>3872</ele><time>2022-10-29T04:50:44Z</time></trkpt>
    <trkpt lat="28.19657" lon="85.60249"><ele>3873</ele><time>2022-10-29T04:51:03Z</time></trkpt>
    <trkpt lat="28.19652" lon="85.60268"><ele>3878</ele><time>2022-10-29T04:51:22Z</time></trkpt>
    <trkpt lat="28.19648" lon="85.60286"><ele>3878</ele><time>2022-10-29T04:51:40Z</time></trkpt>
    <trkpt lat="28.19645" lon="85.60307"><ele>3880</ele><time>2022-10-29T04:51:59Z</time></trkpt>
    <trkpt lat="28.19645" lon="85.60326"><ele>3881</ele><time>2022-10-29T04:52:17Z</time></trkpt>
    <trkpt lat="28.19633" lon="85.60342"><ele>3888</ele><time>2022-10-29T04:52:36Z</time></trkpt>
    <trkpt lat="28.19647" lon="85.60362"><ele>3884</ele><time>2022-10-29T04:52:54Z</time></trkpt>
    <trkpt lat="28.19648" lon="85.60378"><ele>3889</ele><time>2022-10-29T04:53:13Z</time></trkpt>
    <trkpt lat="28.19645" lon="85.60394"><ele>3883</ele><time>2022-10-29T04:53:31Z</time></trkpt>
    <trkpt lat="28.19649" lon="85.60411"><ele>3886</ele><time>2022-10-29T04:53:49Z</time></trkpt>
    <trkpt lat="28.19655" lon="85.60424"><ele>3878</ele><time>2022-10-29T04:54:07Z</time></trkpt>
    <trkpt lat="28.19656" lon="85.60438"><ele>3876</ele><time>2022-10-29T04:54:26Z</time></trkpt>
    <trkpt lat="28.19661" lon="85.60452"><ele>3874</ele><time>2022-10-29T04:54:45Z</time></trkpt>
    <trkpt lat="28.19667" lon="85.60460"><ele>3875</ele><time>2022-10-29T04:55:04Z</time></trkpt>
    <trkpt lat="28.19673" lon="85.60469"><ele>3876</ele><time>2022-10-29T04:55:22Z</time></trkpt>
    <trkpt lat="28.19681" lon="85.60478"><ele>3877</ele><time>2022-10-29T04:55:41Z</time></trkpt>
    <trkpt lat="28.19683" lon="85.60497"><ele>3885</ele><time>2022-10-29T04:56:29Z</time></trkpt>
    <trkpt lat="28.19688" lon="85.60511"><ele>3886</ele><time>2022-10-29T04:56:47Z</time></trkpt>
    <trkpt lat="28.19696" lon="85.60519"><ele>3881</ele><time>2022-10-29T04:57:05Z</time></trkpt>
    <trkpt lat="28.19701" lon="85.60537"><ele>3881</ele><time>2022-10-29T04:58:01Z</time></trkpt>
    <trkpt lat="28.19692" lon="85.60552"><ele>3896</ele><time>2022-10-29T04:58:42Z</time></trkpt>
    <trkpt lat="28.19694" lon="85.60572"><ele>3914</ele><time>2022-10-29T04:59:22Z</time></trkpt>
    <trkpt lat="28.19680" lon="85.60583"><ele>3938</ele><time>2022-10-29T05:00:03Z</time></trkpt>
    <trkpt lat="28.19681" lon="85.60597"><ele>3937</ele><time>2022-10-29T05:00:21Z</time></trkpt>
    <trkpt lat="28.19679" lon="85.60615"><ele>3949</ele><time>2022-10-29T05:01:05Z</time></trkpt>
    <trkpt lat="28.19685" lon="85.60627"><ele>3945</ele><time>2022-10-29T05:01:23Z</time></trkpt>
    <trkpt lat="28.19687" lon="85.60637"><ele>3951</ele><time>2022-10-29T05:01:42Z</time></trkpt>
    <trkpt lat="28.19682" lon="85.60646"><ele>3953</ele><time>2022-10-29T05:02:00Z</time></trkpt>
    <trkpt lat="28.19693" lon="85.60663"><ele>3946</ele><time>2022-10-29T05:02:19Z</time></trkpt>
    <trkpt lat="28.19701" lon="85.60680"><ele>3936</ele><time>2022-10-29T05:02:37Z</time></trkpt>
    <trkpt lat="28.19699" lon="85.60692"><ele>3957</ele><time>2022-10-29T05:04:32Z</time></trkpt>
    <trkpt lat="28.19693" lon="85.60704"><ele>3959</ele><time>2022-10-29T05:04:50Z</time></trkpt>
    <trkpt lat="28.19689" lon="85.60717"><ele>3953</ele><time>2022-10-29T05:05:09Z</time></trkpt>
    <trkpt lat="28.19689" lon="85.60730"><ele>3952</ele><time>2022-10-29T05:05:27Z</time></trkpt>
    <trkpt lat="28.19686" lon="85.60744"><ele>3951</ele><time>2022-10-29T05:05:46Z</time></trkpt>
    <trkpt lat="28.19682" lon="85.60761"><ele>3949</ele><time>2022-10-29T05:06:04Z</time></trkpt>
    <trkpt lat="28.19679" lon="85.60779"><ele>3948</ele><time>2022-10-29T05:06:23Z</time></trkpt>
    <trkpt lat="28.19682" lon="85.60794"><ele>3942</ele><time>2022-10-29T05:06:42Z</time></trkpt>
    <trkpt lat="28.19680" lon="85.60812"><ele>3942</ele><time>2022-10-29T05:07:00Z</time></trkpt>
    <trkpt lat="28.19674" lon="85.60829"><ele>3945</ele><time>2022-10-29T05:07:19Z</time></trkpt>
    <trkpt lat="28.19676" lon="85.60843"><ele>3946</ele><time>2022-10-29T05:07:38Z</time></trkpt>
    <trkpt lat="28.19675" lon="85.60859"><ele>3945</ele><time>2022-10-29T05:07:56Z</time></trkpt>
    <trkpt lat="28.19681" lon="85.60879"><ele>3938</ele><time>2022-10-29T05:08:14Z</time></trkpt>
    <trkpt lat="28.19683" lon="85.60893"><ele>3948</ele><time>2022-10-29T05:08:33Z</time></trkpt>
    <trkpt lat="28.19685" lon="85.60909"><ele>3940</ele><time>2022-10-29T05:08:51Z</time></trkpt>
    <trkpt lat="28.19688" lon="85.60923"><ele>3934</ele><time>2022-10-29T05:09:10Z</time></trkpt>
    <trkpt lat="28.19686" lon="85.60944"><ele>3943</ele><time>2022-10-29T05:09:53Z</time></trkpt>
    <trkpt lat="28.19684" lon="85.60967"><ele>3952</ele><time>2022-10-29T05:10:41Z</time></trkpt>
    <trkpt lat="28.19678" lon="85.60979"><ele>3955</ele><time>2022-10-29T05:11:00Z</time></trkpt>
    <trkpt lat="28.19679" lon="85.60993"><ele>3958</ele><time>2022-10-29T05:11:18Z</time></trkpt>
    <trkpt lat="28.19684" lon="85.61018"><ele>3954</ele><time>2022-10-29T05:11:58Z</time></trkpt>
    <trkpt lat="28.19687" lon="85.61033"><ele>3947</ele><time>2022-10-29T05:12:17Z</time></trkpt>
    <trkpt lat="28.19685" lon="85.61046"><ele>3941</ele><time>2022-10-29T05:12:35Z</time></trkpt>
    <trkpt lat="28.19681" lon="85.61066"><ele>3940</ele><time>2022-10-29T05:13:16Z</time></trkpt>
    <trkpt lat="28.19680" lon="85.61086"><ele>3956</ele><time>2022-10-29T05:14:16Z</time></trkpt>
    <trkpt lat="28.19682" lon="85.61103"><ele>3958</ele><time>2022-10-29T05:14:35Z</time></trkpt>
    <trkpt lat="28.19679" lon="85.61120"><ele>3957</ele><time>2022-10-29T05:14:53Z</time></trkpt>
    <trkpt lat="28.19672" lon="85.61135"><ele>3964</ele><time>2022-10-29T05:15:11Z</time></trkpt>
    <trkpt lat="28.19656" lon="85.61144"><ele>3979</ele><time>2022-10-29T05:15:30Z</time></trkpt>
    <trkpt lat="28.19652" lon="85.61167"><ele>3963</ele><time>2022-10-29T05:15:49Z</time></trkpt>
    <trkpt lat="28.19649" lon="85.61183"><ele>3957</ele><time>2022-10-29T05:16:08Z</time></trkpt>
    <trkpt lat="28.19649" lon="85.61198"><ele>3949</ele><time>2022-10-29T05:16:27Z</time></trkpt>
    <trkpt lat="28.19645" lon="85.61212"><ele>3949</ele><time>2022-10-29T05:16:45Z</time></trkpt>
    <trkpt lat="28.19646" lon="85.61227"><ele>3931</ele><time>2022-10-29T05:17:04Z</time></trkpt>
    <trkpt lat="28.19644" lon="85.61239"><ele>3925</ele><time>2022-10-29T05:17:22Z</time></trkpt>
    <trkpt lat="28.19654" lon="85.61245"><ele>3919</ele><time>2022-10-29T05:33:43Z</time></trkpt>
    <trkpt lat="28.19658" lon="85.61258"><ele>3921</ele><time>2022-10-29T05:34:02Z</time></trkpt>
    <trkpt lat="28.19654" lon="85.61273"><ele>3925</ele><time>2022-10-29T05:34:21Z</time></trkpt>
    <trkpt lat="28.19652" lon="85.61288"><ele>3932</ele><time>2022-10-29T05:34:39Z</time></trkpt>
    <trkpt lat="28.19645" lon="85.61306"><ele>3936</ele><time>2022-10-29T05:34:57Z</time></trkpt>
    <trkpt lat="28.19642" lon="85.61322"><ele>3937</ele><time>2022-10-29T05:35:15Z</time></trkpt>
    <trkpt lat="28.19642" lon="85.61341"><ele>3933</ele><time>2022-10-29T05:35:33Z</time></trkpt>
    <trkpt lat="28.19653" lon="85.61361"><ele>3933</ele><time>2022-10-29T05:35:52Z</time></trkpt>
    <trkpt lat="28.19652" lon="85.61374"><ele>3933</ele><time>2022-10-29T05:36:11Z</time></trkpt>
    <trkpt lat="28.19662" lon="85.61389"><ele>3933</ele><time>2022-10-29T05:36:53Z</time></trkpt>
    <trkpt lat="28.19667" lon="85.61405"><ele>3936</ele><time>2022-10-29T05:37:11Z</time></trkpt>
    <trkpt lat="28.19680" lon="85.61420"><ele>3930</ele><time>2022-10-29T05:37:53Z</time></trkpt>
    <trkpt lat="28.19677" lon="85.61434"><ele>3934</ele><time>2022-10-29T05:38:11Z</time></trkpt>
    <trkpt lat="28.19670" lon="85.61449"><ele>3936</ele><time>2022-10-29T05:38:29Z</time></trkpt>
    <trkpt lat="28.19670" lon="85.61466"><ele>3939</ele><time>2022-10-29T05:39:36Z</time></trkpt>
    <trkpt lat="28.19675" lon="85.61482"><ele>3940</ele><time>2022-10-29T05:39:54Z</time></trkpt>
    <trkpt lat="28.19676" lon="85.61492"><ele>3939</ele><time>2022-10-29T05:40:12Z</time></trkpt>
    <trkpt lat="28.19669" lon="85.61509"><ele>3935</ele><time>2022-10-29T05:41:29Z</time></trkpt>
    <trkpt lat="28.19662" lon="85.61527"><ele>3935</ele><time>2022-10-29T05:43:37Z</time></trkpt>
    <trkpt lat="28.19658" lon="85.61543"><ele>3934</ele><time>2022-10-29T05:43:56Z</time></trkpt>
    <trkpt lat="28.19656" lon="85.61558"><ele>3929</ele><time>2022-10-29T05:44:14Z</time></trkpt>
    <trkpt lat="28.19651" lon="85.61576"><ele>3926</ele><time>2022-10-29T05:44:32Z</time></trkpt>
    <trkpt lat="28.19656" lon="85.61590"><ele>3930</ele><time>2022-10-29T05:44:51Z</time></trkpt>
    <trkpt lat="28.19651" lon="85.61604"><ele>3930</ele><time>2022-10-29T05:45:09Z</time></trkpt>
    <trkpt lat="28.19651" lon="85.61624"><ele>3929</ele><time>2022-10-29T05:45:28Z</time></trkpt>
    <trkpt lat="28.19653" lon="85.61635"><ele>3930</ele><time>2022-10-29T05:45:47Z</time></trkpt>
    <trkpt lat="28.19652" lon="85.61647"><ele>3933</ele><time>2022-10-29T05:46:06Z</time></trkpt>
    <trkpt lat="28.19645" lon="85.61663"><ele>3938</ele><time>2022-10-29T05:46:25Z</time></trkpt>
    <trkpt lat="28.19640" lon="85.61681"><ele>3940</ele><time>2022-10-29T05:46:43Z</time></trkpt>
    <trkpt lat="28.19643" lon="85.61704"><ele>3935</ele><time>2022-10-29T05:47:02Z</time></trkpt>
    <trkpt lat="28.19643" lon="85.61722"><ele>3935</ele><time>2022-10-29T05:47:21Z</time></trkpt>
    <trkpt lat="28.19647" lon="85.61738"><ele>3941</ele><time>2022-10-29T05:47:40Z</time></trkpt>
    <trkpt lat="28.19648" lon="85.61753"><ele>3944</ele><time>2022-10-29T05:47:58Z</time></trkpt>
    <trkpt lat="28.19652" lon="85.61771"><ele>3937</ele><time>2022-10-29T05:48:17Z</time></trkpt>
    <trkpt lat="28.19655" lon="85.61788"><ele>3934</ele><time>2022-10-29T05:48:36Z</time></trkpt>
    <trkpt lat="28.19660" lon="85.61804"><ele>3928</ele><time>2022-10-29T05:48:55Z</time></trkpt>
    <trkpt lat="28.19659" lon="85.61820"><ele>3925</ele><time>2022-10-29T05:49:14Z</time></trkpt>
    <trkpt lat="28.19663" lon="85.61836"><ele>3926</ele><time>2022-10-29T05:49:33Z</time></trkpt>
    <trkpt lat="28.19665" lon="85.61850"><ele>3925</ele><time>2022-10-29T05:49:51Z</time></trkpt>
    <trkpt lat="28.19666" lon="85.61868"><ele>3924</ele><time>2022-10-29T05:50:10Z</time></trkpt>
    <trkpt lat="28.19666" lon="85.61882"><ele>3927</ele><time>2022-10-29T05:50:29Z</time></trkpt>
    <trkpt lat="28.19668" lon="85.61898"><ele>3923</ele><time>2022-10-29T05:50:48Z</time></trkpt>
    <trkpt lat="28.19671" lon="85.61915"><ele>3924</ele><time>2022-10-29T05:51:06Z</time></trkpt>
    <trkpt lat="28.19673" lon="85.61932"><ele>3921</ele><time>2022-10-29T05:51:25Z</time></trkpt>
    <trkpt lat="28.19678" lon="85.61946"><ele>3922</ele><time>2022-10-29T05:51:44Z</time></trkpt>
    <trkpt lat="28.19683" lon="85.61956"><ele>3925</ele><time>2022-10-29T05:52:02Z</time></trkpt>
    <trkpt lat="28.19688" lon="85.61969"><ele>3924</ele><time>2022-10-29T05:52:21Z</time></trkpt>
    <trkpt lat="28.19694" lon="85.61981"><ele>3927</ele><time>2022-10-29T05:52:40Z</time></trkpt>
    <trkpt lat="28.19696" lon="85.62001"><ele>3931</ele><time>2022-10-29T05:52:59Z</time></trkpt>
    <trkpt lat="28.19697" lon="85.62016"><ele>3933</ele><time>2022-10-29T05:53:18Z</time></trkpt>
    <trkpt lat="28.19701" lon="85.62032"><ele>3933</ele><time>2022-10-29T05:53:36Z</time></trkpt>
    <trkpt lat="28.19708" lon="85.62054"><ele>3927</ele><time>2022-10-29T05:53:55Z</time></trkpt>
    <trkpt lat="28.19718" lon="85.62063"><ele>3925</ele><time>2022-10-29T05:54:14Z</time></trkpt>
    <trkpt lat="28.19719" lon="85.62079"><ele>3923</ele><time>2022-10-29T05:54:32Z</time></trkpt>
    <trkpt lat="28.19726" lon="85.62097"><ele>3925</ele><time>2022-10-29T05:54:51Z</time></trkpt>
    <trkpt lat="28.19730" lon="85.62110"><ele>3928</ele><time>2022-10-29T05:55:09Z</time></trkpt>
    <trkpt lat="28.19734" lon="85.62122"><ele>3927</ele><time>2022-10-29T05:55:28Z</time></trkpt>
    <trkpt lat="28.19743" lon="85.62136"><ele>3928</ele><time>2022-10-29T05:55:46Z</time></trkpt>
    <trkpt lat="28.19753" lon="85.62149"><ele>3926</ele><time>2022-10-29T05:56:05Z</time></trkpt>
    <trkpt lat="28.19753" lon="85.62164"><ele>3926</ele><time>2022-10-29T05:56:24Z</time></trkpt>
    <trkpt lat="28.19760" lon="85.62184"><ele>3918</ele><time>2022-10-29T05:56:43Z</time></trkpt>
    <trkpt lat="28.19759" lon="85.62197"><ele>3922</ele><time>2022-10-29T05:57:01Z</time></trkpt>
    <trkpt lat="28.19759" lon="85.62209"><ele>3925</ele><time>2022-10-29T05:57:19Z</time></trkpt>
    <trkpt lat="28.19765" lon="85.62223"><ele>3925</ele><time>2022-10-29T05:57:37Z</time></trkpt>
    <trkpt lat="28.19768" lon="85.62238"><ele>3926</ele><time>2022-10-29T05:59:34Z</time></trkpt>
    <trkpt lat="28.19775" lon="85.62264"><ele>3929</ele><time>2022-10-29T06:00:10Z</time></trkpt>
    <trkpt lat="28.19779" lon="85.62278"><ele>3934</ele><time>2022-10-29T06:00:29Z</time></trkpt>
    <trkpt lat="28.19782" lon="85.62293"><ele>3926</ele><time>2022-10-29T06:00:47Z</time></trkpt>
    <trkpt lat="28.19789" lon="85.62308"><ele>3930</ele><time>2022-10-29T06:01:05Z</time></trkpt>
    <trkpt lat="28.19794" lon="85.62317"><ele>3930</ele><time>2022-10-29T06:01:24Z</time></trkpt>
    <trkpt lat="28.19800" lon="85.62331"><ele>3933</ele><time>2022-10-29T06:01:43Z</time></trkpt>
    <trkpt lat="28.19806" lon="85.62349"><ele>3938</ele><time>2022-10-29T06:02:02Z</time></trkpt>
    <trkpt lat="28.19810" lon="85.62363"><ele>3931</ele><time>2022-10-29T06:02:20Z</time></trkpt>
    <trkpt lat="28.19814" lon="85.62378"><ele>3925</ele><time>2022-10-29T06:02:38Z</time></trkpt>
    <trkpt lat="28.19815" lon="85.62396"><ele>3930</ele><time>2022-10-29T06:02:57Z</time></trkpt>
    <trkpt lat="28.19821" lon="85.62409"><ele>3928</ele><time>2022-10-29T06:03:16Z</time></trkpt>
    <trkpt lat="28.19824" lon="85.62427"><ele>3927</ele><time>2022-10-29T06:03:35Z</time></trkpt>
    <trkpt lat="28.19827" lon="85.62445"><ele>3931</ele><time>2022-10-29T06:03:54Z</time></trkpt>
    <trkpt lat="28.19820" lon="85.62453"><ele>3934</ele><time>2022-10-29T06:04:12Z</time></trkpt>
    <trkpt lat="28.19809" lon="85.62463"><ele>3935</ele><time>2022-10-29T06:04:30Z</time></trkpt>
    <trkpt lat="28.19812" lon="85.62480"><ele>3937</ele><time>2022-10-29T06:04:48Z</time></trkpt>
    <trkpt lat="28.19798" lon="85.62490"><ele>3941</ele><time>2022-10-29T06:31:04Z</time></trkpt>
    <trkpt lat="28.19791" lon="85.62499"><ele>3944</ele><time>2022-10-29T06:31:23Z</time></trkpt>
    <trkpt lat="28.19785" lon="85.62524"><ele>3941</ele><time>2022-10-29T06:32:03Z</time></trkpt>
    <trkpt lat="28.19782" lon="85.62547"><ele>3943</ele><time>2022-10-29T06:32:22Z</time></trkpt>
    <trkpt lat="28.19773" lon="85.62563"><ele>3946</ele><time>2022-10-29T06:32:41Z</time></trkpt>
    <trkpt lat="28.19769" lon="85.62581"><ele>3942</ele><time>2022-10-29T06:33:00Z</time></trkpt>
    <trkpt lat="28.19769" lon="85.62602"><ele>3940</ele><time>2022-10-29T06:33:19Z</time></trkpt>
    <trkpt lat="28.19768" lon="85.62621"><ele>3939</ele><time>2022-10-29T06:33:37Z</time></trkpt>
    <trkpt lat="28.19772" lon="85.62640"><ele>3937</ele><time>2022-10-29T06:33:56Z</time></trkpt>
    <trkpt lat="28.19771" lon="85.62658"><ele>3937</ele><time>2022-10-29T06:34:14Z</time></trkpt>
    <trkpt lat="28.19771" lon="85.62677"><ele>3940</ele><time>2022-10-29T06:34:33Z</time></trkpt>
    <trkpt lat="28.19774" lon="85.62695"><ele>3943</ele><time>2022-10-29T06:34:51Z</time></trkpt>
    <trkpt lat="28.19776" lon="85.62706"><ele>3941</ele><time>2022-10-29T06:35:09Z</time></trkpt>
    <trkpt lat="28.19780" lon="85.62725"><ele>3939</ele><time>2022-10-29T06:35:28Z</time></trkpt>
    <trkpt lat="28.19783" lon="85.62743"><ele>3940</ele><time>2022-10-29T06:35:47Z</time></trkpt>
    <trkpt lat="28.19785" lon="85.62758"><ele>3942</ele><time>2022-10-29T06:36:06Z</time></trkpt>
    <trkpt lat="28.19787" lon="85.62768"><ele>3945</ele><time>2022-10-29T06:36:24Z</time></trkpt>
    <trkpt lat="28.19796" lon="85.62785"><ele>3938</ele><time>2022-10-29T06:37:15Z</time></trkpt>
    <trkpt lat="28.19805" lon="85.62796"><ele>3939</ele><time>2022-10-29T06:37:33Z</time></trkpt>
    <trkpt lat="28.19808" lon="85.62807"><ele>3940</ele><time>2022-10-29T06:37:52Z</time></trkpt>
    <trkpt lat="28.19815" lon="85.62819"><ele>3939</ele><time>2022-10-29T06:38:11Z</time></trkpt>
    <trkpt lat="28.19822" lon="85.62834"><ele>3939</ele><time>2022-10-29T06:38:29Z</time></trkpt>
    <trkpt lat="28.19827" lon="85.62853"><ele>3944</ele><time>2022-10-29T06:38:48Z</time></trkpt>
    <trkpt lat="28.19828" lon="85.62870"><ele>3945</ele><time>2022-10-29T06:39:06Z</time></trkpt>
    <trkpt lat="28.19833" lon="85.62888"><ele>3948</ele><time>2022-10-29T06:39:25Z</time></trkpt>
    <trkpt lat="28.19837" lon="85.62906"><ele>3951</ele><time>2022-10-29T06:39:43Z</time></trkpt>
    <trkpt lat="28.19847" lon="85.62921"><ele>3949</ele><time>2022-10-29T06:40:02Z</time></trkpt>
    <trkpt lat="28.19854" lon="85.62932"><ele>3950</ele><time>2022-10-29T06:40:20Z</time></trkpt>
    <trkpt lat="28.19860" lon="85.62942"><ele>3952</ele><time>2022-10-29T06:40:39Z</time></trkpt>
    <trkpt lat="28.19868" lon="85.62953"><ele>3951</ele><time>2022-10-29T06:40:57Z</time></trkpt>
    <trkpt lat="28.19873" lon="85.62964"><ele>3955</ele><time>2022-10-29T06:41:16Z</time></trkpt>
    <trkpt lat="28.19875" lon="85.62976"><ele>3959</ele><time>2022-10-29T06:41:34Z</time></trkpt>
    <trkpt lat="28.19876" lon="85.62990"><ele>3960</ele><time>2022-10-29T06:41:52Z</time></trkpt>
    <trkpt lat="28.19883" lon="85.63006"><ele>3958</ele><time>2022-10-29T06:42:11Z</time></trkpt>
    <trkpt lat="28.19886" lon="85.63019"><ele>3955</ele><time>2022-10-29T06:42:29Z</time></trkpt>
    <trkpt lat="28.19891" lon="85.63035"><ele>3953</ele><time>2022-10-29T06:42:47Z</time></trkpt>
    <trkpt lat="28.19899" lon="85.63046"><ele>3954</ele><time>2022-10-29T06:43:05Z</time></trkpt>
    <trkpt lat="28.19905" lon="85.63060"><ele>3956</ele><time>2022-10-29T06:43:24Z</time></trkpt>
    <trkpt lat="28.19912" lon="85.63071"><ele>3957</ele><time>2022-10-29T06:43:42Z</time></trkpt>
    <trkpt lat="28.19916" lon="85.63083"><ele>3963</ele><time>2022-10-29T06:44:01Z</time></trkpt>
    <trkpt lat="28.19917" lon="85.63100"><ele>3959</ele><time>2022-10-29T06:44:19Z</time></trkpt>
    <trkpt lat="28.19921" lon="85.63129"><ele>3959</ele><time>2022-10-29T06:45:39Z</time></trkpt>
    <trkpt lat="28.19930" lon="85.63146"><ele>3956</ele><time>2022-10-29T06:45:57Z</time></trkpt>
    <trkpt lat="28.19935" lon="85.63158"><ele>3959</ele><time>2022-10-29T06:46:15Z</time></trkpt>
    <trkpt lat="28.19938" lon="85.63168"><ele>3952</ele><time>2022-10-29T06:46:34Z</time></trkpt>
    <trkpt lat="28.19944" lon="85.63179"><ele>3949</ele><time>2022-10-29T06:46:53Z</time></trkpt>
    <trkpt lat="28.19954" lon="85.63192"><ele>3946</ele><time>2022-10-29T06:47:11Z</time></trkpt>
    <trkpt lat="28.19964" lon="85.63207"><ele>3949</ele><time>2022-10-29T06:47:57Z</time></trkpt>
    <trkpt lat="28.19968" lon="85.63217"><ele>3951</ele><time>2022-10-29T06:48:16Z</time></trkpt>
    <trkpt lat="28.19979" lon="85.63238"><ele>3959</ele><time>2022-10-29T06:49:15Z</time></trkpt>
    <trkpt lat="28.19988" lon="85.63251"><ele>3955</ele><time>2022-10-29T06:49:34Z</time></trkpt>
    <trkpt lat="28.19997" lon="85.63254"><ele>3960</ele><time>2022-10-29T06:49:52Z</time></trkpt>
    <trkpt lat="28.20004" lon="85.63269"><ele>3955</ele><time>2022-10-29T06:50:10Z</time></trkpt>
    <trkpt lat="28.20013" lon="85.63280"><ele>3950</ele><time>2022-10-29T06:50:29Z</time></trkpt>
    <trkpt lat="28.20018" lon="85.63295"><ele>3949</ele><time>2022-10-29T06:50:48Z</time></trkpt>
    <trkpt lat="28.20024" lon="85.63302"><ele>3946</ele><time>2022-10-29T06:51:07Z</time></trkpt>
    <trkpt lat="28.20026" lon="85.63319"><ele>3950</ele><time>2022-10-29T06:51:26Z</time></trkpt>
    <trkpt lat="28.20031" lon="85.63333"><ele>3954</ele><time>2022-10-29T06:51:44Z</time></trkpt>
    <trkpt lat="28.20033" lon="85.63349"><ele>3954</ele><time>2022-10-29T06:52:02Z</time></trkpt>
    <trkpt lat="28.20035" lon="85.63362"><ele>3953</ele><time>2022-10-29T06:52:21Z</time></trkpt>
    <trkpt lat="28.20036" lon="85.63378"><ele>3953</ele><time>2022-10-29T06:52:39Z</time></trkpt>
    <trkpt lat="28.20031" lon="85.63391"><ele>3957</ele><time>2022-10-29T06:52:57Z</time></trkpt>
    <trkpt lat="28.20029" lon="85.63408"><ele>3956</ele><time>2022-10-29T06:53:15Z</time></trkpt>
    <trkpt lat="28.20025" lon="85.63437"><ele>3956</ele><time>2022-10-29T06:53:53Z</time></trkpt>
    <trkpt lat="28.20028" lon="85.63455"><ele>3951</ele><time>2022-10-29T06:54:11Z</time></trkpt>
    <trkpt lat="28.20028" lon="85.63475"><ele>3944</ele><time>2022-10-29T06:54:30Z</time></trkpt>
    <trkpt lat="28.20026" lon="85.63495"><ele>3942</ele><time>2022-10-29T06:54:48Z</time></trkpt>
    <trkpt lat="28.20026" lon="85.63514"><ele>3938</ele><time>2022-10-29T06:55:06Z</time></trkpt>
    <trkpt lat="28.20027" lon="85.63531"><ele>3938</ele><time>2022-10-29T06:55:25Z</time></trkpt>
    <trkpt lat="28.20029" lon="85.63546"><ele>3943</ele><time>2022-10-29T06:55:44Z</time></trkpt>
    <trkpt lat="28.20034" lon="85.63556"><ele>3945</ele><time>2022-10-29T06:56:02Z</time></trkpt>
    <trkpt lat="28.20036" lon="85.63569"><ele>3944</ele><time>2022-10-29T06:56:21Z</time></trkpt>
    <trkpt lat="28.20043" lon="85.63587"><ele>3950</ele><time>2022-10-29T06:56:40Z</time></trkpt>
    <trkpt lat="28.20049" lon="85.63611"><ele>3953</ele><time>2022-10-29T06:57:43Z</time></trkpt>
    <trkpt lat="28.20048" lon="85.63626"><ele>3955</ele><time>2022-10-29T06:58:01Z</time></trkpt>
    <trkpt lat="28.20041" lon="85.63639"><ele>3942</ele><time>2022-10-29T07:03:13Z</time></trkpt>
    <trkpt lat="28.20053" lon="85.63639"><ele>3955</ele><time>2022-10-29T07:07:11Z</time></trkpt>
    <trkpt lat="28.20056" lon="85.63651"><ele>3959</ele><time>2022-10-29T07:07:29Z</time></trkpt>
    <trkpt lat="28.20059" lon="85.63665"><ele>3963</ele><time>2022-10-29T07:07:47Z</time></trkpt>
    <trkpt lat="28.20059" lon="85.63686"><ele>3964</ele><time>2022-10-29T07:08:25Z</time></trkpt>
    <trkpt lat="28.20063" lon="85.63696"><ele>3960</ele><time>2022-10-29T07:08:44Z</time></trkpt>
    <trkpt lat="28.20063" lon="85.63716"><ele>3968</ele><time>2022-10-29T07:09:27Z</time></trkpt>
    <trkpt lat="28.20063" lon="85.63732"><ele>3970</ele><time>2022-10-29T07:10:34Z</time></trkpt>
    <trkpt lat="28.20070" lon="85.63745"><ele>3968</ele><time>2022-10-29T07:10:53Z</time></trkpt>
    <trkpt lat="28.20079" lon="85.63758"><ele>3965</ele><time>2022-10-29T07:11:12Z</time></trkpt>
    <trkpt lat="28.20086" lon="85.63768"><ele>3970</ele><time>2022-10-29T07:11:30Z</time></trkpt>
    <trkpt lat="28.20092" lon="85.63786"><ele>3968</ele><time>2022-10-29T07:12:26Z</time></trkpt>
    <trkpt lat="28.20096" lon="85.63798"><ele>3968</ele><time>2022-10-29T07:12:44Z</time></trkpt>
    <trkpt lat="28.20101" lon="85.63811"><ele>3973</ele><time>2022-10-29T07:13:02Z</time></trkpt>
    <trkpt lat="28.20111" lon="85.63826"><ele>3971</ele><time>2022-10-29T07:13:21Z</time></trkpt>
    <trkpt lat="28.20117" lon="85.63840"><ele>3972</ele><time>2022-10-29T07:13:39Z</time></trkpt>
    <trkpt lat="28.20122" lon="85.63856"><ele>3972</ele><time>2022-10-29T07:13:58Z</time></trkpt>
    <trkpt lat="28.20131" lon="85.63872"><ele>3969</ele><time>2022-10-29T07:14:16Z</time></trkpt>
    <trkpt lat="28.20140" lon="85.63887"><ele>3972</ele><time>2022-10-29T07:14:35Z</time></trkpt>
    <trkpt lat="28.20133" lon="85.63902"><ele>3977</ele><time>2022-10-29T07:15:51Z</time></trkpt>
    <trkpt lat="28.20137" lon="85.63914"><ele>3978</ele><time>2022-10-29T07:16:10Z</time></trkpt>
    <trkpt lat="28.20150" lon="85.63922"><ele>3972</ele><time>2022-10-29T07:16:29Z</time></trkpt>
    <trkpt lat="28.20155" lon="85.63931"><ele>3976</ele><time>2022-10-29T07:16:48Z</time></trkpt>
    <trkpt lat="28.20162" lon="85.63941"><ele>3979</ele><time>2022-10-29T07:17:06Z</time></trkpt>
    <trkpt lat="28.20168" lon="85.63954"><ele>3981</ele><time>2022-10-29T07:17:24Z</time></trkpt>
    <trkpt lat="28.20170" lon="85.63966"><ele>3978</ele><time>2022-10-29T07:17:42Z</time></trkpt>
    <trkpt lat="28.20177" lon="85.63987"><ele>3986</ele><time>2022-10-29T07:19:07Z</time></trkpt>
    <trkpt lat="28.20172" lon="85.64000"><ele>3996</ele><time>2022-10-29T07:19:26Z</time></trkpt>
    <trkpt lat="28.20176" lon="85.64019"><ele>3989</ele><time>2022-10-29T07:20:09Z</time></trkpt>
    <trkpt lat="28.20174" lon="85.64037"><ele>3992</ele><time>2022-10-29T07:21:11Z</time></trkpt>
    <trkpt lat="28.20177" lon="85.64054"><ele>3992</ele><time>2022-10-29T07:21:30Z</time></trkpt>
    <trkpt lat="28.20175" lon="85.64075"><ele>3993</ele><time>2022-10-29T07:21:48Z</time></trkpt>
    <trkpt lat="28.20176" lon="85.64094"><ele>3993</ele><time>2022-10-29T07:22:06Z</time></trkpt>
    <trkpt lat="28.20184" lon="85.64121"><ele>3985</ele><time>2022-10-29T07:22:43Z</time></trkpt>
    <trkpt lat="28.20193" lon="85.64139"><ele>3980</ele><time>2022-10-29T07:23:02Z</time></trkpt>
    <trkpt lat="28.20199" lon="85.64154"><ele>3990</ele><time>2022-10-29T07:23:20Z</time></trkpt>
    <trkpt lat="28.20204" lon="85.64178"><ele>3994</ele><time>2022-10-29T07:23:39Z</time></trkpt>
    <trkpt lat="28.20207" lon="85.64195"><ele>3999</ele><time>2022-10-29T07:23:57Z</time></trkpt>
    <trkpt lat="28.20209" lon="85.64211"><ele>4002</ele><time>2022-10-29T07:24:16Z</time></trkpt>
    <trkpt lat="28.20214" lon="85.64228"><ele>4003</ele><time>2022-10-29T07:24:34Z</time></trkpt>
    <trkpt lat="28.20215" lon="85.64246"><ele>4005</ele><time>2022-10-29T07:24:52Z</time></trkpt>
    <trkpt lat="28.20222" lon="85.64262"><ele>4004</ele><time>2022-10-29T07:25:11Z</time></trkpt>
    <trkpt lat="28.20234" lon="85.64272"><ele>4000</ele><time>2022-10-29T07:25:29Z</time></trkpt>
    <trkpt lat="28.20245" lon="85.64287"><ele>3999</ele><time>2022-10-29T07:25:47Z</time></trkpt>
    <trkpt lat="28.20253" lon="85.64302"><ele>3994</ele><time>2022-10-29T07:26:06Z</time></trkpt>
    <trkpt lat="28.20263" lon="85.64320"><ele>3997</ele><time>2022-10-29T07:26:25Z</time></trkpt>
    <trkpt lat="28.20275" lon="85.64331"><ele>3995</ele><time>2022-10-29T07:26:43Z</time></trkpt>
    <trkpt lat="28.20282" lon="85.64347"><ele>3999</ele><time>2022-10-29T07:27:01Z</time></trkpt>
    <trkpt lat="28.20285" lon="85.64364"><ele>3999</ele><time>2022-10-29T07:27:19Z</time></trkpt>
    <trkpt lat="28.20289" lon="85.64382"><ele>4003</ele><time>2022-10-29T07:27:38Z</time></trkpt>
    <trkpt lat="28.20295" lon="85.64396"><ele>4000</ele><time>2022-10-29T07:27:57Z</time></trkpt>
    <trkpt lat="28.20298" lon="85.64414"><ele>4003</ele><time>2022-10-29T07:28:15Z</time></trkpt>
    <trkpt lat="28.20306" lon="85.64432"><ele>4005</ele><time>2022-10-29T07:28:33Z</time></trkpt>
    <trkpt lat="28.20315" lon="85.64440"><ele>4005</ele><time>2022-10-29T07:28:51Z</time></trkpt>
    <trkpt lat="28.20320" lon="85.64451"><ele>4013</ele><time>2022-10-29T07:29:10Z</time></trkpt>
    <trkpt lat="28.20326" lon="85.64481"><ele>4009</ele><time>2022-10-29T07:29:48Z</time></trkpt>
    <trkpt lat="28.20328" lon="85.64501"><ele>4011</ele><time>2022-10-29T07:30:07Z</time></trkpt>
    <trkpt lat="28.20335" lon="85.64518"><ele>4011</ele><time>2022-10-29T07:30:26Z</time></trkpt>
    <trkpt lat="28.20343" lon="85.64537"><ele>4011</ele><time>2022-10-29T07:30:45Z</time></trkpt>
    <trkpt lat="28.20350" lon="85.64554"><ele>4014</ele><time>2022-10-29T07:31:03Z</time></trkpt>
    <trkpt lat="28.20356" lon="85.64575"><ele>4012</ele><time>2022-10-29T07:31:22Z</time></trkpt>
    <trkpt lat="28.20368" lon="85.64588"><ele>4012</ele><time>2022-10-29T07:31:41Z</time></trkpt>
    <trkpt lat="28.20382" lon="85.64598"><ele>4006</ele><time>2022-10-29T07:32:00Z</time></trkpt>
    <trkpt lat="28.20394" lon="85.64607"><ele>4008</ele><time>2022-10-29T07:32:18Z</time></trkpt>
    <trkpt lat="28.20400" lon="85.64621"><ele>4005</ele><time>2022-10-29T07:32:37Z</time></trkpt>
    <trkpt lat="28.20401" lon="85.64634"><ele>4005</ele><time>2022-10-29T07:32:55Z</time></trkpt>
    <trkpt lat="28.20408" lon="85.64650"><ele>4008</ele><time>2022-10-29T07:33:14Z</time></trkpt>
    <trkpt lat="28.20415" lon="85.64664"><ele>4007</ele><time>2022-10-29T07:33:32Z</time></trkpt>
    <trkpt lat="28.20427" lon="85.64679"><ele>4009</ele><time>2022-10-29T07:33:51Z</time></trkpt>
    <trkpt lat="28.20433" lon="85.64690"><ele>4012</ele><time>2022-10-29T07:34:10Z</time></trkpt>
    <trkpt lat="28.20441" lon="85.64701"><ele>4011</ele><time>2022-10-29T07:34:28Z</time></trkpt>
    <trkpt lat="28.20448" lon="85.64717"><ele>4012</ele><time>2022-10-29T07:34:47Z</time></trkpt>
    <trkpt lat="28.20459" lon="85.64732"><ele>4008</ele><time>2022-10-29T07:36:10Z</time></trkpt>
    <trkpt lat="28.20461" lon="85.64743"><ele>4004</ele><time>2022-10-29T07:36:28Z</time></trkpt>
    <trkpt lat="28.20447" lon="85.64722"><ele>3994</ele><time>2022-10-29T07:38:35Z</time></trkpt>
    <trkpt lat="28.20436" lon="85.64750"><ele>3997</ele><time>2022-10-29T07:39:18Z</time></trkpt>
    <trkpt lat="28.20431" lon="85.64772"><ele>4003</ele><time>2022-10-29T07:39:37Z</time></trkpt>
    <trkpt lat="28.20431" lon="85.64789"><ele>4006</ele><time>2022-10-29T07:39:55Z</time></trkpt>
    <trkpt lat="28.20433" lon="85.64808"><ele>4011</ele><time>2022-10-29T07:40:13Z</time></trkpt>
    <trkpt lat="28.20432" lon="85.64824"><ele>4014</ele><time>2022-10-29T07:40:32Z</time></trkpt>
    <trkpt lat="28.20428" lon="85.64843"><ele>4004</ele><time>2022-10-29T07:41:46Z</time></trkpt>
    <trkpt lat="28.20421" lon="85.64856"><ele>4007</ele><time>2022-10-29T07:42:04Z</time></trkpt>
    <trkpt lat="28.20428" lon="85.64869"><ele>4004</ele><time>2022-10-29T07:42:22Z</time></trkpt>
    <trkpt lat="28.20434" lon="85.64890"><ele>4003</ele><time>2022-10-29T07:43:25Z</time></trkpt>
    <trkpt lat="28.20436" lon="85.64900"><ele>4003</ele><time>2022-10-29T07:44:29Z</time></trkpt>
    <trkpt lat="28.20432" lon="85.64917"><ele>4012</ele><time>2022-10-29T07:44:47Z</time></trkpt>
    <trkpt lat="28.20443" lon="85.64929"><ele>4001</ele><time>2022-10-29T07:45:06Z</time></trkpt>
    <trkpt lat="28.20450" lon="85.64936"><ele>4002</ele><time>2022-10-29T07:45:25Z</time></trkpt>
    <trkpt lat="28.20460" lon="85.64948"><ele>4000</ele><time>2022-10-29T07:45:44Z</time></trkpt>
    <trkpt lat="28.20472" lon="85.64959"><ele>3996</ele><time>2022-10-29T07:46:03Z</time></trkpt>
    <trkpt lat="28.20483" lon="85.64969"><ele>3995</ele><time>2022-10-29T07:46:22Z</time></trkpt>
    <trkpt lat="28.20489" lon="85.64981"><ele>3992</ele><time>2022-10-29T07:46:40Z</time></trkpt>
    <trkpt lat="28.20500" lon="85.64992"><ele>3993</ele><time>2022-10-29T07:46:59Z</time></trkpt>
    <trkpt lat="28.20509" lon="85.65000"><ele>3993</ele><time>2022-10-29T07:47:18Z</time></trkpt>
    <trkpt lat="28.20523" lon="85.65011"><ele>3991</ele><time>2022-10-29T07:47:37Z</time></trkpt>
    <trkpt lat="28.20533" lon="85.65018"><ele>3994</ele><time>2022-10-29T07:47:55Z</time></trkpt>
    <trkpt lat="28.20526" lon="85.65041"><ele>3998</ele><time>2022-10-29T07:50:45Z</time></trkpt>
    <trkpt lat="28.20525" lon="85.65059"><ele>4004</ele><time>2022-10-29T07:51:04Z</time></trkpt>
    <trkpt lat="28.20531" lon="85.65076"><ele>4010</ele><time>2022-10-29T07:51:23Z</time></trkpt>
    <trkpt lat="28.20526" lon="85.65092"><ele>4011</ele><time>2022-10-29T07:51:42Z</time></trkpt>
    <trkpt lat="28.20529" lon="85.65106"><ele>4016</ele><time>2022-10-29T07:52:01Z</time></trkpt>
    <trkpt lat="28.20527" lon="85.65126"><ele>4016</ele><time>2022-10-29T07:52:20Z</time></trkpt>
    <trkpt lat="28.20520" lon="85.65144"><ele>4018</ele><time>2022-10-29T07:52:59Z</time></trkpt>
    <trkpt lat="28.20508" lon="85.65159"><ele>4021</ele><time>2022-10-29T07:54:02Z</time></trkpt>
    <trkpt lat="28.20507" lon="85.65170"><ele>4019</ele><time>2022-10-29T07:54:21Z</time></trkpt>
    <trkpt lat="28.20509" lon="85.65187"><ele>4024</ele><time>2022-10-29T07:54:40Z</time></trkpt>
    <trkpt lat="28.20507" lon="85.65202"><ele>4032</ele><time>2022-10-29T07:54:59Z</time></trkpt>
    <trkpt lat="28.20507" lon="85.65220"><ele>4019</ele><time>2022-10-29T07:56:32Z</time></trkpt>
    <trkpt lat="28.20504" lon="85.65242"><ele>4018</ele><time>2022-10-29T07:57:10Z</time></trkpt>
    <trkpt lat="28.20491" lon="85.65255"><ele>4022</ele><time>2022-10-29T07:57:29Z</time></trkpt>
    <trkpt lat="28.20478" lon="85.65276"><ele>4017</ele><time>2022-10-29T07:58:10Z</time></trkpt>
    <trkpt lat="28.20475" lon="85.65292"><ele>4019</ele><time>2022-10-29T07:58:29Z</time></trkpt>
    <trkpt lat="28.20468" lon="85.65308"><ele>4025</ele><time>2022-10-29T07:58:47Z</time></trkpt>
    <trkpt lat="28.20456" lon="85.65321"><ele>4026</ele><time>2022-10-29T07:59:05Z</time></trkpt>
    <trkpt lat="28.20444" lon="85.65334"><ele>4012</ele><time>2022-10-29T07:59:24Z</time></trkpt>
    <trkpt lat="28.20439" lon="85.65350"><ele>4013</ele><time>2022-10-29T07:59:42Z</time></trkpt>
    <trkpt lat="28.20434" lon="85.65369"><ele>3999</ele><time>2022-10-29T08:00:01Z</time></trkpt>
    <trkpt lat="28.20419" lon="85.65381"><ele>3985</ele><time>2022-10-29T08:00:20Z</time></trkpt>
    <trkpt lat="28.20407" lon="85.65389"><ele>3986</ele><time>2022-10-29T08:00:39Z</time></trkpt>
    <trkpt lat="28.20395" lon="85.65396"><ele>3992</ele><time>2022-10-29T08:00:58Z</time></trkpt>
    <trkpt lat="28.20382" lon="85.65410"><ele>3989</ele><time>2022-10-29T08:01:16Z</time></trkpt>
    <trkpt lat="28.20370" lon="85.65422"><ele>3990</ele><time>2022-10-29T08:01:34Z</time></trkpt>
    <trkpt lat="28.20356" lon="85.65433"><ele>3990</ele><time>2022-10-29T08:01:53Z</time></trkpt>
    <trkpt lat="28.20351" lon="85.65446"><ele>3990</ele><time>2022-10-29T08:02:12Z</time></trkpt>
    <trkpt lat="28.20344" lon="85.65463"><ele>3985</ele><time>2022-10-29T08:03:04Z</time></trkpt>
    <trkpt lat="28.20342" lon="85.65484"><ele>3995</ele><time>2022-10-29T08:03:41Z</time></trkpt>
    <trkpt lat="28.20351" lon="85.65496"><ele>3997</ele><time>2022-10-29T08:04:00Z</time></trkpt>
    <trkpt lat="28.20345" lon="85.65510"><ele>4000</ele><time>2022-10-29T08:04:18Z</time></trkpt>
    <trkpt lat="28.20348" lon="85.65522"><ele>4003</ele><time>2022-10-29T08:04:36Z</time></trkpt>
    <trkpt lat="28.20336" lon="85.65543"><ele>3997</ele><time>2022-10-29T08:05:39Z</time></trkpt>
    <trkpt lat="28.20328" lon="85.65554"><ele>3994</ele><time>2022-10-29T08:05:57Z</time></trkpt>
    <trkpt lat="28.20323" lon="85.65568"><ele>3996</ele><time>2022-10-29T08:06:15Z</time></trkpt>
    <trkpt lat="28.20319" lon="85.65582"><ele>4007</ele><time>2022-10-29T08:06:34Z</time></trkpt>
    <trkpt lat="28.20315" lon="85.65595"><ele>4005</ele><time>2022-10-29T08:06:53Z</time></trkpt>
    <trkpt lat="28.20314" lon="85.65609"><ele>4013</ele><time>2022-10-29T08:07:12Z</time></trkpt>
    <trkpt lat="28.20303" lon="85.65621"><ele>4009</ele><time>2022-10-29T08:07:30Z</time></trkpt>
    <trkpt lat="28.20295" lon="85.65639"><ele>3997</ele><time>2022-10-29T08:07:49Z</time></trkpt>
    <trkpt lat="28.20285" lon="85.65648"><ele>3999</ele><time>2022-10-29T08:08:07Z</time></trkpt>
    <trkpt lat="28.20280" lon="85.65661"><ele>4006</ele><time>2022-10-29T08:09:44Z</time></trkpt>
    <trkpt lat="28.20278" lon="85.65684"><ele>4013</ele><time>2022-10-29T08:10:26Z</time></trkpt>
    <trkpt lat="28.20285" lon="85.65696"><ele>4017</ele><time>2022-10-29T08:10:44Z</time></trkpt>
    <trkpt lat="28.20292" lon="85.65709"><ele>4017</ele><time>2022-10-29T08:11:02Z</time></trkpt>
    <trkpt lat="28.20299" lon="85.65721"><ele>4023</ele><time>2022-10-29T08:11:21Z</time></trkpt>
    <trkpt lat="28.20300" lon="85.65734"><ele>4021</ele><time>2022-10-29T08:11:39Z</time></trkpt>
    <trkpt lat="28.20293" lon="85.65760"><ele>4021</ele><time>2022-10-29T08:12:19Z</time></trkpt>
    <trkpt lat="28.20295" lon="85.65772"><ele>4019</ele><time>2022-10-29T08:12:37Z</time></trkpt>
    <trkpt lat="28.20295" lon="85.65785"><ele>4021</ele><time>2022-10-29T08:12:56Z</time></trkpt>
    <trkpt lat="28.20294" lon="85.65798"><ele>4020</ele><time>2022-10-29T08:13:14Z</time></trkpt>
    <trkpt lat="28.20302" lon="85.65811"><ele>4020</ele><time>2022-10-29T08:13:32Z</time></trkpt>
    <trkpt lat="28.20309" lon="85.65824"><ele>4016</ele><time>2022-10-29T08:13:51Z</time></trkpt>
    <trkpt lat="28.20311" lon="85.65837"><ele>4020</ele><time>2022-10-29T08:14:09Z</time></trkpt>
    <trkpt lat="28.20315" lon="85.65861"><ele>4033</ele><time>2022-10-29T08:14:46Z</time></trkpt>
    <trkpt lat="28.20315" lon="85.65874"><ele>4036</ele><time>2022-10-29T08:15:05Z</time></trkpt>
    <trkpt lat="28.20315" lon="85.65891"><ele>4035</ele><time>2022-10-29T08:15:45Z</time></trkpt>
    <trkpt lat="28.20318" lon="85.65909"><ele>4040</ele><time>2022-10-29T08:24:40Z</time></trkpt>
    <trkpt lat="28.20323" lon="85.65927"><ele>4041</ele><time>2022-10-29T08:25:22Z</time></trkpt>
    <trkpt lat="28.20332" lon="85.65943"><ele>4039</ele><time>2022-10-29T08:26:04Z</time></trkpt>
    <trkpt lat="28.20334" lon="85.65953"><ele>4043</ele><time>2022-10-29T08:26:22Z</time></trkpt>
    <trkpt lat="28.20340" lon="85.65971"><ele>4054</ele><time>2022-10-29T08:26:59Z</time></trkpt>
    <trkpt lat="28.20339" lon="85.65983"><ele>4055</ele><time>2022-10-29T08:27:18Z</time></trkpt>
    <trkpt lat="28.20351" lon="85.65996"><ele>4057</ele><time>2022-10-29T08:27:55Z</time></trkpt>
    <trkpt lat="28.20348" lon="85.66021"><ele>4054</ele><time>2022-10-29T08:28:37Z</time></trkpt>
    <trkpt lat="28.20351" lon="85.66031"><ele>4056</ele><time>2022-10-29T08:28:55Z</time></trkpt>
    <trkpt lat="28.20361" lon="85.66047"><ele>4054</ele><time>2022-10-29T08:29:34Z</time></trkpt>
    <trkpt lat="28.20361" lon="85.66061"><ele>4054</ele><time>2022-10-29T08:29:53Z</time></trkpt>
    <trkpt lat="28.20368" lon="85.66078"><ele>4051</ele><time>2022-10-29T08:30:34Z</time></trkpt>
    <trkpt lat="28.20371" lon="85.66101"><ele>4059</ele><time>2022-10-29T08:31:11Z</time></trkpt>
    <trkpt lat="28.20373" lon="85.66120"><ele>4058</ele><time>2022-10-29T08:32:07Z</time></trkpt>
    <trkpt lat="28.20371" lon="85.66139"><ele>4061</ele><time>2022-10-29T08:32:45Z</time></trkpt>
    <trkpt lat="28.20378" lon="85.66157"><ele>4072</ele><time>2022-10-29T08:33:39Z</time></trkpt>
    <trkpt lat="28.20383" lon="85.66178"><ele>4070</ele><time>2022-10-29T08:34:20Z</time></trkpt>
    <trkpt lat="28.20391" lon="85.66195"><ele>4073</ele><time>2022-10-29T08:34:58Z</time></trkpt>
    <trkpt lat="28.20407" lon="85.66201"><ele>4077</ele><time>2022-10-29T08:36:21Z</time></trkpt>
    <trkpt lat="28.20414" lon="85.66217"><ele>4087</ele><time>2022-10-29T08:37:42Z</time></trkpt>
    <trkpt lat="28.20422" lon="85.66230"><ele>4093</ele><time>2022-10-29T08:39:22Z</time></trkpt>
    <trkpt lat="28.20432" lon="85.66244"><ele>4106</ele><time>2022-10-29T08:41:02Z</time></trkpt>
    <trkpt lat="28.20428" lon="85.66262"><ele>4107</ele><time>2022-10-29T08:41:57Z</time></trkpt>
    <trkpt lat="28.20424" lon="85.66281"><ele>4111</ele><time>2022-10-29T08:42:34Z</time></trkpt>
    <trkpt lat="28.20421" lon="85.66290"><ele>4112</ele><time>2022-10-29T08:42:53Z</time></trkpt>
    <trkpt lat="28.20429" lon="85.66308"><ele>4126</ele><time>2022-10-29T08:43:31Z</time></trkpt>
    <trkpt lat="28.20431" lon="85.66327"><ele>4133</ele><time>2022-10-29T08:44:20Z</time></trkpt>
    <trkpt lat="28.20442" lon="85.66341"><ele>4128</ele><time>2022-10-29T08:45:13Z</time></trkpt>
    <trkpt lat="28.20443" lon="85.66357"><ele>4132</ele><time>2022-10-29T08:45:31Z</time></trkpt>
    <trkpt lat="28.20449" lon="85.66374"><ele>4139</ele><time>2022-10-29T08:46:14Z</time></trkpt>
    <trkpt lat="28.20455" lon="85.66384"><ele>4140</ele><time>2022-10-29T08:46:32Z</time></trkpt>
    <trkpt lat="28.20464" lon="85.66395"><ele>4141</ele><time>2022-10-29T08:46:50Z</time></trkpt>
    <trkpt lat="28.20473" lon="85.66405"><ele>4144</ele><time>2022-10-29T08:47:08Z</time></trkpt>
    <trkpt lat="28.20478" lon="85.66425"><ele>4145</ele><time>2022-10-29T08:47:27Z</time></trkpt>
    <trkpt lat="28.20482" lon="85.66439"><ele>4145</ele><time>2022-10-29T08:47:45Z</time></trkpt>
    <trkpt lat="28.20489" lon="85.66452"><ele>4147</ele><time>2022-10-29T08:48:03Z</time></trkpt>
    <trkpt lat="28.20499" lon="85.66463"><ele>4152</ele><time>2022-10-29T08:48:22Z</time></trkpt>
    <trkpt lat="28.20515" lon="85.66463"><ele>4154</ele><time>2022-10-29T08:48:41Z</time></trkpt>
    <trkpt lat="28.20536" lon="85.66446"><ele>4128</ele><time>2022-10-29T08:49:00Z</time></trkpt>
    <trkpt lat="28.20547" lon="85.66468"><ele>4128</ele><time>2022-10-29T08:49:41Z</time></trkpt>
    <trkpt lat="28.20549" lon="85.66480"><ele>4130</ele><time>2022-10-29T08:49:59Z</time></trkpt>
    <trkpt lat="28.20557" lon="85.66497"><ele>4134</ele><time>2022-10-29T08:50:47Z</time></trkpt>
    <trkpt lat="28.20570" lon="85.66505"><ele>4132</ele><time>2022-10-29T08:51:06Z</time></trkpt>
    <trkpt lat="28.20582" lon="85.66492"><ele>4129</ele><time>2022-10-29T08:53:24Z</time></trkpt>
    <trkpt lat="28.20598" lon="85.66498"><ele>4118</ele><time>2022-10-29T08:54:32Z</time></trkpt>
    <trkpt lat="28.20612" lon="85.66513"><ele>4121</ele><time>2022-10-29T08:55:51Z</time></trkpt>
    <trkpt lat="28.20622" lon="85.66529"><ele>4115</ele><time>2022-10-29T08:56:09Z</time></trkpt>
    <trkpt lat="28.20640" lon="85.66530"><ele>4098</ele><time>2022-10-29T08:56:27Z</time></trkpt>
    <trkpt lat="28.20658" lon="85.66526"><ele>4089</ele><time>2022-10-29T08:56:46Z</time></trkpt>
    <trkpt lat="28.20673" lon="85.66536"><ele>4096</ele><time>2022-10-29T08:57:04Z</time></trkpt>
    <trkpt lat="28.20693" lon="85.66542"><ele>4088</ele><time>2022-10-29T08:57:23Z</time></trkpt>
    <trkpt lat="28.20705" lon="85.66548"><ele>4083</ele><time>2022-10-29T08:57:42Z</time></trkpt>
    <trkpt lat="28.20714" lon="85.66557"><ele>4079</ele><time>2022-10-29T08:58:00Z</time></trkpt>
    <trkpt lat="28.20711" lon="85.66578"><ele>4086</ele><time>2022-10-29T08:58:19Z</time></trkpt>
    <trkpt lat="28.20721" lon="85.66587"><ele>4087</ele><time>2022-10-29T08:58:37Z</time></trkpt>
    <trkpt lat="28.20731" lon="85.66594"><ele>4083</ele><time>2022-10-29T08:58:56Z</time></trkpt>
    <trkpt lat="28.20746" lon="85.66611"><ele>4093</ele><time>2022-10-29T08:59:15Z</time></trkpt>
    <trkpt lat="28.20752" lon="85.66624"><ele>4098</ele><time>2022-10-29T08:59:34Z</time></trkpt>
    <trkpt lat="28.20760" lon="85.66631"><ele>4091</ele><time>2022-10-29T08:59:52Z</time></trkpt>
    <trkpt lat="28.20774" lon="85.66636"><ele>4087</ele><time>2022-10-29T09:00:10Z</time></trkpt>
    <trkpt lat="28.20789" lon="85.66637"><ele>4082</ele><time>2022-10-29T09:00:29Z</time></trkpt>
    <trkpt lat="28.20801" lon="85.66644"><ele>4079</ele><time>2022-10-29T09:00:48Z</time></trkpt>
    <trkpt lat="28.20812" lon="85.66641"><ele>4079</ele><time>2022-10-29T09:01:06Z</time></trkpt>
    <trkpt lat="28.20824" lon="85.66651"><ele>4079</ele><time>2022-10-29T09:01:25Z</time></trkpt>
    <trkpt lat="28.20839" lon="85.66662"><ele>4073</ele><time>2022-10-29T09:01:43Z</time></trkpt>
    <trkpt lat="28.20850" lon="85.66676"><ele>4081</ele><time>2022-10-29T09:02:02Z</time></trkpt>
    <trkpt lat="28.20862" lon="85.66688"><ele>4080</ele><time>2022-10-29T09:02:20Z</time></trkpt>
    <trkpt lat="28.20877" lon="85.66697"><ele>4083</ele><time>2022-10-29T09:02:39Z</time></trkpt>
    <trkpt lat="28.20891" lon="85.66710"><ele>4089</ele><time>2022-10-29T09:02:57Z</time></trkpt>
    <trkpt lat="28.20904" lon="85.66719"><ele>4095</ele><time>2022-10-29T09:03:15Z</time></trkpt>
    <trkpt lat="28.20916" lon="85.66733"><ele>4091</ele><time>2022-10-29T09:03:34Z</time></trkpt>
    <trkpt lat="28.20930" lon="85.66742"><ele>4088</ele><time>2022-10-29T09:03:53Z</time></trkpt>
    <trkpt lat="28.20942" lon="85.66748"><ele>4090</ele><time>2022-10-29T09:04:11Z</time></trkpt>
    <trkpt lat="28.20958" lon="85.66756"><ele>4091</ele><time>2022-10-29T09:04:29Z</time></trkpt>
    <trkpt lat="28.20972" lon="85.66763"><ele>4094</ele><time>2022-10-29T09:04:47Z</time></trkpt>
    <trkpt lat="28.20989" lon="85.66773"><ele>4100</ele><time>2022-10-29T09:05:06Z</time></trkpt>
    <trkpt lat="28.21003" lon="85.66776"><ele>4099</ele><time>2022-10-29T09:05:24Z</time></trkpt>
    <trkpt lat="28.21019" lon="85.66785"><ele>4107</ele><time>2022-10-29T09:05:42Z</time></trkpt>
    <trkpt lat="28.21037" lon="85.66787"><ele>4108</ele><time>2022-10-29T09:06:01Z</time></trkpt>
    <trkpt lat="28.21050" lon="85.66790"><ele>4106</ele><time>2022-10-29T09:06:19Z</time></trkpt>
    <trkpt lat="28.21075" lon="85.66803"><ele>4104</ele><time>2022-10-29T09:08:04Z</time></trkpt>
    <trkpt lat="28.21092" lon="85.66807"><ele>4098</ele><time>2022-10-29T09:08:22Z</time></trkpt>
    <trkpt lat="28.21108" lon="85.66813"><ele>4097</ele><time>2022-10-29T09:08:40Z</time></trkpt>
    <trkpt lat="28.21124" lon="85.66819"><ele>4094</ele><time>2022-10-29T09:08:58Z</time></trkpt>
    <trkpt lat="28.21142" lon="85.66823"><ele>4099</ele><time>2022-10-29T09:09:17Z</time></trkpt>
    <trkpt lat="28.21158" lon="85.66824"><ele>4095</ele><time>2022-10-29T09:09:35Z</time></trkpt>
    <trkpt lat="28.21175" lon="85.66830"><ele>4100</ele><time>2022-10-29T09:09:54Z</time></trkpt>
    <trkpt lat="28.21193" lon="85.66838"><ele>4100</ele><time>2022-10-29T09:10:12Z</time></trkpt>
    <trkpt lat="28.21208" lon="85.66851"><ele>4101</ele><time>2022-10-29T09:10:31Z</time></trkpt>
    <trkpt lat="28.21221" lon="85.66858"><ele>4101</ele><time>2022-10-29T09:10:49Z</time></trkpt>
    <trkpt lat="28.21232" lon="85.66869"><ele>4106</ele><time>2022-10-29T09:11:07Z</time></trkpt>
    <trkpt lat="28.21242" lon="85.66884"><ele>4108</ele><time>2022-10-29T09:11:26Z</time></trkpt>
    <trkpt lat="28.21259" lon="85.66890"><ele>4104</ele><time>2022-10-29T09:11:44Z</time></trkpt>
    <trkpt lat="28.21267" lon="85.66895"><ele>4099</ele><time>2022-10-29T09:12:02Z</time></trkpt>
    <trkpt lat="28.21278" lon="85.66919"><ele>4110</ele><time>2022-10-29T09:12:53Z</time></trkpt>
    <trkpt lat="28.21286" lon="85.66933"><ele>4108</ele><time>2022-10-29T09:13:12Z</time></trkpt>
    <trkpt lat="28.21302" lon="85.66952"><ele>4109</ele><time>2022-10-29T09:14:27Z</time></trkpt>
    <trkpt lat="28.21307" lon="85.66967"><ele>4110</ele><time>2022-10-29T09:14:45Z</time></trkpt>
    <trkpt lat="28.21317" lon="85.66977"><ele>4108</ele><time>2022-10-29T09:15:03Z</time></trkpt>
    <trkpt lat="28.21329" lon="85.66989"><ele>4107</ele><time>2022-10-29T09:27:23Z</time></trkpt>
    <trkpt lat="28.21339" lon="85.66977"><ele>4115</ele><time>2022-10-29T09:32:48Z</time></trkpt>
    <trkpt lat="28.21376" lon="85.67070"><ele>4103</ele><time>2022-10-29T11:06:52Z</time></trkpt>
    <trkpt lat="28.21381" lon="85.67094"><ele>4110</ele><time>2022-10-29T11:07:10Z</time></trkpt>
    <trkpt lat="28.21386" lon="85.67117"><ele>4111</ele><time>2022-10-29T11:07:28Z</time></trkpt>
    <trkpt lat="28.21392" lon="85.67145"><ele>4111</ele><time>2022-10-29T11:07:47Z</time></trkpt>
    <trkpt lat="28.21401" lon="85.67171"><ele>4112</ele><time>2022-10-29T11:08:06Z</time></trkpt>
    <trkpt lat="28.21410" lon="85.67193"><ele>4113</ele><time>2022-10-29T11:08:24Z</time></trkpt>
    <trkpt lat="28.21412" lon="85.67210"><ele>4107</ele><time>2022-10-29T11:08:43Z</time></trkpt>
    <trkpt lat="28.21422" lon="85.67239"><ele>4109</ele><time>2022-10-29T11:09:45Z</time></trkpt>
    <trkpt lat="28.21433" lon="85.67259"><ele>4111</ele><time>2022-10-29T11:10:03Z</time></trkpt>
    <trkpt lat="28.21440" lon="85.67284"><ele>4111</ele><time>2022-10-29T11:10:22Z</time></trkpt>
    <trkpt lat="28.21444" lon="85.67309"><ele>4117</ele><time>2022-10-29T11:10:40Z</time></trkpt>
    <trkpt lat="28.21453" lon="85.67335"><ele>4118</ele><time>2022-10-29T11:10:59Z</time></trkpt>
    <trkpt lat="28.21462" lon="85.67354"><ele>4121</ele><time>2022-10-29T11:11:18Z</time></trkpt>
    <trkpt lat="28.21466" lon="85.67376"><ele>4122</ele><time>2022-10-29T11:11:36Z</time></trkpt>
    <trkpt lat="28.21473" lon="85.67384"><ele>4128</ele><time>2022-10-29T11:11:55Z</time></trkpt>
    <trkpt lat="28.21483" lon="85.67394"><ele>4132</ele><time>2022-10-29T11:12:14Z</time></trkpt>
    <trkpt lat="28.21484" lon="85.67406"><ele>4135</ele><time>2022-10-29T11:12:33Z</time></trkpt>
    <trkpt lat="28.21489" lon="85.67426"><ele>4130</ele><time>2022-10-29T11:13:13Z</time></trkpt>
    <trkpt lat="28.21490" lon="85.67445"><ele>4132</ele><time>2022-10-29T11:14:04Z</time></trkpt>
    <trkpt lat="28.21488" lon="85.67467"><ele>4131</ele><time>2022-10-29T11:14:47Z</time></trkpt>
    <trkpt lat="28.21490" lon="85.67486"><ele>4130</ele><time>2022-10-29T11:15:05Z</time></trkpt>
    <trkpt lat="28.21490" lon="85.67500"><ele>4131</ele><time>2022-10-29T11:15:24Z</time></trkpt>
    <trkpt lat="28.21472" lon="85.67493"><ele>4136</ele><time>2022-10-29T11:16:22Z</time></trkpt>
    <trkpt lat="28.21456" lon="85.67491"><ele>4125</ele><time>2022-10-29T11:21:35Z</time></trkpt>
    <trkpt lat="28.21453" lon="85.67510"><ele>4128</ele><time>2022-10-29T11:21:53Z</time></trkpt>
    <trkpt lat="28.21448" lon="85.67527"><ele>4129</ele><time>2022-10-29T11:22:12Z</time></trkpt>
    <trkpt lat="28.21446" lon="85.67540"><ele>4139</ele><time>2022-10-29T11:22:30Z</time></trkpt>
    <trkpt lat="28.21448" lon="85.67554"><ele>4138</ele><time>2022-10-29T11:22:48Z</time></trkpt>
    <trkpt lat="28.21446" lon="85.67564"><ele>4140</ele><time>2022-10-29T11:23:07Z</time></trkpt>
    <trkpt lat="28.21456" lon="85.67588"><ele>4139</ele><time>2022-10-29T11:25:05Z</time></trkpt>
    <trkpt lat="28.21449" lon="85.67608"><ele>4142</ele><time>2022-10-29T11:25:23Z</time></trkpt>
    <trkpt lat="28.21440" lon="85.67633"><ele>4142</ele><time>2022-10-29T11:25:42Z</time></trkpt>
    <trkpt lat="28.21453" lon="85.67648"><ele>4142</ele><time>2022-10-29T11:26:00Z</time></trkpt>
    <trkpt lat="28.21457" lon="85.67659"><ele>4135</ele><time>2022-10-29T11:26:19Z</time></trkpt>
    <trkpt lat="28.21466" lon="85.67664"><ele>4132</ele><time>2022-10-29T11:26:37Z</time></trkpt>
    <trkpt lat="28.21476" lon="85.67680"><ele>4129</ele><time>2022-10-29T11:26:56Z</time></trkpt>
    <trkpt lat="28.21486" lon="85.67695"><ele>4131</ele><time>2022-10-29T11:27:15Z</time></trkpt>
    <trkpt lat="28.21501" lon="85.67715"><ele>4136</ele><time>2022-10-29T11:27:34Z</time></trkpt>
    <trkpt lat="28.21518" lon="85.67733"><ele>4139</ele><time>2022-10-29T11:27:52Z</time></trkpt>
    <trkpt lat="28.21529" lon="85.67753"><ele>4136</ele><time>2022-10-29T11:28:11Z</time></trkpt>
    <trkpt lat="28.21530" lon="85.67783"><ele>4137</ele><time>2022-10-29T11:28:30Z</time></trkpt>
    <trkpt lat="28.21547" lon="85.67811"><ele>4134</ele><time>2022-10-29T11:29:08Z</time></trkpt>
    <trkpt lat="28.21557" lon="85.67830"><ele>4137</ele><time>2022-10-29T11:29:26Z</time></trkpt>
    <trkpt lat="28.21569" lon="85.67853"><ele>4139</ele><time>2022-10-29T11:29:44Z</time></trkpt>
    <trkpt lat="28.21593" lon="85.67858"><ele>4141</ele><time>2022-10-29T11:30:03Z</time></trkpt>
    <trkpt lat="28.21613" lon="85.67858"><ele>4137</ele><time>2022-10-29T11:30:21Z</time></trkpt>
    <trkpt lat="28.21626" lon="85.67856"><ele>4137</ele><time>2022-10-29T11:30:40Z</time></trkpt>
    <trkpt lat="28.21641" lon="85.67843"><ele>4139</ele><time>2022-10-29T11:32:09Z</time></trkpt>
    <trkpt lat="28.21631" lon="85.67846"><ele>4145</ele><time>2022-10-29T11:35:10Z</time></trkpt>
    <trkpt lat="28.21606" lon="85.67846"><ele>4153</ele><time>2022-10-29T11:35:29Z</time></trkpt>
    <trkpt lat="28.21589" lon="85.67835"><ele>4159</ele><time>2022-10-29T11:35:48Z</time></trkpt>
    <trkpt lat="28.21569" lon="85.67840"><ele>4157</ele><time>2022-10-29T11:36:07Z</time></trkpt>
    <trkpt lat="28.21550" lon="85.67823"><ele>4164</ele><time>2022-10-29T11:36:25Z</time></trkpt>
    <trkpt lat="28.21532" lon="85.67790"><ele>4165</ele><time>2022-10-29T11:36:43Z</time></trkpt>
    <trkpt lat="28.21520" lon="85.67759"><ele>4164</ele><time>2022-10-29T11:37:02Z</time></trkpt>
    <trkpt lat="28.21512" lon="85.67737"><ele>4163</ele><time>2022-10-29T11:37:21Z</time></trkpt>
    <trkpt lat="28.21498" lon="85.67718"><ele>4167</ele><time>2022-10-29T11:37:39Z</time></trkpt>
    <trkpt lat="28.21483" lon="85.67698"><ele>4169</ele><time>2022-10-29T11:37:58Z</time></trkpt>
    <trkpt lat="28.21480" lon="85.67686"><ele>4166</ele><time>2022-10-29T11:38:16Z</time></trkpt>
    <trkpt lat="28.21471" lon="85.67688"><ele>4165</ele><time>2022-10-29T11:38:57Z</time></trkpt>
    <trkpt lat="28.21451" lon="85.67686"><ele>4161</ele><time>2022-10-29T11:39:16Z</time></trkpt>
    <trkpt lat="28.21438" lon="85.67676"><ele>4163</ele><time>2022-10-29T11:39:35Z</time></trkpt>
    <trkpt lat="28.21436" lon="85.67660"><ele>4157</ele><time>2022-10-29T11:39:53Z</time></trkpt>
    <trkpt lat="28.21443" lon="85.67636"><ele>4147</ele><time>2022-10-29T11:40:12Z</time></trkpt>
    <trkpt lat="28.21451" lon="85.67602"><ele>4147</ele><time>2022-10-29T11:40:30Z</time></trkpt>
    <trkpt lat="28.21457" lon="85.67585"><ele>4140</ele><time>2022-10-29T11:40:48Z</time></trkpt>
    <trkpt lat="28.21447" lon="85.67567"><ele>4145</ele><time>2022-10-29T11:41:07Z</time></trkpt>
    <trkpt lat="28.21446" lon="85.67541"><ele>4139</ele><time>2022-10-29T11:41:26Z</time></trkpt>
    <trkpt lat="28.21452" lon="85.67519"><ele>4131</ele><time>2022-10-29T11:41:45Z</time></trkpt>
    <trkpt lat="28.21454" lon="85.67495"><ele>4125</ele><time>2022-10-29T11:42:04Z</time></trkpt>
    <trkpt lat="28.21463" lon="85.67484"><ele>4118</ele><time>2022-10-29T11:42:23Z</time></trkpt>
    <trkpt lat="28.21473" lon="85.67487"><ele>4116</ele><time>2022-10-29T11:42:42Z</time></trkpt>
    <trkpt lat="28.21479" lon="85.67496"><ele>4121</ele><time>2022-10-29T11:43:00Z</time></trkpt>
    <trkpt lat="28.21488" lon="85.67480"><ele>4123</ele><time>2022-10-29T11:43:18Z</time></trkpt>
    <trkpt lat="28.21482" lon="85.67465"><ele>4133</ele><time>2022-10-29T11:43:37Z</time></trkpt>
    <trkpt lat="28.21479" lon="85.67447"><ele>4133</ele><time>2022-10-29T11:43:56Z</time></trkpt>
    <trkpt lat="28.21475" lon="85.67434"><ele>4126</ele><time>2022-10-29T11:44:15Z</time></trkpt>
    <trkpt lat="28.21475" lon="85.67416"><ele>4126</ele><time>2022-10-29T11:44:33Z</time></trkpt>
    <trkpt lat="28.21473" lon="85.67401"><ele>4129</ele><time>2022-10-29T11:44:52Z</time></trkpt>
    <trkpt lat="28.21468" lon="85.67386"><ele>4128</ele><time>2022-10-29T11:45:10Z</time></trkpt>
    <trkpt lat="28.21454" lon="85.67371"><ele>4134</ele><time>2022-10-29T11:45:28Z</time></trkpt>
    <trkpt lat="28.21452" lon="85.67346"><ele>4131</ele><time>2022-10-29T11:45:47Z</time></trkpt>
    <trkpt lat="28.21451" lon="85.67324"><ele>4131</ele><time>2022-10-29T11:46:05Z</time></trkpt>
    <trkpt lat="28.21445" lon="85.67312"><ele>4132</ele><time>2022-10-29T11:46:23Z</time></trkpt>
    <trkpt lat="28.21443" lon="85.67292"><ele>4134</ele><time>2022-10-29T11:46:41Z</time></trkpt>
    <trkpt lat="28.21438" lon="85.67269"><ele>4132</ele><time>2022-10-29T11:47:00Z</time></trkpt>
    <trkpt lat="28.21431" lon="85.67248"><ele>4135</ele><time>2022-10-29T11:47:18Z</time></trkpt>
    <trkpt lat="28.21419" lon="85.67231"><ele>4136</ele><time>2022-10-29T11:47:37Z</time></trkpt>
    <trkpt lat="28.21408" lon="85.67209"><ele>4119</ele><time>2022-10-29T11:49:53Z</time></trkpt>
    <trkpt lat="28.21396" lon="85.67190"><ele>4111</ele><time>2022-10-29T11:50:12Z</time></trkpt>
    <trkpt lat="28.21398" lon="85.67170"><ele>4105</ele><time>2022-10-29T11:50:30Z</time></trkpt>
    <trkpt lat="28.21391" lon="85.67144"><ele>4107</ele><time>2022-10-29T11:50:49Z</time></trkpt>
    <trkpt lat="28.21386" lon="85.67119"><ele>4104</ele><time>2022-10-29T11:51:07Z</time></trkpt>
    <trkpt lat="28.21376" lon="85.67093"><ele>4105</ele><time>2022-10-29T11:51:26Z</time></trkpt>
    <trkpt lat="28.21374" lon="85.67071"><ele>4108</ele><time>2022-10-29T11:51:45Z</time></trkpt>
    <trkpt lat="28.21361" lon="85.67051"><ele>4105</ele><time>2022-10-29T11:52:04Z</time></trkpt>
    <trkpt lat="28.21350" lon="85.67032"><ele>4103</ele><time>2022-10-29T11:52:22Z</time></trkpt>
    <trkpt lat="28.21342" lon="85.67009"><ele>4103</ele><time>2022-10-29T11:52:40Z</time></trkpt>
    <trkpt lat="28.21342" lon="85.66984"><ele>4096</ele><time>2022-10-29T11:52:59Z</time></trkpt>
    <trkpt lat="28.21324" lon="85.66989"><ele>4103</ele><time>2022-10-29T11:55:07Z</time></trkpt>
  </trkseg>
</trk>
<trk>
  <name>LangtangTrek8</name>
  <trkseg>
    <trkpt lat="28.21548" lon="85.52027"><ele>3539</ele><time>2022-10-31T03:46:46Z</time></trkpt>
    <trkpt lat="28.21557" lon="85.52024"><ele>3533</ele><time>2022-10-31T03:47:19Z</time></trkpt>
    <trkpt lat="28.21564" lon="85.52039"><ele>3536</ele><time>2022-10-31T04:08:15Z</time></trkpt>
    <trkpt lat="28.21567" lon="85.52054"><ele>3533</ele><time>2022-10-31T04:08:33Z</time></trkpt>
    <trkpt lat="28.21575" lon="85.52066"><ele>3533</ele><time>2022-10-31T04:08:52Z</time></trkpt>
    <trkpt lat="28.21582" lon="85.52074"><ele>3533</ele><time>2022-10-31T04:09:10Z</time></trkpt>
    <trkpt lat="28.21592" lon="85.52078"><ele>3536</ele><time>2022-10-31T04:09:29Z</time></trkpt>
    <trkpt lat="28.21612" lon="85.52087"><ele>3534</ele><time>2022-10-31T04:10:06Z</time></trkpt>
    <trkpt lat="28.21625" lon="85.52091"><ele>3533</ele><time>2022-10-31T04:10:25Z</time></trkpt>
    <trkpt lat="28.21635" lon="85.52087"><ele>3534</ele><time>2022-10-31T04:10:44Z</time></trkpt>
    <trkpt lat="28.21644" lon="85.52083"><ele>3533</ele><time>2022-10-31T04:11:03Z</time></trkpt>
    <trkpt lat="28.21652" lon="85.52075"><ele>3535</ele><time>2022-10-31T04:11:22Z</time></trkpt>
    <trkpt lat="28.21661" lon="85.52071"><ele>3536</ele><time>2022-10-31T04:11:41Z</time></trkpt>
    <trkpt lat="28.21670" lon="85.52076"><ele>3538</ele><time>2022-10-31T04:12:00Z</time></trkpt>
    <trkpt lat="28.21688" lon="85.52071"><ele>3539</ele><time>2022-10-31T04:13:46Z</time></trkpt>
    <trkpt lat="28.21703" lon="85.52070"><ele>3541</ele><time>2022-10-31T04:14:27Z</time></trkpt>
    <trkpt lat="28.21706" lon="85.52057"><ele>3545</ele><time>2022-10-31T04:14:46Z</time></trkpt>
    <trkpt lat="28.21707" lon="85.52043"><ele>3548</ele><time>2022-10-31T04:15:05Z</time></trkpt>
    <trkpt lat="28.21704" lon="85.52029"><ele>3550</ele><time>2022-10-31T04:15:23Z</time></trkpt>
    <trkpt lat="28.21704" lon="85.52011"><ele>3551</ele><time>2022-10-31T04:21:21Z</time></trkpt>
    <trkpt lat="28.21717" lon="85.52009"><ele>3550</ele><time>2022-10-31T04:25:36Z</time></trkpt>
    <trkpt lat="28.21717" lon="85.52022"><ele>3556</ele><time>2022-10-31T04:27:02Z</time></trkpt>
    <trkpt lat="28.21718" lon="85.52011"><ele>3555</ele><time>2022-10-31T04:30:02Z</time></trkpt>
    <trkpt lat="28.21729" lon="85.52000"><ele>3552</ele><time>2022-10-31T04:33:01Z</time></trkpt>
    <trkpt lat="28.21746" lon="85.52010"><ele>3548</ele><time>2022-10-31T04:33:19Z</time></trkpt>
    <trkpt lat="28.21764" lon="85.52017"><ele>3546</ele><time>2022-10-31T04:33:38Z</time></trkpt>
    <trkpt lat="28.21773" lon="85.52023"><ele>3540</ele><time>2022-10-31T04:33:56Z</time></trkpt>
    <trkpt lat="28.21790" lon="85.52041"><ele>3541</ele><time>2022-10-31T04:34:35Z</time></trkpt>
    <trkpt lat="28.21793" lon="85.52051"><ele>3546</ele><time>2022-10-31T04:34:53Z</time></trkpt>
    <trkpt lat="28.21806" lon="85.52057"><ele>3548</ele><time>2022-10-31T04:35:12Z</time></trkpt>
    <trkpt lat="28.21816" lon="85.52063"><ele>3554</ele><time>2022-10-31T04:35:31Z</time></trkpt>
    <trkpt lat="28.21825" lon="85.52062"><ele>3559</ele><time>2022-10-31T04:35:49Z</time></trkpt>
    <trkpt lat="28.21835" lon="85.52061"><ele>3561</ele><time>2022-10-31T04:36:07Z</time></trkpt>
    <trkpt lat="28.21859" lon="85.52059"><ele>3555</ele><time>2022-10-31T04:36:50Z</time></trkpt>
    <trkpt lat="28.21865" lon="85.52069"><ele>3557</ele><time>2022-10-31T04:37:09Z</time></trkpt>
    <trkpt lat="28.21869" lon="85.52086"><ele>3567</ele><time>2022-10-31T04:38:17Z</time></trkpt>
    <trkpt lat="28.21858" lon="85.52083"><ele>3567</ele><time>2022-10-31T04:38:56Z</time></trkpt>
    <trkpt lat="28.21867" lon="85.52087"><ele>3567</ele><time>2022-10-31T04:42:04Z</time></trkpt>
    <trkpt lat="28.21858" lon="85.52084"><ele>3571</ele><time>2022-10-31T04:45:44Z</time></trkpt>
    <trkpt lat="28.21861" lon="85.52064"><ele>3562</ele><time>2022-10-31T04:48:05Z</time></trkpt>
    <trkpt lat="28.21853" lon="85.52058"><ele>3564</ele><time>2022-10-31T04:48:31Z</time></trkpt>
    <trkpt lat="28.21844" lon="85.52055"><ele>3565</ele><time>2022-10-31T04:48:56Z</time></trkpt>
    <trkpt lat="28.21826" lon="85.52062"><ele>3566</ele><time>2022-10-31T04:49:39Z</time></trkpt>
    <trkpt lat="28.21812" lon="85.52071"><ele>3569</ele><time>2022-10-31T04:50:27Z</time></trkpt>
    <trkpt lat="28.21798" lon="85.52076"><ele>3563</ele><time>2022-10-31T04:51:35Z</time></trkpt>
    <trkpt lat="28.21778" lon="85.52088"><ele>3564</ele><time>2022-10-31T04:52:30Z</time></trkpt>
    <trkpt lat="28.21757" lon="85.52090"><ele>3563</ele><time>2022-10-31T04:53:21Z</time></trkpt>
    <trkpt lat="28.21747" lon="85.52078"><ele>3558</ele><time>2022-10-31T04:53:39Z</time></trkpt>
    <trkpt lat="28.21739" lon="85.52066"><ele>3558</ele><time>2022-10-31T04:53:58Z</time></trkpt>
    <trkpt lat="28.21729" lon="85.52067"><ele>3556</ele><time>2022-10-31T04:54:17Z</time></trkpt>
    <trkpt lat="28.21716" lon="85.52068"><ele>3554</ele><time>2022-10-31T04:54:35Z</time></trkpt>
    <trkpt lat="28.21703" lon="85.52066"><ele>3556</ele><time>2022-10-31T04:54:54Z</time></trkpt>
    <trkpt lat="28.21686" lon="85.52069"><ele>3550</ele><time>2022-10-31T04:55:32Z</time></trkpt>
    <trkpt lat="28.21673" lon="85.52072"><ele>3552</ele><time>2022-10-31T04:55:50Z</time></trkpt>
    <trkpt lat="28.21654" lon="85.52071"><ele>3548</ele><time>2022-10-31T04:56:27Z</time></trkpt>
    <trkpt lat="28.21644" lon="85.52060"><ele>3546</ele><time>2022-10-31T04:57:05Z</time></trkpt>
    <trkpt lat="28.21636" lon="85.52047"><ele>3546</ele><time>2022-10-31T04:57:23Z</time></trkpt>
    <trkpt lat="28.21641" lon="85.52059"><ele>3543</ele><time>2022-10-31T05:00:46Z</time></trkpt>
    <trkpt lat="28.21652" lon="85.52078"><ele>3539</ele><time>2022-10-31T05:01:24Z</time></trkpt>
    <trkpt lat="28.21640" lon="85.52090"><ele>3544</ele><time>2022-10-31T05:05:57Z</time></trkpt>
    <trkpt lat="28.21624" lon="85.52087"><ele>3544</ele><time>2022-10-31T05:06:37Z</time></trkpt>
    <trkpt lat="28.21602" lon="85.52082"><ele>3543</ele><time>2022-10-31T05:07:31Z</time></trkpt>
    <trkpt lat="28.21589" lon="85.52081"><ele>3543</ele><time>2022-10-31T05:07:49Z</time></trkpt>
    <trkpt lat="28.21577" lon="85.52067"><ele>3537</ele><time>2022-10-31T05:08:41Z</time></trkpt>
    <trkpt lat="28.21570" lon="85.52055"><ele>3539</ele><time>2022-10-31T05:08:59Z</time></trkpt>
    <trkpt lat="28.21562" lon="85.52039"><ele>3539</ele><time>2022-10-31T05:10:03Z</time></trkpt>
    <trkpt lat="28.21564" lon="85.52028"><ele>3539</ele><time>2022-10-31T05:10:22Z</time></trkpt>
    <trkpt lat="28.21576" lon="85.52016"><ele>3539</ele><time>2022-10-31T05:10:41Z</time></trkpt>
    <trkpt lat="28.21584" lon="85.52028"><ele>3539</ele><time>2022-10-31T05:10:59Z</time></trkpt>
    <trkpt lat="28.21592" lon="85.52039"><ele>3539</ele><time>2022-10-31T05:11:18Z</time></trkpt>
    <trkpt lat="28.21608" lon="85.52035"><ele>3541</ele><time>2022-10-31T05:14:04Z</time></trkpt>
    <trkpt lat="28.21595" lon="85.52039"><ele>3546</ele><time>2022-10-31T05:22:08Z</time></trkpt>
    <trkpt lat="28.21582" lon="85.52037"><ele>3547</ele><time>2022-10-31T05:22:26Z</time></trkpt>
    <trkpt lat="28.21576" lon="85.52016"><ele>3546</ele><time>2022-10-31T05:23:20Z</time></trkpt>
    <trkpt lat="28.21561" lon="85.52020"><ele>3542</ele><time>2022-10-31T05:24:24Z</time></trkpt>
    <trkpt lat="28.21557" lon="85.52030"><ele>3541</ele><time>2022-10-31T05:27:32Z</time></trkpt>
    <trkpt lat="28.21568" lon="85.52023"><ele>3541</ele><time>2022-10-31T05:27:43Z</time></trkpt>
    <trkpt lat="28.21595" lon="85.52063"><ele>3542</ele><time>2022-10-31T05:29:32Z</time></trkpt>
    <trkpt lat="28.21567" lon="85.52022"><ele>3543</ele><time>2022-10-31T05:30:02Z</time></trkpt>
    <trkpt lat="28.21570" lon="85.52044"><ele>3541</ele><time>2022-10-31T05:32:11Z</time></trkpt>
    <trkpt lat="28.21569" lon="85.52028"><ele>3541</ele><time>2022-10-31T05:33:10Z</time></trkpt>
    <trkpt lat="28.21566" lon="85.52018"><ele>3541</ele><time>2022-10-31T05:33:29Z</time></trkpt>
    <trkpt lat="28.21555" lon="85.52011"><ele>3534</ele><time>2022-10-31T05:39:04Z</time></trkpt>
    <trkpt lat="28.21546" lon="85.51994"><ele>3534</ele><time>2022-10-31T05:39:23Z</time></trkpt>
    <trkpt lat="28.21540" lon="85.51978"><ele>3533</ele><time>2022-10-31T05:39:42Z</time></trkpt>
    <trkpt lat="28.21541" lon="85.51959"><ele>3533</ele><time>2022-10-31T05:40:01Z</time></trkpt>
    <trkpt lat="28.21540" lon="85.51944"><ele>3534</ele><time>2022-10-31T05:40:19Z</time></trkpt>
    <trkpt lat="28.21542" lon="85.51933"><ele>3532</ele><time>2022-10-31T05:40:37Z</time></trkpt>
    <trkpt lat="28.21544" lon="85.51919"><ele>3528</ele><time>2022-10-31T05:40:56Z</time></trkpt>
    <trkpt lat="28.21545" lon="85.51905"><ele>3530</ele><time>2022-10-31T05:41:14Z</time></trkpt>
    <trkpt lat="28.21546" lon="85.51887"><ele>3533</ele><time>2022-10-31T05:41:33Z</time></trkpt>
    <trkpt lat="28.21543" lon="85.51871"><ele>3535</ele><time>2022-10-31T05:41:51Z</time></trkpt>
    <trkpt lat="28.21540" lon="85.51854"><ele>3537</ele><time>2022-10-31T05:42:10Z</time></trkpt>
    <trkpt lat="28.21536" lon="85.51833"><ele>3539</ele><time>2022-10-31T05:42:29Z</time></trkpt>
    <trkpt lat="28.21540" lon="85.51819"><ele>3535</ele><time>2022-10-31T05:42:47Z</time></trkpt>
    <trkpt lat="28.21535" lon="85.51805"><ele>3533</ele><time>2022-10-31T05:43:05Z</time></trkpt>
    <trkpt lat="28.21529" lon="85.51788"><ele>3534</ele><time>2022-10-31T05:43:23Z</time></trkpt>
    <trkpt lat="28.21529" lon="85.51773"><ele>3534</ele><time>2022-10-31T05:43:41Z</time></trkpt>
    <trkpt lat="28.21537" lon="85.51763"><ele>3533</ele><time>2022-10-31T05:44:00Z</time></trkpt>
    <trkpt lat="28.21547" lon="85.51755"><ele>3531</ele><time>2022-10-31T05:44:18Z</time></trkpt>
    <trkpt lat="28.21550" lon="85.51746"><ele>3523</ele><time>2022-10-31T05:44:37Z</time></trkpt>
    <trkpt lat="28.21557" lon="85.51738"><ele>3521</ele><time>2022-10-31T05:44:55Z</time></trkpt>
    <trkpt lat="28.21572" lon="85.51730"><ele>3520</ele><time>2022-10-31T05:45:14Z</time></trkpt>
    <trkpt lat="28.21578" lon="85.51716"><ele>3520</ele><time>2022-10-31T05:45:32Z</time></trkpt>
    <trkpt lat="28.21588" lon="85.51704"><ele>3523</ele><time>2022-10-31T05:45:51Z</time></trkpt>
    <trkpt lat="28.21604" lon="85.51696"><ele>3523</ele><time>2022-10-31T05:46:31Z</time></trkpt>
    <trkpt lat="28.21596" lon="85.51678"><ele>3528</ele><time>2022-10-31T05:47:19Z</time></trkpt>
    <trkpt lat="28.21583" lon="85.51667"><ele>3533</ele><time>2022-10-31T05:48:05Z</time></trkpt>
    <trkpt lat="28.21580" lon="85.51643"><ele>3532</ele><time>2022-10-31T05:48:42Z</time></trkpt>
    <trkpt lat="28.21583" lon="85.51627"><ele>3531</ele><time>2022-10-31T05:49:00Z</time></trkpt>
    <trkpt lat="28.21583" lon="85.51612"><ele>3533</ele><time>2022-10-31T05:49:18Z</time></trkpt>
    <trkpt lat="28.21583" lon="85.51597"><ele>3530</ele><time>2022-10-31T05:49:36Z</time></trkpt>
    <trkpt lat="28.21584" lon="85.51581"><ele>3530</ele><time>2022-10-31T05:49:55Z</time></trkpt>
    <trkpt lat="28.21585" lon="85.51569"><ele>3529</ele><time>2022-10-31T05:50:13Z</time></trkpt>
    <trkpt lat="28.21588" lon="85.51539"><ele>3526</ele><time>2022-10-31T05:51:56Z</time></trkpt>
    <trkpt lat="28.21587" lon="85.51517"><ele>3526</ele><time>2022-10-31T05:52:15Z</time></trkpt>
    <trkpt lat="28.21592" lon="85.51497"><ele>3525</ele><time>2022-10-31T05:52:34Z</time></trkpt>
    <trkpt lat="28.21597" lon="85.51480"><ele>3522</ele><time>2022-10-31T05:52:52Z</time></trkpt>
    <trkpt lat="28.21599" lon="85.51461"><ele>3518</ele><time>2022-10-31T05:53:10Z</time></trkpt>
    <trkpt lat="28.21600" lon="85.51443"><ele>3521</ele><time>2022-10-31T05:55:27Z</time></trkpt>
    <trkpt lat="28.21603" lon="85.51430"><ele>3520</ele><time>2022-10-31T05:55:46Z</time></trkpt>
    <trkpt lat="28.21602" lon="85.51418"><ele>3517</ele><time>2022-10-31T05:56:04Z</time></trkpt>
    <trkpt lat="28.21603" lon="85.51407"><ele>3514</ele><time>2022-10-31T05:56:23Z</time></trkpt>
    <trkpt lat="28.21616" lon="85.51392"><ele>3509</ele><time>2022-10-31T05:57:00Z</time></trkpt>
    <trkpt lat="28.21627" lon="85.51384"><ele>3504</ele><time>2022-10-31T05:57:19Z</time></trkpt>
    <trkpt lat="28.21629" lon="85.51367"><ele>3506</ele><time>2022-10-31T05:57:38Z</time></trkpt>
    <trkpt lat="28.21637" lon="85.51357"><ele>3502</ele><time>2022-10-31T05:57:56Z</time></trkpt>
    <trkpt lat="28.21645" lon="85.51347"><ele>3503</ele><time>2022-10-31T05:58:14Z</time></trkpt>
    <trkpt lat="28.21649" lon="85.51335"><ele>3501</ele><time>2022-10-31T05:58:32Z</time></trkpt>
    <trkpt lat="28.21649" lon="85.51323"><ele>3501</ele><time>2022-10-31T05:58:50Z</time></trkpt>
    <trkpt lat="28.21644" lon="85.51308"><ele>3503</ele><time>2022-10-31T05:59:09Z</time></trkpt>
    <trkpt lat="28.21642" lon="85.51296"><ele>3496</ele><time>2022-10-31T05:59:27Z</time></trkpt>
    <trkpt lat="28.21642" lon="85.51283"><ele>3492</ele><time>2022-10-31T05:59:46Z</time></trkpt>
    <trkpt lat="28.21643" lon="85.51271"><ele>3487</ele><time>2022-10-31T06:00:05Z</time></trkpt>
    <trkpt lat="28.21646" lon="85.51260"><ele>3485</ele><time>2022-10-31T06:00:23Z</time></trkpt>
    <trkpt lat="28.21649" lon="85.51246"><ele>3483</ele><time>2022-10-31T06:00:41Z</time></trkpt>
    <trkpt lat="28.21648" lon="85.51232"><ele>3482</ele><time>2022-10-31T06:00:59Z</time></trkpt>
    <trkpt lat="28.21647" lon="85.51215"><ele>3478</ele><time>2022-10-31T06:01:18Z</time></trkpt>
    <trkpt lat="28.21640" lon="85.51204"><ele>3474</ele><time>2022-10-31T06:01:37Z</time></trkpt>
    <trkpt lat="28.21632" lon="85.51193"><ele>3477</ele><time>2022-10-31T06:01:56Z</time></trkpt>
    <trkpt lat="28.21621" lon="85.51186"><ele>3481</ele><time>2022-10-31T06:02:14Z</time></trkpt>
    <trkpt lat="28.21610" lon="85.51178"><ele>3476</ele><time>2022-10-31T06:02:32Z</time></trkpt>
    <trkpt lat="28.21599" lon="85.51168"><ele>3476</ele><time>2022-10-31T06:02:50Z</time></trkpt>
    <trkpt lat="28.21589" lon="85.51160"><ele>3472</ele><time>2022-10-31T06:03:09Z</time></trkpt>
    <trkpt lat="28.21576" lon="85.51151"><ele>3472</ele><time>2022-10-31T06:03:28Z</time></trkpt>
    <trkpt lat="28.21566" lon="85.51139"><ele>3471</ele><time>2022-10-31T06:03:47Z</time></trkpt>
    <trkpt lat="28.21549" lon="85.51120"><ele>3456</ele><time>2022-10-31T06:07:56Z</time></trkpt>
    <trkpt lat="28.21538" lon="85.51108"><ele>3451</ele><time>2022-10-31T06:08:15Z</time></trkpt>
    <trkpt lat="28.21527" lon="85.51092"><ele>3447</ele><time>2022-10-31T06:08:34Z</time></trkpt>
    <trkpt lat="28.21518" lon="85.51075"><ele>3446</ele><time>2022-10-31T06:08:53Z</time></trkpt>
    <trkpt lat="28.21516" lon="85.51053"><ele>3446</ele><time>2022-10-31T06:09:11Z</time></trkpt>
    <trkpt lat="28.21517" lon="85.51033"><ele>3443</ele><time>2022-10-31T06:09:29Z</time></trkpt>
    <trkpt lat="28.21521" lon="85.51018"><ele>3442</ele><time>2022-10-31T06:09:47Z</time></trkpt>
    <trkpt lat="28.21527" lon="85.51004"><ele>3441</ele><time>2022-10-31T06:10:06Z</time></trkpt>
    <trkpt lat="28.21535" lon="85.50992"><ele>3444</ele><time>2022-10-31T06:10:25Z</time></trkpt>
    <trkpt lat="28.21533" lon="85.50978"><ele>3443</ele><time>2022-10-31T06:10:43Z</time></trkpt>
    <trkpt lat="28.21528" lon="85.50958"><ele>3445</ele><time>2022-10-31T06:11:02Z</time></trkpt>
    <trkpt lat="28.21535" lon="85.50945"><ele>3445</ele><time>2022-10-31T06:11:21Z</time></trkpt>
    <trkpt lat="28.21549" lon="85.50935"><ele>3448</ele><time>2022-10-31T06:11:40Z</time></trkpt>
    <trkpt lat="28.21559" lon="85.50924"><ele>3446</ele><time>2022-10-31T06:11:58Z</time></trkpt>
    <trkpt lat="28.21572" lon="85.50914"><ele>3444</ele><time>2022-10-31T06:12:17Z</time></trkpt>
    <trkpt lat="28.21581" lon="85.50899"><ele>3447</ele><time>2022-10-31T06:12:35Z</time></trkpt>
    <trkpt lat="28.21580" lon="85.50885"><ele>3446</ele><time>2022-10-31T06:12:54Z</time></trkpt>
    <trkpt lat="28.21589" lon="85.50875"><ele>3444</ele><time>2022-10-31T06:13:12Z</time></trkpt>
    <trkpt lat="28.21597" lon="85.50860"><ele>3437</ele><time>2022-10-31T06:13:31Z</time></trkpt>
    <trkpt lat="28.21600" lon="85.50846"><ele>3441</ele><time>2022-10-31T06:13:49Z</time></trkpt>
    <trkpt lat="28.21595" lon="85.50831"><ele>3441</ele><time>2022-10-31T06:14:08Z</time></trkpt>
    <trkpt lat="28.21593" lon="85.50818"><ele>3437</ele><time>2022-10-31T06:14:27Z</time></trkpt>
    <trkpt lat="28.21603" lon="85.50798"><ele>3435</ele><time>2022-10-31T06:18:23Z</time></trkpt>
    <trkpt lat="28.21602" lon="85.50778"><ele>3437</ele><time>2022-10-31T06:19:08Z</time></trkpt>
    <trkpt lat="28.21608" lon="85.50767"><ele>3435</ele><time>2022-10-31T06:19:27Z</time></trkpt>
    <trkpt lat="28.21617" lon="85.50755"><ele>3433</ele><time>2022-10-31T06:19:45Z</time></trkpt>
    <trkpt lat="28.21626" lon="85.50744"><ele>3434</ele><time>2022-10-31T06:20:04Z</time></trkpt>
    <trkpt lat="28.21635" lon="85.50737"><ele>3437</ele><time>2022-10-31T06:20:23Z</time></trkpt>
    <trkpt lat="28.21621" lon="85.50726"><ele>3429</ele><time>2022-10-31T06:21:06Z</time></trkpt>
    <trkpt lat="28.21613" lon="85.50711"><ele>3427</ele><time>2022-10-31T06:21:44Z</time></trkpt>
    <trkpt lat="28.21621" lon="85.50695"><ele>3428</ele><time>2022-10-31T06:23:03Z</time></trkpt>
    <trkpt lat="28.21604" lon="85.50696"><ele>3431</ele><time>2022-10-31T06:25:08Z</time></trkpt>
    <trkpt lat="28.21593" lon="85.50691"><ele>3430</ele><time>2022-10-31T06:25:27Z</time></trkpt>
    <trkpt lat="28.21578" lon="85.50681"><ele>3425</ele><time>2022-10-31T06:26:05Z</time></trkpt>
    <trkpt lat="28.21568" lon="85.50668"><ele>3422</ele><time>2022-10-31T06:26:24Z</time></trkpt>
    <trkpt lat="28.21567" lon="85.50653"><ele>3420</ele><time>2022-10-31T06:26:43Z</time></trkpt>
    <trkpt lat="28.21566" lon="85.50641"><ele>3420</ele><time>2022-10-31T06:27:01Z</time></trkpt>
    <trkpt lat="28.21570" lon="85.50629"><ele>3419</ele><time>2022-10-31T06:27:20Z</time></trkpt>
    <trkpt lat="28.21574" lon="85.50616"><ele>3419</ele><time>2022-10-31T06:27:38Z</time></trkpt>
    <trkpt lat="28.21575" lon="85.50598"><ele>3420</ele><time>2022-10-31T06:27:57Z</time></trkpt>
    <trkpt lat="28.21580" lon="85.50584"><ele>3419</ele><time>2022-10-31T06:28:15Z</time></trkpt>
    <trkpt lat="28.21587" lon="85.50569"><ele>3420</ele><time>2022-10-31T06:28:34Z</time></trkpt>
    <trkpt lat="28.21585" lon="85.50544"><ele>3419</ele><time>2022-10-31T06:29:22Z</time></trkpt>
    <trkpt lat="28.21583" lon="85.50524"><ele>3415</ele><time>2022-10-31T06:30:02Z</time></trkpt>
    <trkpt lat="28.21579" lon="85.50513"><ele>3411</ele><time>2022-10-31T06:30:21Z</time></trkpt>
    <trkpt lat="28.21578" lon="85.50498"><ele>3409</ele><time>2022-10-31T06:30:39Z</time></trkpt>
    <trkpt lat="28.21573" lon="85.50487"><ele>3404</ele><time>2022-10-31T06:30:57Z</time></trkpt>
    <trkpt lat="28.21570" lon="85.50471"><ele>3402</ele><time>2022-10-31T06:31:16Z</time></trkpt>
    <trkpt lat="28.21567" lon="85.50454"><ele>3403</ele><time>2022-10-31T06:31:35Z</time></trkpt>
    <trkpt lat="28.21563" lon="85.50440"><ele>3402</ele><time>2022-10-31T06:31:54Z</time></trkpt>
    <trkpt lat="28.21565" lon="85.50427"><ele>3400</ele><time>2022-10-31T06:32:12Z</time></trkpt>
    <trkpt lat="28.21564" lon="85.50412"><ele>3398</ele><time>2022-10-31T06:32:30Z</time></trkpt>
    <trkpt lat="28.21553" lon="85.50401"><ele>3400</ele><time>2022-10-31T06:32:49Z</time></trkpt>
    <trkpt lat="28.21542" lon="85.50387"><ele>3400</ele><time>2022-10-31T06:33:07Z</time></trkpt>
    <trkpt lat="28.21533" lon="85.50378"><ele>3398</ele><time>2022-10-31T06:33:25Z</time></trkpt>
    <trkpt lat="28.21544" lon="85.50358"><ele>3394</ele><time>2022-10-31T06:34:49Z</time></trkpt>
    <trkpt lat="28.21554" lon="85.50345"><ele>3389</ele><time>2022-10-31T06:35:08Z</time></trkpt>
    <trkpt lat="28.21564" lon="85.50326"><ele>3387</ele><time>2022-10-31T06:35:26Z</time></trkpt>
    <trkpt lat="28.21569" lon="85.50309"><ele>3387</ele><time>2022-10-31T06:35:44Z</time></trkpt>
    <trkpt lat="28.21575" lon="85.50295"><ele>3389</ele><time>2022-10-31T06:36:03Z</time></trkpt>
    <trkpt lat="28.21582" lon="85.50284"><ele>3389</ele><time>2022-10-31T06:36:22Z</time></trkpt>
    <trkpt lat="28.21583" lon="85.50267"><ele>3393</ele><time>2022-10-31T06:36:40Z</time></trkpt>
    <trkpt lat="28.21581" lon="85.50252"><ele>3392</ele><time>2022-10-31T06:36:59Z</time></trkpt>
    <trkpt lat="28.21582" lon="85.50238"><ele>3390</ele><time>2022-10-31T06:37:18Z</time></trkpt>
    <trkpt lat="28.21585" lon="85.50221"><ele>3390</ele><time>2022-10-31T06:37:36Z</time></trkpt>
    <trkpt lat="28.21585" lon="85.50207"><ele>3389</ele><time>2022-10-31T06:37:55Z</time></trkpt>
    <trkpt lat="28.21582" lon="85.50189"><ele>3390</ele><time>2022-10-31T06:38:13Z</time></trkpt>
    <trkpt lat="28.21587" lon="85.50176"><ele>3387</ele><time>2022-10-31T06:38:32Z</time></trkpt>
    <trkpt lat="28.21588" lon="85.50161"><ele>3388</ele><time>2022-10-31T06:38:50Z</time></trkpt>
    <trkpt lat="28.21588" lon="85.50145"><ele>3386</ele><time>2022-10-31T06:39:09Z</time></trkpt>
    <trkpt lat="28.21604" lon="85.50126"><ele>3377</ele><time>2022-10-31T06:39:49Z</time></trkpt>
    <trkpt lat="28.21610" lon="85.50112"><ele>3369</ele><time>2022-10-31T06:40:31Z</time></trkpt>
    <trkpt lat="28.21623" lon="85.50103"><ele>3369</ele><time>2022-10-31T06:40:49Z</time></trkpt>
    <trkpt lat="28.21633" lon="85.50091"><ele>3365</ele><time>2022-10-31T06:41:08Z</time></trkpt>
    <trkpt lat="28.21641" lon="85.50083"><ele>3365</ele><time>2022-10-31T06:41:26Z</time></trkpt>
    <trkpt lat="28.21651" lon="85.50069"><ele>3366</ele><time>2022-10-31T06:41:45Z</time></trkpt>
    <trkpt lat="28.21643" lon="85.50057"><ele>3367</ele><time>2022-10-31T06:42:03Z</time></trkpt>
    <trkpt lat="28.21636" lon="85.50044"><ele>3372</ele><time>2022-10-31T06:42:21Z</time></trkpt>
    <trkpt lat="28.21632" lon="85.50029"><ele>3371</ele><time>2022-10-31T06:42:40Z</time></trkpt>
    <trkpt lat="28.21623" lon="85.50025"><ele>3375</ele><time>2022-10-31T06:42:58Z</time></trkpt>
    <trkpt lat="28.21613" lon="85.50023"><ele>3378</ele><time>2022-10-31T06:43:17Z</time></trkpt>
    <trkpt lat="28.21607" lon="85.49996"><ele>3381</ele><time>2022-10-31T06:43:57Z</time></trkpt>
    <trkpt lat="28.21593" lon="85.49979"><ele>3382</ele><time>2022-10-31T06:44:16Z</time></trkpt>
    <trkpt lat="28.21588" lon="85.49968"><ele>3379</ele><time>2022-10-31T06:44:34Z</time></trkpt>
    <trkpt lat="28.21583" lon="85.49958"><ele>3381</ele><time>2022-10-31T06:44:53Z</time></trkpt>
    <trkpt lat="28.21580" lon="85.49948"><ele>3383</ele><time>2022-10-31T06:45:12Z</time></trkpt>
    <trkpt lat="28.21575" lon="85.49930"><ele>3390</ele><time>2022-10-31T06:45:51Z</time></trkpt>
    <trkpt lat="28.21579" lon="85.49915"><ele>3395</ele><time>2022-10-31T06:46:37Z</time></trkpt>
    <trkpt lat="28.21592" lon="85.49905"><ele>3394</ele><time>2022-10-31T06:46:56Z</time></trkpt>
    <trkpt lat="28.21601" lon="85.49890"><ele>3393</ele><time>2022-10-31T06:47:15Z</time></trkpt>
    <trkpt lat="28.21608" lon="85.49875"><ele>3394</ele><time>2022-10-31T06:47:34Z</time></trkpt>
    <trkpt lat="28.21611" lon="85.49860"><ele>3398</ele><time>2022-10-31T06:47:53Z</time></trkpt>
    <trkpt lat="28.21609" lon="85.49843"><ele>3398</ele><time>2022-10-31T06:48:11Z</time></trkpt>
    <trkpt lat="28.21609" lon="85.49826"><ele>3402</ele><time>2022-10-31T06:48:29Z</time></trkpt>
    <trkpt lat="28.21605" lon="85.49809"><ele>3407</ele><time>2022-10-31T06:48:47Z</time></trkpt>
    <trkpt lat="28.21613" lon="85.49800"><ele>3404</ele><time>2022-10-31T06:49:06Z</time></trkpt>
    <trkpt lat="28.21621" lon="85.49776"><ele>3401</ele><time>2022-10-31T06:51:04Z</time></trkpt>
    <trkpt lat="28.21617" lon="85.49761"><ele>3401</ele><time>2022-10-31T06:51:48Z</time></trkpt>
    <trkpt lat="28.21605" lon="85.49763"><ele>3403</ele><time>2022-10-31T06:52:06Z</time></trkpt>
    <trkpt lat="28.21593" lon="85.49761"><ele>3406</ele><time>2022-10-31T06:52:25Z</time></trkpt>
    <trkpt lat="28.21578" lon="85.49749"><ele>3408</ele><time>2022-10-31T06:52:43Z</time></trkpt>
    <trkpt lat="28.21566" lon="85.49742"><ele>3410</ele><time>2022-10-31T06:53:02Z</time></trkpt>
    <trkpt lat="28.21558" lon="85.49731"><ele>3408</ele><time>2022-10-31T06:53:20Z</time></trkpt>
    <trkpt lat="28.21545" lon="85.49727"><ele>3409</ele><time>2022-10-31T06:53:39Z</time></trkpt>
    <trkpt lat="28.21535" lon="85.49715"><ele>3407</ele><time>2022-10-31T06:53:58Z</time></trkpt>
    <trkpt lat="28.21531" lon="85.49704"><ele>3409</ele><time>2022-10-31T06:54:17Z</time></trkpt>
    <trkpt lat="28.21523" lon="85.49689"><ele>3407</ele><time>2022-10-31T06:54:36Z</time></trkpt>
    <trkpt lat="28.21514" lon="85.49684"><ele>3410</ele><time>2022-10-31T06:54:54Z</time></trkpt>
    <trkpt lat="28.21492" lon="85.49679"><ele>3401</ele><time>2022-10-31T06:55:35Z</time></trkpt>
    <trkpt lat="28.21492" lon="85.49663"><ele>3402</ele><time>2022-10-31T06:55:54Z</time></trkpt>
    <trkpt lat="28.21483" lon="85.49650"><ele>3403</ele><time>2022-10-31T06:56:13Z</time></trkpt>
    <trkpt lat="28.21473" lon="85.49638"><ele>3401</ele><time>2022-10-31T06:56:31Z</time></trkpt>
    <trkpt lat="28.21464" lon="85.49613"><ele>3396</ele><time>2022-10-31T06:57:09Z</time></trkpt>
    <trkpt lat="28.21459" lon="85.49601"><ele>3392</ele><time>2022-10-31T06:57:28Z</time></trkpt>
    <trkpt lat="28.21458" lon="85.49591"><ele>3392</ele><time>2022-10-31T06:58:34Z</time></trkpt>
    <trkpt lat="28.21455" lon="85.49575"><ele>3390</ele><time>2022-10-31T06:58:52Z</time></trkpt>
    <trkpt lat="28.21464" lon="85.49576"><ele>3381</ele><time>2022-10-31T07:09:04Z</time></trkpt>
    <trkpt lat="28.21453" lon="85.49585"><ele>3397</ele><time>2022-10-31T07:25:47Z</time></trkpt>
    <trkpt lat="28.21456" lon="85.49576"><ele>3401</ele><time>2022-10-31T07:26:30Z</time></trkpt>
    <trkpt lat="28.21455" lon="85.49548"><ele>3383</ele><time>2022-10-31T08:14:54Z</time></trkpt>
    <trkpt lat="28.21451" lon="85.49531"><ele>3380</ele><time>2022-10-31T08:15:13Z</time></trkpt>
    <trkpt lat="28.21443" lon="85.49516"><ele>3381</ele><time>2022-10-31T08:15:32Z</time></trkpt>
    <trkpt lat="28.21431" lon="85.49502"><ele>3378</ele><time>2022-10-31T08:15:51Z</time></trkpt>
    <trkpt lat="28.21424" lon="85.49490"><ele>3377</ele><time>2022-10-31T08:16:09Z</time></trkpt>
    <trkpt lat="28.21420" lon="85.49477"><ele>3378</ele><time>2022-10-31T08:16:28Z</time></trkpt>
    <trkpt lat="28.21420" lon="85.49464"><ele>3370</ele><time>2022-10-31T08:16:47Z</time></trkpt>
    <trkpt lat="28.21430" lon="85.49456"><ele>3367</ele><time>2022-10-31T08:17:06Z</time></trkpt>
    <trkpt lat="28.21441" lon="85.49448"><ele>3365</ele><time>2022-10-31T08:17:24Z</time></trkpt>
    <trkpt lat="28.21446" lon="85.49434"><ele>3364</ele><time>2022-10-31T08:17:43Z</time></trkpt>
    <trkpt lat="28.21440" lon="85.49415"><ele>3366</ele><time>2022-10-31T08:18:02Z</time></trkpt>
    <trkpt lat="28.21436" lon="85.49399"><ele>3366</ele><time>2022-10-31T08:18:20Z</time></trkpt>
    <trkpt lat="28.21432" lon="85.49384"><ele>3363</ele><time>2022-10-31T08:18:39Z</time></trkpt>
    <trkpt lat="28.21429" lon="85.49373"><ele>3357</ele><time>2022-10-31T08:18:58Z</time></trkpt>
    <trkpt lat="28.21423" lon="85.49347"><ele>3350</ele><time>2022-10-31T08:19:48Z</time></trkpt>
    <trkpt lat="28.21413" lon="85.49333"><ele>3346</ele><time>2022-10-31T08:20:07Z</time></trkpt>
    <trkpt lat="28.21399" lon="85.49325"><ele>3343</ele><time>2022-10-31T08:20:26Z</time></trkpt>
    <trkpt lat="28.21383" lon="85.49317"><ele>3344</ele><time>2022-10-31T08:20:44Z</time></trkpt>
    <trkpt lat="28.21367" lon="85.49306"><ele>3344</ele><time>2022-10-31T08:21:03Z</time></trkpt>
    <trkpt lat="28.21355" lon="85.49291"><ele>3344</ele><time>2022-10-31T08:21:22Z</time></trkpt>
    <trkpt lat="28.21348" lon="85.49273"><ele>3338</ele><time>2022-10-31T08:22:05Z</time></trkpt>
    <trkpt lat="28.21333" lon="85.49266"><ele>3334</ele><time>2022-10-31T08:22:24Z</time></trkpt>
    <trkpt lat="28.21323" lon="85.49258"><ele>3336</ele><time>2022-10-31T08:22:43Z</time></trkpt>
    <trkpt lat="28.21310" lon="85.49235"><ele>3333</ele><time>2022-10-31T08:25:21Z</time></trkpt>
    <trkpt lat="28.21307" lon="85.49217"><ele>3330</ele><time>2022-10-31T08:25:39Z</time></trkpt>
    <trkpt lat="28.21305" lon="85.49198"><ele>3325</ele><time>2022-10-31T08:25:58Z</time></trkpt>
    <trkpt lat="28.21300" lon="85.49183"><ele>3323</ele><time>2022-10-31T08:26:17Z</time></trkpt>
    <trkpt lat="28.21298" lon="85.49166"><ele>3320</ele><time>2022-10-31T08:26:36Z</time></trkpt>
    <trkpt lat="28.21291" lon="85.49160"><ele>3317</ele><time>2022-10-31T08:26:54Z</time></trkpt>
    <trkpt lat="28.21282" lon="85.49142"><ele>3315</ele><time>2022-10-31T08:27:13Z</time></trkpt>
    <trkpt lat="28.21282" lon="85.49129"><ele>3312</ele><time>2022-10-31T08:27:32Z</time></trkpt>
    <trkpt lat="28.21267" lon="85.49112"><ele>3312</ele><time>2022-10-31T08:28:09Z</time></trkpt>
    <trkpt lat="28.21260" lon="85.49102"><ele>3308</ele><time>2022-10-31T08:28:28Z</time></trkpt>
    <trkpt lat="28.21254" lon="85.49092"><ele>3305</ele><time>2022-10-31T08:28:47Z</time></trkpt>
    <trkpt lat="28.21251" lon="85.49079"><ele>3303</ele><time>2022-10-31T08:29:06Z</time></trkpt>
    <trkpt lat="28.21248" lon="85.49064"><ele>3299</ele><time>2022-10-31T08:29:25Z</time></trkpt>
    <trkpt lat="28.21250" lon="85.49044"><ele>3301</ele><time>2022-10-31T08:29:44Z</time></trkpt>
    <trkpt lat="28.21253" lon="85.49027"><ele>3299</ele><time>2022-10-31T08:30:02Z</time></trkpt>
    <trkpt lat="28.21254" lon="85.49013"><ele>3296</ele><time>2022-10-31T08:30:21Z</time></trkpt>
    <trkpt lat="28.21254" lon="85.48999"><ele>3294</ele><time>2022-10-31T08:30:40Z</time></trkpt>
    <trkpt lat="28.21259" lon="85.48979"><ele>3288</ele><time>2022-10-31T08:31:37Z</time></trkpt>
    <trkpt lat="28.21252" lon="85.48967"><ele>3286</ele><time>2022-10-31T08:31:56Z</time></trkpt>
    <trkpt lat="28.21249" lon="85.48949"><ele>3284</ele><time>2022-10-31T08:32:15Z</time></trkpt>
    <trkpt lat="28.21249" lon="85.48933"><ele>3284</ele><time>2022-10-31T08:32:34Z</time></trkpt>
    <trkpt lat="28.21238" lon="85.48920"><ele>3281</ele><time>2022-10-31T08:32:52Z</time></trkpt>
    <trkpt lat="28.21225" lon="85.48903"><ele>3279</ele><time>2022-10-31T08:33:30Z</time></trkpt>
    <trkpt lat="28.21224" lon="85.48885"><ele>3274</ele><time>2022-10-31T08:36:42Z</time></trkpt>
    <trkpt lat="28.21214" lon="85.48869"><ele>3280</ele><time>2022-10-31T08:37:00Z</time></trkpt>
    <trkpt lat="28.21214" lon="85.48846"><ele>3273</ele><time>2022-10-31T08:37:37Z</time></trkpt>
    <trkpt lat="28.21209" lon="85.48829"><ele>3274</ele><time>2022-10-31T08:37:56Z</time></trkpt>
    <trkpt lat="28.21204" lon="85.48815"><ele>3275</ele><time>2022-10-31T08:38:15Z</time></trkpt>
    <trkpt lat="28.21196" lon="85.48799"><ele>3273</ele><time>2022-10-31T08:38:34Z</time></trkpt>
    <trkpt lat="28.21189" lon="85.48785"><ele>3271</ele><time>2022-10-31T08:38:52Z</time></trkpt>
    <trkpt lat="28.21192" lon="85.48769"><ele>3271</ele><time>2022-10-31T08:39:11Z</time></trkpt>
    <trkpt lat="28.21195" lon="85.48749"><ele>3270</ele><time>2022-10-31T08:39:30Z</time></trkpt>
    <trkpt lat="28.21200" lon="85.48735"><ele>3270</ele><time>2022-10-31T08:39:48Z</time></trkpt>
    <trkpt lat="28.21197" lon="85.48719"><ele>3266</ele><time>2022-10-31T08:40:07Z</time></trkpt>
    <trkpt lat="28.21186" lon="85.48698"><ele>3265</ele><time>2022-10-31T08:40:26Z</time></trkpt>
    <trkpt lat="28.21176" lon="85.48691"><ele>3255</ele><time>2022-10-31T08:40:44Z</time></trkpt>
    <trkpt lat="28.21177" lon="85.48665"><ele>3256</ele><time>2022-10-31T08:41:02Z</time></trkpt>
    <trkpt lat="28.21175" lon="85.48644"><ele>3255</ele><time>2022-10-31T08:41:21Z</time></trkpt>
    <trkpt lat="28.21179" lon="85.48620"><ele>3253</ele><time>2022-10-31T08:42:02Z</time></trkpt>
    <trkpt lat="28.21174" lon="85.48599"><ele>3253</ele><time>2022-10-31T08:42:21Z</time></trkpt>
    <trkpt lat="28.21170" lon="85.48578"><ele>3254</ele><time>2022-10-31T08:42:39Z</time></trkpt>
    <trkpt lat="28.21174" lon="85.48558"><ele>3253</ele><time>2022-10-31T08:42:58Z</time></trkpt>
    <trkpt lat="28.21165" lon="85.48541"><ele>3255</ele><time>2022-10-31T08:43:17Z</time></trkpt>
    <trkpt lat="28.21168" lon="85.48527"><ele>3254</ele><time>2022-10-31T08:43:36Z</time></trkpt>
    <trkpt lat="28.21151" lon="85.48524"><ele>3253</ele><time>2022-10-31T08:43:54Z</time></trkpt>
    <trkpt lat="28.21137" lon="85.48514"><ele>3253</ele><time>2022-10-31T08:44:12Z</time></trkpt>
    <trkpt lat="28.21131" lon="85.48499"><ele>3256</ele><time>2022-10-31T08:44:31Z</time></trkpt>
    <trkpt lat="28.21121" lon="85.48486"><ele>3257</ele><time>2022-10-31T08:44:49Z</time></trkpt>
    <trkpt lat="28.21124" lon="85.48466"><ele>3258</ele><time>2022-10-31T08:45:08Z</time></trkpt>
    <trkpt lat="28.21123" lon="85.48450"><ele>3256</ele><time>2022-10-31T08:45:27Z</time></trkpt>
    <trkpt lat="28.21110" lon="85.48423"><ele>3257</ele><time>2022-10-31T08:46:56Z</time></trkpt>
    <trkpt lat="28.21105" lon="85.48414"><ele>3258</ele><time>2022-10-31T08:47:14Z</time></trkpt>
    <trkpt lat="28.21095" lon="85.48401"><ele>3258</ele><time>2022-10-31T08:47:32Z</time></trkpt>
    <trkpt lat="28.21092" lon="85.48383"><ele>3260</ele><time>2022-10-31T08:47:51Z</time></trkpt>
    <trkpt lat="28.21088" lon="85.48359"><ele>3263</ele><time>2022-10-31T08:48:09Z</time></trkpt>
    <trkpt lat="28.21080" lon="85.48344"><ele>3261</ele><time>2022-10-31T08:48:28Z</time></trkpt>
    <trkpt lat="28.21075" lon="85.48325"><ele>3261</ele><time>2022-10-31T08:48:47Z</time></trkpt>
    <trkpt lat="28.21065" lon="85.48310"><ele>3259</ele><time>2022-10-31T08:49:06Z</time></trkpt>
    <trkpt lat="28.21084" lon="85.48287"><ele>3254</ele><time>2022-10-31T08:49:46Z</time></trkpt>
    <trkpt lat="28.21100" lon="85.48275"><ele>3248</ele><time>2022-10-31T08:50:05Z</time></trkpt>
    <trkpt lat="28.21109" lon="85.48257"><ele>3253</ele><time>2022-10-31T08:50:24Z</time></trkpt>
    <trkpt lat="28.21101" lon="85.48248"><ele>3247</ele><time>2022-10-31T08:51:59Z</time></trkpt>
    <trkpt lat="28.21087" lon="85.48242"><ele>3248</ele><time>2022-10-31T08:52:17Z</time></trkpt>
    <trkpt lat="28.21075" lon="85.48237"><ele>3248</ele><time>2022-10-31T08:52:35Z</time></trkpt>
    <trkpt lat="28.21060" lon="85.48238"><ele>3248</ele><time>2022-10-31T08:52:54Z</time></trkpt>
    <trkpt lat="28.21048" lon="85.48242"><ele>3251</ele><time>2022-10-31T08:53:13Z</time></trkpt>
    <trkpt lat="28.21027" lon="85.48224"><ele>3260</ele><time>2022-10-31T08:53:50Z</time></trkpt>
    <trkpt lat="28.21022" lon="85.48207"><ele>3258</ele><time>2022-10-31T08:54:09Z</time></trkpt>
    <trkpt lat="28.21012" lon="85.48190"><ele>3259</ele><time>2022-10-31T08:54:27Z</time></trkpt>
    <trkpt lat="28.21011" lon="85.48170"><ele>3258</ele><time>2022-10-31T08:54:46Z</time></trkpt>
    <trkpt lat="28.20996" lon="85.48153"><ele>3258</ele><time>2022-10-31T08:55:04Z</time></trkpt>
    <trkpt lat="28.20983" lon="85.48138"><ele>3258</ele><time>2022-10-31T08:55:23Z</time></trkpt>
    <trkpt lat="28.20988" lon="85.48121"><ele>3257</ele><time>2022-10-31T08:55:41Z</time></trkpt>
    <trkpt lat="28.20987" lon="85.48106"><ele>3256</ele><time>2022-10-31T08:56:00Z</time></trkpt>
    <trkpt lat="28.20993" lon="85.48094"><ele>3253</ele><time>2022-10-31T08:56:18Z</time></trkpt>
    <trkpt lat="28.20982" lon="85.48079"><ele>3255</ele><time>2022-10-31T08:56:37Z</time></trkpt>
    <trkpt lat="28.20973" lon="85.48062"><ele>3255</ele><time>2022-10-31T08:56:55Z</time></trkpt>
    <trkpt lat="28.20963" lon="85.48048"><ele>3254</ele><time>2022-10-31T08:57:13Z</time></trkpt>
    <trkpt lat="28.20959" lon="85.48032"><ele>3251</ele><time>2022-10-31T08:57:32Z</time></trkpt>
    <trkpt lat="28.20954" lon="85.48008"><ele>3254</ele><time>2022-10-31T08:57:51Z</time></trkpt>
    <trkpt lat="28.20950" lon="85.47989"><ele>3250</ele><time>2022-10-31T08:58:10Z</time></trkpt>
    <trkpt lat="28.20947" lon="85.47974"><ele>3249</ele><time>2022-10-31T08:58:29Z</time></trkpt>
    <trkpt lat="28.20942" lon="85.47964"><ele>3248</ele><time>2022-10-31T08:58:48Z</time></trkpt>
    <trkpt lat="28.20949" lon="85.47945"><ele>3242</ele><time>2022-10-31T08:59:07Z</time></trkpt>
    <trkpt lat="28.20951" lon="85.47926"><ele>3244</ele><time>2022-10-31T08:59:26Z</time></trkpt>
    <trkpt lat="28.20942" lon="85.47911"><ele>3240</ele><time>2022-10-31T08:59:45Z</time></trkpt>
    <trkpt lat="28.20938" lon="85.47896"><ele>3237</ele><time>2022-10-31T09:00:03Z</time></trkpt>
    <trkpt lat="28.20930" lon="85.47880"><ele>3234</ele><time>2022-10-31T09:00:21Z</time></trkpt>
    <trkpt lat="28.20928" lon="85.47858"><ele>3234</ele><time>2022-10-31T09:00:40Z</time></trkpt>
    <trkpt lat="28.20922" lon="85.47841"><ele>3231</ele><time>2022-10-31T09:00:59Z</time></trkpt>
    <trkpt lat="28.20915" lon="85.47828"><ele>3230</ele><time>2022-10-31T09:01:17Z</time></trkpt>
    <trkpt lat="28.20916" lon="85.47812"><ele>3220</ele><time>2022-10-31T09:01:35Z</time></trkpt>
    <trkpt lat="28.20916" lon="85.47792"><ele>3217</ele><time>2022-10-31T09:01:53Z</time></trkpt>
    <trkpt lat="28.20918" lon="85.47771"><ele>3213</ele><time>2022-10-31T09:02:12Z</time></trkpt>
    <trkpt lat="28.20918" lon="85.47751"><ele>3213</ele><time>2022-10-31T09:02:30Z</time></trkpt>
    <trkpt lat="28.20915" lon="85.47732"><ele>3215</ele><time>2022-10-31T09:02:48Z</time></trkpt>
    <trkpt lat="28.20908" lon="85.47710"><ele>3219</ele><time>2022-10-31T09:03:07Z</time></trkpt>
    <trkpt lat="28.20902" lon="85.47695"><ele>3211</ele><time>2022-10-31T09:03:25Z</time></trkpt>
    <trkpt lat="28.20897" lon="85.47682"><ele>3211</ele><time>2022-10-31T09:03:44Z</time></trkpt>
    <trkpt lat="28.20886" lon="85.47668"><ele>3205</ele><time>2022-10-31T09:04:03Z</time></trkpt>
    <trkpt lat="28.20869" lon="85.47657"><ele>3204</ele><time>2022-10-31T09:04:22Z</time></trkpt>
    <trkpt lat="28.20854" lon="85.47646"><ele>3209</ele><time>2022-10-31T09:04:40Z</time></trkpt>
    <trkpt lat="28.20842" lon="85.47630"><ele>3207</ele><time>2022-10-31T09:04:59Z</time></trkpt>
    <trkpt lat="28.20838" lon="85.47613"><ele>3202</ele><time>2022-10-31T09:05:18Z</time></trkpt>
    <trkpt lat="28.20831" lon="85.47596"><ele>3200</ele><time>2022-10-31T09:05:36Z</time></trkpt>
    <trkpt lat="28.20819" lon="85.47581"><ele>3199</ele><time>2022-10-31T09:05:54Z</time></trkpt>
    <trkpt lat="28.20804" lon="85.47570"><ele>3199</ele><time>2022-10-31T09:06:13Z</time></trkpt>
    <trkpt lat="28.20795" lon="85.47554"><ele>3202</ele><time>2022-10-31T09:06:31Z</time></trkpt>
    <trkpt lat="28.20785" lon="85.47541"><ele>3202</ele><time>2022-10-31T09:06:50Z</time></trkpt>
    <trkpt lat="28.20776" lon="85.47531"><ele>3202</ele><time>2022-10-31T09:07:09Z</time></trkpt>
    <trkpt lat="28.20782" lon="85.47519"><ele>3202</ele><time>2022-10-31T09:07:27Z</time></trkpt>
  </trkseg>
</trk>
<trk>
  <name>LangtangTrek4</name>
  <trkseg>
    <trkpt lat="28.21562" lon="85.52021"><ele>3526</ele><time>2022-10-27T03:00:23Z</time></trkpt>
    <trkpt lat="28.21558" lon="85.52032"><ele>3537</ele><time>2022-10-27T03:01:27Z</time></trkpt>
    <trkpt lat="28.21570" lon="85.52044"><ele>3536</ele><time>2022-10-27T03:01:45Z</time></trkpt>
    <trkpt lat="28.21574" lon="85.52063"><ele>3539</ele><time>2022-10-27T03:02:03Z</time></trkpt>
    <trkpt lat="28.21581" lon="85.52080"><ele>3539</ele><time>2022-10-27T03:02:22Z</time></trkpt>
    <trkpt lat="28.21586" lon="85.52093"><ele>3541</ele><time>2022-10-27T03:02:40Z</time></trkpt>
    <trkpt lat="28.21585" lon="85.52107"><ele>3539</ele><time>2022-10-27T03:02:59Z</time></trkpt>
    <trkpt lat="28.21588" lon="85.52131"><ele>3543</ele><time>2022-10-27T03:03:35Z</time></trkpt>
    <trkpt lat="28.21585" lon="85.52149"><ele>3543</ele><time>2022-10-27T03:03:54Z</time></trkpt>
    <trkpt lat="28.21584" lon="85.52159"><ele>3545</ele><time>2022-10-27T03:04:12Z</time></trkpt>
    <trkpt lat="28.21585" lon="85.52178"><ele>3546</ele><time>2022-10-27T03:04:31Z</time></trkpt>
    <trkpt lat="28.21579" lon="85.52189"><ele>3553</ele><time>2022-10-27T03:04:50Z</time></trkpt>
    <trkpt lat="28.21575" lon="85.52205"><ele>3555</ele><time>2022-10-27T03:05:08Z</time></trkpt>
    <trkpt lat="28.21573" lon="85.52219"><ele>3548</ele><time>2022-10-27T03:06:02Z</time></trkpt>
    <trkpt lat="28.21569" lon="85.52246"><ele>3541</ele><time>2022-10-27T03:06:41Z</time></trkpt>
    <trkpt lat="28.21565" lon="85.52265"><ele>3543</ele><time>2022-10-27T03:06:59Z</time></trkpt>
    <trkpt lat="28.21560" lon="85.52280"><ele>3539</ele><time>2022-10-27T03:07:18Z</time></trkpt>
    <trkpt lat="28.21551" lon="85.52294"><ele>3546</ele><time>2022-10-27T03:07:37Z</time></trkpt>
    <trkpt lat="28.21553" lon="85.52310"><ele>3548</ele><time>2022-10-27T03:07:56Z</time></trkpt>
    <trkpt lat="28.21550" lon="85.52329"><ele>3546</ele><time>2022-10-27T03:08:14Z</time></trkpt>
    <trkpt lat="28.21545" lon="85.52339"><ele>3546</ele><time>2022-10-27T03:08:32Z</time></trkpt>
    <trkpt lat="28.21544" lon="85.52358"><ele>3547</ele><time>2022-10-27T03:08:50Z</time></trkpt>
    <trkpt lat="28.21546" lon="85.52376"><ele>3553</ele><time>2022-10-27T03:09:09Z</time></trkpt>
    <trkpt lat="28.21552" lon="85.52393"><ele>3545</ele><time>2022-10-27T03:09:28Z</time></trkpt>
    <trkpt lat="28.21556" lon="85.52411"><ele>3541</ele><time>2022-10-27T03:09:46Z</time></trkpt>
    <trkpt lat="28.21557" lon="85.52429"><ele>3538</ele><time>2022-10-27T03:10:04Z</time></trkpt>
    <trkpt lat="28.21557" lon="85.52447"><ele>3538</ele><time>2022-10-27T03:10:23Z</time></trkpt>
    <trkpt lat="28.21561" lon="85.52469"><ele>3539</ele><time>2022-10-27T03:10:42Z</time></trkpt>
    <trkpt lat="28.21564" lon="85.52488"><ele>3539</ele><time>2022-10-27T03:11:00Z</time></trkpt>
    <trkpt lat="28.21564" lon="85.52507"><ele>3546</ele><time>2022-10-27T03:11:19Z</time></trkpt>
    <trkpt lat="28.21559" lon="85.52527"><ele>3543</ele><time>2022-10-27T03:11:38Z</time></trkpt>
    <trkpt lat="28.21556" lon="85.52545"><ele>3553</ele><time>2022-10-27T03:11:57Z</time></trkpt>
    <trkpt lat="28.21551" lon="85.52567"><ele>3551</ele><time>2022-10-27T03:12:16Z</time></trkpt>
    <trkpt lat="28.21548" lon="85.52585"><ele>3546</ele><time>2022-10-27T03:12:34Z</time></trkpt>
    <trkpt lat="28.21548" lon="85.52605"><ele>3549</ele><time>2022-10-27T03:12:52Z</time></trkpt>
    <trkpt lat="28.21548" lon="85.52621"><ele>3547</ele><time>2022-10-27T03:13:11Z</time></trkpt>
    <trkpt lat="28.21544" lon="85.52637"><ele>3548</ele><time>2022-10-27T03:13:29Z</time></trkpt>
    <trkpt lat="28.21540" lon="85.52665"><ele>3549</ele><time>2022-10-27T03:14:07Z</time></trkpt>
    <trkpt lat="28.21535" lon="85.52674"><ele>3552</ele><time>2022-10-27T03:14:25Z</time></trkpt>
    <trkpt lat="28.21527" lon="85.52692"><ele>3563</ele><time>2022-10-27T03:14:44Z</time></trkpt>
    <trkpt lat="28.21521" lon="85.52710"><ele>3565</ele><time>2022-10-27T03:15:03Z</time></trkpt>
    <trkpt lat="28.21515" lon="85.52721"><ele>3565</ele><time>2022-10-27T03:15:21Z</time></trkpt>
    <trkpt lat="28.21505" lon="85.52747"><ele>3561</ele><time>2022-10-27T03:15:59Z</time></trkpt>
    <trkpt lat="28.21496" lon="85.52755"><ele>3563</ele><time>2022-10-27T03:16:18Z</time></trkpt>
    <trkpt lat="28.21485" lon="85.52770"><ele>3561</ele><time>2022-10-27T03:16:37Z</time></trkpt>
    <trkpt lat="28.21481" lon="85.52789"><ele>3562</ele><time>2022-10-27T03:16:55Z</time></trkpt>
    <trkpt lat="28.21472" lon="85.52802"><ele>3561</ele><time>2022-10-27T03:17:14Z</time></trkpt>
    <trkpt lat="28.21465" lon="85.52811"><ele>3561</ele><time>2022-10-27T03:17:32Z</time></trkpt>
    <trkpt lat="28.21450" lon="85.52821"><ele>3564</ele><time>2022-10-27T03:17:51Z</time></trkpt>
    <trkpt lat="28.21441" lon="85.52839"><ele>3572</ele><time>2022-10-27T03:18:09Z</time></trkpt>
    <trkpt lat="28.21434" lon="85.52853"><ele>3567</ele><time>2022-10-27T03:18:28Z</time></trkpt>
    <trkpt lat="28.21430" lon="85.52869"><ele>3559</ele><time>2022-10-27T03:18:47Z</time></trkpt>
    <trkpt lat="28.21425" lon="85.52891"><ele>3567</ele><time>2022-10-27T03:19:24Z</time></trkpt>
    <trkpt lat="28.21409" lon="85.52892"><ele>3563</ele><time>2022-10-27T03:21:23Z</time></trkpt>
    <trkpt lat="28.21398" lon="85.52904"><ele>3570</ele><time>2022-10-27T03:21:41Z</time></trkpt>
    <trkpt lat="28.21393" lon="85.52915"><ele>3570</ele><time>2022-10-27T03:22:00Z</time></trkpt>
    <trkpt lat="28.21380" lon="85.52923"><ele>3574</ele><time>2022-10-27T03:23:52Z</time></trkpt>
    <trkpt lat="28.21374" lon="85.52939"><ele>3574</ele><time>2022-10-27T03:24:11Z</time></trkpt>
    <trkpt lat="28.21371" lon="85.52950"><ele>3582</ele><time>2022-10-27T03:24:30Z</time></trkpt>
    <trkpt lat="28.21364" lon="85.52965"><ele>3573</ele><time>2022-10-27T03:24:49Z</time></trkpt>
    <trkpt lat="28.21357" lon="85.52980"><ele>3581</ele><time>2022-10-27T03:25:08Z</time></trkpt>
    <trkpt lat="28.21354" lon="85.52994"><ele>3578</ele><time>2022-10-27T03:25:26Z</time></trkpt>
    <trkpt lat="28.21344" lon="85.53008"><ele>3578</ele><time>2022-10-27T03:25:45Z</time></trkpt>
    <trkpt lat="28.21339" lon="85.53019"><ele>3577</ele><time>2022-10-27T03:26:04Z</time></trkpt>
    <trkpt lat="28.21327" lon="85.53038"><ele>3575</ele><time>2022-10-27T03:26:53Z</time></trkpt>
    <trkpt lat="28.21318" lon="85.53051"><ele>3573</ele><time>2022-10-27T03:27:12Z</time></trkpt>
    <trkpt lat="28.21313" lon="85.53062"><ele>3578</ele><time>2022-10-27T03:27:30Z</time></trkpt>
    <trkpt lat="28.21305" lon="85.53074"><ele>3577</ele><time>2022-10-27T03:27:48Z</time></trkpt>
    <trkpt lat="28.21297" lon="85.53090"><ele>3574</ele><time>2022-10-27T03:28:07Z</time></trkpt>
    <trkpt lat="28.21286" lon="85.53105"><ele>3572</ele><time>2022-10-27T03:28:25Z</time></trkpt>
    <trkpt lat="28.21275" lon="85.53122"><ele>3576</ele><time>2022-10-27T03:28:44Z</time></trkpt>
    <trkpt lat="28.21272" lon="85.53138"><ele>3575</ele><time>2022-10-27T03:29:03Z</time></trkpt>
    <trkpt lat="28.21270" lon="85.53152"><ele>3574</ele><time>2022-10-27T03:29:22Z</time></trkpt>
    <trkpt lat="28.21269" lon="85.53169"><ele>3581</ele><time>2022-10-27T03:29:41Z</time></trkpt>
    <trkpt lat="28.21265" lon="85.53184"><ele>3584</ele><time>2022-10-27T03:29:59Z</time></trkpt>
    <trkpt lat="28.21266" lon="85.53197"><ele>3590</ele><time>2022-10-27T03:30:17Z</time></trkpt>
    <trkpt lat="28.21261" lon="85.53214"><ele>3595</ele><time>2022-10-27T03:30:36Z</time></trkpt>
    <trkpt lat="28.21256" lon="85.53227"><ele>3593</ele><time>2022-10-27T03:30:54Z</time></trkpt>
    <trkpt lat="28.21254" lon="85.53246"><ele>3593</ele><time>2022-10-27T03:31:58Z</time></trkpt>
    <trkpt lat="28.21251" lon="85.53258"><ele>3595</ele><time>2022-10-27T03:32:17Z</time></trkpt>
    <trkpt lat="28.21247" lon="85.53277"><ele>3597</ele><time>2022-10-27T03:32:36Z</time></trkpt>
    <trkpt lat="28.21244" lon="85.53294"><ele>3596</ele><time>2022-10-27T03:32:54Z</time></trkpt>
    <trkpt lat="28.21239" lon="85.53309"><ele>3601</ele><time>2022-10-27T03:33:12Z</time></trkpt>
    <trkpt lat="28.21232" lon="85.53324"><ele>3603</ele><time>2022-10-27T03:33:31Z</time></trkpt>
    <trkpt lat="28.21225" lon="85.53340"><ele>3603</ele><time>2022-10-27T03:33:50Z</time></trkpt>
    <trkpt lat="28.21221" lon="85.53356"><ele>3602</ele><time>2022-10-27T03:34:09Z</time></trkpt>
    <trkpt lat="28.21217" lon="85.53367"><ele>3600</ele><time>2022-10-27T03:34:27Z</time></trkpt>
    <trkpt lat="28.21212" lon="85.53382"><ele>3600</ele><time>2022-10-27T03:34:46Z</time></trkpt>
    <trkpt lat="28.21207" lon="85.53398"><ele>3600</ele><time>2022-10-27T03:35:04Z</time></trkpt>
    <trkpt lat="28.21205" lon="85.53413"><ele>3601</ele><time>2022-10-27T03:35:23Z</time></trkpt>
    <trkpt lat="28.21198" lon="85.53427"><ele>3599</ele><time>2022-10-27T03:35:42Z</time></trkpt>
    <trkpt lat="28.21188" lon="85.53441"><ele>3604</ele><time>2022-10-27T03:36:01Z</time></trkpt>
    <trkpt lat="28.21181" lon="85.53455"><ele>3609</ele><time>2022-10-27T03:36:20Z</time></trkpt>
    <trkpt lat="28.21174" lon="85.53479"><ele>3602</ele><time>2022-10-27T03:36:57Z</time></trkpt>
    <trkpt lat="28.21166" lon="85.53487"><ele>3599</ele><time>2022-10-27T03:37:15Z</time></trkpt>
    <trkpt lat="28.21157" lon="85.53500"><ele>3599</ele><time>2022-10-27T03:37:34Z</time></trkpt>
    <trkpt lat="28.21153" lon="85.53511"><ele>3605</ele><time>2022-10-27T03:37:53Z</time></trkpt>
    <trkpt lat="28.21150" lon="85.53524"><ele>3611</ele><time>2022-10-27T03:38:11Z</time></trkpt>
    <trkpt lat="28.21146" lon="85.53537"><ele>3618</ele><time>2022-10-27T03:38:30Z</time></trkpt>
    <trkpt lat="28.21144" lon="85.53548"><ele>3623</ele><time>2022-10-27T03:38:49Z</time></trkpt>
    <trkpt lat="28.21142" lon="85.53559"><ele>3619</ele><time>2022-10-27T03:39:07Z</time></trkpt>
    <trkpt lat="28.21144" lon="85.53569"><ele>3622</ele><time>2022-10-27T03:39:57Z</time></trkpt>
    <trkpt lat="28.21137" lon="85.53584"><ele>3621</ele><time>2022-10-27T03:40:16Z</time></trkpt>
    <trkpt lat="28.21133" lon="85.53597"><ele>3621</ele><time>2022-10-27T03:40:35Z</time></trkpt>
    <trkpt lat="28.21127" lon="85.53611"><ele>3623</ele><time>2022-10-27T03:40:54Z</time></trkpt>
    <trkpt lat="28.21126" lon="85.53622"><ele>3622</ele><time>2022-10-27T03:41:12Z</time></trkpt>
    <trkpt lat="28.21119" lon="85.53629"><ele>3626</ele><time>2022-10-27T03:41:31Z</time></trkpt>
    <trkpt lat="28.21119" lon="85.53648"><ele>3630</ele><time>2022-10-27T03:43:07Z</time></trkpt>
    <trkpt lat="28.21115" lon="85.53661"><ele>3632</ele><time>2022-10-27T03:43:25Z</time></trkpt>
    <trkpt lat="28.21106" lon="85.53674"><ele>3629</ele><time>2022-10-27T03:43:44Z</time></trkpt>
    <trkpt lat="28.21104" lon="85.53687"><ele>3627</ele><time>2022-10-27T03:44:03Z</time></trkpt>
    <trkpt lat="28.21096" lon="85.53700"><ele>3620</ele><time>2022-10-27T03:44:22Z</time></trkpt>
    <trkpt lat="28.21090" lon="85.53713"><ele>3614</ele><time>2022-10-27T03:44:40Z</time></trkpt>
    <trkpt lat="28.21083" lon="85.53727"><ele>3615</ele><time>2022-10-27T03:44:58Z</time></trkpt>
    <trkpt lat="28.21078" lon="85.53741"><ele>3615</ele><time>2022-10-27T03:45:17Z</time></trkpt>
    <trkpt lat="28.21076" lon="85.53758"><ele>3616</ele><time>2022-10-27T03:45:35Z</time></trkpt>
    <trkpt lat="28.21070" lon="85.53773"><ele>3616</ele><time>2022-10-27T03:45:54Z</time></trkpt>
    <trkpt lat="28.21063" lon="85.53788"><ele>3615</ele><time>2022-10-27T03:46:13Z</time></trkpt>
    <trkpt lat="28.21057" lon="85.53804"><ele>3611</ele><time>2022-10-27T03:46:31Z</time></trkpt>
    <trkpt lat="28.21051" lon="85.53821"><ele>3603</ele><time>2022-10-27T03:46:50Z</time></trkpt>
    <trkpt lat="28.21048" lon="85.53839"><ele>3604</ele><time>2022-10-27T03:47:08Z</time></trkpt>
    <trkpt lat="28.21041" lon="85.53851"><ele>3604</ele><time>2022-10-27T03:47:27Z</time></trkpt>
    <trkpt lat="28.21037" lon="85.53871"><ele>3609</ele><time>2022-10-27T03:48:19Z</time></trkpt>
    <trkpt lat="28.21031" lon="85.53882"><ele>3611</ele><time>2022-10-27T03:48:38Z</time></trkpt>
    <trkpt lat="28.21027" lon="85.53893"><ele>3616</ele><time>2022-10-27T03:48:56Z</time></trkpt>
    <trkpt lat="28.21021" lon="85.53901"><ele>3616</ele><time>2022-10-27T03:49:14Z</time></trkpt>
    <trkpt lat="28.21011" lon="85.53917"><ele>3616</ele><time>2022-10-27T03:50:25Z</time></trkpt>
    <trkpt lat="28.21006" lon="85.53929"><ele>3613</ele><time>2022-10-27T03:50:43Z</time></trkpt>
    <trkpt lat="28.21002" lon="85.53941"><ele>3615</ele><time>2022-10-27T03:51:01Z</time></trkpt>
    <trkpt lat="28.20994" lon="85.53954"><ele>3616</ele><time>2022-10-27T03:51:19Z</time></trkpt>
    <trkpt lat="28.20986" lon="85.53967"><ele>3615</ele><time>2022-10-27T03:51:38Z</time></trkpt>
    <trkpt lat="28.20980" lon="85.53989"><ele>3619</ele><time>2022-10-27T03:54:02Z</time></trkpt>
    <trkpt lat="28.20978" lon="85.54001"><ele>3619</ele><time>2022-10-27T03:54:20Z</time></trkpt>
    <trkpt lat="28.20978" lon="85.54014"><ele>3623</ele><time>2022-10-27T03:54:39Z</time></trkpt>
    <trkpt lat="28.20980" lon="85.54027"><ele>3624</ele><time>2022-10-27T03:54:58Z</time></trkpt>
    <trkpt lat="28.20978" lon="85.54040"><ele>3624</ele><time>2022-10-27T03:55:16Z</time></trkpt>
    <trkpt lat="28.20977" lon="85.54051"><ele>3625</ele><time>2022-10-27T03:55:34Z</time></trkpt>
    <trkpt lat="28.20973" lon="85.54062"><ele>3627</ele><time>2022-10-27T03:55:52Z</time></trkpt>
    <trkpt lat="28.20972" lon="85.54079"><ele>3630</ele><time>2022-10-27T03:56:11Z</time></trkpt>
    <trkpt lat="28.20969" lon="85.54093"><ele>3631</ele><time>2022-10-27T03:56:30Z</time></trkpt>
    <trkpt lat="28.20970" lon="85.54109"><ele>3631</ele><time>2022-10-27T03:56:48Z</time></trkpt>
    <trkpt lat="28.20965" lon="85.54126"><ele>3634</ele><time>2022-10-27T03:57:06Z</time></trkpt>
    <trkpt lat="28.20961" lon="85.54143"><ele>3633</ele><time>2022-10-27T03:57:25Z</time></trkpt>
    <trkpt lat="28.20958" lon="85.54163"><ele>3634</ele><time>2022-10-27T03:57:44Z</time></trkpt>
    <trkpt lat="28.20954" lon="85.54184"><ele>3634</ele><time>2022-10-27T03:58:03Z</time></trkpt>
    <trkpt lat="28.20946" lon="85.54210"><ele>3628</ele><time>2022-10-27T03:58:41Z</time></trkpt>
    <trkpt lat="28.20950" lon="85.54229"><ele>3624</ele><time>2022-10-27T04:01:07Z</time></trkpt>
    <trkpt lat="28.20949" lon="85.54239"><ele>3613</ele><time>2022-10-27T04:01:26Z</time></trkpt>
    <trkpt lat="28.20954" lon="85.54253"><ele>3612</ele><time>2022-10-27T04:01:45Z</time></trkpt>
    <trkpt lat="28.20955" lon="85.54271"><ele>3612</ele><time>2022-10-27T04:02:04Z</time></trkpt>
    <trkpt lat="28.20963" lon="85.54282"><ele>3614</ele><time>2022-10-27T04:02:22Z</time></trkpt>
    <trkpt lat="28.20964" lon="85.54294"><ele>3614</ele><time>2022-10-27T04:02:41Z</time></trkpt>
    <trkpt lat="28.20965" lon="85.54311"><ele>3616</ele><time>2022-10-27T04:03:00Z</time></trkpt>
    <trkpt lat="28.20973" lon="85.54319"><ele>3613</ele><time>2022-10-27T04:03:18Z</time></trkpt>
    <trkpt lat="28.20981" lon="85.54337"><ele>3622</ele><time>2022-10-27T04:06:19Z</time></trkpt>
    <trkpt lat="28.20990" lon="85.54355"><ele>3627</ele><time>2022-10-27T04:06:56Z</time></trkpt>
    <trkpt lat="28.20997" lon="85.54366"><ele>3628</ele><time>2022-10-27T04:07:14Z</time></trkpt>
    <trkpt lat="28.21005" lon="85.54381"><ele>3632</ele><time>2022-10-27T04:07:33Z</time></trkpt>
    <trkpt lat="28.21009" lon="85.54393"><ele>3632</ele><time>2022-10-27T04:07:51Z</time></trkpt>
    <trkpt lat="28.21005" lon="85.54414"><ele>3637</ele><time>2022-10-27T04:08:10Z</time></trkpt>
    <trkpt lat="28.21011" lon="85.54435"><ele>3643</ele><time>2022-10-27T04:10:47Z</time></trkpt>
    <trkpt lat="28.21012" lon="85.54456"><ele>3638</ele><time>2022-10-27T04:11:05Z</time></trkpt>
    <trkpt lat="28.21008" lon="85.54472"><ele>3630</ele><time>2022-10-27T04:11:23Z</time></trkpt>
    <trkpt lat="28.21009" lon="85.54484"><ele>3627</ele><time>2022-10-27T04:11:41Z</time></trkpt>
    <trkpt lat="28.21008" lon="85.54496"><ele>3628</ele><time>2022-10-27T04:12:00Z</time></trkpt>
    <trkpt lat="28.21004" lon="85.54514"><ele>3633</ele><time>2022-10-27T04:12:18Z</time></trkpt>
    <trkpt lat="28.21005" lon="85.54533"><ele>3629</ele><time>2022-10-27T04:12:37Z</time></trkpt>
    <trkpt lat="28.21000" lon="85.54547"><ele>3632</ele><time>2022-10-27T04:12:56Z</time></trkpt>
    <trkpt lat="28.21003" lon="85.54558"><ele>3633</ele><time>2022-10-27T04:13:15Z</time></trkpt>
    <trkpt lat="28.21004" lon="85.54572"><ele>3638</ele><time>2022-10-27T04:13:34Z</time></trkpt>
    <trkpt lat="28.21002" lon="85.54585"><ele>3639</ele><time>2022-10-27T04:13:53Z</time></trkpt>
    <trkpt lat="28.20997" lon="85.54601"><ele>3641</ele><time>2022-10-27T04:14:12Z</time></trkpt>
    <trkpt lat="28.20993" lon="85.54618"><ele>3644</ele><time>2022-10-27T04:14:30Z</time></trkpt>
    <trkpt lat="28.20993" lon="85.54633"><ele>3645</ele><time>2022-10-27T04:14:48Z</time></trkpt>
    <trkpt lat="28.20989" lon="85.54651"><ele>3645</ele><time>2022-10-27T04:15:07Z</time></trkpt>
    <trkpt lat="28.20991" lon="85.54663"><ele>3639</ele><time>2022-10-27T04:15:26Z</time></trkpt>
    <trkpt lat="28.20990" lon="85.54675"><ele>3640</ele><time>2022-10-27T04:15:44Z</time></trkpt>
    <trkpt lat="28.20986" lon="85.54688"><ele>3639</ele><time>2022-10-27T04:16:03Z</time></trkpt>
    <trkpt lat="28.20991" lon="85.54696"><ele>3644</ele><time>2022-10-27T04:16:27Z</time></trkpt>
    <trkpt lat="28.20994" lon="85.54713"><ele>3647</ele><time>2022-10-27T04:16:46Z</time></trkpt>
    <trkpt lat="28.20998" lon="85.54726"><ele>3647</ele><time>2022-10-27T04:17:05Z</time></trkpt>
    <trkpt lat="28.20999" lon="85.54750"><ele>3646</ele><time>2022-10-27T04:18:03Z</time></trkpt>
    <trkpt lat="28.21001" lon="85.54763"><ele>3652</ele><time>2022-10-27T04:18:21Z</time></trkpt>
    <trkpt lat="28.20999" lon="85.54778"><ele>3654</ele><time>2022-10-27T04:18:39Z</time></trkpt>
    <trkpt lat="28.20996" lon="85.54788"><ele>3658</ele><time>2022-10-27T04:18:58Z</time></trkpt>
    <trkpt lat="28.21003" lon="85.54806"><ele>3657</ele><time>2022-10-27T04:19:40Z</time></trkpt>
    <trkpt lat="28.21000" lon="85.54831"><ele>3662</ele><time>2022-10-27T04:20:20Z</time></trkpt>
    <trkpt lat="28.21002" lon="85.54844"><ele>3659</ele><time>2022-10-27T04:20:38Z</time></trkpt>
    <trkpt lat="28.20995" lon="85.54865"><ele>3666</ele><time>2022-10-27T04:21:15Z</time></trkpt>
    <trkpt lat="28.20990" lon="85.54875"><ele>3667</ele><time>2022-10-27T04:21:33Z</time></trkpt>
    <trkpt lat="28.20995" lon="85.54892"><ele>3666</ele><time>2022-10-27T04:22:10Z</time></trkpt>
    <trkpt lat="28.20998" lon="85.54906"><ele>3673</ele><time>2022-10-27T04:22:29Z</time></trkpt>
    <trkpt lat="28.21000" lon="85.54916"><ele>3673</ele><time>2022-10-27T04:22:48Z</time></trkpt>
    <trkpt lat="28.21004" lon="85.54925"><ele>3672</ele><time>2022-10-27T04:23:06Z</time></trkpt>
    <trkpt lat="28.21006" lon="85.54944"><ele>3682</ele><time>2022-10-27T04:23:51Z</time></trkpt>
    <trkpt lat="28.21009" lon="85.54963"><ele>3682</ele><time>2022-10-27T04:24:28Z</time></trkpt>
    <trkpt lat="28.21017" lon="85.54978"><ele>3685</ele><time>2022-10-27T04:24:46Z</time></trkpt>
    <trkpt lat="28.21018" lon="85.54993"><ele>3688</ele><time>2022-10-27T04:25:05Z</time></trkpt>
    <trkpt lat="28.21024" lon="85.55011"><ele>3691</ele><time>2022-10-27T04:26:25Z</time></trkpt>
    <trkpt lat="28.21032" lon="85.55028"><ele>3691</ele><time>2022-10-27T04:28:02Z</time></trkpt>
    <trkpt lat="28.21035" lon="85.55038"><ele>3693</ele><time>2022-10-27T04:28:20Z</time></trkpt>
    <trkpt lat="28.21037" lon="85.55052"><ele>3693</ele><time>2022-10-27T04:28:39Z</time></trkpt>
    <trkpt lat="28.21047" lon="85.55068"><ele>3702</ele><time>2022-10-27T04:29:26Z</time></trkpt>
    <trkpt lat="28.21057" lon="85.55089"><ele>3700</ele><time>2022-10-27T04:30:10Z</time></trkpt>
    <trkpt lat="28.21064" lon="85.55110"><ele>3702</ele><time>2022-10-27T04:30:28Z</time></trkpt>
    <trkpt lat="28.21062" lon="85.55134"><ele>3704</ele><time>2022-10-27T04:30:47Z</time></trkpt>
    <trkpt lat="28.21060" lon="85.55151"><ele>3704</ele><time>2022-10-27T04:31:06Z</time></trkpt>
    <trkpt lat="28.21049" lon="85.55167"><ele>3710</ele><time>2022-10-27T04:36:21Z</time></trkpt>
    <trkpt lat="28.21053" lon="85.55188"><ele>3711</ele><time>2022-10-27T04:36:59Z</time></trkpt>
    <trkpt lat="28.21058" lon="85.55201"><ele>3712</ele><time>2022-10-27T04:37:18Z</time></trkpt>
    <trkpt lat="28.21063" lon="85.55220"><ele>3709</ele><time>2022-10-27T04:37:59Z</time></trkpt>
    <trkpt lat="28.21054" lon="85.55232"><ele>3713</ele><time>2022-10-27T04:38:18Z</time></trkpt>
    <trkpt lat="28.21055" lon="85.55254"><ele>3711</ele><time>2022-10-27T04:44:54Z</time></trkpt>
    <trkpt lat="28.21060" lon="85.55269"><ele>3710</ele><time>2022-10-27T04:45:12Z</time></trkpt>
    <trkpt lat="28.21061" lon="85.55284"><ele>3714</ele><time>2022-10-27T04:45:30Z</time></trkpt>
    <trkpt lat="28.21066" lon="85.55302"><ele>3716</ele><time>2022-10-27T04:46:23Z</time></trkpt>
    <trkpt lat="28.21064" lon="85.55313"><ele>3719</ele><time>2022-10-27T04:46:41Z</time></trkpt>
    <trkpt lat="28.21064" lon="85.55334"><ele>3721</ele><time>2022-10-27T04:47:26Z</time></trkpt>
    <trkpt lat="28.21060" lon="85.55348"><ele>3719</ele><time>2022-10-27T04:47:45Z</time></trkpt>
    <trkpt lat="28.21059" lon="85.55364"><ele>3724</ele><time>2022-10-27T04:48:04Z</time></trkpt>
    <trkpt lat="28.21064" lon="85.55379"><ele>3723</ele><time>2022-10-27T04:48:23Z</time></trkpt>
    <trkpt lat="28.21063" lon="85.55393"><ele>3721</ele><time>2022-10-27T04:48:41Z</time></trkpt>
    <trkpt lat="28.21065" lon="85.55404"><ele>3724</ele><time>2022-10-27T04:49:00Z</time></trkpt>
    <trkpt lat="28.21066" lon="85.55419"><ele>3726</ele><time>2022-10-27T04:49:19Z</time></trkpt>
    <trkpt lat="28.21068" lon="85.55438"><ele>3730</ele><time>2022-10-27T04:55:52Z</time></trkpt>
    <trkpt lat="28.21066" lon="85.55448"><ele>3729</ele><time>2022-10-27T04:56:10Z</time></trkpt>
    <trkpt lat="28.21073" lon="85.55471"><ele>3729</ele><time>2022-10-27T04:57:34Z</time></trkpt>
    <trkpt lat="28.21067" lon="85.55496"><ele>3736</ele><time>2022-10-27T04:58:29Z</time></trkpt>
    <trkpt lat="28.21068" lon="85.55511"><ele>3736</ele><time>2022-10-27T04:58:47Z</time></trkpt>
    <trkpt lat="28.21068" lon="85.55524"><ele>3736</ele><time>2022-10-27T04:59:06Z</time></trkpt>
    <trkpt lat="28.21073" lon="85.55537"><ele>3736</ele><time>2022-10-27T04:59:24Z</time></trkpt>
    <trkpt lat="28.21080" lon="85.55549"><ele>3734</ele><time>2022-10-27T04:59:43Z</time></trkpt>
    <trkpt lat="28.21083" lon="85.55559"><ele>3735</ele><time>2022-10-27T05:00:01Z</time></trkpt>
    <trkpt lat="28.21084" lon="85.55574"><ele>3738</ele><time>2022-10-27T05:00:20Z</time></trkpt>
    <trkpt lat="28.21072" lon="85.55593"><ele>3738</ele><time>2022-10-27T05:00:58Z</time></trkpt>
    <trkpt lat="28.21065" lon="85.55606"><ele>3742</ele><time>2022-10-27T05:01:17Z</time></trkpt>
    <trkpt lat="28.21064" lon="85.55619"><ele>3744</ele><time>2022-10-27T05:01:36Z</time></trkpt>
    <trkpt lat="28.21056" lon="85.55635"><ele>3745</ele><time>2022-10-27T05:03:07Z</time></trkpt>
    <trkpt lat="28.21052" lon="85.55647"><ele>3746</ele><time>2022-10-27T05:03:25Z</time></trkpt>
    <trkpt lat="28.21052" lon="85.55664"><ele>3746</ele><time>2022-10-27T05:03:44Z</time></trkpt>
    <trkpt lat="28.21053" lon="85.55674"><ele>3748</ele><time>2022-10-27T05:04:03Z</time></trkpt>
    <trkpt lat="28.21050" lon="85.55692"><ele>3752</ele><time>2022-10-27T05:06:32Z</time></trkpt>
    <trkpt lat="28.21045" lon="85.55708"><ele>3751</ele><time>2022-10-27T05:08:12Z</time></trkpt>
    <trkpt lat="28.21044" lon="85.55721"><ele>3758</ele><time>2022-10-27T05:13:51Z</time></trkpt>
    <trkpt lat="28.21032" lon="85.55734"><ele>3757</ele><time>2022-10-27T05:14:56Z</time></trkpt>
    <trkpt lat="28.21042" lon="85.55748"><ele>3758</ele><time>2022-10-27T05:16:32Z</time></trkpt>
    <trkpt lat="28.21050" lon="85.55755"><ele>3757</ele><time>2022-10-27T05:16:50Z</time></trkpt>
    <trkpt lat="28.21064" lon="85.55761"><ele>3763</ele><time>2022-10-27T05:21:24Z</time></trkpt>
    <trkpt lat="28.21067" lon="85.55780"><ele>3759</ele><time>2022-10-27T05:26:13Z</time></trkpt>
    <trkpt lat="28.21065" lon="85.55791"><ele>3762</ele><time>2022-10-27T05:26:31Z</time></trkpt>
    <trkpt lat="28.21061" lon="85.55813"><ele>3767</ele><time>2022-10-27T05:27:18Z</time></trkpt>
    <trkpt lat="28.21069" lon="85.55825"><ele>3766</ele><time>2022-10-27T05:27:37Z</time></trkpt>
    <trkpt lat="28.21067" lon="85.55840"><ele>3771</ele><time>2022-10-27T05:27:56Z</time></trkpt>
    <trkpt lat="28.21077" lon="85.55857"><ele>3775</ele><time>2022-10-27T05:28:34Z</time></trkpt>
    <trkpt lat="28.21091" lon="85.55866"><ele>3776</ele><time>2022-10-27T05:29:13Z</time></trkpt>
    <trkpt lat="28.21101" lon="85.55854"><ele>3779</ele><time>2022-10-27T05:32:30Z</time></trkpt>
    <trkpt lat="28.21111" lon="85.55840"><ele>3779</ele><time>2022-10-27T05:32:49Z</time></trkpt>
    <trkpt lat="28.21095" lon="85.55852"><ele>3780</ele><time>2022-10-27T05:34:14Z</time></trkpt>
    <trkpt lat="28.21098" lon="85.55875"><ele>3784</ele><time>2022-10-27T05:40:48Z</time></trkpt>
    <trkpt lat="28.21106" lon="85.55887"><ele>3783</ele><time>2022-10-27T05:41:06Z</time></trkpt>
    <trkpt lat="28.21114" lon="85.55895"><ele>3781</ele><time>2022-10-27T05:41:24Z</time></trkpt>
    <trkpt lat="28.21117" lon="85.55906"><ele>3783</ele><time>2022-10-27T05:41:43Z</time></trkpt>
    <trkpt lat="28.21125" lon="85.55918"><ele>3781</ele><time>2022-10-27T05:42:01Z</time></trkpt>
    <trkpt lat="28.21138" lon="85.55940"><ele>3779</ele><time>2022-10-27T05:42:40Z</time></trkpt>
    <trkpt lat="28.21149" lon="85.55948"><ele>3781</ele><time>2022-10-27T05:42:58Z</time></trkpt>
    <trkpt lat="28.21152" lon="85.55963"><ele>3780</ele><time>2022-10-27T05:43:17Z</time></trkpt>
    <trkpt lat="28.21164" lon="85.55976"><ele>3786</ele><time>2022-10-27T05:46:52Z</time></trkpt>
    <trkpt lat="28.21171" lon="85.55986"><ele>3787</ele><time>2022-10-27T05:47:11Z</time></trkpt>
    <trkpt lat="28.21181" lon="85.55997"><ele>3792</ele><time>2022-10-27T05:47:29Z</time></trkpt>
    <trkpt lat="28.21191" lon="85.56012"><ele>3799</ele><time>2022-10-27T05:48:21Z</time></trkpt>
    <trkpt lat="28.21201" lon="85.56015"><ele>3799</ele><time>2022-10-27T05:48:40Z</time></trkpt>
    <trkpt lat="28.21210" lon="85.56022"><ele>3796</ele><time>2022-10-27T05:48:58Z</time></trkpt>
    <trkpt lat="28.21226" lon="85.56035"><ele>3793</ele><time>2022-10-27T05:49:36Z</time></trkpt>
    <trkpt lat="28.21237" lon="85.56038"><ele>3796</ele><time>2022-10-27T05:49:54Z</time></trkpt>
    <trkpt lat="28.21252" lon="85.56048"><ele>3803</ele><time>2022-10-27T05:51:12Z</time></trkpt>
    <trkpt lat="28.21264" lon="85.56060"><ele>3808</ele><time>2022-10-27T05:52:30Z</time></trkpt>
    <trkpt lat="28.21272" lon="85.56071"><ele>3812</ele><time>2022-10-27T05:52:49Z</time></trkpt>
    <trkpt lat="28.21279" lon="85.56080"><ele>3808</ele><time>2022-10-27T05:53:07Z</time></trkpt>
    <trkpt lat="28.21284" lon="85.56096"><ele>3810</ele><time>2022-10-27T05:53:26Z</time></trkpt>
    <trkpt lat="28.21285" lon="85.56110"><ele>3812</ele><time>2022-10-27T05:53:44Z</time></trkpt>
    <trkpt lat="28.21288" lon="85.56123"><ele>3823</ele><time>2022-10-27T05:54:02Z</time></trkpt>
    <trkpt lat="28.21289" lon="85.56135"><ele>3828</ele><time>2022-10-27T05:54:21Z</time></trkpt>
    <trkpt lat="28.21292" lon="85.56152"><ele>3823</ele><time>2022-10-27T05:54:40Z</time></trkpt>
    <trkpt lat="28.21298" lon="85.56162"><ele>3821</ele><time>2022-10-27T05:54:58Z</time></trkpt>
    <trkpt lat="28.21296" lon="85.56181"><ele>3823</ele><time>2022-10-27T05:56:19Z</time></trkpt>
    <trkpt lat="28.21296" lon="85.56192"><ele>3823</ele><time>2022-10-27T05:56:38Z</time></trkpt>
    <trkpt lat="28.21296" lon="85.56205"><ele>3820</ele><time>2022-10-27T05:56:56Z</time></trkpt>
    <trkpt lat="28.21299" lon="85.56218"><ele>3822</ele><time>2022-10-27T05:57:15Z</time></trkpt>
    <trkpt lat="28.21295" lon="85.56236"><ele>3839</ele><time>2022-10-27T06:02:11Z</time></trkpt>
    <trkpt lat="28.21292" lon="85.56254"><ele>3831</ele><time>2022-10-27T06:04:59Z</time></trkpt>
    <trkpt lat="28.21283" lon="85.56276"><ele>3837</ele><time>2022-10-27T06:05:17Z</time></trkpt>
    <trkpt lat="28.21278" lon="85.56292"><ele>3842</ele><time>2022-10-27T06:05:35Z</time></trkpt>
    <trkpt lat="28.21273" lon="85.56310"><ele>3828</ele><time>2022-10-27T06:06:38Z</time></trkpt>
    <trkpt lat="28.21269" lon="85.56326"><ele>3829</ele><time>2022-10-27T06:06:56Z</time></trkpt>
    <trkpt lat="28.21263" lon="85.56339"><ele>3830</ele><time>2022-10-27T06:07:14Z</time></trkpt>
    <trkpt lat="28.21250" lon="85.56348"><ele>3826</ele><time>2022-10-27T06:07:32Z</time></trkpt>
    <trkpt lat="28.21238" lon="85.56347"><ele>3825</ele><time>2022-10-27T06:07:51Z</time></trkpt>
    <trkpt lat="28.21224" lon="85.56372"><ele>3827</ele><time>2022-10-27T06:08:30Z</time></trkpt>
    <trkpt lat="28.21211" lon="85.56376"><ele>3820</ele><time>2022-10-27T06:08:48Z</time></trkpt>
    <trkpt lat="28.21198" lon="85.56380"><ele>3828</ele><time>2022-10-27T06:09:07Z</time></trkpt>
    <trkpt lat="28.21200" lon="85.56392"><ele>3838</ele><time>2022-10-27T06:09:25Z</time></trkpt>
    <trkpt lat="28.21213" lon="85.56396"><ele>3832</ele><time>2022-10-27T06:09:43Z</time></trkpt>
    <trkpt lat="28.21223" lon="85.56415"><ele>3842</ele><time>2022-10-27T06:10:59Z</time></trkpt>
    <trkpt lat="28.21231" lon="85.56426"><ele>3836</ele><time>2022-10-27T06:11:17Z</time></trkpt>
    <trkpt lat="28.21232" lon="85.56447"><ele>3837</ele><time>2022-10-27T06:11:35Z</time></trkpt>
    <trkpt lat="28.21237" lon="85.56461"><ele>3840</ele><time>2022-10-27T06:11:53Z</time></trkpt>
    <trkpt lat="28.21249" lon="85.56463"><ele>3834</ele><time>2022-10-27T06:12:12Z</time></trkpt>
    <trkpt lat="28.21255" lon="85.56480"><ele>3837</ele><time>2022-10-27T06:13:22Z</time></trkpt>
    <trkpt lat="28.21254" lon="85.56492"><ele>3839</ele><time>2022-10-27T06:13:41Z</time></trkpt>
    <trkpt lat="28.21264" lon="85.56512"><ele>3849</ele><time>2022-10-27T06:14:30Z</time></trkpt>
    <trkpt lat="28.21267" lon="85.56529"><ele>3849</ele><time>2022-10-27T06:15:39Z</time></trkpt>
    <trkpt lat="28.21250" lon="85.56533"><ele>3853</ele><time>2022-10-27T06:17:39Z</time></trkpt>
    <trkpt lat="28.21242" lon="85.56517"><ele>3864</ele><time>2022-10-27T06:20:25Z</time></trkpt>
    <trkpt lat="28.21228" lon="85.56513"><ele>3865</ele><time>2022-10-27T06:20:44Z</time></trkpt>
    <trkpt lat="28.21222" lon="85.56521"><ele>3864</ele><time>2022-10-27T06:21:02Z</time></trkpt>
    <trkpt lat="28.21207" lon="85.56520"><ele>3864</ele><time>2022-10-27T06:21:20Z</time></trkpt>
    <trkpt lat="28.21226" lon="85.56530"><ele>3869</ele><time>2022-10-27T06:23:21Z</time></trkpt>
    <trkpt lat="28.21232" lon="85.56539"><ele>3868</ele><time>2022-10-27T06:23:39Z</time></trkpt>
    <trkpt lat="28.21244" lon="85.56540"><ele>3872</ele><time>2022-10-27T06:23:57Z</time></trkpt>
    <trkpt lat="28.21253" lon="85.56535"><ele>3872</ele><time>2022-10-27T06:24:16Z</time></trkpt>
    <trkpt lat="28.21264" lon="85.56536"><ele>3875</ele><time>2022-10-27T06:24:34Z</time></trkpt>
    <trkpt lat="28.21259" lon="85.56553"><ele>3861</ele><time>2022-10-27T06:25:27Z</time></trkpt>
    <trkpt lat="28.21262" lon="85.56567"><ele>3859</ele><time>2022-10-27T06:25:46Z</time></trkpt>
    <trkpt lat="28.21254" lon="85.56576"><ele>3858</ele><time>2022-10-27T06:26:05Z</time></trkpt>
    <trkpt lat="28.21252" lon="85.56594"><ele>3858</ele><time>2022-10-27T06:27:44Z</time></trkpt>
    <trkpt lat="28.21246" lon="85.56605"><ele>3860</ele><time>2022-10-27T06:28:02Z</time></trkpt>
    <trkpt lat="28.21236" lon="85.56612"><ele>3863</ele><time>2022-10-27T06:28:20Z</time></trkpt>
    <trkpt lat="28.21218" lon="85.56621"><ele>3867</ele><time>2022-10-27T06:30:32Z</time></trkpt>
    <trkpt lat="28.21210" lon="85.56626"><ele>3865</ele><time>2022-10-27T06:30:50Z</time></trkpt>
    <trkpt lat="28.21204" lon="85.56646"><ele>3865</ele><time>2022-10-27T06:31:49Z</time></trkpt>
    <trkpt lat="28.21203" lon="85.56656"><ele>3868</ele><time>2022-10-27T06:32:08Z</time></trkpt>
    <trkpt lat="28.21207" lon="85.56669"><ele>3870</ele><time>2022-10-27T06:32:27Z</time></trkpt>
    <trkpt lat="28.21216" lon="85.56686"><ele>3871</ele><time>2022-10-27T06:35:03Z</time></trkpt>
    <trkpt lat="28.21226" lon="85.56691"><ele>3875</ele><time>2022-10-27T06:35:22Z</time></trkpt>
    <trkpt lat="28.21212" lon="85.56671"><ele>3852</ele><time>2022-10-27T07:46:44Z</time></trkpt>
    <trkpt lat="28.21205" lon="85.56647"><ele>3855</ele><time>2022-10-27T07:47:03Z</time></trkpt>
    <trkpt lat="28.21213" lon="85.56629"><ele>3856</ele><time>2022-10-27T07:47:21Z</time></trkpt>
    <trkpt lat="28.21237" lon="85.56618"><ele>3853</ele><time>2022-10-27T07:47:39Z</time></trkpt>
    <trkpt lat="28.21253" lon="85.56621"><ele>3856</ele><time>2022-10-27T07:47:58Z</time></trkpt>
    <trkpt lat="28.21272" lon="85.56625"><ele>3852</ele><time>2022-10-27T07:48:17Z</time></trkpt>
    <trkpt lat="28.21278" lon="85.56643"><ele>3856</ele><time>2022-10-27T07:48:36Z</time></trkpt>
    <trkpt lat="28.21279" lon="85.56663"><ele>3858</ele><time>2022-10-27T07:48:55Z</time></trkpt>
    <trkpt lat="28.21276" lon="85.56680"><ele>3856</ele><time>2022-10-27T07:49:14Z</time></trkpt>
    <trkpt lat="28.21274" lon="85.56694"><ele>3863</ele><time>2022-10-27T07:49:32Z</time></trkpt>
    <trkpt lat="28.21280" lon="85.56711"><ele>3862</ele><time>2022-10-27T07:49:51Z</time></trkpt>
    <trkpt lat="28.21288" lon="85.56723"><ele>3864</ele><time>2022-10-27T07:50:10Z</time></trkpt>
    <trkpt lat="28.21296" lon="85.56733"><ele>3857</ele><time>2022-10-27T07:50:29Z</time></trkpt>
    <trkpt lat="28.21294" lon="85.56747"><ele>3861</ele><time>2022-10-27T07:50:47Z</time></trkpt>
    <trkpt lat="28.21295" lon="85.56759"><ele>3867</ele><time>2022-10-27T07:51:06Z</time></trkpt>
    <trkpt lat="28.21308" lon="85.56756"><ele>3872</ele><time>2022-10-27T07:51:24Z</time></trkpt>
    <trkpt lat="28.21317" lon="85.56754"><ele>3876</ele><time>2022-10-27T07:51:43Z</time></trkpt>
    <trkpt lat="28.21318" lon="85.56765"><ele>3871</ele><time>2022-10-27T07:52:02Z</time></trkpt>
    <trkpt lat="28.21323" lon="85.56784"><ele>3883</ele><time>2022-10-27T07:52:42Z</time></trkpt>
    <trkpt lat="28.21317" lon="85.56796"><ele>3888</ele><time>2022-10-27T07:53:01Z</time></trkpt>
    <trkpt lat="28.21330" lon="85.56790"><ele>3893</ele><time>2022-10-27T07:53:19Z</time></trkpt>
    <trkpt lat="28.21344" lon="85.56794"><ele>3904</ele><time>2022-10-27T07:54:08Z</time></trkpt>
    <trkpt lat="28.21341" lon="85.56812"><ele>3921</ele><time>2022-10-27T07:54:48Z</time></trkpt>
    <trkpt lat="28.21346" lon="85.56830"><ele>3917</ele><time>2022-10-27T07:55:29Z</time></trkpt>
    <trkpt lat="28.21345" lon="85.56848"><ele>3916</ele><time>2022-10-27T07:56:17Z</time></trkpt>
    <trkpt lat="28.21346" lon="85.56860"><ele>3926</ele><time>2022-10-27T07:56:36Z</time></trkpt>
    <trkpt lat="28.21341" lon="85.56870"><ele>3928</ele><time>2022-10-27T07:56:54Z</time></trkpt>
    <trkpt lat="28.21339" lon="85.56881"><ele>3924</ele><time>2022-10-27T07:57:13Z</time></trkpt>
    <trkpt lat="28.21328" lon="85.56896"><ele>3937</ele><time>2022-10-27T07:57:50Z</time></trkpt>
    <trkpt lat="28.21325" lon="85.56915"><ele>3946</ele><time>2022-10-27T07:59:00Z</time></trkpt>
    <trkpt lat="28.21321" lon="85.56927"><ele>3953</ele><time>2022-10-27T07:59:19Z</time></trkpt>
    <trkpt lat="28.21326" lon="85.56936"><ele>3959</ele><time>2022-10-27T08:00:06Z</time></trkpt>
    <trkpt lat="28.21322" lon="85.56947"><ele>3964</ele><time>2022-10-27T08:00:24Z</time></trkpt>
    <trkpt lat="28.21319" lon="85.56959"><ele>3964</ele><time>2022-10-27T08:00:43Z</time></trkpt>
    <trkpt lat="28.21316" lon="85.56975"><ele>3977</ele><time>2022-10-27T08:01:30Z</time></trkpt>
    <trkpt lat="28.21317" lon="85.56986"><ele>3978</ele><time>2022-10-27T08:01:48Z</time></trkpt>
    <trkpt lat="28.21313" lon="85.57005"><ele>3991</ele><time>2022-10-27T08:02:25Z</time></trkpt>
    <trkpt lat="28.21311" lon="85.57026"><ele>4001</ele><time>2022-10-27T08:03:10Z</time></trkpt>
    <trkpt lat="28.21319" lon="85.57038"><ele>4007</ele><time>2022-10-27T08:03:29Z</time></trkpt>
    <trkpt lat="28.21334" lon="85.57027"><ele>3997</ele><time>2022-10-27T08:04:14Z</time></trkpt>
    <trkpt lat="28.21342" lon="85.57043"><ele>4002</ele><time>2022-10-27T08:05:09Z</time></trkpt>
    <trkpt lat="28.21350" lon="85.57048"><ele>3998</ele><time>2022-10-27T08:05:27Z</time></trkpt>
    <trkpt lat="28.21363" lon="85.57042"><ele>4023</ele><time>2022-10-27T08:06:54Z</time></trkpt>
    <trkpt lat="28.21375" lon="85.57054"><ele>4029</ele><time>2022-10-27T08:07:56Z</time></trkpt>
    <trkpt lat="28.21386" lon="85.57054"><ele>4032</ele><time>2022-10-27T08:08:14Z</time></trkpt>
    <trkpt lat="28.21401" lon="85.57045"><ele>4043</ele><time>2022-10-27T08:09:02Z</time></trkpt>
    <trkpt lat="28.21416" lon="85.57040"><ele>4060</ele><time>2022-10-27T08:09:57Z</time></trkpt>
    <trkpt lat="28.21431" lon="85.57033"><ele>4067</ele><time>2022-10-27T08:10:36Z</time></trkpt>
    <trkpt lat="28.21430" lon="85.57052"><ele>4079</ele><time>2022-10-27T08:11:29Z</time></trkpt>
    <trkpt lat="28.21444" lon="85.57041"><ele>4077</ele><time>2022-10-27T08:12:11Z</time></trkpt>
    <trkpt lat="28.21465" lon="85.57039"><ele>4084</ele><time>2022-10-27T08:13:02Z</time></trkpt>
    <trkpt lat="28.21483" lon="85.57037"><ele>4095</ele><time>2022-10-27T08:13:47Z</time></trkpt>
    <trkpt lat="28.21494" lon="85.57050"><ele>4102</ele><time>2022-10-27T08:14:48Z</time></trkpt>
    <trkpt lat="28.21509" lon="85.57059"><ele>4109</ele><time>2022-10-27T08:15:37Z</time></trkpt>
    <trkpt lat="28.21523" lon="85.57044"><ele>4109</ele><time>2022-10-27T08:16:14Z</time></trkpt>
    <trkpt lat="28.21532" lon="85.57041"><ele>4109</ele><time>2022-10-27T08:16:33Z</time></trkpt>
    <trkpt lat="28.21550" lon="85.57043"><ele>4120</ele><time>2022-10-27T08:17:16Z</time></trkpt>
    <trkpt lat="28.21567" lon="85.57047"><ele>4129</ele><time>2022-10-27T08:17:56Z</time></trkpt>
    <trkpt lat="28.21576" lon="85.57045"><ele>4131</ele><time>2022-10-27T08:18:15Z</time></trkpt>
    <trkpt lat="28.21585" lon="85.57058"><ele>4141</ele><time>2022-10-27T08:19:18Z</time></trkpt>
    <trkpt lat="28.21596" lon="85.57067"><ele>4162</ele><time>2022-10-27T08:20:34Z</time></trkpt>
    <trkpt lat="28.21605" lon="85.57080"><ele>4180</ele><time>2022-10-27T08:22:10Z</time></trkpt>
    <trkpt lat="28.21619" lon="85.57089"><ele>4190</ele><time>2022-10-27T08:23:43Z</time></trkpt>
    <trkpt lat="28.21619" lon="85.57107"><ele>4208</ele><time>2022-10-27T08:24:54Z</time></trkpt>
    <trkpt lat="28.21634" lon="85.57098"><ele>4213</ele><time>2022-10-27T08:25:39Z</time></trkpt>
    <trkpt lat="28.21648" lon="85.57105"><ele>4222</ele><time>2022-10-27T08:26:42Z</time></trkpt>
    <trkpt lat="28.21647" lon="85.57124"><ele>4240</ele><time>2022-10-27T08:27:50Z</time></trkpt>
    <trkpt lat="28.21661" lon="85.57133"><ele>4258</ele><time>2022-10-27T08:29:15Z</time></trkpt>
    <trkpt lat="28.21675" lon="85.57125"><ele>4271</ele><time>2022-10-27T08:30:21Z</time></trkpt>
    <trkpt lat="28.21690" lon="85.57118"><ele>4257</ele><time>2022-10-27T08:31:14Z</time></trkpt>
    <trkpt lat="28.21702" lon="85.57128"><ele>4260</ele><time>2022-10-27T08:32:26Z</time></trkpt>
    <trkpt lat="28.21715" lon="85.57120"><ele>4261</ele><time>2022-10-27T08:33:04Z</time></trkpt>
    <trkpt lat="28.21730" lon="85.57117"><ele>4282</ele><time>2022-10-27T08:35:21Z</time></trkpt>
    <trkpt lat="28.21743" lon="85.57109"><ele>4289</ele><time>2022-10-27T08:36:15Z</time></trkpt>
    <trkpt lat="28.21758" lon="85.57112"><ele>4299</ele><time>2022-10-27T08:37:25Z</time></trkpt>
    <trkpt lat="28.21768" lon="85.57106"><ele>4303</ele><time>2022-10-27T08:38:28Z</time></trkpt>
    <trkpt lat="28.21779" lon="85.57117"><ele>4319</ele><time>2022-10-27T08:39:20Z</time></trkpt>
    <trkpt lat="28.21789" lon="85.57133"><ele>4330</ele><time>2022-10-27T08:40:49Z</time></trkpt>
    <trkpt lat="28.21795" lon="85.57146"><ele>4334</ele><time>2022-10-27T08:41:08Z</time></trkpt>
    <trkpt lat="28.21804" lon="85.57162"><ele>4343</ele><time>2022-10-27T08:41:44Z</time></trkpt>
    <trkpt lat="28.21813" lon="85.57174"><ele>4345</ele><time>2022-10-27T08:42:03Z</time></trkpt>
    <trkpt lat="28.21824" lon="85.57188"><ele>4343</ele><time>2022-10-27T08:43:14Z</time></trkpt>
    <trkpt lat="28.21840" lon="85.57202"><ele>4342</ele><time>2022-10-27T08:43:33Z</time></trkpt>
    <trkpt lat="28.21852" lon="85.57220"><ele>4346</ele><time>2022-10-27T08:43:51Z</time></trkpt>
    <trkpt lat="28.21862" lon="85.57231"><ele>4352</ele><time>2022-10-27T08:44:10Z</time></trkpt>
    <trkpt lat="28.21872" lon="85.57239"><ele>4353</ele><time>2022-10-27T08:44:28Z</time></trkpt>
    <trkpt lat="28.21893" lon="85.57242"><ele>4361</ele><time>2022-10-27T08:45:07Z</time></trkpt>
    <trkpt lat="28.21901" lon="85.57245"><ele>4360</ele><time>2022-10-27T08:45:25Z</time></trkpt>
    <trkpt lat="28.21913" lon="85.57248"><ele>4363</ele><time>2022-10-27T08:45:43Z</time></trkpt>
    <trkpt lat="28.21922" lon="85.57256"><ele>4366</ele><time>2022-10-27T08:46:02Z</time></trkpt>
    <trkpt lat="28.21931" lon="85.57262"><ele>4371</ele><time>2022-10-27T08:46:21Z</time></trkpt>
    <trkpt lat="28.21939" lon="85.57270"><ele>4372</ele><time>2022-10-27T08:46:39Z</time></trkpt>
    <trkpt lat="28.21950" lon="85.57279"><ele>4371</ele><time>2022-10-27T08:46:58Z</time></trkpt>
    <trkpt lat="28.21963" lon="85.57292"><ele>4373</ele><time>2022-10-27T08:47:17Z</time></trkpt>
    <trkpt lat="28.21974" lon="85.57298"><ele>4377</ele><time>2022-10-27T08:47:36Z</time></trkpt>
    <trkpt lat="28.21979" lon="85.57307"><ele>4381</ele><time>2022-10-27T08:47:54Z</time></trkpt>
    <trkpt lat="28.22000" lon="85.57316"><ele>4386</ele><time>2022-10-27T08:48:31Z</time></trkpt>
    <trkpt lat="28.22009" lon="85.57319"><ele>4385</ele><time>2022-10-27T08:48:50Z</time></trkpt>
    <trkpt lat="28.22022" lon="85.57334"><ele>4388</ele><time>2022-10-27T08:49:27Z</time></trkpt>
    <trkpt lat="28.22034" lon="85.57348"><ele>4401</ele><time>2022-10-27T08:50:21Z</time></trkpt>
    <trkpt lat="28.22039" lon="85.57358"><ele>4406</ele><time>2022-10-27T08:50:40Z</time></trkpt>
    <trkpt lat="28.22048" lon="85.57372"><ele>4416</ele><time>2022-10-27T08:51:31Z</time></trkpt>
    <trkpt lat="28.22063" lon="85.57378"><ele>4420</ele><time>2022-10-27T08:53:02Z</time></trkpt>
    <trkpt lat="28.22079" lon="85.57375"><ele>4429</ele><time>2022-10-27T08:54:35Z</time></trkpt>
    <trkpt lat="28.22089" lon="85.57389"><ele>4443</ele><time>2022-10-27T08:55:47Z</time></trkpt>
    <trkpt lat="28.22098" lon="85.57392"><ele>4443</ele><time>2022-10-27T08:56:06Z</time></trkpt>
    <trkpt lat="28.22110" lon="85.57397"><ele>4443</ele><time>2022-10-27T08:57:01Z</time></trkpt>
    <trkpt lat="28.22118" lon="85.57413"><ele>4457</ele><time>2022-10-27T08:57:53Z</time></trkpt>
    <trkpt lat="28.22133" lon="85.57421"><ele>4470</ele><time>2022-10-27T08:58:57Z</time></trkpt>
    <trkpt lat="28.22149" lon="85.57426"><ele>4465</ele><time>2022-10-27T08:59:47Z</time></trkpt>
    <trkpt lat="28.22162" lon="85.57422"><ele>4477</ele><time>2022-10-27T09:00:24Z</time></trkpt>
    <trkpt lat="28.22176" lon="85.57433"><ele>4486</ele><time>2022-10-27T09:01:13Z</time></trkpt>
    <trkpt lat="28.22177" lon="85.57448"><ele>4491</ele><time>2022-10-27T09:01:32Z</time></trkpt>
    <trkpt lat="28.22186" lon="85.57445"><ele>4492</ele><time>2022-10-27T09:01:50Z</time></trkpt>
    <trkpt lat="28.22196" lon="85.57460"><ele>4505</ele><time>2022-10-27T09:03:13Z</time></trkpt>
    <trkpt lat="28.22211" lon="85.57463"><ele>4515</ele><time>2022-10-27T09:04:21Z</time></trkpt>
    <trkpt lat="28.22220" lon="85.57476"><ele>4522</ele><time>2022-10-27T09:05:19Z</time></trkpt>
    <trkpt lat="28.22229" lon="85.57490"><ele>4536</ele><time>2022-10-27T09:06:29Z</time></trkpt>
    <trkpt lat="28.22240" lon="85.57503"><ele>4548</ele><time>2022-10-27T09:07:50Z</time></trkpt>
    <trkpt lat="28.22255" lon="85.57510"><ele>4551</ele><time>2022-10-27T09:09:06Z</time></trkpt>
    <trkpt lat="28.22271" lon="85.57517"><ele>4555</ele><time>2022-10-27T09:09:48Z</time></trkpt>
    <trkpt lat="28.22281" lon="85.57519"><ele>4558</ele><time>2022-10-27T09:10:06Z</time></trkpt>
    <trkpt lat="28.22300" lon="85.57526"><ele>4568</ele><time>2022-10-27T09:10:50Z</time></trkpt>
    <trkpt lat="28.22314" lon="85.57536"><ele>4574</ele><time>2022-10-27T09:11:47Z</time></trkpt>
    <trkpt lat="28.22327" lon="85.57546"><ele>4580</ele><time>2022-10-27T09:12:37Z</time></trkpt>
    <trkpt lat="28.22344" lon="85.57555"><ele>4593</ele><time>2022-10-27T09:13:20Z</time></trkpt>
    <trkpt lat="28.22342" lon="85.57565"><ele>4595</ele><time>2022-10-27T09:13:39Z</time></trkpt>
    <trkpt lat="28.22355" lon="85.57577"><ele>4599</ele><time>2022-10-27T09:14:26Z</time></trkpt>
    <trkpt lat="28.22362" lon="85.57602"><ele>4605</ele><time>2022-10-27T09:15:54Z</time></trkpt>
    <trkpt lat="28.22373" lon="85.57614"><ele>4607</ele><time>2022-10-27T09:16:13Z</time></trkpt>
    <trkpt lat="28.22374" lon="85.57638"><ele>4600</ele><time>2022-10-27T09:17:08Z</time></trkpt>
    <trkpt lat="28.22375" lon="85.57653"><ele>4595</ele><time>2022-10-27T09:17:27Z</time></trkpt>
    <trkpt lat="28.22377" lon="85.57664"><ele>4593</ele><time>2022-10-27T09:17:45Z</time></trkpt>
    <trkpt lat="28.22381" lon="85.57674"><ele>4593</ele><time>2022-10-27T09:18:04Z</time></trkpt>
    <trkpt lat="28.22387" lon="85.57688"><ele>4589</ele><time>2022-10-27T09:18:23Z</time></trkpt>
    <trkpt lat="28.22396" lon="85.57701"><ele>4585</ele><time>2022-10-27T09:18:42Z</time></trkpt>
    <trkpt lat="28.22405" lon="85.57715"><ele>4581</ele><time>2022-10-27T09:19:00Z</time></trkpt>
    <trkpt lat="28.22411" lon="85.57728"><ele>4583</ele><time>2022-10-27T09:19:19Z</time></trkpt>
    <trkpt lat="28.22411" lon="85.57747"><ele>4582</ele><time>2022-10-27T09:19:38Z</time></trkpt>
    <trkpt lat="28.22410" lon="85.57764"><ele>4584</ele><time>2022-10-27T09:19:57Z</time></trkpt>
    <trkpt lat="28.22413" lon="85.57778"><ele>4583</ele><time>2022-10-27T09:20:16Z</time></trkpt>
    <trkpt lat="28.22423" lon="85.57801"><ele>4579</ele><time>2022-10-27T09:21:10Z</time></trkpt>
    <trkpt lat="28.22426" lon="85.57819"><ele>4575</ele><time>2022-10-27T09:21:28Z</time></trkpt>
    <trkpt lat="28.22433" lon="85.57836"><ele>4577</ele><time>2022-10-27T09:21:46Z</time></trkpt>
    <trkpt lat="28.22433" lon="85.57852"><ele>4578</ele><time>2022-10-27T09:22:04Z</time></trkpt>
    <trkpt lat="28.22434" lon="85.57872"><ele>4574</ele><time>2022-10-27T09:22:22Z</time></trkpt>
    <trkpt lat="28.22437" lon="85.57889"><ele>4566</ele><time>2022-10-27T09:22:41Z</time></trkpt>
    <trkpt lat="28.22438" lon="85.57904"><ele>4561</ele><time>2022-10-27T09:22:59Z</time></trkpt>
    <trkpt lat="28.22439" lon="85.57923"><ele>4562</ele><time>2022-10-27T09:23:17Z</time></trkpt>
    <trkpt lat="28.22437" lon="85.57941"><ele>4559</ele><time>2022-10-27T09:23:36Z</time></trkpt>
    <trkpt lat="28.22435" lon="85.57957"><ele>4560</ele><time>2022-10-27T09:23:54Z</time></trkpt>
    <trkpt lat="28.22428" lon="85.57974"><ele>4561</ele><time>2022-10-27T09:24:44Z</time></trkpt>
    <trkpt lat="28.22419" lon="85.57986"><ele>4560</ele><time>2022-10-27T09:25:03Z</time></trkpt>
    <trkpt lat="28.22413" lon="85.58012"><ele>4537</ele><time>2022-10-27T09:26:18Z</time></trkpt>
    <trkpt lat="28.22414" lon="85.58029"><ele>4528</ele><time>2022-10-27T09:26:36Z</time></trkpt>
    <trkpt lat="28.22412" lon="85.58050"><ele>4525</ele><time>2022-10-27T09:26:55Z</time></trkpt>
    <trkpt lat="28.22413" lon="85.58066"><ele>4523</ele><time>2022-10-27T09:27:13Z</time></trkpt>
    <trkpt lat="28.22425" lon="85.58092"><ele>4513</ele><time>2022-10-27T09:28:19Z</time></trkpt>
    <trkpt lat="28.22435" lon="85.58103"><ele>4509</ele><time>2022-10-27T09:28:37Z</time></trkpt>
    <trkpt lat="28.22444" lon="85.58112"><ele>4509</ele><time>2022-10-27T09:28:55Z</time></trkpt>
    <trkpt lat="28.22458" lon="85.58130"><ele>4499</ele><time>2022-10-27T09:29:49Z</time></trkpt>
    <trkpt lat="28.22472" lon="85.58138"><ele>4492</ele><time>2022-10-27T09:30:08Z</time></trkpt>
    <trkpt lat="28.22481" lon="85.58148"><ele>4492</ele><time>2022-10-27T09:30:26Z</time></trkpt>
    <trkpt lat="28.22491" lon="85.58160"><ele>4494</ele><time>2022-10-27T09:30:45Z</time></trkpt>
    <trkpt lat="28.22487" lon="85.58175"><ele>4488</ele><time>2022-10-27T09:31:03Z</time></trkpt>
    <trkpt lat="28.22494" lon="85.58187"><ele>4484</ele><time>2022-10-27T09:31:22Z</time></trkpt>
    <trkpt lat="28.22507" lon="85.58197"><ele>4479</ele><time>2022-10-27T09:31:40Z</time></trkpt>
    <trkpt lat="28.22513" lon="85.58205"><ele>4477</ele><time>2022-10-27T09:31:59Z</time></trkpt>
    <trkpt lat="28.22525" lon="85.58212"><ele>4466</ele><time>2022-10-27T09:32:17Z</time></trkpt>
    <trkpt lat="28.22537" lon="85.58213"><ele>4462</ele><time>2022-10-27T09:32:35Z</time></trkpt>
    <trkpt lat="28.22543" lon="85.58236"><ele>4447</ele><time>2022-10-27T09:33:14Z</time></trkpt>
    <trkpt lat="28.22552" lon="85.58251"><ele>4443</ele><time>2022-10-27T09:35:00Z</time></trkpt>
    <trkpt lat="28.22561" lon="85.58256"><ele>4440</ele><time>2022-10-27T09:35:18Z</time></trkpt>
    <trkpt lat="28.22570" lon="85.58266"><ele>4432</ele><time>2022-10-27T09:35:37Z</time></trkpt>
    <trkpt lat="28.22584" lon="85.58282"><ele>4434</ele><time>2022-10-27T09:36:34Z</time></trkpt>
    <trkpt lat="28.22596" lon="85.58294"><ele>4432</ele><time>2022-10-27T09:37:16Z</time></trkpt>
    <trkpt lat="28.22611" lon="85.58286"><ele>4417</ele><time>2022-10-27T09:38:24Z</time></trkpt>
    <trkpt lat="28.22619" lon="85.58290"><ele>4415</ele><time>2022-10-27T09:38:42Z</time></trkpt>
    <trkpt lat="28.22632" lon="85.58285"><ele>4404</ele><time>2022-10-27T09:39:42Z</time></trkpt>
    <trkpt lat="28.22643" lon="85.58271"><ele>4397</ele><time>2022-10-27T09:41:19Z</time></trkpt>
    <trkpt lat="28.22654" lon="85.58279"><ele>4380</ele><time>2022-10-27T09:42:04Z</time></trkpt>
    <trkpt lat="28.22666" lon="85.58292"><ele>4371</ele><time>2022-10-27T09:42:43Z</time></trkpt>
    <trkpt lat="28.22680" lon="85.58299"><ele>4368</ele><time>2022-10-27T09:43:01Z</time></trkpt>
    <trkpt lat="28.22691" lon="85.58310"><ele>4365</ele><time>2022-10-27T09:43:20Z</time></trkpt>
    <trkpt lat="28.22702" lon="85.58319"><ele>4366</ele><time>2022-10-27T09:43:38Z</time></trkpt>
    <trkpt lat="28.22711" lon="85.58328"><ele>4368</ele><time>2022-10-27T09:43:56Z</time></trkpt>
    <trkpt lat="28.22722" lon="85.58330"><ele>4365</ele><time>2022-10-27T09:44:15Z</time></trkpt>
    <trkpt lat="28.22734" lon="85.58330"><ele>4364</ele><time>2022-10-27T09:44:33Z</time></trkpt>
    <trkpt lat="28.22745" lon="85.58320"><ele>4360</ele><time>2022-10-27T09:45:27Z</time></trkpt>
    <trkpt lat="28.22757" lon="85.58302"><ele>4356</ele><time>2022-10-27T09:46:06Z</time></trkpt>
    <trkpt lat="28.22761" lon="85.58282"><ele>4358</ele><time>2022-10-27T09:46:47Z</time></trkpt>
    <trkpt lat="28.22776" lon="85.58278"><ele>4354</ele><time>2022-10-27T09:48:06Z</time></trkpt>
    <trkpt lat="28.22791" lon="85.58276"><ele>4357</ele><time>2022-10-27T09:48:46Z</time></trkpt>
    <trkpt lat="28.22807" lon="85.58280"><ele>4350</ele><time>2022-10-27T09:49:49Z</time></trkpt>
    <trkpt lat="28.22823" lon="85.58275"><ele>4346</ele><time>2022-10-27T09:50:27Z</time></trkpt>
    <trkpt lat="28.22843" lon="85.58275"><ele>4352</ele><time>2022-10-27T09:51:05Z</time></trkpt>
    <trkpt lat="28.22860" lon="85.58270"><ele>4352</ele><time>2022-10-27T09:51:41Z</time></trkpt>
    <trkpt lat="28.22876" lon="85.58267"><ele>4348</ele><time>2022-10-27T09:52:28Z</time></trkpt>
    <trkpt lat="28.22888" lon="85.58254"><ele>4351</ele><time>2022-10-27T09:53:19Z</time></trkpt>
    <trkpt lat="28.22902" lon="85.58248"><ele>4348</ele><time>2022-10-27T09:54:46Z</time></trkpt>
    <trkpt lat="28.22917" lon="85.58241"><ele>4348</ele><time>2022-10-27T09:55:27Z</time></trkpt>
    <trkpt lat="28.22927" lon="85.58214"><ele>4346</ele><time>2022-10-27T09:56:27Z</time></trkpt>
    <trkpt lat="28.22940" lon="85.58185"><ele>4347</ele><time>2022-10-27T09:57:05Z</time></trkpt>
    <trkpt lat="28.22944" lon="85.58161"><ele>4337</ele><time>2022-10-27T09:57:23Z</time></trkpt>
    <trkpt lat="28.22948" lon="85.58137"><ele>4337</ele><time>2022-10-27T09:58:07Z</time></trkpt>
    <trkpt lat="28.22957" lon="85.58109"><ele>4339</ele><time>2022-10-27T09:58:26Z</time></trkpt>
    <trkpt lat="28.22974" lon="85.58091"><ele>4333</ele><time>2022-10-27T09:58:45Z</time></trkpt>
    <trkpt lat="28.22974" lon="85.58070"><ele>4326</ele><time>2022-10-27T09:59:03Z</time></trkpt>
    <trkpt lat="28.22974" lon="85.58052"><ele>4322</ele><time>2022-10-27T09:59:22Z</time></trkpt>
    <trkpt lat="28.22975" lon="85.58037"><ele>4320</ele><time>2022-10-27T09:59:40Z</time></trkpt>
    <trkpt lat="28.22980" lon="85.58015"><ele>4320</ele><time>2022-10-27T09:59:58Z</time></trkpt>
    <trkpt lat="28.22986" lon="85.57996"><ele>4318</ele><time>2022-10-27T10:00:17Z</time></trkpt>
    <trkpt lat="28.22994" lon="85.57969"><ele>4317</ele><time>2022-10-27T10:00:35Z</time></trkpt>
    <trkpt lat="28.23003" lon="85.57938"><ele>4308</ele><time>2022-10-27T10:00:54Z</time></trkpt>
    <trkpt lat="28.23015" lon="85.57916"><ele>4303</ele><time>2022-10-27T10:01:13Z</time></trkpt>
    <trkpt lat="28.23020" lon="85.57897"><ele>4300</ele><time>2022-10-27T10:01:31Z</time></trkpt>
    <trkpt lat="28.23026" lon="85.57876"><ele>4294</ele><time>2022-10-27T10:01:50Z</time></trkpt>
    <trkpt lat="28.23025" lon="85.57848"><ele>4284</ele><time>2022-10-27T10:02:08Z</time></trkpt>
    <trkpt lat="28.23027" lon="85.57821"><ele>4275</ele><time>2022-10-27T10:02:27Z</time></trkpt>
    <trkpt lat="28.23031" lon="85.57805"><ele>4270</ele><time>2022-10-27T10:02:45Z</time></trkpt>
    <trkpt lat="28.23014" lon="85.57783"><ele>4270</ele><time>2022-10-27T10:03:03Z</time></trkpt>
    <trkpt lat="28.23009" lon="85.57752"><ele>4267</ele><time>2022-10-27T10:03:22Z</time></trkpt>
    <trkpt lat="28.22997" lon="85.57728"><ele>4273</ele><time>2022-10-27T10:03:40Z</time></trkpt>
    <trkpt lat="28.22980" lon="85.57706"><ele>4264</ele><time>2022-10-27T10:03:59Z</time></trkpt>
    <trkpt lat="28.22965" lon="85.57679"><ele>4254</ele><time>2022-10-27T10:04:18Z</time></trkpt>
    <trkpt lat="28.22950" lon="85.57667"><ele>4253</ele><time>2022-10-27T10:04:36Z</time></trkpt>
    <trkpt lat="28.22939" lon="85.57647"><ele>4246</ele><time>2022-10-27T10:04:55Z</time></trkpt>
    <trkpt lat="28.22925" lon="85.57622"><ele>4240</ele><time>2022-10-27T10:05:14Z</time></trkpt>
    <trkpt lat="28.22915" lon="85.57599"><ele>4236</ele><time>2022-10-27T10:05:32Z</time></trkpt>
    <trkpt lat="28.22916" lon="85.57572"><ele>4227</ele><time>2022-10-27T10:05:50Z</time></trkpt>
    <trkpt lat="28.22914" lon="85.57546"><ele>4224</ele><time>2022-10-27T10:06:09Z</time></trkpt>
    <trkpt lat="28.22917" lon="85.57522"><ele>4232</ele><time>2022-10-27T10:06:28Z</time></trkpt>
    <trkpt lat="28.22918" lon="85.57496"><ele>4228</ele><time>2022-10-27T10:06:47Z</time></trkpt>
    <trkpt lat="28.22912" lon="85.57476"><ele>4225</ele><time>2022-10-27T10:07:05Z</time></trkpt>
    <trkpt lat="28.22911" lon="85.57448"><ele>4224</ele><time>2022-10-27T10:07:24Z</time></trkpt>
    <trkpt lat="28.22901" lon="85.57420"><ele>4213</ele><time>2022-10-27T10:07:42Z</time></trkpt>
    <trkpt lat="28.22895" lon="85.57397"><ele>4210</ele><time>2022-10-27T10:08:01Z</time></trkpt>
    <trkpt lat="28.22891" lon="85.57367"><ele>4210</ele><time>2022-10-27T10:08:50Z</time></trkpt>
    <trkpt lat="28.22888" lon="85.57353"><ele>4210</ele><time>2022-10-27T10:09:08Z</time></trkpt>
    <trkpt lat="28.22887" lon="85.57337"><ele>4211</ele><time>2022-10-27T10:09:27Z</time></trkpt>
    <trkpt lat="28.22881" lon="85.57314"><ele>4217</ele><time>2022-10-27T10:09:45Z</time></trkpt>
    <trkpt lat="28.22874" lon="85.57290"><ele>4208</ele><time>2022-10-27T10:10:04Z</time></trkpt>
    <trkpt lat="28.22868" lon="85.57268"><ele>4209</ele><time>2022-10-27T10:10:22Z</time></trkpt>
    <trkpt lat="28.22855" lon="85.57249"><ele>4204</ele><time>2022-10-27T10:10:40Z</time></trkpt>
    <trkpt lat="28.22840" lon="85.57226"><ele>4204</ele><time>2022-10-27T10:10:59Z</time></trkpt>
    <trkpt lat="28.22826" lon="85.57207"><ele>4190</ele><time>2022-10-27T10:11:18Z</time></trkpt>
    <trkpt lat="28.22810" lon="85.57195"><ele>4175</ele><time>2022-10-27T10:11:36Z</time></trkpt>
    <trkpt lat="28.22792" lon="85.57167"><ele>4187</ele><time>2022-10-27T10:12:29Z</time></trkpt>
    <trkpt lat="28.22786" lon="85.57147"><ele>4185</ele><time>2022-10-27T10:12:47Z</time></trkpt>
    <trkpt lat="28.22772" lon="85.57143"><ele>4181</ele><time>2022-10-27T10:13:05Z</time></trkpt>
    <trkpt lat="28.22755" lon="85.57123"><ele>4190</ele><time>2022-10-27T10:13:46Z</time></trkpt>
    <trkpt lat="28.22755" lon="85.57102"><ele>4187</ele><time>2022-10-27T10:14:05Z</time></trkpt>
    <trkpt lat="28.22760" lon="85.57083"><ele>4186</ele><time>2022-10-27T10:14:24Z</time></trkpt>
    <trkpt lat="28.22759" lon="85.57059"><ele>4180</ele><time>2022-10-27T10:14:43Z</time></trkpt>
    <trkpt lat="28.22759" lon="85.57034"><ele>4180</ele><time>2022-10-27T10:15:01Z</time></trkpt>
    <trkpt lat="28.22752" lon="85.57014"><ele>4173</ele><time>2022-10-27T10:15:19Z</time></trkpt>
    <trkpt lat="28.22742" lon="85.56988"><ele>4170</ele><time>2022-10-27T10:15:38Z</time></trkpt>
    <trkpt lat="28.22728" lon="85.56969"><ele>4168</ele><time>2022-10-27T10:15:57Z</time></trkpt>
    <trkpt lat="28.22712" lon="85.56964"><ele>4170</ele><time>2022-10-27T10:16:15Z</time></trkpt>
    <trkpt lat="28.22701" lon="85.56956"><ele>4174</ele><time>2022-10-27T10:16:34Z</time></trkpt>
    <trkpt lat="28.22716" lon="85.56963"><ele>4168</ele><time>2022-10-27T10:20:43Z</time></trkpt>
    <trkpt lat="28.22717" lon="85.56942"><ele>4166</ele><time>2022-10-27T10:22:02Z</time></trkpt>
    <trkpt lat="28.22705" lon="85.56943"><ele>4161</ele><time>2022-10-27T10:25:44Z</time></trkpt>
    <trkpt lat="28.22688" lon="85.56943"><ele>4147</ele><time>2022-10-27T10:31:00Z</time></trkpt>
    <trkpt lat="28.22671" lon="85.56939"><ele>4142</ele><time>2022-10-27T10:31:18Z</time></trkpt>
    <trkpt lat="28.22659" lon="85.56936"><ele>4141</ele><time>2022-10-27T10:31:36Z</time></trkpt>
    <trkpt lat="28.22635" lon="85.56927"><ele>4138</ele><time>2022-10-27T10:32:16Z</time></trkpt>
    <trkpt lat="28.22625" lon="85.56909"><ele>4121</ele><time>2022-10-27T10:32:53Z</time></trkpt>
    <trkpt lat="28.22620" lon="85.56886"><ele>4106</ele><time>2022-10-27T10:33:32Z</time></trkpt>
    <trkpt lat="28.22636" lon="85.56893"><ele>4109</ele><time>2022-10-27T10:34:55Z</time></trkpt>
    <trkpt lat="28.22636" lon="85.56882"><ele>4109</ele><time>2022-10-27T10:35:14Z</time></trkpt>
    <trkpt lat="28.22647" lon="85.56866"><ele>4099</ele><time>2022-10-27T10:36:00Z</time></trkpt>
    <trkpt lat="28.22647" lon="85.56848"><ele>4085</ele><time>2022-10-27T10:36:47Z</time></trkpt>
    <trkpt lat="28.22653" lon="85.56835"><ele>4088</ele><time>2022-10-27T10:37:06Z</time></trkpt>
    <trkpt lat="28.22646" lon="85.56827"><ele>4084</ele><time>2022-10-27T10:37:43Z</time></trkpt>
    <trkpt lat="28.22629" lon="85.56828"><ele>4069</ele><time>2022-10-27T10:38:30Z</time></trkpt>
    <trkpt lat="28.22634" lon="85.56813"><ele>4069</ele><time>2022-10-27T10:38:48Z</time></trkpt>
    <trkpt lat="28.22621" lon="85.56807"><ele>4058</ele><time>2022-10-27T10:39:29Z</time></trkpt>
    <trkpt lat="28.22602" lon="85.56799"><ele>4053</ele><time>2022-10-27T10:40:18Z</time></trkpt>
    <trkpt lat="28.22593" lon="85.56793"><ele>4045</ele><time>2022-10-27T10:40:36Z</time></trkpt>
    <trkpt lat="28.22583" lon="85.56794"><ele>4051</ele><time>2022-10-27T10:40:55Z</time></trkpt>
    <trkpt lat="28.22573" lon="85.56794"><ele>4046</ele><time>2022-10-27T10:41:13Z</time></trkpt>
    <trkpt lat="28.22557" lon="85.56790"><ele>4061</ele><time>2022-10-27T10:42:58Z</time></trkpt>
    <trkpt lat="28.22556" lon="85.56776"><ele>4063</ele><time>2022-10-27T10:43:32Z</time></trkpt>
    <trkpt lat="28.22546" lon="85.56789"><ele>4056</ele><time>2022-10-27T10:44:54Z</time></trkpt>
    <trkpt lat="28.22532" lon="85.56787"><ele>4053</ele><time>2022-10-27T10:45:12Z</time></trkpt>
    <trkpt lat="28.22516" lon="85.56783"><ele>4051</ele><time>2022-10-27T10:45:31Z</time></trkpt>
    <trkpt lat="28.22499" lon="85.56786"><ele>4047</ele><time>2022-10-27T10:45:50Z</time></trkpt>
    <trkpt lat="28.22480" lon="85.56782"><ele>4043</ele><time>2022-10-27T10:46:09Z</time></trkpt>
    <trkpt lat="28.22462" lon="85.56774"><ele>4045</ele><time>2022-10-27T10:46:27Z</time></trkpt>
    <trkpt lat="28.22448" lon="85.56773"><ele>4041</ele><time>2022-10-27T10:46:46Z</time></trkpt>
    <trkpt lat="28.22430" lon="85.56771"><ele>4038</ele><time>2022-10-27T10:47:05Z</time></trkpt>
    <trkpt lat="28.22416" lon="85.56773"><ele>4032</ele><time>2022-10-27T10:47:24Z</time></trkpt>
    <trkpt lat="28.22401" lon="85.56771"><ele>4026</ele><time>2022-10-27T10:47:42Z</time></trkpt>
    <trkpt lat="28.22385" lon="85.56773"><ele>4025</ele><time>2022-10-27T10:48:01Z</time></trkpt>
    <trkpt lat="28.22371" lon="85.56778"><ele>4021</ele><time>2022-10-27T10:48:20Z</time></trkpt>
    <trkpt lat="28.22357" lon="85.56775"><ele>4019</ele><time>2022-10-27T10:48:39Z</time></trkpt>
    <trkpt lat="28.22343" lon="85.56780"><ele>4017</ele><time>2022-10-27T10:48:57Z</time></trkpt>
    <trkpt lat="28.22327" lon="85.56784"><ele>4018</ele><time>2022-10-27T10:49:16Z</time></trkpt>
    <trkpt lat="28.22311" lon="85.56785"><ele>4013</ele><time>2022-10-27T10:49:35Z</time></trkpt>
    <trkpt lat="28.22300" lon="85.56790"><ele>4016</ele><time>2022-10-27T10:49:53Z</time></trkpt>
    <trkpt lat="28.22288" lon="85.56794"><ele>4012</ele><time>2022-10-27T10:50:11Z</time></trkpt>
    <trkpt lat="28.22278" lon="85.56795"><ele>4009</ele><time>2022-10-27T10:50:29Z</time></trkpt>
    <trkpt lat="28.22263" lon="85.56790"><ele>4010</ele><time>2022-10-27T10:50:48Z</time></trkpt>
    <trkpt lat="28.22251" lon="85.56785"><ele>4009</ele><time>2022-10-27T10:51:07Z</time></trkpt>
    <trkpt lat="28.22239" lon="85.56778"><ele>4006</ele><time>2022-10-27T10:51:25Z</time></trkpt>
    <trkpt lat="28.22230" lon="85.56770"><ele>4005</ele><time>2022-10-27T10:51:43Z</time></trkpt>
    <trkpt lat="28.22214" lon="85.56764"><ele>4004</ele><time>2022-10-27T10:52:01Z</time></trkpt>
    <trkpt lat="28.22199" lon="85.56762"><ele>4000</ele><time>2022-10-27T10:52:19Z</time></trkpt>
    <trkpt lat="28.22184" lon="85.56752"><ele>4002</ele><time>2022-10-27T10:52:38Z</time></trkpt>
    <trkpt lat="28.22172" lon="85.56750"><ele>4003</ele><time>2022-10-27T10:52:56Z</time></trkpt>
    <trkpt lat="28.22160" lon="85.56745"><ele>4000</ele><time>2022-10-27T10:53:15Z</time></trkpt>
    <trkpt lat="28.22145" lon="85.56742"><ele>3996</ele><time>2022-10-27T10:53:33Z</time></trkpt>
    <trkpt lat="28.22132" lon="85.56730"><ele>3999</ele><time>2022-10-27T10:53:52Z</time></trkpt>
    <trkpt lat="28.22121" lon="85.56718"><ele>3994</ele><time>2022-10-27T10:54:10Z</time></trkpt>
    <trkpt lat="28.22107" lon="85.56715"><ele>3991</ele><time>2022-10-27T10:54:29Z</time></trkpt>
    <trkpt lat="28.22094" lon="85.56710"><ele>3989</ele><time>2022-10-27T10:54:48Z</time></trkpt>
    <trkpt lat="28.22081" lon="85.56706"><ele>3989</ele><time>2022-10-27T10:55:06Z</time></trkpt>
    <trkpt lat="28.22061" lon="85.56692"><ele>3982</ele><time>2022-10-27T10:55:57Z</time></trkpt>
    <trkpt lat="28.22036" lon="85.56687"><ele>3983</ele><time>2022-10-27T10:56:37Z</time></trkpt>
    <trkpt lat="28.22029" lon="85.56677"><ele>3978</ele><time>2022-10-27T10:56:55Z</time></trkpt>
    <trkpt lat="28.22018" lon="85.56672"><ele>3972</ele><time>2022-10-27T10:57:14Z</time></trkpt>
    <trkpt lat="28.21999" lon="85.56671"><ele>3978</ele><time>2022-10-27T10:57:33Z</time></trkpt>
    <trkpt lat="28.21980" lon="85.56663"><ele>3969</ele><time>2022-10-27T10:57:52Z</time></trkpt>
    <trkpt lat="28.21962" lon="85.56667"><ele>3958</ele><time>2022-10-27T10:58:10Z</time></trkpt>
    <trkpt lat="28.21947" lon="85.56669"><ele>3955</ele><time>2022-10-27T10:58:29Z</time></trkpt>
    <trkpt lat="28.21934" lon="85.56665"><ele>3951</ele><time>2022-10-27T10:58:48Z</time></trkpt>
    <trkpt lat="28.21922" lon="85.56660"><ele>3949</ele><time>2022-10-27T10:59:07Z</time></trkpt>
    <trkpt lat="28.21905" lon="85.56656"><ele>3951</ele><time>2022-10-27T10:59:26Z</time></trkpt>
    <trkpt lat="28.21895" lon="85.56652"><ele>3953</ele><time>2022-10-27T10:59:44Z</time></trkpt>
    <trkpt lat="28.21871" lon="85.56659"><ele>3959</ele><time>2022-10-27T11:01:40Z</time></trkpt>
    <trkpt lat="28.21856" lon="85.56655"><ele>3966</ele><time>2022-10-27T11:01:59Z</time></trkpt>
    <trkpt lat="28.21840" lon="85.56661"><ele>3966</ele><time>2022-10-27T11:02:18Z</time></trkpt>
    <trkpt lat="28.21831" lon="85.56669"><ele>3957</ele><time>2022-10-27T11:02:36Z</time></trkpt>
    <trkpt lat="28.21821" lon="85.56673"><ele>3954</ele><time>2022-10-27T11:02:54Z</time></trkpt>
    <trkpt lat="28.21805" lon="85.56663"><ele>3951</ele><time>2022-10-27T11:03:13Z</time></trkpt>
    <trkpt lat="28.21794" lon="85.56670"><ele>3940</ele><time>2022-10-27T11:03:31Z</time></trkpt>
    <trkpt lat="28.21781" lon="85.56671"><ele>3954</ele><time>2022-10-27T11:03:50Z</time></trkpt>
    <trkpt lat="28.21768" lon="85.56677"><ele>3954</ele><time>2022-10-27T11:04:09Z</time></trkpt>
    <trkpt lat="28.21758" lon="85.56677"><ele>3952</ele><time>2022-10-27T11:04:27Z</time></trkpt>
    <trkpt lat="28.21743" lon="85.56665"><ele>3959</ele><time>2022-10-27T11:04:46Z</time></trkpt>
    <trkpt lat="28.21733" lon="85.56674"><ele>3957</ele><time>2022-10-27T11:05:04Z</time></trkpt>
    <trkpt lat="28.21720" lon="85.56671"><ele>3950</ele><time>2022-10-27T11:05:23Z</time></trkpt>
    <trkpt lat="28.21705" lon="85.56669"><ele>3953</ele><time>2022-10-27T11:05:41Z</time></trkpt>
    <trkpt lat="28.21697" lon="85.56663"><ele>3947</ele><time>2022-10-27T11:06:00Z</time></trkpt>
    <trkpt lat="28.21683" lon="85.56661"><ele>3950</ele><time>2022-10-27T11:06:19Z</time></trkpt>
    <trkpt lat="28.21669" lon="85.56658"><ele>3951</ele><time>2022-10-27T11:06:38Z</time></trkpt>
    <trkpt lat="28.21653" lon="85.56649"><ele>3954</ele><time>2022-10-27T11:06:57Z</time></trkpt>
    <trkpt lat="28.21642" lon="85.56642"><ele>3945</ele><time>2022-10-27T11:07:16Z</time></trkpt>
    <trkpt lat="28.21625" lon="85.56626"><ele>3923</ele><time>2022-10-27T11:08:31Z</time></trkpt>
    <trkpt lat="28.21615" lon="85.56624"><ele>3917</ele><time>2022-10-27T11:08:49Z</time></trkpt>
    <trkpt lat="28.21607" lon="85.56618"><ele>3916</ele><time>2022-10-27T11:09:08Z</time></trkpt>
    <trkpt lat="28.21585" lon="85.56618"><ele>3914</ele><time>2022-10-27T11:09:45Z</time></trkpt>
    <trkpt lat="28.21574" lon="85.56616"><ele>3915</ele><time>2022-10-27T11:10:04Z</time></trkpt>
    <trkpt lat="28.21561" lon="85.56613"><ele>3913</ele><time>2022-10-27T11:10:23Z</time></trkpt>
    <trkpt lat="28.21546" lon="85.56614"><ele>3915</ele><time>2022-10-27T11:10:42Z</time></trkpt>
    <trkpt lat="28.21534" lon="85.56612"><ele>3913</ele><time>2022-10-27T11:11:01Z</time></trkpt>
    <trkpt lat="28.21525" lon="85.56599"><ele>3907</ele><time>2022-10-27T11:12:11Z</time></trkpt>
    <trkpt lat="28.21515" lon="85.56600"><ele>3904</ele><time>2022-10-27T11:12:29Z</time></trkpt>
    <trkpt lat="28.21498" lon="85.56599"><ele>3901</ele><time>2022-10-27T11:13:08Z</time></trkpt>
    <trkpt lat="28.21480" lon="85.56601"><ele>3895</ele><time>2022-10-27T11:13:45Z</time></trkpt>
    <trkpt lat="28.21464" lon="85.56605"><ele>3901</ele><time>2022-10-27T11:15:15Z</time></trkpt>
    <trkpt lat="28.21455" lon="85.56600"><ele>3897</ele><time>2022-10-27T11:15:34Z</time></trkpt>
    <trkpt lat="28.21444" lon="85.56592"><ele>3894</ele><time>2022-10-27T11:15:53Z</time></trkpt>
    <trkpt lat="28.21429" lon="85.56591"><ele>3894</ele><time>2022-10-27T11:16:33Z</time></trkpt>
    <trkpt lat="28.21421" lon="85.56583"><ele>3893</ele><time>2022-10-27T11:16:52Z</time></trkpt>
    <trkpt lat="28.21410" lon="85.56567"><ele>3888</ele><time>2022-10-27T11:17:49Z</time></trkpt>
    <trkpt lat="28.21402" lon="85.56563"><ele>3882</ele><time>2022-10-27T11:18:08Z</time></trkpt>
    <trkpt lat="28.21393" lon="85.56561"><ele>3880</ele><time>2022-10-27T11:18:26Z</time></trkpt>
    <trkpt lat="28.21384" lon="85.56553"><ele>3869</ele><time>2022-10-27T11:20:30Z</time></trkpt>
    <trkpt lat="28.21373" lon="85.56556"><ele>3878</ele><time>2022-10-27T11:20:49Z</time></trkpt>
    <trkpt lat="28.21366" lon="85.56564"><ele>3870</ele><time>2022-10-27T11:21:56Z</time></trkpt>
    <trkpt lat="28.21354" lon="85.56569"><ele>3876</ele><time>2022-10-27T11:22:14Z</time></trkpt>
    <trkpt lat="28.21343" lon="85.56584"><ele>3868</ele><time>2022-10-27T11:22:59Z</time></trkpt>
    <trkpt lat="28.21326" lon="85.56585"><ele>3871</ele><time>2022-10-27T11:23:17Z</time></trkpt>
    <trkpt lat="28.21338" lon="85.56596"><ele>3869</ele><time>2022-10-27T11:24:21Z</time></trkpt>
    <trkpt lat="28.21329" lon="85.56599"><ele>3859</ele><time>2022-10-27T11:25:22Z</time></trkpt>
    <trkpt lat="28.21351" lon="85.56595"><ele>3846</ele><time>2022-10-27T11:25:40Z</time></trkpt>
    <trkpt lat="28.21336" lon="85.56586"><ele>3858</ele><time>2022-10-27T11:30:32Z</time></trkpt>
    <trkpt lat="28.21323" lon="85.56596"><ele>3862</ele><time>2022-10-27T11:31:39Z</time></trkpt>
    <trkpt lat="28.21315" lon="85.56616"><ele>3860</ele><time>2022-10-27T11:31:58Z</time></trkpt>
    <trkpt lat="28.21304" lon="85.56633"><ele>3861</ele><time>2022-10-27T11:32:17Z</time></trkpt>
    <trkpt lat="28.21294" lon="85.56641"><ele>3865</ele><time>2022-10-27T11:32:35Z</time></trkpt>
    <trkpt lat="28.21289" lon="85.56652"><ele>3868</ele><time>2022-10-27T11:32:54Z</time></trkpt>
    <trkpt lat="28.21285" lon="85.56664"><ele>3867</ele><time>2022-10-27T11:33:12Z</time></trkpt>
    <trkpt lat="28.21278" lon="85.56674"><ele>3864</ele><time>2022-10-27T11:33:30Z</time></trkpt>
    <trkpt lat="28.21263" lon="85.56695"><ele>3864</ele><time>2022-10-27T11:34:25Z</time></trkpt>
    <trkpt lat="28.21249" lon="85.56709"><ele>3873</ele><time>2022-10-27T11:34:44Z</time></trkpt>
    <trkpt lat="28.21235" lon="85.56715"><ele>3873</ele><time>2022-10-27T11:35:02Z</time></trkpt>
    <trkpt lat="28.21226" lon="85.56718"><ele>3871</ele><time>2022-10-27T11:35:20Z</time></trkpt>
    <trkpt lat="28.21213" lon="85.56711"><ele>3867</ele><time>2022-10-27T11:36:00Z</time></trkpt>
    <trkpt lat="28.21200" lon="85.56710"><ele>3870</ele><time>2022-10-27T11:36:19Z</time></trkpt>
    <trkpt lat="28.21216" lon="85.56706"><ele>3867</ele><time>2022-10-27T11:37:21Z</time></trkpt>
    <trkpt lat="28.21215" lon="85.56686"><ele>3859</ele><time>2022-10-27T11:37:39Z</time></trkpt>
    <trkpt lat="28.21214" lon="85.56675"><ele>3878</ele><time>2022-10-27T11:38:37Z</time></trkpt>
    <trkpt lat="28.21214" lon="85.56681"><ele>3875</ele><time>2022-10-27T11:39:54Z</time></trkpt>
  </trkseg>
</trk>
<trk>
  <name>LangtangTrek3</name>
  <trkseg>
    <trkpt lat="28.21250" lon="85.49077"><ele>3223</ele><time>2022-10-26T04:30:02Z</time></trkpt>
    <trkpt lat="28.21254" lon="85.49095"><ele>3300</ele><time>2022-10-26T04:31:43Z</time></trkpt>
    <trkpt lat="28.21259" lon="85.49104"><ele>3306</ele><time>2022-10-26T04:32:01Z</time></trkpt>
    <trkpt lat="28.21266" lon="85.49113"><ele>3308</ele><time>2022-10-26T04:32:19Z</time></trkpt>
    <trkpt lat="28.21272" lon="85.49133"><ele>3315</ele><time>2022-10-26T04:32:57Z</time></trkpt>
    <trkpt lat="28.21279" lon="85.49146"><ele>3320</ele><time>2022-10-26T04:33:16Z</time></trkpt>
    <trkpt lat="28.21285" lon="85.49156"><ele>3320</ele><time>2022-10-26T04:33:35Z</time></trkpt>
    <trkpt lat="28.21292" lon="85.49170"><ele>3322</ele><time>2022-10-26T04:34:18Z</time></trkpt>
    <trkpt lat="28.21300" lon="85.49187"><ele>3328</ele><time>2022-10-26T04:35:02Z</time></trkpt>
    <trkpt lat="28.21302" lon="85.49205"><ele>3333</ele><time>2022-10-26T04:37:21Z</time></trkpt>
    <trkpt lat="28.21303" lon="85.49225"><ele>3334</ele><time>2022-10-26T04:38:02Z</time></trkpt>
    <trkpt lat="28.21304" lon="85.49239"><ele>3340</ele><time>2022-10-26T04:38:20Z</time></trkpt>
    <trkpt lat="28.21311" lon="85.49252"><ele>3349</ele><time>2022-10-26T04:38:39Z</time></trkpt>
    <trkpt lat="28.21324" lon="85.49259"><ele>3351</ele><time>2022-10-26T04:38:57Z</time></trkpt>
    <trkpt lat="28.21338" lon="85.49268"><ele>3339</ele><time>2022-10-26T04:40:37Z</time></trkpt>
    <trkpt lat="28.21347" lon="85.49271"><ele>3339</ele><time>2022-10-26T04:40:56Z</time></trkpt>
    <trkpt lat="28.21348" lon="85.49289"><ele>3348</ele><time>2022-10-26T04:41:45Z</time></trkpt>
    <trkpt lat="28.21352" lon="85.49305"><ele>3344</ele><time>2022-10-26T04:44:32Z</time></trkpt>
    <trkpt lat="28.21367" lon="85.49312"><ele>3339</ele><time>2022-10-26T04:47:41Z</time></trkpt>
    <trkpt lat="28.21355" lon="85.49298"><ele>3342</ele><time>2022-10-26T04:50:24Z</time></trkpt>
    <trkpt lat="28.21375" lon="85.49311"><ele>3326</ele><time>2022-10-26T04:59:10Z</time></trkpt>
    <trkpt lat="28.21386" lon="85.49317"><ele>3325</ele><time>2022-10-26T04:59:28Z</time></trkpt>
    <trkpt lat="28.21398" lon="85.49325"><ele>3323</ele><time>2022-10-26T04:59:47Z</time></trkpt>
    <trkpt lat="28.21405" lon="85.49331"><ele>3333</ele><time>2022-10-26T05:00:06Z</time></trkpt>
    <trkpt lat="28.21417" lon="85.49352"><ele>3347</ele><time>2022-10-26T05:00:43Z</time></trkpt>
    <trkpt lat="28.21424" lon="85.49371"><ele>3343</ele><time>2022-10-26T05:01:20Z</time></trkpt>
    <trkpt lat="28.21436" lon="85.49393"><ele>3342</ele><time>2022-10-26T05:02:01Z</time></trkpt>
    <trkpt lat="28.21439" lon="85.49406"><ele>3346</ele><time>2022-10-26T05:02:20Z</time></trkpt>
    <trkpt lat="28.21443" lon="85.49425"><ele>3351</ele><time>2022-10-26T05:02:56Z</time></trkpt>
    <trkpt lat="28.21440" lon="85.49446"><ele>3363</ele><time>2022-10-26T05:03:34Z</time></trkpt>
    <trkpt lat="28.21426" lon="85.49457"><ele>3371</ele><time>2022-10-26T05:04:11Z</time></trkpt>
    <trkpt lat="28.21411" lon="85.49470"><ele>3379</ele><time>2022-10-26T05:04:49Z</time></trkpt>
    <trkpt lat="28.21414" lon="85.49480"><ele>3376</ele><time>2022-10-26T05:05:08Z</time></trkpt>
    <trkpt lat="28.21430" lon="85.49498"><ele>3377</ele><time>2022-10-26T05:05:48Z</time></trkpt>
    <trkpt lat="28.21436" lon="85.49506"><ele>3381</ele><time>2022-10-26T05:06:06Z</time></trkpt>
    <trkpt lat="28.21443" lon="85.49518"><ele>3378</ele><time>2022-10-26T05:06:25Z</time></trkpt>
    <trkpt lat="28.21449" lon="85.49529"><ele>3378</ele><time>2022-10-26T05:06:44Z</time></trkpt>
    <trkpt lat="28.21451" lon="85.49541"><ele>3384</ele><time>2022-10-26T05:07:02Z</time></trkpt>
    <trkpt lat="28.21461" lon="85.49554"><ele>3375</ele><time>2022-10-26T05:07:20Z</time></trkpt>
    <trkpt lat="28.21462" lon="85.49566"><ele>3385</ele><time>2022-10-26T05:07:39Z</time></trkpt>
    <trkpt lat="28.21457" lon="85.49577"><ele>3385</ele><time>2022-10-26T05:07:58Z</time></trkpt>
    <trkpt lat="28.21457" lon="85.49589"><ele>3389</ele><time>2022-10-26T05:08:17Z</time></trkpt>
    <trkpt lat="28.21462" lon="85.49601"><ele>3387</ele><time>2022-10-26T05:08:36Z</time></trkpt>
    <trkpt lat="28.21470" lon="85.49617"><ele>3396</ele><time>2022-10-26T05:09:36Z</time></trkpt>
    <trkpt lat="28.21479" lon="85.49638"><ele>3393</ele><time>2022-10-26T05:34:03Z</time></trkpt>
    <trkpt lat="28.21481" lon="85.49655"><ele>3387</ele><time>2022-10-26T05:34:21Z</time></trkpt>
    <trkpt lat="28.21491" lon="85.49656"><ele>3388</ele><time>2022-10-26T05:34:39Z</time></trkpt>
    <trkpt lat="28.21499" lon="85.49662"><ele>3391</ele><time>2022-10-26T05:34:58Z</time></trkpt>
    <trkpt lat="28.21496" lon="85.49672"><ele>3403</ele><time>2022-10-26T05:35:17Z</time></trkpt>
    <trkpt lat="28.21509" lon="85.49683"><ele>3410</ele><time>2022-10-26T05:35:55Z</time></trkpt>
    <trkpt lat="28.21525" lon="85.49690"><ele>3418</ele><time>2022-10-26T05:36:48Z</time></trkpt>
    <trkpt lat="28.21527" lon="85.49710"><ele>3422</ele><time>2022-10-26T05:37:44Z</time></trkpt>
    <trkpt lat="28.21539" lon="85.49727"><ele>3424</ele><time>2022-10-26T05:38:54Z</time></trkpt>
    <trkpt lat="28.21534" lon="85.49710"><ele>3423</ele><time>2022-10-26T05:43:18Z</time></trkpt>
    <trkpt lat="28.21544" lon="85.49726"><ele>3426</ele><time>2022-10-26T05:44:06Z</time></trkpt>
    <trkpt lat="28.21554" lon="85.49735"><ele>3422</ele><time>2022-10-26T05:44:24Z</time></trkpt>
    <trkpt lat="28.21568" lon="85.49746"><ele>3416</ele><time>2022-10-26T05:44:43Z</time></trkpt>
    <trkpt lat="28.21582" lon="85.49757"><ele>3417</ele><time>2022-10-26T05:45:01Z</time></trkpt>
    <trkpt lat="28.21597" lon="85.49765"><ele>3417</ele><time>2022-10-26T05:45:20Z</time></trkpt>
    <trkpt lat="28.21607" lon="85.49767"><ele>3416</ele><time>2022-10-26T05:45:39Z</time></trkpt>
    <trkpt lat="28.21616" lon="85.49763"><ele>3410</ele><time>2022-10-26T05:45:57Z</time></trkpt>
    <trkpt lat="28.21620" lon="85.49780"><ele>3408</ele><time>2022-10-26T05:47:27Z</time></trkpt>
    <trkpt lat="28.21612" lon="85.49794"><ele>3409</ele><time>2022-10-26T05:47:46Z</time></trkpt>
    <trkpt lat="28.21602" lon="85.49810"><ele>3415</ele><time>2022-10-26T05:48:04Z</time></trkpt>
    <trkpt lat="28.21605" lon="85.49828"><ele>3421</ele><time>2022-10-26T05:48:23Z</time></trkpt>
    <trkpt lat="28.21604" lon="85.49845"><ele>3417</ele><time>2022-10-26T05:48:41Z</time></trkpt>
    <trkpt lat="28.21606" lon="85.49862"><ele>3415</ele><time>2022-10-26T05:48:59Z</time></trkpt>
    <trkpt lat="28.21602" lon="85.49887"><ele>3416</ele><time>2022-10-26T05:49:47Z</time></trkpt>
    <trkpt lat="28.21594" lon="85.49904"><ele>3417</ele><time>2022-10-26T05:50:05Z</time></trkpt>
    <trkpt lat="28.21584" lon="85.49917"><ele>3415</ele><time>2022-10-26T05:50:23Z</time></trkpt>
    <trkpt lat="28.21571" lon="85.49924"><ele>3408</ele><time>2022-10-26T05:51:44Z</time></trkpt>
    <trkpt lat="28.21580" lon="85.49944"><ele>3401</ele><time>2022-10-26T05:52:23Z</time></trkpt>
    <trkpt lat="28.21580" lon="85.49957"><ele>3397</ele><time>2022-10-26T05:52:41Z</time></trkpt>
    <trkpt lat="28.21584" lon="85.49973"><ele>3400</ele><time>2022-10-26T05:53:00Z</time></trkpt>
    <trkpt lat="28.21587" lon="85.49990"><ele>3400</ele><time>2022-10-26T05:53:19Z</time></trkpt>
    <trkpt lat="28.21598" lon="85.50003"><ele>3396</ele><time>2022-10-26T05:53:37Z</time></trkpt>
    <trkpt lat="28.21605" lon="85.50011"><ele>3395</ele><time>2022-10-26T05:53:56Z</time></trkpt>
    <trkpt lat="28.21606" lon="85.50022"><ele>3395</ele><time>2022-10-26T05:54:14Z</time></trkpt>
    <trkpt lat="28.21620" lon="85.50032"><ele>3388</ele><time>2022-10-26T05:55:30Z</time></trkpt>
    <trkpt lat="28.21630" lon="85.50051"><ele>3385</ele><time>2022-10-26T05:55:49Z</time></trkpt>
    <trkpt lat="28.21639" lon="85.50059"><ele>3381</ele><time>2022-10-26T05:56:08Z</time></trkpt>
    <trkpt lat="28.21646" lon="85.50074"><ele>3381</ele><time>2022-10-26T05:56:51Z</time></trkpt>
    <trkpt lat="28.21635" lon="85.50089"><ele>3389</ele><time>2022-10-26T05:58:16Z</time></trkpt>
    <trkpt lat="28.21624" lon="85.50091"><ele>3394</ele><time>2022-10-26T05:58:34Z</time></trkpt>
    <trkpt lat="28.21619" lon="85.50103"><ele>3396</ele><time>2022-10-26T05:58:53Z</time></trkpt>
    <trkpt lat="28.21609" lon="85.50112"><ele>3397</ele><time>2022-10-26T05:59:11Z</time></trkpt>
    <trkpt lat="28.21604" lon="85.50130"><ele>3394</ele><time>2022-10-26T06:00:01Z</time></trkpt>
    <trkpt lat="28.21602" lon="85.50142"><ele>3389</ele><time>2022-10-26T06:00:20Z</time></trkpt>
    <trkpt lat="28.21591" lon="85.50152"><ele>3398</ele><time>2022-10-26T06:01:04Z</time></trkpt>
    <trkpt lat="28.21591" lon="85.50168"><ele>3401</ele><time>2022-10-26T06:01:22Z</time></trkpt>
    <trkpt lat="28.21590" lon="85.50180"><ele>3399</ele><time>2022-10-26T06:01:41Z</time></trkpt>
    <trkpt lat="28.21584" lon="85.50209"><ele>3408</ele><time>2022-10-26T06:02:53Z</time></trkpt>
    <trkpt lat="28.21582" lon="85.50223"><ele>3410</ele><time>2022-10-26T06:03:12Z</time></trkpt>
    <trkpt lat="28.21579" lon="85.50241"><ele>3405</ele><time>2022-10-26T06:04:18Z</time></trkpt>
    <trkpt lat="28.21576" lon="85.50251"><ele>3411</ele><time>2022-10-26T06:04:57Z</time></trkpt>
    <trkpt lat="28.21575" lon="85.50279"><ele>3414</ele><time>2022-10-26T06:05:36Z</time></trkpt>
    <trkpt lat="28.21566" lon="85.50306"><ele>3417</ele><time>2022-10-26T06:06:37Z</time></trkpt>
    <trkpt lat="28.21563" lon="85.50325"><ele>3412</ele><time>2022-10-26T06:06:56Z</time></trkpt>
    <trkpt lat="28.21561" lon="85.50339"><ele>3405</ele><time>2022-10-26T06:07:14Z</time></trkpt>
    <trkpt lat="28.21554" lon="85.50347"><ele>3406</ele><time>2022-10-26T06:07:33Z</time></trkpt>
    <trkpt lat="28.21546" lon="85.50355"><ele>3405</ele><time>2022-10-26T06:07:52Z</time></trkpt>
    <trkpt lat="28.21539" lon="85.50365"><ele>3400</ele><time>2022-10-26T06:08:10Z</time></trkpt>
    <trkpt lat="28.21529" lon="85.50372"><ele>3398</ele><time>2022-10-26T06:08:28Z</time></trkpt>
    <trkpt lat="28.21524" lon="85.50385"><ele>3402</ele><time>2022-10-26T06:08:47Z</time></trkpt>
    <trkpt lat="28.21542" lon="85.50394"><ele>3407</ele><time>2022-10-26T06:09:48Z</time></trkpt>
    <trkpt lat="28.21553" lon="85.50409"><ele>3410</ele><time>2022-10-26T06:10:07Z</time></trkpt>
    <trkpt lat="28.21564" lon="85.50419"><ele>3412</ele><time>2022-10-26T06:10:25Z</time></trkpt>
    <trkpt lat="28.21565" lon="85.50435"><ele>3415</ele><time>2022-10-26T06:10:43Z</time></trkpt>
    <trkpt lat="28.21563" lon="85.50450"><ele>3412</ele><time>2022-10-26T06:11:02Z</time></trkpt>
    <trkpt lat="28.21565" lon="85.50474"><ele>3412</ele><time>2022-10-26T06:11:39Z</time></trkpt>
    <trkpt lat="28.21568" lon="85.50490"><ele>3419</ele><time>2022-10-26T06:11:57Z</time></trkpt>
    <trkpt lat="28.21573" lon="85.50504"><ele>3422</ele><time>2022-10-26T06:12:16Z</time></trkpt>
    <trkpt lat="28.21580" lon="85.50515"><ele>3416</ele><time>2022-10-26T06:12:34Z</time></trkpt>
    <trkpt lat="28.21584" lon="85.50534"><ele>3431</ele><time>2022-10-26T06:13:18Z</time></trkpt>
    <trkpt lat="28.21583" lon="85.50552"><ele>3437</ele><time>2022-10-26T06:13:59Z</time></trkpt>
    <trkpt lat="28.21580" lon="85.50580"><ele>3435</ele><time>2022-10-26T06:16:02Z</time></trkpt>
    <trkpt lat="28.21574" lon="85.50593"><ele>3431</ele><time>2022-10-26T06:16:20Z</time></trkpt>
    <trkpt lat="28.21569" lon="85.50609"><ele>3431</ele><time>2022-10-26T06:16:38Z</time></trkpt>
    <trkpt lat="28.21568" lon="85.50635"><ele>3431</ele><time>2022-10-26T06:17:15Z</time></trkpt>
    <trkpt lat="28.21568" lon="85.50648"><ele>3434</ele><time>2022-10-26T06:17:33Z</time></trkpt>
    <trkpt lat="28.21560" lon="85.50665"><ele>3438</ele><time>2022-10-26T06:18:49Z</time></trkpt>
    <trkpt lat="28.21556" lon="85.50674"><ele>3429</ele><time>2022-10-26T06:19:07Z</time></trkpt>
    <trkpt lat="28.21560" lon="85.50692"><ele>3432</ele><time>2022-10-26T06:19:49Z</time></trkpt>
    <trkpt lat="28.21561" lon="85.50709"><ele>3433</ele><time>2022-10-26T06:20:47Z</time></trkpt>
    <trkpt lat="28.21564" lon="85.50720"><ele>3440</ele><time>2022-10-26T06:21:06Z</time></trkpt>
    <trkpt lat="28.21575" lon="85.50734"><ele>3441</ele><time>2022-10-26T06:23:18Z</time></trkpt>
    <trkpt lat="28.21578" lon="85.50746"><ele>3444</ele><time>2022-10-26T06:23:36Z</time></trkpt>
    <trkpt lat="28.21590" lon="85.50766"><ele>3443</ele><time>2022-10-26T06:24:18Z</time></trkpt>
    <trkpt lat="28.21600" lon="85.50777"><ele>3439</ele><time>2022-10-26T06:24:36Z</time></trkpt>
    <trkpt lat="28.21597" lon="85.50788"><ele>3448</ele><time>2022-10-26T06:24:54Z</time></trkpt>
    <trkpt lat="28.21591" lon="85.50808"><ele>3444</ele><time>2022-10-26T06:25:42Z</time></trkpt>
    <trkpt lat="28.21588" lon="85.50819"><ele>3450</ele><time>2022-10-26T06:26:00Z</time></trkpt>
    <trkpt lat="28.21594" lon="85.50837"><ele>3453</ele><time>2022-10-26T06:26:41Z</time></trkpt>
    <trkpt lat="28.21596" lon="85.50848"><ele>3460</ele><time>2022-10-26T06:26:59Z</time></trkpt>
    <trkpt lat="28.21588" lon="85.50869"><ele>3458</ele><time>2022-10-26T06:27:44Z</time></trkpt>
    <trkpt lat="28.21583" lon="85.50880"><ele>3459</ele><time>2022-10-26T06:28:02Z</time></trkpt>
    <trkpt lat="28.21578" lon="85.50889"><ele>3455</ele><time>2022-10-26T06:28:20Z</time></trkpt>
    <trkpt lat="28.21578" lon="85.50904"><ele>3456</ele><time>2022-10-26T06:28:39Z</time></trkpt>
    <trkpt lat="28.21573" lon="85.50912"><ele>3463</ele><time>2022-10-26T06:28:57Z</time></trkpt>
    <trkpt lat="28.21568" lon="85.50923"><ele>3456</ele><time>2022-10-26T06:29:16Z</time></trkpt>
    <trkpt lat="28.21560" lon="85.50927"><ele>3456</ele><time>2022-10-26T06:29:35Z</time></trkpt>
    <trkpt lat="28.21554" lon="85.50939"><ele>3454</ele><time>2022-10-26T06:29:53Z</time></trkpt>
    <trkpt lat="28.21545" lon="85.50944"><ele>3456</ele><time>2022-10-26T06:30:11Z</time></trkpt>
    <trkpt lat="28.21532" lon="85.50954"><ele>3458</ele><time>2022-10-26T06:30:29Z</time></trkpt>
    <trkpt lat="28.21530" lon="85.50972"><ele>3461</ele><time>2022-10-26T06:31:26Z</time></trkpt>
    <trkpt lat="28.21539" lon="85.50983"><ele>3459</ele><time>2022-10-26T06:31:45Z</time></trkpt>
    <trkpt lat="28.21533" lon="85.51001"><ele>3462</ele><time>2022-10-26T06:33:36Z</time></trkpt>
    <trkpt lat="28.21527" lon="85.51017"><ele>3467</ele><time>2022-10-26T06:33:54Z</time></trkpt>
    <trkpt lat="28.21523" lon="85.51036"><ele>3472</ele><time>2022-10-26T06:34:13Z</time></trkpt>
    <trkpt lat="28.21521" lon="85.51052"><ele>3483</ele><time>2022-10-26T06:34:32Z</time></trkpt>
    <trkpt lat="28.21521" lon="85.51070"><ele>3478</ele><time>2022-10-26T06:34:50Z</time></trkpt>
    <trkpt lat="28.21521" lon="85.51086"><ele>3475</ele><time>2022-10-26T06:35:09Z</time></trkpt>
    <trkpt lat="28.21530" lon="85.51095"><ele>3476</ele><time>2022-10-26T06:35:27Z</time></trkpt>
    <trkpt lat="28.21534" lon="85.51107"><ele>3482</ele><time>2022-10-26T06:35:46Z</time></trkpt>
    <trkpt lat="28.21546" lon="85.51121"><ele>3476</ele><time>2022-10-26T06:38:12Z</time></trkpt>
    <trkpt lat="28.21555" lon="85.51129"><ele>3484</ele><time>2022-10-26T06:38:31Z</time></trkpt>
    <trkpt lat="28.21565" lon="85.51139"><ele>3480</ele><time>2022-10-26T06:38:50Z</time></trkpt>
    <trkpt lat="28.21573" lon="85.51160"><ele>3481</ele><time>2022-10-26T06:39:35Z</time></trkpt>
    <trkpt lat="28.21584" lon="85.51167"><ele>3477</ele><time>2022-10-26T06:39:54Z</time></trkpt>
    <trkpt lat="28.21590" lon="85.51182"><ele>3469</ele><time>2022-10-26T06:40:13Z</time></trkpt>
    <trkpt lat="28.21601" lon="85.51189"><ele>3467</ele><time>2022-10-26T06:40:32Z</time></trkpt>
    <trkpt lat="28.21616" lon="85.51193"><ele>3469</ele><time>2022-10-26T06:41:21Z</time></trkpt>
    <trkpt lat="28.21628" lon="85.51201"><ele>3468</ele><time>2022-10-26T06:41:40Z</time></trkpt>
    <trkpt lat="28.21639" lon="85.51208"><ele>3480</ele><time>2022-10-26T06:41:59Z</time></trkpt>
    <trkpt lat="28.21645" lon="85.51225"><ele>3491</ele><time>2022-10-26T06:42:38Z</time></trkpt>
    <trkpt lat="28.21643" lon="85.51236"><ele>3497</ele><time>2022-10-26T06:42:56Z</time></trkpt>
    <trkpt lat="28.21644" lon="85.51248"><ele>3500</ele><time>2022-10-26T06:43:14Z</time></trkpt>
    <trkpt lat="28.21647" lon="85.51258"><ele>3504</ele><time>2022-10-26T06:43:33Z</time></trkpt>
    <trkpt lat="28.21642" lon="85.51282"><ele>3501</ele><time>2022-10-26T06:45:06Z</time></trkpt>
    <trkpt lat="28.21643" lon="85.51302"><ele>3513</ele><time>2022-10-26T06:45:43Z</time></trkpt>
    <trkpt lat="28.21646" lon="85.51315"><ele>3518</ele><time>2022-10-26T06:46:01Z</time></trkpt>
    <trkpt lat="28.21650" lon="85.51327"><ele>3523</ele><time>2022-10-26T06:46:19Z</time></trkpt>
    <trkpt lat="28.21649" lon="85.51348"><ele>3522</ele><time>2022-10-26T06:47:06Z</time></trkpt>
    <trkpt lat="28.21641" lon="85.51363"><ele>3517</ele><time>2022-10-26T06:48:09Z</time></trkpt>
    <trkpt lat="28.21634" lon="85.51379"><ele>3525</ele><time>2022-10-26T06:51:06Z</time></trkpt>
    <trkpt lat="28.21618" lon="85.51394"><ele>3532</ele><time>2022-10-26T06:53:52Z</time></trkpt>
    <trkpt lat="28.21613" lon="85.51406"><ele>3532</ele><time>2022-10-26T06:54:11Z</time></trkpt>
    <trkpt lat="28.21615" lon="85.51421"><ele>3536</ele><time>2022-10-26T06:54:29Z</time></trkpt>
    <trkpt lat="28.21610" lon="85.51433"><ele>3538</ele><time>2022-10-26T06:54:48Z</time></trkpt>
    <trkpt lat="28.21609" lon="85.51452"><ele>3539</ele><time>2022-10-26T06:59:30Z</time></trkpt>
    <trkpt lat="28.21608" lon="85.51464"><ele>3546</ele><time>2022-10-26T07:02:14Z</time></trkpt>
    <trkpt lat="28.21604" lon="85.51477"><ele>3544</ele><time>2022-10-26T07:02:33Z</time></trkpt>
    <trkpt lat="28.21598" lon="85.51495"><ele>3547</ele><time>2022-10-26T07:04:27Z</time></trkpt>
    <trkpt lat="28.21599" lon="85.51506"><ele>3551</ele><time>2022-10-26T07:04:46Z</time></trkpt>
    <trkpt lat="28.21595" lon="85.51532"><ele>3534</ele><time>2022-10-26T07:06:57Z</time></trkpt>
    <trkpt lat="28.21592" lon="85.51550"><ele>3536</ele><time>2022-10-26T07:07:15Z</time></trkpt>
    <trkpt lat="28.21591" lon="85.51564"><ele>3537</ele><time>2022-10-26T07:07:34Z</time></trkpt>
    <trkpt lat="28.21589" lon="85.51580"><ele>3540</ele><time>2022-10-26T07:07:53Z</time></trkpt>
    <trkpt lat="28.21589" lon="85.51596"><ele>3543</ele><time>2022-10-26T07:08:11Z</time></trkpt>
    <trkpt lat="28.21588" lon="85.51614"><ele>3540</ele><time>2022-10-26T07:08:29Z</time></trkpt>
    <trkpt lat="28.21585" lon="85.51632"><ele>3541</ele><time>2022-10-26T07:08:48Z</time></trkpt>
    <trkpt lat="28.21580" lon="85.51648"><ele>3546</ele><time>2022-10-26T07:09:06Z</time></trkpt>
    <trkpt lat="28.21578" lon="85.51661"><ele>3547</ele><time>2022-10-26T07:09:24Z</time></trkpt>
    <trkpt lat="28.21585" lon="85.51673"><ele>3545</ele><time>2022-10-26T07:09:43Z</time></trkpt>
    <trkpt lat="28.21599" lon="85.51689"><ele>3538</ele><time>2022-10-26T07:10:23Z</time></trkpt>
    <trkpt lat="28.21606" lon="85.51698"><ele>3529</ele><time>2022-10-26T07:10:41Z</time></trkpt>
    <trkpt lat="28.21593" lon="85.51695"><ele>3529</ele><time>2022-10-26T07:10:59Z</time></trkpt>
    <trkpt lat="28.21579" lon="85.51705"><ele>3533</ele><time>2022-10-26T07:11:17Z</time></trkpt>
    <trkpt lat="28.21573" lon="85.51724"><ele>3527</ele><time>2022-10-26T07:11:36Z</time></trkpt>
    <trkpt lat="28.21562" lon="85.51728"><ele>3523</ele><time>2022-10-26T07:11:54Z</time></trkpt>
    <trkpt lat="28.21554" lon="85.51739"><ele>3528</ele><time>2022-10-26T07:12:13Z</time></trkpt>
    <trkpt lat="28.21542" lon="85.51755"><ele>3534</ele><time>2022-10-26T07:12:55Z</time></trkpt>
    <trkpt lat="28.21534" lon="85.51763"><ele>3538</ele><time>2022-10-26T07:13:13Z</time></trkpt>
    <trkpt lat="28.21529" lon="85.51790"><ele>3550</ele><time>2022-10-26T07:16:16Z</time></trkpt>
    <trkpt lat="28.21538" lon="85.51807"><ele>3547</ele><time>2022-10-26T07:16:35Z</time></trkpt>
    <trkpt lat="28.21541" lon="85.51822"><ele>3544</ele><time>2022-10-26T07:16:54Z</time></trkpt>
    <trkpt lat="28.21543" lon="85.51848"><ele>3548</ele><time>2022-10-26T07:17:37Z</time></trkpt>
    <trkpt lat="28.21546" lon="85.51865"><ele>3547</ele><time>2022-10-26T07:17:56Z</time></trkpt>
    <trkpt lat="28.21544" lon="85.51883"><ele>3550</ele><time>2022-10-26T07:18:14Z</time></trkpt>
    <trkpt lat="28.21547" lon="85.51900"><ele>3546</ele><time>2022-10-26T07:18:33Z</time></trkpt>
    <trkpt lat="28.21548" lon="85.51919"><ele>3547</ele><time>2022-10-26T07:18:51Z</time></trkpt>
    <trkpt lat="28.21547" lon="85.51938"><ele>3546</ele><time>2022-10-26T07:19:09Z</time></trkpt>
    <trkpt lat="28.21539" lon="85.51957"><ele>3539</ele><time>2022-10-26T07:19:28Z</time></trkpt>
    <trkpt lat="28.21539" lon="85.51972"><ele>3539</ele><time>2022-10-26T07:19:46Z</time></trkpt>
    <trkpt lat="28.21539" lon="85.51989"><ele>3539</ele><time>2022-10-26T07:20:05Z</time></trkpt>
    <trkpt lat="28.21547" lon="85.51999"><ele>3538</ele><time>2022-10-26T07:20:23Z</time></trkpt>
    <trkpt lat="28.21552" lon="85.52013"><ele>3541</ele><time>2022-10-26T07:20:42Z</time></trkpt>
    <trkpt lat="28.21560" lon="85.52017"><ele>3551</ele><time>2022-10-26T07:21:43Z</time></trkpt>
  </trkseg>
  <trkseg>
    <trkpt lat="28.21560" lon="85.52017"><ele>3551</ele><time>2022-10-26T07:21:43Z</time></trkpt>
    <trkpt lat="28.21559" lon="85.52019"><ele>3551</ele><time>2022-10-26T07:22:00Z</time></trkpt>
  </trkseg>
</trk>
<trk>
  <name>LangtangTrek-retour</name>
  <trkseg>
    <trkpt lat="28.20773" lon="85.47514"><ele>3218</ele><time>2022-11-01T02:08:09Z</time></trkpt>
    <trkpt lat="28.20762" lon="85.47501"><ele>3189</ele><time>2022-11-01T02:10:23Z</time></trkpt>
    <trkpt lat="28.20766" lon="85.47486"><ele>3188</ele><time>2022-11-01T02:10:41Z</time></trkpt>
    <trkpt lat="28.20761" lon="85.47472"><ele>3189</ele><time>2022-11-01T02:10:59Z</time></trkpt>
    <trkpt lat="28.20749" lon="85.47471"><ele>3184</ele><time>2022-11-01T02:11:18Z</time></trkpt>
    <trkpt lat="28.20755" lon="85.47460"><ele>3185</ele><time>2022-11-01T02:11:37Z</time></trkpt>
    <trkpt lat="28.20757" lon="85.47447"><ele>3188</ele><time>2022-11-01T02:11:55Z</time></trkpt>
    <trkpt lat="28.20767" lon="85.47447"><ele>3175</ele><time>2022-11-01T02:12:13Z</time></trkpt>
    <trkpt lat="28.20782" lon="85.47439"><ele>3171</ele><time>2022-11-01T02:13:07Z</time></trkpt>
    <trkpt lat="28.20767" lon="85.47430"><ele>3162</ele><time>2022-11-01T02:13:59Z</time></trkpt>
    <trkpt lat="28.20752" lon="85.47416"><ele>3162</ele><time>2022-11-01T02:14:45Z</time></trkpt>
    <trkpt lat="28.20739" lon="85.47405"><ele>3146</ele><time>2022-11-01T02:15:39Z</time></trkpt>
    <trkpt lat="28.20729" lon="85.47398"><ele>3149</ele><time>2022-11-01T02:15:58Z</time></trkpt>
    <trkpt lat="28.20722" lon="85.47388"><ele>3151</ele><time>2022-11-01T02:16:16Z</time></trkpt>
    <trkpt lat="28.20713" lon="85.47388"><ele>3141</ele><time>2022-11-01T02:16:34Z</time></trkpt>
    <trkpt lat="28.20691" lon="85.47383"><ele>3140</ele><time>2022-11-01T02:17:23Z</time></trkpt>
    <trkpt lat="28.20678" lon="85.47380"><ele>3134</ele><time>2022-11-01T02:17:42Z</time></trkpt>
    <trkpt lat="28.20670" lon="85.47357"><ele>3113</ele><time>2022-11-01T02:20:52Z</time></trkpt>
    <trkpt lat="28.20660" lon="85.47344"><ele>3110</ele><time>2022-11-01T02:21:10Z</time></trkpt>
    <trkpt lat="28.20648" lon="85.47327"><ele>3112</ele><time>2022-11-01T02:21:28Z</time></trkpt>
    <trkpt lat="28.20632" lon="85.47311"><ele>3111</ele><time>2022-11-01T02:21:47Z</time></trkpt>
    <trkpt lat="28.20617" lon="85.47299"><ele>3110</ele><time>2022-11-01T02:22:06Z</time></trkpt>
    <trkpt lat="28.20608" lon="85.47282"><ele>3108</ele><time>2022-11-01T02:22:24Z</time></trkpt>
    <trkpt lat="28.20604" lon="85.47259"><ele>3110</ele><time>2022-11-01T02:22:43Z</time></trkpt>
    <trkpt lat="28.20599" lon="85.47242"><ele>3112</ele><time>2022-11-01T02:23:01Z</time></trkpt>
    <trkpt lat="28.20598" lon="85.47218"><ele>3115</ele><time>2022-11-01T02:23:20Z</time></trkpt>
    <trkpt lat="28.20586" lon="85.47206"><ele>3111</ele><time>2022-11-01T02:23:38Z</time></trkpt>
    <trkpt lat="28.20571" lon="85.47196"><ele>3103</ele><time>2022-11-01T02:23:56Z</time></trkpt>
    <trkpt lat="28.20560" lon="85.47178"><ele>3104</ele><time>2022-11-01T02:24:14Z</time></trkpt>
    <trkpt lat="28.20552" lon="85.47159"><ele>3103</ele><time>2022-11-01T02:24:33Z</time></trkpt>
    <trkpt lat="28.20544" lon="85.47144"><ele>3102</ele><time>2022-11-01T02:24:52Z</time></trkpt>
    <trkpt lat="28.20545" lon="85.47125"><ele>3107</ele><time>2022-11-01T02:25:10Z</time></trkpt>
    <trkpt lat="28.20545" lon="85.47104"><ele>3107</ele><time>2022-11-01T02:25:28Z</time></trkpt>
    <trkpt lat="28.20544" lon="85.47086"><ele>3113</ele><time>2022-11-01T02:25:47Z</time></trkpt>
    <trkpt lat="28.20543" lon="85.47070"><ele>3106</ele><time>2022-11-01T02:26:06Z</time></trkpt>
    <trkpt lat="28.20541" lon="85.47053"><ele>3107</ele><time>2022-11-01T02:26:24Z</time></trkpt>
    <trkpt lat="28.20540" lon="85.47035"><ele>3105</ele><time>2022-11-01T02:26:42Z</time></trkpt>
    <trkpt lat="28.20537" lon="85.47017"><ele>3105</ele><time>2022-11-01T02:27:01Z</time></trkpt>
    <trkpt lat="28.20526" lon="85.47005"><ele>3109</ele><time>2022-11-01T02:27:20Z</time></trkpt>
    <trkpt lat="28.20528" lon="85.46987"><ele>3109</ele><time>2022-11-01T02:27:39Z</time></trkpt>
    <trkpt lat="28.20519" lon="85.46982"><ele>3106</ele><time>2022-11-01T02:27:57Z</time></trkpt>
    <trkpt lat="28.20513" lon="85.46970"><ele>3103</ele><time>2022-11-01T02:28:16Z</time></trkpt>
    <trkpt lat="28.20505" lon="85.46957"><ele>3102</ele><time>2022-11-01T02:28:34Z</time></trkpt>
    <trkpt lat="28.20501" lon="85.46938"><ele>3096</ele><time>2022-11-01T02:28:53Z</time></trkpt>
    <trkpt lat="28.20493" lon="85.46920"><ele>3094</ele><time>2022-11-01T02:29:11Z</time></trkpt>
    <trkpt lat="28.20486" lon="85.46902"><ele>3093</ele><time>2022-11-01T02:29:30Z</time></trkpt>
    <trkpt lat="28.20481" lon="85.46889"><ele>3091</ele><time>2022-11-01T02:29:49Z</time></trkpt>
    <trkpt lat="28.20469" lon="85.46875"><ele>3091</ele><time>2022-11-01T02:30:08Z</time></trkpt>
    <trkpt lat="28.20463" lon="85.46859"><ele>3089</ele><time>2022-11-01T02:30:26Z</time></trkpt>
    <trkpt lat="28.20455" lon="85.46844"><ele>3086</ele><time>2022-11-01T02:30:45Z</time></trkpt>
    <trkpt lat="28.20445" lon="85.46827"><ele>3083</ele><time>2022-11-01T02:31:03Z</time></trkpt>
    <trkpt lat="28.20438" lon="85.46816"><ele>3077</ele><time>2022-11-01T02:31:21Z</time></trkpt>
    <trkpt lat="28.20433" lon="85.46797"><ele>3075</ele><time>2022-11-01T02:31:40Z</time></trkpt>
    <trkpt lat="28.20428" lon="85.46775"><ele>3079</ele><time>2022-11-01T02:31:58Z</time></trkpt>
    <trkpt lat="28.20426" lon="85.46750"><ele>3084</ele><time>2022-11-01T02:32:16Z</time></trkpt>
    <trkpt lat="28.20415" lon="85.46735"><ele>3083</ele><time>2022-11-01T02:32:35Z</time></trkpt>
    <trkpt lat="28.20404" lon="85.46724"><ele>3082</ele><time>2022-11-01T02:32:54Z</time></trkpt>
    <trkpt lat="28.20392" lon="85.46717"><ele>3078</ele><time>2022-11-01T02:33:12Z</time></trkpt>
    <trkpt lat="28.20386" lon="85.46704"><ele>3072</ele><time>2022-11-01T02:33:31Z</time></trkpt>
    <trkpt lat="28.20377" lon="85.46692"><ele>3068</ele><time>2022-11-01T02:33:49Z</time></trkpt>
    <trkpt lat="28.20366" lon="85.46680"><ele>3075</ele><time>2022-11-01T02:34:07Z</time></trkpt>
    <trkpt lat="28.20365" lon="85.46663"><ele>3070</ele><time>2022-11-01T02:34:26Z</time></trkpt>
    <trkpt lat="28.20359" lon="85.46643"><ele>3070</ele><time>2022-11-01T02:34:45Z</time></trkpt>
    <trkpt lat="28.20354" lon="85.46627"><ele>3067</ele><time>2022-11-01T02:35:03Z</time></trkpt>
    <trkpt lat="28.20348" lon="85.46611"><ele>3071</ele><time>2022-11-01T02:35:21Z</time></trkpt>
    <trkpt lat="28.20343" lon="85.46593"><ele>3071</ele><time>2022-11-01T02:35:40Z</time></trkpt>
    <trkpt lat="28.20338" lon="85.46572"><ele>3073</ele><time>2022-11-01T02:35:59Z</time></trkpt>
    <trkpt lat="28.20332" lon="85.46554"><ele>3074</ele><time>2022-11-01T02:36:17Z</time></trkpt>
    <trkpt lat="28.20333" lon="85.46534"><ele>3070</ele><time>2022-11-01T02:36:36Z</time></trkpt>
    <trkpt lat="28.20337" lon="85.46521"><ele>3070</ele><time>2022-11-01T02:36:55Z</time></trkpt>
    <trkpt lat="28.20341" lon="85.46503"><ele>3067</ele><time>2022-11-01T02:37:13Z</time></trkpt>
    <trkpt lat="28.20334" lon="85.46490"><ele>3064</ele><time>2022-11-01T02:37:32Z</time></trkpt>
    <trkpt lat="28.20324" lon="85.46478"><ele>3058</ele><time>2022-11-01T02:37:51Z</time></trkpt>
    <trkpt lat="28.20311" lon="85.46467"><ele>3061</ele><time>2022-11-01T02:38:09Z</time></trkpt>
    <trkpt lat="28.20304" lon="85.46455"><ele>3060</ele><time>2022-11-01T02:38:28Z</time></trkpt>
    <trkpt lat="28.20302" lon="85.46440"><ele>3063</ele><time>2022-11-01T02:38:46Z</time></trkpt>
    <trkpt lat="28.20301" lon="85.46422"><ele>3060</ele><time>2022-11-01T02:39:05Z</time></trkpt>
    <trkpt lat="28.20287" lon="85.46413"><ele>3059</ele><time>2022-11-01T02:39:23Z</time></trkpt>
    <trkpt lat="28.20274" lon="85.46402"><ele>3055</ele><time>2022-11-01T02:39:42Z</time></trkpt>
    <trkpt lat="28.20263" lon="85.46391"><ele>3055</ele><time>2022-11-01T02:40:01Z</time></trkpt>
    <trkpt lat="28.20259" lon="85.46376"><ele>3057</ele><time>2022-11-01T02:40:19Z</time></trkpt>
    <trkpt lat="28.20248" lon="85.46362"><ele>3060</ele><time>2022-11-01T02:40:37Z</time></trkpt>
    <trkpt lat="28.20237" lon="85.46354"><ele>3059</ele><time>2022-11-01T02:40:55Z</time></trkpt>
    <trkpt lat="28.20222" lon="85.46348"><ele>3054</ele><time>2022-11-01T02:41:13Z</time></trkpt>
    <trkpt lat="28.20210" lon="85.46337"><ele>3052</ele><time>2022-11-01T02:41:32Z</time></trkpt>
    <trkpt lat="28.20207" lon="85.46327"><ele>3055</ele><time>2022-11-01T02:41:51Z</time></trkpt>
    <trkpt lat="28.20206" lon="85.46306"><ele>3059</ele><time>2022-11-01T02:42:09Z</time></trkpt>
    <trkpt lat="28.20196" lon="85.46292"><ele>3054</ele><time>2022-11-01T02:42:28Z</time></trkpt>
    <trkpt lat="28.20181" lon="85.46286"><ele>3047</ele><time>2022-11-01T02:42:47Z</time></trkpt>
    <trkpt lat="28.20174" lon="85.46269"><ele>3043</ele><time>2022-11-01T02:43:05Z</time></trkpt>
    <trkpt lat="28.20164" lon="85.46254"><ele>3050</ele><time>2022-11-01T02:43:24Z</time></trkpt>
    <trkpt lat="28.20160" lon="85.46240"><ele>3049</ele><time>2022-11-01T02:43:42Z</time></trkpt>
    <trkpt lat="28.20153" lon="85.46229"><ele>3042</ele><time>2022-11-01T02:44:01Z</time></trkpt>
    <trkpt lat="28.20149" lon="85.46209"><ele>3045</ele><time>2022-11-01T02:44:19Z</time></trkpt>
    <trkpt lat="28.20142" lon="85.46199"><ele>3038</ele><time>2022-11-01T02:44:38Z</time></trkpt>
    <trkpt lat="28.20136" lon="85.46186"><ele>3041</ele><time>2022-11-01T02:44:56Z</time></trkpt>
    <trkpt lat="28.20121" lon="85.46182"><ele>3036</ele><time>2022-11-01T02:45:15Z</time></trkpt>
    <trkpt lat="28.20111" lon="85.46167"><ele>3035</ele><time>2022-11-01T02:45:34Z</time></trkpt>
    <trkpt lat="28.20099" lon="85.46150"><ele>3039</ele><time>2022-11-01T02:45:53Z</time></trkpt>
    <trkpt lat="28.20082" lon="85.46142"><ele>3039</ele><time>2022-11-01T02:46:11Z</time></trkpt>
    <trkpt lat="28.20075" lon="85.46127"><ele>3043</ele><time>2022-11-01T02:46:30Z</time></trkpt>
    <trkpt lat="28.20071" lon="85.46109"><ele>3048</ele><time>2022-11-01T02:46:49Z</time></trkpt>
    <trkpt lat="28.20064" lon="85.46079"><ele>3055</ele><time>2022-11-01T02:47:31Z</time></trkpt>
    <trkpt lat="28.20058" lon="85.46061"><ele>3047</ele><time>2022-11-01T02:47:50Z</time></trkpt>
    <trkpt lat="28.20054" lon="85.46040"><ele>3044</ele><time>2022-11-01T02:48:09Z</time></trkpt>
    <trkpt lat="28.20047" lon="85.46029"><ele>3043</ele><time>2022-11-01T02:48:27Z</time></trkpt>
    <trkpt lat="28.20044" lon="85.46016"><ele>3042</ele><time>2022-11-01T02:48:45Z</time></trkpt>
    <trkpt lat="28.20044" lon="85.45993"><ele>3044</ele><time>2022-11-01T02:49:04Z</time></trkpt>
    <trkpt lat="28.20038" lon="85.45973"><ele>3040</ele><time>2022-11-01T02:49:23Z</time></trkpt>
    <trkpt lat="28.20040" lon="85.45958"><ele>3039</ele><time>2022-11-01T02:49:42Z</time></trkpt>
    <trkpt lat="28.20035" lon="85.45929"><ele>3038</ele><time>2022-11-01T02:50:41Z</time></trkpt>
    <trkpt lat="28.20028" lon="85.45907"><ele>3036</ele><time>2022-11-01T02:51:00Z</time></trkpt>
    <trkpt lat="28.20019" lon="85.45893"><ele>3033</ele><time>2022-11-01T02:51:18Z</time></trkpt>
    <trkpt lat="28.20015" lon="85.45878"><ele>3034</ele><time>2022-11-01T02:51:36Z</time></trkpt>
    <trkpt lat="28.20005" lon="85.45857"><ele>3031</ele><time>2022-11-01T02:51:55Z</time></trkpt>
    <trkpt lat="28.19996" lon="85.45834"><ele>3027</ele><time>2022-11-01T02:52:13Z</time></trkpt>
    <trkpt lat="28.19985" lon="85.45815"><ele>3024</ele><time>2022-11-01T02:52:32Z</time></trkpt>
    <trkpt lat="28.19971" lon="85.45810"><ele>3027</ele><time>2022-11-01T02:52:50Z</time></trkpt>
    <trkpt lat="28.19960" lon="85.45807"><ele>3023</ele><time>2022-11-01T02:53:09Z</time></trkpt>
    <trkpt lat="28.19949" lon="85.45802"><ele>3018</ele><time>2022-11-01T02:53:27Z</time></trkpt>
    <trkpt lat="28.19932" lon="85.45802"><ele>3018</ele><time>2022-11-01T02:53:45Z</time></trkpt>
    <trkpt lat="28.19925" lon="85.45814"><ele>3009</ele><time>2022-11-01T02:54:32Z</time></trkpt>
    <trkpt lat="28.19910" lon="85.45821"><ele>3011</ele><time>2022-11-01T02:54:51Z</time></trkpt>
    <trkpt lat="28.19899" lon="85.45818"><ele>3010</ele><time>2022-11-01T02:55:10Z</time></trkpt>
    <trkpt lat="28.19883" lon="85.45818"><ele>3017</ele><time>2022-11-01T02:55:28Z</time></trkpt>
    <trkpt lat="28.19874" lon="85.45803"><ele>3019</ele><time>2022-11-01T02:55:47Z</time></trkpt>
    <trkpt lat="28.19871" lon="85.45788"><ele>3023</ele><time>2022-11-01T02:56:05Z</time></trkpt>
    <trkpt lat="28.19863" lon="85.45773"><ele>3021</ele><time>2022-11-01T02:56:24Z</time></trkpt>
    <trkpt lat="28.19856" lon="85.45753"><ele>3022</ele><time>2022-11-01T02:56:42Z</time></trkpt>
    <trkpt lat="28.19851" lon="85.45736"><ele>3023</ele><time>2022-11-01T02:57:01Z</time></trkpt>
    <trkpt lat="28.19846" lon="85.45706"><ele>3023</ele><time>2022-11-01T02:57:41Z</time></trkpt>
    <trkpt lat="28.19837" lon="85.45698"><ele>3025</ele><time>2022-11-01T02:57:59Z</time></trkpt>
    <trkpt lat="28.19833" lon="85.45682"><ele>3024</ele><time>2022-11-01T02:58:17Z</time></trkpt>
    <trkpt lat="28.19824" lon="85.45658"><ele>3026</ele><time>2022-11-01T02:59:34Z</time></trkpt>
    <trkpt lat="28.19809" lon="85.45645"><ele>3020</ele><time>2022-11-01T02:59:52Z</time></trkpt>
    <trkpt lat="28.19790" lon="85.45637"><ele>3016</ele><time>2022-11-01T03:00:11Z</time></trkpt>
    <trkpt lat="28.19777" lon="85.45627"><ele>3014</ele><time>2022-11-01T03:00:29Z</time></trkpt>
    <trkpt lat="28.19769" lon="85.45620"><ele>3009</ele><time>2022-11-01T03:00:47Z</time></trkpt>
    <trkpt lat="28.19752" lon="85.45621"><ele>3009</ele><time>2022-11-01T03:01:05Z</time></trkpt>
    <trkpt lat="28.19738" lon="85.45623"><ele>3007</ele><time>2022-11-01T03:01:24Z</time></trkpt>
    <trkpt lat="28.19724" lon="85.45619"><ele>3009</ele><time>2022-11-01T03:01:42Z</time></trkpt>
    <trkpt lat="28.19709" lon="85.45615"><ele>3007</ele><time>2022-11-01T03:02:00Z</time></trkpt>
    <trkpt lat="28.19701" lon="85.45605"><ele>3000</ele><time>2022-11-01T03:05:38Z</time></trkpt>
    <trkpt lat="28.19682" lon="85.45592"><ele>3013</ele><time>2022-11-01T03:06:57Z</time></trkpt>
    <trkpt lat="28.19672" lon="85.45585"><ele>3012</ele><time>2022-11-01T03:07:15Z</time></trkpt>
    <trkpt lat="28.19657" lon="85.45579"><ele>3012</ele><time>2022-11-01T03:07:33Z</time></trkpt>
    <trkpt lat="28.19641" lon="85.45572"><ele>3010</ele><time>2022-11-01T03:07:52Z</time></trkpt>
    <trkpt lat="28.19629" lon="85.45561"><ele>3014</ele><time>2022-11-01T03:08:11Z</time></trkpt>
    <trkpt lat="28.19611" lon="85.45547"><ele>3015</ele><time>2022-11-01T03:08:53Z</time></trkpt>
    <trkpt lat="28.19600" lon="85.45535"><ele>3013</ele><time>2022-11-01T03:09:12Z</time></trkpt>
    <trkpt lat="28.19588" lon="85.45521"><ele>3015</ele><time>2022-11-01T03:09:31Z</time></trkpt>
    <trkpt lat="28.19577" lon="85.45512"><ele>3015</ele><time>2022-11-01T03:09:49Z</time></trkpt>
    <trkpt lat="28.19568" lon="85.45498"><ele>3018</ele><time>2022-11-01T03:10:08Z</time></trkpt>
    <trkpt lat="28.19555" lon="85.45482"><ele>3017</ele><time>2022-11-01T03:11:28Z</time></trkpt>
    <trkpt lat="28.19542" lon="85.45456"><ele>3010</ele><time>2022-11-01T03:12:42Z</time></trkpt>
    <trkpt lat="28.19529" lon="85.45442"><ele>3010</ele><time>2022-11-01T03:13:01Z</time></trkpt>
    <trkpt lat="28.19524" lon="85.45425"><ele>3014</ele><time>2022-11-01T03:13:20Z</time></trkpt>
    <trkpt lat="28.19516" lon="85.45407"><ele>3013</ele><time>2022-11-01T03:13:39Z</time></trkpt>
    <trkpt lat="28.19503" lon="85.45396"><ele>3009</ele><time>2022-11-01T03:13:57Z</time></trkpt>
    <trkpt lat="28.19492" lon="85.45383"><ele>2995</ele><time>2022-11-01T03:14:16Z</time></trkpt>
    <trkpt lat="28.19484" lon="85.45370"><ele>2997</ele><time>2022-11-01T03:14:34Z</time></trkpt>
    <trkpt lat="28.19487" lon="85.45354"><ele>2993</ele><time>2022-11-01T03:14:53Z</time></trkpt>
    <trkpt lat="28.19480" lon="85.45335"><ele>2999</ele><time>2022-11-01T03:15:12Z</time></trkpt>
    <trkpt lat="28.19484" lon="85.45318"><ele>2999</ele><time>2022-11-01T03:15:30Z</time></trkpt>
    <trkpt lat="28.19477" lon="85.45298"><ele>2991</ele><time>2022-11-01T03:16:08Z</time></trkpt>
    <trkpt lat="28.19465" lon="85.45284"><ele>2985</ele><time>2022-11-01T03:16:27Z</time></trkpt>
    <trkpt lat="28.19454" lon="85.45276"><ele>2984</ele><time>2022-11-01T03:16:45Z</time></trkpt>
    <trkpt lat="28.19435" lon="85.45253"><ele>2978</ele><time>2022-11-01T03:17:27Z</time></trkpt>
    <trkpt lat="28.19423" lon="85.45235"><ele>2978</ele><time>2022-11-01T03:17:46Z</time></trkpt>
    <trkpt lat="28.19415" lon="85.45215"><ele>2981</ele><time>2022-11-01T03:18:05Z</time></trkpt>
    <trkpt lat="28.19409" lon="85.45204"><ele>2985</ele><time>2022-11-01T03:18:24Z</time></trkpt>
    <trkpt lat="28.19396" lon="85.45186"><ele>2976</ele><time>2022-11-01T03:18:43Z</time></trkpt>
    <trkpt lat="28.19387" lon="85.45180"><ele>2980</ele><time>2022-11-01T03:19:01Z</time></trkpt>
    <trkpt lat="28.19381" lon="85.45166"><ele>2979</ele><time>2022-11-01T03:19:19Z</time></trkpt>
    <trkpt lat="28.19379" lon="85.45150"><ele>2979</ele><time>2022-11-01T03:19:37Z</time></trkpt>
    <trkpt lat="28.19365" lon="85.45164"><ele>2965</ele><time>2022-11-01T03:20:28Z</time></trkpt>
    <trkpt lat="28.19352" lon="85.45168"><ele>2970</ele><time>2022-11-01T03:21:11Z</time></trkpt>
    <trkpt lat="28.19354" lon="85.45157"><ele>2970</ele><time>2022-11-01T03:21:30Z</time></trkpt>
    <trkpt lat="28.19347" lon="85.45136"><ele>2963</ele><time>2022-11-01T03:22:18Z</time></trkpt>
    <trkpt lat="28.19340" lon="85.45129"><ele>2962</ele><time>2022-11-01T03:22:37Z</time></trkpt>
    <trkpt lat="28.19326" lon="85.45141"><ele>2950</ele><time>2022-11-01T03:23:24Z</time></trkpt>
    <trkpt lat="28.19314" lon="85.45127"><ele>2946</ele><time>2022-11-01T03:24:03Z</time></trkpt>
    <trkpt lat="28.19307" lon="85.45111"><ele>2941</ele><time>2022-11-01T03:24:39Z</time></trkpt>
    <trkpt lat="28.19294" lon="85.45097"><ele>2933</ele><time>2022-11-01T03:25:39Z</time></trkpt>
    <trkpt lat="28.19277" lon="85.45093"><ele>2916</ele><time>2022-11-01T03:26:28Z</time></trkpt>
    <trkpt lat="28.19270" lon="85.45076"><ele>2915</ele><time>2022-11-01T03:27:14Z</time></trkpt>
    <trkpt lat="28.19261" lon="85.45079"><ele>2913</ele><time>2022-11-01T03:27:33Z</time></trkpt>
    <trkpt lat="28.19249" lon="85.45084"><ele>2906</ele><time>2022-11-01T03:27:52Z</time></trkpt>
    <trkpt lat="28.19240" lon="85.45065"><ele>2899</ele><time>2022-11-01T03:28:47Z</time></trkpt>
    <trkpt lat="28.19231" lon="85.45059"><ele>2899</ele><time>2022-11-01T03:29:05Z</time></trkpt>
    <trkpt lat="28.19218" lon="85.45052"><ele>2903</ele><time>2022-11-01T03:29:23Z</time></trkpt>
    <trkpt lat="28.19189" lon="85.45051"><ele>2888</ele><time>2022-11-01T03:34:47Z</time></trkpt>
    <trkpt lat="28.19176" lon="85.45047"><ele>2887</ele><time>2022-11-01T03:35:06Z</time></trkpt>
    <trkpt lat="28.19175" lon="85.45035"><ele>2891</ele><time>2022-11-01T03:35:24Z</time></trkpt>
    <trkpt lat="28.19153" lon="85.45024"><ele>2889</ele><time>2022-11-01T03:36:28Z</time></trkpt>
    <trkpt lat="28.19151" lon="85.45008"><ele>2888</ele><time>2022-11-01T03:36:47Z</time></trkpt>
    <trkpt lat="28.19155" lon="85.44992"><ele>2890</ele><time>2022-11-01T03:37:05Z</time></trkpt>
    <trkpt lat="28.19150" lon="85.44979"><ele>2890</ele><time>2022-11-01T03:37:24Z</time></trkpt>
    <trkpt lat="28.19137" lon="85.44975"><ele>2878</ele><time>2022-11-01T03:37:43Z</time></trkpt>
    <trkpt lat="28.19123" lon="85.44963"><ele>2877</ele><time>2022-11-01T03:38:01Z</time></trkpt>
    <trkpt lat="28.19109" lon="85.44952"><ele>2878</ele><time>2022-11-01T03:38:20Z</time></trkpt>
    <trkpt lat="28.19114" lon="85.44942"><ele>2877</ele><time>2022-11-01T03:38:39Z</time></trkpt>
    <trkpt lat="28.19112" lon="85.44927"><ele>2872</ele><time>2022-11-01T03:38:58Z</time></trkpt>
    <trkpt lat="28.19113" lon="85.44916"><ele>2862</ele><time>2022-11-01T03:39:16Z</time></trkpt>
    <trkpt lat="28.19107" lon="85.44908"><ele>2859</ele><time>2022-11-01T03:39:35Z</time></trkpt>
    <trkpt lat="28.19098" lon="85.44899"><ele>2860</ele><time>2022-11-01T03:39:54Z</time></trkpt>
    <trkpt lat="28.19085" lon="85.44883"><ele>2856</ele><time>2022-11-01T03:40:45Z</time></trkpt>
    <trkpt lat="28.19079" lon="85.44866"><ele>2854</ele><time>2022-11-01T03:41:04Z</time></trkpt>
    <trkpt lat="28.19067" lon="85.44852"><ele>2849</ele><time>2022-11-01T03:41:44Z</time></trkpt>
    <trkpt lat="28.19060" lon="85.44834"><ele>2841</ele><time>2022-11-01T03:42:29Z</time></trkpt>
    <trkpt lat="28.19053" lon="85.44823"><ele>2840</ele><time>2022-11-01T03:42:48Z</time></trkpt>
    <trkpt lat="28.19044" lon="85.44816"><ele>2837</ele><time>2022-11-01T03:43:06Z</time></trkpt>
    <trkpt lat="28.19033" lon="85.44806"><ele>2840</ele><time>2022-11-01T03:43:24Z</time></trkpt>
    <trkpt lat="28.19015" lon="85.44794"><ele>2838</ele><time>2022-11-01T03:44:09Z</time></trkpt>
    <trkpt lat="28.19002" lon="85.44785"><ele>2840</ele><time>2022-11-01T03:44:27Z</time></trkpt>
    <trkpt lat="28.18995" lon="85.44769"><ele>2835</ele><time>2022-11-01T03:45:14Z</time></trkpt>
    <trkpt lat="28.18990" lon="85.44754"><ele>2827</ele><time>2022-11-01T03:45:32Z</time></trkpt>
    <trkpt lat="28.18981" lon="85.44747"><ele>2826</ele><time>2022-11-01T03:45:51Z</time></trkpt>
    <trkpt lat="28.18971" lon="85.44743"><ele>2826</ele><time>2022-11-01T03:46:10Z</time></trkpt>
    <trkpt lat="28.18974" lon="85.44725"><ele>2832</ele><time>2022-11-01T03:47:44Z</time></trkpt>
    <trkpt lat="28.18985" lon="85.44708"><ele>2821</ele><time>2022-11-01T03:51:45Z</time></trkpt>
    <trkpt lat="28.18989" lon="85.44698"><ele>2824</ele><time>2022-11-01T03:52:03Z</time></trkpt>
    <trkpt lat="28.18982" lon="85.44691"><ele>2821</ele><time>2022-11-01T03:52:30Z</time></trkpt>
    <trkpt lat="28.18968" lon="85.44686"><ele>2816</ele><time>2022-11-01T03:52:49Z</time></trkpt>
    <trkpt lat="28.18958" lon="85.44676"><ele>2823</ele><time>2022-11-01T03:53:07Z</time></trkpt>
    <trkpt lat="28.18943" lon="85.44659"><ele>2829</ele><time>2022-11-01T03:53:46Z</time></trkpt>
    <trkpt lat="28.18932" lon="85.44653"><ele>2826</ele><time>2022-11-01T03:54:05Z</time></trkpt>
    <trkpt lat="28.18932" lon="85.44637"><ele>2832</ele><time>2022-11-01T03:54:24Z</time></trkpt>
    <trkpt lat="28.18920" lon="85.44625"><ele>2832</ele><time>2022-11-01T03:54:43Z</time></trkpt>
    <trkpt lat="28.18915" lon="85.44616"><ele>2837</ele><time>2022-11-01T03:55:02Z</time></trkpt>
    <trkpt lat="28.18908" lon="85.44608"><ele>2834</ele><time>2022-11-01T03:55:20Z</time></trkpt>
    <trkpt lat="28.18897" lon="85.44602"><ele>2831</ele><time>2022-11-01T03:55:38Z</time></trkpt>
    <trkpt lat="28.18892" lon="85.44592"><ele>2828</ele><time>2022-11-01T03:55:57Z</time></trkpt>
    <trkpt lat="28.18881" lon="85.44589"><ele>2827</ele><time>2022-11-01T03:56:16Z</time></trkpt>
    <trkpt lat="28.18869" lon="85.44577"><ele>2826</ele><time>2022-11-01T03:56:34Z</time></trkpt>
    <trkpt lat="28.18854" lon="85.44563"><ele>2831</ele><time>2022-11-01T03:56:52Z</time></trkpt>
    <trkpt lat="28.18845" lon="85.44559"><ele>2828</ele><time>2022-11-01T03:57:11Z</time></trkpt>
    <trkpt lat="28.18826" lon="85.44538"><ele>2823</ele><time>2022-11-01T03:57:49Z</time></trkpt>
    <trkpt lat="28.18819" lon="85.44524"><ele>2827</ele><time>2022-11-01T03:58:08Z</time></trkpt>
    <trkpt lat="28.18811" lon="85.44516"><ele>2826</ele><time>2022-11-01T03:58:27Z</time></trkpt>
    <trkpt lat="28.18795" lon="85.44511"><ele>2812</ele><time>2022-11-01T03:59:38Z</time></trkpt>
    <trkpt lat="28.18785" lon="85.44506"><ele>2814</ele><time>2022-11-01T03:59:56Z</time></trkpt>
    <trkpt lat="28.18770" lon="85.44485"><ele>2811</ele><time>2022-11-01T04:01:24Z</time></trkpt>
    <trkpt lat="28.18763" lon="85.44473"><ele>2809</ele><time>2022-11-01T04:01:42Z</time></trkpt>
    <trkpt lat="28.18746" lon="85.44463"><ele>2805</ele><time>2022-11-01T04:02:01Z</time></trkpt>
    <trkpt lat="28.18727" lon="85.44463"><ele>2801</ele><time>2022-11-01T04:02:20Z</time></trkpt>
    <trkpt lat="28.18720" lon="85.44449"><ele>2805</ele><time>2022-11-01T04:02:39Z</time></trkpt>
    <trkpt lat="28.18710" lon="85.44441"><ele>2808</ele><time>2022-11-01T04:02:57Z</time></trkpt>
    <trkpt lat="28.18701" lon="85.44430"><ele>2813</ele><time>2022-11-01T04:03:16Z</time></trkpt>
    <trkpt lat="28.18689" lon="85.44426"><ele>2816</ele><time>2022-11-01T04:03:34Z</time></trkpt>
    <trkpt lat="28.18679" lon="85.44427"><ele>2809</ele><time>2022-11-01T04:03:52Z</time></trkpt>
    <trkpt lat="28.18661" lon="85.44429"><ele>2803</ele><time>2022-11-01T04:04:34Z</time></trkpt>
    <trkpt lat="28.18650" lon="85.44431"><ele>2797</ele><time>2022-11-01T04:04:52Z</time></trkpt>
    <trkpt lat="28.18636" lon="85.44435"><ele>2792</ele><time>2022-11-01T04:05:11Z</time></trkpt>
    <trkpt lat="28.18624" lon="85.44440"><ele>2787</ele><time>2022-11-01T04:05:29Z</time></trkpt>
    <trkpt lat="28.18614" lon="85.44428"><ele>2787</ele><time>2022-11-01T04:05:48Z</time></trkpt>
    <trkpt lat="28.18601" lon="85.44412"><ele>2790</ele><time>2022-11-01T04:06:07Z</time></trkpt>
    <trkpt lat="28.18591" lon="85.44397"><ele>2795</ele><time>2022-11-01T04:06:25Z</time></trkpt>
    <trkpt lat="28.18573" lon="85.44382"><ele>2793</ele><time>2022-11-01T04:07:02Z</time></trkpt>
    <trkpt lat="28.18559" lon="85.44371"><ele>2791</ele><time>2022-11-01T04:07:20Z</time></trkpt>
    <trkpt lat="28.18545" lon="85.44358"><ele>2790</ele><time>2022-11-01T04:07:38Z</time></trkpt>
    <trkpt lat="28.18531" lon="85.44349"><ele>2789</ele><time>2022-11-01T04:07:56Z</time></trkpt>
    <trkpt lat="28.18519" lon="85.44339"><ele>2793</ele><time>2022-11-01T04:08:15Z</time></trkpt>
    <trkpt lat="28.18506" lon="85.44328"><ele>2789</ele><time>2022-11-01T04:08:33Z</time></trkpt>
    <trkpt lat="28.18494" lon="85.44324"><ele>2780</ele><time>2022-11-01T04:08:51Z</time></trkpt>
    <trkpt lat="28.18475" lon="85.44315"><ele>2788</ele><time>2022-11-01T04:09:09Z</time></trkpt>
    <trkpt lat="28.18464" lon="85.44308"><ele>2788</ele><time>2022-11-01T04:09:28Z</time></trkpt>
    <trkpt lat="28.18453" lon="85.44301"><ele>2781</ele><time>2022-11-01T04:09:46Z</time></trkpt>
    <trkpt lat="28.18429" lon="85.44300"><ele>2771</ele><time>2022-11-01T04:10:25Z</time></trkpt>
    <trkpt lat="28.18417" lon="85.44293"><ele>2776</ele><time>2022-11-01T04:10:43Z</time></trkpt>
    <trkpt lat="28.18409" lon="85.44285"><ele>2777</ele><time>2022-11-01T04:11:01Z</time></trkpt>
    <trkpt lat="28.18404" lon="85.44270"><ele>2777</ele><time>2022-11-01T04:11:20Z</time></trkpt>
    <trkpt lat="28.18398" lon="85.44260"><ele>2781</ele><time>2022-11-01T04:11:38Z</time></trkpt>
    <trkpt lat="28.18384" lon="85.44253"><ele>2776</ele><time>2022-11-01T04:11:56Z</time></trkpt>
    <trkpt lat="28.18369" lon="85.44246"><ele>2775</ele><time>2022-11-01T04:12:15Z</time></trkpt>
    <trkpt lat="28.18360" lon="85.44242"><ele>2774</ele><time>2022-11-01T04:12:34Z</time></trkpt>
    <trkpt lat="28.18351" lon="85.44247"><ele>2769</ele><time>2022-11-01T04:12:52Z</time></trkpt>
    <trkpt lat="28.18337" lon="85.44246"><ele>2762</ele><time>2022-11-01T04:13:11Z</time></trkpt>
    <trkpt lat="28.18326" lon="85.44245"><ele>2757</ele><time>2022-11-01T04:13:29Z</time></trkpt>
    <trkpt lat="28.18305" lon="85.44243"><ele>2759</ele><time>2022-11-01T04:15:30Z</time></trkpt>
    <trkpt lat="28.18293" lon="85.44245"><ele>2755</ele><time>2022-11-01T04:15:48Z</time></trkpt>
    <trkpt lat="28.18283" lon="85.44234"><ele>2758</ele><time>2022-11-01T04:16:07Z</time></trkpt>
    <trkpt lat="28.18269" lon="85.44226"><ele>2765</ele><time>2022-11-01T04:16:44Z</time></trkpt>
    <trkpt lat="28.18257" lon="85.44219"><ele>2768</ele><time>2022-11-01T04:17:02Z</time></trkpt>
    <trkpt lat="28.18244" lon="85.44210"><ele>2763</ele><time>2022-11-01T04:17:21Z</time></trkpt>
    <trkpt lat="28.18233" lon="85.44211"><ele>2759</ele><time>2022-11-01T04:17:39Z</time></trkpt>
    <trkpt lat="28.18224" lon="85.44213"><ele>2757</ele><time>2022-11-01T04:17:58Z</time></trkpt>
    <trkpt lat="28.18206" lon="85.44203"><ele>2759</ele><time>2022-11-01T04:19:20Z</time></trkpt>
    <trkpt lat="28.18198" lon="85.44182"><ele>2769</ele><time>2022-11-01T04:20:27Z</time></trkpt>
    <trkpt lat="28.18187" lon="85.44160"><ele>2760</ele><time>2022-11-01T04:21:09Z</time></trkpt>
    <trkpt lat="28.18180" lon="85.44152"><ele>2756</ele><time>2022-11-01T04:21:28Z</time></trkpt>
    <trkpt lat="28.18194" lon="85.44172"><ele>2761</ele><time>2022-11-01T04:48:31Z</time></trkpt>
    <trkpt lat="28.18202" lon="85.44190"><ele>2769</ele><time>2022-11-01T04:48:49Z</time></trkpt>
    <trkpt lat="28.18200" lon="85.44206"><ele>2767</ele><time>2022-11-01T04:49:08Z</time></trkpt>
    <trkpt lat="28.18189" lon="85.44196"><ele>2747</ele><time>2022-11-01T04:58:16Z</time></trkpt>
    <trkpt lat="28.18186" lon="85.44175"><ele>2744</ele><time>2022-11-01T05:02:17Z</time></trkpt>
    <trkpt lat="28.18191" lon="85.44157"><ele>2745</ele><time>2022-11-01T05:03:19Z</time></trkpt>
    <trkpt lat="28.18177" lon="85.44146"><ele>2748</ele><time>2022-11-01T05:07:16Z</time></trkpt>
    <trkpt lat="28.18164" lon="85.44139"><ele>2751</ele><time>2022-11-01T05:07:34Z</time></trkpt>
    <trkpt lat="28.18151" lon="85.44133"><ele>2755</ele><time>2022-11-01T05:07:52Z</time></trkpt>
    <trkpt lat="28.18137" lon="85.44127"><ele>2762</ele><time>2022-11-01T05:08:11Z</time></trkpt>
    <trkpt lat="28.18126" lon="85.44123"><ele>2763</ele><time>2022-11-01T05:08:30Z</time></trkpt>
    <trkpt lat="28.18114" lon="85.44114"><ele>2768</ele><time>2022-11-01T05:08:49Z</time></trkpt>
    <trkpt lat="28.18097" lon="85.44109"><ele>2766</ele><time>2022-11-01T05:09:08Z</time></trkpt>
    <trkpt lat="28.18086" lon="85.44099"><ele>2769</ele><time>2022-11-01T05:09:27Z</time></trkpt>
    <trkpt lat="28.18076" lon="85.44093"><ele>2770</ele><time>2022-11-01T05:09:46Z</time></trkpt>
    <trkpt lat="28.18067" lon="85.44083"><ele>2768</ele><time>2022-11-01T05:10:04Z</time></trkpt>
    <trkpt lat="28.18059" lon="85.44076"><ele>2768</ele><time>2022-11-01T05:10:23Z</time></trkpt>
    <trkpt lat="28.18053" lon="85.44068"><ele>2767</ele><time>2022-11-01T05:10:42Z</time></trkpt>
    <trkpt lat="28.18023" lon="85.44063"><ele>2765</ele><time>2022-11-01T05:14:04Z</time></trkpt>
    <trkpt lat="28.18010" lon="85.44053"><ele>2764</ele><time>2022-11-01T05:14:23Z</time></trkpt>
    <trkpt lat="28.17996" lon="85.44043"><ele>2763</ele><time>2022-11-01T05:14:41Z</time></trkpt>
    <trkpt lat="28.17982" lon="85.44032"><ele>2758</ele><time>2022-11-01T05:14:59Z</time></trkpt>
    <trkpt lat="28.17969" lon="85.44021"><ele>2755</ele><time>2022-11-01T05:15:18Z</time></trkpt>
    <trkpt lat="28.17953" lon="85.44016"><ele>2754</ele><time>2022-11-01T05:15:36Z</time></trkpt>
    <trkpt lat="28.17945" lon="85.44010"><ele>2755</ele><time>2022-11-01T05:15:55Z</time></trkpt>
    <trkpt lat="28.17930" lon="85.44001"><ele>2755</ele><time>2022-11-01T05:16:13Z</time></trkpt>
    <trkpt lat="28.17915" lon="85.43991"><ele>2751</ele><time>2022-11-01T05:16:32Z</time></trkpt>
    <trkpt lat="28.17903" lon="85.43986"><ele>2749</ele><time>2022-11-01T05:16:50Z</time></trkpt>
    <trkpt lat="28.17889" lon="85.43982"><ele>2749</ele><time>2022-11-01T05:17:09Z</time></trkpt>
    <trkpt lat="28.17870" lon="85.43978"><ele>2752</ele><time>2022-11-01T05:17:27Z</time></trkpt>
    <trkpt lat="28.17857" lon="85.43972"><ele>2745</ele><time>2022-11-01T05:17:46Z</time></trkpt>
    <trkpt lat="28.17848" lon="85.43965"><ele>2745</ele><time>2022-11-01T05:18:05Z</time></trkpt>
    <trkpt lat="28.17834" lon="85.43958"><ele>2748</ele><time>2022-11-01T05:18:23Z</time></trkpt>
    <trkpt lat="28.17826" lon="85.43952"><ele>2745</ele><time>2022-11-01T05:18:42Z</time></trkpt>
    <trkpt lat="28.17815" lon="85.43948"><ele>2744</ele><time>2022-11-01T05:19:00Z</time></trkpt>
    <trkpt lat="28.17799" lon="85.43938"><ele>2735</ele><time>2022-11-01T05:19:49Z</time></trkpt>
    <trkpt lat="28.17789" lon="85.43931"><ele>2732</ele><time>2022-11-01T05:20:08Z</time></trkpt>
    <trkpt lat="28.17778" lon="85.43925"><ele>2729</ele><time>2022-11-01T05:20:26Z</time></trkpt>
    <trkpt lat="28.17766" lon="85.43911"><ele>2726</ele><time>2022-11-01T05:21:05Z</time></trkpt>
    <trkpt lat="28.17759" lon="85.43904"><ele>2729</ele><time>2022-11-01T05:21:24Z</time></trkpt>
    <trkpt lat="28.17747" lon="85.43900"><ele>2735</ele><time>2022-11-01T05:21:42Z</time></trkpt>
    <trkpt lat="28.17740" lon="85.43893"><ele>2733</ele><time>2022-11-01T05:22:00Z</time></trkpt>
    <trkpt lat="28.17725" lon="85.43888"><ele>2741</ele><time>2022-11-01T05:22:19Z</time></trkpt>
    <trkpt lat="28.17715" lon="85.43885"><ele>2737</ele><time>2022-11-01T05:22:37Z</time></trkpt>
    <trkpt lat="28.17702" lon="85.43890"><ele>2734</ele><time>2022-11-01T05:23:22Z</time></trkpt>
    <trkpt lat="28.17693" lon="85.43875"><ele>2731</ele><time>2022-11-01T05:24:59Z</time></trkpt>
    <trkpt lat="28.17676" lon="85.43860"><ele>2731</ele><time>2022-11-01T05:25:44Z</time></trkpt>
    <trkpt lat="28.17664" lon="85.43851"><ele>2729</ele><time>2022-11-01T05:26:03Z</time></trkpt>
    <trkpt lat="28.17659" lon="85.43838"><ele>2722</ele><time>2022-11-01T05:26:22Z</time></trkpt>
    <trkpt lat="28.17643" lon="85.43831"><ele>2729</ele><time>2022-11-01T05:26:40Z</time></trkpt>
    <trkpt lat="28.17633" lon="85.43821"><ele>2734</ele><time>2022-11-01T05:26:59Z</time></trkpt>
    <trkpt lat="28.17614" lon="85.43823"><ele>2724</ele><time>2022-11-01T05:27:39Z</time></trkpt>
    <trkpt lat="28.17601" lon="85.43806"><ele>2718</ele><time>2022-11-01T05:27:57Z</time></trkpt>
    <trkpt lat="28.17594" lon="85.43784"><ele>2711</ele><time>2022-11-01T05:28:34Z</time></trkpt>
    <trkpt lat="28.17577" lon="85.43764"><ele>2715</ele><time>2022-11-01T05:29:11Z</time></trkpt>
    <trkpt lat="28.17568" lon="85.43759"><ele>2710</ele><time>2022-11-01T05:29:30Z</time></trkpt>
    <trkpt lat="28.17561" lon="85.43752"><ele>2711</ele><time>2022-11-01T05:29:48Z</time></trkpt>
    <trkpt lat="28.17547" lon="85.43744"><ele>2710</ele><time>2022-11-01T05:30:07Z</time></trkpt>
    <trkpt lat="28.17541" lon="85.43736"><ele>2698</ele><time>2022-11-01T05:30:26Z</time></trkpt>
    <trkpt lat="28.17532" lon="85.43731"><ele>2698</ele><time>2022-11-01T05:30:45Z</time></trkpt>
    <trkpt lat="28.17518" lon="85.43723"><ele>2697</ele><time>2022-11-01T05:31:03Z</time></trkpt>
    <trkpt lat="28.17505" lon="85.43714"><ele>2701</ele><time>2022-11-01T05:31:21Z</time></trkpt>
    <trkpt lat="28.17494" lon="85.43708"><ele>2694</ele><time>2022-11-01T05:31:40Z</time></trkpt>
    <trkpt lat="28.17479" lon="85.43707"><ele>2697</ele><time>2022-11-01T05:31:58Z</time></trkpt>
    <trkpt lat="28.17467" lon="85.43711"><ele>2700</ele><time>2022-11-01T05:32:16Z</time></trkpt>
    <trkpt lat="28.17458" lon="85.43717"><ele>2700</ele><time>2022-11-01T05:32:34Z</time></trkpt>
    <trkpt lat="28.17438" lon="85.43723"><ele>2702</ele><time>2022-11-01T05:35:16Z</time></trkpt>
    <trkpt lat="28.17425" lon="85.43729"><ele>2703</ele><time>2022-11-01T05:35:34Z</time></trkpt>
    <trkpt lat="28.17415" lon="85.43720"><ele>2699</ele><time>2022-11-01T05:35:53Z</time></trkpt>
    <trkpt lat="28.17402" lon="85.43720"><ele>2700</ele><time>2022-11-01T05:36:12Z</time></trkpt>
    <trkpt lat="28.17388" lon="85.43714"><ele>2696</ele><time>2022-11-01T05:36:30Z</time></trkpt>
    <trkpt lat="28.17380" lon="85.43707"><ele>2697</ele><time>2022-11-01T05:36:48Z</time></trkpt>
    <trkpt lat="28.17364" lon="85.43710"><ele>2697</ele><time>2022-11-01T05:37:07Z</time></trkpt>
    <trkpt lat="28.17348" lon="85.43707"><ele>2694</ele><time>2022-11-01T05:37:26Z</time></trkpt>
    <trkpt lat="28.17334" lon="85.43711"><ele>2693</ele><time>2022-11-01T05:37:45Z</time></trkpt>
    <trkpt lat="28.17324" lon="85.43714"><ele>2697</ele><time>2022-11-01T05:38:03Z</time></trkpt>
    <trkpt lat="28.17310" lon="85.43721"><ele>2695</ele><time>2022-11-01T05:38:22Z</time></trkpt>
    <trkpt lat="28.17296" lon="85.43717"><ele>2691</ele><time>2022-11-01T05:38:41Z</time></trkpt>
    <trkpt lat="28.17284" lon="85.43719"><ele>2695</ele><time>2022-11-01T05:39:00Z</time></trkpt>
    <trkpt lat="28.17267" lon="85.43722"><ele>2699</ele><time>2022-11-01T05:39:55Z</time></trkpt>
    <trkpt lat="28.17254" lon="85.43714"><ele>2700</ele><time>2022-11-01T05:40:14Z</time></trkpt>
    <trkpt lat="28.17241" lon="85.43715"><ele>2694</ele><time>2022-11-01T05:40:33Z</time></trkpt>
    <trkpt lat="28.17229" lon="85.43720"><ele>2683</ele><time>2022-11-01T05:40:51Z</time></trkpt>
    <trkpt lat="28.17215" lon="85.43709"><ele>2678</ele><time>2022-11-01T05:41:09Z</time></trkpt>
    <trkpt lat="28.17202" lon="85.43704"><ele>2678</ele><time>2022-11-01T05:41:27Z</time></trkpt>
    <trkpt lat="28.17192" lon="85.43702"><ele>2675</ele><time>2022-11-01T05:41:46Z</time></trkpt>
    <trkpt lat="28.17173" lon="85.43692"><ele>2662</ele><time>2022-11-01T05:42:24Z</time></trkpt>
    <trkpt lat="28.17160" lon="85.43686"><ele>2660</ele><time>2022-11-01T05:42:42Z</time></trkpt>
    <trkpt lat="28.17147" lon="85.43681"><ele>2664</ele><time>2022-11-01T05:43:01Z</time></trkpt>
    <trkpt lat="28.17133" lon="85.43674"><ele>2663</ele><time>2022-11-01T05:43:19Z</time></trkpt>
    <trkpt lat="28.17117" lon="85.43670"><ele>2665</ele><time>2022-11-01T05:43:38Z</time></trkpt>
    <trkpt lat="28.17103" lon="85.43664"><ele>2661</ele><time>2022-11-01T05:43:57Z</time></trkpt>
    <trkpt lat="28.17090" lon="85.43667"><ele>2663</ele><time>2022-11-01T05:44:16Z</time></trkpt>
    <trkpt lat="28.17078" lon="85.43668"><ele>2663</ele><time>2022-11-01T05:44:35Z</time></trkpt>
    <trkpt lat="28.17067" lon="85.43663"><ele>2658</ele><time>2022-11-01T05:44:53Z</time></trkpt>
    <trkpt lat="28.17057" lon="85.43674"><ele>2647</ele><time>2022-11-01T05:45:31Z</time></trkpt>
    <trkpt lat="28.17045" lon="85.43673"><ele>2645</ele><time>2022-11-01T05:45:49Z</time></trkpt>
    <trkpt lat="28.17034" lon="85.43672"><ele>2648</ele><time>2022-11-01T05:46:07Z</time></trkpt>
    <trkpt lat="28.17010" lon="85.43661"><ele>2655</ele><time>2022-11-01T05:46:56Z</time></trkpt>
    <trkpt lat="28.16999" lon="85.43646"><ele>2649</ele><time>2022-11-01T05:47:14Z</time></trkpt>
    <trkpt lat="28.16981" lon="85.43648"><ele>2643</ele><time>2022-11-01T05:47:33Z</time></trkpt>
    <trkpt lat="28.16969" lon="85.43645"><ele>2638</ele><time>2022-11-01T05:47:52Z</time></trkpt>
    <trkpt lat="28.16960" lon="85.43642"><ele>2638</ele><time>2022-11-01T05:48:11Z</time></trkpt>
    <trkpt lat="28.16944" lon="85.43650"><ele>2621</ele><time>2022-11-01T05:49:06Z</time></trkpt>
    <trkpt lat="28.16929" lon="85.43645"><ele>2617</ele><time>2022-11-01T05:51:19Z</time></trkpt>
    <trkpt lat="28.16918" lon="85.43639"><ele>2617</ele><time>2022-11-01T05:51:37Z</time></trkpt>
    <trkpt lat="28.16906" lon="85.43637"><ele>2609</ele><time>2022-11-01T05:51:55Z</time></trkpt>
    <trkpt lat="28.16899" lon="85.43629"><ele>2605</ele><time>2022-11-01T05:52:14Z</time></trkpt>
    <trkpt lat="28.16887" lon="85.43618"><ele>2605</ele><time>2022-11-01T05:52:33Z</time></trkpt>
    <trkpt lat="28.16880" lon="85.43606"><ele>2603</ele><time>2022-11-01T05:52:51Z</time></trkpt>
    <trkpt lat="28.16867" lon="85.43599"><ele>2595</ele><time>2022-11-01T05:53:10Z</time></trkpt>
    <trkpt lat="28.16856" lon="85.43584"><ele>2598</ele><time>2022-11-01T05:55:21Z</time></trkpt>
    <trkpt lat="28.16846" lon="85.43570"><ele>2598</ele><time>2022-11-01T05:56:03Z</time></trkpt>
    <trkpt lat="28.16842" lon="85.43561"><ele>2594</ele><time>2022-11-01T05:56:22Z</time></trkpt>
    <trkpt lat="28.16832" lon="85.43549"><ele>2591</ele><time>2022-11-01T05:56:41Z</time></trkpt>
    <trkpt lat="28.16821" lon="85.43535"><ele>2598</ele><time>2022-11-01T05:57:20Z</time></trkpt>
    <trkpt lat="28.16810" lon="85.43528"><ele>2603</ele><time>2022-11-01T05:57:39Z</time></trkpt>
    <trkpt lat="28.16801" lon="85.43508"><ele>2611</ele><time>2022-11-01T05:58:17Z</time></trkpt>
    <trkpt lat="28.16795" lon="85.43497"><ele>2611</ele><time>2022-11-01T05:58:36Z</time></trkpt>
    <trkpt lat="28.16789" lon="85.43488"><ele>2616</ele><time>2022-11-01T05:58:54Z</time></trkpt>
    <trkpt lat="28.16778" lon="85.43479"><ele>2612</ele><time>2022-11-01T05:59:13Z</time></trkpt>
    <trkpt lat="28.16772" lon="85.43465"><ele>2612</ele><time>2022-11-01T05:59:32Z</time></trkpt>
    <trkpt lat="28.16762" lon="85.43460"><ele>2621</ele><time>2022-11-01T05:59:50Z</time></trkpt>
    <trkpt lat="28.16753" lon="85.43455"><ele>2615</ele><time>2022-11-01T06:00:09Z</time></trkpt>
    <trkpt lat="28.16745" lon="85.43449"><ele>2607</ele><time>2022-11-01T06:00:27Z</time></trkpt>
    <trkpt lat="28.16741" lon="85.43439"><ele>2614</ele><time>2022-11-01T06:00:46Z</time></trkpt>
    <trkpt lat="28.16724" lon="85.43437"><ele>2593</ele><time>2022-11-01T06:01:38Z</time></trkpt>
    <trkpt lat="28.16714" lon="85.43436"><ele>2588</ele><time>2022-11-01T06:01:56Z</time></trkpt>
    <trkpt lat="28.16698" lon="85.43435"><ele>2565</ele><time>2022-11-01T06:03:01Z</time></trkpt>
    <trkpt lat="28.16710" lon="85.43434"><ele>2569</ele><time>2022-11-01T06:07:35Z</time></trkpt>
    <trkpt lat="28.16707" lon="85.43423"><ele>2575</ele><time>2022-11-01T06:07:54Z</time></trkpt>
    <trkpt lat="28.16703" lon="85.43403"><ele>2580</ele><time>2022-11-01T06:08:36Z</time></trkpt>
    <trkpt lat="28.16685" lon="85.43389"><ele>2581</ele><time>2022-11-01T06:08:54Z</time></trkpt>
    <trkpt lat="28.16672" lon="85.43380"><ele>2580</ele><time>2022-11-01T06:09:13Z</time></trkpt>
    <trkpt lat="28.16663" lon="85.43367"><ele>2569</ele><time>2022-11-01T06:09:32Z</time></trkpt>
    <trkpt lat="28.16653" lon="85.43363"><ele>2574</ele><time>2022-11-01T06:09:50Z</time></trkpt>
    <trkpt lat="28.16640" lon="85.43355"><ele>2580</ele><time>2022-11-01T06:10:08Z</time></trkpt>
    <trkpt lat="28.16627" lon="85.43338"><ele>2579</ele><time>2022-11-01T06:10:27Z</time></trkpt>
    <trkpt lat="28.16613" lon="85.43331"><ele>2581</ele><time>2022-11-01T06:10:45Z</time></trkpt>
    <trkpt lat="28.16598" lon="85.43323"><ele>2584</ele><time>2022-11-01T06:11:04Z</time></trkpt>
    <trkpt lat="28.16585" lon="85.43313"><ele>2584</ele><time>2022-11-01T06:11:23Z</time></trkpt>
    <trkpt lat="28.16575" lon="85.43299"><ele>2580</ele><time>2022-11-01T06:11:42Z</time></trkpt>
    <trkpt lat="28.16559" lon="85.43289"><ele>2578</ele><time>2022-11-01T06:12:00Z</time></trkpt>
    <trkpt lat="28.16546" lon="85.43282"><ele>2580</ele><time>2022-11-01T06:12:19Z</time></trkpt>
    <trkpt lat="28.16537" lon="85.43275"><ele>2575</ele><time>2022-11-01T06:12:38Z</time></trkpt>
    <trkpt lat="28.16526" lon="85.43272"><ele>2574</ele><time>2022-11-01T06:12:57Z</time></trkpt>
    <trkpt lat="28.16516" lon="85.43265"><ele>2579</ele><time>2022-11-01T06:13:16Z</time></trkpt>
    <trkpt lat="28.16507" lon="85.43256"><ele>2575</ele><time>2022-11-01T06:13:34Z</time></trkpt>
    <trkpt lat="28.16488" lon="85.43242"><ele>2572</ele><time>2022-11-01T06:14:11Z</time></trkpt>
    <trkpt lat="28.16480" lon="85.43235"><ele>2570</ele><time>2022-11-01T06:14:30Z</time></trkpt>
    <trkpt lat="28.16461" lon="85.43221"><ele>2572</ele><time>2022-11-01T06:15:11Z</time></trkpt>
    <trkpt lat="28.16449" lon="85.43213"><ele>2564</ele><time>2022-11-01T06:15:29Z</time></trkpt>
    <trkpt lat="28.16441" lon="85.43206"><ele>2561</ele><time>2022-11-01T06:15:47Z</time></trkpt>
    <trkpt lat="28.16432" lon="85.43206"><ele>2567</ele><time>2022-11-01T06:16:06Z</time></trkpt>
    <trkpt lat="28.16423" lon="85.43205"><ele>2566</ele><time>2022-11-01T06:16:25Z</time></trkpt>
    <trkpt lat="28.16416" lon="85.43197"><ele>2563</ele><time>2022-11-01T06:16:44Z</time></trkpt>
    <trkpt lat="28.16407" lon="85.43190"><ele>2560</ele><time>2022-11-01T06:17:03Z</time></trkpt>
    <trkpt lat="28.16395" lon="85.43187"><ele>2557</ele><time>2022-11-01T06:17:22Z</time></trkpt>
    <trkpt lat="28.16386" lon="85.43188"><ele>2546</ele><time>2022-11-01T06:17:40Z</time></trkpt>
    <trkpt lat="28.16365" lon="85.43186"><ele>2549</ele><time>2022-11-01T06:18:18Z</time></trkpt>
    <trkpt lat="28.16356" lon="85.43184"><ele>2563</ele><time>2022-11-01T06:18:37Z</time></trkpt>
    <trkpt lat="28.16342" lon="85.43173"><ele>2554</ele><time>2022-11-01T06:19:28Z</time></trkpt>
    <trkpt lat="28.16332" lon="85.43165"><ele>2535</ele><time>2022-11-01T06:19:47Z</time></trkpt>
    <trkpt lat="28.16320" lon="85.43156"><ele>2530</ele><time>2022-11-01T06:20:05Z</time></trkpt>
    <trkpt lat="28.16310" lon="85.43153"><ele>2526</ele><time>2022-11-01T06:20:24Z</time></trkpt>
    <trkpt lat="28.16303" lon="85.43145"><ele>2522</ele><time>2022-11-01T06:20:42Z</time></trkpt>
    <trkpt lat="28.16294" lon="85.43141"><ele>2516</ele><time>2022-11-01T06:21:00Z</time></trkpt>
    <trkpt lat="28.16285" lon="85.43139"><ele>2516</ele><time>2022-11-01T06:21:19Z</time></trkpt>
    <trkpt lat="28.16270" lon="85.43120"><ele>2504</ele><time>2022-11-01T06:21:58Z</time></trkpt>
    <trkpt lat="28.16257" lon="85.43109"><ele>2508</ele><time>2022-11-01T06:25:24Z</time></trkpt>
    <trkpt lat="28.16245" lon="85.43104"><ele>2509</ele><time>2022-11-01T06:25:43Z</time></trkpt>
    <trkpt lat="28.16239" lon="85.43096"><ele>2507</ele><time>2022-11-01T06:26:02Z</time></trkpt>
    <trkpt lat="28.16230" lon="85.43090"><ele>2500</ele><time>2022-11-01T06:26:20Z</time></trkpt>
    <trkpt lat="28.16220" lon="85.43084"><ele>2497</ele><time>2022-11-01T06:26:39Z</time></trkpt>
    <trkpt lat="28.16209" lon="85.43085"><ele>2494</ele><time>2022-11-01T06:26:57Z</time></trkpt>
    <trkpt lat="28.16205" lon="85.43074"><ele>2486</ele><time>2022-11-01T06:27:15Z</time></trkpt>
    <trkpt lat="28.16193" lon="85.43067"><ele>2476</ele><time>2022-11-01T06:27:34Z</time></trkpt>
    <trkpt lat="28.16186" lon="85.43051"><ele>2478</ele><time>2022-11-01T06:27:53Z</time></trkpt>
    <trkpt lat="28.16179" lon="85.43034"><ele>2468</ele><time>2022-11-01T06:28:12Z</time></trkpt>
    <trkpt lat="28.16167" lon="85.43027"><ele>2469</ele><time>2022-11-01T06:28:30Z</time></trkpt>
    <trkpt lat="28.16159" lon="85.43018"><ele>2466</ele><time>2022-11-01T06:28:49Z</time></trkpt>
    <trkpt lat="28.16157" lon="85.43007"><ele>2464</ele><time>2022-11-01T06:29:07Z</time></trkpt>
    <trkpt lat="28.16150" lon="85.42995"><ele>2466</ele><time>2022-11-01T06:29:25Z</time></trkpt>
    <trkpt lat="28.16143" lon="85.42986"><ele>2462</ele><time>2022-11-01T06:29:44Z</time></trkpt>
    <trkpt lat="28.16134" lon="85.42977"><ele>2465</ele><time>2022-11-01T06:30:03Z</time></trkpt>
    <trkpt lat="28.16123" lon="85.42965"><ele>2463</ele><time>2022-11-01T06:30:21Z</time></trkpt>
    <trkpt lat="28.16111" lon="85.42957"><ele>2470</ele><time>2022-11-01T06:30:40Z</time></trkpt>
    <trkpt lat="28.16065" lon="85.42970"><ele>2485</ele><time>2022-11-01T07:22:14Z</time></trkpt>
    <trkpt lat="28.16075" lon="85.42971"><ele>2487</ele><time>2022-11-01T07:22:17Z</time></trkpt>
    <trkpt lat="28.16089" lon="85.42963"><ele>2483</ele><time>2022-11-01T07:28:13Z</time></trkpt>
    <trkpt lat="28.16099" lon="85.42948"><ele>2484</ele><time>2022-11-01T07:34:56Z</time></trkpt>
    <trkpt lat="28.16092" lon="85.42937"><ele>2462</ele><time>2022-11-01T07:43:35Z</time></trkpt>
    <trkpt lat="28.16091" lon="85.42920"><ele>2465</ele><time>2022-11-01T07:43:53Z</time></trkpt>
    <trkpt lat="28.16081" lon="85.42915"><ele>2455</ele><time>2022-11-01T07:44:12Z</time></trkpt>
    <trkpt lat="28.16074" lon="85.42892"><ele>2455</ele><time>2022-11-01T07:45:12Z</time></trkpt>
    <trkpt lat="28.16070" lon="85.42880"><ele>2461</ele><time>2022-11-01T07:45:30Z</time></trkpt>
    <trkpt lat="28.16059" lon="85.42871"><ele>2465</ele><time>2022-11-01T07:45:49Z</time></trkpt>
    <trkpt lat="28.16046" lon="85.42856"><ele>2462</ele><time>2022-11-01T07:46:28Z</time></trkpt>
    <trkpt lat="28.16037" lon="85.42845"><ele>2462</ele><time>2022-11-01T07:46:47Z</time></trkpt>
    <trkpt lat="28.16039" lon="85.42831"><ele>2464</ele><time>2022-11-01T07:47:06Z</time></trkpt>
    <trkpt lat="28.16034" lon="85.42820"><ele>2461</ele><time>2022-11-01T07:47:24Z</time></trkpt>
    <trkpt lat="28.16030" lon="85.42804"><ele>2454</ele><time>2022-11-01T07:47:42Z</time></trkpt>
    <trkpt lat="28.16024" lon="85.42790"><ele>2453</ele><time>2022-11-01T07:48:01Z</time></trkpt>
    <trkpt lat="28.16013" lon="85.42765"><ele>2451</ele><time>2022-11-01T07:48:41Z</time></trkpt>
    <trkpt lat="28.16008" lon="85.42748"><ele>2452</ele><time>2022-11-01T07:49:00Z</time></trkpt>
    <trkpt lat="28.16004" lon="85.42735"><ele>2454</ele><time>2022-11-01T07:49:19Z</time></trkpt>
    <trkpt lat="28.16001" lon="85.42718"><ele>2456</ele><time>2022-11-01T07:49:37Z</time></trkpt>
    <trkpt lat="28.15993" lon="85.42704"><ele>2456</ele><time>2022-11-01T07:49:56Z</time></trkpt>
    <trkpt lat="28.15988" lon="85.42692"><ele>2459</ele><time>2022-11-01T07:50:14Z</time></trkpt>
    <trkpt lat="28.15981" lon="85.42684"><ele>2461</ele><time>2022-11-01T07:50:32Z</time></trkpt>
    <trkpt lat="28.15976" lon="85.42667"><ele>2465</ele><time>2022-11-01T07:51:21Z</time></trkpt>
    <trkpt lat="28.15974" lon="85.42655"><ele>2468</ele><time>2022-11-01T07:51:39Z</time></trkpt>
    <trkpt lat="28.15972" lon="85.42638"><ele>2467</ele><time>2022-11-01T07:51:57Z</time></trkpt>
    <trkpt lat="28.15968" lon="85.42621"><ele>2469</ele><time>2022-11-01T07:52:16Z</time></trkpt>
    <trkpt lat="28.15964" lon="85.42608"><ele>2471</ele><time>2022-11-01T07:52:35Z</time></trkpt>
    <trkpt lat="28.15967" lon="85.42599"><ele>2471</ele><time>2022-11-01T07:52:58Z</time></trkpt>
    <trkpt lat="28.15970" lon="85.42580"><ele>2472</ele><time>2022-11-01T07:53:41Z</time></trkpt>
    <trkpt lat="28.15959" lon="85.42563"><ele>2479</ele><time>2022-11-01T07:54:00Z</time></trkpt>
    <trkpt lat="28.15958" lon="85.42549"><ele>2481</ele><time>2022-11-01T07:54:19Z</time></trkpt>
    <trkpt lat="28.15955" lon="85.42538"><ele>2481</ele><time>2022-11-01T07:54:37Z</time></trkpt>
    <trkpt lat="28.15950" lon="85.42526"><ele>2479</ele><time>2022-11-01T07:54:55Z</time></trkpt>
    <trkpt lat="28.15944" lon="85.42517"><ele>2480</ele><time>2022-11-01T07:55:14Z</time></trkpt>
    <trkpt lat="28.15937" lon="85.42497"><ele>2483</ele><time>2022-11-01T07:55:33Z</time></trkpt>
    <trkpt lat="28.15934" lon="85.42484"><ele>2483</ele><time>2022-11-01T07:55:52Z</time></trkpt>
    <trkpt lat="28.15926" lon="85.42465"><ele>2483</ele><time>2022-11-01T07:56:29Z</time></trkpt>
    <trkpt lat="28.15919" lon="85.42457"><ele>2483</ele><time>2022-11-01T07:56:47Z</time></trkpt>
    <trkpt lat="28.15922" lon="85.42445"><ele>2481</ele><time>2022-11-01T07:57:06Z</time></trkpt>
    <trkpt lat="28.15922" lon="85.42434"><ele>2476</ele><time>2022-11-01T07:57:24Z</time></trkpt>
    <trkpt lat="28.15916" lon="85.42410"><ele>2481</ele><time>2022-11-01T07:57:43Z</time></trkpt>
    <trkpt lat="28.15908" lon="85.42397"><ele>2478</ele><time>2022-11-01T07:58:01Z</time></trkpt>
    <trkpt lat="28.15905" lon="85.42385"><ele>2479</ele><time>2022-11-01T07:58:20Z</time></trkpt>
    <trkpt lat="28.15900" lon="85.42368"><ele>2483</ele><time>2022-11-01T07:58:57Z</time></trkpt>
    <trkpt lat="28.15895" lon="85.42359"><ele>2483</ele><time>2022-11-01T07:59:25Z</time></trkpt>
    <trkpt lat="28.15892" lon="85.42349"><ele>2483</ele><time>2022-11-01T07:59:43Z</time></trkpt>
    <trkpt lat="28.15886" lon="85.42337"><ele>2479</ele><time>2022-11-01T08:00:02Z</time></trkpt>
    <trkpt lat="28.15888" lon="85.42313"><ele>2476</ele><time>2022-11-01T08:00:42Z</time></trkpt>
    <trkpt lat="28.15892" lon="85.42299"><ele>2475</ele><time>2022-11-01T08:01:01Z</time></trkpt>
    <trkpt lat="28.15891" lon="85.42288"><ele>2472</ele><time>2022-11-01T08:01:19Z</time></trkpt>
    <trkpt lat="28.15879" lon="85.42282"><ele>2480</ele><time>2022-11-01T08:01:38Z</time></trkpt>
    <trkpt lat="28.15872" lon="85.42272"><ele>2484</ele><time>2022-11-01T08:01:56Z</time></trkpt>
    <trkpt lat="28.15868" lon="85.42257"><ele>2485</ele><time>2022-11-01T08:02:15Z</time></trkpt>
    <trkpt lat="28.15870" lon="85.42237"><ele>2483</ele><time>2022-11-01T08:02:55Z</time></trkpt>
    <trkpt lat="28.15873" lon="85.42223"><ele>2488</ele><time>2022-11-01T08:03:14Z</time></trkpt>
    <trkpt lat="28.15874" lon="85.42204"><ele>2493</ele><time>2022-11-01T08:03:33Z</time></trkpt>
    <trkpt lat="28.15876" lon="85.42186"><ele>2488</ele><time>2022-11-01T08:03:51Z</time></trkpt>
    <trkpt lat="28.15879" lon="85.42167"><ele>2488</ele><time>2022-11-01T08:04:10Z</time></trkpt>
    <trkpt lat="28.15875" lon="85.42147"><ele>2494</ele><time>2022-11-01T08:04:28Z</time></trkpt>
    <trkpt lat="28.15875" lon="85.42136"><ele>2496</ele><time>2022-11-01T08:04:46Z</time></trkpt>
    <trkpt lat="28.15874" lon="85.42121"><ele>2492</ele><time>2022-11-01T08:05:05Z</time></trkpt>
    <trkpt lat="28.15881" lon="85.42108"><ele>2493</ele><time>2022-11-01T08:05:24Z</time></trkpt>
    <trkpt lat="28.15900" lon="85.42090"><ele>2495</ele><time>2022-11-01T08:06:33Z</time></trkpt>
    <trkpt lat="28.15910" lon="85.42089"><ele>2499</ele><time>2022-11-01T08:06:51Z</time></trkpt>
    <trkpt lat="28.15922" lon="85.42089"><ele>2493</ele><time>2022-11-01T08:07:10Z</time></trkpt>
    <trkpt lat="28.15933" lon="85.42079"><ele>2500</ele><time>2022-11-01T08:07:29Z</time></trkpt>
    <trkpt lat="28.15942" lon="85.42064"><ele>2499</ele><time>2022-11-01T08:07:47Z</time></trkpt>
    <trkpt lat="28.15949" lon="85.42048"><ele>2511</ele><time>2022-11-01T08:08:05Z</time></trkpt>
    <trkpt lat="28.15956" lon="85.42026"><ele>2504</ele><time>2022-11-01T08:08:42Z</time></trkpt>
    <trkpt lat="28.15953" lon="85.42016"><ele>2502</ele><time>2022-11-01T08:09:01Z</time></trkpt>
    <trkpt lat="28.15940" lon="85.42002"><ele>2498</ele><time>2022-11-01T08:09:38Z</time></trkpt>
    <trkpt lat="28.15923" lon="85.41986"><ele>2493</ele><time>2022-11-01T08:10:18Z</time></trkpt>
    <trkpt lat="28.15922" lon="85.41970"><ele>2497</ele><time>2022-11-01T08:10:59Z</time></trkpt>
    <trkpt lat="28.15928" lon="85.41961"><ele>2503</ele><time>2022-11-01T08:11:49Z</time></trkpt>
    <trkpt lat="28.15933" lon="85.41945"><ele>2504</ele><time>2022-11-01T08:12:08Z</time></trkpt>
    <trkpt lat="28.15943" lon="85.41933"><ele>2513</ele><time>2022-11-01T08:12:27Z</time></trkpt>
    <trkpt lat="28.15939" lon="85.41912"><ele>2513</ele><time>2022-11-01T08:13:04Z</time></trkpt>
    <trkpt lat="28.15938" lon="85.41899"><ele>2519</ele><time>2022-11-01T08:13:22Z</time></trkpt>
    <trkpt lat="28.15943" lon="85.41878"><ele>2522</ele><time>2022-11-01T08:14:01Z</time></trkpt>
    <trkpt lat="28.15946" lon="85.41861"><ele>2524</ele><time>2022-11-01T08:14:20Z</time></trkpt>
    <trkpt lat="28.15939" lon="85.41847"><ele>2528</ele><time>2022-11-01T08:15:08Z</time></trkpt>
    <trkpt lat="28.15948" lon="85.41843"><ele>2531</ele><time>2022-11-01T08:15:27Z</time></trkpt>
    <trkpt lat="28.15964" lon="85.41833"><ele>2546</ele><time>2022-11-01T08:16:10Z</time></trkpt>
    <trkpt lat="28.15972" lon="85.41822"><ele>2544</ele><time>2022-11-01T08:16:29Z</time></trkpt>
    <trkpt lat="28.15978" lon="85.41815"><ele>2543</ele><time>2022-11-01T08:16:48Z</time></trkpt>
    <trkpt lat="28.15987" lon="85.41791"><ele>2538</ele><time>2022-11-01T08:18:43Z</time></trkpt>
    <trkpt lat="28.15980" lon="85.41777"><ele>2536</ele><time>2022-11-01T08:19:01Z</time></trkpt>
    <trkpt lat="28.15976" lon="85.41766"><ele>2529</ele><time>2022-11-01T08:19:19Z</time></trkpt>
    <trkpt lat="28.15989" lon="85.41756"><ele>2541</ele><time>2022-11-01T08:19:38Z</time></trkpt>
    <trkpt lat="28.15998" lon="85.41751"><ele>2532</ele><time>2022-11-01T08:19:56Z</time></trkpt>
    <trkpt lat="28.16005" lon="85.41738"><ele>2526</ele><time>2022-11-01T08:20:15Z</time></trkpt>
    <trkpt lat="28.16009" lon="85.41727"><ele>2519</ele><time>2022-11-01T08:20:33Z</time></trkpt>
    <trkpt lat="28.16016" lon="85.41718"><ele>2522</ele><time>2022-11-01T08:20:51Z</time></trkpt>
    <trkpt lat="28.16020" lon="85.41695"><ele>2526</ele><time>2022-11-01T08:22:10Z</time></trkpt>
    <trkpt lat="28.16024" lon="85.41673"><ele>2540</ele><time>2022-11-01T08:22:50Z</time></trkpt>
    <trkpt lat="28.16024" lon="85.41654"><ele>2537</ele><time>2022-11-01T08:23:09Z</time></trkpt>
    <trkpt lat="28.16015" lon="85.41643"><ele>2535</ele><time>2022-11-01T08:23:27Z</time></trkpt>
    <trkpt lat="28.16010" lon="85.41629"><ele>2535</ele><time>2022-11-01T08:23:45Z</time></trkpt>
    <trkpt lat="28.15998" lon="85.41602"><ele>2545</ele><time>2022-11-01T08:24:42Z</time></trkpt>
    <trkpt lat="28.16003" lon="85.41592"><ele>2546</ele><time>2022-11-01T08:25:01Z</time></trkpt>
    <trkpt lat="28.16009" lon="85.41578"><ele>2545</ele><time>2022-11-01T08:25:20Z</time></trkpt>
    <trkpt lat="28.16013" lon="85.41566"><ele>2557</ele><time>2022-11-01T08:25:38Z</time></trkpt>
    <trkpt lat="28.16013" lon="85.41552"><ele>2557</ele><time>2022-11-01T08:25:57Z</time></trkpt>
    <trkpt lat="28.16009" lon="85.41542"><ele>2558</ele><time>2022-11-01T08:26:16Z</time></trkpt>
    <trkpt lat="28.16010" lon="85.41524"><ele>2567</ele><time>2022-11-01T08:30:07Z</time></trkpt>
    <trkpt lat="28.16011" lon="85.41512"><ele>2570</ele><time>2022-11-01T08:30:25Z</time></trkpt>
    <trkpt lat="28.16009" lon="85.41495"><ele>2572</ele><time>2022-11-01T08:30:44Z</time></trkpt>
    <trkpt lat="28.16017" lon="85.41485"><ele>2575</ele><time>2022-11-01T08:31:03Z</time></trkpt>
    <trkpt lat="28.16026" lon="85.41470"><ele>2582</ele><time>2022-11-01T08:32:11Z</time></trkpt>
    <trkpt lat="28.16042" lon="85.41470"><ele>2586</ele><time>2022-11-01T08:34:18Z</time></trkpt>
    <trkpt lat="28.16046" lon="85.41457"><ele>2589</ele><time>2022-11-01T08:34:37Z</time></trkpt>
    <trkpt lat="28.16045" lon="85.41440"><ele>2594</ele><time>2022-11-01T08:35:17Z</time></trkpt>
    <trkpt lat="28.16060" lon="85.41433"><ele>2618</ele><time>2022-11-01T08:36:34Z</time></trkpt>
    <trkpt lat="28.16060" lon="85.41415"><ele>2615</ele><time>2022-11-01T08:37:37Z</time></trkpt>
    <trkpt lat="28.16072" lon="85.41399"><ele>2630</ele><time>2022-11-01T08:38:44Z</time></trkpt>
    <trkpt lat="28.16078" lon="85.41392"><ele>2643</ele><time>2022-11-01T08:39:03Z</time></trkpt>
    <trkpt lat="28.16085" lon="85.41382"><ele>2646</ele><time>2022-11-01T08:39:22Z</time></trkpt>
    <trkpt lat="28.16091" lon="85.41374"><ele>2641</ele><time>2022-11-01T08:39:40Z</time></trkpt>
    <trkpt lat="28.16085" lon="85.41356"><ele>2641</ele><time>2022-11-01T08:40:17Z</time></trkpt>
    <trkpt lat="28.16079" lon="85.41338"><ele>2640</ele><time>2022-11-01T08:41:19Z</time></trkpt>
    <trkpt lat="28.16095" lon="85.41327"><ele>2657</ele><time>2022-11-01T08:42:09Z</time></trkpt>
    <trkpt lat="28.16102" lon="85.41319"><ele>2661</ele><time>2022-11-01T08:42:27Z</time></trkpt>
    <trkpt lat="28.16105" lon="85.41302"><ele>2652</ele><time>2022-11-01T08:42:45Z</time></trkpt>
    <trkpt lat="28.16104" lon="85.41285"><ele>2649</ele><time>2022-11-01T08:43:03Z</time></trkpt>
    <trkpt lat="28.16103" lon="85.41267"><ele>2648</ele><time>2022-11-01T08:43:21Z</time></trkpt>
    <trkpt lat="28.16109" lon="85.41243"><ele>2646</ele><time>2022-11-01T08:44:05Z</time></trkpt>
    <trkpt lat="28.16119" lon="85.41228"><ele>2653</ele><time>2022-11-01T08:45:21Z</time></trkpt>
    <trkpt lat="28.16124" lon="85.41214"><ele>2653</ele><time>2022-11-01T08:45:39Z</time></trkpt>
    <trkpt lat="28.16123" lon="85.41202"><ele>2655</ele><time>2022-11-01T08:45:58Z</time></trkpt>
    <trkpt lat="28.16130" lon="85.41184"><ele>2651</ele><time>2022-11-01T08:46:48Z</time></trkpt>
    <trkpt lat="28.16141" lon="85.41162"><ele>2639</ele><time>2022-11-01T08:47:30Z</time></trkpt>
    <trkpt lat="28.16138" lon="85.41142"><ele>2644</ele><time>2022-11-01T08:47:49Z</time></trkpt>
    <trkpt lat="28.16138" lon="85.41125"><ele>2634</ele><time>2022-11-01T08:48:07Z</time></trkpt>
    <trkpt lat="28.16136" lon="85.41106"><ele>2640</ele><time>2022-11-01T08:48:26Z</time></trkpt>
    <trkpt lat="28.16132" lon="85.41095"><ele>2640</ele><time>2022-11-01T08:48:45Z</time></trkpt>
    <trkpt lat="28.16126" lon="85.41078"><ele>2640</ele><time>2022-11-01T08:49:52Z</time></trkpt>
    <trkpt lat="28.16117" lon="85.41053"><ele>2629</ele><time>2022-11-01T08:50:30Z</time></trkpt>
    <trkpt lat="28.16112" lon="85.41037"><ele>2634</ele><time>2022-11-01T08:51:13Z</time></trkpt>
    <trkpt lat="28.16113" lon="85.41019"><ele>2633</ele><time>2022-11-01T08:51:32Z</time></trkpt>
    <trkpt lat="28.16123" lon="85.41013"><ele>2628</ele><time>2022-11-01T08:51:51Z</time></trkpt>
    <trkpt lat="28.16125" lon="85.41000"><ele>2632</ele><time>2022-11-01T08:52:09Z</time></trkpt>
    <trkpt lat="28.16119" lon="85.40980"><ele>2629</ele><time>2022-11-01T09:01:13Z</time></trkpt>
    <trkpt lat="28.16115" lon="85.40965"><ele>2627</ele><time>2022-11-01T09:01:32Z</time></trkpt>
    <trkpt lat="28.16109" lon="85.40952"><ele>2625</ele><time>2022-11-01T09:01:51Z</time></trkpt>
    <trkpt lat="28.16108" lon="85.40929"><ele>2627</ele><time>2022-11-01T09:02:10Z</time></trkpt>
    <trkpt lat="28.16106" lon="85.40898"><ele>2623</ele><time>2022-11-01T09:02:29Z</time></trkpt>
    <trkpt lat="28.16102" lon="85.40886"><ele>2624</ele><time>2022-11-01T09:02:47Z</time></trkpt>
    <trkpt lat="28.16088" lon="85.40876"><ele>2630</ele><time>2022-11-01T09:03:06Z</time></trkpt>
    <trkpt lat="28.16078" lon="85.40866"><ele>2638</ele><time>2022-11-01T09:03:24Z</time></trkpt>
    <trkpt lat="28.16064" lon="85.40854"><ele>2639</ele><time>2022-11-01T09:03:43Z</time></trkpt>
    <trkpt lat="28.16054" lon="85.40839"><ele>2628</ele><time>2022-11-01T09:04:02Z</time></trkpt>
    <trkpt lat="28.16045" lon="85.40824"><ele>2624</ele><time>2022-11-01T09:04:20Z</time></trkpt>
    <trkpt lat="28.16031" lon="85.40808"><ele>2619</ele><time>2022-11-01T09:04:39Z</time></trkpt>
    <trkpt lat="28.16028" lon="85.40780"><ele>2627</ele><time>2022-11-01T09:05:16Z</time></trkpt>
    <trkpt lat="28.16017" lon="85.40768"><ele>2625</ele><time>2022-11-01T09:05:35Z</time></trkpt>
    <trkpt lat="28.16013" lon="85.40752"><ele>2626</ele><time>2022-11-01T09:05:53Z</time></trkpt>
    <trkpt lat="28.16011" lon="85.40737"><ele>2627</ele><time>2022-11-01T09:06:11Z</time></trkpt>
    <trkpt lat="28.16017" lon="85.40722"><ele>2627</ele><time>2022-11-01T09:06:30Z</time></trkpt>
    <trkpt lat="28.16031" lon="85.40718"><ele>2631</ele><time>2022-11-01T09:06:49Z</time></trkpt>
    <trkpt lat="28.16052" lon="85.40728"><ele>2640</ele><time>2022-11-01T09:07:29Z</time></trkpt>
    <trkpt lat="28.16063" lon="85.40713"><ele>2642</ele><time>2022-11-01T09:07:47Z</time></trkpt>
    <trkpt lat="28.16074" lon="85.40695"><ele>2650</ele><time>2022-11-01T09:08:05Z</time></trkpt>
    <trkpt lat="28.16082" lon="85.40687"><ele>2642</ele><time>2022-11-01T09:08:23Z</time></trkpt>
    <trkpt lat="28.16084" lon="85.40677"><ele>2634</ele><time>2022-11-01T09:08:41Z</time></trkpt>
    <trkpt lat="28.16082" lon="85.40658"><ele>2631</ele><time>2022-11-01T09:09:21Z</time></trkpt>
    <trkpt lat="28.16088" lon="85.40636"><ele>2632</ele><time>2022-11-01T09:09:59Z</time></trkpt>
    <trkpt lat="28.16085" lon="85.40615"><ele>2634</ele><time>2022-11-01T09:10:35Z</time></trkpt>
    <trkpt lat="28.16088" lon="85.40597"><ele>2637</ele><time>2022-11-01T09:11:17Z</time></trkpt>
    <trkpt lat="28.16096" lon="85.40587"><ele>2641</ele><time>2022-11-01T09:11:36Z</time></trkpt>
    <trkpt lat="28.16100" lon="85.40569"><ele>2654</ele><time>2022-11-01T09:12:28Z</time></trkpt>
    <trkpt lat="28.16103" lon="85.40552"><ele>2650</ele><time>2022-11-01T09:12:47Z</time></trkpt>
    <trkpt lat="28.16091" lon="85.40535"><ele>2656</ele><time>2022-11-01T09:13:31Z</time></trkpt>
    <trkpt lat="28.16083" lon="85.40524"><ele>2659</ele><time>2022-11-01T09:13:49Z</time></trkpt>
    <trkpt lat="28.16080" lon="85.40506"><ele>2660</ele><time>2022-11-01T09:14:35Z</time></trkpt>
    <trkpt lat="28.16082" lon="85.40489"><ele>2663</ele><time>2022-11-01T09:14:54Z</time></trkpt>
    <trkpt lat="28.16080" lon="85.40475"><ele>2662</ele><time>2022-11-01T09:15:13Z</time></trkpt>
    <trkpt lat="28.16073" lon="85.40464"><ele>2663</ele><time>2022-11-01T09:15:31Z</time></trkpt>
    <trkpt lat="28.16069" lon="85.40450"><ele>2662</ele><time>2022-11-01T09:15:49Z</time></trkpt>
    <trkpt lat="28.16071" lon="85.40437"><ele>2657</ele><time>2022-11-01T09:16:08Z</time></trkpt>
    <trkpt lat="28.16074" lon="85.40418"><ele>2658</ele><time>2022-11-01T09:16:56Z</time></trkpt>
    <trkpt lat="28.16080" lon="85.40407"><ele>2660</ele><time>2022-11-01T09:17:15Z</time></trkpt>
    <trkpt lat="28.16081" lon="85.40382"><ele>2657</ele><time>2022-11-01T09:18:02Z</time></trkpt>
    <trkpt lat="28.16085" lon="85.40365"><ele>2648</ele><time>2022-11-01T09:18:21Z</time></trkpt>
    <trkpt lat="28.16084" lon="85.40345"><ele>2644</ele><time>2022-11-01T09:18:39Z</time></trkpt>
    <trkpt lat="28.16089" lon="85.40328"><ele>2647</ele><time>2022-11-01T09:18:57Z</time></trkpt>
    <trkpt lat="28.16094" lon="85.40319"><ele>2644</ele><time>2022-11-01T09:19:16Z</time></trkpt>
    <trkpt lat="28.16086" lon="85.40293"><ele>2638</ele><time>2022-11-01T09:19:59Z</time></trkpt>
    <trkpt lat="28.16095" lon="85.40279"><ele>2636</ele><time>2022-11-01T09:20:17Z</time></trkpt>
    <trkpt lat="28.16115" lon="85.40259"><ele>2646</ele><time>2022-11-01T09:21:10Z</time></trkpt>
    <trkpt lat="28.16124" lon="85.40249"><ele>2635</ele><time>2022-11-01T09:21:29Z</time></trkpt>
    <trkpt lat="28.16132" lon="85.40241"><ele>2642</ele><time>2022-11-01T09:21:48Z</time></trkpt>
    <trkpt lat="28.16136" lon="85.40223"><ele>2650</ele><time>2022-11-01T09:22:06Z</time></trkpt>
    <trkpt lat="28.16150" lon="85.40211"><ele>2653</ele><time>2022-11-01T09:22:25Z</time></trkpt>
    <trkpt lat="28.16160" lon="85.40203"><ele>2652</ele><time>2022-11-01T09:22:44Z</time></trkpt>
    <trkpt lat="28.16159" lon="85.40187"><ele>2643</ele><time>2022-11-01T09:23:03Z</time></trkpt>
    <trkpt lat="28.16161" lon="85.40167"><ele>2641</ele><time>2022-11-01T09:23:45Z</time></trkpt>
    <trkpt lat="28.16162" lon="85.40153"><ele>2636</ele><time>2022-11-01T09:24:04Z</time></trkpt>
    <trkpt lat="28.16160" lon="85.40137"><ele>2628</ele><time>2022-11-01T09:24:23Z</time></trkpt>
    <trkpt lat="28.16162" lon="85.40127"><ele>2622</ele><time>2022-11-01T09:24:41Z</time></trkpt>
    <trkpt lat="28.16166" lon="85.40117"><ele>2618</ele><time>2022-11-01T09:25:00Z</time></trkpt>
    <trkpt lat="28.16177" lon="85.40091"><ele>2615</ele><time>2022-11-01T09:25:42Z</time></trkpt>
    <trkpt lat="28.16185" lon="85.40072"><ele>2613</ele><time>2022-11-01T09:26:19Z</time></trkpt>
    <trkpt lat="28.16174" lon="85.40058"><ele>2599</ele><time>2022-11-01T09:26:38Z</time></trkpt>
    <trkpt lat="28.16170" lon="85.40046"><ele>2597</ele><time>2022-11-01T09:26:56Z</time></trkpt>
    <trkpt lat="28.16158" lon="85.40031"><ele>2596</ele><time>2022-11-01T09:27:15Z</time></trkpt>
    <trkpt lat="28.16163" lon="85.40020"><ele>2603</ele><time>2022-11-01T09:27:33Z</time></trkpt>
    <trkpt lat="28.16178" lon="85.40013"><ele>2605</ele><time>2022-11-01T09:27:51Z</time></trkpt>
    <trkpt lat="28.16190" lon="85.39994"><ele>2616</ele><time>2022-11-01T09:28:10Z</time></trkpt>
    <trkpt lat="28.16200" lon="85.39981"><ele>2612</ele><time>2022-11-01T09:28:28Z</time></trkpt>
    <trkpt lat="28.16217" lon="85.39955"><ele>2620</ele><time>2022-11-01T09:29:14Z</time></trkpt>
    <trkpt lat="28.16222" lon="85.39939"><ele>2620</ele><time>2022-11-01T09:29:32Z</time></trkpt>
    <trkpt lat="28.16221" lon="85.39921"><ele>2619</ele><time>2022-11-01T09:29:51Z</time></trkpt>
    <trkpt lat="28.16216" lon="85.39903"><ele>2610</ele><time>2022-11-01T09:30:10Z</time></trkpt>
    <trkpt lat="28.16218" lon="85.39881"><ele>2601</ele><time>2022-11-01T09:30:28Z</time></trkpt>
    <trkpt lat="28.16214" lon="85.39865"><ele>2602</ele><time>2022-11-01T09:30:47Z</time></trkpt>
    <trkpt lat="28.16207" lon="85.39854"><ele>2598</ele><time>2022-11-01T09:31:05Z</time></trkpt>
    <trkpt lat="28.16197" lon="85.39849"><ele>2606</ele><time>2022-11-01T09:31:23Z</time></trkpt>
    <trkpt lat="28.16189" lon="85.39836"><ele>2601</ele><time>2022-11-01T09:31:41Z</time></trkpt>
    <trkpt lat="28.16179" lon="85.39815"><ele>2599</ele><time>2022-11-01T09:33:17Z</time></trkpt>
    <trkpt lat="28.16192" lon="85.39796"><ele>2591</ele><time>2022-11-01T09:34:21Z</time></trkpt>
    <trkpt lat="28.16200" lon="85.39786"><ele>2590</ele><time>2022-11-01T09:34:40Z</time></trkpt>
    <trkpt lat="28.16210" lon="85.39770"><ele>2586</ele><time>2022-11-01T09:35:16Z</time></trkpt>
    <trkpt lat="28.16214" lon="85.39760"><ele>2579</ele><time>2022-11-01T09:36:29Z</time></trkpt>
  </trkseg>
  <trkseg>
    <trkpt lat="28.16214" lon="85.39760"><ele>2579</ele><time>2022-11-01T09:36:29Z</time></trkpt>
    <trkpt lat="28.16222" lon="85.39760"><ele>2596</ele><time>2022-11-01T09:43:40Z</time></trkpt>
  </trkseg>
</trk>
<trk>
  <name>LangtangTrek2</name>
  <trkseg>
    <trkpt lat="28.16164" lon="85.39838"><ele>2707</ele><time>2022-10-25T02:24:45Z</time></trkpt>
    <trkpt lat="28.16171" lon="85.39830"><ele>2686</ele><time>2022-10-25T02:24:50Z</time></trkpt>
    <trkpt lat="28.16187" lon="85.39830"><ele>2634</ele><time>2022-10-25T02:28:33Z</time></trkpt>
    <trkpt lat="28.16195" lon="85.39838"><ele>2627</ele><time>2022-10-25T02:28:51Z</time></trkpt>
    <trkpt lat="28.16211" lon="85.39863"><ele>2622</ele><time>2022-10-25T02:29:31Z</time></trkpt>
    <trkpt lat="28.16216" lon="85.39878"><ele>2624</ele><time>2022-10-25T02:29:49Z</time></trkpt>
    <trkpt lat="28.16214" lon="85.39900"><ele>2618</ele><time>2022-10-25T02:30:08Z</time></trkpt>
    <trkpt lat="28.16222" lon="85.39914"><ele>2651</ele><time>2022-10-25T02:30:27Z</time></trkpt>
    <trkpt lat="28.16224" lon="85.39929"><ele>2614</ele><time>2022-10-25T02:30:46Z</time></trkpt>
    <trkpt lat="28.16216" lon="85.39948"><ele>2615</ele><time>2022-10-25T02:31:04Z</time></trkpt>
    <trkpt lat="28.16210" lon="85.39958"><ele>2616</ele><time>2022-10-25T02:31:23Z</time></trkpt>
    <trkpt lat="28.16191" lon="85.39979"><ele>2615</ele><time>2022-10-25T02:33:00Z</time></trkpt>
    <trkpt lat="28.16182" lon="85.39996"><ele>2612</ele><time>2022-10-25T02:33:19Z</time></trkpt>
    <trkpt lat="28.16171" lon="85.40013"><ele>2610</ele><time>2022-10-25T02:33:37Z</time></trkpt>
    <trkpt lat="28.16152" lon="85.40022"><ele>2608</ele><time>2022-10-25T02:33:56Z</time></trkpt>
    <trkpt lat="28.16155" lon="85.40034"><ele>2619</ele><time>2022-10-25T02:34:14Z</time></trkpt>
    <trkpt lat="28.16165" lon="85.40045"><ele>2615</ele><time>2022-10-25T02:34:32Z</time></trkpt>
    <trkpt lat="28.16179" lon="85.40059"><ele>2612</ele><time>2022-10-25T02:34:50Z</time></trkpt>
    <trkpt lat="28.16175" lon="85.40077"><ele>2618</ele><time>2022-10-25T02:35:47Z</time></trkpt>
    <trkpt lat="28.16166" lon="85.40101"><ele>2615</ele><time>2022-10-25T02:36:27Z</time></trkpt>
    <trkpt lat="28.16159" lon="85.40118"><ele>2619</ele><time>2022-10-25T02:37:07Z</time></trkpt>
    <trkpt lat="28.16153" lon="85.40136"><ele>2625</ele><time>2022-10-25T02:37:48Z</time></trkpt>
    <trkpt lat="28.16156" lon="85.40154"><ele>2624</ele><time>2022-10-25T02:38:28Z</time></trkpt>
    <trkpt lat="28.16160" lon="85.40171"><ele>2629</ele><time>2022-10-25T02:39:09Z</time></trkpt>
    <trkpt lat="28.16149" lon="85.40184"><ele>2634</ele><time>2022-10-25T02:39:49Z</time></trkpt>
    <trkpt lat="28.16152" lon="85.40205"><ele>2639</ele><time>2022-10-25T02:40:57Z</time></trkpt>
    <trkpt lat="28.16137" lon="85.40213"><ele>2641</ele><time>2022-10-25T02:42:15Z</time></trkpt>
    <trkpt lat="28.16133" lon="85.40227"><ele>2638</ele><time>2022-10-25T02:42:34Z</time></trkpt>
    <trkpt lat="28.16125" lon="85.40235"><ele>2669</ele><time>2022-10-25T02:42:53Z</time></trkpt>
    <trkpt lat="28.16116" lon="85.40247"><ele>2638</ele><time>2022-10-25T02:43:12Z</time></trkpt>
    <trkpt lat="28.16105" lon="85.40258"><ele>2640</ele><time>2022-10-25T02:43:31Z</time></trkpt>
    <trkpt lat="28.16098" lon="85.40269"><ele>2649</ele><time>2022-10-25T02:43:50Z</time></trkpt>
    <trkpt lat="28.16089" lon="85.40286"><ele>2653</ele><time>2022-10-25T02:44:28Z</time></trkpt>
    <trkpt lat="28.16087" lon="85.40298"><ele>2670</ele><time>2022-10-25T02:44:46Z</time></trkpt>
    <trkpt lat="28.16088" lon="85.40325"><ele>2653</ele><time>2022-10-25T02:45:24Z</time></trkpt>
    <trkpt lat="28.16083" lon="85.40341"><ele>2654</ele><time>2022-10-25T02:45:43Z</time></trkpt>
    <trkpt lat="28.16080" lon="85.40356"><ele>2653</ele><time>2022-10-25T02:46:02Z</time></trkpt>
    <trkpt lat="28.16076" lon="85.40373"><ele>2651</ele><time>2022-10-25T02:46:20Z</time></trkpt>
    <trkpt lat="28.16077" lon="85.40384"><ele>2655</ele><time>2022-10-25T02:46:38Z</time></trkpt>
    <trkpt lat="28.16077" lon="85.40403"><ele>2661</ele><time>2022-10-25T02:47:16Z</time></trkpt>
    <trkpt lat="28.16073" lon="85.40414"><ele>2662</ele><time>2022-10-25T02:47:35Z</time></trkpt>
    <trkpt lat="28.16068" lon="85.40432"><ele>2666</ele><time>2022-10-25T02:48:15Z</time></trkpt>
    <trkpt lat="28.16068" lon="85.40451"><ele>2669</ele><time>2022-10-25T02:48:56Z</time></trkpt>
    <trkpt lat="28.16073" lon="85.40477"><ele>2667</ele><time>2022-10-25T02:50:14Z</time></trkpt>
    <trkpt lat="28.16080" lon="85.40493"><ele>2675</ele><time>2022-10-25T02:50:32Z</time></trkpt>
    <trkpt lat="28.16076" lon="85.40505"><ele>2669</ele><time>2022-10-25T02:50:51Z</time></trkpt>
    <trkpt lat="28.16078" lon="85.40524"><ele>2666</ele><time>2022-10-25T02:51:09Z</time></trkpt>
    <trkpt lat="28.16089" lon="85.40540"><ele>2664</ele><time>2022-10-25T02:51:28Z</time></trkpt>
    <trkpt lat="28.16101" lon="85.40550"><ele>2662</ele><time>2022-10-25T02:51:47Z</time></trkpt>
    <trkpt lat="28.16095" lon="85.40575"><ele>2653</ele><time>2022-10-25T02:52:35Z</time></trkpt>
    <trkpt lat="28.16089" lon="85.40592"><ele>2647</ele><time>2022-10-25T02:53:36Z</time></trkpt>
    <trkpt lat="28.16084" lon="85.40601"><ele>2652</ele><time>2022-10-25T02:53:54Z</time></trkpt>
    <trkpt lat="28.16080" lon="85.40618"><ele>2649</ele><time>2022-10-25T02:54:12Z</time></trkpt>
    <trkpt lat="28.16081" lon="85.40631"><ele>2643</ele><time>2022-10-25T02:54:31Z</time></trkpt>
    <trkpt lat="28.16076" lon="85.40651"><ele>2639</ele><time>2022-10-25T02:54:49Z</time></trkpt>
    <trkpt lat="28.16079" lon="85.40670"><ele>2632</ele><time>2022-10-25T03:00:57Z</time></trkpt>
    <trkpt lat="28.16072" lon="85.40694"><ele>2628</ele><time>2022-10-25T03:01:37Z</time></trkpt>
    <trkpt lat="28.16059" lon="85.40716"><ele>2650</ele><time>2022-10-25T03:02:58Z</time></trkpt>
    <trkpt lat="28.16042" lon="85.40719"><ele>2635</ele><time>2022-10-25T03:03:35Z</time></trkpt>
    <trkpt lat="28.16029" lon="85.40717"><ele>2627</ele><time>2022-10-25T03:03:54Z</time></trkpt>
    <trkpt lat="28.16015" lon="85.40716"><ele>2629</ele><time>2022-10-25T03:04:13Z</time></trkpt>
    <trkpt lat="28.16008" lon="85.40731"><ele>2625</ele><time>2022-10-25T03:04:31Z</time></trkpt>
    <trkpt lat="28.16009" lon="85.40747"><ele>2665</ele><time>2022-10-25T03:04:49Z</time></trkpt>
    <trkpt lat="28.16017" lon="85.40770"><ele>2628</ele><time>2022-10-25T03:05:26Z</time></trkpt>
    <trkpt lat="28.16024" lon="85.40779"><ele>2630</ele><time>2022-10-25T03:05:45Z</time></trkpt>
    <trkpt lat="28.16025" lon="85.40790"><ele>2630</ele><time>2022-10-25T03:06:04Z</time></trkpt>
    <trkpt lat="28.16037" lon="85.40814"><ele>2633</ele><time>2022-10-25T03:07:10Z</time></trkpt>
    <trkpt lat="28.16046" lon="85.40821"><ele>2642</ele><time>2022-10-25T03:07:29Z</time></trkpt>
    <trkpt lat="28.16053" lon="85.40829"><ele>2644</ele><time>2022-10-25T03:07:47Z</time></trkpt>
    <trkpt lat="28.16060" lon="85.40845"><ele>2640</ele><time>2022-10-25T03:08:06Z</time></trkpt>
    <trkpt lat="28.16062" lon="85.40856"><ele>2641</ele><time>2022-10-25T03:08:24Z</time></trkpt>
    <trkpt lat="28.16074" lon="85.40873"><ele>2634</ele><time>2022-10-25T03:08:43Z</time></trkpt>
    <trkpt lat="28.16086" lon="85.40878"><ele>2638</ele><time>2022-10-25T03:09:02Z</time></trkpt>
    <trkpt lat="28.16099" lon="85.40896"><ele>2639</ele><time>2022-10-25T03:09:39Z</time></trkpt>
    <trkpt lat="28.16101" lon="85.40915"><ele>2650</ele><time>2022-10-25T03:09:57Z</time></trkpt>
    <trkpt lat="28.16100" lon="85.40931"><ele>2656</ele><time>2022-10-25T03:10:16Z</time></trkpt>
    <trkpt lat="28.16099" lon="85.40949"><ele>2647</ele><time>2022-10-25T03:10:34Z</time></trkpt>
    <trkpt lat="28.16102" lon="85.40962"><ele>2644</ele><time>2022-10-25T03:10:53Z</time></trkpt>
    <trkpt lat="28.16110" lon="85.40975"><ele>2642</ele><time>2022-10-25T03:11:12Z</time></trkpt>
    <trkpt lat="28.16116" lon="85.40988"><ele>2640</ele><time>2022-10-25T03:11:30Z</time></trkpt>
    <trkpt lat="28.16118" lon="85.41001"><ele>2633</ele><time>2022-10-25T03:17:15Z</time></trkpt>
    <trkpt lat="28.16108" lon="85.41025"><ele>2572</ele><time>2022-10-25T03:17:33Z</time></trkpt>
    <trkpt lat="28.16118" lon="85.41038"><ele>2632</ele><time>2022-10-25T03:17:51Z</time></trkpt>
    <trkpt lat="28.16120" lon="85.41058"><ele>2639</ele><time>2022-10-25T03:18:10Z</time></trkpt>
    <trkpt lat="28.16121" lon="85.41078"><ele>2646</ele><time>2022-10-25T03:18:28Z</time></trkpt>
    <trkpt lat="28.16132" lon="85.41099"><ele>2644</ele><time>2022-10-25T03:19:37Z</time></trkpt>
    <trkpt lat="28.16136" lon="85.41120"><ele>2641</ele><time>2022-10-25T03:19:56Z</time></trkpt>
    <trkpt lat="28.16136" lon="85.41142"><ele>2641</ele><time>2022-10-25T03:20:15Z</time></trkpt>
    <trkpt lat="28.16137" lon="85.41167"><ele>2641</ele><time>2022-10-25T03:20:54Z</time></trkpt>
    <trkpt lat="28.16132" lon="85.41179"><ele>2646</ele><time>2022-10-25T03:21:12Z</time></trkpt>
    <trkpt lat="28.16122" lon="85.41185"><ele>2655</ele><time>2022-10-25T03:21:31Z</time></trkpt>
    <trkpt lat="28.16122" lon="85.41201"><ele>2652</ele><time>2022-10-25T03:21:49Z</time></trkpt>
    <trkpt lat="28.16122" lon="85.41214"><ele>2651</ele><time>2022-10-25T03:22:07Z</time></trkpt>
    <trkpt lat="28.16113" lon="85.41227"><ele>2654</ele><time>2022-10-25T03:22:25Z</time></trkpt>
    <trkpt lat="28.16104" lon="85.41234"><ele>2658</ele><time>2022-10-25T03:22:43Z</time></trkpt>
    <trkpt lat="28.16100" lon="85.41256"><ele>2658</ele><time>2022-10-25T03:23:23Z</time></trkpt>
    <trkpt lat="28.16103" lon="85.41273"><ele>2654</ele><time>2022-10-25T03:23:42Z</time></trkpt>
    <trkpt lat="28.16102" lon="85.41287"><ele>2655</ele><time>2022-10-25T03:24:00Z</time></trkpt>
    <trkpt lat="28.16104" lon="85.41305"><ele>2662</ele><time>2022-10-25T03:24:44Z</time></trkpt>
    <trkpt lat="28.16087" lon="85.41318"><ele>2662</ele><time>2022-10-25T03:25:24Z</time></trkpt>
    <trkpt lat="28.16075" lon="85.41333"><ele>2653</ele><time>2022-10-25T03:26:25Z</time></trkpt>
    <trkpt lat="28.16078" lon="85.41350"><ele>2648</ele><time>2022-10-25T03:26:43Z</time></trkpt>
    <trkpt lat="28.16087" lon="85.41360"><ele>2645</ele><time>2022-10-25T03:27:02Z</time></trkpt>
    <trkpt lat="28.16090" lon="85.41372"><ele>2638</ele><time>2022-10-25T03:27:21Z</time></trkpt>
    <trkpt lat="28.16078" lon="85.41381"><ele>2637</ele><time>2022-10-25T03:27:39Z</time></trkpt>
    <trkpt lat="28.16071" lon="85.41388"><ele>2636</ele><time>2022-10-25T03:27:57Z</time></trkpt>
    <trkpt lat="28.16064" lon="85.41398"><ele>2628</ele><time>2022-10-25T03:28:15Z</time></trkpt>
    <trkpt lat="28.16059" lon="85.41409"><ele>2622</ele><time>2022-10-25T03:28:34Z</time></trkpt>
    <trkpt lat="28.16065" lon="85.41419"><ele>2617</ele><time>2022-10-25T03:28:52Z</time></trkpt>
    <trkpt lat="28.16061" lon="85.41428"><ele>2618</ele><time>2022-10-25T03:29:11Z</time></trkpt>
    <trkpt lat="28.16049" lon="85.41425"><ele>2611</ele><time>2022-10-25T03:29:30Z</time></trkpt>
    <trkpt lat="28.16044" lon="85.41441"><ele>2598</ele><time>2022-10-25T03:30:37Z</time></trkpt>
    <trkpt lat="28.16040" lon="85.41452"><ele>2601</ele><time>2022-10-25T03:30:56Z</time></trkpt>
    <trkpt lat="28.16025" lon="85.41450"><ele>2594</ele><time>2022-10-25T03:34:49Z</time></trkpt>
    <trkpt lat="28.16030" lon="85.41459"><ele>2585</ele><time>2022-10-25T03:35:08Z</time></trkpt>
    <trkpt lat="28.16025" lon="85.41469"><ele>2585</ele><time>2022-10-25T03:35:26Z</time></trkpt>
    <trkpt lat="28.16012" lon="85.41485"><ele>2581</ele><time>2022-10-25T03:36:04Z</time></trkpt>
    <trkpt lat="28.16005" lon="85.41497"><ele>2578</ele><time>2022-10-25T03:36:23Z</time></trkpt>
    <trkpt lat="28.16009" lon="85.41513"><ele>2572</ele><time>2022-10-25T03:36:42Z</time></trkpt>
    <trkpt lat="28.16007" lon="85.41532"><ele>2568</ele><time>2022-10-25T03:37:27Z</time></trkpt>
    <trkpt lat="28.16012" lon="85.41542"><ele>2562</ele><time>2022-10-25T03:37:46Z</time></trkpt>
    <trkpt lat="28.16012" lon="85.41570"><ele>2561</ele><time>2022-10-25T03:40:34Z</time></trkpt>
    <trkpt lat="28.16007" lon="85.41585"><ele>2557</ele><time>2022-10-25T03:40:53Z</time></trkpt>
    <trkpt lat="28.16000" lon="85.41597"><ele>2553</ele><time>2022-10-25T03:41:12Z</time></trkpt>
    <trkpt lat="28.16011" lon="85.41613"><ele>2551</ele><time>2022-10-25T03:41:31Z</time></trkpt>
    <trkpt lat="28.16008" lon="85.41625"><ele>2547</ele><time>2022-10-25T03:41:50Z</time></trkpt>
    <trkpt lat="28.16018" lon="85.41643"><ele>2549</ele><time>2022-10-25T03:42:08Z</time></trkpt>
    <trkpt lat="28.16024" lon="85.41656"><ele>2545</ele><time>2022-10-25T03:42:26Z</time></trkpt>
    <trkpt lat="28.16019" lon="85.41678"><ele>2605</ele><time>2022-10-25T03:43:53Z</time></trkpt>
    <trkpt lat="28.16015" lon="85.41694"><ele>2545</ele><time>2022-10-25T03:44:12Z</time></trkpt>
    <trkpt lat="28.16007" lon="85.41706"><ele>2549</ele><time>2022-10-25T03:44:30Z</time></trkpt>
    <trkpt lat="28.16004" lon="85.41724"><ele>2542</ele><time>2022-10-25T03:49:43Z</time></trkpt>
    <trkpt lat="28.15996" lon="85.41743"><ele>2554</ele><time>2022-10-25T03:50:47Z</time></trkpt>
    <trkpt lat="28.15982" lon="85.41752"><ele>2551</ele><time>2022-10-25T03:52:07Z</time></trkpt>
    <trkpt lat="28.15978" lon="85.41766"><ele>2567</ele><time>2022-10-25T03:52:25Z</time></trkpt>
    <trkpt lat="28.15986" lon="85.41780"><ele>2544</ele><time>2022-10-25T03:52:43Z</time></trkpt>
    <trkpt lat="28.15989" lon="85.41799"><ele>2539</ele><time>2022-10-25T03:53:02Z</time></trkpt>
    <trkpt lat="28.15985" lon="85.41814"><ele>2543</ele><time>2022-10-25T03:53:20Z</time></trkpt>
    <trkpt lat="28.15976" lon="85.41820"><ele>2541</ele><time>2022-10-25T03:53:38Z</time></trkpt>
    <trkpt lat="28.15965" lon="85.41837"><ele>2539</ele><time>2022-10-25T03:53:57Z</time></trkpt>
    <trkpt lat="28.15944" lon="85.41834"><ele>2583</ele><time>2022-10-25T03:54:15Z</time></trkpt>
    <trkpt lat="28.15946" lon="85.41854"><ele>2536</ele><time>2022-10-25T03:54:34Z</time></trkpt>
    <trkpt lat="28.15943" lon="85.41875"><ele>2531</ele><time>2022-10-25T03:54:53Z</time></trkpt>
    <trkpt lat="28.15935" lon="85.41894"><ele>2522</ele><time>2022-10-25T03:55:12Z</time></trkpt>
    <trkpt lat="28.15943" lon="85.41915"><ele>2522</ele><time>2022-10-25T03:55:30Z</time></trkpt>
    <trkpt lat="28.15930" lon="85.41935"><ele>2541</ele><time>2022-10-25T03:56:07Z</time></trkpt>
    <trkpt lat="28.15941" lon="85.41949"><ele>2512</ele><time>2022-10-25T03:56:26Z</time></trkpt>
    <trkpt lat="28.15927" lon="85.41959"><ele>2519</ele><time>2022-10-25T03:56:45Z</time></trkpt>
    <trkpt lat="28.15919" lon="85.41979"><ele>2513</ele><time>2022-10-25T03:57:24Z</time></trkpt>
    <trkpt lat="28.15934" lon="85.41991"><ele>2669</ele><time>2022-10-25T03:58:05Z</time></trkpt>
    <trkpt lat="28.15951" lon="85.42005"><ele>2527</ele><time>2022-10-25T03:58:24Z</time></trkpt>
    <trkpt lat="28.15959" lon="85.42015"><ele>2503</ele><time>2022-10-25T03:58:42Z</time></trkpt>
    <trkpt lat="28.15950" lon="85.42033"><ele>2509</ele><time>2022-10-25T03:59:01Z</time></trkpt>
    <trkpt lat="28.15948" lon="85.42044"><ele>2510</ele><time>2022-10-25T03:59:20Z</time></trkpt>
    <trkpt lat="28.15943" lon="85.42063"><ele>2508</ele><time>2022-10-25T03:59:38Z</time></trkpt>
    <trkpt lat="28.15934" lon="85.42077"><ele>2647</ele><time>2022-10-25T03:59:57Z</time></trkpt>
    <trkpt lat="28.15928" lon="85.42089"><ele>2505</ele><time>2022-10-25T04:00:16Z</time></trkpt>
    <trkpt lat="28.15915" lon="85.42090"><ele>2500</ele><time>2022-10-25T04:00:34Z</time></trkpt>
    <trkpt lat="28.15905" lon="85.42089"><ele>2496</ele><time>2022-10-25T04:00:52Z</time></trkpt>
    <trkpt lat="28.15892" lon="85.42098"><ele>2500</ele><time>2022-10-25T04:01:11Z</time></trkpt>
    <trkpt lat="28.15884" lon="85.42104"><ele>2503</ele><time>2022-10-25T04:01:29Z</time></trkpt>
    <trkpt lat="28.15877" lon="85.42112"><ele>2503</ele><time>2022-10-25T04:01:47Z</time></trkpt>
    <trkpt lat="28.15877" lon="85.42142"><ele>2500</ele><time>2022-10-25T04:19:20Z</time></trkpt>
    <trkpt lat="28.15876" lon="85.42163"><ele>2500</ele><time>2022-10-25T04:19:39Z</time></trkpt>
    <trkpt lat="28.15875" lon="85.42184"><ele>2500</ele><time>2022-10-25T04:19:58Z</time></trkpt>
    <trkpt lat="28.15879" lon="85.42202"><ele>2498</ele><time>2022-10-25T04:20:16Z</time></trkpt>
    <trkpt lat="28.15875" lon="85.42219"><ele>2496</ele><time>2022-10-25T04:20:34Z</time></trkpt>
    <trkpt lat="28.15869" lon="85.42234"><ele>2503</ele><time>2022-10-25T04:20:52Z</time></trkpt>
    <trkpt lat="28.15870" lon="85.42256"><ele>2498</ele><time>2022-10-25T04:21:30Z</time></trkpt>
    <trkpt lat="28.15873" lon="85.42274"><ele>2512</ele><time>2022-10-25T04:21:48Z</time></trkpt>
    <trkpt lat="28.15885" lon="85.42275"><ele>2503</ele><time>2022-10-25T04:22:07Z</time></trkpt>
    <trkpt lat="28.15891" lon="85.42284"><ele>2497</ele><time>2022-10-25T04:22:25Z</time></trkpt>
    <trkpt lat="28.15884" lon="85.42295"><ele>2496</ele><time>2022-10-25T04:22:44Z</time></trkpt>
    <trkpt lat="28.15884" lon="85.42309"><ele>2495</ele><time>2022-10-25T04:23:03Z</time></trkpt>
    <trkpt lat="28.15892" lon="85.42321"><ele>2497</ele><time>2022-10-25T04:23:21Z</time></trkpt>
    <trkpt lat="28.15893" lon="85.42336"><ele>2570</ele><time>2022-10-25T04:23:39Z</time></trkpt>
    <trkpt lat="28.15892" lon="85.42347"><ele>2499</ele><time>2022-10-25T04:23:58Z</time></trkpt>
    <trkpt lat="28.15892" lon="85.42363"><ele>2491</ele><time>2022-10-25T04:24:16Z</time></trkpt>
    <trkpt lat="28.15894" lon="85.42374"><ele>2498</ele><time>2022-10-25T04:24:35Z</time></trkpt>
    <trkpt lat="28.15902" lon="85.42380"><ele>2493</ele><time>2022-10-25T04:24:53Z</time></trkpt>
    <trkpt lat="28.15920" lon="85.42387"><ele>2534</ele><time>2022-10-25T04:25:12Z</time></trkpt>
    <trkpt lat="28.15922" lon="85.42409"><ele>2652</ele><time>2022-10-25T04:25:30Z</time></trkpt>
    <trkpt lat="28.15922" lon="85.42430"><ele>2504</ele><time>2022-10-25T04:25:49Z</time></trkpt>
    <trkpt lat="28.15919" lon="85.42444"><ele>2600</ele><time>2022-10-25T04:26:07Z</time></trkpt>
    <trkpt lat="28.15922" lon="85.42454"><ele>2490</ele><time>2022-10-25T04:26:26Z</time></trkpt>
    <trkpt lat="28.15928" lon="85.42466"><ele>2483</ele><time>2022-10-25T04:26:45Z</time></trkpt>
    <trkpt lat="28.15929" lon="85.42486"><ele>2488</ele><time>2022-10-25T04:27:26Z</time></trkpt>
    <trkpt lat="28.15937" lon="85.42504"><ele>2483</ele><time>2022-10-25T04:27:45Z</time></trkpt>
    <trkpt lat="28.15948" lon="85.42516"><ele>2478</ele><time>2022-10-25T04:28:04Z</time></trkpt>
    <trkpt lat="28.15954" lon="85.42530"><ele>2480</ele><time>2022-10-25T04:28:23Z</time></trkpt>
    <trkpt lat="28.15952" lon="85.42542"><ele>2482</ele><time>2022-10-25T04:28:41Z</time></trkpt>
    <trkpt lat="28.15957" lon="85.42559"><ele>2477</ele><time>2022-10-25T04:28:59Z</time></trkpt>
    <trkpt lat="28.15967" lon="85.42566"><ele>2473</ele><time>2022-10-25T04:29:18Z</time></trkpt>
    <trkpt lat="28.15969" lon="85.42578"><ele>2474</ele><time>2022-10-25T04:29:36Z</time></trkpt>
    <trkpt lat="28.15963" lon="85.42587"><ele>2484</ele><time>2022-10-25T04:29:55Z</time></trkpt>
    <trkpt lat="28.15962" lon="85.42614"><ele>2472</ele><time>2022-10-25T04:30:37Z</time></trkpt>
    <trkpt lat="28.15973" lon="85.42632"><ele>2490</ele><time>2022-10-25T04:30:55Z</time></trkpt>
    <trkpt lat="28.15973" lon="85.42650"><ele>2468</ele><time>2022-10-25T04:31:14Z</time></trkpt>
    <trkpt lat="28.15977" lon="85.42673"><ele>2540</ele><time>2022-10-25T04:31:52Z</time></trkpt>
    <trkpt lat="28.15980" lon="85.42686"><ele>2469</ele><time>2022-10-25T04:32:11Z</time></trkpt>
    <trkpt lat="28.15990" lon="85.42702"><ele>2589</ele><time>2022-10-25T04:32:30Z</time></trkpt>
    <trkpt lat="28.15998" lon="85.42716"><ele>2476</ele><time>2022-10-25T04:32:48Z</time></trkpt>
    <trkpt lat="28.16000" lon="85.42735"><ele>2467</ele><time>2022-10-25T04:33:07Z</time></trkpt>
    <trkpt lat="28.16004" lon="85.42744"><ele>2521</ele><time>2022-10-25T04:33:25Z</time></trkpt>
    <trkpt lat="28.16016" lon="85.42764"><ele>2461</ele><time>2022-10-25T04:34:05Z</time></trkpt>
    <trkpt lat="28.16025" lon="85.42783"><ele>2668</ele><time>2022-10-25T04:34:42Z</time></trkpt>
    <trkpt lat="28.16035" lon="85.42792"><ele>2676</ele><time>2022-10-25T04:35:01Z</time></trkpt>
    <trkpt lat="28.16040" lon="85.42808"><ele>2503</ele><time>2022-10-25T04:35:20Z</time></trkpt>
    <trkpt lat="28.16041" lon="85.42822"><ele>2532</ele><time>2022-10-25T04:35:38Z</time></trkpt>
    <trkpt lat="28.16038" lon="85.42832"><ele>2495</ele><time>2022-10-25T04:35:57Z</time></trkpt>
    <trkpt lat="28.16042" lon="85.42847"><ele>2478</ele><time>2022-10-25T04:36:16Z</time></trkpt>
    <trkpt lat="28.16054" lon="85.42859"><ele>2603</ele><time>2022-10-25T04:36:35Z</time></trkpt>
    <trkpt lat="28.16068" lon="85.42870"><ele>2501</ele><time>2022-10-25T04:37:15Z</time></trkpt>
    <trkpt lat="28.16075" lon="85.42880"><ele>2653</ele><time>2022-10-25T04:37:33Z</time></trkpt>
    <trkpt lat="28.16082" lon="85.42890"><ele>2535</ele><time>2022-10-25T04:37:52Z</time></trkpt>
    <trkpt lat="28.16088" lon="85.42907"><ele>2505</ele><time>2022-10-25T04:39:07Z</time></trkpt>
    <trkpt lat="28.16094" lon="85.42920"><ele>2493</ele><time>2022-10-25T04:39:26Z</time></trkpt>
    <trkpt lat="28.16079" lon="85.42906"><ele>2489</ele><time>2022-10-25T04:40:42Z</time></trkpt>
    <trkpt lat="28.16072" lon="85.42942"><ele>2490</ele><time>2022-10-25T04:45:52Z</time></trkpt>
    <trkpt lat="28.16083" lon="85.42956"><ele>2482</ele><time>2022-10-25T04:46:11Z</time></trkpt>
    <trkpt lat="28.16105" lon="85.42950"><ele>2478</ele><time>2022-10-25T04:46:30Z</time></trkpt>
    <trkpt lat="28.16089" lon="85.42947"><ele>2530</ele><time>2022-10-25T04:48:59Z</time></trkpt>
    <trkpt lat="28.16101" lon="85.42947"><ele>2485</ele><time>2022-10-25T04:50:42Z</time></trkpt>
    <trkpt lat="28.16093" lon="85.42937"><ele>2484</ele><time>2022-10-25T04:51:01Z</time></trkpt>
    <trkpt lat="28.16080" lon="85.42919"><ele>2476</ele><time>2022-10-25T04:51:44Z</time></trkpt>
    <trkpt lat="28.16074" lon="85.42910"><ele>2555</ele><time>2022-10-25T04:52:03Z</time></trkpt>
    <trkpt lat="28.16067" lon="85.42925"><ele>2475</ele><time>2022-10-25T05:03:47Z</time></trkpt>
    <trkpt lat="28.16065" lon="85.42943"><ele>2653</ele><time>2022-10-25T05:04:05Z</time></trkpt>
    <trkpt lat="28.16082" lon="85.42943"><ele>2485</ele><time>2022-10-25T05:04:23Z</time></trkpt>
    <trkpt lat="28.16090" lon="85.42957"><ele>2474</ele><time>2022-10-25T05:05:02Z</time></trkpt>
    <trkpt lat="28.16107" lon="85.42949"><ele>2478</ele><time>2022-10-25T05:05:20Z</time></trkpt>
    <trkpt lat="28.16092" lon="85.42945"><ele>2475</ele><time>2022-10-25T05:07:58Z</time></trkpt>
    <trkpt lat="28.16108" lon="85.42961"><ele>2506</ele><time>2022-10-25T05:08:48Z</time></trkpt>
    <trkpt lat="28.16121" lon="85.42966"><ele>2490</ele><time>2022-10-25T05:09:07Z</time></trkpt>
    <trkpt lat="28.16136" lon="85.42979"><ele>2591</ele><time>2022-10-25T05:09:50Z</time></trkpt>
    <trkpt lat="28.16151" lon="85.42993"><ele>2486</ele><time>2022-10-25T05:10:45Z</time></trkpt>
    <trkpt lat="28.16153" lon="85.43010"><ele>2495</ele><time>2022-10-25T05:11:31Z</time></trkpt>
    <trkpt lat="28.16158" lon="85.43021"><ele>2626</ele><time>2022-10-25T05:11:50Z</time></trkpt>
    <trkpt lat="28.16166" lon="85.43037"><ele>2580</ele><time>2022-10-25T05:12:27Z</time></trkpt>
    <trkpt lat="28.16179" lon="85.43052"><ele>2504</ele><time>2022-10-25T05:13:06Z</time></trkpt>
    <trkpt lat="28.16193" lon="85.43066"><ele>2528</ele><time>2022-10-25T05:13:46Z</time></trkpt>
    <trkpt lat="28.16197" lon="85.43076"><ele>2500</ele><time>2022-10-25T05:14:17Z</time></trkpt>
    <trkpt lat="28.16208" lon="85.43086"><ele>2538</ele><time>2022-10-25T05:14:36Z</time></trkpt>
    <trkpt lat="28.16215" lon="85.43093"><ele>2536</ele><time>2022-10-25T05:14:54Z</time></trkpt>
    <trkpt lat="28.16224" lon="85.43088"><ele>2565</ele><time>2022-10-25T05:15:13Z</time></trkpt>
    <trkpt lat="28.16233" lon="85.43092"><ele>2624</ele><time>2022-10-25T05:15:31Z</time></trkpt>
    <trkpt lat="28.16247" lon="85.43102"><ele>2580</ele><time>2022-10-25T05:16:09Z</time></trkpt>
    <trkpt lat="28.16260" lon="85.43115"><ele>2545</ele><time>2022-10-25T05:17:05Z</time></trkpt>
    <trkpt lat="28.16270" lon="85.43128"><ele>2503</ele><time>2022-10-25T05:17:49Z</time></trkpt>
    <trkpt lat="28.16277" lon="85.43139"><ele>2632</ele><time>2022-10-25T05:18:08Z</time></trkpt>
    <trkpt lat="28.16285" lon="85.43153"><ele>2555</ele><time>2022-10-25T05:18:53Z</time></trkpt>
    <trkpt lat="28.16302" lon="85.43159"><ele>2692</ele><time>2022-10-25T05:19:11Z</time></trkpt>
    <trkpt lat="28.16306" lon="85.43170"><ele>2563</ele><time>2022-10-25T05:19:29Z</time></trkpt>
    <trkpt lat="28.16318" lon="85.43170"><ele>2532</ele><time>2022-10-25T05:19:48Z</time></trkpt>
    <trkpt lat="28.16332" lon="85.43181"><ele>2526</ele><time>2022-10-25T05:20:26Z</time></trkpt>
    <trkpt lat="28.16362" lon="85.43186"><ele>2624</ele><time>2022-10-25T05:21:03Z</time></trkpt>
    <trkpt lat="28.16374" lon="85.43184"><ele>2634</ele><time>2022-10-25T05:21:21Z</time></trkpt>
    <trkpt lat="28.16391" lon="85.43194"><ele>2514</ele><time>2022-10-25T05:22:07Z</time></trkpt>
    <trkpt lat="28.16401" lon="85.43196"><ele>2520</ele><time>2022-10-25T05:22:26Z</time></trkpt>
    <trkpt lat="28.16415" lon="85.43206"><ele>2413</ele><time>2022-10-25T05:23:24Z</time></trkpt>
    <trkpt lat="28.16422" lon="85.43213"><ele>2486</ele><time>2022-10-25T05:23:42Z</time></trkpt>
    <trkpt lat="28.16439" lon="85.43215"><ele>2493</ele><time>2022-10-25T05:24:43Z</time></trkpt>
    <trkpt lat="28.16449" lon="85.43224"><ele>2493</ele><time>2022-10-25T05:25:01Z</time></trkpt>
    <trkpt lat="28.16464" lon="85.43227"><ele>2492</ele><time>2022-10-25T05:25:20Z</time></trkpt>
    <trkpt lat="28.16470" lon="85.43236"><ele>2504</ele><time>2022-10-25T05:25:39Z</time></trkpt>
    <trkpt lat="28.16494" lon="85.43256"><ele>2445</ele><time>2022-10-25T05:26:44Z</time></trkpt>
    <trkpt lat="28.16508" lon="85.43262"><ele>2528</ele><time>2022-10-25T05:27:22Z</time></trkpt>
    <trkpt lat="28.16514" lon="85.43273"><ele>2529</ele><time>2022-10-25T05:27:41Z</time></trkpt>
    <trkpt lat="28.16533" lon="85.43282"><ele>2540</ele><time>2022-10-25T05:28:19Z</time></trkpt>
    <trkpt lat="28.16544" lon="85.43286"><ele>2530</ele><time>2022-10-25T05:28:37Z</time></trkpt>
    <trkpt lat="28.16552" lon="85.43284"><ele>2512</ele><time>2022-10-25T05:28:55Z</time></trkpt>
    <trkpt lat="28.16562" lon="85.43292"><ele>2514</ele><time>2022-10-25T05:29:14Z</time></trkpt>
    <trkpt lat="28.16574" lon="85.43307"><ele>2463</ele><time>2022-10-25T05:29:54Z</time></trkpt>
    <trkpt lat="28.16587" lon="85.43317"><ele>2640</ele><time>2022-10-25T05:30:13Z</time></trkpt>
    <trkpt lat="28.16600" lon="85.43326"><ele>2696</ele><time>2022-10-25T05:30:32Z</time></trkpt>
    <trkpt lat="28.16611" lon="85.43337"><ele>2667</ele><time>2022-10-25T05:30:51Z</time></trkpt>
    <trkpt lat="28.16620" lon="85.43341"><ele>2546</ele><time>2022-10-25T05:31:10Z</time></trkpt>
    <trkpt lat="28.16643" lon="85.43364"><ele>2519</ele><time>2022-10-25T05:34:27Z</time></trkpt>
    <trkpt lat="28.16660" lon="85.43372"><ele>2537</ele><time>2022-10-25T05:34:46Z</time></trkpt>
    <trkpt lat="28.16670" lon="85.43376"><ele>2547</ele><time>2022-10-25T05:35:05Z</time></trkpt>
    <trkpt lat="28.16677" lon="85.43389"><ele>2551</ele><time>2022-10-25T05:35:23Z</time></trkpt>
    <trkpt lat="28.16691" lon="85.43398"><ele>2556</ele><time>2022-10-25T05:35:41Z</time></trkpt>
    <trkpt lat="28.16701" lon="85.43413"><ele>2655</ele><time>2022-10-25T05:35:59Z</time></trkpt>
    <trkpt lat="28.16712" lon="85.43418"><ele>2572</ele><time>2022-10-25T05:36:18Z</time></trkpt>
    <trkpt lat="28.16729" lon="85.43432"><ele>2548</ele><time>2022-10-25T05:37:14Z</time></trkpt>
    <trkpt lat="28.16744" lon="85.43436"><ele>2561</ele><time>2022-10-25T05:38:16Z</time></trkpt>
    <trkpt lat="28.16756" lon="85.43449"><ele>2605</ele><time>2022-10-25T05:42:42Z</time></trkpt>
    <trkpt lat="28.16770" lon="85.43459"><ele>2620</ele><time>2022-10-25T05:43:32Z</time></trkpt>
    <trkpt lat="28.16782" lon="85.43465"><ele>2598</ele><time>2022-10-25T05:43:51Z</time></trkpt>
    <trkpt lat="28.16786" lon="85.43478"><ele>2604</ele><time>2022-10-25T05:44:10Z</time></trkpt>
    <trkpt lat="28.16795" lon="85.43494"><ele>2614</ele><time>2022-10-25T05:44:48Z</time></trkpt>
    <trkpt lat="28.16794" lon="85.43514"><ele>2613</ele><time>2022-10-25T05:45:06Z</time></trkpt>
    <trkpt lat="28.16799" lon="85.43527"><ele>2608</ele><time>2022-10-25T05:45:24Z</time></trkpt>
    <trkpt lat="28.16811" lon="85.43537"><ele>2606</ele><time>2022-10-25T05:45:43Z</time></trkpt>
    <trkpt lat="28.16821" lon="85.43550"><ele>2545</ele><time>2022-10-25T05:46:02Z</time></trkpt>
    <trkpt lat="28.16838" lon="85.43569"><ele>2575</ele><time>2022-10-25T05:46:40Z</time></trkpt>
    <trkpt lat="28.16854" lon="85.43584"><ele>2581</ele><time>2022-10-25T05:47:18Z</time></trkpt>
    <trkpt lat="28.16867" lon="85.43588"><ele>2611</ele><time>2022-10-25T05:47:37Z</time></trkpt>
    <trkpt lat="28.16880" lon="85.43600"><ele>2600</ele><time>2022-10-25T05:50:38Z</time></trkpt>
    <trkpt lat="28.16884" lon="85.43615"><ele>2614</ele><time>2022-10-25T05:50:57Z</time></trkpt>
    <trkpt lat="28.16893" lon="85.43621"><ele>2612</ele><time>2022-10-25T05:51:15Z</time></trkpt>
    <trkpt lat="28.16906" lon="85.43637"><ele>2604</ele><time>2022-10-25T05:51:52Z</time></trkpt>
    <trkpt lat="28.16913" lon="85.43645"><ele>2616</ele><time>2022-10-25T05:52:10Z</time></trkpt>
    <trkpt lat="28.16923" lon="85.43653"><ele>2612</ele><time>2022-10-25T05:52:29Z</time></trkpt>
    <trkpt lat="28.16935" lon="85.43646"><ele>2620</ele><time>2022-10-25T05:52:47Z</time></trkpt>
    <trkpt lat="28.16941" lon="85.43654"><ele>2613</ele><time>2022-10-25T05:53:05Z</time></trkpt>
    <trkpt lat="28.16958" lon="85.43639"><ele>2609</ele><time>2022-10-25T05:54:38Z</time></trkpt>
    <trkpt lat="28.16965" lon="85.43627"><ele>2630</ele><time>2022-10-25T05:54:57Z</time></trkpt>
    <trkpt lat="28.16974" lon="85.43622"><ele>2617</ele><time>2022-10-25T05:55:16Z</time></trkpt>
    <trkpt lat="28.16975" lon="85.43633"><ele>2610</ele><time>2022-10-25T05:55:34Z</time></trkpt>
    <trkpt lat="28.16980" lon="85.43645"><ele>2612</ele><time>2022-10-25T05:55:53Z</time></trkpt>
    <trkpt lat="28.16979" lon="85.43660"><ele>2612</ele><time>2022-10-25T05:56:12Z</time></trkpt>
    <trkpt lat="28.16985" lon="85.43676"><ele>2625</ele><time>2022-10-25T05:56:31Z</time></trkpt>
    <trkpt lat="28.16993" lon="85.43681"><ele>2613</ele><time>2022-10-25T05:56:49Z</time></trkpt>
    <trkpt lat="28.17002" lon="85.43685"><ele>2621</ele><time>2022-10-25T05:57:08Z</time></trkpt>
    <trkpt lat="28.17015" lon="85.43688"><ele>2608</ele><time>2022-10-25T05:57:27Z</time></trkpt>
    <trkpt lat="28.17033" lon="85.43681"><ele>2609</ele><time>2022-10-25T05:57:46Z</time></trkpt>
    <trkpt lat="28.17043" lon="85.43684"><ele>2628</ele><time>2022-10-25T05:58:04Z</time></trkpt>
    <trkpt lat="28.17054" lon="85.43691"><ele>2606</ele><time>2022-10-25T05:58:23Z</time></trkpt>
    <trkpt lat="28.17059" lon="85.43678"><ele>2624</ele><time>2022-10-25T05:58:41Z</time></trkpt>
    <trkpt lat="28.17070" lon="85.43678"><ele>2616</ele><time>2022-10-25T05:59:00Z</time></trkpt>
    <trkpt lat="28.17073" lon="85.43694"><ele>2615</ele><time>2022-10-25T05:59:18Z</time></trkpt>
    <trkpt lat="28.17090" lon="85.43681"><ele>2615</ele><time>2022-10-25T05:59:58Z</time></trkpt>
    <trkpt lat="28.17106" lon="85.43693"><ele>2602</ele><time>2022-10-25T06:00:46Z</time></trkpt>
    <trkpt lat="28.17118" lon="85.43698"><ele>2600</ele><time>2022-10-25T06:01:04Z</time></trkpt>
    <trkpt lat="28.17130" lon="85.43704"><ele>2601</ele><time>2022-10-25T06:01:23Z</time></trkpt>
    <trkpt lat="28.17140" lon="85.43714"><ele>2600</ele><time>2022-10-25T06:01:42Z</time></trkpt>
    <trkpt lat="28.17149" lon="85.43722"><ele>2603</ele><time>2022-10-25T06:02:00Z</time></trkpt>
    <trkpt lat="28.17158" lon="85.43729"><ele>2612</ele><time>2022-10-25T06:02:19Z</time></trkpt>
    <trkpt lat="28.17171" lon="85.43735"><ele>2613</ele><time>2022-10-25T06:02:37Z</time></trkpt>
    <trkpt lat="28.17184" lon="85.43737"><ele>2613</ele><time>2022-10-25T06:02:56Z</time></trkpt>
    <trkpt lat="28.17202" lon="85.43728"><ele>2619</ele><time>2022-10-25T06:03:14Z</time></trkpt>
    <trkpt lat="28.17209" lon="85.43737"><ele>2619</ele><time>2022-10-25T06:03:32Z</time></trkpt>
    <trkpt lat="28.17221" lon="85.43734"><ele>2620</ele><time>2022-10-25T06:03:51Z</time></trkpt>
    <trkpt lat="28.17233" lon="85.43743"><ele>2615</ele><time>2022-10-25T06:04:34Z</time></trkpt>
    <trkpt lat="28.17242" lon="85.43746"><ele>2627</ele><time>2022-10-25T06:04:53Z</time></trkpt>
    <trkpt lat="28.17260" lon="85.43742"><ele>2616</ele><time>2022-10-25T06:05:11Z</time></trkpt>
    <trkpt lat="28.17273" lon="85.43734"><ele>2620</ele><time>2022-10-25T06:05:29Z</time></trkpt>
    <trkpt lat="28.17281" lon="85.43722"><ele>2619</ele><time>2022-10-25T06:05:47Z</time></trkpt>
    <trkpt lat="28.17297" lon="85.43730"><ele>2613</ele><time>2022-10-25T06:06:37Z</time></trkpt>
    <trkpt lat="28.17310" lon="85.43729"><ele>2609</ele><time>2022-10-25T06:06:55Z</time></trkpt>
    <trkpt lat="28.17321" lon="85.43723"><ele>2609</ele><time>2022-10-25T06:07:14Z</time></trkpt>
    <trkpt lat="28.17333" lon="85.43723"><ele>2624</ele><time>2022-10-25T06:07:32Z</time></trkpt>
    <trkpt lat="28.17345" lon="85.43720"><ele>2609</ele><time>2022-10-25T06:07:50Z</time></trkpt>
    <trkpt lat="28.17359" lon="85.43715"><ele>2616</ele><time>2022-10-25T06:08:08Z</time></trkpt>
    <trkpt lat="28.17376" lon="85.43715"><ele>2620</ele><time>2022-10-25T06:08:51Z</time></trkpt>
    <trkpt lat="28.17386" lon="85.43718"><ele>2621</ele><time>2022-10-25T06:09:10Z</time></trkpt>
    <trkpt lat="28.17389" lon="85.43735"><ele>2629</ele><time>2022-10-25T06:09:29Z</time></trkpt>
    <trkpt lat="28.17402" lon="85.43733"><ele>2621</ele><time>2022-10-25T06:09:47Z</time></trkpt>
    <trkpt lat="28.17416" lon="85.43731"><ele>2610</ele><time>2022-10-25T06:10:05Z</time></trkpt>
    <trkpt lat="28.17433" lon="85.43715"><ele>2601</ele><time>2022-10-25T06:10:24Z</time></trkpt>
    <trkpt lat="28.17449" lon="85.43713"><ele>2612</ele><time>2022-10-25T06:11:21Z</time></trkpt>
    <trkpt lat="28.17465" lon="85.43710"><ele>2616</ele><time>2022-10-25T06:16:17Z</time></trkpt>
    <trkpt lat="28.17478" lon="85.43705"><ele>2619</ele><time>2022-10-25T06:16:36Z</time></trkpt>
    <trkpt lat="28.17489" lon="85.43708"><ele>2626</ele><time>2022-10-25T06:16:55Z</time></trkpt>
    <trkpt lat="28.17505" lon="85.43724"><ele>2634</ele><time>2022-10-25T06:18:34Z</time></trkpt>
    <trkpt lat="28.17519" lon="85.43725"><ele>2632</ele><time>2022-10-25T06:18:52Z</time></trkpt>
    <trkpt lat="28.17525" lon="85.43742"><ele>2635</ele><time>2022-10-25T06:19:10Z</time></trkpt>
    <trkpt lat="28.17525" lon="85.43755"><ele>2639</ele><time>2022-10-25T06:19:29Z</time></trkpt>
    <trkpt lat="28.17537" lon="85.43752"><ele>2628</ele><time>2022-10-25T06:19:48Z</time></trkpt>
    <trkpt lat="28.17545" lon="85.43759"><ele>2632</ele><time>2022-10-25T06:20:06Z</time></trkpt>
    <trkpt lat="28.17559" lon="85.43764"><ele>2637</ele><time>2022-10-25T06:20:25Z</time></trkpt>
    <trkpt lat="28.17560" lon="85.43783"><ele>2639</ele><time>2022-10-25T06:20:43Z</time></trkpt>
    <trkpt lat="28.17572" lon="85.43780"><ele>2649</ele><time>2022-10-25T06:21:01Z</time></trkpt>
    <trkpt lat="28.17586" lon="85.43783"><ele>2659</ele><time>2022-10-25T06:21:20Z</time></trkpt>
    <trkpt lat="28.17590" lon="85.43811"><ele>2667</ele><time>2022-10-25T06:22:14Z</time></trkpt>
    <trkpt lat="28.17600" lon="85.43829"><ele>2651</ele><time>2022-10-25T06:22:51Z</time></trkpt>
    <trkpt lat="28.17616" lon="85.43839"><ele>2642</ele><time>2022-10-25T06:23:45Z</time></trkpt>
    <trkpt lat="28.17620" lon="85.43854"><ele>2634</ele><time>2022-10-25T06:24:03Z</time></trkpt>
    <trkpt lat="28.17629" lon="85.43862"><ele>2640</ele><time>2022-10-25T06:24:22Z</time></trkpt>
    <trkpt lat="28.17643" lon="85.43866"><ele>2641</ele><time>2022-10-25T06:24:40Z</time></trkpt>
    <trkpt lat="28.17662" lon="85.43869"><ele>2640</ele><time>2022-10-25T06:24:59Z</time></trkpt>
    <trkpt lat="28.17677" lon="85.43868"><ele>2652</ele><time>2022-10-25T06:25:17Z</time></trkpt>
    <trkpt lat="28.17682" lon="85.43882"><ele>2654</ele><time>2022-10-25T06:25:35Z</time></trkpt>
    <trkpt lat="28.17682" lon="85.43901"><ele>2643</ele><time>2022-10-25T06:25:54Z</time></trkpt>
    <trkpt lat="28.17691" lon="85.43908"><ele>2656</ele><time>2022-10-25T06:26:12Z</time></trkpt>
    <trkpt lat="28.17703" lon="85.43903"><ele>2661</ele><time>2022-10-25T06:26:31Z</time></trkpt>
    <trkpt lat="28.17716" lon="85.43901"><ele>2661</ele><time>2022-10-25T06:27:28Z</time></trkpt>
    <trkpt lat="28.17729" lon="85.43906"><ele>2655</ele><time>2022-10-25T06:27:47Z</time></trkpt>
    <trkpt lat="28.17735" lon="85.43915"><ele>2659</ele><time>2022-10-25T06:28:06Z</time></trkpt>
    <trkpt lat="28.17743" lon="85.43921"><ele>2655</ele><time>2022-10-25T06:28:24Z</time></trkpt>
    <trkpt lat="28.17755" lon="85.43918"><ele>2677</ele><time>2022-10-25T06:30:18Z</time></trkpt>
    <trkpt lat="28.17758" lon="85.43937"><ele>2673</ele><time>2022-10-25T06:31:24Z</time></trkpt>
    <trkpt lat="28.17759" lon="85.43948"><ele>2665</ele><time>2022-10-25T06:31:42Z</time></trkpt>
    <trkpt lat="28.17786" lon="85.43941"><ele>2646</ele><time>2022-10-25T06:32:01Z</time></trkpt>
    <trkpt lat="28.17795" lon="85.43951"><ele>2642</ele><time>2022-10-25T06:32:20Z</time></trkpt>
    <trkpt lat="28.17807" lon="85.43948"><ele>2633</ele><time>2022-10-25T06:32:39Z</time></trkpt>
    <trkpt lat="28.17813" lon="85.43959"><ele>2635</ele><time>2022-10-25T06:32:57Z</time></trkpt>
    <trkpt lat="28.17830" lon="85.43975"><ele>2647</ele><time>2022-10-25T06:33:35Z</time></trkpt>
    <trkpt lat="28.17837" lon="85.43984"><ele>2653</ele><time>2022-10-25T06:33:54Z</time></trkpt>
    <trkpt lat="28.17851" lon="85.43986"><ele>2647</ele><time>2022-10-25T06:34:13Z</time></trkpt>
    <trkpt lat="28.17865" lon="85.43981"><ele>2645</ele><time>2022-10-25T06:34:31Z</time></trkpt>
    <trkpt lat="28.17886" lon="85.43985"><ele>2652</ele><time>2022-10-25T06:35:13Z</time></trkpt>
    <trkpt lat="28.17899" lon="85.43984"><ele>2664</ele><time>2022-10-25T06:35:32Z</time></trkpt>
    <trkpt lat="28.17906" lon="85.43995"><ele>2666</ele><time>2022-10-25T06:35:51Z</time></trkpt>
    <trkpt lat="28.17920" lon="85.43999"><ele>2660</ele><time>2022-10-25T06:36:10Z</time></trkpt>
    <trkpt lat="28.17937" lon="85.43996"><ele>2661</ele><time>2022-10-25T06:36:28Z</time></trkpt>
    <trkpt lat="28.17947" lon="85.44002"><ele>2659</ele><time>2022-10-25T06:37:47Z</time></trkpt>
    <trkpt lat="28.17959" lon="85.44001"><ele>2667</ele><time>2022-10-25T06:38:05Z</time></trkpt>
    <trkpt lat="28.17969" lon="85.44009"><ele>2677</ele><time>2022-10-25T06:38:24Z</time></trkpt>
    <trkpt lat="28.17972" lon="85.44023"><ele>2681</ele><time>2022-10-25T06:38:42Z</time></trkpt>
    <trkpt lat="28.17982" lon="85.44032"><ele>2685</ele><time>2022-10-25T06:39:01Z</time></trkpt>
    <trkpt lat="28.17991" lon="85.44039"><ele>2685</ele><time>2022-10-25T06:39:20Z</time></trkpt>
    <trkpt lat="28.18000" lon="85.44058"><ele>2689</ele><time>2022-10-25T06:39:59Z</time></trkpt>
    <trkpt lat="28.18008" lon="85.44062"><ele>2690</ele><time>2022-10-25T06:40:17Z</time></trkpt>
    <trkpt lat="28.18028" lon="85.44052"><ele>2682</ele><time>2022-10-25T06:40:36Z</time></trkpt>
    <trkpt lat="28.18044" lon="85.44042"><ele>2684</ele><time>2022-10-25T06:40:55Z</time></trkpt>
    <trkpt lat="28.18055" lon="85.44046"><ele>2689</ele><time>2022-10-25T06:41:13Z</time></trkpt>
    <trkpt lat="28.18063" lon="85.44059"><ele>2692</ele><time>2022-10-25T06:41:31Z</time></trkpt>
    <trkpt lat="28.18074" lon="85.44076"><ele>2685</ele><time>2022-10-25T06:41:50Z</time></trkpt>
    <trkpt lat="28.18085" lon="85.44088"><ele>2685</ele><time>2022-10-25T06:42:08Z</time></trkpt>
    <trkpt lat="28.18103" lon="85.44098"><ele>2688</ele><time>2022-10-25T06:42:27Z</time></trkpt>
    <trkpt lat="28.18116" lon="85.44110"><ele>2682</ele><time>2022-10-25T06:42:46Z</time></trkpt>
    <trkpt lat="28.18134" lon="85.44119"><ele>2682</ele><time>2022-10-25T06:43:05Z</time></trkpt>
    <trkpt lat="28.18151" lon="85.44124"><ele>2678</ele><time>2022-10-25T06:43:23Z</time></trkpt>
    <trkpt lat="28.18170" lon="85.44124"><ele>2682</ele><time>2022-10-25T06:43:42Z</time></trkpt>
    <trkpt lat="28.18181" lon="85.44139"><ele>2691</ele><time>2022-10-25T06:44:19Z</time></trkpt>
    <trkpt lat="28.18185" lon="85.44153"><ele>2696</ele><time>2022-10-25T06:44:38Z</time></trkpt>
    <trkpt lat="28.18200" lon="85.44151"><ele>2697</ele><time>2022-10-25T06:44:57Z</time></trkpt>
    <trkpt lat="28.18186" lon="85.44143"><ele>2732</ele><time>2022-10-25T06:46:36Z</time></trkpt>
    <trkpt lat="28.18198" lon="85.44143"><ele>2763</ele><time>2022-10-25T07:33:43Z</time></trkpt>
    <trkpt lat="28.18191" lon="85.44163"><ele>2767</ele><time>2022-10-25T07:34:40Z</time></trkpt>
    <trkpt lat="28.18183" lon="85.44172"><ele>2762</ele><time>2022-10-25T07:34:59Z</time></trkpt>
    <trkpt lat="28.18194" lon="85.44175"><ele>2774</ele><time>2022-10-25T07:50:57Z</time></trkpt>
    <trkpt lat="28.18207" lon="85.44187"><ele>2759</ele><time>2022-10-25T07:51:38Z</time></trkpt>
    <trkpt lat="28.18213" lon="85.44200"><ele>2769</ele><time>2022-10-25T07:51:57Z</time></trkpt>
    <trkpt lat="28.18224" lon="85.44207"><ele>2771</ele><time>2022-10-25T07:52:15Z</time></trkpt>
    <trkpt lat="28.18230" lon="85.44215"><ele>2769</ele><time>2022-10-25T07:52:34Z</time></trkpt>
    <trkpt lat="28.18239" lon="85.44224"><ele>2770</ele><time>2022-10-25T07:52:52Z</time></trkpt>
    <trkpt lat="28.18257" lon="85.44230"><ele>2773</ele><time>2022-10-25T07:53:29Z</time></trkpt>
    <trkpt lat="28.18273" lon="85.44235"><ele>2773</ele><time>2022-10-25T07:54:19Z</time></trkpt>
    <trkpt lat="28.18287" lon="85.44237"><ele>2775</ele><time>2022-10-25T07:54:38Z</time></trkpt>
    <trkpt lat="28.18293" lon="85.44251"><ele>2780</ele><time>2022-10-25T07:54:57Z</time></trkpt>
    <trkpt lat="28.18308" lon="85.44251"><ele>2778</ele><time>2022-10-25T07:55:15Z</time></trkpt>
    <trkpt lat="28.18320" lon="85.44250"><ele>2780</ele><time>2022-10-25T07:55:33Z</time></trkpt>
    <trkpt lat="28.18330" lon="85.44253"><ele>2780</ele><time>2022-10-25T07:55:52Z</time></trkpt>
    <trkpt lat="28.18341" lon="85.44257"><ele>2774</ele><time>2022-10-25T07:56:11Z</time></trkpt>
    <trkpt lat="28.18354" lon="85.44259"><ele>2773</ele><time>2022-10-25T07:56:29Z</time></trkpt>
    <trkpt lat="28.18373" lon="85.44259"><ele>2786</ele><time>2022-10-25T07:57:08Z</time></trkpt>
    <trkpt lat="28.18383" lon="85.44266"><ele>2789</ele><time>2022-10-25T07:57:27Z</time></trkpt>
    <trkpt lat="28.18394" lon="85.44273"><ele>2789</ele><time>2022-10-25T07:57:46Z</time></trkpt>
    <trkpt lat="28.18407" lon="85.44277"><ele>2784</ele><time>2022-10-25T07:58:05Z</time></trkpt>
    <trkpt lat="28.18415" lon="85.44285"><ele>2785</ele><time>2022-10-25T07:58:24Z</time></trkpt>
    <trkpt lat="28.18429" lon="85.44304"><ele>2780</ele><time>2022-10-25T07:59:01Z</time></trkpt>
    <trkpt lat="28.18438" lon="85.44317"><ele>2787</ele><time>2022-10-25T07:59:19Z</time></trkpt>
    <trkpt lat="28.18449" lon="85.44318"><ele>2784</ele><time>2022-10-25T07:59:37Z</time></trkpt>
    <trkpt lat="28.18464" lon="85.44316"><ele>2786</ele><time>2022-10-25T07:59:56Z</time></trkpt>
    <trkpt lat="28.18481" lon="85.44325"><ele>2784</ele><time>2022-10-25T08:00:14Z</time></trkpt>
    <trkpt lat="28.18493" lon="85.44329"><ele>2792</ele><time>2022-10-25T08:00:32Z</time></trkpt>
    <trkpt lat="28.18508" lon="85.44333"><ele>2789</ele><time>2022-10-25T08:00:51Z</time></trkpt>
    <trkpt lat="28.18520" lon="85.44337"><ele>2784</ele><time>2022-10-25T08:01:09Z</time></trkpt>
    <trkpt lat="28.18532" lon="85.44346"><ele>2792</ele><time>2022-10-25T08:01:27Z</time></trkpt>
    <trkpt lat="28.18541" lon="85.44357"><ele>2795</ele><time>2022-10-25T08:01:46Z</time></trkpt>
    <trkpt lat="28.18553" lon="85.44372"><ele>2805</ele><time>2022-10-25T08:02:05Z</time></trkpt>
    <trkpt lat="28.18562" lon="85.44381"><ele>2801</ele><time>2022-10-25T08:02:23Z</time></trkpt>
    <trkpt lat="28.18571" lon="85.44385"><ele>2806</ele><time>2022-10-25T08:02:42Z</time></trkpt>
    <trkpt lat="28.18581" lon="85.44391"><ele>2805</ele><time>2022-10-25T08:03:00Z</time></trkpt>
    <trkpt lat="28.18589" lon="85.44396"><ele>2798</ele><time>2022-10-25T08:03:19Z</time></trkpt>
    <trkpt lat="28.18595" lon="85.44406"><ele>2806</ele><time>2022-10-25T08:03:38Z</time></trkpt>
    <trkpt lat="28.18602" lon="85.44418"><ele>2808</ele><time>2022-10-25T08:03:57Z</time></trkpt>
    <trkpt lat="28.18613" lon="85.44433"><ele>2801</ele><time>2022-10-25T08:04:15Z</time></trkpt>
    <trkpt lat="28.18620" lon="85.44443"><ele>2804</ele><time>2022-10-25T08:04:34Z</time></trkpt>
    <trkpt lat="28.18630" lon="85.44449"><ele>2800</ele><time>2022-10-25T08:04:53Z</time></trkpt>
    <trkpt lat="28.18641" lon="85.44446"><ele>2806</ele><time>2022-10-25T08:05:11Z</time></trkpt>
    <trkpt lat="28.18657" lon="85.44441"><ele>2806</ele><time>2022-10-25T08:05:30Z</time></trkpt>
    <trkpt lat="28.18666" lon="85.44440"><ele>2813</ele><time>2022-10-25T08:05:49Z</time></trkpt>
    <trkpt lat="28.18682" lon="85.44442"><ele>2816</ele><time>2022-10-25T08:06:27Z</time></trkpt>
    <trkpt lat="28.18694" lon="85.44441"><ele>2816</ele><time>2022-10-25T08:06:45Z</time></trkpt>
    <trkpt lat="28.18707" lon="85.44445"><ele>2816</ele><time>2022-10-25T08:07:03Z</time></trkpt>
    <trkpt lat="28.18712" lon="85.44457"><ele>2818</ele><time>2022-10-25T08:07:21Z</time></trkpt>
    <trkpt lat="28.18721" lon="85.44462"><ele>2814</ele><time>2022-10-25T08:07:40Z</time></trkpt>
    <trkpt lat="28.18728" lon="85.44475"><ele>2821</ele><time>2022-10-25T08:07:59Z</time></trkpt>
    <trkpt lat="28.18753" lon="85.44482"><ele>2822</ele><time>2022-10-25T08:08:51Z</time></trkpt>
    <trkpt lat="28.18764" lon="85.44491"><ele>2817</ele><time>2022-10-25T08:09:09Z</time></trkpt>
    <trkpt lat="28.18776" lon="85.44499"><ele>2820</ele><time>2022-10-25T08:09:28Z</time></trkpt>
    <trkpt lat="28.18782" lon="85.44508"><ele>2820</ele><time>2022-10-25T08:09:47Z</time></trkpt>
    <trkpt lat="28.18789" lon="85.44520"><ele>2822</ele><time>2022-10-25T08:10:06Z</time></trkpt>
    <trkpt lat="28.18804" lon="85.44526"><ele>2823</ele><time>2022-10-25T08:11:02Z</time></trkpt>
    <trkpt lat="28.18820" lon="85.44521"><ele>2826</ele><time>2022-10-25T08:11:44Z</time></trkpt>
    <trkpt lat="28.18832" lon="85.44535"><ele>2829</ele><time>2022-10-25T08:12:20Z</time></trkpt>
    <trkpt lat="28.18837" lon="85.44547"><ele>2829</ele><time>2022-10-25T08:12:39Z</time></trkpt>
    <trkpt lat="28.18841" lon="85.44564"><ele>2839</ele><time>2022-10-25T08:12:57Z</time></trkpt>
    <trkpt lat="28.18851" lon="85.44577"><ele>2837</ele><time>2022-10-25T08:13:15Z</time></trkpt>
    <trkpt lat="28.18863" lon="85.44584"><ele>2837</ele><time>2022-10-25T08:13:33Z</time></trkpt>
    <trkpt lat="28.18874" lon="85.44597"><ele>2838</ele><time>2022-10-25T08:13:52Z</time></trkpt>
    <trkpt lat="28.18886" lon="85.44598"><ele>2834</ele><time>2022-10-25T08:14:10Z</time></trkpt>
    <trkpt lat="28.18897" lon="85.44612"><ele>2833</ele><time>2022-10-25T08:14:28Z</time></trkpt>
    <trkpt lat="28.18917" lon="85.44620"><ele>2840</ele><time>2022-10-25T08:15:06Z</time></trkpt>
    <trkpt lat="28.18935" lon="85.44638"><ele>2845</ele><time>2022-10-25T08:15:51Z</time></trkpt>
    <trkpt lat="28.18935" lon="85.44653"><ele>2850</ele><time>2022-10-25T08:16:10Z</time></trkpt>
    <trkpt lat="28.18946" lon="85.44666"><ele>2843</ele><time>2022-10-25T08:16:29Z</time></trkpt>
    <trkpt lat="28.18956" lon="85.44677"><ele>2840</ele><time>2022-10-25T08:16:48Z</time></trkpt>
    <trkpt lat="28.18962" lon="85.44695"><ele>2837</ele><time>2022-10-25T08:17:07Z</time></trkpt>
    <trkpt lat="28.18976" lon="85.44704"><ele>2846</ele><time>2022-10-25T08:17:26Z</time></trkpt>
    <trkpt lat="28.18984" lon="85.44715"><ele>2846</ele><time>2022-10-25T08:17:45Z</time></trkpt>
    <trkpt lat="28.18978" lon="85.44732"><ele>2840</ele><time>2022-10-25T08:23:06Z</time></trkpt>
    <trkpt lat="28.18971" lon="85.44749"><ele>2835</ele><time>2022-10-25T08:25:21Z</time></trkpt>
    <trkpt lat="28.18978" lon="85.44755"><ele>2836</ele><time>2022-10-25T08:25:40Z</time></trkpt>
    <trkpt lat="28.18987" lon="85.44762"><ele>2838</ele><time>2022-10-25T08:25:59Z</time></trkpt>
    <trkpt lat="28.18992" lon="85.44772"><ele>2806</ele><time>2022-10-25T08:26:17Z</time></trkpt>
    <trkpt lat="28.19000" lon="85.44778"><ele>2832</ele><time>2022-10-25T08:26:35Z</time></trkpt>
    <trkpt lat="28.19015" lon="85.44800"><ele>2850</ele><time>2022-10-25T08:27:41Z</time></trkpt>
    <trkpt lat="28.19027" lon="85.44803"><ele>2855</ele><time>2022-10-25T08:27:59Z</time></trkpt>
    <trkpt lat="28.19018" lon="85.44799"><ele>2863</ele><time>2022-10-25T08:28:21Z</time></trkpt>
    <trkpt lat="28.19042" lon="85.44821"><ele>2856</ele><time>2022-10-25T08:29:17Z</time></trkpt>
    <trkpt lat="28.19059" lon="85.44838"><ele>2859</ele><time>2022-10-25T08:29:36Z</time></trkpt>
    <trkpt lat="28.19068" lon="85.44850"><ele>2856</ele><time>2022-10-25T08:29:55Z</time></trkpt>
    <trkpt lat="28.19078" lon="85.44864"><ele>2872</ele><time>2022-10-25T08:32:30Z</time></trkpt>
    <trkpt lat="28.19084" lon="85.44877"><ele>2873</ele><time>2022-10-25T08:32:49Z</time></trkpt>
    <trkpt lat="28.19091" lon="85.44896"><ele>2815</ele><time>2022-10-25T08:33:07Z</time></trkpt>
    <trkpt lat="28.19100" lon="85.44913"><ele>2860</ele><time>2022-10-25T08:33:48Z</time></trkpt>
    <trkpt lat="28.19106" lon="85.44930"><ele>2849</ele><time>2022-10-25T08:34:31Z</time></trkpt>
    <trkpt lat="28.19110" lon="85.44942"><ele>2844</ele><time>2022-10-25T08:34:50Z</time></trkpt>
    <trkpt lat="28.19113" lon="85.44956"><ele>2855</ele><time>2022-10-25T08:35:08Z</time></trkpt>
    <trkpt lat="28.19121" lon="85.44974"><ele>2855</ele><time>2022-10-25T08:35:45Z</time></trkpt>
    <trkpt lat="28.19130" lon="85.44985"><ele>2861</ele><time>2022-10-25T08:36:03Z</time></trkpt>
    <trkpt lat="28.19140" lon="85.44997"><ele>2851</ele><time>2022-10-25T08:36:22Z</time></trkpt>
    <trkpt lat="28.19156" lon="85.45006"><ele>2869</ele><time>2022-10-25T08:36:58Z</time></trkpt>
    <trkpt lat="28.19157" lon="85.45029"><ele>2879</ele><time>2022-10-25T08:37:43Z</time></trkpt>
    <trkpt lat="28.19166" lon="85.45040"><ele>2877</ele><time>2022-10-25T08:38:01Z</time></trkpt>
    <trkpt lat="28.19177" lon="85.45049"><ele>2884</ele><time>2022-10-25T08:38:19Z</time></trkpt>
    <trkpt lat="28.19192" lon="85.45066"><ele>2892</ele><time>2022-10-25T08:39:03Z</time></trkpt>
    <trkpt lat="28.19202" lon="85.45070"><ele>2895</ele><time>2022-10-25T08:39:22Z</time></trkpt>
    <trkpt lat="28.19212" lon="85.45070"><ele>2894</ele><time>2022-10-25T08:39:41Z</time></trkpt>
    <trkpt lat="28.19227" lon="85.45064"><ele>2901</ele><time>2022-10-25T08:42:46Z</time></trkpt>
    <trkpt lat="28.19238" lon="85.45059"><ele>2915</ele><time>2022-10-25T08:43:38Z</time></trkpt>
    <trkpt lat="28.19234" lon="85.45077"><ele>2907</ele><time>2022-10-25T08:45:04Z</time></trkpt>
    <trkpt lat="28.19240" lon="85.45085"><ele>2916</ele><time>2022-10-25T08:45:22Z</time></trkpt>
    <trkpt lat="28.19247" lon="85.45093"><ele>2917</ele><time>2022-10-25T08:45:40Z</time></trkpt>
    <trkpt lat="28.19251" lon="85.45084"><ele>2928</ele><time>2022-10-25T08:46:03Z</time></trkpt>
    <trkpt lat="28.19267" lon="85.45080"><ele>2929</ele><time>2022-10-25T08:46:42Z</time></trkpt>
    <trkpt lat="28.19269" lon="85.45103"><ele>2933</ele><time>2022-10-25T08:47:44Z</time></trkpt>
    <trkpt lat="28.19289" lon="85.45104"><ele>2937</ele><time>2022-10-25T08:48:21Z</time></trkpt>
    <trkpt lat="28.19303" lon="85.45112"><ele>2957</ele><time>2022-10-25T08:54:58Z</time></trkpt>
    <trkpt lat="28.19314" lon="85.45118"><ele>2966</ele><time>2022-10-25T08:55:46Z</time></trkpt>
    <trkpt lat="28.19319" lon="85.45127"><ele>2963</ele><time>2022-10-25T08:56:04Z</time></trkpt>
    <trkpt lat="28.19319" lon="85.45139"><ele>2960</ele><time>2022-10-25T08:56:22Z</time></trkpt>
    <trkpt lat="28.19322" lon="85.45151"><ele>2963</ele><time>2022-10-25T08:56:40Z</time></trkpt>
    <trkpt lat="28.19334" lon="85.45150"><ele>2963</ele><time>2022-10-25T08:56:59Z</time></trkpt>
    <trkpt lat="28.19339" lon="85.45140"><ele>2973</ele><time>2022-10-25T08:57:17Z</time></trkpt>
    <trkpt lat="28.19342" lon="85.45152"><ele>2990</ele><time>2022-10-25T08:58:24Z</time></trkpt>
    <trkpt lat="28.19348" lon="85.45163"><ele>2985</ele><time>2022-10-25T08:58:43Z</time></trkpt>
    <trkpt lat="28.19363" lon="85.45168"><ele>3004</ele><time>2022-10-25T08:59:24Z</time></trkpt>
    <trkpt lat="28.19371" lon="85.45160"><ele>3005</ele><time>2022-10-25T08:59:42Z</time></trkpt>
    <trkpt lat="28.19378" lon="85.45143"><ele>3006</ele><time>2022-10-25T09:00:21Z</time></trkpt>
    <trkpt lat="28.19386" lon="85.45167"><ele>2995</ele><time>2022-10-25T09:01:00Z</time></trkpt>
    <trkpt lat="28.19397" lon="85.45187"><ele>2996</ele><time>2022-10-25T09:01:37Z</time></trkpt>
    <trkpt lat="28.19402" lon="85.45201"><ele>2994</ele><time>2022-10-25T09:01:55Z</time></trkpt>
    <trkpt lat="28.19416" lon="85.45207"><ele>2988</ele><time>2022-10-25T09:02:14Z</time></trkpt>
    <trkpt lat="28.19424" lon="85.45216"><ele>2988</ele><time>2022-10-25T09:02:32Z</time></trkpt>
    <trkpt lat="28.19434" lon="85.45226"><ele>2990</ele><time>2022-10-25T09:07:46Z</time></trkpt>
    <trkpt lat="28.19438" lon="85.45242"><ele>2988</ele><time>2022-10-25T09:08:05Z</time></trkpt>
    <trkpt lat="28.19442" lon="85.45260"><ele>2990</ele><time>2022-10-25T09:13:04Z</time></trkpt>
    <trkpt lat="28.19450" lon="85.45272"><ele>2993</ele><time>2022-10-25T09:13:22Z</time></trkpt>
    <trkpt lat="28.19464" lon="85.45284"><ele>2994</ele><time>2022-10-25T09:13:41Z</time></trkpt>
    <trkpt lat="28.19473" lon="85.45290"><ele>2993</ele><time>2022-10-25T09:13:59Z</time></trkpt>
    <trkpt lat="28.19479" lon="85.45300"><ele>2997</ele><time>2022-10-25T09:14:17Z</time></trkpt>
    <trkpt lat="28.19483" lon="85.45312"><ele>2996</ele><time>2022-10-25T09:14:36Z</time></trkpt>
    <trkpt lat="28.19489" lon="85.45326"><ele>2997</ele><time>2022-10-25T09:15:13Z</time></trkpt>
    <trkpt lat="28.19489" lon="85.45345"><ele>2999</ele><time>2022-10-25T09:15:54Z</time></trkpt>
    <trkpt lat="28.19491" lon="85.45364"><ele>3007</ele><time>2022-10-25T09:16:36Z</time></trkpt>
    <trkpt lat="28.19493" lon="85.45377"><ele>3003</ele><time>2022-10-25T09:16:54Z</time></trkpt>
    <trkpt lat="28.19497" lon="85.45388"><ele>3003</ele><time>2022-10-25T09:17:13Z</time></trkpt>
    <trkpt lat="28.19506" lon="85.45398"><ele>3001</ele><time>2022-10-25T09:17:31Z</time></trkpt>
    <trkpt lat="28.19516" lon="85.45405"><ele>3011</ele><time>2022-10-25T09:17:49Z</time></trkpt>
    <trkpt lat="28.19526" lon="85.45421"><ele>3021</ele><time>2022-10-25T09:18:08Z</time></trkpt>
    <trkpt lat="28.19536" lon="85.45430"><ele>3017</ele><time>2022-10-25T09:18:26Z</time></trkpt>
    <trkpt lat="28.19540" lon="85.45444"><ele>3011</ele><time>2022-10-25T09:18:44Z</time></trkpt>
    <trkpt lat="28.19553" lon="85.45453"><ele>3017</ele><time>2022-10-25T09:19:02Z</time></trkpt>
    <trkpt lat="28.19556" lon="85.45471"><ele>3014</ele><time>2022-10-25T09:19:50Z</time></trkpt>
    <trkpt lat="28.19565" lon="85.45482"><ele>3017</ele><time>2022-10-25T09:20:09Z</time></trkpt>
    <trkpt lat="28.19572" lon="85.45501"><ele>3017</ele><time>2022-10-25T09:20:27Z</time></trkpt>
    <trkpt lat="28.19583" lon="85.45510"><ele>3018</ele><time>2022-10-25T09:20:45Z</time></trkpt>
    <trkpt lat="28.19593" lon="85.45522"><ele>3023</ele><time>2022-10-25T09:21:04Z</time></trkpt>
    <trkpt lat="28.19598" lon="85.45530"><ele>3021</ele><time>2022-10-25T09:21:22Z</time></trkpt>
    <trkpt lat="28.19602" lon="85.45544"><ele>3026</ele><time>2022-10-25T09:21:40Z</time></trkpt>
    <trkpt lat="28.19593" lon="85.45554"><ele>3031</ele><time>2022-10-25T09:22:24Z</time></trkpt>
    <trkpt lat="28.19590" lon="85.45572"><ele>3029</ele><time>2022-10-25T09:26:00Z</time></trkpt>
    <trkpt lat="28.19600" lon="85.45556"><ele>3024</ele><time>2022-10-25T09:27:15Z</time></trkpt>
    <trkpt lat="28.19606" lon="85.45546"><ele>3021</ele><time>2022-10-25T09:27:33Z</time></trkpt>
    <trkpt lat="28.19616" lon="85.45551"><ele>3025</ele><time>2022-10-25T09:27:51Z</time></trkpt>
    <trkpt lat="28.19630" lon="85.45559"><ele>3028</ele><time>2022-10-25T09:28:10Z</time></trkpt>
    <trkpt lat="28.19642" lon="85.45567"><ele>3026</ele><time>2022-10-25T09:28:29Z</time></trkpt>
    <trkpt lat="28.19657" lon="85.45571"><ele>3027</ele><time>2022-10-25T09:28:47Z</time></trkpt>
    <trkpt lat="28.19671" lon="85.45581"><ele>3024</ele><time>2022-10-25T09:29:05Z</time></trkpt>
    <trkpt lat="28.19686" lon="85.45589"><ele>3029</ele><time>2022-10-25T09:29:24Z</time></trkpt>
    <trkpt lat="28.19697" lon="85.45600"><ele>3024</ele><time>2022-10-25T09:29:42Z</time></trkpt>
    <trkpt lat="28.19710" lon="85.45611"><ele>3024</ele><time>2022-10-25T09:30:01Z</time></trkpt>
    <trkpt lat="28.19726" lon="85.45625"><ele>3021</ele><time>2022-10-25T09:30:40Z</time></trkpt>
    <trkpt lat="28.19749" lon="85.45627"><ele>3022</ele><time>2022-10-25T09:31:52Z</time></trkpt>
    <trkpt lat="28.19762" lon="85.45630"><ele>3018</ele><time>2022-10-25T09:32:11Z</time></trkpt>
    <trkpt lat="28.19775" lon="85.45630"><ele>3016</ele><time>2022-10-25T09:32:30Z</time></trkpt>
    <trkpt lat="28.19799" lon="85.45643"><ele>3023</ele><time>2022-10-25T09:33:15Z</time></trkpt>
    <trkpt lat="28.19811" lon="85.45650"><ele>3019</ele><time>2022-10-25T09:33:33Z</time></trkpt>
    <trkpt lat="28.19826" lon="85.45662"><ele>3020</ele><time>2022-10-25T09:34:31Z</time></trkpt>
    <trkpt lat="28.19835" lon="85.45674"><ele>3025</ele><time>2022-10-25T09:34:49Z</time></trkpt>
    <trkpt lat="28.19841" lon="85.45686"><ele>3026</ele><time>2022-10-25T09:35:07Z</time></trkpt>
    <trkpt lat="28.19849" lon="85.45696"><ele>3020</ele><time>2022-10-25T09:35:25Z</time></trkpt>
    <trkpt lat="28.19854" lon="85.45727"><ele>3013</ele><time>2022-10-25T09:36:24Z</time></trkpt>
    <trkpt lat="28.19845" lon="85.45746"><ele>3015</ele><time>2022-10-25T09:36:42Z</time></trkpt>
    <trkpt lat="28.19825" lon="85.45751"><ele>3019</ele><time>2022-10-25T09:37:00Z</time></trkpt>
    <trkpt lat="28.19816" lon="85.45765"><ele>3017</ele><time>2022-10-25T09:37:18Z</time></trkpt>
    <trkpt lat="28.19839" lon="85.45751"><ele>3014</ele><time>2022-10-25T09:38:04Z</time></trkpt>
    <trkpt lat="28.19849" lon="85.45748"><ele>3013</ele><time>2022-10-25T09:38:23Z</time></trkpt>
    <trkpt lat="28.19864" lon="85.45764"><ele>3017</ele><time>2022-10-25T09:40:13Z</time></trkpt>
    <trkpt lat="28.19873" lon="85.45780"><ele>3024</ele><time>2022-10-25T09:41:26Z</time></trkpt>
    <trkpt lat="28.19881" lon="85.45802"><ele>3019</ele><time>2022-10-25T09:42:16Z</time></trkpt>
    <trkpt lat="28.19889" lon="85.45815"><ele>3017</ele><time>2022-10-25T09:42:35Z</time></trkpt>
    <trkpt lat="28.19902" lon="85.45819"><ele>3015</ele><time>2022-10-25T09:42:54Z</time></trkpt>
    <trkpt lat="28.19918" lon="85.45822"><ele>3013</ele><time>2022-10-25T09:43:13Z</time></trkpt>
    <trkpt lat="28.19926" lon="85.45817"><ele>3006</ele><time>2022-10-25T09:43:32Z</time></trkpt>
    <trkpt lat="28.19938" lon="85.45809"><ele>2999</ele><time>2022-10-25T09:43:51Z</time></trkpt>
    <trkpt lat="28.19957" lon="85.45802"><ele>3014</ele><time>2022-10-25T09:45:47Z</time></trkpt>
    <trkpt lat="28.19965" lon="85.45812"><ele>3019</ele><time>2022-10-25T09:46:06Z</time></trkpt>
    <trkpt lat="28.19978" lon="85.45812"><ele>3025</ele><time>2022-10-25T09:46:24Z</time></trkpt>
    <trkpt lat="28.19988" lon="85.45820"><ele>3032</ele><time>2022-10-25T09:46:43Z</time></trkpt>
    <trkpt lat="28.20001" lon="85.45839"><ele>3032</ele><time>2022-10-25T09:47:21Z</time></trkpt>
    <trkpt lat="28.20010" lon="85.45853"><ele>3029</ele><time>2022-10-25T09:47:39Z</time></trkpt>
    <trkpt lat="28.20015" lon="85.45873"><ele>3022</ele><time>2022-10-25T09:47:58Z</time></trkpt>
    <trkpt lat="28.20017" lon="85.45891"><ele>3029</ele><time>2022-10-25T09:48:16Z</time></trkpt>
    <trkpt lat="28.20025" lon="85.45903"><ele>3030</ele><time>2022-10-25T09:48:35Z</time></trkpt>
    <trkpt lat="28.20031" lon="85.45918"><ele>3030</ele><time>2022-10-25T09:48:53Z</time></trkpt>
    <trkpt lat="28.20032" lon="85.45930"><ele>3034</ele><time>2022-10-25T09:49:11Z</time></trkpt>
    <trkpt lat="28.20033" lon="85.45943"><ele>3031</ele><time>2022-10-25T09:49:30Z</time></trkpt>
    <trkpt lat="28.20035" lon="85.45960"><ele>3033</ele><time>2022-10-25T09:49:49Z</time></trkpt>
    <trkpt lat="28.20038" lon="85.45973"><ele>3032</ele><time>2022-10-25T09:50:07Z</time></trkpt>
    <trkpt lat="28.20046" lon="85.45992"><ele>3034</ele><time>2022-10-25T09:50:26Z</time></trkpt>
    <trkpt lat="28.20049" lon="85.46011"><ele>3033</ele><time>2022-10-25T09:50:44Z</time></trkpt>
    <trkpt lat="28.20050" lon="85.46031"><ele>3037</ele><time>2022-10-25T09:51:03Z</time></trkpt>
    <trkpt lat="28.20055" lon="85.46046"><ele>3035</ele><time>2022-10-25T09:51:21Z</time></trkpt>
    <trkpt lat="28.20063" lon="85.46064"><ele>3038</ele><time>2022-10-25T09:51:40Z</time></trkpt>
    <trkpt lat="28.20070" lon="85.46078"><ele>3041</ele><time>2022-10-25T09:51:58Z</time></trkpt>
    <trkpt lat="28.20074" lon="85.46095"><ele>3041</ele><time>2022-10-25T09:52:16Z</time></trkpt>
    <trkpt lat="28.20077" lon="85.46115"><ele>3044</ele><time>2022-10-25T09:52:35Z</time></trkpt>
    <trkpt lat="28.20079" lon="85.46132"><ele>3045</ele><time>2022-10-25T09:52:54Z</time></trkpt>
    <trkpt lat="28.20084" lon="85.46147"><ele>3040</ele><time>2022-10-25T09:53:12Z</time></trkpt>
    <trkpt lat="28.20101" lon="85.46151"><ele>3034</ele><time>2022-10-25T09:55:03Z</time></trkpt>
    <trkpt lat="28.20109" lon="85.46160"><ele>3031</ele><time>2022-10-25T09:55:21Z</time></trkpt>
    <trkpt lat="28.20117" lon="85.46174"><ele>3028</ele><time>2022-10-25T09:55:39Z</time></trkpt>
    <trkpt lat="28.20130" lon="85.46176"><ele>3019</ele><time>2022-10-25T09:55:58Z</time></trkpt>
    <trkpt lat="28.20135" lon="85.46192"><ele>3022</ele><time>2022-10-25T09:56:17Z</time></trkpt>
    <trkpt lat="28.20143" lon="85.46206"><ele>3028</ele><time>2022-10-25T09:56:36Z</time></trkpt>
    <trkpt lat="28.20148" lon="85.46218"><ele>3036</ele><time>2022-10-25T09:56:54Z</time></trkpt>
    <trkpt lat="28.20154" lon="85.46233"><ele>3038</ele><time>2022-10-25T09:57:13Z</time></trkpt>
    <trkpt lat="28.20161" lon="85.46249"><ele>3035</ele><time>2022-10-25T09:57:31Z</time></trkpt>
    <trkpt lat="28.20167" lon="85.46261"><ele>3035</ele><time>2022-10-25T09:57:49Z</time></trkpt>
    <trkpt lat="28.20178" lon="85.46278"><ele>3036</ele><time>2022-10-25T09:58:08Z</time></trkpt>
    <trkpt lat="28.20191" lon="85.46289"><ele>3039</ele><time>2022-10-25T09:58:27Z</time></trkpt>
    <trkpt lat="28.20201" lon="85.46299"><ele>3040</ele><time>2022-10-25T09:58:46Z</time></trkpt>
    <trkpt lat="28.20205" lon="85.46313"><ele>3042</ele><time>2022-10-25T09:59:04Z</time></trkpt>
    <trkpt lat="28.20203" lon="85.46333"><ele>3038</ele><time>2022-10-25T09:59:23Z</time></trkpt>
    <trkpt lat="28.20216" lon="85.46346"><ele>3043</ele><time>2022-10-25T09:59:41Z</time></trkpt>
    <trkpt lat="28.20232" lon="85.46346"><ele>3042</ele><time>2022-10-25T10:00:00Z</time></trkpt>
    <trkpt lat="28.20248" lon="85.46350"><ele>3040</ele><time>2022-10-25T10:00:18Z</time></trkpt>
    <trkpt lat="28.20256" lon="85.46363"><ele>3042</ele><time>2022-10-25T10:00:37Z</time></trkpt>
    <trkpt lat="28.20259" lon="85.46381"><ele>3044</ele><time>2022-10-25T10:00:55Z</time></trkpt>
    <trkpt lat="28.20268" lon="85.46393"><ele>3046</ele><time>2022-10-25T10:01:14Z</time></trkpt>
    <trkpt lat="28.20280" lon="85.46405"><ele>3046</ele><time>2022-10-25T10:01:32Z</time></trkpt>
    <trkpt lat="28.20292" lon="85.46415"><ele>3046</ele><time>2022-10-25T10:01:51Z</time></trkpt>
    <trkpt lat="28.20303" lon="85.46425"><ele>3047</ele><time>2022-10-25T10:02:09Z</time></trkpt>
    <trkpt lat="28.20301" lon="85.46440"><ele>3055</ele><time>2022-10-25T10:02:27Z</time></trkpt>
    <trkpt lat="28.20306" lon="85.46450"><ele>3055</ele><time>2022-10-25T10:02:46Z</time></trkpt>
    <trkpt lat="28.20310" lon="85.46461"><ele>3057</ele><time>2022-10-25T10:03:04Z</time></trkpt>
    <trkpt lat="28.20321" lon="85.46469"><ele>3053</ele><time>2022-10-25T10:03:23Z</time></trkpt>
    <trkpt lat="28.20324" lon="85.46481"><ele>3053</ele><time>2022-10-25T10:03:42Z</time></trkpt>
    <trkpt lat="28.20336" lon="85.46490"><ele>3052</ele><time>2022-10-25T10:04:01Z</time></trkpt>
    <trkpt lat="28.20332" lon="85.46506"><ele>3055</ele><time>2022-10-25T10:04:19Z</time></trkpt>
    <trkpt lat="28.20324" lon="85.46519"><ele>3056</ele><time>2022-10-25T10:04:38Z</time></trkpt>
    <trkpt lat="28.20320" lon="85.46541"><ele>3050</ele><time>2022-10-25T10:04:57Z</time></trkpt>
    <trkpt lat="28.20323" lon="85.46563"><ele>3050</ele><time>2022-10-25T10:05:15Z</time></trkpt>
    <trkpt lat="28.20340" lon="85.46582"><ele>3061</ele><time>2022-10-25T10:06:02Z</time></trkpt>
    <trkpt lat="28.20346" lon="85.46596"><ele>3063</ele><time>2022-10-25T10:06:20Z</time></trkpt>
    <trkpt lat="28.20349" lon="85.46613"><ele>3063</ele><time>2022-10-25T10:06:39Z</time></trkpt>
    <trkpt lat="28.20355" lon="85.46636"><ele>3066</ele><time>2022-10-25T10:07:40Z</time></trkpt>
    <trkpt lat="28.20359" lon="85.46651"><ele>3066</ele><time>2022-10-25T10:07:58Z</time></trkpt>
    <trkpt lat="28.20363" lon="85.46666"><ele>3066</ele><time>2022-10-25T10:08:16Z</time></trkpt>
    <trkpt lat="28.20364" lon="85.46680"><ele>3069</ele><time>2022-10-25T10:08:35Z</time></trkpt>
    <trkpt lat="28.20369" lon="85.46697"><ele>3066</ele><time>2022-10-25T10:08:54Z</time></trkpt>
    <trkpt lat="28.20381" lon="85.46709"><ele>3064</ele><time>2022-10-25T10:09:12Z</time></trkpt>
    <trkpt lat="28.20394" lon="85.46717"><ele>3068</ele><time>2022-10-25T10:09:30Z</time></trkpt>
    <trkpt lat="28.20408" lon="85.46725"><ele>3067</ele><time>2022-10-25T10:09:49Z</time></trkpt>
    <trkpt lat="28.20418" lon="85.46731"><ele>3067</ele><time>2022-10-25T10:10:07Z</time></trkpt>
    <trkpt lat="28.20428" lon="85.46745"><ele>3070</ele><time>2022-10-25T10:10:26Z</time></trkpt>
    <trkpt lat="28.20432" lon="85.46762"><ele>3074</ele><time>2022-10-25T10:10:45Z</time></trkpt>
    <trkpt lat="28.20428" lon="85.46779"><ele>3072</ele><time>2022-10-25T10:11:03Z</time></trkpt>
    <trkpt lat="28.20429" lon="85.46795"><ele>3076</ele><time>2022-10-25T10:11:22Z</time></trkpt>
    <trkpt lat="28.20439" lon="85.46810"><ele>3075</ele><time>2022-10-25T10:11:40Z</time></trkpt>
    <trkpt lat="28.20448" lon="85.46826"><ele>3077</ele><time>2022-10-25T10:11:58Z</time></trkpt>
    <trkpt lat="28.20455" lon="85.46837"><ele>3073</ele><time>2022-10-25T10:12:17Z</time></trkpt>
    <trkpt lat="28.20460" lon="85.46852"><ele>3074</ele><time>2022-10-25T10:12:35Z</time></trkpt>
    <trkpt lat="28.20468" lon="85.46865"><ele>3072</ele><time>2022-10-25T10:12:54Z</time></trkpt>
    <trkpt lat="28.20475" lon="85.46877"><ele>3072</ele><time>2022-10-25T10:13:12Z</time></trkpt>
    <trkpt lat="28.20484" lon="85.46888"><ele>3071</ele><time>2022-10-25T10:13:31Z</time></trkpt>
    <trkpt lat="28.20487" lon="85.46905"><ele>3072</ele><time>2022-10-25T10:13:49Z</time></trkpt>
    <trkpt lat="28.20494" lon="85.46920"><ele>3076</ele><time>2022-10-25T10:14:08Z</time></trkpt>
    <trkpt lat="28.20500" lon="85.46937"><ele>3086</ele><time>2022-10-25T10:14:27Z</time></trkpt>
    <trkpt lat="28.20502" lon="85.46951"><ele>3092</ele><time>2022-10-25T10:14:45Z</time></trkpt>
    <trkpt lat="28.20508" lon="85.46962"><ele>3092</ele><time>2022-10-25T10:15:03Z</time></trkpt>
    <trkpt lat="28.20513" lon="85.46973"><ele>3097</ele><time>2022-10-25T10:15:22Z</time></trkpt>
    <trkpt lat="28.20523" lon="85.46980"><ele>3095</ele><time>2022-10-25T10:15:40Z</time></trkpt>
    <trkpt lat="28.20525" lon="85.47001"><ele>3104</ele><time>2022-10-25T10:16:29Z</time></trkpt>
    <trkpt lat="28.20532" lon="85.47011"><ele>3105</ele><time>2022-10-25T10:16:48Z</time></trkpt>
    <trkpt lat="28.20537" lon="85.47030"><ele>3099</ele><time>2022-10-25T10:17:07Z</time></trkpt>
    <trkpt lat="28.20548" lon="85.47017"><ele>3098</ele><time>2022-10-25T10:20:42Z</time></trkpt>
    <trkpt lat="28.20537" lon="85.47047"><ele>3108</ele><time>2022-10-25T10:21:50Z</time></trkpt>
    <trkpt lat="28.20533" lon="85.47066"><ele>3109</ele><time>2022-10-25T10:22:08Z</time></trkpt>
    <trkpt lat="28.20539" lon="85.47083"><ele>3113</ele><time>2022-10-25T10:22:27Z</time></trkpt>
    <trkpt lat="28.20539" lon="85.47095"><ele>3113</ele><time>2022-10-25T10:22:45Z</time></trkpt>
    <trkpt lat="28.20543" lon="85.47115"><ele>3112</ele><time>2022-10-25T10:23:04Z</time></trkpt>
    <trkpt lat="28.20541" lon="85.47136"><ele>3113</ele><time>2022-10-25T10:23:22Z</time></trkpt>
    <trkpt lat="28.20546" lon="85.47151"><ele>3113</ele><time>2022-10-25T10:23:40Z</time></trkpt>
    <trkpt lat="28.20557" lon="85.47165"><ele>3108</ele><time>2022-10-25T10:23:59Z</time></trkpt>
    <trkpt lat="28.20560" lon="85.47178"><ele>3107</ele><time>2022-10-25T10:24:17Z</time></trkpt>
    <trkpt lat="28.20568" lon="85.47196"><ele>3107</ele><time>2022-10-25T10:25:02Z</time></trkpt>
    <trkpt lat="28.20590" lon="85.47215"><ele>3113</ele><time>2022-10-25T10:27:08Z</time></trkpt>
    <trkpt lat="28.20594" lon="85.47232"><ele>3095</ele><time>2022-10-25T10:27:26Z</time></trkpt>
    <trkpt lat="28.20595" lon="85.47252"><ele>3105</ele><time>2022-10-25T10:28:04Z</time></trkpt>
    <trkpt lat="28.20600" lon="85.47266"><ele>3104</ele><time>2022-10-25T10:28:23Z</time></trkpt>
    <trkpt lat="28.20609" lon="85.47281"><ele>3104</ele><time>2022-10-25T10:28:42Z</time></trkpt>
    <trkpt lat="28.20622" lon="85.47295"><ele>3101</ele><time>2022-10-25T10:29:01Z</time></trkpt>
    <trkpt lat="28.20636" lon="85.47307"><ele>3100</ele><time>2022-10-25T10:29:19Z</time></trkpt>
    <trkpt lat="28.20650" lon="85.47326"><ele>3105</ele><time>2022-10-25T10:29:38Z</time></trkpt>
    <trkpt lat="28.20656" lon="85.47343"><ele>3105</ele><time>2022-10-25T10:29:57Z</time></trkpt>
    <trkpt lat="28.20669" lon="85.47354"><ele>3103</ele><time>2022-10-25T10:30:15Z</time></trkpt>
    <trkpt lat="28.20665" lon="85.47366"><ele>3104</ele><time>2022-10-25T10:30:33Z</time></trkpt>
    <trkpt lat="28.20674" lon="85.47382"><ele>3100</ele><time>2022-10-25T10:31:11Z</time></trkpt>
    <trkpt lat="28.20695" lon="85.47396"><ele>3112</ele><time>2022-10-25T10:31:49Z</time></trkpt>
    <trkpt lat="28.20710" lon="85.47404"><ele>3125</ele><time>2022-10-25T10:32:36Z</time></trkpt>
    <trkpt lat="28.20719" lon="85.47396"><ele>3124</ele><time>2022-10-25T10:32:54Z</time></trkpt>
    <trkpt lat="28.20730" lon="85.47410"><ele>3123</ele><time>2022-10-25T10:33:32Z</time></trkpt>
    <trkpt lat="28.20745" lon="85.47413"><ele>3126</ele><time>2022-10-25T10:34:39Z</time></trkpt>
    <trkpt lat="28.20747" lon="85.47423"><ele>3124</ele><time>2022-10-25T10:34:58Z</time></trkpt>
    <trkpt lat="28.20763" lon="85.47427"><ele>3137</ele><time>2022-10-25T10:36:02Z</time></trkpt>
    <trkpt lat="28.20784" lon="85.47429"><ele>3160</ele><time>2022-10-25T10:36:52Z</time></trkpt>
    <trkpt lat="28.20790" lon="85.47445"><ele>3182</ele><time>2022-10-25T10:37:41Z</time></trkpt>
    <trkpt lat="28.20773" lon="85.47444"><ele>3193</ele><time>2022-10-25T10:39:27Z</time></trkpt>
    <trkpt lat="28.20759" lon="85.47461"><ele>3192</ele><time>2022-10-25T10:40:04Z</time></trkpt>
    <trkpt lat="28.20765" lon="85.47479"><ele>3196</ele><time>2022-10-25T10:41:13Z</time></trkpt>
    <trkpt lat="28.20773" lon="85.47491"><ele>3195</ele><time>2022-10-25T10:41:32Z</time></trkpt>
    <trkpt lat="28.20763" lon="85.47513"><ele>3194</ele><time>2022-10-25T10:42:24Z</time></trkpt>
    <trkpt lat="28.20770" lon="85.47524"><ele>3200</ele><time>2022-10-25T10:42:43Z</time></trkpt>
    <trkpt lat="28.20785" lon="85.47520"><ele>3205</ele><time>2022-10-25T10:44:15Z</time></trkpt>
  </trkseg>
</trk>
<trk>
  <name>LangtangTrekKathmandu</name>
  <trkseg>
    <trkpt lat="27.71040" lon="85.32312"><ele>1322</ele><time>2022-11-03T06:58:57Z</time></trkpt>
    <trkpt lat="27.71041" lon="85.32286"><ele>1299</ele><time>2022-11-03T06:59:18Z</time></trkpt>
    <trkpt lat="27.71046" lon="85.32267"><ele>1293</ele><time>2022-11-03T06:59:36Z</time></trkpt>
    <trkpt lat="27.71049" lon="85.32251"><ele>1289</ele><time>2022-11-03T06:59:55Z</time></trkpt>
    <trkpt lat="27.71045" lon="85.32226"><ele>1290</ele><time>2022-11-03T07:00:13Z</time></trkpt>
    <trkpt lat="27.71066" lon="85.32217"><ele>1278</ele><time>2022-11-03T07:00:51Z</time></trkpt>
    <trkpt lat="27.71084" lon="85.32207"><ele>1285</ele><time>2022-11-03T07:01:10Z</time></trkpt>
    <trkpt lat="27.71103" lon="85.32209"><ele>1286</ele><time>2022-11-03T07:01:29Z</time></trkpt>
    <trkpt lat="27.71124" lon="85.32222"><ele>1289</ele><time>2022-11-03T07:01:47Z</time></trkpt>
    <trkpt lat="27.71142" lon="85.32225"><ele>1294</ele><time>2022-11-03T07:02:05Z</time></trkpt>
    <trkpt lat="27.71164" lon="85.32220"><ele>1296</ele><time>2022-11-03T07:02:24Z</time></trkpt>
    <trkpt lat="27.71186" lon="85.32203"><ele>1304</ele><time>2022-11-03T07:02:43Z</time></trkpt>
    <trkpt lat="27.71209" lon="85.32208"><ele>1301</ele><time>2022-11-03T07:03:01Z</time></trkpt>
    <trkpt lat="27.71218" lon="85.32213"><ele>1300</ele><time>2022-11-03T07:03:20Z</time></trkpt>
    <trkpt lat="27.71244" lon="85.32208"><ele>1303</ele><time>2022-11-03T07:03:39Z</time></trkpt>
    <trkpt lat="27.71272" lon="85.32204"><ele>1304</ele><time>2022-11-03T07:03:58Z</time></trkpt>
    <trkpt lat="27.71294" lon="85.32204"><ele>1297</ele><time>2022-11-03T07:04:16Z</time></trkpt>
    <trkpt lat="27.71321" lon="85.32207"><ele>1292</ele><time>2022-11-03T07:04:35Z</time></trkpt>
    <trkpt lat="27.71340" lon="85.32204"><ele>1293</ele><time>2022-11-03T07:04:53Z</time></trkpt>
    <trkpt lat="27.71365" lon="85.32201"><ele>1288</ele><time>2022-11-03T07:05:30Z</time></trkpt>
    <trkpt lat="27.71378" lon="85.32201"><ele>1289</ele><time>2022-11-03T07:06:37Z</time></trkpt>
    <trkpt lat="27.71381" lon="85.32172"><ele>1291</ele><time>2022-11-03T07:06:56Z</time></trkpt>
    <trkpt lat="27.71381" lon="85.32144"><ele>1291</ele><time>2022-11-03T07:07:14Z</time></trkpt>
    <trkpt lat="27.71380" lon="85.32116"><ele>1289</ele><time>2022-11-03T07:07:33Z</time></trkpt>
    <trkpt lat="27.71384" lon="85.32090"><ele>1283</ele><time>2022-11-03T07:07:51Z</time></trkpt>
    <trkpt lat="27.71384" lon="85.32067"><ele>1275</ele><time>2022-11-03T07:08:09Z</time></trkpt>
    <trkpt lat="27.71384" lon="85.32039"><ele>1284</ele><time>2022-11-03T07:08:28Z</time></trkpt>
    <trkpt lat="27.71383" lon="85.32010"><ele>1279</ele><time>2022-11-03T07:08:46Z</time></trkpt>
    <trkpt lat="27.71383" lon="85.31989"><ele>1284</ele><time>2022-11-03T07:09:05Z</time></trkpt>
    <trkpt lat="27.71376" lon="85.31973"><ele>1284</ele><time>2022-11-03T07:09:23Z</time></trkpt>
    <trkpt lat="27.71375" lon="85.31946"><ele>1286</ele><time>2022-11-03T07:09:42Z</time></trkpt>
    <trkpt lat="27.71372" lon="85.31925"><ele>1290</ele><time>2022-11-03T07:10:01Z</time></trkpt>
    <trkpt lat="27.71361" lon="85.31900"><ele>1291</ele><time>2022-11-03T07:11:15Z</time></trkpt>
    <trkpt lat="27.71354" lon="85.31873"><ele>1296</ele><time>2022-11-03T07:11:34Z</time></trkpt>
    <trkpt lat="27.71346" lon="85.31849"><ele>1302</ele><time>2022-11-03T07:11:52Z</time></trkpt>
    <trkpt lat="27.71342" lon="85.31826"><ele>1297</ele><time>2022-11-03T07:12:10Z</time></trkpt>
    <trkpt lat="27.71340" lon="85.31803"><ele>1295</ele><time>2022-11-03T07:12:29Z</time></trkpt>
    <trkpt lat="27.71341" lon="85.31777"><ele>1299</ele><time>2022-11-03T07:13:10Z</time></trkpt>
    <trkpt lat="27.71348" lon="85.31755"><ele>1297</ele><time>2022-11-03T07:13:29Z</time></trkpt>
    <trkpt lat="27.71351" lon="85.31731"><ele>1290</ele><time>2022-11-03T07:13:47Z</time></trkpt>
    <trkpt lat="27.71356" lon="85.31703"><ele>1297</ele><time>2022-11-03T07:14:05Z</time></trkpt>
    <trkpt lat="27.71365" lon="85.31685"><ele>1286</ele><time>2022-11-03T07:14:24Z</time></trkpt>
    <trkpt lat="27.71367" lon="85.31655"><ele>1288</ele><time>2022-11-03T07:14:43Z</time></trkpt>
    <trkpt lat="27.71370" lon="85.31628"><ele>1284</ele><time>2022-11-03T07:15:02Z</time></trkpt>
    <trkpt lat="27.71372" lon="85.31601"><ele>1276</ele><time>2022-11-03T07:15:20Z</time></trkpt>
    <trkpt lat="27.71378" lon="85.31578"><ele>1277</ele><time>2022-11-03T07:15:38Z</time></trkpt>
    <trkpt lat="27.71388" lon="85.31558"><ele>1280</ele><time>2022-11-03T07:15:57Z</time></trkpt>
    <trkpt lat="27.71397" lon="85.31543"><ele>1285</ele><time>2022-11-03T07:20:19Z</time></trkpt>
    <trkpt lat="27.71394" lon="85.31522"><ele>1297</ele><time>2022-11-03T07:20:38Z</time></trkpt>
    <trkpt lat="27.71394" lon="85.31496"><ele>1295</ele><time>2022-11-03T07:20:57Z</time></trkpt>
    <trkpt lat="27.71396" lon="85.31470"><ele>1295</ele><time>2022-11-03T07:21:15Z</time></trkpt>
    <trkpt lat="27.71401" lon="85.31443"><ele>1296</ele><time>2022-11-03T07:21:34Z</time></trkpt>
    <trkpt lat="27.71405" lon="85.31421"><ele>1300</ele><time>2022-11-03T07:21:52Z</time></trkpt>
    <trkpt lat="27.71411" lon="85.31400"><ele>1295</ele><time>2022-11-03T07:22:10Z</time></trkpt>
    <trkpt lat="27.71414" lon="85.31379"><ele>1293</ele><time>2022-11-03T07:22:28Z</time></trkpt>
    <trkpt lat="27.71424" lon="85.31367"><ele>1294</ele><time>2022-11-03T07:22:47Z</time></trkpt>
    <trkpt lat="27.71424" lon="85.31336"><ele>1300</ele><time>2022-11-03T07:23:06Z</time></trkpt>
    <trkpt lat="27.71426" lon="85.31317"><ele>1296</ele><time>2022-11-03T07:23:24Z</time></trkpt>
    <trkpt lat="27.71395" lon="85.31319"><ele>1303</ele><time>2022-11-03T07:26:50Z</time></trkpt>
    <trkpt lat="27.71410" lon="85.31305"><ele>1309</ele><time>2022-11-03T07:27:08Z</time></trkpt>
    <trkpt lat="27.71421" lon="85.31301"><ele>1315</ele><time>2022-11-03T07:27:26Z</time></trkpt>
    <trkpt lat="27.71425" lon="85.31277"><ele>1310</ele><time>2022-11-03T07:28:04Z</time></trkpt>
    <trkpt lat="27.71435" lon="85.31258"><ele>1304</ele><time>2022-11-03T07:28:23Z</time></trkpt>
    <trkpt lat="27.71436" lon="85.31245"><ele>1300</ele><time>2022-11-03T07:28:41Z</time></trkpt>
    <trkpt lat="27.71427" lon="85.31231"><ele>1298</ele><time>2022-11-03T07:29:33Z</time></trkpt>
    <trkpt lat="27.71432" lon="85.31249"><ele>1294</ele><time>2022-11-03T07:30:41Z</time></trkpt>
    <trkpt lat="27.71445" lon="85.31253"><ele>1300</ele><time>2022-11-03T07:30:59Z</time></trkpt>
    <trkpt lat="27.71436" lon="85.31245"><ele>1303</ele><time>2022-11-03T07:37:31Z</time></trkpt>
    <trkpt lat="27.71422" lon="85.31237"><ele>1301</ele><time>2022-11-03T07:37:50Z</time></trkpt>
    <trkpt lat="27.71381" lon="85.31260"><ele>1299</ele><time>2022-11-03T07:48:23Z</time></trkpt>
    <trkpt lat="27.71421" lon="85.31237"><ele>1301</ele><time>2022-11-03T07:49:35Z</time></trkpt>
    <trkpt lat="27.71404" lon="85.31220"><ele>1280</ele><time>2022-11-03T07:55:03Z</time></trkpt>
    <trkpt lat="27.71421" lon="85.31237"><ele>1301</ele><time>2022-11-03T07:55:22Z</time></trkpt>
    <trkpt lat="27.71415" lon="85.31220"><ele>1302</ele><time>2022-11-03T07:55:40Z</time></trkpt>
    <trkpt lat="27.71403" lon="85.31221"><ele>1306</ele><time>2022-11-03T07:55:54Z</time></trkpt>
    <trkpt lat="27.71391" lon="85.31224"><ele>1304</ele><time>2022-11-03T07:59:34Z</time></trkpt>
    <trkpt lat="27.71370" lon="85.31224"><ele>1317</ele><time>2022-11-03T07:59:53Z</time></trkpt>
    <trkpt lat="27.71361" lon="85.31224"><ele>1317</ele><time>2022-11-03T08:00:59Z</time></trkpt>
    <trkpt lat="27.71365" lon="85.31237"><ele>1313</ele><time>2022-11-03T08:01:18Z</time></trkpt>
    <trkpt lat="27.71378" lon="85.31281"><ele>1313</ele><time>2022-11-03T08:02:18Z</time></trkpt>
    <trkpt lat="27.71374" lon="85.31291"><ele>1314</ele><time>2022-11-03T08:02:37Z</time></trkpt>
    <trkpt lat="27.71355" lon="85.31229"><ele>1317</ele><time>2022-11-03T08:06:45Z</time></trkpt>
    <trkpt lat="27.71319" lon="85.31246"><ele>1318</ele><time>2022-11-03T08:08:37Z</time></trkpt>
    <trkpt lat="27.71361" lon="85.31232"><ele>1316</ele><time>2022-11-03T08:10:33Z</time></trkpt>
    <trkpt lat="27.71334" lon="85.31225"><ele>1311</ele><time>2022-11-03T08:11:13Z</time></trkpt>
    <trkpt lat="27.71356" lon="85.31231"><ele>1317</ele><time>2022-11-03T08:12:04Z</time></trkpt>
    <trkpt lat="27.71340" lon="85.31231"><ele>1308</ele><time>2022-11-03T08:13:19Z</time></trkpt>
    <trkpt lat="27.71356" lon="85.31231"><ele>1317</ele><time>2022-11-03T08:13:49Z</time></trkpt>
    <trkpt lat="27.71331" lon="85.31224"><ele>1307</ele><time>2022-11-03T08:16:06Z</time></trkpt>
    <trkpt lat="27.71315" lon="85.31223"><ele>1307</ele><time>2022-11-03T08:16:25Z</time></trkpt>
    <trkpt lat="27.71300" lon="85.31209"><ele>1309</ele><time>2022-11-03T08:17:01Z</time></trkpt>
    <trkpt lat="27.71284" lon="85.31211"><ele>1307</ele><time>2022-11-03T08:21:48Z</time></trkpt>
    <trkpt lat="27.71271" lon="85.31197"><ele>1306</ele><time>2022-11-03T08:22:06Z</time></trkpt>
    <trkpt lat="27.71253" lon="85.31207"><ele>1313</ele><time>2022-11-03T08:22:24Z</time></trkpt>
    <trkpt lat="27.71237" lon="85.31203"><ele>1308</ele><time>2022-11-03T08:23:24Z</time></trkpt>
    <trkpt lat="27.71219" lon="85.31209"><ele>1307</ele><time>2022-11-03T08:24:07Z</time></trkpt>
    <trkpt lat="27.71197" lon="85.31203"><ele>1301</ele><time>2022-11-03T08:24:44Z</time></trkpt>
    <trkpt lat="27.71176" lon="85.31209"><ele>1308</ele><time>2022-11-03T08:25:03Z</time></trkpt>
    <trkpt lat="27.71163" lon="85.31214"><ele>1307</ele><time>2022-11-03T08:25:21Z</time></trkpt>
    <trkpt lat="27.71137" lon="85.31207"><ele>1306</ele><time>2022-11-03T08:26:12Z</time></trkpt>
    <trkpt lat="27.71126" lon="85.31208"><ele>1308</ele><time>2022-11-03T08:26:30Z</time></trkpt>
    <trkpt lat="27.71106" lon="85.31202"><ele>1306</ele><time>2022-11-03T08:27:36Z</time></trkpt>
    <trkpt lat="27.71097" lon="85.31206"><ele>1317</ele><time>2022-11-03T08:27:54Z</time></trkpt>
    <trkpt lat="27.71113" lon="85.31218"><ele>1295</ele><time>2022-11-03T08:31:47Z</time></trkpt>
    <trkpt lat="27.71107" lon="85.31226"><ele>1289</ele><time>2022-11-03T08:31:51Z</time></trkpt>
    <trkpt lat="27.71114" lon="85.31215"><ele>1304</ele><time>2022-11-03T08:34:39Z</time></trkpt>
    <trkpt lat="27.71130" lon="85.31214"><ele>1306</ele><time>2022-11-03T08:35:37Z</time></trkpt>
    <trkpt lat="27.71151" lon="85.31221"><ele>1325</ele><time>2022-11-03T08:36:27Z</time></trkpt>
    <trkpt lat="27.71161" lon="85.31217"><ele>1317</ele><time>2022-11-03T08:36:45Z</time></trkpt>
    <trkpt lat="27.71133" lon="85.31220"><ele>1305</ele><time>2022-11-03T08:37:41Z</time></trkpt>
    <trkpt lat="27.71088" lon="85.31219"><ele>1300</ele><time>2022-11-03T08:38:28Z</time></trkpt>
    <trkpt lat="27.71077" lon="85.31216"><ele>1306</ele><time>2022-11-03T08:38:47Z</time></trkpt>
    <trkpt lat="27.71065" lon="85.31226"><ele>1297</ele><time>2022-11-03T08:40:27Z</time></trkpt>
    <trkpt lat="27.71083" lon="85.31220"><ele>1300</ele><time>2022-11-03T08:41:04Z</time></trkpt>
    <trkpt lat="27.71090" lon="85.31209"><ele>1303</ele><time>2022-11-03T08:41:38Z</time></trkpt>
    <trkpt lat="27.71087" lon="85.31222"><ele>1302</ele><time>2022-11-03T08:41:46Z</time></trkpt>
    <trkpt lat="27.71115" lon="85.31223"><ele>1297</ele><time>2022-11-03T08:42:37Z</time></trkpt>
    <trkpt lat="27.71124" lon="85.31221"><ele>1297</ele><time>2022-11-03T08:42:55Z</time></trkpt>
    <trkpt lat="27.71134" lon="85.31224"><ele>1298</ele><time>2022-11-03T08:43:14Z</time></trkpt>
    <trkpt lat="27.71151" lon="85.31222"><ele>1303</ele><time>2022-11-03T08:43:32Z</time></trkpt>
    <trkpt lat="27.71167" lon="85.31220"><ele>1299</ele><time>2022-11-03T08:43:50Z</time></trkpt>
    <trkpt lat="27.71182" lon="85.31221"><ele>1305</ele><time>2022-11-03T08:45:20Z</time></trkpt>
    <trkpt lat="27.71200" lon="85.31216"><ele>1310</ele><time>2022-11-03T08:48:17Z</time></trkpt>
    <trkpt lat="27.71216" lon="85.31216"><ele>1308</ele><time>2022-11-03T08:48:35Z</time></trkpt>
    <trkpt lat="27.71226" lon="85.31221"><ele>1306</ele><time>2022-11-03T08:48:54Z</time></trkpt>
    <trkpt lat="27.71243" lon="85.31219"><ele>1298</ele><time>2022-11-03T08:49:13Z</time></trkpt>
    <trkpt lat="27.71254" lon="85.31224"><ele>1311</ele><time>2022-11-03T08:55:39Z</time></trkpt>
    <trkpt lat="27.71260" lon="85.31214"><ele>1308</ele><time>2022-11-03T08:56:36Z</time></trkpt>
    <trkpt lat="27.71273" lon="85.31207"><ele>1309</ele><time>2022-11-03T08:56:54Z</time></trkpt>
    <trkpt lat="27.71293" lon="85.31216"><ele>1313</ele><time>2022-11-03T08:57:37Z</time></trkpt>
    <trkpt lat="27.71276" lon="85.31215"><ele>1310</ele><time>2022-11-03T08:58:05Z</time></trkpt>
    <trkpt lat="27.71253" lon="85.31214"><ele>1299</ele><time>2022-11-03T08:58:23Z</time></trkpt>
    <trkpt lat="27.71249" lon="85.31205"><ele>1313</ele><time>2022-11-03T08:58:53Z</time></trkpt>
    <trkpt lat="27.71228" lon="85.31214"><ele>1311</ele><time>2022-11-03T08:59:12Z</time></trkpt>
    <trkpt lat="27.71244" lon="85.31198"><ele>1315</ele><time>2022-11-03T08:59:31Z</time></trkpt>
    <trkpt lat="27.71259" lon="85.31203"><ele>1323</ele><time>2022-11-03T08:59:49Z</time></trkpt>
    <trkpt lat="27.71270" lon="85.31204"><ele>1326</ele><time>2022-11-03T09:00:08Z</time></trkpt>
    <trkpt lat="27.71258" lon="85.31200"><ele>1314</ele><time>2022-11-03T09:04:49Z</time></trkpt>
    <trkpt lat="27.71230" lon="85.31200"><ele>1311</ele><time>2022-11-03T09:05:47Z</time></trkpt>
    <trkpt lat="27.71233" lon="85.31212"><ele>1308</ele><time>2022-11-03T09:05:55Z</time></trkpt>
    <trkpt lat="27.71247" lon="85.31211"><ele>1306</ele><time>2022-11-03T09:05:59Z</time></trkpt>
    <trkpt lat="27.71239" lon="85.31204"><ele>1317</ele><time>2022-11-03T09:06:18Z</time></trkpt>
    <trkpt lat="27.71221" lon="85.31213"><ele>1315</ele><time>2022-11-03T09:07:18Z</time></trkpt>
    <trkpt lat="27.71240" lon="85.31204"><ele>1317</ele><time>2022-11-03T09:07:54Z</time></trkpt>
    <trkpt lat="27.71255" lon="85.31219"><ele>1314</ele><time>2022-11-03T09:08:25Z</time></trkpt>
    <trkpt lat="27.71264" lon="85.31221"><ele>1304</ele><time>2022-11-03T09:08:43Z</time></trkpt>
    <trkpt lat="27.71239" lon="85.31216"><ele>1299</ele><time>2022-11-03T09:09:55Z</time></trkpt>
    <trkpt lat="27.71221" lon="85.31216"><ele>1299</ele><time>2022-11-03T09:10:13Z</time></trkpt>
    <trkpt lat="27.71204" lon="85.31216"><ele>1303</ele><time>2022-11-03T09:10:31Z</time></trkpt>
    <trkpt lat="27.71186" lon="85.31218"><ele>1308</ele><time>2022-11-03T09:10:49Z</time></trkpt>
    <trkpt lat="27.71167" lon="85.31213"><ele>1302</ele><time>2022-11-03T09:11:07Z</time></trkpt>
    <trkpt lat="27.71148" lon="85.31219"><ele>1297</ele><time>2022-11-03T09:11:25Z</time></trkpt>
    <trkpt lat="27.71129" lon="85.31217"><ele>1296</ele><time>2022-11-03T09:11:43Z</time></trkpt>
    <trkpt lat="27.71111" lon="85.31221"><ele>1294</ele><time>2022-11-03T09:12:02Z</time></trkpt>
    <trkpt lat="27.71101" lon="85.31221"><ele>1300</ele><time>2022-11-03T09:12:22Z</time></trkpt>
    <trkpt lat="27.71083" lon="85.31217"><ele>1299</ele><time>2022-11-03T09:12:40Z</time></trkpt>
    <trkpt lat="27.71062" lon="85.31222"><ele>1296</ele><time>2022-11-03T09:12:58Z</time></trkpt>
    <trkpt lat="27.71053" lon="85.31220"><ele>1295</ele><time>2022-11-03T09:13:17Z</time></trkpt>
    <trkpt lat="27.71060" lon="85.31195"><ele>1295</ele><time>2022-11-03T09:13:35Z</time></trkpt>
    <trkpt lat="27.71052" lon="85.31176"><ele>1300</ele><time>2022-11-03T09:13:54Z</time></trkpt>
    <trkpt lat="27.71052" lon="85.31152"><ele>1302</ele><time>2022-11-03T09:14:13Z</time></trkpt>
    <trkpt lat="27.71066" lon="85.31134"><ele>1297</ele><time>2022-11-03T09:14:32Z</time></trkpt>
    <trkpt lat="27.71067" lon="85.31114"><ele>1293</ele><time>2022-11-03T09:14:50Z</time></trkpt>
    <trkpt lat="27.71054" lon="85.31096"><ele>1295</ele><time>2022-11-03T09:15:09Z</time></trkpt>
    <trkpt lat="27.71034" lon="85.31093"><ele>1312</ele><time>2022-11-03T09:15:28Z</time></trkpt>
    <trkpt lat="27.71011" lon="85.31109"><ele>1303</ele><time>2022-11-03T09:16:33Z</time></trkpt>
    <trkpt lat="27.70993" lon="85.31112"><ele>1306</ele><time>2022-11-03T09:16:51Z</time></trkpt>
    <trkpt lat="27.70976" lon="85.31108"><ele>1315</ele><time>2022-11-03T09:17:10Z</time></trkpt>
    <trkpt lat="27.70963" lon="85.31112"><ele>1319</ele><time>2022-11-03T09:17:29Z</time></trkpt>
    <trkpt lat="27.70956" lon="85.31118"><ele>1319</ele><time>2022-11-03T09:17:48Z</time></trkpt>
    <trkpt lat="27.70946" lon="85.31130"><ele>1319</ele><time>2022-11-03T09:18:07Z</time></trkpt>
    <trkpt lat="27.70928" lon="85.31137"><ele>1317</ele><time>2022-11-03T09:18:26Z</time></trkpt>
    <trkpt lat="27.70915" lon="85.31147"><ele>1317</ele><time>2022-11-03T09:18:45Z</time></trkpt>
    <trkpt lat="27.70903" lon="85.31147"><ele>1313</ele><time>2022-11-03T09:19:03Z</time></trkpt>
    <trkpt lat="27.70885" lon="85.31151"><ele>1320</ele><time>2022-11-03T09:19:21Z</time></trkpt>
    <trkpt lat="27.70866" lon="85.31158"><ele>1318</ele><time>2022-11-03T09:19:57Z</time></trkpt>
    <trkpt lat="27.70857" lon="85.31170"><ele>1320</ele><time>2022-11-03T09:20:16Z</time></trkpt>
    <trkpt lat="27.70840" lon="85.31171"><ele>1310</ele><time>2022-11-03T09:20:35Z</time></trkpt>
    <trkpt lat="27.70832" lon="85.31183"><ele>1306</ele><time>2022-11-03T09:20:53Z</time></trkpt>
    <trkpt lat="27.70811" lon="85.31196"><ele>1301</ele><time>2022-11-03T09:21:12Z</time></trkpt>
    <trkpt lat="27.70791" lon="85.31203"><ele>1306</ele><time>2022-11-03T09:21:30Z</time></trkpt>
    <trkpt lat="27.70768" lon="85.31213"><ele>1316</ele><time>2022-11-03T09:22:13Z</time></trkpt>
    <trkpt lat="27.70741" lon="85.31206"><ele>1304</ele><time>2022-11-03T09:22:56Z</time></trkpt>
    <trkpt lat="27.70733" lon="85.31193"><ele>1302</ele><time>2022-11-03T09:23:15Z</time></trkpt>
    <trkpt lat="27.70724" lon="85.31167"><ele>1301</ele><time>2022-11-03T09:23:52Z</time></trkpt>
    <trkpt lat="27.70710" lon="85.31153"><ele>1298</ele><time>2022-11-03T09:24:10Z</time></trkpt>
    <trkpt lat="27.70701" lon="85.31138"><ele>1298</ele><time>2022-11-03T09:24:29Z</time></trkpt>
    <trkpt lat="27.70691" lon="85.31124"><ele>1303</ele><time>2022-11-03T09:24:47Z</time></trkpt>
    <trkpt lat="27.70692" lon="85.31104"><ele>1297</ele><time>2022-11-03T09:25:06Z</time></trkpt>
    <trkpt lat="27.70687" lon="85.31091"><ele>1299</ele><time>2022-11-03T09:25:24Z</time></trkpt>
    <trkpt lat="27.70673" lon="85.31068"><ele>1306</ele><time>2022-11-03T09:26:19Z</time></trkpt>
    <trkpt lat="27.70658" lon="85.31050"><ele>1304</ele><time>2022-11-03T09:32:11Z</time></trkpt>
    <trkpt lat="27.70650" lon="85.31032"><ele>1296</ele><time>2022-11-03T09:32:29Z</time></trkpt>
    <trkpt lat="27.70642" lon="85.31019"><ele>1299</ele><time>2022-11-03T09:32:47Z</time></trkpt>
    <trkpt lat="27.70631" lon="85.31000"><ele>1298</ele><time>2022-11-03T09:33:06Z</time></trkpt>
    <trkpt lat="27.70614" lon="85.30992"><ele>1295</ele><time>2022-11-03T09:33:24Z</time></trkpt>
    <trkpt lat="27.70626" lon="85.30978"><ele>1297</ele><time>2022-11-03T09:34:40Z</time></trkpt>
    <trkpt lat="27.70614" lon="85.30965"><ele>1308</ele><time>2022-11-03T09:39:28Z</time></trkpt>
    <trkpt lat="27.70600" lon="85.30959"><ele>1306</ele><time>2022-11-03T09:39:46Z</time></trkpt>
    <trkpt lat="27.70599" lon="85.30944"><ele>1296</ele><time>2022-11-03T09:40:35Z</time></trkpt>
    <trkpt lat="27.70591" lon="85.30923"><ele>1300</ele><time>2022-11-03T09:40:54Z</time></trkpt>
    <trkpt lat="27.70589" lon="85.30906"><ele>1298</ele><time>2022-11-03T09:41:12Z</time></trkpt>
    <trkpt lat="27.70577" lon="85.30890"><ele>1293</ele><time>2022-11-03T09:41:31Z</time></trkpt>
    <trkpt lat="27.70576" lon="85.30871"><ele>1288</ele><time>2022-11-03T09:41:50Z</time></trkpt>
    <trkpt lat="27.70571" lon="85.30850"><ele>1287</ele><time>2022-11-03T09:42:09Z</time></trkpt>
    <trkpt lat="27.70544" lon="85.30841"><ele>1289</ele><time>2022-11-03T09:42:27Z</time></trkpt>
    <trkpt lat="27.70531" lon="85.30828"><ele>1298</ele><time>2022-11-03T09:42:46Z</time></trkpt>
    <trkpt lat="27.70528" lon="85.30810"><ele>1302</ele><time>2022-11-03T09:43:04Z</time></trkpt>
    <trkpt lat="27.70527" lon="85.30786"><ele>1302</ele><time>2022-11-03T09:43:23Z</time></trkpt>
    <trkpt lat="27.70527" lon="85.30768"><ele>1300</ele><time>2022-11-03T09:43:41Z</time></trkpt>
    <trkpt lat="27.70517" lon="85.30756"><ele>1299</ele><time>2022-11-03T09:43:59Z</time></trkpt>
    <trkpt lat="27.70523" lon="85.30777"><ele>1293</ele><time>2022-11-03T09:44:52Z</time></trkpt>
    <trkpt lat="27.70523" lon="85.30792"><ele>1295</ele><time>2022-11-03T09:45:10Z</time></trkpt>
    <trkpt lat="27.70521" lon="85.30814"><ele>1294</ele><time>2022-11-03T09:45:28Z</time></trkpt>
    <trkpt lat="27.70521" lon="85.30830"><ele>1296</ele><time>2022-11-03T09:45:46Z</time></trkpt>
    <trkpt lat="27.70497" lon="85.30832"><ele>1298</ele><time>2022-11-03T09:47:03Z</time></trkpt>
    <trkpt lat="27.70509" lon="85.30832"><ele>1292</ele><time>2022-11-03T09:47:22Z</time></trkpt>
    <trkpt lat="27.70520" lon="85.30823"><ele>1293</ele><time>2022-11-03T09:47:41Z</time></trkpt>
    <trkpt lat="27.70524" lon="85.30804"><ele>1295</ele><time>2022-11-03T09:48:00Z</time></trkpt>
    <trkpt lat="27.70530" lon="85.30786"><ele>1298</ele><time>2022-11-03T09:48:18Z</time></trkpt>
    <trkpt lat="27.70529" lon="85.30771"><ele>1303</ele><time>2022-11-03T09:48:37Z</time></trkpt>
    <trkpt lat="27.70533" lon="85.30749"><ele>1296</ele><time>2022-11-03T09:50:25Z</time></trkpt>
    <trkpt lat="27.70540" lon="85.30734"><ele>1283</ele><time>2022-11-03T09:50:44Z</time></trkpt>
    <trkpt lat="27.70554" lon="85.30733"><ele>1282</ele><time>2022-11-03T09:51:03Z</time></trkpt>
    <trkpt lat="27.70570" lon="85.30734"><ele>1283</ele><time>2022-11-03T09:51:22Z</time></trkpt>
    <trkpt lat="27.70590" lon="85.30723"><ele>1286</ele><time>2022-11-03T09:51:41Z</time></trkpt>
    <trkpt lat="27.70599" lon="85.30703"><ele>1298</ele><time>2022-11-03T09:52:00Z</time></trkpt>
    <trkpt lat="27.70599" lon="85.30690"><ele>1298</ele><time>2022-11-03T09:52:18Z</time></trkpt>
    <trkpt lat="27.70582" lon="85.30673"><ele>1300</ele><time>2022-11-03T09:52:37Z</time></trkpt>
    <trkpt lat="27.70569" lon="85.30661"><ele>1299</ele><time>2022-11-03T09:52:55Z</time></trkpt>
    <trkpt lat="27.70545" lon="85.30654"><ele>1298</ele><time>2022-11-03T09:53:14Z</time></trkpt>
    <trkpt lat="27.70533" lon="85.30644"><ele>1297</ele><time>2022-11-03T09:53:32Z</time></trkpt>
    <trkpt lat="27.70511" lon="85.30634"><ele>1293</ele><time>2022-11-03T09:53:51Z</time></trkpt>
    <trkpt lat="27.70488" lon="85.30633"><ele>1296</ele><time>2022-11-03T09:54:09Z</time></trkpt>
    <trkpt lat="27.70464" lon="85.30627"><ele>1295</ele><time>2022-11-03T09:54:27Z</time></trkpt>
    <trkpt lat="27.70445" lon="85.30623"><ele>1300</ele><time>2022-11-03T09:54:45Z</time></trkpt>
    <trkpt lat="27.70461" lon="85.30630"><ele>1299</ele><time>2022-11-03T09:56:36Z</time></trkpt>
    <trkpt lat="27.70453" lon="85.30639"><ele>1304</ele><time>2022-11-03T09:56:54Z</time></trkpt>
    <trkpt lat="27.70464" lon="85.30624"><ele>1301</ele><time>2022-11-03T09:57:40Z</time></trkpt>
    <trkpt lat="27.70472" lon="85.30616"><ele>1301</ele><time>2022-11-03T09:57:59Z</time></trkpt>
    <trkpt lat="27.70476" lon="85.30634"><ele>1299</ele><time>2022-11-03T10:31:05Z</time></trkpt>
    <trkpt lat="27.70498" lon="85.30640"><ele>1302</ele><time>2022-11-03T10:36:03Z</time></trkpt>
    <trkpt lat="27.70519" lon="85.30649"><ele>1298</ele><time>2022-11-03T10:36:22Z</time></trkpt>
    <trkpt lat="27.70532" lon="85.30657"><ele>1301</ele><time>2022-11-03T10:36:40Z</time></trkpt>
    <trkpt lat="27.70526" lon="85.30692"><ele>1306</ele><time>2022-11-03T10:44:08Z</time></trkpt>
    <trkpt lat="27.70530" lon="85.30667"><ele>1316</ele><time>2022-11-03T10:44:27Z</time></trkpt>
    <trkpt lat="27.70537" lon="85.30681"><ele>1317</ele><time>2022-11-03T10:44:34Z</time></trkpt>
    <trkpt lat="27.70500" lon="85.30671"><ele>1308</ele><time>2022-11-03T10:51:15Z</time></trkpt>
    <trkpt lat="27.70511" lon="85.30687"><ele>1308</ele><time>2022-11-03T10:51:34Z</time></trkpt>
    <trkpt lat="27.70516" lon="85.30676"><ele>1311</ele><time>2022-11-03T10:53:11Z</time></trkpt>
    <trkpt lat="27.70526" lon="85.30671"><ele>1303</ele><time>2022-11-03T10:53:45Z</time></trkpt>
    <trkpt lat="27.70539" lon="85.30674"><ele>1303</ele><time>2022-11-03T10:54:04Z</time></trkpt>
    <trkpt lat="27.70558" lon="85.30669"><ele>1292</ele><time>2022-11-03T10:54:22Z</time></trkpt>
    <trkpt lat="27.70580" lon="85.30675"><ele>1291</ele><time>2022-11-03T10:54:41Z</time></trkpt>
    <trkpt lat="27.70605" lon="85.30685"><ele>1296</ele><time>2022-11-03T10:54:59Z</time></trkpt>
    <trkpt lat="27.70623" lon="85.30687"><ele>1286</ele><time>2022-11-03T10:55:38Z</time></trkpt>
    <trkpt lat="27.70641" lon="85.30694"><ele>1287</ele><time>2022-11-03T10:55:56Z</time></trkpt>
    <trkpt lat="27.70657" lon="85.30699"><ele>1297</ele><time>2022-11-03T10:56:20Z</time></trkpt>
    <trkpt lat="27.70667" lon="85.30694"><ele>1302</ele><time>2022-11-03T10:56:38Z</time></trkpt>
    <trkpt lat="27.70679" lon="85.30688"><ele>1300</ele><time>2022-11-03T10:56:56Z</time></trkpt>
    <trkpt lat="27.70720" lon="85.30704"><ele>1300</ele><time>2022-11-03T10:57:15Z</time></trkpt>
    <trkpt lat="27.70729" lon="85.30717"><ele>1300</ele><time>2022-11-03T10:57:33Z</time></trkpt>
    <trkpt lat="27.70739" lon="85.30724"><ele>1297</ele><time>2022-11-03T10:57:52Z</time></trkpt>
    <trkpt lat="27.70753" lon="85.30731"><ele>1296</ele><time>2022-11-03T10:58:11Z</time></trkpt>
    <trkpt lat="27.70770" lon="85.30732"><ele>1304</ele><time>2022-11-03T10:58:53Z</time></trkpt>
    <trkpt lat="27.70765" lon="85.30751"><ele>1302</ele><time>2022-11-03T10:59:11Z</time></trkpt>
    <trkpt lat="27.70758" lon="85.30779"><ele>1298</ele><time>2022-11-03T10:59:30Z</time></trkpt>
    <trkpt lat="27.70757" lon="85.30790"><ele>1296</ele><time>2022-11-03T10:59:49Z</time></trkpt>
    <trkpt lat="27.70744" lon="85.30812"><ele>1295</ele><time>2022-11-03T11:00:07Z</time></trkpt>
    <trkpt lat="27.70743" lon="85.30843"><ele>1292</ele><time>2022-11-03T11:00:25Z</time></trkpt>
    <trkpt lat="27.70740" lon="85.30862"><ele>1291</ele><time>2022-11-03T11:00:43Z</time></trkpt>
    <trkpt lat="27.70727" lon="85.30876"><ele>1296</ele><time>2022-11-03T11:01:02Z</time></trkpt>
    <trkpt lat="27.70727" lon="85.30889"><ele>1295</ele><time>2022-11-03T11:01:21Z</time></trkpt>
    <trkpt lat="27.70717" lon="85.30900"><ele>1298</ele><time>2022-11-03T11:01:40Z</time></trkpt>
    <trkpt lat="27.70717" lon="85.30924"><ele>1297</ele><time>2022-11-03T11:01:58Z</time></trkpt>
    <trkpt lat="27.70712" lon="85.30937"><ele>1295</ele><time>2022-11-03T11:02:17Z</time></trkpt>
    <trkpt lat="27.70713" lon="85.30951"><ele>1293</ele><time>2022-11-03T11:02:36Z</time></trkpt>
    <trkpt lat="27.70703" lon="85.30966"><ele>1292</ele><time>2022-11-03T11:02:54Z</time></trkpt>
    <trkpt lat="27.70699" lon="85.30980"><ele>1294</ele><time>2022-11-03T11:03:39Z</time></trkpt>
    <trkpt lat="27.70691" lon="85.30990"><ele>1295</ele><time>2022-11-03T11:04:22Z</time></trkpt>
    <trkpt lat="27.70700" lon="85.30983"><ele>1312</ele><time>2022-11-03T11:08:03Z</time></trkpt>
    <trkpt lat="27.70694" lon="85.30991"><ele>1304</ele><time>2022-11-03T11:24:04Z</time></trkpt>
    <trkpt lat="27.70690" lon="85.31011"><ele>1299</ele><time>2022-11-03T11:24:22Z</time></trkpt>
    <trkpt lat="27.70680" lon="85.31056"><ele>1304</ele><time>2022-11-03T11:25:01Z</time></trkpt>
    <trkpt lat="27.70676" lon="85.31076"><ele>1310</ele><time>2022-11-03T11:25:20Z</time></trkpt>
    <trkpt lat="27.70684" lon="85.31094"><ele>1313</ele><time>2022-11-03T11:25:38Z</time></trkpt>
    <trkpt lat="27.70690" lon="85.31114"><ele>1312</ele><time>2022-11-03T11:25:56Z</time></trkpt>
    <trkpt lat="27.70695" lon="85.31130"><ele>1313</ele><time>2022-11-03T11:26:14Z</time></trkpt>
    <trkpt lat="27.70703" lon="85.31139"><ele>1312</ele><time>2022-11-03T11:26:48Z</time></trkpt>
    <trkpt lat="27.70727" lon="85.31171"><ele>1309</ele><time>2022-11-03T11:27:06Z</time></trkpt>
    <trkpt lat="27.70735" lon="85.31194"><ele>1314</ele><time>2022-11-03T11:27:24Z</time></trkpt>
    <trkpt lat="27.70744" lon="85.31206"><ele>1311</ele><time>2022-11-03T11:27:43Z</time></trkpt>
    <trkpt lat="27.70749" lon="85.31223"><ele>1306</ele><time>2022-11-03T11:31:16Z</time></trkpt>
    <trkpt lat="27.70756" lon="85.31232"><ele>1297</ele><time>2022-11-03T11:31:34Z</time></trkpt>
    <trkpt lat="27.70766" lon="85.31250"><ele>1293</ele><time>2022-11-03T11:31:53Z</time></trkpt>
    <trkpt lat="27.70781" lon="85.31283"><ele>1300</ele><time>2022-11-03T11:32:11Z</time></trkpt>
    <trkpt lat="27.70787" lon="85.31303"><ele>1298</ele><time>2022-11-03T11:32:29Z</time></trkpt>
    <trkpt lat="27.70805" lon="85.31316"><ele>1287</ele><time>2022-11-03T11:32:48Z</time></trkpt>
    <trkpt lat="27.70808" lon="85.31341"><ele>1292</ele><time>2022-11-03T11:33:06Z</time></trkpt>
    <trkpt lat="27.70821" lon="85.31366"><ele>1293</ele><time>2022-11-03T11:33:24Z</time></trkpt>
    <trkpt lat="27.70831" lon="85.31385"><ele>1295</ele><time>2022-11-03T11:33:43Z</time></trkpt>
    <trkpt lat="27.70842" lon="85.31404"><ele>1294</ele><time>2022-11-03T11:34:02Z</time></trkpt>
    <trkpt lat="27.70843" lon="85.31422"><ele>1292</ele><time>2022-11-03T11:34:21Z</time></trkpt>
    <trkpt lat="27.70836" lon="85.31429"><ele>1290</ele><time>2022-11-03T11:34:39Z</time></trkpt>
    <trkpt lat="27.70822" lon="85.31429"><ele>1294</ele><time>2022-11-03T11:34:58Z</time></trkpt>
    <trkpt lat="27.70833" lon="85.31428"><ele>1296</ele><time>2022-11-03T11:35:16Z</time></trkpt>
    <trkpt lat="27.70845" lon="85.31425"><ele>1288</ele><time>2022-11-03T11:35:34Z</time></trkpt>
    <trkpt lat="27.70865" lon="85.31429"><ele>1282</ele><time>2022-11-03T11:35:53Z</time></trkpt>
    <trkpt lat="27.70874" lon="85.31443"><ele>1290</ele><time>2022-11-03T11:36:11Z</time></trkpt>
    <trkpt lat="27.70874" lon="85.31456"><ele>1292</ele><time>2022-11-03T11:36:29Z</time></trkpt>
    <trkpt lat="27.70864" lon="85.31472"><ele>1306</ele><time>2022-11-03T11:41:14Z</time></trkpt>
    <trkpt lat="27.70866" lon="85.31482"><ele>1303</ele><time>2022-11-03T11:41:32Z</time></trkpt>
    <trkpt lat="27.70859" lon="85.31453"><ele>1301</ele><time>2022-11-03T11:42:21Z</time></trkpt>
    <trkpt lat="27.70864" lon="85.31474"><ele>1294</ele><time>2022-11-03T11:44:23Z</time></trkpt>
    <trkpt lat="27.70867" lon="85.31493"><ele>1288</ele><time>2022-11-03T11:44:41Z</time></trkpt>
    <trkpt lat="27.70873" lon="85.31517"><ele>1283</ele><time>2022-11-03T11:44:59Z</time></trkpt>
    <trkpt lat="27.70882" lon="85.31544"><ele>1281</ele><time>2022-11-03T11:45:17Z</time></trkpt>
    <trkpt lat="27.70892" lon="85.31572"><ele>1286</ele><time>2022-11-03T11:45:36Z</time></trkpt>
    <trkpt lat="27.70899" lon="85.31603"><ele>1292</ele><time>2022-11-03T11:45:54Z</time></trkpt>
    <trkpt lat="27.70906" lon="85.31630"><ele>1289</ele><time>2022-11-03T11:46:13Z</time></trkpt>
    <trkpt lat="27.70919" lon="85.31663"><ele>1290</ele><time>2022-11-03T11:46:32Z</time></trkpt>
    <trkpt lat="27.70923" lon="85.31692"><ele>1289</ele><time>2022-11-03T11:46:50Z</time></trkpt>
    <trkpt lat="27.70914" lon="85.31700"><ele>1293</ele><time>2022-11-03T11:47:08Z</time></trkpt>
    <trkpt lat="27.70907" lon="85.31706"><ele>1293</ele><time>2022-11-03T11:47:35Z</time></trkpt>
    <trkpt lat="27.70883" lon="85.31702"><ele>1297</ele><time>2022-11-03T11:47:53Z</time></trkpt>
    <trkpt lat="27.70859" lon="85.31693"><ele>1291</ele><time>2022-11-03T11:48:12Z</time></trkpt>
    <trkpt lat="27.70834" lon="85.31685"><ele>1294</ele><time>2022-11-03T11:48:31Z</time></trkpt>
    <trkpt lat="27.70813" lon="85.31679"><ele>1291</ele><time>2022-11-03T11:48:49Z</time></trkpt>
    <trkpt lat="27.70763" lon="85.31675"><ele>1294</ele><time>2022-11-03T11:49:08Z</time></trkpt>
    <trkpt lat="27.70779" lon="85.31681"><ele>1291</ele><time>2022-11-03T11:49:26Z</time></trkpt>
    <trkpt lat="27.70792" lon="85.31688"><ele>1297</ele><time>2022-11-03T11:49:45Z</time></trkpt>
    <trkpt lat="27.70804" lon="85.31707"><ele>1292</ele><time>2022-11-03T11:50:03Z</time></trkpt>
    <trkpt lat="27.70802" lon="85.31737"><ele>1291</ele><time>2022-11-03T11:50:22Z</time></trkpt>
    <trkpt lat="27.70796" lon="85.31767"><ele>1287</ele><time>2022-11-03T11:50:40Z</time></trkpt>
    <trkpt lat="27.70794" lon="85.31792"><ele>1284</ele><time>2022-11-03T11:50:59Z</time></trkpt>
    <trkpt lat="27.70795" lon="85.31821"><ele>1283</ele><time>2022-11-03T11:51:18Z</time></trkpt>
    <trkpt lat="27.70792" lon="85.31849"><ele>1283</ele><time>2022-11-03T11:51:37Z</time></trkpt>
    <trkpt lat="27.70792" lon="85.31873"><ele>1281</ele><time>2022-11-03T11:51:56Z</time></trkpt>
    <trkpt lat="27.70790" lon="85.31903"><ele>1278</ele><time>2022-11-03T11:52:15Z</time></trkpt>
    <trkpt lat="27.70791" lon="85.31928"><ele>1284</ele><time>2022-11-03T11:52:33Z</time></trkpt>
    <trkpt lat="27.70790" lon="85.31947"><ele>1281</ele><time>2022-11-03T11:52:52Z</time></trkpt>
    <trkpt lat="27.70801" lon="85.31976"><ele>1278</ele><time>2022-11-03T11:53:10Z</time></trkpt>
    <trkpt lat="27.70800" lon="85.32001"><ele>1287</ele><time>2022-11-03T11:53:28Z</time></trkpt>
    <trkpt lat="27.70804" lon="85.32030"><ele>1292</ele><time>2022-11-03T11:53:47Z</time></trkpt>
    <trkpt lat="27.70798" lon="85.32049"><ele>1284</ele><time>2022-11-03T11:54:06Z</time></trkpt>
    <trkpt lat="27.70797" lon="85.32072"><ele>1287</ele><time>2022-11-03T11:54:24Z</time></trkpt>
    <trkpt lat="27.70800" lon="85.32103"><ele>1282</ele><time>2022-11-03T11:54:43Z</time></trkpt>
    <trkpt lat="27.70794" lon="85.32130"><ele>1280</ele><time>2022-11-03T11:55:02Z</time></trkpt>
    <trkpt lat="27.70793" lon="85.32162"><ele>1279</ele><time>2022-11-03T11:55:44Z</time></trkpt>
    <trkpt lat="27.70815" lon="85.32179"><ele>1285</ele><time>2022-11-03T11:56:27Z</time></trkpt>
    <trkpt lat="27.70836" lon="85.32184"><ele>1287</ele><time>2022-11-03T11:56:46Z</time></trkpt>
    <trkpt lat="27.70849" lon="85.32192"><ele>1291</ele><time>2022-11-03T11:57:05Z</time></trkpt>
    <trkpt lat="27.70860" lon="85.32194"><ele>1289</ele><time>2022-11-03T11:57:23Z</time></trkpt>
    <trkpt lat="27.70881" lon="85.32195"><ele>1289</ele><time>2022-11-03T11:57:41Z</time></trkpt>
    <trkpt lat="27.70905" lon="85.32200"><ele>1280</ele><time>2022-11-03T11:57:59Z</time></trkpt>
    <trkpt lat="27.70932" lon="85.32202"><ele>1284</ele><time>2022-11-03T11:58:18Z</time></trkpt>
    <trkpt lat="27.70955" lon="85.32202"><ele>1279</ele><time>2022-11-03T11:58:36Z</time></trkpt>
    <trkpt lat="27.70965" lon="85.32187"><ele>1285</ele><time>2022-11-03T11:58:55Z</time></trkpt>
    <trkpt lat="27.70972" lon="85.32194"><ele>1288</ele><time>2022-11-03T11:59:19Z</time></trkpt>
    <trkpt lat="27.70989" lon="85.32207"><ele>1290</ele><time>2022-11-03T11:59:37Z</time></trkpt>
    <trkpt lat="27.71007" lon="85.32215"><ele>1295</ele><time>2022-11-03T11:59:56Z</time></trkpt>
    <trkpt lat="27.71027" lon="85.32206"><ele>1300</ele><time>2022-11-03T12:00:14Z</time></trkpt>
    <trkpt lat="27.71037" lon="85.32207"><ele>1298</ele><time>2022-11-03T12:00:33Z</time></trkpt>
    <trkpt lat="27.71040" lon="85.32233"><ele>1300</ele><time>2022-11-03T12:00:51Z</time></trkpt>
    <trkpt lat="27.71042" lon="85.32260"><ele>1299</ele><time>2022-11-03T12:01:09Z</time></trkpt>
    <trkpt lat="27.71037" lon="85.32270"><ele>1302</ele><time>2022-11-03T12:01:28Z</time></trkpt>
    <trkpt lat="27.71034" lon="85.32293"><ele>1309</ele><time>2022-11-03T12:01:47Z</time></trkpt>
    <trkpt lat="27.71031" lon="85.32320"><ele>1315</ele><time>2022-11-03T12:02:06Z</time></trkpt>
    <trkpt lat="27.71042" lon="85.32329"><ele>1300</ele><time>2022-11-03T12:02:25Z</time></trkpt>
    <trkpt lat="27.71065" lon="85.32330"><ele>1291</ele><time>2022-11-03T12:02:43Z</time></trkpt>
  </trkseg>
</trk>
<trk>
  <name>LangtangTrek-retour2</name>
  <trkseg>
    <trkpt lat="28.16354" lon="85.39551"><ele>2569</ele><time>2022-11-02T01:58:37Z</time></trkpt>
    <trkpt lat="28.16369" lon="85.39550"><ele>2576</ele><time>2022-11-02T01:58:56Z</time></trkpt>
    <trkpt lat="28.16378" lon="85.39542"><ele>2573</ele><time>2022-11-02T01:59:14Z</time></trkpt>
    <trkpt lat="28.16392" lon="85.39532"><ele>2566</ele><time>2022-11-02T01:59:56Z</time></trkpt>
    <trkpt lat="28.16396" lon="85.39523"><ele>2567</ele><time>2022-11-02T02:00:15Z</time></trkpt>
    <trkpt lat="28.16405" lon="85.39502"><ele>2574</ele><time>2022-11-02T02:00:59Z</time></trkpt>
    <trkpt lat="28.16408" lon="85.39491"><ele>2575</ele><time>2022-11-02T02:01:17Z</time></trkpt>
    <trkpt lat="28.16407" lon="85.39476"><ele>2577</ele><time>2022-11-02T02:01:36Z</time></trkpt>
    <trkpt lat="28.16408" lon="85.39463"><ele>2577</ele><time>2022-11-02T02:01:55Z</time></trkpt>
    <trkpt lat="28.16412" lon="85.39450"><ele>2576</ele><time>2022-11-02T02:02:13Z</time></trkpt>
    <trkpt lat="28.16419" lon="85.39444"><ele>2580</ele><time>2022-11-02T02:02:31Z</time></trkpt>
    <trkpt lat="28.16419" lon="85.39430"><ele>2581</ele><time>2022-11-02T02:02:49Z</time></trkpt>
    <trkpt lat="28.16431" lon="85.39415"><ele>2586</ele><time>2022-11-02T02:03:27Z</time></trkpt>
    <trkpt lat="28.16449" lon="85.39401"><ele>2588</ele><time>2022-11-02T02:04:10Z</time></trkpt>
    <trkpt lat="28.16460" lon="85.39395"><ele>2585</ele><time>2022-11-02T02:04:28Z</time></trkpt>
    <trkpt lat="28.16469" lon="85.39381"><ele>2589</ele><time>2022-11-02T02:05:11Z</time></trkpt>
    <trkpt lat="28.16467" lon="85.39367"><ele>2585</ele><time>2022-11-02T02:05:30Z</time></trkpt>
    <trkpt lat="28.16467" lon="85.39354"><ele>2588</ele><time>2022-11-02T02:05:49Z</time></trkpt>
    <trkpt lat="28.16476" lon="85.39332"><ele>2595</ele><time>2022-11-02T02:06:49Z</time></trkpt>
    <trkpt lat="28.16482" lon="85.39319"><ele>2599</ele><time>2022-11-02T02:07:08Z</time></trkpt>
    <trkpt lat="28.16486" lon="85.39305"><ele>2602</ele><time>2022-11-02T02:07:27Z</time></trkpt>
    <trkpt lat="28.16495" lon="85.39292"><ele>2606</ele><time>2022-11-02T02:07:45Z</time></trkpt>
    <trkpt lat="28.16503" lon="85.39279"><ele>2609</ele><time>2022-11-02T02:08:03Z</time></trkpt>
    <trkpt lat="28.16509" lon="85.39267"><ele>2610</ele><time>2022-11-02T02:08:22Z</time></trkpt>
    <trkpt lat="28.16517" lon="85.39251"><ele>2612</ele><time>2022-11-02T02:10:38Z</time></trkpt>
    <trkpt lat="28.16525" lon="85.39240"><ele>2611</ele><time>2022-11-02T02:10:57Z</time></trkpt>
    <trkpt lat="28.16520" lon="85.39222"><ele>2613</ele><time>2022-11-02T02:11:43Z</time></trkpt>
    <trkpt lat="28.16518" lon="85.39204"><ele>2615</ele><time>2022-11-02T02:12:01Z</time></trkpt>
    <trkpt lat="28.16523" lon="85.39186"><ele>2617</ele><time>2022-11-02T02:12:42Z</time></trkpt>
    <trkpt lat="28.16522" lon="85.39166"><ele>2619</ele><time>2022-11-02T02:13:20Z</time></trkpt>
    <trkpt lat="28.16526" lon="85.39152"><ele>2617</ele><time>2022-11-02T02:13:39Z</time></trkpt>
    <trkpt lat="28.16525" lon="85.39137"><ele>2616</ele><time>2022-11-02T02:13:57Z</time></trkpt>
    <trkpt lat="28.16523" lon="85.39124"><ele>2620</ele><time>2022-11-02T02:14:15Z</time></trkpt>
    <trkpt lat="28.16520" lon="85.39106"><ele>2621</ele><time>2022-11-02T02:14:52Z</time></trkpt>
    <trkpt lat="28.16513" lon="85.39099"><ele>2620</ele><time>2022-11-02T02:15:11Z</time></trkpt>
    <trkpt lat="28.16506" lon="85.39082"><ele>2628</ele><time>2022-11-02T02:17:12Z</time></trkpt>
    <trkpt lat="28.16498" lon="85.39065"><ele>2628</ele><time>2022-11-02T02:17:53Z</time></trkpt>
    <trkpt lat="28.16502" lon="85.39046"><ele>2637</ele><time>2022-11-02T02:18:56Z</time></trkpt>
    <trkpt lat="28.16494" lon="85.39028"><ele>2640</ele><time>2022-11-02T02:19:33Z</time></trkpt>
    <trkpt lat="28.16484" lon="85.39018"><ele>2637</ele><time>2022-11-02T02:19:51Z</time></trkpt>
    <trkpt lat="28.16467" lon="85.39018"><ele>2638</ele><time>2022-11-02T02:21:35Z</time></trkpt>
    <trkpt lat="28.16450" lon="85.38999"><ele>2637</ele><time>2022-11-02T02:22:20Z</time></trkpt>
    <trkpt lat="28.16443" lon="85.38992"><ele>2639</ele><time>2022-11-02T02:22:38Z</time></trkpt>
    <trkpt lat="28.16426" lon="85.38976"><ele>2630</ele><time>2022-11-02T02:23:24Z</time></trkpt>
    <trkpt lat="28.16421" lon="85.38966"><ele>2626</ele><time>2022-11-02T02:23:43Z</time></trkpt>
    <trkpt lat="28.16417" lon="85.38954"><ele>2624</ele><time>2022-11-02T02:24:02Z</time></trkpt>
    <trkpt lat="28.16408" lon="85.38945"><ele>2623</ele><time>2022-11-02T02:24:20Z</time></trkpt>
    <trkpt lat="28.16401" lon="85.38935"><ele>2628</ele><time>2022-11-02T02:24:38Z</time></trkpt>
    <trkpt lat="28.16399" lon="85.38920"><ele>2626</ele><time>2022-11-02T02:24:57Z</time></trkpt>
    <trkpt lat="28.16395" lon="85.38906"><ele>2626</ele><time>2022-11-02T02:25:16Z</time></trkpt>
    <trkpt lat="28.16392" lon="85.38893"><ele>2628</ele><time>2022-11-02T02:25:34Z</time></trkpt>
    <trkpt lat="28.16385" lon="85.38884"><ele>2635</ele><time>2022-11-02T02:25:53Z</time></trkpt>
    <trkpt lat="28.16382" lon="85.38865"><ele>2634</ele><time>2022-11-02T02:26:33Z</time></trkpt>
    <trkpt lat="28.16365" lon="85.38857"><ele>2636</ele><time>2022-11-02T02:27:11Z</time></trkpt>
    <trkpt lat="28.16351" lon="85.38846"><ele>2638</ele><time>2022-11-02T02:27:29Z</time></trkpt>
    <trkpt lat="28.16339" lon="85.38842"><ele>2633</ele><time>2022-11-02T02:27:47Z</time></trkpt>
    <trkpt lat="28.16327" lon="85.38829"><ele>2634</ele><time>2022-11-02T02:28:06Z</time></trkpt>
    <trkpt lat="28.16317" lon="85.38815"><ele>2631</ele><time>2022-11-02T02:28:24Z</time></trkpt>
    <trkpt lat="28.16309" lon="85.38807"><ele>2630</ele><time>2022-11-02T02:28:43Z</time></trkpt>
    <trkpt lat="28.16296" lon="85.38787"><ele>2630</ele><time>2022-11-02T02:29:28Z</time></trkpt>
    <trkpt lat="28.16291" lon="85.38775"><ele>2630</ele><time>2022-11-02T02:29:46Z</time></trkpt>
    <trkpt lat="28.16282" lon="85.38770"><ele>2632</ele><time>2022-11-02T02:30:05Z</time></trkpt>
    <trkpt lat="28.16274" lon="85.38767"><ele>2633</ele><time>2022-11-02T02:30:25Z</time></trkpt>
    <trkpt lat="28.16261" lon="85.38751"><ele>2642</ele><time>2022-11-02T02:31:06Z</time></trkpt>
    <trkpt lat="28.16265" lon="85.38734"><ele>2643</ele><time>2022-11-02T02:32:03Z</time></trkpt>
    <trkpt lat="28.16266" lon="85.38715"><ele>2653</ele><time>2022-11-02T02:33:07Z</time></trkpt>
    <trkpt lat="28.16266" lon="85.38699"><ele>2659</ele><time>2022-11-02T02:34:04Z</time></trkpt>
    <trkpt lat="28.16256" lon="85.38685"><ele>2660</ele><time>2022-11-02T02:35:04Z</time></trkpt>
    <trkpt lat="28.16241" lon="85.38677"><ele>2664</ele><time>2022-11-02T02:36:24Z</time></trkpt>
    <trkpt lat="28.16229" lon="85.38662"><ele>2668</ele><time>2022-11-02T02:38:04Z</time></trkpt>
    <trkpt lat="28.16216" lon="85.38653"><ele>2669</ele><time>2022-11-02T02:38:23Z</time></trkpt>
    <trkpt lat="28.16207" lon="85.38644"><ele>2672</ele><time>2022-11-02T02:38:42Z</time></trkpt>
    <trkpt lat="28.16200" lon="85.38634"><ele>2673</ele><time>2022-11-02T02:39:00Z</time></trkpt>
    <trkpt lat="28.16193" lon="85.38625"><ele>2678</ele><time>2022-11-02T02:39:19Z</time></trkpt>
    <trkpt lat="28.16190" lon="85.38614"><ele>2681</ele><time>2022-11-02T02:39:37Z</time></trkpt>
    <trkpt lat="28.16207" lon="85.38620"><ele>2686</ele><time>2022-11-02T02:41:40Z</time></trkpt>
    <trkpt lat="28.16216" lon="85.38625"><ele>2689</ele><time>2022-11-02T02:41:59Z</time></trkpt>
    <trkpt lat="28.16232" lon="85.38632"><ele>2693</ele><time>2022-11-02T02:42:49Z</time></trkpt>
    <trkpt lat="28.16229" lon="85.38615"><ele>2697</ele><time>2022-11-02T02:43:48Z</time></trkpt>
    <trkpt lat="28.16221" lon="85.38607"><ele>2702</ele><time>2022-11-02T02:44:07Z</time></trkpt>
    <trkpt lat="28.16209" lon="85.38592"><ele>2700</ele><time>2022-11-02T02:44:44Z</time></trkpt>
    <trkpt lat="28.16202" lon="85.38582"><ele>2705</ele><time>2022-11-02T02:45:03Z</time></trkpt>
    <trkpt lat="28.16192" lon="85.38570"><ele>2706</ele><time>2022-11-02T02:45:22Z</time></trkpt>
    <trkpt lat="28.16187" lon="85.38549"><ele>2708</ele><time>2022-11-02T02:46:01Z</time></trkpt>
    <trkpt lat="28.16185" lon="85.38538"><ele>2708</ele><time>2022-11-02T02:46:20Z</time></trkpt>
    <trkpt lat="28.16194" lon="85.38522"><ele>2706</ele><time>2022-11-02T02:49:04Z</time></trkpt>
    <trkpt lat="28.16207" lon="85.38502"><ele>2709</ele><time>2022-11-02T02:49:41Z</time></trkpt>
    <trkpt lat="28.16216" lon="85.38485"><ele>2710</ele><time>2022-11-02T02:50:24Z</time></trkpt>
    <trkpt lat="28.16218" lon="85.38464"><ele>2711</ele><time>2022-11-02T02:51:03Z</time></trkpt>
    <trkpt lat="28.16223" lon="85.38441"><ele>2707</ele><time>2022-11-02T02:52:05Z</time></trkpt>
    <trkpt lat="28.16225" lon="85.38427"><ele>2706</ele><time>2022-11-02T02:52:23Z</time></trkpt>
    <trkpt lat="28.16235" lon="85.38417"><ele>2705</ele><time>2022-11-02T02:52:42Z</time></trkpt>
    <trkpt lat="28.16246" lon="85.38409"><ele>2704</ele><time>2022-11-02T02:53:00Z</time></trkpt>
    <trkpt lat="28.16260" lon="85.38398"><ele>2705</ele><time>2022-11-02T02:53:18Z</time></trkpt>
    <trkpt lat="28.16273" lon="85.38385"><ele>2698</ele><time>2022-11-02T02:53:37Z</time></trkpt>
    <trkpt lat="28.16283" lon="85.38364"><ele>2703</ele><time>2022-11-02T02:53:56Z</time></trkpt>
    <trkpt lat="28.16290" lon="85.38349"><ele>2701</ele><time>2022-11-02T02:54:15Z</time></trkpt>
    <trkpt lat="28.16291" lon="85.38334"><ele>2702</ele><time>2022-11-02T02:54:34Z</time></trkpt>
    <trkpt lat="28.16288" lon="85.38309"><ele>2707</ele><time>2022-11-02T02:55:11Z</time></trkpt>
    <trkpt lat="28.16286" lon="85.38297"><ele>2706</ele><time>2022-11-02T02:55:29Z</time></trkpt>
    <trkpt lat="28.16289" lon="85.38276"><ele>2708</ele><time>2022-11-02T02:56:06Z</time></trkpt>
    <trkpt lat="28.16298" lon="85.38259"><ele>2713</ele><time>2022-11-02T02:56:45Z</time></trkpt>
    <trkpt lat="28.16307" lon="85.38250"><ele>2719</ele><time>2022-11-02T02:57:03Z</time></trkpt>
    <trkpt lat="28.16314" lon="85.38237"><ele>2719</ele><time>2022-11-02T02:57:22Z</time></trkpt>
    <trkpt lat="28.16312" lon="85.38220"><ele>2718</ele><time>2022-11-02T02:57:41Z</time></trkpt>
    <trkpt lat="28.16305" lon="85.38207"><ele>2717</ele><time>2022-11-02T02:58:00Z</time></trkpt>
    <trkpt lat="28.16298" lon="85.38192"><ele>2717</ele><time>2022-11-02T02:58:19Z</time></trkpt>
    <trkpt lat="28.16294" lon="85.38182"><ele>2717</ele><time>2022-11-02T02:58:38Z</time></trkpt>
    <trkpt lat="28.16287" lon="85.38175"><ele>2718</ele><time>2022-11-02T02:58:56Z</time></trkpt>
    <trkpt lat="28.16276" lon="85.38157"><ele>2721</ele><time>2022-11-02T02:59:37Z</time></trkpt>
    <trkpt lat="28.16273" lon="85.38145"><ele>2727</ele><time>2022-11-02T02:59:56Z</time></trkpt>
    <trkpt lat="28.16274" lon="85.38132"><ele>2733</ele><time>2022-11-02T03:00:14Z</time></trkpt>
    <trkpt lat="28.16277" lon="85.38121"><ele>2738</ele><time>2022-11-02T03:00:32Z</time></trkpt>
    <trkpt lat="28.16283" lon="85.38110"><ele>2738</ele><time>2022-11-02T03:00:51Z</time></trkpt>
    <trkpt lat="28.16292" lon="85.38100"><ele>2743</ele><time>2022-11-02T03:01:10Z</time></trkpt>
    <trkpt lat="28.16295" lon="85.38090"><ele>2744</ele><time>2022-11-02T03:01:28Z</time></trkpt>
    <trkpt lat="28.16295" lon="85.38069"><ele>2741</ele><time>2022-11-02T03:02:07Z</time></trkpt>
    <trkpt lat="28.16297" lon="85.38051"><ele>2739</ele><time>2022-11-02T03:02:25Z</time></trkpt>
    <trkpt lat="28.16300" lon="85.38038"><ele>2740</ele><time>2022-11-02T03:02:43Z</time></trkpt>
    <trkpt lat="28.16310" lon="85.38026"><ele>2739</ele><time>2022-11-02T03:03:01Z</time></trkpt>
    <trkpt lat="28.16316" lon="85.38010"><ele>2739</ele><time>2022-11-02T03:03:20Z</time></trkpt>
    <trkpt lat="28.16315" lon="85.37991"><ele>2741</ele><time>2022-11-02T03:03:39Z</time></trkpt>
    <trkpt lat="28.16312" lon="85.37977"><ele>2748</ele><time>2022-11-02T03:03:57Z</time></trkpt>
    <trkpt lat="28.16302" lon="85.37973"><ele>2743</ele><time>2022-11-02T03:04:16Z</time></trkpt>
    <trkpt lat="28.16294" lon="85.37956"><ele>2745</ele><time>2022-11-02T03:04:53Z</time></trkpt>
    <trkpt lat="28.16292" lon="85.37935"><ele>2744</ele><time>2022-11-02T03:05:32Z</time></trkpt>
    <trkpt lat="28.16291" lon="85.37920"><ele>2754</ele><time>2022-11-02T03:05:51Z</time></trkpt>
    <trkpt lat="28.16283" lon="85.37907"><ele>2755</ele><time>2022-11-02T03:06:09Z</time></trkpt>
    <trkpt lat="28.16270" lon="85.37900"><ele>2751</ele><time>2022-11-02T03:06:27Z</time></trkpt>
    <trkpt lat="28.16259" lon="85.37889"><ele>2754</ele><time>2022-11-02T03:06:46Z</time></trkpt>
    <trkpt lat="28.16247" lon="85.37880"><ele>2761</ele><time>2022-11-02T03:07:04Z</time></trkpt>
    <trkpt lat="28.16267" lon="85.37879"><ele>2761</ele><time>2022-11-02T03:08:05Z</time></trkpt>
    <trkpt lat="28.16277" lon="85.37883"><ele>2760</ele><time>2022-11-02T03:08:23Z</time></trkpt>
    <trkpt lat="28.16275" lon="85.37872"><ele>2764</ele><time>2022-11-02T03:08:42Z</time></trkpt>
    <trkpt lat="28.16264" lon="85.37868"><ele>2766</ele><time>2022-11-02T03:09:00Z</time></trkpt>
    <trkpt lat="28.16255" lon="85.37864"><ele>2767</ele><time>2022-11-02T03:09:18Z</time></trkpt>
    <trkpt lat="28.16246" lon="85.37861"><ele>2767</ele><time>2022-11-02T03:09:37Z</time></trkpt>
    <trkpt lat="28.16231" lon="85.37858"><ele>2768</ele><time>2022-11-02T03:09:56Z</time></trkpt>
    <trkpt lat="28.16223" lon="85.37842"><ele>2778</ele><time>2022-11-02T03:13:47Z</time></trkpt>
    <trkpt lat="28.16231" lon="85.37825"><ele>2776</ele><time>2022-11-02T03:14:05Z</time></trkpt>
    <trkpt lat="28.16230" lon="85.37806"><ele>2779</ele><time>2022-11-02T03:14:23Z</time></trkpt>
    <trkpt lat="28.16235" lon="85.37791"><ele>2778</ele><time>2022-11-02T03:14:41Z</time></trkpt>
    <trkpt lat="28.16246" lon="85.37786"><ele>2771</ele><time>2022-11-02T03:15:00Z</time></trkpt>
    <trkpt lat="28.16257" lon="85.37771"><ele>2767</ele><time>2022-11-02T03:15:18Z</time></trkpt>
    <trkpt lat="28.16268" lon="85.37757"><ele>2768</ele><time>2022-11-02T03:15:37Z</time></trkpt>
    <trkpt lat="28.16276" lon="85.37742"><ele>2764</ele><time>2022-11-02T03:15:56Z</time></trkpt>
    <trkpt lat="28.16279" lon="85.37724"><ele>2767</ele><time>2022-11-02T03:16:15Z</time></trkpt>
    <trkpt lat="28.16277" lon="85.37708"><ele>2770</ele><time>2022-11-02T03:16:33Z</time></trkpt>
    <trkpt lat="28.16278" lon="85.37695"><ele>2762</ele><time>2022-11-02T03:16:51Z</time></trkpt>
    <trkpt lat="28.16268" lon="85.37689"><ele>2753</ele><time>2022-11-02T03:17:59Z</time></trkpt>
    <trkpt lat="28.16261" lon="85.37704"><ele>2749</ele><time>2022-11-02T03:18:17Z</time></trkpt>
    <trkpt lat="28.16252" lon="85.37715"><ele>2750</ele><time>2022-11-02T03:18:35Z</time></trkpt>
    <trkpt lat="28.16244" lon="85.37728"><ele>2745</ele><time>2022-11-02T03:18:54Z</time></trkpt>
    <trkpt lat="28.16243" lon="85.37713"><ele>2742</ele><time>2022-11-02T03:19:13Z</time></trkpt>
    <trkpt lat="28.16246" lon="85.37699"><ele>2741</ele><time>2022-11-02T03:19:31Z</time></trkpt>
    <trkpt lat="28.16255" lon="85.37685"><ele>2743</ele><time>2022-11-02T03:20:12Z</time></trkpt>
    <trkpt lat="28.16252" lon="85.37670"><ele>2737</ele><time>2022-11-02T03:22:18Z</time></trkpt>
    <trkpt lat="28.16257" lon="85.37654"><ele>2741</ele><time>2022-11-02T03:22:36Z</time></trkpt>
    <trkpt lat="28.16259" lon="85.37639"><ele>2738</ele><time>2022-11-02T03:22:54Z</time></trkpt>
    <trkpt lat="28.16267" lon="85.37627"><ele>2732</ele><time>2022-11-02T03:23:13Z</time></trkpt>
    <trkpt lat="28.16269" lon="85.37615"><ele>2726</ele><time>2022-11-02T03:23:32Z</time></trkpt>
    <trkpt lat="28.16271" lon="85.37600"><ele>2723</ele><time>2022-11-02T03:23:51Z</time></trkpt>
    <trkpt lat="28.16270" lon="85.37577"><ele>2721</ele><time>2022-11-02T03:24:09Z</time></trkpt>
    <trkpt lat="28.16278" lon="85.37555"><ele>2716</ele><time>2022-11-02T03:24:28Z</time></trkpt>
    <trkpt lat="28.16289" lon="85.37536"><ele>2711</ele><time>2022-11-02T03:25:46Z</time></trkpt>
    <trkpt lat="28.16295" lon="85.37514"><ele>2709</ele><time>2022-11-02T03:26:05Z</time></trkpt>
    <trkpt lat="28.16299" lon="85.37490"><ele>2705</ele><time>2022-11-02T03:26:24Z</time></trkpt>
    <trkpt lat="28.16299" lon="85.37479"><ele>2704</ele><time>2022-11-02T03:26:43Z</time></trkpt>
    <trkpt lat="28.16296" lon="85.37452"><ele>2700</ele><time>2022-11-02T03:28:05Z</time></trkpt>
    <trkpt lat="28.16286" lon="85.37431"><ele>2699</ele><time>2022-11-02T03:28:24Z</time></trkpt>
    <trkpt lat="28.16279" lon="85.37413"><ele>2702</ele><time>2022-11-02T03:28:42Z</time></trkpt>
    <trkpt lat="28.16270" lon="85.37396"><ele>2701</ele><time>2022-11-02T03:29:01Z</time></trkpt>
    <trkpt lat="28.16257" lon="85.37383"><ele>2701</ele><time>2022-11-02T03:29:19Z</time></trkpt>
    <trkpt lat="28.16257" lon="85.37366"><ele>2698</ele><time>2022-11-02T03:29:38Z</time></trkpt>
    <trkpt lat="28.16263" lon="85.37353"><ele>2703</ele><time>2022-11-02T03:29:56Z</time></trkpt>
    <trkpt lat="28.16275" lon="85.37339"><ele>2698</ele><time>2022-11-02T03:30:14Z</time></trkpt>
    <trkpt lat="28.16281" lon="85.37323"><ele>2692</ele><time>2022-11-02T03:30:33Z</time></trkpt>
    <trkpt lat="28.16282" lon="85.37301"><ele>2687</ele><time>2022-11-02T03:30:52Z</time></trkpt>
    <trkpt lat="28.16291" lon="85.37287"><ele>2695</ele><time>2022-11-02T03:31:11Z</time></trkpt>
    <trkpt lat="28.16302" lon="85.37271"><ele>2696</ele><time>2022-11-02T03:31:29Z</time></trkpt>
    <trkpt lat="28.16310" lon="85.37254"><ele>2690</ele><time>2022-11-02T03:31:48Z</time></trkpt>
    <trkpt lat="28.16314" lon="85.37234"><ele>2693</ele><time>2022-11-02T03:32:06Z</time></trkpt>
    <trkpt lat="28.16318" lon="85.37214"><ele>2697</ele><time>2022-11-02T03:32:24Z</time></trkpt>
    <trkpt lat="28.16323" lon="85.37193"><ele>2701</ele><time>2022-11-02T03:32:42Z</time></trkpt>
    <trkpt lat="28.16322" lon="85.37175"><ele>2704</ele><time>2022-11-02T03:33:00Z</time></trkpt>
    <trkpt lat="28.16319" lon="85.37160"><ele>2707</ele><time>2022-11-02T03:33:18Z</time></trkpt>
    <trkpt lat="28.16310" lon="85.37141"><ele>2706</ele><time>2022-11-02T03:33:37Z</time></trkpt>
    <trkpt lat="28.16310" lon="85.37119"><ele>2711</ele><time>2022-11-02T03:33:55Z</time></trkpt>
    <trkpt lat="28.16306" lon="85.37096"><ele>2705</ele><time>2022-11-02T03:34:13Z</time></trkpt>
    <trkpt lat="28.16297" lon="85.37086"><ele>2700</ele><time>2022-11-02T03:34:31Z</time></trkpt>
    <trkpt lat="28.16297" lon="85.37074"><ele>2697</ele><time>2022-11-02T03:34:50Z</time></trkpt>
    <trkpt lat="28.16298" lon="85.37058"><ele>2699</ele><time>2022-11-02T03:35:08Z</time></trkpt>
    <trkpt lat="28.16309" lon="85.37043"><ele>2701</ele><time>2022-11-02T03:35:27Z</time></trkpt>
    <trkpt lat="28.16319" lon="85.37030"><ele>2704</ele><time>2022-11-02T03:35:45Z</time></trkpt>
    <trkpt lat="28.16325" lon="85.37019"><ele>2700</ele><time>2022-11-02T03:36:04Z</time></trkpt>
    <trkpt lat="28.16337" lon="85.37005"><ele>2700</ele><time>2022-11-02T03:36:22Z</time></trkpt>
    <trkpt lat="28.16346" lon="85.36981"><ele>2704</ele><time>2022-11-02T03:36:41Z</time></trkpt>
    <trkpt lat="28.16351" lon="85.36951"><ele>2704</ele><time>2022-11-02T03:37:51Z</time></trkpt>
    <trkpt lat="28.16349" lon="85.36935"><ele>2700</ele><time>2022-11-02T03:38:09Z</time></trkpt>
    <trkpt lat="28.16350" lon="85.36922"><ele>2697</ele><time>2022-11-02T03:38:28Z</time></trkpt>
    <trkpt lat="28.16356" lon="85.36909"><ele>2700</ele><time>2022-11-02T03:38:47Z</time></trkpt>
    <trkpt lat="28.16359" lon="85.36890"><ele>2697</ele><time>2022-11-02T03:39:05Z</time></trkpt>
    <trkpt lat="28.16361" lon="85.36868"><ele>2699</ele><time>2022-11-02T03:39:24Z</time></trkpt>
    <trkpt lat="28.16361" lon="85.36852"><ele>2694</ele><time>2022-11-02T03:39:42Z</time></trkpt>
    <trkpt lat="28.16364" lon="85.36831"><ele>2700</ele><time>2022-11-02T03:40:00Z</time></trkpt>
    <trkpt lat="28.16366" lon="85.36818"><ele>2701</ele><time>2022-11-02T03:40:18Z</time></trkpt>
    <trkpt lat="28.16366" lon="85.36804"><ele>2697</ele><time>2022-11-02T03:40:37Z</time></trkpt>
    <trkpt lat="28.16366" lon="85.36791"><ele>2697</ele><time>2022-11-02T03:40:55Z</time></trkpt>
    <trkpt lat="28.16371" lon="85.36780"><ele>2701</ele><time>2022-11-02T03:41:13Z</time></trkpt>
    <trkpt lat="28.16374" lon="85.36764"><ele>2696</ele><time>2022-11-02T03:41:32Z</time></trkpt>
    <trkpt lat="28.16377" lon="85.36746"><ele>2697</ele><time>2022-11-02T03:41:51Z</time></trkpt>
    <trkpt lat="28.16379" lon="85.36725"><ele>2697</ele><time>2022-11-02T03:42:09Z</time></trkpt>
    <trkpt lat="28.16383" lon="85.36712"><ele>2701</ele><time>2022-11-02T03:42:28Z</time></trkpt>
    <trkpt lat="28.16396" lon="85.36688"><ele>2702</ele><time>2022-11-02T03:43:09Z</time></trkpt>
    <trkpt lat="28.16410" lon="85.36680"><ele>2703</ele><time>2022-11-02T03:43:27Z</time></trkpt>
    <trkpt lat="28.16417" lon="85.36661"><ele>2702</ele><time>2022-11-02T03:43:46Z</time></trkpt>
    <trkpt lat="28.16430" lon="85.36649"><ele>2693</ele><time>2022-11-02T03:44:05Z</time></trkpt>
    <trkpt lat="28.16443" lon="85.36642"><ele>2688</ele><time>2022-11-02T03:44:24Z</time></trkpt>
    <trkpt lat="28.16448" lon="85.36625"><ele>2685</ele><time>2022-11-02T03:44:43Z</time></trkpt>
    <trkpt lat="28.16457" lon="85.36608"><ele>2680</ele><time>2022-11-02T03:45:02Z</time></trkpt>
    <trkpt lat="28.16460" lon="85.36596"><ele>2684</ele><time>2022-11-02T03:45:20Z</time></trkpt>
    <trkpt lat="28.16462" lon="85.36581"><ele>2683</ele><time>2022-11-02T03:45:39Z</time></trkpt>
    <trkpt lat="28.16464" lon="85.36565"><ele>2683</ele><time>2022-11-02T03:45:57Z</time></trkpt>
    <trkpt lat="28.16477" lon="85.36572"><ele>2680</ele><time>2022-11-02T04:00:30Z</time></trkpt>
    <trkpt lat="28.16491" lon="85.36561"><ele>2682</ele><time>2022-11-02T04:01:39Z</time></trkpt>
    <trkpt lat="28.16500" lon="85.36559"><ele>2680</ele><time>2022-11-02T04:01:57Z</time></trkpt>
    <trkpt lat="28.16510" lon="85.36545"><ele>2677</ele><time>2022-11-02T04:02:16Z</time></trkpt>
    <trkpt lat="28.16526" lon="85.36540"><ele>2662</ele><time>2022-11-02T04:03:03Z</time></trkpt>
    <trkpt lat="28.16538" lon="85.36514"><ele>2656</ele><time>2022-11-02T04:03:40Z</time></trkpt>
    <trkpt lat="28.16548" lon="85.36501"><ele>2649</ele><time>2022-11-02T04:03:58Z</time></trkpt>
    <trkpt lat="28.16561" lon="85.36490"><ele>2649</ele><time>2022-11-02T04:04:16Z</time></trkpt>
    <trkpt lat="28.16568" lon="85.36476"><ele>2649</ele><time>2022-11-02T04:04:35Z</time></trkpt>
    <trkpt lat="28.16577" lon="85.36466"><ele>2641</ele><time>2022-11-02T04:04:53Z</time></trkpt>
    <trkpt lat="28.16582" lon="85.36447"><ele>2643</ele><time>2022-11-02T04:05:12Z</time></trkpt>
    <trkpt lat="28.16590" lon="85.36430"><ele>2644</ele><time>2022-11-02T04:05:30Z</time></trkpt>
    <trkpt lat="28.16593" lon="85.36411"><ele>2642</ele><time>2022-11-02T04:05:48Z</time></trkpt>
    <trkpt lat="28.16599" lon="85.36396"><ele>2640</ele><time>2022-11-02T04:06:07Z</time></trkpt>
    <trkpt lat="28.16598" lon="85.36379"><ele>2636</ele><time>2022-11-02T04:07:46Z</time></trkpt>
    <trkpt lat="28.16600" lon="85.36369"><ele>2629</ele><time>2022-11-02T04:08:05Z</time></trkpt>
    <trkpt lat="28.16609" lon="85.36362"><ele>2626</ele><time>2022-11-02T04:08:23Z</time></trkpt>
    <trkpt lat="28.16628" lon="85.36348"><ele>2629</ele><time>2022-11-02T04:08:42Z</time></trkpt>
    <trkpt lat="28.16635" lon="85.36333"><ele>2627</ele><time>2022-11-02T04:09:01Z</time></trkpt>
    <trkpt lat="28.16644" lon="85.36318"><ele>2619</ele><time>2022-11-02T04:09:20Z</time></trkpt>
    <trkpt lat="28.16643" lon="85.36307"><ele>2623</ele><time>2022-11-02T04:09:39Z</time></trkpt>
    <trkpt lat="28.16664" lon="85.36314"><ele>2614</ele><time>2022-11-02T04:10:17Z</time></trkpt>
    <trkpt lat="28.16675" lon="85.36317"><ele>2618</ele><time>2022-11-02T04:10:35Z</time></trkpt>
    <trkpt lat="28.16692" lon="85.36322"><ele>2609</ele><time>2022-11-02T04:11:13Z</time></trkpt>
    <trkpt lat="28.16708" lon="85.36327"><ele>2604</ele><time>2022-11-02T04:11:53Z</time></trkpt>
    <trkpt lat="28.16726" lon="85.36328"><ele>2590</ele><time>2022-11-02T04:12:36Z</time></trkpt>
    <trkpt lat="28.16743" lon="85.36327"><ele>2593</ele><time>2022-11-02T04:12:54Z</time></trkpt>
    <trkpt lat="28.16753" lon="85.36328"><ele>2587</ele><time>2022-11-02T04:13:12Z</time></trkpt>
    <trkpt lat="28.16760" lon="85.36312"><ele>2580</ele><time>2022-11-02T04:13:51Z</time></trkpt>
    <trkpt lat="28.16774" lon="85.36303"><ele>2573</ele><time>2022-11-02T04:14:38Z</time></trkpt>
    <trkpt lat="28.16784" lon="85.36289"><ele>2571</ele><time>2022-11-02T04:15:17Z</time></trkpt>
    <trkpt lat="28.16794" lon="85.36275"><ele>2558</ele><time>2022-11-02T04:16:10Z</time></trkpt>
    <trkpt lat="28.16783" lon="85.36270"><ele>2556</ele><time>2022-11-02T04:16:29Z</time></trkpt>
    <trkpt lat="28.16787" lon="85.36261"><ele>2555</ele><time>2022-11-02T04:16:47Z</time></trkpt>
    <trkpt lat="28.16799" lon="85.36246"><ele>2553</ele><time>2022-11-02T04:17:26Z</time></trkpt>
    <trkpt lat="28.16807" lon="85.36242"><ele>2554</ele><time>2022-11-02T04:17:44Z</time></trkpt>
    <trkpt lat="28.16807" lon="85.36219"><ele>2545</ele><time>2022-11-02T04:18:24Z</time></trkpt>
    <trkpt lat="28.16805" lon="85.36202"><ele>2537</ele><time>2022-11-02T04:19:12Z</time></trkpt>
    <trkpt lat="28.16806" lon="85.36184"><ele>2530</ele><time>2022-11-02T04:20:00Z</time></trkpt>
    <trkpt lat="28.16804" lon="85.36173"><ele>2526</ele><time>2022-11-02T04:20:18Z</time></trkpt>
    <trkpt lat="28.16816" lon="85.36149"><ele>2515</ele><time>2022-11-02T04:21:00Z</time></trkpt>
    <trkpt lat="28.16825" lon="85.36125"><ele>2509</ele><time>2022-11-02T04:22:37Z</time></trkpt>
    <trkpt lat="28.16833" lon="85.36131"><ele>2511</ele><time>2022-11-02T04:22:55Z</time></trkpt>
    <trkpt lat="28.16846" lon="85.36125"><ele>2508</ele><time>2022-11-02T04:23:14Z</time></trkpt>
    <trkpt lat="28.16859" lon="85.36135"><ele>2507</ele><time>2022-11-02T04:24:14Z</time></trkpt>
    <trkpt lat="28.16872" lon="85.36147"><ele>2505</ele><time>2022-11-02T04:24:33Z</time></trkpt>
    <trkpt lat="28.16889" lon="85.36151"><ele>2503</ele><time>2022-11-02T04:24:51Z</time></trkpt>
    <trkpt lat="28.16899" lon="85.36160"><ele>2500</ele><time>2022-11-02T04:25:10Z</time></trkpt>
    <trkpt lat="28.16909" lon="85.36164"><ele>2490</ele><time>2022-11-02T04:25:29Z</time></trkpt>
    <trkpt lat="28.16927" lon="85.36166"><ele>2488</ele><time>2022-11-02T04:25:48Z</time></trkpt>
    <trkpt lat="28.16934" lon="85.36179"><ele>2486</ele><time>2022-11-02T04:26:06Z</time></trkpt>
    <trkpt lat="28.16945" lon="85.36183"><ele>2483</ele><time>2022-11-02T04:26:25Z</time></trkpt>
    <trkpt lat="28.16954" lon="85.36186"><ele>2475</ele><time>2022-11-02T04:26:44Z</time></trkpt>
    <trkpt lat="28.16957" lon="85.36199"><ele>2471</ele><time>2022-11-02T04:27:02Z</time></trkpt>
    <trkpt lat="28.16964" lon="85.36205"><ele>2471</ele><time>2022-11-02T04:27:20Z</time></trkpt>
    <trkpt lat="28.16983" lon="85.36208"><ele>2464</ele><time>2022-11-02T04:27:58Z</time></trkpt>
    <trkpt lat="28.16991" lon="85.36201"><ele>2463</ele><time>2022-11-02T04:28:16Z</time></trkpt>
    <trkpt lat="28.17004" lon="85.36201"><ele>2459</ele><time>2022-11-02T04:28:35Z</time></trkpt>
    <trkpt lat="28.17014" lon="85.36197"><ele>2459</ele><time>2022-11-02T04:28:53Z</time></trkpt>
    <trkpt lat="28.17030" lon="85.36191"><ele>2456</ele><time>2022-11-02T04:29:11Z</time></trkpt>
    <trkpt lat="28.17035" lon="85.36179"><ele>2456</ele><time>2022-11-02T04:29:30Z</time></trkpt>
    <trkpt lat="28.17051" lon="85.36175"><ele>2450</ele><time>2022-11-02T04:30:45Z</time></trkpt>
    <trkpt lat="28.17065" lon="85.36173"><ele>2444</ele><time>2022-11-02T04:31:51Z</time></trkpt>
    <trkpt lat="28.17076" lon="85.36173"><ele>2443</ele><time>2022-11-02T04:32:10Z</time></trkpt>
    <trkpt lat="28.17091" lon="85.36170"><ele>2439</ele><time>2022-11-02T04:32:28Z</time></trkpt>
    <trkpt lat="28.17107" lon="85.36172"><ele>2428</ele><time>2022-11-02T04:32:47Z</time></trkpt>
    <trkpt lat="28.17123" lon="85.36169"><ele>2428</ele><time>2022-11-02T04:33:55Z</time></trkpt>
    <trkpt lat="28.17135" lon="85.36161"><ele>2430</ele><time>2022-11-02T04:34:13Z</time></trkpt>
    <trkpt lat="28.17150" lon="85.36157"><ele>2423</ele><time>2022-11-02T04:34:54Z</time></trkpt>
    <trkpt lat="28.17159" lon="85.36154"><ele>2419</ele><time>2022-11-02T04:35:13Z</time></trkpt>
    <trkpt lat="28.17175" lon="85.36143"><ele>2413</ele><time>2022-11-02T04:35:52Z</time></trkpt>
    <trkpt lat="28.17193" lon="85.36142"><ele>2406</ele><time>2022-11-02T04:36:34Z</time></trkpt>
    <trkpt lat="28.17207" lon="85.36134"><ele>2398</ele><time>2022-11-02T04:38:03Z</time></trkpt>
    <trkpt lat="28.17217" lon="85.36119"><ele>2399</ele><time>2022-11-02T04:38:57Z</time></trkpt>
    <trkpt lat="28.17224" lon="85.36101"><ele>2399</ele><time>2022-11-02T04:40:21Z</time></trkpt>
    <trkpt lat="28.17231" lon="85.36092"><ele>2396</ele><time>2022-11-02T04:40:39Z</time></trkpt>
    <trkpt lat="28.17242" lon="85.36079"><ele>2392</ele><time>2022-11-02T04:42:10Z</time></trkpt>
    <trkpt lat="28.17255" lon="85.36091"><ele>2390</ele><time>2022-11-02T04:43:29Z</time></trkpt>
    <trkpt lat="28.17262" lon="85.36099"><ele>2385</ele><time>2022-11-02T04:43:48Z</time></trkpt>
    <trkpt lat="28.17273" lon="85.36094"><ele>2381</ele><time>2022-11-02T04:44:06Z</time></trkpt>
    <trkpt lat="28.17288" lon="85.36092"><ele>2376</ele><time>2022-11-02T04:44:24Z</time></trkpt>
    <trkpt lat="28.17298" lon="85.36093"><ele>2377</ele><time>2022-11-02T04:44:43Z</time></trkpt>
    <trkpt lat="28.17309" lon="85.36097"><ele>2372</ele><time>2022-11-02T04:45:01Z</time></trkpt>
    <trkpt lat="28.17325" lon="85.36098"><ele>2369</ele><time>2022-11-02T04:45:59Z</time></trkpt>
    <trkpt lat="28.17346" lon="85.36104"><ele>2365</ele><time>2022-11-02T04:46:36Z</time></trkpt>
    <trkpt lat="28.17362" lon="85.36106"><ele>2364</ele><time>2022-11-02T04:46:55Z</time></trkpt>
    <trkpt lat="28.17373" lon="85.36095"><ele>2362</ele><time>2022-11-02T04:47:14Z</time></trkpt>
    <trkpt lat="28.17383" lon="85.36086"><ele>2364</ele><time>2022-11-02T04:47:32Z</time></trkpt>
    <trkpt lat="28.17396" lon="85.36071"><ele>2357</ele><time>2022-11-02T04:48:10Z</time></trkpt>
    <trkpt lat="28.17403" lon="85.36063"><ele>2354</ele><time>2022-11-02T04:48:28Z</time></trkpt>
    <trkpt lat="28.17412" lon="85.36054"><ele>2351</ele><time>2022-11-02T04:48:46Z</time></trkpt>
    <trkpt lat="28.17415" lon="85.36036"><ele>2346</ele><time>2022-11-02T04:49:34Z</time></trkpt>
    <trkpt lat="28.17424" lon="85.36031"><ele>2343</ele><time>2022-11-02T04:49:52Z</time></trkpt>
    <trkpt lat="28.17435" lon="85.36016"><ele>2333</ele><time>2022-11-02T04:50:38Z</time></trkpt>
    <trkpt lat="28.17441" lon="85.36001"><ele>2328</ele><time>2022-11-02T04:51:17Z</time></trkpt>
    <trkpt lat="28.17456" lon="85.35995"><ele>2331</ele><time>2022-11-02T04:51:36Z</time></trkpt>
    <trkpt lat="28.17471" lon="85.35984"><ele>2325</ele><time>2022-11-02T04:52:18Z</time></trkpt>
    <trkpt lat="28.17479" lon="85.35965"><ele>2314</ele><time>2022-11-02T04:53:19Z</time></trkpt>
    <trkpt lat="28.17496" lon="85.35955"><ele>2312</ele><time>2022-11-02T04:53:38Z</time></trkpt>
    <trkpt lat="28.17513" lon="85.35955"><ele>2306</ele><time>2022-11-02T04:53:57Z</time></trkpt>
    <trkpt lat="28.17525" lon="85.35954"><ele>2302</ele><time>2022-11-02T04:54:16Z</time></trkpt>
    <trkpt lat="28.17538" lon="85.35949"><ele>2301</ele><time>2022-11-02T04:54:34Z</time></trkpt>
    <trkpt lat="28.17547" lon="85.35943"><ele>2298</ele><time>2022-11-02T04:54:53Z</time></trkpt>
    <trkpt lat="28.17558" lon="85.35928"><ele>2289</ele><time>2022-11-02T04:55:38Z</time></trkpt>
    <trkpt lat="28.17575" lon="85.35919"><ele>2289</ele><time>2022-11-02T05:01:29Z</time></trkpt>
    <trkpt lat="28.17591" lon="85.35916"><ele>2284</ele><time>2022-11-02T05:02:21Z</time></trkpt>
    <trkpt lat="28.17599" lon="85.35902"><ele>2283</ele><time>2022-11-02T05:31:17Z</time></trkpt>
    <trkpt lat="28.17608" lon="85.35893"><ele>2278</ele><time>2022-11-02T05:31:58Z</time></trkpt>
    <trkpt lat="28.17632" lon="85.35899"><ele>2273</ele><time>2022-11-02T05:33:02Z</time></trkpt>
    <trkpt lat="28.17645" lon="85.35896"><ele>2273</ele><time>2022-11-02T05:33:20Z</time></trkpt>
    <trkpt lat="28.17659" lon="85.35892"><ele>2270</ele><time>2022-11-02T05:33:39Z</time></trkpt>
    <trkpt lat="28.17661" lon="85.35880"><ele>2269</ele><time>2022-11-02T05:33:58Z</time></trkpt>
    <trkpt lat="28.17655" lon="85.35863"><ele>2258</ele><time>2022-11-02T05:34:41Z</time></trkpt>
    <trkpt lat="28.17651" lon="85.35845"><ele>2246</ele><time>2022-11-02T05:37:17Z</time></trkpt>
    <trkpt lat="28.17633" lon="85.35820"><ele>2245</ele><time>2022-11-02T05:38:08Z</time></trkpt>
    <trkpt lat="28.17617" lon="85.35808"><ele>2244</ele><time>2022-11-02T05:38:27Z</time></trkpt>
    <trkpt lat="28.17606" lon="85.35796"><ele>2240</ele><time>2022-11-02T05:38:45Z</time></trkpt>
    <trkpt lat="28.17591" lon="85.35790"><ele>2239</ele><time>2022-11-02T05:39:23Z</time></trkpt>
    <trkpt lat="28.17579" lon="85.35781"><ele>2235</ele><time>2022-11-02T05:39:41Z</time></trkpt>
    <trkpt lat="28.17569" lon="85.35777"><ele>2227</ele><time>2022-11-02T05:40:00Z</time></trkpt>
    <trkpt lat="28.17555" lon="85.35778"><ele>2223</ele><time>2022-11-02T05:40:19Z</time></trkpt>
    <trkpt lat="28.17542" lon="85.35788"><ele>2219</ele><time>2022-11-02T05:40:38Z</time></trkpt>
    <trkpt lat="28.17524" lon="85.35788"><ele>2217</ele><time>2022-11-02T05:40:56Z</time></trkpt>
    <trkpt lat="28.17502" lon="85.35790"><ele>2216</ele><time>2022-11-02T05:41:14Z</time></trkpt>
    <trkpt lat="28.17484" lon="85.35786"><ele>2218</ele><time>2022-11-02T05:41:33Z</time></trkpt>
    <trkpt lat="28.17470" lon="85.35769"><ele>2216</ele><time>2022-11-02T05:41:51Z</time></trkpt>
    <trkpt lat="28.17468" lon="85.35742"><ele>2218</ele><time>2022-11-02T05:42:09Z</time></trkpt>
    <trkpt lat="28.17456" lon="85.35726"><ele>2217</ele><time>2022-11-02T05:42:27Z</time></trkpt>
    <trkpt lat="28.17446" lon="85.35709"><ele>2203</ele><time>2022-11-02T05:42:46Z</time></trkpt>
    <trkpt lat="28.17442" lon="85.35690"><ele>2201</ele><time>2022-11-02T05:43:04Z</time></trkpt>
    <trkpt lat="28.17429" lon="85.35673"><ele>2201</ele><time>2022-11-02T05:43:23Z</time></trkpt>
    <trkpt lat="28.17415" lon="85.35663"><ele>2197</ele><time>2022-11-02T05:43:42Z</time></trkpt>
    <trkpt lat="28.17396" lon="85.35654"><ele>2197</ele><time>2022-11-02T05:44:00Z</time></trkpt>
    <trkpt lat="28.17374" lon="85.35647"><ele>2194</ele><time>2022-11-02T05:44:18Z</time></trkpt>
    <trkpt lat="28.17357" lon="85.35634"><ele>2195</ele><time>2022-11-02T05:44:36Z</time></trkpt>
    <trkpt lat="28.17341" lon="85.35622"><ele>2192</ele><time>2022-11-02T05:44:55Z</time></trkpt>
    <trkpt lat="28.17322" lon="85.35617"><ele>2186</ele><time>2022-11-02T05:45:13Z</time></trkpt>
    <trkpt lat="28.17303" lon="85.35615"><ele>2187</ele><time>2022-11-02T05:45:32Z</time></trkpt>
    <trkpt lat="28.17286" lon="85.35622"><ele>2185</ele><time>2022-11-02T05:45:50Z</time></trkpt>
    <trkpt lat="28.17269" lon="85.35616"><ele>2182</ele><time>2022-11-02T05:46:09Z</time></trkpt>
    <trkpt lat="28.17252" lon="85.35610"><ele>2177</ele><time>2022-11-02T05:46:28Z</time></trkpt>
    <trkpt lat="28.17264" lon="85.35602"><ele>2167</ele><time>2022-11-02T05:47:06Z</time></trkpt>
    <trkpt lat="28.17281" lon="85.35601"><ele>2171</ele><time>2022-11-02T05:47:24Z</time></trkpt>
    <trkpt lat="28.17287" lon="85.35584"><ele>2167</ele><time>2022-11-02T05:48:04Z</time></trkpt>
    <trkpt lat="28.17297" lon="85.35568"><ele>2150</ele><time>2022-11-02T05:48:43Z</time></trkpt>
    <trkpt lat="28.17302" lon="85.35552"><ele>2138</ele><time>2022-11-02T05:49:20Z</time></trkpt>
    <trkpt lat="28.17293" lon="85.35540"><ele>2141</ele><time>2022-11-02T05:49:38Z</time></trkpt>
    <trkpt lat="28.17288" lon="85.35526"><ele>2139</ele><time>2022-11-02T05:49:57Z</time></trkpt>
    <trkpt lat="28.17281" lon="85.35517"><ele>2139</ele><time>2022-11-02T05:50:16Z</time></trkpt>
    <trkpt lat="28.17283" lon="85.35502"><ele>2125</ele><time>2022-11-02T05:51:14Z</time></trkpt>
    <trkpt lat="28.17271" lon="85.35497"><ele>2120</ele><time>2022-11-02T05:51:33Z</time></trkpt>
    <trkpt lat="28.17256" lon="85.35480"><ele>2115</ele><time>2022-11-02T05:52:30Z</time></trkpt>
    <trkpt lat="28.17244" lon="85.35468"><ele>2101</ele><time>2022-11-02T05:53:46Z</time></trkpt>
    <trkpt lat="28.17238" lon="85.35452"><ele>2104</ele><time>2022-11-02T05:54:49Z</time></trkpt>
    <trkpt lat="28.17227" lon="85.35442"><ele>2107</ele><time>2022-11-02T05:55:07Z</time></trkpt>
    <trkpt lat="28.17237" lon="85.35438"><ele>2100</ele><time>2022-11-02T05:55:25Z</time></trkpt>
    <trkpt lat="28.17248" lon="85.35420"><ele>2090</ele><time>2022-11-02T05:56:03Z</time></trkpt>
    <trkpt lat="28.17253" lon="85.35401"><ele>2076</ele><time>2022-11-02T05:56:47Z</time></trkpt>
    <trkpt lat="28.17245" lon="85.35389"><ele>2071</ele><time>2022-11-02T05:57:50Z</time></trkpt>
    <trkpt lat="28.17249" lon="85.35379"><ele>2067</ele><time>2022-11-02T05:58:09Z</time></trkpt>
    <trkpt lat="28.17255" lon="85.35371"><ele>2060</ele><time>2022-11-02T05:58:28Z</time></trkpt>
    <trkpt lat="28.17258" lon="85.35359"><ele>2060</ele><time>2022-11-02T05:58:46Z</time></trkpt>
    <trkpt lat="28.17262" lon="85.35333"><ele>2051</ele><time>2022-11-02T06:01:48Z</time></trkpt>
    <trkpt lat="28.17253" lon="85.35328"><ele>2045</ele><time>2022-11-02T06:02:07Z</time></trkpt>
    <trkpt lat="28.17257" lon="85.35315"><ele>2042</ele><time>2022-11-02T06:02:26Z</time></trkpt>
    <trkpt lat="28.17269" lon="85.35296"><ele>2038</ele><time>2022-11-02T06:03:10Z</time></trkpt>
    <trkpt lat="28.17269" lon="85.35273"><ele>2027</ele><time>2022-11-02T06:04:34Z</time></trkpt>
    <trkpt lat="28.17260" lon="85.35264"><ele>2022</ele><time>2022-11-02T06:04:53Z</time></trkpt>
    <trkpt lat="28.17264" lon="85.35254"><ele>2022</ele><time>2022-11-02T06:05:11Z</time></trkpt>
    <trkpt lat="28.17259" lon="85.35236"><ele>2015</ele><time>2022-11-02T06:05:49Z</time></trkpt>
    <trkpt lat="28.17267" lon="85.35219"><ele>2007</ele><time>2022-11-02T06:06:29Z</time></trkpt>
    <trkpt lat="28.17279" lon="85.35197"><ele>1998</ele><time>2022-11-02T06:07:16Z</time></trkpt>
    <trkpt lat="28.17272" lon="85.35178"><ele>2000</ele><time>2022-11-02T06:07:35Z</time></trkpt>
    <trkpt lat="28.17286" lon="85.35164"><ele>1992</ele><time>2022-11-02T06:08:13Z</time></trkpt>
    <trkpt lat="28.17274" lon="85.35151"><ele>1990</ele><time>2022-11-02T06:08:32Z</time></trkpt>
    <trkpt lat="28.17271" lon="85.35132"><ele>1976</ele><time>2022-11-02T06:09:18Z</time></trkpt>
    <trkpt lat="28.17259" lon="85.35129"><ele>1967</ele><time>2022-11-02T06:09:37Z</time></trkpt>
    <trkpt lat="28.17255" lon="85.35115"><ele>1965</ele><time>2022-11-02T06:10:20Z</time></trkpt>
    <trkpt lat="28.17275" lon="85.35123"><ele>1962</ele><time>2022-11-02T06:10:39Z</time></trkpt>
    <trkpt lat="28.17291" lon="85.35129"><ele>1960</ele><time>2022-11-02T06:10:58Z</time></trkpt>
    <trkpt lat="28.17293" lon="85.35112"><ele>1959</ele><time>2022-11-02T06:11:16Z</time></trkpt>
    <trkpt lat="28.17278" lon="85.35100"><ele>1953</ele><time>2022-11-02T06:11:35Z</time></trkpt>
    <trkpt lat="28.17268" lon="85.35085"><ele>1952</ele><time>2022-11-02T06:11:54Z</time></trkpt>
    <trkpt lat="28.17252" lon="85.35081"><ele>1946</ele><time>2022-11-02T06:12:13Z</time></trkpt>
    <trkpt lat="28.17246" lon="85.35074"><ele>1940</ele><time>2022-11-02T06:15:04Z</time></trkpt>
    <trkpt lat="28.17256" lon="85.35067"><ele>1941</ele><time>2022-11-02T06:15:23Z</time></trkpt>
    <trkpt lat="28.17255" lon="85.35052"><ele>1923</ele><time>2022-11-02T06:16:39Z</time></trkpt>
    <trkpt lat="28.17242" lon="85.35045"><ele>1907</ele><time>2022-11-02T06:17:23Z</time></trkpt>
    <trkpt lat="28.17250" lon="85.35024"><ele>1901</ele><time>2022-11-02T06:18:04Z</time></trkpt>
    <trkpt lat="28.17253" lon="85.35008"><ele>1894</ele><time>2022-11-02T06:19:10Z</time></trkpt>
    <trkpt lat="28.17262" lon="85.35006"><ele>1889</ele><time>2022-11-02T06:19:29Z</time></trkpt>
    <trkpt lat="28.17260" lon="85.34989"><ele>1889</ele><time>2022-11-02T06:20:13Z</time></trkpt>
    <trkpt lat="28.17249" lon="85.34975"><ele>1877</ele><time>2022-11-02T06:21:07Z</time></trkpt>
    <trkpt lat="28.17248" lon="85.34964"><ele>1865</ele><time>2022-11-02T06:23:01Z</time></trkpt>
    <trkpt lat="28.17230" lon="85.34973"><ele>1858</ele><time>2022-11-02T06:24:15Z</time></trkpt>
    <trkpt lat="28.17217" lon="85.34959"><ele>1847</ele><time>2022-11-02T06:25:01Z</time></trkpt>
    <trkpt lat="28.17207" lon="85.34954"><ele>1845</ele><time>2022-11-02T06:25:20Z</time></trkpt>
    <trkpt lat="28.17195" lon="85.34953"><ele>1845</ele><time>2022-11-02T06:25:38Z</time></trkpt>
    <trkpt lat="28.17190" lon="85.34944"><ele>1841</ele><time>2022-11-02T06:26:54Z</time></trkpt>
    <trkpt lat="28.17183" lon="85.34933"><ele>1843</ele><time>2022-11-02T06:27:12Z</time></trkpt>
    <trkpt lat="28.17174" lon="85.34924"><ele>1836</ele><time>2022-11-02T06:27:31Z</time></trkpt>
    <trkpt lat="28.17161" lon="85.34905"><ele>1824</ele><time>2022-11-02T06:28:12Z</time></trkpt>
    <trkpt lat="28.17154" lon="85.34892"><ele>1820</ele><time>2022-11-02T06:28:31Z</time></trkpt>
    <trkpt lat="28.17144" lon="85.34867"><ele>1813</ele><time>2022-11-02T06:29:13Z</time></trkpt>
    <trkpt lat="28.17134" lon="85.34850"><ele>1807</ele><time>2022-11-02T06:29:51Z</time></trkpt>
    <trkpt lat="28.17120" lon="85.34833"><ele>1796</ele><time>2022-11-02T06:30:33Z</time></trkpt>
    <trkpt lat="28.17128" lon="85.34822"><ele>1802</ele><time>2022-11-02T06:31:16Z</time></trkpt>
    <trkpt lat="28.17142" lon="85.34820"><ele>1796</ele><time>2022-11-02T06:31:34Z</time></trkpt>
    <trkpt lat="28.17155" lon="85.34818"><ele>1793</ele><time>2022-11-02T06:31:52Z</time></trkpt>
    <trkpt lat="28.17144" lon="85.34809"><ele>1782</ele><time>2022-11-02T06:32:11Z</time></trkpt>
    <trkpt lat="28.17139" lon="85.34795"><ele>1786</ele><time>2022-11-02T06:33:09Z</time></trkpt>
    <trkpt lat="28.17155" lon="85.34783"><ele>1776</ele><time>2022-11-02T06:33:48Z</time></trkpt>
    <trkpt lat="28.17147" lon="85.34770"><ele>1778</ele><time>2022-11-02T06:34:06Z</time></trkpt>
    <trkpt lat="28.17144" lon="85.34758"><ele>1775</ele><time>2022-11-02T06:34:24Z</time></trkpt>
    <trkpt lat="28.17150" lon="85.34747"><ele>1753</ele><time>2022-11-02T06:35:39Z</time></trkpt>
    <trkpt lat="28.17157" lon="85.34725"><ele>1749</ele><time>2022-11-02T06:36:18Z</time></trkpt>
    <trkpt lat="28.17148" lon="85.34721"><ele>1740</ele><time>2022-11-02T06:36:36Z</time></trkpt>
    <trkpt lat="28.17158" lon="85.34707"><ele>1739</ele><time>2022-11-02T06:37:20Z</time></trkpt>
    <trkpt lat="28.17154" lon="85.34692"><ele>1733</ele><time>2022-11-02T06:38:08Z</time></trkpt>
    <trkpt lat="28.17131" lon="85.34698"><ele>1737</ele><time>2022-11-02T06:47:36Z</time></trkpt>
    <trkpt lat="28.17117" lon="85.34695"><ele>1724</ele><time>2022-11-02T06:48:15Z</time></trkpt>
    <trkpt lat="28.17125" lon="85.34689"><ele>1720</ele><time>2022-11-02T06:48:34Z</time></trkpt>
    <trkpt lat="28.17129" lon="85.34678"><ele>1713</ele><time>2022-11-02T06:48:52Z</time></trkpt>
    <trkpt lat="28.17110" lon="85.34679"><ele>1704</ele><time>2022-11-02T06:49:45Z</time></trkpt>
    <trkpt lat="28.17100" lon="85.34659"><ele>1707</ele><time>2022-11-02T06:50:04Z</time></trkpt>
    <trkpt lat="28.17090" lon="85.34651"><ele>1699</ele><time>2022-11-02T06:50:22Z</time></trkpt>
    <trkpt lat="28.17084" lon="85.34641"><ele>1699</ele><time>2022-11-02T06:50:41Z</time></trkpt>
    <trkpt lat="28.17074" lon="85.34646"><ele>1699</ele><time>2022-11-02T06:51:00Z</time></trkpt>
    <trkpt lat="28.17069" lon="85.34630"><ele>1690</ele><time>2022-11-02T06:52:02Z</time></trkpt>
    <trkpt lat="28.17059" lon="85.34615"><ele>1680</ele><time>2022-11-02T06:53:02Z</time></trkpt>
    <trkpt lat="28.17057" lon="85.34604"><ele>1674</ele><time>2022-11-02T06:53:40Z</time></trkpt>
    <trkpt lat="28.17049" lon="85.34595"><ele>1667</ele><time>2022-11-02T06:54:32Z</time></trkpt>
    <trkpt lat="28.17040" lon="85.34582"><ele>1651</ele><time>2022-11-02T06:57:05Z</time></trkpt>
    <trkpt lat="28.17030" lon="85.34580"><ele>1652</ele><time>2022-11-02T06:57:24Z</time></trkpt>
    <trkpt lat="28.17035" lon="85.34562"><ele>1634</ele><time>2022-11-02T06:58:04Z</time></trkpt>
    <trkpt lat="28.17045" lon="85.34552"><ele>1623</ele><time>2022-11-02T06:58:23Z</time></trkpt>
    <trkpt lat="28.17051" lon="85.34535"><ele>1627</ele><time>2022-11-02T06:59:14Z</time></trkpt>
    <trkpt lat="28.17039" lon="85.34529"><ele>1628</ele><time>2022-11-02T06:59:33Z</time></trkpt>
    <trkpt lat="28.17039" lon="85.34512"><ele>1620</ele><time>2022-11-02T07:00:18Z</time></trkpt>
    <trkpt lat="28.17030" lon="85.34499"><ele>1611</ele><time>2022-11-02T07:00:54Z</time></trkpt>
    <trkpt lat="28.17022" lon="85.34483"><ele>1609</ele><time>2022-11-02T07:02:01Z</time></trkpt>
    <trkpt lat="28.17011" lon="85.34473"><ele>1584</ele><time>2022-11-02T07:04:01Z</time></trkpt>
    <trkpt lat="28.17003" lon="85.34457"><ele>1572</ele><time>2022-11-02T07:04:51Z</time></trkpt>
    <trkpt lat="28.17009" lon="85.34444"><ele>1553</ele><time>2022-11-02T07:06:04Z</time></trkpt>
    <trkpt lat="28.16992" lon="85.34435"><ele>1560</ele><time>2022-11-02T07:06:23Z</time></trkpt>
    <trkpt lat="28.16978" lon="85.34435"><ele>1558</ele><time>2022-11-02T07:06:41Z</time></trkpt>
    <trkpt lat="28.16959" lon="85.34442"><ele>1559</ele><time>2022-11-02T07:07:00Z</time></trkpt>
    <trkpt lat="28.16943" lon="85.34446"><ele>1559</ele><time>2022-11-02T07:07:19Z</time></trkpt>
    <trkpt lat="28.16919" lon="85.34450"><ele>1552</ele><time>2022-11-02T07:08:38Z</time></trkpt>
    <trkpt lat="28.16901" lon="85.34434"><ele>1552</ele><time>2022-11-02T07:09:16Z</time></trkpt>
    <trkpt lat="28.16888" lon="85.34425"><ele>1548</ele><time>2022-11-02T07:09:35Z</time></trkpt>
    <trkpt lat="28.16872" lon="85.34417"><ele>1544</ele><time>2022-11-02T07:09:53Z</time></trkpt>
    <trkpt lat="28.16857" lon="85.34415"><ele>1550</ele><time>2022-11-02T07:10:11Z</time></trkpt>
    <trkpt lat="28.16842" lon="85.34407"><ele>1546</ele><time>2022-11-02T07:11:25Z</time></trkpt>
    <trkpt lat="28.16831" lon="85.34409"><ele>1544</ele><time>2022-11-02T07:11:43Z</time></trkpt>
    <trkpt lat="28.16819" lon="85.34408"><ele>1537</ele><time>2022-11-02T07:12:02Z</time></trkpt>
    <trkpt lat="28.16803" lon="85.34406"><ele>1536</ele><time>2022-11-02T07:12:20Z</time></trkpt>
    <trkpt lat="28.16790" lon="85.34402"><ele>1531</ele><time>2022-11-02T07:12:39Z</time></trkpt>
    <trkpt lat="28.16782" lon="85.34394"><ele>1526</ele><time>2022-11-02T07:12:57Z</time></trkpt>
    <trkpt lat="28.16770" lon="85.34385"><ele>1520</ele><time>2022-11-02T07:13:16Z</time></trkpt>
    <trkpt lat="28.16753" lon="85.34385"><ele>1509</ele><time>2022-11-02T07:14:11Z</time></trkpt>
    <trkpt lat="28.16744" lon="85.34373"><ele>1511</ele><time>2022-11-02T07:14:29Z</time></trkpt>
    <trkpt lat="28.16738" lon="85.34364"><ele>1500</ele><time>2022-11-02T07:14:48Z</time></trkpt>
    <trkpt lat="28.16725" lon="85.34357"><ele>1497</ele><time>2022-11-02T07:15:48Z</time></trkpt>
    <trkpt lat="28.16713" lon="85.34358"><ele>1494</ele><time>2022-11-02T07:16:07Z</time></trkpt>
    <trkpt lat="28.16695" lon="85.34361"><ele>1491</ele><time>2022-11-02T07:16:25Z</time></trkpt>
    <trkpt lat="28.16680" lon="85.34362"><ele>1486</ele><time>2022-11-02T07:16:43Z</time></trkpt>
    <trkpt lat="28.16662" lon="85.34369"><ele>1481</ele><time>2022-11-02T07:17:02Z</time></trkpt>
    <trkpt lat="28.16648" lon="85.34358"><ele>1478</ele><time>2022-11-02T07:17:20Z</time></trkpt>
    <trkpt lat="28.16631" lon="85.34359"><ele>1483</ele><time>2022-11-02T07:17:38Z</time></trkpt>
    <trkpt lat="28.16617" lon="85.34353"><ele>1484</ele><time>2022-11-02T07:17:56Z</time></trkpt>
    <trkpt lat="28.16609" lon="85.34346"><ele>1475</ele><time>2022-11-02T07:18:15Z</time></trkpt>
    <trkpt lat="28.16600" lon="85.34335"><ele>1471</ele><time>2022-11-02T07:18:34Z</time></trkpt>
    <trkpt lat="28.16599" lon="85.34319"><ele>1469</ele><time>2022-11-02T07:18:52Z</time></trkpt>
    <trkpt lat="28.16588" lon="85.34301"><ele>1448</ele><time>2022-11-02T07:19:49Z</time></trkpt>
    <trkpt lat="28.16577" lon="85.34293"><ele>1447</ele><time>2022-11-02T07:20:07Z</time></trkpt>
    <trkpt lat="28.16589" lon="85.34270"><ele>1436</ele><time>2022-11-02T07:22:00Z</time></trkpt>
    <trkpt lat="28.16597" lon="85.34248"><ele>1434</ele><time>2022-11-02T07:22:19Z</time></trkpt>
    <trkpt lat="28.16597" lon="85.34234"><ele>1441</ele><time>2022-11-02T07:22:38Z</time></trkpt>
    <trkpt lat="28.16586" lon="85.34226"><ele>1446</ele><time>2022-11-02T07:22:57Z</time></trkpt>
    <trkpt lat="28.16574" lon="85.34210"><ele>1444</ele><time>2022-11-02T07:23:34Z</time></trkpt>
    <trkpt lat="28.16572" lon="85.34200"><ele>1447</ele><time>2022-11-02T07:23:53Z</time></trkpt>
    <trkpt lat="28.16567" lon="85.34185"><ele>1449</ele><time>2022-11-02T07:24:12Z</time></trkpt>
    <trkpt lat="28.16566" lon="85.34168"><ele>1440</ele><time>2022-11-02T07:24:31Z</time></trkpt>
    <trkpt lat="28.16557" lon="85.34153"><ele>1444</ele><time>2022-11-02T07:25:08Z</time></trkpt>
    <trkpt lat="28.16549" lon="85.34131"><ele>1448</ele><time>2022-11-02T07:26:05Z</time></trkpt>
    <trkpt lat="28.16540" lon="85.34115"><ele>1447</ele><time>2022-11-02T07:26:24Z</time></trkpt>
    <trkpt lat="28.16525" lon="85.34089"><ele>1454</ele><time>2022-11-02T07:27:16Z</time></trkpt>
    <trkpt lat="28.16513" lon="85.34070"><ele>1454</ele><time>2022-11-02T07:27:34Z</time></trkpt>
    <trkpt lat="28.16502" lon="85.34053"><ele>1451</ele><time>2022-11-02T07:27:53Z</time></trkpt>
    <trkpt lat="28.16494" lon="85.34035"><ele>1447</ele><time>2022-11-02T07:28:11Z</time></trkpt>
    <trkpt lat="28.16485" lon="85.34009"><ele>1465</ele><time>2022-11-02T07:28:30Z</time></trkpt>
    <trkpt lat="28.16477" lon="85.33984"><ele>1467</ele><time>2022-11-02T07:28:48Z</time></trkpt>
    <trkpt lat="28.16472" lon="85.33962"><ele>1462</ele><time>2022-11-02T07:29:07Z</time></trkpt>
    <trkpt lat="28.16472" lon="85.33947"><ele>1458</ele><time>2022-11-02T07:29:25Z</time></trkpt>
    <trkpt lat="28.16466" lon="85.33931"><ele>1458</ele><time>2022-11-02T07:29:43Z</time></trkpt>
    <trkpt lat="28.16463" lon="85.33914"><ele>1462</ele><time>2022-11-02T07:30:02Z</time></trkpt>
    <trkpt lat="28.16461" lon="85.33893"><ele>1463</ele><time>2022-11-02T07:30:20Z</time></trkpt>
    <trkpt lat="28.16455" lon="85.33879"><ele>1461</ele><time>2022-11-02T07:30:38Z</time></trkpt>
    <trkpt lat="28.16449" lon="85.33859"><ele>1459</ele><time>2022-11-02T07:30:57Z</time></trkpt>
    <trkpt lat="28.16446" lon="85.33837"><ele>1459</ele><time>2022-11-02T07:31:16Z</time></trkpt>
    <trkpt lat="28.16442" lon="85.33820"><ele>1455</ele><time>2022-11-02T07:31:35Z</time></trkpt>
    <trkpt lat="28.16435" lon="85.33803"><ele>1456</ele><time>2022-11-02T07:31:54Z</time></trkpt>
    <trkpt lat="28.16429" lon="85.33786"><ele>1454</ele><time>2022-11-02T07:32:13Z</time></trkpt>
    <trkpt lat="28.16425" lon="85.33765"><ele>1460</ele><time>2022-11-02T07:32:32Z</time></trkpt>
    <trkpt lat="28.16416" lon="85.33751"><ele>1457</ele><time>2022-11-02T07:32:51Z</time></trkpt>
    <trkpt lat="28.16406" lon="85.33738"><ele>1461</ele><time>2022-11-02T07:33:09Z</time></trkpt>
    <trkpt lat="28.16393" lon="85.33722"><ele>1464</ele><time>2022-11-02T07:33:28Z</time></trkpt>
    <trkpt lat="28.16377" lon="85.33710"><ele>1473</ele><time>2022-11-02T07:33:47Z</time></trkpt>
    <trkpt lat="28.16362" lon="85.33702"><ele>1469</ele><time>2022-11-02T07:34:05Z</time></trkpt>
    <trkpt lat="28.16344" lon="85.33700"><ele>1466</ele><time>2022-11-02T07:34:23Z</time></trkpt>
    <trkpt lat="28.16328" lon="85.33695"><ele>1468</ele><time>2022-11-02T07:34:41Z</time></trkpt>
    <trkpt lat="28.16308" lon="85.33689"><ele>1473</ele><time>2022-11-02T07:35:00Z</time></trkpt>
    <trkpt lat="28.16292" lon="85.33684"><ele>1472</ele><time>2022-11-02T07:35:18Z</time></trkpt>
    <trkpt lat="28.16274" lon="85.33683"><ele>1463</ele><time>2022-11-02T07:35:37Z</time></trkpt>
    <trkpt lat="28.16256" lon="85.33673"><ele>1462</ele><time>2022-11-02T07:35:55Z</time></trkpt>
    <trkpt lat="28.16239" lon="85.33669"><ele>1451</ele><time>2022-11-02T07:36:14Z</time></trkpt>
    <trkpt lat="28.16220" lon="85.33664"><ele>1456</ele><time>2022-11-02T07:36:32Z</time></trkpt>
    <trkpt lat="28.16201" lon="85.33664"><ele>1452</ele><time>2022-11-02T07:36:51Z</time></trkpt>
    <trkpt lat="28.16181" lon="85.33662"><ele>1449</ele><time>2022-11-02T07:37:09Z</time></trkpt>
    <trkpt lat="28.16161" lon="85.33662"><ele>1443</ele><time>2022-11-02T07:37:28Z</time></trkpt>
    <trkpt lat="28.16148" lon="85.33659"><ele>1448</ele><time>2022-11-02T07:37:47Z</time></trkpt>
    <trkpt lat="28.16145" lon="85.33647"><ele>1452</ele><time>2022-11-02T07:38:06Z</time></trkpt>
    <trkpt lat="28.16149" lon="85.33639"><ele>1453</ele><time>2022-11-02T07:38:24Z</time></trkpt>
  </trkseg>
  <trkseg>
    <trkpt lat="28.14403" lon="85.32243"><ele>1640</ele><time>2022-11-02T09:06:19Z</time></trkpt>
    <trkpt lat="28.14394" lon="85.32237"><ele>1605</ele><time>2022-11-02T09:06:21Z</time></trkpt>
    <trkpt lat="28.14319" lon="85.32188"><ele>1641</ele><time>2022-11-02T09:06:39Z</time></trkpt>
    <trkpt lat="28.14390" lon="85.32303"><ele>1652</ele><time>2022-11-02T09:06:58Z</time></trkpt>
    <trkpt lat="28.14315" lon="85.32256"><ele>1660</ele><time>2022-11-02T09:07:17Z</time></trkpt>
    <trkpt lat="28.14250" lon="85.32207"><ele>1667</ele><time>2022-11-02T09:07:36Z</time></trkpt>
    <trkpt lat="28.14325" lon="85.32329"><ele>1680</ele><time>2022-11-02T09:07:55Z</time></trkpt>
    <trkpt lat="28.14290" lon="85.32334"><ele>1688</ele><time>2022-11-02T09:08:14Z</time></trkpt>
    <trkpt lat="28.14202" lon="85.32202"><ele>1704</ele><time>2022-11-02T09:08:33Z</time></trkpt>
    <trkpt lat="28.14208" lon="85.32253"><ele>1715</ele><time>2022-11-02T09:08:51Z</time></trkpt>
    <trkpt lat="28.14253" lon="85.32361"><ele>1727</ele><time>2022-11-02T09:09:10Z</time></trkpt>
    <trkpt lat="28.14294" lon="85.32434"><ele>1737</ele><time>2022-11-02T09:09:28Z</time></trkpt>
    <trkpt lat="28.14195" lon="85.32346"><ele>1751</ele><time>2022-11-02T09:09:47Z</time></trkpt>
    <trkpt lat="28.14129" lon="85.32216"><ele>1766</ele><time>2022-11-02T09:10:05Z</time></trkpt>
    <trkpt lat="28.14052" lon="85.32099"><ele>1774</ele><time>2022-11-02T09:10:24Z</time></trkpt>
    <trkpt lat="28.13997" lon="85.32077"><ele>1773</ele><time>2022-11-02T09:10:42Z</time></trkpt>
    <trkpt lat="28.13950" lon="85.32033"><ele>1782</ele><time>2022-11-02T09:11:01Z</time></trkpt>
    <trkpt lat="28.13987" lon="85.31965"><ele>1786</ele><time>2022-11-02T09:11:20Z</time></trkpt>
    <trkpt lat="28.14064" lon="85.31894"><ele>1788</ele><time>2022-11-02T09:11:38Z</time></trkpt>
    <trkpt lat="28.14122" lon="85.31764"><ele>1790</ele><time>2022-11-02T09:11:57Z</time></trkpt>
    <trkpt lat="28.14087" lon="85.31702"><ele>1795</ele><time>2022-11-02T09:12:15Z</time></trkpt>
    <trkpt lat="28.14028" lon="85.31661"><ele>1792</ele><time>2022-11-02T09:12:34Z</time></trkpt>
    <trkpt lat="28.13931" lon="85.31607"><ele>1791</ele><time>2022-11-02T09:12:53Z</time></trkpt>
    <trkpt lat="28.13817" lon="85.31550"><ele>1796</ele><time>2022-11-02T09:13:12Z</time></trkpt>
    <trkpt lat="28.13732" lon="85.31541"><ele>1804</ele><time>2022-11-02T09:13:30Z</time></trkpt>
    <trkpt lat="28.13640" lon="85.31452"><ele>1816</ele><time>2022-11-02T09:13:49Z</time></trkpt>
    <trkpt lat="28.13512" lon="85.31530"><ele>1824</ele><time>2022-11-02T09:14:08Z</time></trkpt>
    <trkpt lat="28.13371" lon="85.31553"><ele>1834</ele><time>2022-11-02T09:14:26Z</time></trkpt>
    <trkpt lat="28.13281" lon="85.31594"><ele>1849</ele><time>2022-11-02T09:14:45Z</time></trkpt>
    <trkpt lat="28.13160" lon="85.31558"><ele>1863</ele><time>2022-11-02T09:15:04Z</time></trkpt>
    <trkpt lat="28.13118" lon="85.31521"><ele>1872</ele><time>2022-11-02T09:15:23Z</time></trkpt>
    <trkpt lat="28.13090" lon="85.31587"><ele>1880</ele><time>2022-11-02T09:15:41Z</time></trkpt>
    <trkpt lat="28.13040" lon="85.31471"><ele>1890</ele><time>2022-11-02T09:16:00Z</time></trkpt>
    <trkpt lat="28.13020" lon="85.31355"><ele>1900</ele><time>2022-11-02T09:16:18Z</time></trkpt>
    <trkpt lat="28.12977" lon="85.31258"><ele>1900</ele><time>2022-11-02T09:16:37Z</time></trkpt>
    <trkpt lat="28.12932" lon="85.31157"><ele>1905</ele><time>2022-11-02T09:16:56Z</time></trkpt>
    <trkpt lat="28.12844" lon="85.31043"><ele>1907</ele><time>2022-11-02T09:17:15Z</time></trkpt>
    <trkpt lat="28.12793" lon="85.30897"><ele>1914</ele><time>2022-11-02T09:17:34Z</time></trkpt>
    <trkpt lat="28.12754" lon="85.30740"><ele>1931</ele><time>2022-11-02T09:17:52Z</time></trkpt>
    <trkpt lat="28.12713" lon="85.30615"><ele>1946</ele><time>2022-11-02T09:18:11Z</time></trkpt>
    <trkpt lat="28.12666" lon="85.30584"><ele>1952</ele><time>2022-11-02T09:18:29Z</time></trkpt>
    <trkpt lat="28.12601" lon="85.30612"><ele>1956</ele><time>2022-11-02T09:18:48Z</time></trkpt>
    <trkpt lat="28.12534" lon="85.30681"><ele>1958</ele><time>2022-11-02T09:19:06Z</time></trkpt>
    <trkpt lat="28.12462" lon="85.30673"><ele>1959</ele><time>2022-11-02T09:19:24Z</time></trkpt>
    <trkpt lat="28.12392" lon="85.30710"><ele>1964</ele><time>2022-11-02T09:19:40Z</time></trkpt>
    <trkpt lat="28.12386" lon="85.30696"><ele>1967</ele><time>2022-11-02T09:19:42Z</time></trkpt>
    <trkpt lat="28.12329" lon="85.30737"><ele>1968</ele><time>2022-11-02T09:20:01Z</time></trkpt>
    <trkpt lat="28.12262" lon="85.30806"><ele>1962</ele><time>2022-11-02T09:20:19Z</time></trkpt>
    <trkpt lat="28.12168" lon="85.30820"><ele>1959</ele><time>2022-11-02T09:20:37Z</time></trkpt>
    <trkpt lat="28.12129" lon="85.30840"><ele>1957</ele><time>2022-11-02T09:20:55Z</time></trkpt>
    <trkpt lat="28.12038" lon="85.30851"><ele>1949</ele><time>2022-11-02T09:21:14Z</time></trkpt>
    <trkpt lat="28.11950" lon="85.30906"><ele>1951</ele><time>2022-11-02T09:21:32Z</time></trkpt>
    <trkpt lat="28.11854" lon="85.30943"><ele>1946</ele><time>2022-11-02T09:21:51Z</time></trkpt>
    <trkpt lat="28.11798" lon="85.30980"><ele>1940</ele><time>2022-11-02T09:22:09Z</time></trkpt>
    <trkpt lat="28.11637" lon="85.31025"><ele>1937</ele><time>2022-11-02T09:22:28Z</time></trkpt>
    <trkpt lat="28.11515" lon="85.30990"><ele>1924</ele><time>2022-11-02T09:22:47Z</time></trkpt>
    <trkpt lat="28.11366" lon="85.30981"><ele>1919</ele><time>2022-11-02T09:23:06Z</time></trkpt>
    <trkpt lat="28.11258" lon="85.30995"><ele>1910</ele><time>2022-11-02T09:23:24Z</time></trkpt>
    <trkpt lat="28.11166" lon="85.31043"><ele>1903</ele><time>2022-11-02T09:23:42Z</time></trkpt>
    <trkpt lat="28.11119" lon="85.31092"><ele>1880</ele><time>2022-11-02T09:24:01Z</time></trkpt>
    <trkpt lat="28.11088" lon="85.31103"><ele>1872</ele><time>2022-11-02T09:24:09Z</time></trkpt>
    <trkpt lat="28.11050" lon="85.31166"><ele>1858</ele><time>2022-11-02T09:24:28Z</time></trkpt>
    <trkpt lat="28.11000" lon="85.31210"><ele>1845</ele><time>2022-11-02T09:24:46Z</time></trkpt>
    <trkpt lat="28.10928" lon="85.31258"><ele>1833</ele><time>2022-11-02T09:25:05Z</time></trkpt>
    <trkpt lat="28.10866" lon="85.31238"><ele>1823</ele><time>2022-11-02T09:25:24Z</time></trkpt>
    <trkpt lat="28.10786" lon="85.31194"><ele>1811</ele><time>2022-11-02T09:25:42Z</time></trkpt>
    <trkpt lat="28.10773" lon="85.31175"><ele>1805</ele><time>2022-11-02T09:26:01Z</time></trkpt>
    <trkpt lat="28.10880" lon="85.31137"><ele>1807</ele><time>2022-11-02T09:26:19Z</time></trkpt>
    <trkpt lat="28.10930" lon="85.31066"><ele>1806</ele><time>2022-11-02T09:26:37Z</time></trkpt>
    <trkpt lat="28.10952" lon="85.30938"><ele>1818</ele><time>2022-11-02T09:26:56Z</time></trkpt>
    <trkpt lat="28.10991" lon="85.30820"><ele>1834</ele><time>2022-11-02T09:27:14Z</time></trkpt>
    <trkpt lat="28.10942" lon="85.30900"><ele>1834</ele><time>2022-11-02T09:27:33Z</time></trkpt>
    <trkpt lat="28.10882" lon="85.30978"><ele>1835</ele><time>2022-11-02T09:27:38Z</time></trkpt>
    <trkpt lat="28.10782" lon="85.31079"><ele>1843</ele><time>2022-11-02T09:27:57Z</time></trkpt>
    <trkpt lat="28.10822" lon="85.30975"><ele>1852</ele><time>2022-11-02T09:28:15Z</time></trkpt>
    <trkpt lat="28.10865" lon="85.30827"><ele>1857</ele><time>2022-11-02T09:28:34Z</time></trkpt>
    <trkpt lat="28.10897" lon="85.30706"><ele>1865</ele><time>2022-11-02T09:28:53Z</time></trkpt>
    <trkpt lat="28.10939" lon="85.30559"><ele>1872</ele><time>2022-11-02T09:29:12Z</time></trkpt>
    <trkpt lat="28.10953" lon="85.30409"><ele>1888</ele><time>2022-11-02T09:29:30Z</time></trkpt>
    <trkpt lat="28.11080" lon="85.30253"><ele>1894</ele><time>2022-11-02T09:29:49Z</time></trkpt>
    <trkpt lat="28.11074" lon="85.30237"><ele>1896</ele><time>2022-11-02T09:29:55Z</time></trkpt>
    <trkpt lat="28.11129" lon="85.30123"><ele>1909</ele><time>2022-11-02T09:30:14Z</time></trkpt>
    <trkpt lat="28.11230" lon="85.29969"><ele>1917</ele><time>2022-11-02T09:30:33Z</time></trkpt>
    <trkpt lat="28.11264" lon="85.29870"><ele>1933</ele><time>2022-11-02T09:30:51Z</time></trkpt>
    <trkpt lat="28.11296" lon="85.29811"><ele>1945</ele><time>2022-11-02T09:31:09Z</time></trkpt>
    <trkpt lat="28.11197" lon="85.29921"><ele>1953</ele><time>2022-11-02T09:31:27Z</time></trkpt>
    <trkpt lat="28.11129" lon="85.29999"><ele>1960</ele><time>2022-11-02T09:31:45Z</time></trkpt>
    <trkpt lat="28.11094" lon="85.30019"><ele>1977</ele><time>2022-11-02T09:32:04Z</time></trkpt>
    <trkpt lat="28.11085" lon="85.30024"><ele>1983</ele><time>2022-11-02T09:32:44Z</time></trkpt>
    <trkpt lat="28.11070" lon="85.30037"><ele>1992</ele><time>2022-11-02T09:33:03Z</time></trkpt>
    <trkpt lat="28.11036" lon="85.30075"><ele>1989</ele><time>2022-11-02T09:33:21Z</time></trkpt>
    <trkpt lat="28.11051" lon="85.30003"><ele>1995</ele><time>2022-11-02T09:33:39Z</time></trkpt>
    <trkpt lat="28.11103" lon="85.29959"><ele>1992</ele><time>2022-11-02T09:33:57Z</time></trkpt>
    <trkpt lat="28.11124" lon="85.29893"><ele>1993</ele><time>2022-11-02T09:34:16Z</time></trkpt>
    <trkpt lat="28.11157" lon="85.29821"><ele>2000</ele><time>2022-11-02T09:34:34Z</time></trkpt>
    <trkpt lat="28.11201" lon="85.29701"><ele>2008</ele><time>2022-11-02T09:34:53Z</time></trkpt>
    <trkpt lat="28.11272" lon="85.29596"><ele>2014</ele><time>2022-11-02T09:35:11Z</time></trkpt>
    <trkpt lat="28.11316" lon="85.29524"><ele>2018</ele><time>2022-11-02T09:35:29Z</time></trkpt>
    <trkpt lat="28.11324" lon="85.29520"><ele>2014</ele><time>2022-11-02T09:36:00Z</time></trkpt>
    <trkpt lat="28.11319" lon="85.29504"><ele>2017</ele><time>2022-11-02T09:36:19Z</time></trkpt>
    <trkpt lat="28.11252" lon="85.29388"><ele>2015</ele><time>2022-11-02T09:37:34Z</time></trkpt>
    <trkpt lat="28.11162" lon="85.29273"><ele>2006</ele><time>2022-11-02T09:37:52Z</time></trkpt>
    <trkpt lat="28.11084" lon="85.29165"><ele>2003</ele><time>2022-11-02T09:38:11Z</time></trkpt>
    <trkpt lat="28.10978" lon="85.29053"><ele>2001</ele><time>2022-11-02T09:38:29Z</time></trkpt>
    <trkpt lat="28.10909" lon="85.28960"><ele>2002</ele><time>2022-11-02T09:38:48Z</time></trkpt>
    <trkpt lat="28.10893" lon="85.28942"><ele>2003</ele><time>2022-11-02T09:38:56Z</time></trkpt>
    <trkpt lat="28.10878" lon="85.28944"><ele>2005</ele><time>2022-11-02T09:51:44Z</time></trkpt>
    <trkpt lat="28.10822" lon="85.28878"><ele>2001</ele><time>2022-11-02T09:52:02Z</time></trkpt>
    <trkpt lat="28.10767" lon="85.28781"><ele>2003</ele><time>2022-11-02T09:52:20Z</time></trkpt>
    <trkpt lat="28.10718" lon="85.28693"><ele>2002</ele><time>2022-11-02T09:52:38Z</time></trkpt>
    <trkpt lat="28.10629" lon="85.28752"><ele>2004</ele><time>2022-11-02T09:52:57Z</time></trkpt>
    <trkpt lat="28.10561" lon="85.28765"><ele>2003</ele><time>2022-11-02T09:53:15Z</time></trkpt>
    <trkpt lat="28.10476" lon="85.28777"><ele>1997</ele><time>2022-11-02T09:53:33Z</time></trkpt>
    <trkpt lat="28.10395" lon="85.28771"><ele>1993</ele><time>2022-11-02T09:53:52Z</time></trkpt>
    <trkpt lat="28.10276" lon="85.28752"><ele>1993</ele><time>2022-11-02T09:54:11Z</time></trkpt>
    <trkpt lat="28.10252" lon="85.28736"><ele>1995</ele><time>2022-11-02T09:54:15Z</time></trkpt>
    <trkpt lat="28.10194" lon="85.28654"><ele>1996</ele><time>2022-11-02T09:54:33Z</time></trkpt>
    <trkpt lat="28.10105" lon="85.28571"><ele>1995</ele><time>2022-11-02T09:54:52Z</time></trkpt>
    <trkpt lat="28.10064" lon="85.28480"><ele>1989</ele><time>2022-11-02T09:55:10Z</time></trkpt>
    <trkpt lat="28.09963" lon="85.28351"><ele>1987</ele><time>2022-11-02T09:55:29Z</time></trkpt>
    <trkpt lat="28.09912" lon="85.28321"><ele>1980</ele><time>2022-11-02T09:55:48Z</time></trkpt>
    <trkpt lat="28.09868" lon="85.28285"><ele>1985</ele><time>2022-11-02T09:56:06Z</time></trkpt>
    <trkpt lat="28.09753" lon="85.28230"><ele>1980</ele><time>2022-11-02T09:56:25Z</time></trkpt>
    <trkpt lat="28.09688" lon="85.28175"><ele>1981</ele><time>2022-11-02T09:56:44Z</time></trkpt>
    <trkpt lat="28.09615" lon="85.28131"><ele>1981</ele><time>2022-11-02T09:57:03Z</time></trkpt>
    <trkpt lat="28.09571" lon="85.28030"><ele>1984</ele><time>2022-11-02T09:57:22Z</time></trkpt>
    <trkpt lat="28.09525" lon="85.27990"><ele>1985</ele><time>2022-11-02T09:57:33Z</time></trkpt>
    <trkpt lat="28.09483" lon="85.27902"><ele>1981</ele><time>2022-11-02T09:57:52Z</time></trkpt>
    <trkpt lat="28.09415" lon="85.27828"><ele>1978</ele><time>2022-11-02T09:58:11Z</time></trkpt>
    <trkpt lat="28.09340" lon="85.27781"><ele>1984</ele><time>2022-11-02T09:58:29Z</time></trkpt>
    <trkpt lat="28.09318" lon="85.27683"><ele>1985</ele><time>2022-11-02T09:58:47Z</time></trkpt>
    <trkpt lat="28.09218" lon="85.27671"><ele>1990</ele><time>2022-11-02T09:59:06Z</time></trkpt>
    <trkpt lat="28.09152" lon="85.27617"><ele>1984</ele><time>2022-11-02T09:59:24Z</time></trkpt>
    <trkpt lat="28.09041" lon="85.27607"><ele>1987</ele><time>2022-11-02T09:59:43Z</time></trkpt>
    <trkpt lat="28.08938" lon="85.27652"><ele>1975</ele><time>2022-11-02T10:00:01Z</time></trkpt>
    <trkpt lat="28.08839" lon="85.27629"><ele>1973</ele><time>2022-11-02T10:00:20Z</time></trkpt>
    <trkpt lat="28.08740" lon="85.27518"><ele>1987</ele><time>2022-11-02T10:00:38Z</time></trkpt>
    <trkpt lat="28.08685" lon="85.27444"><ele>1994</ele><time>2022-11-02T10:00:56Z</time></trkpt>
    <trkpt lat="28.08670" lon="85.27378"><ele>2004</ele><time>2022-11-02T10:01:15Z</time></trkpt>
    <trkpt lat="28.08604" lon="85.27269"><ele>2010</ele><time>2022-11-02T10:01:33Z</time></trkpt>
    <trkpt lat="28.08562" lon="85.27157"><ele>2023</ele><time>2022-11-02T10:01:51Z</time></trkpt>
    <trkpt lat="28.08541" lon="85.27015"><ele>2035</ele><time>2022-11-02T10:02:10Z</time></trkpt>
    <trkpt lat="28.08463" lon="85.26888"><ele>2036</ele><time>2022-11-02T10:02:28Z</time></trkpt>
    <trkpt lat="28.08456" lon="85.26756"><ele>2045</ele><time>2022-11-02T10:02:46Z</time></trkpt>
    <trkpt lat="28.08431" lon="85.26641"><ele>2049</ele><time>2022-11-02T10:03:05Z</time></trkpt>
    <trkpt lat="28.08415" lon="85.26616"><ele>2054</ele><time>2022-11-02T10:03:23Z</time></trkpt>
    <trkpt lat="28.08341" lon="85.26529"><ele>2061</ele><time>2022-11-02T10:03:42Z</time></trkpt>
    <trkpt lat="28.08267" lon="85.26452"><ele>2065</ele><time>2022-11-02T10:04:01Z</time></trkpt>
    <trkpt lat="28.08226" lon="85.26371"><ele>2064</ele><time>2022-11-02T10:04:20Z</time></trkpt>
    <trkpt lat="28.08192" lon="85.26258"><ele>2077</ele><time>2022-11-02T10:04:38Z</time></trkpt>
    <trkpt lat="28.08227" lon="85.26133"><ele>2075</ele><time>2022-11-02T10:04:57Z</time></trkpt>
    <trkpt lat="28.08236" lon="85.25995"><ele>2077</ele><time>2022-11-02T10:05:15Z</time></trkpt>
    <trkpt lat="28.08142" lon="85.26050"><ele>2071</ele><time>2022-11-02T10:05:33Z</time></trkpt>
    <trkpt lat="28.08068" lon="85.26043"><ele>2067</ele><time>2022-11-02T10:05:52Z</time></trkpt>
    <trkpt lat="28.07994" lon="85.25923"><ele>2071</ele><time>2022-11-02T10:06:11Z</time></trkpt>
    <trkpt lat="28.07938" lon="85.25840"><ele>2077</ele><time>2022-11-02T10:06:29Z</time></trkpt>
    <trkpt lat="28.07896" lon="85.25743"><ele>2084</ele><time>2022-11-02T10:06:48Z</time></trkpt>
    <trkpt lat="28.07843" lon="85.25641"><ele>2084</ele><time>2022-11-02T10:07:06Z</time></trkpt>
    <trkpt lat="28.07747" lon="85.25583"><ele>2090</ele><time>2022-11-02T10:07:25Z</time></trkpt>
    <trkpt lat="28.07711" lon="85.25540"><ele>2092</ele><time>2022-11-02T10:07:44Z</time></trkpt>
    <trkpt lat="28.07679" lon="85.25509"><ele>2095</ele><time>2022-11-02T10:08:02Z</time></trkpt>
    <trkpt lat="28.07686" lon="85.25474"><ele>2107</ele><time>2022-11-02T10:08:21Z</time></trkpt>
    <trkpt lat="28.07691" lon="85.25418"><ele>2122</ele><time>2022-11-02T10:08:39Z</time></trkpt>
    <trkpt lat="28.07688" lon="85.25397"><ele>2123</ele><time>2022-11-02T10:08:57Z</time></trkpt>
    <trkpt lat="28.07687" lon="85.25385"><ele>2120</ele><time>2022-11-02T10:09:44Z</time></trkpt>
    <trkpt lat="28.07680" lon="85.25317"><ele>2124</ele><time>2022-11-02T10:10:02Z</time></trkpt>
    <trkpt lat="28.07702" lon="85.25273"><ele>2125</ele><time>2022-11-02T10:10:20Z</time></trkpt>
    <trkpt lat="28.07757" lon="85.25120"><ele>2134</ele><time>2022-11-02T10:10:39Z</time></trkpt>
    <trkpt lat="28.07810" lon="85.25033"><ele>2137</ele><time>2022-11-02T10:10:58Z</time></trkpt>
    <trkpt lat="28.07825" lon="85.24933"><ele>2141</ele><time>2022-11-02T10:11:16Z</time></trkpt>
    <trkpt lat="28.07838" lon="85.24819"><ele>2151</ele><time>2022-11-02T10:11:34Z</time></trkpt>
    <trkpt lat="28.07889" lon="85.24733"><ele>2164</ele><time>2022-11-02T10:11:53Z</time></trkpt>
    <trkpt lat="28.07842" lon="85.24593"><ele>2174</ele><time>2022-11-02T10:12:12Z</time></trkpt>
    <trkpt lat="28.07812" lon="85.24457"><ele>2187</ele><time>2022-11-02T10:12:31Z</time></trkpt>
    <trkpt lat="28.07766" lon="85.24339"><ele>2192</ele><time>2022-11-02T10:12:50Z</time></trkpt>
    <trkpt lat="28.07648" lon="85.24354"><ele>2193</ele><time>2022-11-02T10:13:09Z</time></trkpt>
    <trkpt lat="28.07543" lon="85.24292"><ele>2189</ele><time>2022-11-02T10:13:27Z</time></trkpt>
    <trkpt lat="28.07433" lon="85.24219"><ele>2182</ele><time>2022-11-02T10:13:46Z</time></trkpt>
    <trkpt lat="28.07359" lon="85.24215"><ele>2182</ele><time>2022-11-02T10:14:04Z</time></trkpt>
    <trkpt lat="28.07284" lon="85.24207"><ele>2182</ele><time>2022-11-02T10:14:22Z</time></trkpt>
    <trkpt lat="28.07307" lon="85.24150"><ele>2186</ele><time>2022-11-02T10:14:40Z</time></trkpt>
    <trkpt lat="28.07279" lon="85.24084"><ele>2182</ele><time>2022-11-02T10:14:58Z</time></trkpt>
    <trkpt lat="28.07274" lon="85.24019"><ele>2182</ele><time>2022-11-02T10:15:17Z</time></trkpt>
    <trkpt lat="28.07260" lon="85.23976"><ele>2177</ele><time>2022-11-02T10:15:36Z</time></trkpt>
    <trkpt lat="28.07243" lon="85.23907"><ele>2176</ele><time>2022-11-02T10:15:55Z</time></trkpt>
    <trkpt lat="28.07235" lon="85.23834"><ele>2168</ele><time>2022-11-02T10:16:14Z</time></trkpt>
    <trkpt lat="28.07233" lon="85.23744"><ele>2155</ele><time>2022-11-02T10:16:32Z</time></trkpt>
    <trkpt lat="28.07137" lon="85.23635"><ele>2156</ele><time>2022-11-02T10:16:51Z</time></trkpt>
    <trkpt lat="28.07092" lon="85.23491"><ele>2147</ele><time>2022-11-02T10:17:10Z</time></trkpt>
    <trkpt lat="28.07091" lon="85.23380"><ele>2139</ele><time>2022-11-02T10:17:28Z</time></trkpt>
    <trkpt lat="28.07075" lon="85.23311"><ele>2128</ele><time>2022-11-02T10:17:46Z</time></trkpt>
    <trkpt lat="28.07025" lon="85.23256"><ele>2124</ele><time>2022-11-02T10:18:05Z</time></trkpt>
    <trkpt lat="28.07016" lon="85.23199"><ele>2111</ele><time>2022-11-02T10:18:23Z</time></trkpt>
    <trkpt lat="28.06978" lon="85.23138"><ele>2106</ele><time>2022-11-02T10:18:41Z</time></trkpt>
    <trkpt lat="28.06905" lon="85.23083"><ele>2100</ele><time>2022-11-02T10:19:00Z</time></trkpt>
    <trkpt lat="28.06881" lon="85.23076"><ele>2096</ele><time>2022-11-02T10:19:18Z</time></trkpt>
    <trkpt lat="28.06843" lon="85.23026"><ele>2088</ele><time>2022-11-02T10:19:37Z</time></trkpt>
    <trkpt lat="28.06823" lon="85.22963"><ele>2090</ele><time>2022-11-02T10:19:56Z</time></trkpt>
    <trkpt lat="28.06818" lon="85.22896"><ele>2087</ele><time>2022-11-02T10:20:15Z</time></trkpt>
    <trkpt lat="28.06830" lon="85.22836"><ele>2085</ele><time>2022-11-02T10:20:33Z</time></trkpt>
    <trkpt lat="28.06843" lon="85.22764"><ele>2078</ele><time>2022-11-02T10:20:51Z</time></trkpt>
    <trkpt lat="28.06866" lon="85.22678"><ele>2077</ele><time>2022-11-02T10:21:10Z</time></trkpt>
    <trkpt lat="28.06803" lon="85.22637"><ele>2077</ele><time>2022-11-02T10:21:29Z</time></trkpt>
    <trkpt lat="28.06748" lon="85.22587"><ele>2073</ele><time>2022-11-02T10:21:48Z</time></trkpt>
    <trkpt lat="28.06703" lon="85.22527"><ele>2078</ele><time>2022-11-02T10:22:06Z</time></trkpt>
    <trkpt lat="28.06678" lon="85.22469"><ele>2070</ele><time>2022-11-02T10:22:25Z</time></trkpt>
    <trkpt lat="28.06640" lon="85.22403"><ele>2066</ele><time>2022-11-02T10:22:43Z</time></trkpt>
    <trkpt lat="28.06610" lon="85.22358"><ele>2049</ele><time>2022-11-02T10:23:02Z</time></trkpt>
    <trkpt lat="28.06562" lon="85.22396"><ele>2053</ele><time>2022-11-02T10:23:21Z</time></trkpt>
    <trkpt lat="28.06531" lon="85.22446"><ele>2050</ele><time>2022-11-02T10:23:40Z</time></trkpt>
    <trkpt lat="28.06479" lon="85.22500"><ele>2048</ele><time>2022-11-02T10:23:58Z</time></trkpt>
    <trkpt lat="28.06421" lon="85.22591"><ele>2041</ele><time>2022-11-02T10:24:17Z</time></trkpt>
    <trkpt lat="28.06394" lon="85.22631"><ele>2037</ele><time>2022-11-02T10:24:35Z</time></trkpt>
    <trkpt lat="28.06317" lon="85.22673"><ele>2046</ele><time>2022-11-02T10:24:54Z</time></trkpt>
    <trkpt lat="28.06244" lon="85.22688"><ele>2047</ele><time>2022-11-02T10:25:12Z</time></trkpt>
    <trkpt lat="28.06178" lon="85.22755"><ele>2043</ele><time>2022-11-02T10:25:31Z</time></trkpt>
    <trkpt lat="28.06113" lon="85.22807"><ele>2040</ele><time>2022-11-02T10:25:49Z</time></trkpt>
    <trkpt lat="28.06051" lon="85.22749"><ele>2037</ele><time>2022-11-02T10:26:08Z</time></trkpt>
    <trkpt lat="28.06006" lon="85.22800"><ele>2034</ele><time>2022-11-02T10:26:27Z</time></trkpt>
    <trkpt lat="28.05924" lon="85.22855"><ele>2027</ele><time>2022-11-02T10:26:46Z</time></trkpt>
    <trkpt lat="28.05864" lon="85.22848"><ele>2030</ele><time>2022-11-02T10:27:04Z</time></trkpt>
    <trkpt lat="28.05804" lon="85.22787"><ele>2032</ele><time>2022-11-02T10:27:22Z</time></trkpt>
    <trkpt lat="28.05708" lon="85.22804"><ele>2028</ele><time>2022-11-02T10:27:41Z</time></trkpt>
    <trkpt lat="28.05623" lon="85.22803"><ele>2033</ele><time>2022-11-02T10:28:00Z</time></trkpt>
    <trkpt lat="28.05557" lon="85.22889"><ele>2043</ele><time>2022-11-02T10:28:18Z</time></trkpt>
    <trkpt lat="28.05493" lon="85.22847"><ele>2048</ele><time>2022-11-02T10:28:37Z</time></trkpt>
    <trkpt lat="28.05399" lon="85.22893"><ele>2048</ele><time>2022-11-02T10:28:55Z</time></trkpt>
    <trkpt lat="28.05312" lon="85.22944"><ele>2042</ele><time>2022-11-02T10:29:13Z</time></trkpt>
    <trkpt lat="28.05210" lon="85.22909"><ele>2039</ele><time>2022-11-02T10:29:32Z</time></trkpt>
    <trkpt lat="28.05130" lon="85.22877"><ele>2043</ele><time>2022-11-02T10:29:50Z</time></trkpt>
    <trkpt lat="28.05038" lon="85.22869"><ele>2051</ele><time>2022-11-02T10:30:08Z</time></trkpt>
    <trkpt lat="28.04944" lon="85.22850"><ele>2056</ele><time>2022-11-02T10:30:27Z</time></trkpt>
    <trkpt lat="28.04843" lon="85.22801"><ele>2052</ele><time>2022-11-02T10:30:46Z</time></trkpt>
    <trkpt lat="28.04834" lon="85.22722"><ele>2042</ele><time>2022-11-02T10:31:05Z</time></trkpt>
    <trkpt lat="28.04794" lon="85.22620"><ele>2050</ele><time>2022-11-02T10:31:24Z</time></trkpt>
    <trkpt lat="28.04724" lon="85.22564"><ele>2049</ele><time>2022-11-02T10:31:43Z</time></trkpt>
    <trkpt lat="28.04669" lon="85.22418"><ele>2041</ele><time>2022-11-02T10:32:02Z</time></trkpt>
    <trkpt lat="28.04629" lon="85.22280"><ele>2031</ele><time>2022-11-02T10:32:20Z</time></trkpt>
    <trkpt lat="28.04573" lon="85.22202"><ele>2027</ele><time>2022-11-02T10:32:38Z</time></trkpt>
    <trkpt lat="28.04481" lon="85.22182"><ele>2024</ele><time>2022-11-02T10:32:57Z</time></trkpt>
    <trkpt lat="28.04393" lon="85.22160"><ele>2021</ele><time>2022-11-02T10:33:16Z</time></trkpt>
    <trkpt lat="28.04404" lon="85.22177"><ele>2007</ele><time>2022-11-02T10:33:35Z</time></trkpt>
    <trkpt lat="28.04364" lon="85.22155"><ele>2004</ele><time>2022-11-02T10:33:53Z</time></trkpt>
    <trkpt lat="28.04255" lon="85.22110"><ele>2012</ele><time>2022-11-02T10:34:12Z</time></trkpt>
    <trkpt lat="28.04186" lon="85.22048"><ele>2022</ele><time>2022-11-02T10:34:30Z</time></trkpt>
    <trkpt lat="28.04117" lon="85.21973"><ele>2039</ele><time>2022-11-02T10:34:48Z</time></trkpt>
    <trkpt lat="28.04001" lon="85.21967"><ele>2048</ele><time>2022-11-02T10:35:07Z</time></trkpt>
    <trkpt lat="28.03928" lon="85.21919"><ele>2049</ele><time>2022-11-02T10:35:26Z</time></trkpt>
    <trkpt lat="28.03888" lon="85.21990"><ele>2058</ele><time>2022-11-02T10:35:44Z</time></trkpt>
    <trkpt lat="28.03757" lon="85.21957"><ele>2059</ele><time>2022-11-02T10:36:03Z</time></trkpt>
    <trkpt lat="28.03651" lon="85.21900"><ele>2063</ele><time>2022-11-02T10:36:22Z</time></trkpt>
    <trkpt lat="28.03538" lon="85.21842"><ele>2062</ele><time>2022-11-02T10:36:41Z</time></trkpt>
    <trkpt lat="28.03419" lon="85.21778"><ele>2060</ele><time>2022-11-02T10:36:59Z</time></trkpt>
    <trkpt lat="28.03297" lon="85.21774"><ele>2065</ele><time>2022-11-02T10:37:18Z</time></trkpt>
    <trkpt lat="28.03229" lon="85.21855"><ele>2072</ele><time>2022-11-02T10:37:36Z</time></trkpt>
    <trkpt lat="28.03166" lon="85.21938"><ele>2076</ele><time>2022-11-02T10:37:54Z</time></trkpt>
    <trkpt lat="28.03157" lon="85.22015"><ele>2078</ele><time>2022-11-02T10:38:12Z</time></trkpt>
    <trkpt lat="28.03067" lon="85.22038"><ele>2087</ele><time>2022-11-02T10:38:30Z</time></trkpt>
    <trkpt lat="28.03019" lon="85.22124"><ele>2087</ele><time>2022-11-02T10:38:49Z</time></trkpt>
    <trkpt lat="28.02936" lon="85.22181"><ele>2082</ele><time>2022-11-02T10:39:07Z</time></trkpt>
    <trkpt lat="28.02820" lon="85.22285"><ele>2049</ele><time>2022-11-02T10:39:27Z</time></trkpt>
    <trkpt lat="28.02773" lon="85.22289"><ele>2069</ele><time>2022-11-02T10:39:42Z</time></trkpt>
    <trkpt lat="28.02728" lon="85.22297"><ele>2066</ele><time>2022-11-02T10:40:01Z</time></trkpt>
    <trkpt lat="28.02623" lon="85.22340"><ele>2053</ele><time>2022-11-02T10:40:20Z</time></trkpt>
    <trkpt lat="28.02563" lon="85.22349"><ele>2053</ele><time>2022-11-02T10:40:38Z</time></trkpt>
    <trkpt lat="28.02514" lon="85.22328"><ele>2056</ele><time>2022-11-02T10:40:57Z</time></trkpt>
    <trkpt lat="28.02413" lon="85.22270"><ele>2050</ele><time>2022-11-02T10:41:15Z</time></trkpt>
    <trkpt lat="28.02345" lon="85.22241"><ele>2049</ele><time>2022-11-02T10:41:34Z</time></trkpt>
    <trkpt lat="28.02303" lon="85.22246"><ele>2050</ele><time>2022-11-02T10:41:52Z</time></trkpt>
    <trkpt lat="28.02267" lon="85.22130"><ele>2056</ele><time>2022-11-02T10:42:10Z</time></trkpt>
    <trkpt lat="28.02165" lon="85.22075"><ele>2062</ele><time>2022-11-02T10:42:29Z</time></trkpt>
    <trkpt lat="28.02077" lon="85.22003"><ele>2059</ele><time>2022-11-02T10:42:48Z</time></trkpt>
    <trkpt lat="28.02015" lon="85.21906"><ele>2057</ele><time>2022-11-02T10:43:06Z</time></trkpt>
    <trkpt lat="28.01956" lon="85.21801"><ele>2054</ele><time>2022-11-02T10:43:25Z</time></trkpt>
    <trkpt lat="28.01820" lon="85.21807"><ele>2051</ele><time>2022-11-02T10:43:43Z</time></trkpt>
    <trkpt lat="28.01763" lon="85.21712"><ele>2050</ele><time>2022-11-02T10:44:01Z</time></trkpt>
    <trkpt lat="28.01754" lon="85.21576"><ele>2037</ele><time>2022-11-02T10:44:20Z</time></trkpt>
    <trkpt lat="28.01703" lon="85.21434"><ele>2027</ele><time>2022-11-02T10:44:39Z</time></trkpt>
    <trkpt lat="28.01749" lon="85.21319"><ele>2021</ele><time>2022-11-02T10:44:58Z</time></trkpt>
    <trkpt lat="28.01685" lon="85.21186"><ele>2000</ele><time>2022-11-02T10:45:17Z</time></trkpt>
    <trkpt lat="28.01584" lon="85.21135"><ele>1992</ele><time>2022-11-02T10:45:35Z</time></trkpt>
    <trkpt lat="28.01481" lon="85.21215"><ele>1974</ele><time>2022-11-02T10:45:54Z</time></trkpt>
    <trkpt lat="28.01384" lon="85.21277"><ele>1960</ele><time>2022-11-02T10:46:13Z</time></trkpt>
    <trkpt lat="28.01292" lon="85.21365"><ele>1954</ele><time>2022-11-02T10:46:31Z</time></trkpt>
    <trkpt lat="28.01199" lon="85.21475"><ele>1949</ele><time>2022-11-02T10:46:49Z</time></trkpt>
    <trkpt lat="28.01070" lon="85.21491"><ele>1915</ele><time>2022-11-02T10:47:08Z</time></trkpt>
    <trkpt lat="28.00936" lon="85.21493"><ele>1910</ele><time>2022-11-02T10:47:27Z</time></trkpt>
    <trkpt lat="28.00809" lon="85.21609"><ele>1902</ele><time>2022-11-02T10:47:46Z</time></trkpt>
    <trkpt lat="28.00791" lon="85.21736"><ele>1897</ele><time>2022-11-02T10:48:04Z</time></trkpt>
    <trkpt lat="28.00774" lon="85.21587"><ele>1884</ele><time>2022-11-02T10:48:22Z</time></trkpt>
    <trkpt lat="28.00782" lon="85.21482"><ele>1866</ele><time>2022-11-02T10:48:41Z</time></trkpt>
    <trkpt lat="28.00894" lon="85.21412"><ele>1864</ele><time>2022-11-02T10:48:59Z</time></trkpt>
    <trkpt lat="28.00790" lon="85.21418"><ele>1843</ele><time>2022-11-02T10:49:18Z</time></trkpt>
    <trkpt lat="28.00895" lon="85.21344"><ele>1835</ele><time>2022-11-02T10:49:37Z</time></trkpt>
    <trkpt lat="28.01059" lon="85.21265"><ele>1825</ele><time>2022-11-02T10:49:56Z</time></trkpt>
    <trkpt lat="28.01148" lon="85.21160"><ele>1821</ele><time>2022-11-02T10:50:14Z</time></trkpt>
    <trkpt lat="28.01209" lon="85.21012"><ele>1813</ele><time>2022-11-02T10:50:33Z</time></trkpt>
    <trkpt lat="28.01314" lon="85.20855"><ele>1807</ele><time>2022-11-02T10:50:52Z</time></trkpt>
    <trkpt lat="28.01325" lon="85.20819"><ele>1798</ele><time>2022-11-02T10:50:57Z</time></trkpt>
    <trkpt lat="28.01296" lon="85.20871"><ele>1784</ele><time>2022-11-02T10:51:15Z</time></trkpt>
    <trkpt lat="28.01156" lon="85.20966"><ele>1778</ele><time>2022-11-02T10:51:34Z</time></trkpt>
    <trkpt lat="28.01095" lon="85.21038"><ele>1766</ele><time>2022-11-02T10:51:53Z</time></trkpt>
    <trkpt lat="28.00977" lon="85.21067"><ele>1750</ele><time>2022-11-02T10:52:11Z</time></trkpt>
    <trkpt lat="28.00894" lon="85.21062"><ele>1739</ele><time>2022-11-02T10:52:30Z</time></trkpt>
    <trkpt lat="28.00780" lon="85.21113"><ele>1718</ele><time>2022-11-02T10:52:48Z</time></trkpt>
    <trkpt lat="28.00615" lon="85.21085"><ele>1703</ele><time>2022-11-02T10:53:07Z</time></trkpt>
    <trkpt lat="28.00467" lon="85.21022"><ele>1688</ele><time>2022-11-02T10:53:25Z</time></trkpt>
    <trkpt lat="28.00368" lon="85.21007"><ele>1677</ele><time>2022-11-02T10:53:44Z</time></trkpt>
    <trkpt lat="28.00222" lon="85.20981"><ele>1665</ele><time>2022-11-02T10:54:03Z</time></trkpt>
    <trkpt lat="28.00221" lon="85.21132"><ele>1651</ele><time>2022-11-02T10:54:21Z</time></trkpt>
    <trkpt lat="28.00214" lon="85.21306"><ele>1652</ele><time>2022-11-02T10:54:45Z</time></trkpt>
    <trkpt lat="28.00207" lon="85.21245"><ele>1648</ele><time>2022-11-02T10:54:59Z</time></trkpt>
    <trkpt lat="28.00198" lon="85.21124"><ele>1636</ele><time>2022-11-02T10:55:18Z</time></trkpt>
    <trkpt lat="28.00132" lon="85.21028"><ele>1624</ele><time>2022-11-02T10:55:36Z</time></trkpt>
    <trkpt lat="28.00097" lon="85.20883"><ele>1614</ele><time>2022-11-02T10:55:55Z</time></trkpt>
    <trkpt lat="27.99993" lon="85.20844"><ele>1606</ele><time>2022-11-02T10:56:13Z</time></trkpt>
    <trkpt lat="27.99939" lon="85.20760"><ele>1600</ele><time>2022-11-02T10:56:32Z</time></trkpt>
    <trkpt lat="27.99931" lon="85.20765"><ele>1603</ele><time>2022-11-02T10:56:51Z</time></trkpt>
    <trkpt lat="27.99909" lon="85.20764"><ele>1602</ele><time>2022-11-02T10:57:09Z</time></trkpt>
    <trkpt lat="27.99788" lon="85.20811"><ele>1601</ele><time>2022-11-02T10:57:27Z</time></trkpt>
    <trkpt lat="27.99790" lon="85.20677"><ele>1594</ele><time>2022-11-02T10:57:46Z</time></trkpt>
    <trkpt lat="27.99724" lon="85.20532"><ele>1584</ele><time>2022-11-02T10:58:04Z</time></trkpt>
    <trkpt lat="27.99661" lon="85.20456"><ele>1580</ele><time>2022-11-02T10:58:23Z</time></trkpt>
    <trkpt lat="27.99655" lon="85.20409"><ele>1579</ele><time>2022-11-02T10:58:41Z</time></trkpt>
    <trkpt lat="27.99647" lon="85.20390"><ele>1575</ele><time>2022-11-02T10:59:00Z</time></trkpt>
    <trkpt lat="27.99636" lon="85.20400"><ele>1572</ele><time>2022-11-02T10:59:19Z</time></trkpt>
    <trkpt lat="27.99624" lon="85.20383"><ele>1560</ele><time>2022-11-02T10:59:38Z</time></trkpt>
    <trkpt lat="27.99527" lon="85.20402"><ele>1555</ele><time>2022-11-02T10:59:56Z</time></trkpt>
    <trkpt lat="27.99541" lon="85.20535"><ele>1558</ele><time>2022-11-02T11:00:15Z</time></trkpt>
    <trkpt lat="27.99630" lon="85.20640"><ele>1561</ele><time>2022-11-02T11:00:33Z</time></trkpt>
    <trkpt lat="27.99611" lon="85.20589"><ele>1557</ele><time>2022-11-02T11:00:52Z</time></trkpt>
    <trkpt lat="27.99445" lon="85.20559"><ele>1556</ele><time>2022-11-02T11:01:10Z</time></trkpt>
    <trkpt lat="27.99392" lon="85.20566"><ele>1550</ele><time>2022-11-02T11:01:13Z</time></trkpt>
    <trkpt lat="27.99373" lon="85.20458"><ele>1521</ele><time>2022-11-02T11:01:21Z</time></trkpt>
    <trkpt lat="27.99296" lon="85.20345"><ele>1506</ele><time>2022-11-02T11:01:39Z</time></trkpt>
    <trkpt lat="27.99298" lon="85.20234"><ele>1501</ele><time>2022-11-02T11:01:58Z</time></trkpt>
    <trkpt lat="27.99430" lon="85.20214"><ele>1499</ele><time>2022-11-02T11:02:16Z</time></trkpt>
    <trkpt lat="27.99482" lon="85.20184"><ele>1491</ele><time>2022-11-02T11:02:35Z</time></trkpt>
    <trkpt lat="27.99656" lon="85.20052"><ele>1485</ele><time>2022-11-02T11:02:54Z</time></trkpt>
    <trkpt lat="27.99615" lon="85.19992"><ele>1473</ele><time>2022-11-02T11:03:12Z</time></trkpt>
    <trkpt lat="27.99465" lon="85.20050"><ele>1456</ele><time>2022-11-02T11:03:30Z</time></trkpt>
    <trkpt lat="27.99271" lon="85.20106"><ele>1434</ele><time>2022-11-02T11:03:49Z</time></trkpt>
    <trkpt lat="27.99104" lon="85.20115"><ele>1427</ele><time>2022-11-02T11:04:07Z</time></trkpt>
    <trkpt lat="27.99191" lon="85.20029"><ele>1414</ele><time>2022-11-02T11:04:25Z</time></trkpt>
    <trkpt lat="27.99390" lon="85.19934"><ele>1410</ele><time>2022-11-02T11:04:44Z</time></trkpt>
    <trkpt lat="27.99529" lon="85.19830"><ele>1403</ele><time>2022-11-02T11:05:03Z</time></trkpt>
    <trkpt lat="27.99559" lon="85.19770"><ele>1387</ele><time>2022-11-02T11:05:21Z</time></trkpt>
    <trkpt lat="27.99387" lon="85.19810"><ele>1366</ele><time>2022-11-02T11:05:40Z</time></trkpt>
    <trkpt lat="27.99285" lon="85.19806"><ele>1349</ele><time>2022-11-02T11:05:59Z</time></trkpt>
    <trkpt lat="27.99111" lon="85.19765"><ele>1326</ele><time>2022-11-02T11:06:18Z</time></trkpt>
    <trkpt lat="27.99015" lon="85.19826"><ele>1321</ele><time>2022-11-02T11:06:36Z</time></trkpt>
    <trkpt lat="27.98991" lon="85.19850"><ele>1316</ele><time>2022-11-02T11:06:55Z</time></trkpt>
    <trkpt lat="27.98885" lon="85.19989"><ele>1306</ele><time>2022-11-02T11:07:13Z</time></trkpt>
    <trkpt lat="27.98805" lon="85.20142"><ele>1295</ele><time>2022-11-02T11:07:32Z</time></trkpt>
    <trkpt lat="27.98708" lon="85.20296"><ele>1297</ele><time>2022-11-02T11:07:50Z</time></trkpt>
    <trkpt lat="27.98771" lon="85.20457"><ele>1260</ele><time>2022-11-02T11:08:08Z</time></trkpt>
    <trkpt lat="27.98750" lon="85.20648"><ele>1264</ele><time>2022-11-02T11:08:27Z</time></trkpt>
    <trkpt lat="27.98661" lon="85.20822"><ele>1246</ele><time>2022-11-02T11:08:46Z</time></trkpt>
    <trkpt lat="27.98697" lon="85.20730"><ele>1239</ele><time>2022-11-02T11:09:04Z</time></trkpt>
    <trkpt lat="27.98686" lon="85.20549"><ele>1228</ele><time>2022-11-02T11:09:23Z</time></trkpt>
    <trkpt lat="27.98613" lon="85.20449"><ele>1219</ele><time>2022-11-02T11:09:41Z</time></trkpt>
    <trkpt lat="27.98636" lon="85.20568"><ele>1205</ele><time>2022-11-02T11:10:00Z</time></trkpt>
    <trkpt lat="27.98609" lon="85.20702"><ele>1195</ele><time>2022-11-02T11:10:19Z</time></trkpt>
    <trkpt lat="27.98568" lon="85.20941"><ele>1186</ele><time>2022-11-02T11:10:38Z</time></trkpt>
    <trkpt lat="27.98519" lon="85.20927"><ele>1176</ele><time>2022-11-02T11:10:56Z</time></trkpt>
    <trkpt lat="27.98509" lon="85.20735"><ele>1172</ele><time>2022-11-02T11:11:14Z</time></trkpt>
    <trkpt lat="27.98477" lon="85.20749"><ele>1154</ele><time>2022-11-02T11:11:33Z</time></trkpt>
    <trkpt lat="27.98468" lon="85.20839"><ele>1158</ele><time>2022-11-02T11:11:51Z</time></trkpt>
    <trkpt lat="27.98450" lon="85.20716"><ele>1141</ele><time>2022-11-02T11:12:10Z</time></trkpt>
    <trkpt lat="27.98459" lon="85.20580"><ele>1133</ele><time>2022-11-02T11:12:28Z</time></trkpt>
    <trkpt lat="27.98388" lon="85.20496"><ele>1113</ele><time>2022-11-02T11:12:47Z</time></trkpt>
    <trkpt lat="27.98393" lon="85.20366"><ele>1108</ele><time>2022-11-02T11:13:05Z</time></trkpt>
    <trkpt lat="27.98399" lon="85.20218"><ele>1104</ele><time>2022-11-02T11:13:24Z</time></trkpt>
    <trkpt lat="27.98395" lon="85.20138"><ele>1088</ele><time>2022-11-02T11:13:43Z</time></trkpt>
    <trkpt lat="27.98373" lon="85.20200"><ele>1087</ele><time>2022-11-02T11:14:02Z</time></trkpt>
    <trkpt lat="27.98295" lon="85.20256"><ele>1072</ele><time>2022-11-02T11:14:20Z</time></trkpt>
    <trkpt lat="27.98298" lon="85.20104"><ele>1068</ele><time>2022-11-02T11:14:38Z</time></trkpt>
    <trkpt lat="27.98380" lon="85.19926"><ele>1064</ele><time>2022-11-02T11:14:57Z</time></trkpt>
    <trkpt lat="27.98419" lon="85.19861"><ele>1060</ele><time>2022-11-02T11:15:15Z</time></trkpt>
    <trkpt lat="27.98377" lon="85.19729"><ele>1048</ele><time>2022-11-02T11:15:34Z</time></trkpt>
    <trkpt lat="27.98296" lon="85.19634"><ele>1025</ele><time>2022-11-02T11:15:52Z</time></trkpt>
    <trkpt lat="27.98444" lon="85.19533"><ele>1022</ele><time>2022-11-02T11:16:11Z</time></trkpt>
    <trkpt lat="27.98418" lon="85.19343"><ele>1015</ele><time>2022-11-02T11:16:29Z</time></trkpt>
    <trkpt lat="27.98555" lon="85.19215"><ele>1009</ele><time>2022-11-02T11:16:48Z</time></trkpt>
    <trkpt lat="27.98657" lon="85.19117"><ele>1007</ele><time>2022-11-02T11:17:07Z</time></trkpt>
    <trkpt lat="27.98724" lon="85.19123"><ele>996</ele><time>2022-11-02T11:17:25Z</time></trkpt>
    <trkpt lat="27.98679" lon="85.19097"><ele>976</ele><time>2022-11-02T11:17:44Z</time></trkpt>
    <trkpt lat="27.98618" lon="85.19082"><ele>973</ele><time>2022-11-02T11:18:03Z</time></trkpt>
    <trkpt lat="27.98547" lon="85.19091"><ele>968</ele><time>2022-11-02T11:18:21Z</time></trkpt>
    <trkpt lat="27.98453" lon="85.19142"><ele>962</ele><time>2022-11-02T11:18:40Z</time></trkpt>
    <trkpt lat="27.98310" lon="85.19191"><ele>958</ele><time>2022-11-02T11:18:58Z</time></trkpt>
    <trkpt lat="27.98223" lon="85.19328"><ele>954</ele><time>2022-11-02T11:19:16Z</time></trkpt>
    <trkpt lat="27.98202" lon="85.19419"><ele>945</ele><time>2022-11-02T11:19:35Z</time></trkpt>
    <trkpt lat="27.98246" lon="85.19254"><ele>939</ele><time>2022-11-02T11:19:53Z</time></trkpt>
    <trkpt lat="27.98279" lon="85.19147"><ele>933</ele><time>2022-11-02T11:20:12Z</time></trkpt>
    <trkpt lat="27.98226" lon="85.19041"><ele>921</ele><time>2022-11-02T11:20:30Z</time></trkpt>
    <trkpt lat="27.98133" lon="85.18950"><ele>913</ele><time>2022-11-02T11:20:49Z</time></trkpt>
    <trkpt lat="27.98177" lon="85.18824"><ele>907</ele><time>2022-11-02T11:21:08Z</time></trkpt>
    <trkpt lat="27.98288" lon="85.18820"><ele>900</ele><time>2022-11-02T11:21:27Z</time></trkpt>
    <trkpt lat="27.98321" lon="85.18964"><ele>900</ele><time>2022-11-02T11:21:45Z</time></trkpt>
    <trkpt lat="27.98351" lon="85.18827"><ele>895</ele><time>2022-11-02T11:22:04Z</time></trkpt>
    <trkpt lat="27.98294" lon="85.18760"><ele>878</ele><time>2022-11-02T11:22:13Z</time></trkpt>
    <trkpt lat="27.98180" lon="85.18737"><ele>863</ele><time>2022-11-02T11:22:32Z</time></trkpt>
    <trkpt lat="27.98074" lon="85.18725"><ele>856</ele><time>2022-11-02T11:22:50Z</time></trkpt>
    <trkpt lat="27.97984" lon="85.18742"><ele>847</ele><time>2022-11-02T11:23:08Z</time></trkpt>
    <trkpt lat="27.97986" lon="85.18663"><ele>830</ele><time>2022-11-02T11:23:22Z</time></trkpt>
    <trkpt lat="27.97910" lon="85.18711"><ele>818</ele><time>2022-11-02T11:23:41Z</time></trkpt>
    <trkpt lat="27.97863" lon="85.18721"><ele>812</ele><time>2022-11-02T11:24:00Z</time></trkpt>
    <trkpt lat="27.97914" lon="85.18614"><ele>804</ele><time>2022-11-02T11:24:18Z</time></trkpt>
    <trkpt lat="27.98030" lon="85.18623"><ele>791</ele><time>2022-11-02T11:24:37Z</time></trkpt>
    <trkpt lat="27.98116" lon="85.18591"><ele>785</ele><time>2022-11-02T11:24:56Z</time></trkpt>
    <trkpt lat="27.98252" lon="85.18555"><ele>774</ele><time>2022-11-02T11:25:14Z</time></trkpt>
    <trkpt lat="27.98365" lon="85.18519"><ele>768</ele><time>2022-11-02T11:25:32Z</time></trkpt>
    <trkpt lat="27.98405" lon="85.18374"><ele>740</ele><time>2022-11-02T11:25:51Z</time></trkpt>
    <trkpt lat="27.98264" lon="85.18279"><ele>737</ele><time>2022-11-02T11:26:10Z</time></trkpt>
    <trkpt lat="27.98117" lon="85.18233"><ele>729</ele><time>2022-11-02T11:26:28Z</time></trkpt>
    <trkpt lat="27.97989" lon="85.18293"><ele>722</ele><time>2022-11-02T11:26:47Z</time></trkpt>
    <trkpt lat="27.97875" lon="85.18286"><ele>708</ele><time>2022-11-02T11:27:05Z</time></trkpt>
    <trkpt lat="27.97767" lon="85.18309"><ele>701</ele><time>2022-11-02T11:27:23Z</time></trkpt>
    <trkpt lat="27.97632" lon="85.18378"><ele>692</ele><time>2022-11-02T11:27:42Z</time></trkpt>
    <trkpt lat="27.97590" lon="85.18375"><ele>690</ele><time>2022-11-02T11:27:49Z</time></trkpt>
    <trkpt lat="27.97493" lon="85.18394"><ele>674</ele><time>2022-11-02T11:28:08Z</time></trkpt>
    <trkpt lat="27.97482" lon="85.18480"><ele>661</ele><time>2022-11-02T11:28:26Z</time></trkpt>
    <trkpt lat="27.97470" lon="85.18550"><ele>658</ele><time>2022-11-02T11:28:45Z</time></trkpt>
    <trkpt lat="27.97382" lon="85.18579"><ele>642</ele><time>2022-11-02T11:29:04Z</time></trkpt>
    <trkpt lat="27.97288" lon="85.18567"><ele>643</ele><time>2022-11-02T11:29:23Z</time></trkpt>
    <trkpt lat="27.97208" lon="85.18536"><ele>642</ele><time>2022-11-02T11:29:41Z</time></trkpt>
    <trkpt lat="27.97122" lon="85.18510"><ele>629</ele><time>2022-11-02T11:30:00Z</time></trkpt>
    <trkpt lat="27.96952" lon="85.18425"><ele>623</ele><time>2022-11-02T11:30:19Z</time></trkpt>
    <trkpt lat="27.96880" lon="85.18188"><ele>605</ele><time>2022-11-02T11:30:37Z</time></trkpt>
    <trkpt lat="27.96808" lon="85.17981"><ele>610</ele><time>2022-11-02T11:30:56Z</time></trkpt>
    <trkpt lat="27.96643" lon="85.17841"><ele>598</ele><time>2022-11-02T11:31:14Z</time></trkpt>
    <trkpt lat="27.96450" lon="85.17654"><ele>599</ele><time>2022-11-02T11:31:33Z</time></trkpt>
    <trkpt lat="27.96371" lon="85.17456"><ele>598</ele><time>2022-11-02T11:31:51Z</time></trkpt>
    <trkpt lat="27.96251" lon="85.17278"><ele>595</ele><time>2022-11-02T11:32:09Z</time></trkpt>
    <trkpt lat="27.96052" lon="85.17069"><ele>595</ele><time>2022-11-02T11:32:28Z</time></trkpt>
    <trkpt lat="27.95844" lon="85.16867"><ele>587</ele><time>2022-11-02T11:32:47Z</time></trkpt>
    <trkpt lat="27.95638" lon="85.16715"><ele>583</ele><time>2022-11-02T11:33:06Z</time></trkpt>
    <trkpt lat="27.95605" lon="85.16659"><ele>588</ele><time>2022-11-02T11:33:24Z</time></trkpt>
    <trkpt lat="27.95583" lon="85.16617"><ele>590</ele><time>2022-11-02T11:33:43Z</time></trkpt>
    <trkpt lat="27.95556" lon="85.16554"><ele>592</ele><time>2022-11-02T11:34:02Z</time></trkpt>
    <trkpt lat="27.95399" lon="85.16460"><ele>591</ele><time>2022-11-02T11:34:20Z</time></trkpt>
    <trkpt lat="27.95336" lon="85.16406"><ele>594</ele><time>2022-11-02T11:34:24Z</time></trkpt>
    <trkpt lat="27.95129" lon="85.16397"><ele>585</ele><time>2022-11-02T11:34:42Z</time></trkpt>
    <trkpt lat="27.94927" lon="85.16419"><ele>583</ele><time>2022-11-02T11:35:00Z</time></trkpt>
    <trkpt lat="27.94719" lon="85.16365"><ele>583</ele><time>2022-11-02T11:35:19Z</time></trkpt>
    <trkpt lat="27.94517" lon="85.16222"><ele>582</ele><time>2022-11-02T11:35:38Z</time></trkpt>
    <trkpt lat="27.94279" lon="85.16103"><ele>578</ele><time>2022-11-02T11:35:56Z</time></trkpt>
    <trkpt lat="27.94032" lon="85.15983"><ele>575</ele><time>2022-11-02T11:36:15Z</time></trkpt>
    <trkpt lat="27.93840" lon="85.15832"><ele>565</ele><time>2022-11-02T11:36:34Z</time></trkpt>
    <trkpt lat="27.93630" lon="85.15775"><ele>564</ele><time>2022-11-02T11:36:52Z</time></trkpt>
    <trkpt lat="27.93432" lon="85.15790"><ele>570</ele><time>2022-11-02T11:37:11Z</time></trkpt>
    <trkpt lat="27.93287" lon="85.15702"><ele>575</ele><time>2022-11-02T11:37:29Z</time></trkpt>
    <trkpt lat="27.93141" lon="85.15615"><ele>575</ele><time>2022-11-02T11:37:48Z</time></trkpt>
    <trkpt lat="27.93066" lon="85.15438"><ele>561</ele><time>2022-11-02T11:38:07Z</time></trkpt>
    <trkpt lat="27.92983" lon="85.15255"><ele>556</ele><time>2022-11-02T11:38:25Z</time></trkpt>
    <trkpt lat="27.92854" lon="85.15204"><ele>555</ele><time>2022-11-02T11:38:44Z</time></trkpt>
    <trkpt lat="27.92742" lon="85.15295"><ele>561</ele><time>2022-11-02T11:39:02Z</time></trkpt>
    <trkpt lat="27.92566" lon="85.15320"><ele>567</ele><time>2022-11-02T11:39:21Z</time></trkpt>
    <trkpt lat="27.92438" lon="85.15331"><ele>578</ele><time>2022-11-02T11:39:40Z</time></trkpt>
    <trkpt lat="27.92454" lon="85.15408"><ele>583</ele><time>2022-11-02T11:39:59Z</time></trkpt>
    <trkpt lat="27.92376" lon="85.15373"><ele>591</ele><time>2022-11-02T11:40:18Z</time></trkpt>
    <trkpt lat="27.92328" lon="85.15335"><ele>589</ele><time>2022-11-02T11:40:36Z</time></trkpt>
    <trkpt lat="27.92277" lon="85.15257"><ele>589</ele><time>2022-11-02T11:40:55Z</time></trkpt>
    <trkpt lat="27.92136" lon="85.15124"><ele>582</ele><time>2022-11-02T11:41:13Z</time></trkpt>
    <trkpt lat="27.92066" lon="85.15000"><ele>575</ele><time>2022-11-02T11:41:31Z</time></trkpt>
    <trkpt lat="27.92031" lon="85.14938"><ele>569</ele><time>2022-11-02T11:41:50Z</time></trkpt>
    <trkpt lat="27.92028" lon="85.14864"><ele>568</ele><time>2022-11-02T11:42:09Z</time></trkpt>
    <trkpt lat="27.92012" lon="85.14770"><ele>558</ele><time>2022-11-02T11:42:27Z</time></trkpt>
    <trkpt lat="27.91987" lon="85.14674"><ele>555</ele><time>2022-11-02T11:42:46Z</time></trkpt>
    <trkpt lat="27.91951" lon="85.14562"><ele>541</ele><time>2022-11-02T11:43:05Z</time></trkpt>
    <trkpt lat="27.91873" lon="85.14459"><ele>535</ele><time>2022-11-02T11:43:23Z</time></trkpt>
    <trkpt lat="27.91780" lon="85.14367"><ele>532</ele><time>2022-11-02T11:43:42Z</time></trkpt>
    <trkpt lat="27.91702" lon="85.14246"><ele>535</ele><time>2022-11-02T11:44:01Z</time></trkpt>
    <trkpt lat="27.91580" lon="85.14153"><ele>543</ele><time>2022-11-02T11:44:20Z</time></trkpt>
    <trkpt lat="27.91501" lon="85.14218"><ele>549</ele><time>2022-11-02T11:44:39Z</time></trkpt>
    <trkpt lat="27.91394" lon="85.14297"><ele>552</ele><time>2022-11-02T11:44:57Z</time></trkpt>
    <trkpt lat="27.91276" lon="85.14315"><ele>559</ele><time>2022-11-02T11:45:16Z</time></trkpt>
    <trkpt lat="27.91169" lon="85.14375"><ele>560</ele><time>2022-11-02T11:45:34Z</time></trkpt>
    <trkpt lat="27.91103" lon="85.14439"><ele>562</ele><time>2022-11-02T11:45:52Z</time></trkpt>
    <trkpt lat="27.90986" lon="85.14434"><ele>568</ele><time>2022-11-02T11:46:11Z</time></trkpt>
    <trkpt lat="27.90888" lon="85.14449"><ele>575</ele><time>2022-11-02T11:46:29Z</time></trkpt>
    <trkpt lat="27.90865" lon="85.14542"><ele>577</ele><time>2022-11-02T11:46:48Z</time></trkpt>
    <trkpt lat="27.90788" lon="85.14544"><ele>579</ele><time>2022-11-02T11:47:07Z</time></trkpt>
    <trkpt lat="27.90702" lon="85.14466"><ele>578</ele><time>2022-11-02T11:47:26Z</time></trkpt>
    <trkpt lat="27.90674" lon="85.14494"><ele>577</ele><time>2022-11-02T11:47:36Z</time></trkpt>
    <trkpt lat="27.90660" lon="85.14533"><ele>572</ele><time>2022-11-02T11:47:42Z</time></trkpt>
    <trkpt lat="27.90534" lon="85.14585"><ele>571</ele><time>2022-11-02T11:48:00Z</time></trkpt>
    <trkpt lat="27.90419" lon="85.14593"><ele>573</ele><time>2022-11-02T11:48:19Z</time></trkpt>
    <trkpt lat="27.90407" lon="85.14553"><ele>569</ele><time>2022-11-02T11:48:37Z</time></trkpt>
    <trkpt lat="27.90381" lon="85.14429"><ele>571</ele><time>2022-11-02T11:48:56Z</time></trkpt>
    <trkpt lat="27.90365" lon="85.14320"><ele>570</ele><time>2022-11-02T11:49:14Z</time></trkpt>
    <trkpt lat="27.90278" lon="85.14265"><ele>572</ele><time>2022-11-02T11:49:33Z</time></trkpt>
    <trkpt lat="27.90164" lon="85.14163"><ele>573</ele><time>2022-11-02T11:49:52Z</time></trkpt>
    <trkpt lat="27.90071" lon="85.14068"><ele>573</ele><time>2022-11-02T11:50:10Z</time></trkpt>
    <trkpt lat="27.89951" lon="85.14143"><ele>561</ele><time>2022-11-02T11:50:28Z</time></trkpt>
    <trkpt lat="27.89975" lon="85.14130"><ele>552</ele><time>2022-11-02T11:50:42Z</time></trkpt>
    <trkpt lat="27.89949" lon="85.14037"><ele>558</ele><time>2022-11-02T11:51:01Z</time></trkpt>
    <trkpt lat="27.89926" lon="85.13976"><ele>559</ele><time>2022-11-02T11:51:19Z</time></trkpt>
    <trkpt lat="27.89945" lon="85.13987"><ele>569</ele><time>2022-11-02T11:51:37Z</time></trkpt>
    <trkpt lat="27.89926" lon="85.13960"><ele>572</ele><time>2022-11-02T12:01:27Z</time></trkpt>
  </trkseg>
</trk>
<trk>
  <name>Kathmandu</name>
  <trkseg>
    <trkpt lat="27.71277" lon="85.31310"><ele>1295</ele><time>2022-10-21T04:28:17Z</time></trkpt>
    <trkpt lat="27.71272" lon="85.31275"><ele>1297</ele><time>2022-10-21T04:28:36Z</time></trkpt>
    <trkpt lat="27.71319" lon="85.31282"><ele>1296</ele><time>2022-10-21T04:28:54Z</time></trkpt>
    <trkpt lat="27.71327" lon="85.31272"><ele>1297</ele><time>2022-10-21T04:29:13Z</time></trkpt>
    <trkpt lat="27.71329" lon="85.31252"><ele>1295</ele><time>2022-10-21T04:29:32Z</time></trkpt>
    <trkpt lat="27.71338" lon="85.31242"><ele>1300</ele><time>2022-10-21T04:29:50Z</time></trkpt>
    <trkpt lat="27.71347" lon="85.31239"><ele>1301</ele><time>2022-10-21T04:32:30Z</time></trkpt>
    <trkpt lat="27.71372" lon="85.31233"><ele>1290</ele><time>2022-10-21T04:32:48Z</time></trkpt>
    <trkpt lat="27.71391" lon="85.31232"><ele>1289</ele><time>2022-10-21T04:33:07Z</time></trkpt>
    <trkpt lat="27.71414" lon="85.31242"><ele>1300</ele><time>2022-10-21T04:33:48Z</time></trkpt>
    <trkpt lat="27.71423" lon="85.31228"><ele>1299</ele><time>2022-10-21T04:34:07Z</time></trkpt>
    <trkpt lat="27.71430" lon="85.31215"><ele>1299</ele><time>2022-10-21T04:34:25Z</time></trkpt>
    <trkpt lat="27.71421" lon="85.31229"><ele>1319</ele><time>2022-10-21T04:40:50Z</time></trkpt>
    <trkpt lat="27.71435" lon="85.31218"><ele>1319</ele><time>2022-10-21T04:44:32Z</time></trkpt>
    <trkpt lat="27.71427" lon="85.31204"><ele>1300</ele><time>2022-10-21T04:45:08Z</time></trkpt>
    <trkpt lat="27.71435" lon="85.31182"><ele>1310</ele><time>2022-10-21T04:45:26Z</time></trkpt>
    <trkpt lat="27.71454" lon="85.31182"><ele>1306</ele><time>2022-10-21T04:45:44Z</time></trkpt>
    <trkpt lat="27.71444" lon="85.31171"><ele>1306</ele><time>2022-10-21T04:46:03Z</time></trkpt>
    <trkpt lat="27.71436" lon="85.31148"><ele>1310</ele><time>2022-10-21T04:46:22Z</time></trkpt>
    <trkpt lat="27.71445" lon="85.31136"><ele>1313</ele><time>2022-10-21T04:46:40Z</time></trkpt>
    <trkpt lat="27.71435" lon="85.31137"><ele>1319</ele><time>2022-10-21T04:47:38Z</time></trkpt>
    <trkpt lat="27.71405" lon="85.31128"><ele>1315</ele><time>2022-10-21T04:47:56Z</time></trkpt>
    <trkpt lat="27.71357" lon="85.31122"><ele>1311</ele><time>2022-10-21T04:48:50Z</time></trkpt>
    <trkpt lat="27.71344" lon="85.31118"><ele>1313</ele><time>2022-10-21T04:49:08Z</time></trkpt>
    <trkpt lat="27.71331" lon="85.31126"><ele>1307</ele><time>2022-10-21T04:49:27Z</time></trkpt>
    <trkpt lat="27.71312" lon="85.31120"><ele>1300</ele><time>2022-10-21T04:49:46Z</time></trkpt>
    <trkpt lat="27.71283" lon="85.31116"><ele>1296</ele><time>2022-10-21T04:50:36Z</time></trkpt>
    <trkpt lat="27.71271" lon="85.31114"><ele>1300</ele><time>2022-10-21T04:50:55Z</time></trkpt>
    <trkpt lat="27.71259" lon="85.31107"><ele>1303</ele><time>2022-10-21T04:51:13Z</time></trkpt>
    <trkpt lat="27.71235" lon="85.31107"><ele>1307</ele><time>2022-10-21T04:51:32Z</time></trkpt>
    <trkpt lat="27.71217" lon="85.31112"><ele>1307</ele><time>2022-10-21T04:51:50Z</time></trkpt>
    <trkpt lat="27.71206" lon="85.31113"><ele>1304</ele><time>2022-10-21T04:52:09Z</time></trkpt>
    <trkpt lat="27.71189" lon="85.31114"><ele>1306</ele><time>2022-10-21T04:52:27Z</time></trkpt>
    <trkpt lat="27.71178" lon="85.31110"><ele>1311</ele><time>2022-10-21T04:52:46Z</time></trkpt>
    <trkpt lat="27.71162" lon="85.31111"><ele>1307</ele><time>2022-10-21T04:53:04Z</time></trkpt>
    <trkpt lat="27.71148" lon="85.31112"><ele>1303</ele><time>2022-10-21T04:53:23Z</time></trkpt>
    <trkpt lat="27.71140" lon="85.31119"><ele>1297</ele><time>2022-10-21T04:54:07Z</time></trkpt>
    <trkpt lat="27.71104" lon="85.31115"><ele>1304</ele><time>2022-10-21T04:54:25Z</time></trkpt>
    <trkpt lat="27.71097" lon="85.31096"><ele>1302</ele><time>2022-10-21T04:54:44Z</time></trkpt>
    <trkpt lat="27.71082" lon="85.31106"><ele>1310</ele><time>2022-10-21T04:55:38Z</time></trkpt>
    <trkpt lat="27.71072" lon="85.31105"><ele>1310</ele><time>2022-10-21T04:55:57Z</time></trkpt>
    <trkpt lat="27.71055" lon="85.31102"><ele>1295</ele><time>2022-10-21T04:56:15Z</time></trkpt>
    <trkpt lat="27.71041" lon="85.31081"><ele>1304</ele><time>2022-10-21T04:57:17Z</time></trkpt>
    <trkpt lat="27.71037" lon="85.31093"><ele>1295</ele><time>2022-10-21T05:03:23Z</time></trkpt>
    <trkpt lat="27.71025" lon="85.31080"><ele>1298</ele><time>2022-10-21T05:04:49Z</time></trkpt>
    <trkpt lat="27.71027" lon="85.31069"><ele>1308</ele><time>2022-10-21T05:05:07Z</time></trkpt>
    <trkpt lat="27.71016" lon="85.31069"><ele>1300</ele><time>2022-10-21T05:05:26Z</time></trkpt>
    <trkpt lat="27.71008" lon="85.31055"><ele>1301</ele><time>2022-10-21T05:05:44Z</time></trkpt>
    <trkpt lat="27.70981" lon="85.31048"><ele>1304</ele><time>2022-10-21T05:06:38Z</time></trkpt>
    <trkpt lat="27.70965" lon="85.31044"><ele>1312</ele><time>2022-10-21T05:06:57Z</time></trkpt>
    <trkpt lat="27.70951" lon="85.31036"><ele>1301</ele><time>2022-10-21T05:07:55Z</time></trkpt>
    <trkpt lat="27.70956" lon="85.31015"><ele>1297</ele><time>2022-10-21T05:08:13Z</time></trkpt>
    <trkpt lat="27.70954" lon="85.31001"><ele>1297</ele><time>2022-10-21T05:08:32Z</time></trkpt>
    <trkpt lat="27.70951" lon="85.30990"><ele>1299</ele><time>2022-10-21T05:08:51Z</time></trkpt>
    <trkpt lat="27.70949" lon="85.30972"><ele>1291</ele><time>2022-10-21T05:13:29Z</time></trkpt>
    <trkpt lat="27.70961" lon="85.30961"><ele>1292</ele><time>2022-10-21T05:18:35Z</time></trkpt>
    <trkpt lat="27.70968" lon="85.30985"><ele>1309</ele><time>2022-10-21T05:19:40Z</time></trkpt>
    <trkpt lat="27.70965" lon="85.30996"><ele>1315</ele><time>2022-10-21T05:19:58Z</time></trkpt>
    <trkpt lat="27.70983" lon="85.30998"><ele>1304</ele><time>2022-10-21T05:23:39Z</time></trkpt>
    <trkpt lat="27.70996" lon="85.31014"><ele>1307</ele><time>2022-10-21T05:23:57Z</time></trkpt>
    <trkpt lat="27.70984" lon="85.31002"><ele>1297</ele><time>2022-10-21T05:25:07Z</time></trkpt>
    <trkpt lat="27.70963" lon="85.30995"><ele>1300</ele><time>2022-10-21T05:28:28Z</time></trkpt>
    <trkpt lat="27.70958" lon="85.31011"><ele>1294</ele><time>2022-10-21T05:28:46Z</time></trkpt>
    <trkpt lat="27.70961" lon="85.31021"><ele>1292</ele><time>2022-10-21T05:29:21Z</time></trkpt>
    <trkpt lat="27.70945" lon="85.31040"><ele>1294</ele><time>2022-10-21T05:29:39Z</time></trkpt>
    <trkpt lat="27.70925" lon="85.31040"><ele>1280</ele><time>2022-10-21T05:30:17Z</time></trkpt>
    <trkpt lat="27.70906" lon="85.31037"><ele>1298</ele><time>2022-10-21T05:30:36Z</time></trkpt>
    <trkpt lat="27.70885" lon="85.31029"><ele>1293</ele><time>2022-10-21T05:31:17Z</time></trkpt>
    <trkpt lat="27.70869" lon="85.31031"><ele>1295</ele><time>2022-10-21T05:32:57Z</time></trkpt>
    <trkpt lat="27.70842" lon="85.31021"><ele>1301</ele><time>2022-10-21T05:34:35Z</time></trkpt>
    <trkpt lat="27.70831" lon="85.31020"><ele>1310</ele><time>2022-10-21T05:34:54Z</time></trkpt>
    <trkpt lat="27.70812" lon="85.31015"><ele>1317</ele><time>2022-10-21T05:35:13Z</time></trkpt>
    <trkpt lat="27.70794" lon="85.31005"><ele>1299</ele><time>2022-10-21T05:37:14Z</time></trkpt>
    <trkpt lat="27.70769" lon="85.31002"><ele>1294</ele><time>2022-10-21T05:38:38Z</time></trkpt>
    <trkpt lat="27.70756" lon="85.31009"><ele>1294</ele><time>2022-10-21T05:38:57Z</time></trkpt>
    <trkpt lat="27.70740" lon="85.30989"><ele>1298</ele><time>2022-10-21T05:39:09Z</time></trkpt>
    <trkpt lat="27.70734" lon="85.30974"><ele>1293</ele><time>2022-10-21T05:39:28Z</time></trkpt>
    <trkpt lat="27.70721" lon="85.30966"><ele>1298</ele><time>2022-10-21T05:39:46Z</time></trkpt>
    <trkpt lat="27.70712" lon="85.30978"><ele>1294</ele><time>2022-10-21T05:40:04Z</time></trkpt>
    <trkpt lat="27.70696" lon="85.30986"><ele>1311</ele><time>2022-10-21T05:40:23Z</time></trkpt>
    <trkpt lat="27.70688" lon="85.30994"><ele>1298</ele><time>2022-10-21T05:41:45Z</time></trkpt>
    <trkpt lat="27.70668" lon="85.31021"><ele>1310</ele><time>2022-10-21T05:42:59Z</time></trkpt>
    <trkpt lat="27.70665" lon="85.31041"><ele>1307</ele><time>2022-10-21T05:43:18Z</time></trkpt>
    <trkpt lat="27.70654" lon="85.31057"><ele>1320</ele><time>2022-10-21T05:46:33Z</time></trkpt>
    <trkpt lat="27.70641" lon="85.31036"><ele>1294</ele><time>2022-10-21T05:48:01Z</time></trkpt>
    <trkpt lat="27.70643" lon="85.31019"><ele>1283</ele><time>2022-10-21T05:48:20Z</time></trkpt>
    <trkpt lat="27.70635" lon="85.31014"><ele>1288</ele><time>2022-10-21T05:48:38Z</time></trkpt>
    <trkpt lat="27.70629" lon="85.30997"><ele>1288</ele><time>2022-10-21T05:49:22Z</time></trkpt>
    <trkpt lat="27.70621" lon="85.30984"><ele>1292</ele><time>2022-10-21T05:49:40Z</time></trkpt>
    <trkpt lat="27.70615" lon="85.30969"><ele>1291</ele><time>2022-10-21T05:49:59Z</time></trkpt>
    <trkpt lat="27.70602" lon="85.30956"><ele>1294</ele><time>2022-10-21T05:50:36Z</time></trkpt>
    <trkpt lat="27.70587" lon="85.30941"><ele>1292</ele><time>2022-10-21T05:51:25Z</time></trkpt>
    <trkpt lat="27.70580" lon="85.30931"><ele>1293</ele><time>2022-10-21T05:51:44Z</time></trkpt>
    <trkpt lat="27.70571" lon="85.30916"><ele>1294</ele><time>2022-10-21T05:52:23Z</time></trkpt>
    <trkpt lat="27.70567" lon="85.30906"><ele>1298</ele><time>2022-10-21T05:52:55Z</time></trkpt>
    <trkpt lat="27.70556" lon="85.30888"><ele>1295</ele><time>2022-10-21T05:53:14Z</time></trkpt>
    <trkpt lat="27.70556" lon="85.30873"><ele>1300</ele><time>2022-10-21T05:53:33Z</time></trkpt>
    <trkpt lat="27.70536" lon="85.30854"><ele>1299</ele><time>2022-10-21T05:54:12Z</time></trkpt>
    <trkpt lat="27.70526" lon="85.30839"><ele>1301</ele><time>2022-10-21T05:54:30Z</time></trkpt>
    <trkpt lat="27.70527" lon="85.30819"><ele>1297</ele><time>2022-10-21T05:55:35Z</time></trkpt>
    <trkpt lat="27.70524" lon="85.30807"><ele>1302</ele><time>2022-10-21T05:55:53Z</time></trkpt>
    <trkpt lat="27.70530" lon="85.30780"><ele>1291</ele><time>2022-10-21T05:57:25Z</time></trkpt>
    <trkpt lat="27.70528" lon="85.30762"><ele>1291</ele><time>2022-10-21T05:57:44Z</time></trkpt>
    <trkpt lat="27.70525" lon="85.30752"><ele>1291</ele><time>2022-10-21T05:58:03Z</time></trkpt>
    <trkpt lat="27.70511" lon="85.30743"><ele>1294</ele><time>2022-10-21T06:01:21Z</time></trkpt>
    <trkpt lat="27.70504" lon="85.30731"><ele>1294</ele><time>2022-10-21T06:01:40Z</time></trkpt>
    <trkpt lat="27.70495" lon="85.30719"><ele>1289</ele><time>2022-10-21T06:01:58Z</time></trkpt>
    <trkpt lat="27.70482" lon="85.30707"><ele>1289</ele><time>2022-10-21T06:02:17Z</time></trkpt>
    <trkpt lat="27.70471" lon="85.30699"><ele>1286</ele><time>2022-10-21T06:02:35Z</time></trkpt>
    <trkpt lat="27.70460" lon="85.30688"><ele>1290</ele><time>2022-10-21T06:03:44Z</time></trkpt>
    <trkpt lat="27.70453" lon="85.30677"><ele>1286</ele><time>2022-10-21T06:04:03Z</time></trkpt>
    <trkpt lat="27.70442" lon="85.30672"><ele>1290</ele><time>2022-10-21T06:04:22Z</time></trkpt>
    <trkpt lat="27.70433" lon="85.30663"><ele>1292</ele><time>2022-10-21T06:04:40Z</time></trkpt>
    <trkpt lat="27.70422" lon="85.30654"><ele>1295</ele><time>2022-10-21T06:04:59Z</time></trkpt>
    <trkpt lat="27.70412" lon="85.30639"><ele>1299</ele><time>2022-10-21T06:05:17Z</time></trkpt>
    <trkpt lat="27.70409" lon="85.30625"><ele>1300</ele><time>2022-10-21T06:05:36Z</time></trkpt>
    <trkpt lat="27.70398" lon="85.30623"><ele>1294</ele><time>2022-10-21T06:05:55Z</time></trkpt>
    <trkpt lat="27.70389" lon="85.30606"><ele>1296</ele><time>2022-10-21T06:07:49Z</time></trkpt>
    <trkpt lat="27.70380" lon="85.30613"><ele>1307</ele><time>2022-10-21T07:53:41Z</time></trkpt>
    <trkpt lat="27.70391" lon="85.30607"><ele>1307</ele><time>2022-10-21T07:54:47Z</time></trkpt>
    <trkpt lat="27.70379" lon="85.30585"><ele>1285</ele><time>2022-10-21T07:56:13Z</time></trkpt>
    <trkpt lat="27.70392" lon="85.30595"><ele>1291</ele><time>2022-10-21T08:03:39Z</time></trkpt>
    <trkpt lat="27.70402" lon="85.30593"><ele>1291</ele><time>2022-10-21T08:03:58Z</time></trkpt>
    <trkpt lat="27.70417" lon="85.30601"><ele>1293</ele><time>2022-10-21T08:05:47Z</time></trkpt>
    <trkpt lat="27.70412" lon="85.30619"><ele>1292</ele><time>2022-10-21T08:08:24Z</time></trkpt>
    <trkpt lat="27.70404" lon="85.30628"><ele>1294</ele><time>2022-10-21T08:08:43Z</time></trkpt>
    <trkpt lat="27.70395" lon="85.30628"><ele>1284</ele><time>2022-10-21T08:10:37Z</time></trkpt>
    <trkpt lat="27.70405" lon="85.30630"><ele>1292</ele><time>2022-10-21T08:11:28Z</time></trkpt>
    <trkpt lat="27.70393" lon="85.30648"><ele>1290</ele><time>2022-10-21T08:11:47Z</time></trkpt>
    <trkpt lat="27.70385" lon="85.30674"><ele>1301</ele><time>2022-10-21T08:15:06Z</time></trkpt>
    <trkpt lat="27.70377" lon="85.30690"><ele>1297</ele><time>2022-10-21T08:16:23Z</time></trkpt>
    <trkpt lat="27.70372" lon="85.30711"><ele>1286</ele><time>2022-10-21T08:17:11Z</time></trkpt>
    <trkpt lat="27.70375" lon="85.30743"><ele>1290</ele><time>2022-10-21T08:20:09Z</time></trkpt>
    <trkpt lat="27.70388" lon="85.30752"><ele>1287</ele><time>2022-10-21T08:20:56Z</time></trkpt>
    <trkpt lat="27.70373" lon="85.30737"><ele>1299</ele><time>2022-10-21T08:21:48Z</time></trkpt>
    <trkpt lat="27.70376" lon="85.30709"><ele>1280</ele><time>2022-10-21T08:23:22Z</time></trkpt>
    <trkpt lat="27.70384" lon="85.30701"><ele>1274</ele><time>2022-10-21T08:23:40Z</time></trkpt>
    <trkpt lat="27.70387" lon="85.30684"><ele>1272</ele><time>2022-10-21T08:23:59Z</time></trkpt>
    <trkpt lat="27.70390" lon="85.30663"><ele>1280</ele><time>2022-10-21T08:24:18Z</time></trkpt>
    <trkpt lat="27.70401" lon="85.30650"><ele>1287</ele><time>2022-10-21T08:24:37Z</time></trkpt>
    <trkpt lat="27.70420" lon="85.30656"><ele>1284</ele><time>2022-10-21T08:25:13Z</time></trkpt>
    <trkpt lat="27.70433" lon="85.30665"><ele>1284</ele><time>2022-10-21T08:25:32Z</time></trkpt>
    <trkpt lat="27.70445" lon="85.30674"><ele>1287</ele><time>2022-10-21T08:25:51Z</time></trkpt>
    <trkpt lat="27.70456" lon="85.30688"><ele>1282</ele><time>2022-10-21T08:27:20Z</time></trkpt>
    <trkpt lat="27.70454" lon="85.30707"><ele>1280</ele><time>2022-10-21T08:29:30Z</time></trkpt>
    <trkpt lat="27.70446" lon="85.30718"><ele>1274</ele><time>2022-10-21T08:29:49Z</time></trkpt>
    <trkpt lat="27.70449" lon="85.30729"><ele>1277</ele><time>2022-10-21T08:30:07Z</time></trkpt>
    <trkpt lat="27.70440" lon="85.30746"><ele>1297</ele><time>2022-10-21T08:31:59Z</time></trkpt>
    <trkpt lat="27.70432" lon="85.30742"><ele>1286</ele><time>2022-10-21T08:33:49Z</time></trkpt>
    <trkpt lat="27.70415" lon="85.30743"><ele>1287</ele><time>2022-10-21T08:34:59Z</time></trkpt>
    <trkpt lat="27.70406" lon="85.30752"><ele>1285</ele><time>2022-10-21T08:35:18Z</time></trkpt>
    <trkpt lat="27.70372" lon="85.30747"><ele>1288</ele><time>2022-10-21T08:36:47Z</time></trkpt>
    <trkpt lat="27.70399" lon="85.30769"><ele>1289</ele><time>2022-10-21T08:36:59Z</time></trkpt>
    <trkpt lat="27.70404" lon="85.30779"><ele>1291</ele><time>2022-10-21T08:37:03Z</time></trkpt>
    <trkpt lat="27.70410" lon="85.30788"><ele>1322</ele><time>2022-10-21T08:38:33Z</time></trkpt>
    <trkpt lat="27.70405" lon="85.30771"><ele>1310</ele><time>2022-10-21T08:38:51Z</time></trkpt>
    <trkpt lat="27.70415" lon="85.30780"><ele>1303</ele><time>2022-10-21T08:40:58Z</time></trkpt>
    <trkpt lat="27.70406" lon="85.30806"><ele>1311</ele><time>2022-10-21T08:41:35Z</time></trkpt>
    <trkpt lat="27.70422" lon="85.30786"><ele>1307</ele><time>2022-10-21T08:47:30Z</time></trkpt>
    <trkpt lat="27.70412" lon="85.30783"><ele>1306</ele><time>2022-10-21T08:47:34Z</time></trkpt>
    <trkpt lat="27.70407" lon="85.30761"><ele>1305</ele><time>2022-10-21T08:48:59Z</time></trkpt>
    <trkpt lat="27.70411" lon="85.30752"><ele>1308</ele><time>2022-10-21T08:49:20Z</time></trkpt>
    <trkpt lat="27.70420" lon="85.30744"><ele>1301</ele><time>2022-10-21T08:49:39Z</time></trkpt>
    <trkpt lat="27.70425" lon="85.30752"><ele>1298</ele><time>2022-10-21T08:51:08Z</time></trkpt>
    <trkpt lat="27.70444" lon="85.30751"><ele>1289</ele><time>2022-10-21T08:51:27Z</time></trkpt>
    <trkpt lat="27.70405" lon="85.30783"><ele>1294</ele><time>2022-10-21T08:54:18Z</time></trkpt>
    <trkpt lat="27.70448" lon="85.30742"><ele>1293</ele><time>2022-10-21T08:54:29Z</time></trkpt>
    <trkpt lat="27.70438" lon="85.30742"><ele>1300</ele><time>2022-10-21T08:58:19Z</time></trkpt>
    <trkpt lat="27.70450" lon="85.30732"><ele>1294</ele><time>2022-10-21T08:58:37Z</time></trkpt>
    <trkpt lat="27.70462" lon="85.30738"><ele>1293</ele><time>2022-10-21T08:58:56Z</time></trkpt>
    <trkpt lat="27.70482" lon="85.30743"><ele>1287</ele><time>2022-10-21T08:59:42Z</time></trkpt>
    <trkpt lat="27.70498" lon="85.30750"><ele>1298</ele><time>2022-10-21T09:03:55Z</time></trkpt>
    <trkpt lat="27.70507" lon="85.30758"><ele>1295</ele><time>2022-10-21T09:04:13Z</time></trkpt>
    <trkpt lat="27.70531" lon="85.30758"><ele>1286</ele><time>2022-10-21T09:07:56Z</time></trkpt>
    <trkpt lat="27.70537" lon="85.30749"><ele>1288</ele><time>2022-10-21T09:08:15Z</time></trkpt>
    <trkpt lat="27.70541" lon="85.30733"><ele>1291</ele><time>2022-10-21T09:08:34Z</time></trkpt>
    <trkpt lat="27.70557" lon="85.30730"><ele>1287</ele><time>2022-10-21T09:09:11Z</time></trkpt>
    <trkpt lat="27.70568" lon="85.30737"><ele>1292</ele><time>2022-10-21T09:09:30Z</time></trkpt>
    <trkpt lat="27.70582" lon="85.30740"><ele>1288</ele><time>2022-10-21T09:09:48Z</time></trkpt>
    <trkpt lat="27.70593" lon="85.30723"><ele>1285</ele><time>2022-10-21T09:10:06Z</time></trkpt>
    <trkpt lat="27.70604" lon="85.30703"><ele>1293</ele><time>2022-10-21T09:10:45Z</time></trkpt>
    <trkpt lat="27.70611" lon="85.30694"><ele>1295</ele><time>2022-10-21T09:11:03Z</time></trkpt>
    <trkpt lat="27.70613" lon="85.30682"><ele>1302</ele><time>2022-10-21T09:11:22Z</time></trkpt>
    <trkpt lat="27.70624" lon="85.30683"><ele>1307</ele><time>2022-10-21T09:11:40Z</time></trkpt>
    <trkpt lat="27.70632" lon="85.30697"><ele>1306</ele><time>2022-10-21T09:11:59Z</time></trkpt>
    <trkpt lat="27.70649" lon="85.30689"><ele>1305</ele><time>2022-10-21T09:12:18Z</time></trkpt>
    <trkpt lat="27.70662" lon="85.30673"><ele>1304</ele><time>2022-10-21T09:13:01Z</time></trkpt>
    <trkpt lat="27.70672" lon="85.30692"><ele>1290</ele><time>2022-10-21T09:15:14Z</time></trkpt>
    <trkpt lat="27.70689" lon="85.30708"><ele>1296</ele><time>2022-10-21T09:16:02Z</time></trkpt>
    <trkpt lat="27.70715" lon="85.30714"><ele>1297</ele><time>2022-10-21T09:16:20Z</time></trkpt>
    <trkpt lat="27.70734" lon="85.30717"><ele>1297</ele><time>2022-10-21T09:16:39Z</time></trkpt>
    <trkpt lat="27.70743" lon="85.30731"><ele>1301</ele><time>2022-10-21T09:16:57Z</time></trkpt>
    <trkpt lat="27.70759" lon="85.30735"><ele>1296</ele><time>2022-10-21T09:18:02Z</time></trkpt>
    <trkpt lat="27.70767" lon="85.30752"><ele>1287</ele><time>2022-10-21T09:18:21Z</time></trkpt>
    <trkpt lat="27.70758" lon="85.30760"><ele>1288</ele><time>2022-10-21T09:18:40Z</time></trkpt>
    <trkpt lat="27.70751" lon="85.30768"><ele>1282</ele><time>2022-10-21T09:19:03Z</time></trkpt>
    <trkpt lat="27.70746" lon="85.30805"><ele>1287</ele><time>2022-10-21T09:19:21Z</time></trkpt>
    <trkpt lat="27.70744" lon="85.30832"><ele>1292</ele><time>2022-10-21T09:19:39Z</time></trkpt>
    <trkpt lat="27.70736" lon="85.30853"><ele>1285</ele><time>2022-10-21T09:20:36Z</time></trkpt>
    <trkpt lat="27.70734" lon="85.30868"><ele>1288</ele><time>2022-10-21T09:20:54Z</time></trkpt>
    <trkpt lat="27.70727" lon="85.30881"><ele>1294</ele><time>2022-10-21T09:21:12Z</time></trkpt>
    <trkpt lat="27.70723" lon="85.30907"><ele>1294</ele><time>2022-10-21T09:21:51Z</time></trkpt>
    <trkpt lat="27.70721" lon="85.30917"><ele>1295</ele><time>2022-10-21T09:22:13Z</time></trkpt>
    <trkpt lat="27.70715" lon="85.30934"><ele>1290</ele><time>2022-10-21T09:22:31Z</time></trkpt>
    <trkpt lat="27.70708" lon="85.30947"><ele>1291</ele><time>2022-10-21T09:22:50Z</time></trkpt>
    <trkpt lat="27.70704" lon="85.30961"><ele>1291</ele><time>2022-10-21T09:23:08Z</time></trkpt>
    <trkpt lat="27.70706" lon="85.30975"><ele>1291</ele><time>2022-10-21T09:23:26Z</time></trkpt>
    <trkpt lat="27.70696" lon="85.30999"><ele>1299</ele><time>2022-10-21T09:24:48Z</time></trkpt>
    <trkpt lat="27.70698" lon="85.31014"><ele>1302</ele><time>2022-10-21T09:25:06Z</time></trkpt>
    <trkpt lat="27.70688" lon="85.31030"><ele>1297</ele><time>2022-10-21T09:25:25Z</time></trkpt>
    <trkpt lat="27.70675" lon="85.31043"><ele>1293</ele><time>2022-10-21T09:25:43Z</time></trkpt>
    <trkpt lat="27.70675" lon="85.31068"><ele>1296</ele><time>2022-10-21T09:26:02Z</time></trkpt>
    <trkpt lat="27.70674" lon="85.31080"><ele>1296</ele><time>2022-10-21T09:26:21Z</time></trkpt>
    <trkpt lat="27.70680" lon="85.31095"><ele>1302</ele><time>2022-10-21T09:26:40Z</time></trkpt>
    <trkpt lat="27.70683" lon="85.31107"><ele>1305</ele><time>2022-10-21T09:26:58Z</time></trkpt>
    <trkpt lat="27.70688" lon="85.31119"><ele>1310</ele><time>2022-10-21T09:27:17Z</time></trkpt>
    <trkpt lat="27.70694" lon="85.31131"><ele>1309</ele><time>2022-10-21T09:27:36Z</time></trkpt>
    <trkpt lat="27.70708" lon="85.31144"><ele>1302</ele><time>2022-10-21T09:28:32Z</time></trkpt>
    <trkpt lat="27.70711" lon="85.31164"><ele>1292</ele><time>2022-10-21T09:29:09Z</time></trkpt>
    <trkpt lat="27.70721" lon="85.31172"><ele>1302</ele><time>2022-10-21T09:29:27Z</time></trkpt>
    <trkpt lat="27.70731" lon="85.31196"><ele>1293</ele><time>2022-10-21T09:30:08Z</time></trkpt>
    <trkpt lat="27.70742" lon="85.31203"><ele>1286</ele><time>2022-10-21T09:30:27Z</time></trkpt>
    <trkpt lat="27.70750" lon="85.31219"><ele>1290</ele><time>2022-10-21T09:31:07Z</time></trkpt>
    <trkpt lat="27.70755" lon="85.31231"><ele>1289</ele><time>2022-10-21T09:31:24Z</time></trkpt>
    <trkpt lat="27.70761" lon="85.31240"><ele>1291</ele><time>2022-10-21T09:31:44Z</time></trkpt>
    <trkpt lat="27.70769" lon="85.31258"><ele>1291</ele><time>2022-10-21T09:32:03Z</time></trkpt>
    <trkpt lat="27.70771" lon="85.31274"><ele>1297</ele><time>2022-10-21T09:32:22Z</time></trkpt>
    <trkpt lat="27.70782" lon="85.31292"><ele>1301</ele><time>2022-10-21T09:32:40Z</time></trkpt>
    <trkpt lat="27.70792" lon="85.31301"><ele>1300</ele><time>2022-10-21T09:32:59Z</time></trkpt>
    <trkpt lat="27.70809" lon="85.31317"><ele>1300</ele><time>2022-10-21T09:33:41Z</time></trkpt>
    <trkpt lat="27.70821" lon="85.31317"><ele>1296</ele><time>2022-10-21T09:34:00Z</time></trkpt>
    <trkpt lat="27.70833" lon="85.31306"><ele>1298</ele><time>2022-10-21T09:34:18Z</time></trkpt>
    <trkpt lat="27.70836" lon="85.31317"><ele>1300</ele><time>2022-10-21T09:34:37Z</time></trkpt>
    <trkpt lat="27.70865" lon="85.31324"><ele>1300</ele><time>2022-10-21T09:34:55Z</time></trkpt>
    <trkpt lat="27.70881" lon="85.31321"><ele>1296</ele><time>2022-10-21T09:35:02Z</time></trkpt>
    <trkpt lat="27.70871" lon="85.31306"><ele>1311</ele><time>2022-10-21T09:35:20Z</time></trkpt>
    <trkpt lat="27.70886" lon="85.31303"><ele>1313</ele><time>2022-10-21T09:35:39Z</time></trkpt>
    <trkpt lat="27.70905" lon="85.31310"><ele>1298</ele><time>2022-10-21T09:35:58Z</time></trkpt>
    <trkpt lat="27.70926" lon="85.31321"><ele>1310</ele><time>2022-10-21T09:36:17Z</time></trkpt>
    <trkpt lat="27.70948" lon="85.31315"><ele>1305</ele><time>2022-10-21T09:36:36Z</time></trkpt>
    <trkpt lat="27.70957" lon="85.31306"><ele>1299</ele><time>2022-10-21T09:37:01Z</time></trkpt>
    <trkpt lat="27.70985" lon="85.31318"><ele>1294</ele><time>2022-10-21T09:37:19Z</time></trkpt>
    <trkpt lat="27.71004" lon="85.31327"><ele>1293</ele><time>2022-10-21T09:37:38Z</time></trkpt>
    <trkpt lat="27.71021" lon="85.31321"><ele>1292</ele><time>2022-10-21T09:37:57Z</time></trkpt>
    <trkpt lat="27.71025" lon="85.31304"><ele>1293</ele><time>2022-10-21T09:38:15Z</time></trkpt>
    <trkpt lat="27.71038" lon="85.31297"><ele>1296</ele><time>2022-10-21T09:38:34Z</time></trkpt>
    <trkpt lat="27.71050" lon="85.31301"><ele>1298</ele><time>2022-10-21T09:38:53Z</time></trkpt>
    <trkpt lat="27.71068" lon="85.31298"><ele>1296</ele><time>2022-10-21T09:39:12Z</time></trkpt>
    <trkpt lat="27.71086" lon="85.31305"><ele>1298</ele><time>2022-10-21T09:39:31Z</time></trkpt>
    <trkpt lat="27.71098" lon="85.31312"><ele>1296</ele><time>2022-10-21T09:39:50Z</time></trkpt>
    <trkpt lat="27.71112" lon="85.31312"><ele>1291</ele><time>2022-10-21T09:40:09Z</time></trkpt>
    <trkpt lat="27.71134" lon="85.31314"><ele>1297</ele><time>2022-10-21T09:40:27Z</time></trkpt>
    <trkpt lat="27.71152" lon="85.31309"><ele>1303</ele><time>2022-10-21T09:40:46Z</time></trkpt>
    <trkpt lat="27.71169" lon="85.31309"><ele>1299</ele><time>2022-10-21T09:41:05Z</time></trkpt>
    <trkpt lat="27.71188" lon="85.31316"><ele>1300</ele><time>2022-10-21T09:41:24Z</time></trkpt>
    <trkpt lat="27.71204" lon="85.31315"><ele>1308</ele><time>2022-10-21T09:41:43Z</time></trkpt>
    <trkpt lat="27.71227" lon="85.31318"><ele>1297</ele><time>2022-10-21T09:42:02Z</time></trkpt>
    <trkpt lat="27.71250" lon="85.31329"><ele>1303</ele><time>2022-10-21T09:42:20Z</time></trkpt>
    <trkpt lat="27.71254" lon="85.31319"><ele>1318</ele><time>2022-10-21T09:45:14Z</time></trkpt>
    <trkpt lat="27.71289" lon="85.31329"><ele>1299</ele><time>2022-10-21T09:47:05Z</time></trkpt>
    <trkpt lat="27.71283" lon="85.31320"><ele>1284</ele><time>2022-10-21T09:47:24Z</time></trkpt>
    <trkpt lat="27.71283" lon="85.31335"><ele>1297</ele><time>2022-10-21T09:47:42Z</time></trkpt>
  </trkseg>
  <trkseg>
    <trkpt lat="27.71075" lon="85.31311"><ele>1319</ele><time>2022-10-21T10:02:31Z</time></trkpt>
    <trkpt lat="27.71063" lon="85.31299"><ele>1294</ele><time>2022-10-21T10:02:49Z</time></trkpt>
    <trkpt lat="27.71045" lon="85.31288"><ele>1300</ele><time>2022-10-21T10:03:07Z</time></trkpt>
    <trkpt lat="27.71051" lon="85.31266"><ele>1297</ele><time>2022-10-21T10:03:52Z</time></trkpt>
    <trkpt lat="27.71048" lon="85.31253"><ele>1305</ele><time>2022-10-21T10:04:54Z</time></trkpt>
    <trkpt lat="27.71048" lon="85.31241"><ele>1314</ele><time>2022-10-21T10:05:12Z</time></trkpt>
    <trkpt lat="27.71064" lon="85.31231"><ele>1315</ele><time>2022-10-21T10:06:28Z</time></trkpt>
    <trkpt lat="27.71081" lon="85.31224"><ele>1316</ele><time>2022-10-21T10:06:47Z</time></trkpt>
    <trkpt lat="27.71095" lon="85.31213"><ele>1321</ele><time>2022-10-21T10:07:06Z</time></trkpt>
    <trkpt lat="27.71124" lon="85.31216"><ele>1324</ele><time>2022-10-21T10:07:46Z</time></trkpt>
    <trkpt lat="27.71140" lon="85.31211"><ele>1321</ele><time>2022-10-21T10:08:28Z</time></trkpt>
    <trkpt lat="27.71149" lon="85.31212"><ele>1320</ele><time>2022-10-21T10:09:14Z</time></trkpt>
    <trkpt lat="27.71180" lon="85.31215"><ele>1315</ele><time>2022-10-21T10:09:33Z</time></trkpt>
    <trkpt lat="27.71195" lon="85.31211"><ele>1325</ele><time>2022-10-21T10:09:52Z</time></trkpt>
    <trkpt lat="27.71209" lon="85.31208"><ele>1320</ele><time>2022-10-21T10:10:10Z</time></trkpt>
    <trkpt lat="27.71221" lon="85.31216"><ele>1318</ele><time>2022-10-21T10:10:28Z</time></trkpt>
    <trkpt lat="27.71233" lon="85.31216"><ele>1320</ele><time>2022-10-21T10:10:46Z</time></trkpt>
    <trkpt lat="27.71246" lon="85.31213"><ele>1316</ele><time>2022-10-21T10:11:05Z</time></trkpt>
    <trkpt lat="27.71259" lon="85.31217"><ele>1308</ele><time>2022-10-21T10:11:24Z</time></trkpt>
    <trkpt lat="27.71270" lon="85.31215"><ele>1306</ele><time>2022-10-21T10:11:42Z</time></trkpt>
    <trkpt lat="27.71288" lon="85.31219"><ele>1310</ele><time>2022-10-21T10:12:19Z</time></trkpt>
    <trkpt lat="27.71309" lon="85.31223"><ele>1320</ele><time>2022-10-21T10:13:42Z</time></trkpt>
    <trkpt lat="27.71324" lon="85.31219"><ele>1305</ele><time>2022-10-21T10:14:46Z</time></trkpt>
    <trkpt lat="27.71339" lon="85.31226"><ele>1298</ele><time>2022-10-21T10:16:01Z</time></trkpt>
    <trkpt lat="27.71350" lon="85.31223"><ele>1299</ele><time>2022-10-21T10:17:06Z</time></trkpt>
    <trkpt lat="27.71370" lon="85.31229"><ele>1317</ele><time>2022-10-21T10:17:56Z</time></trkpt>
    <trkpt lat="27.71369" lon="85.31241"><ele>1308</ele><time>2022-10-21T10:18:15Z</time></trkpt>
    <trkpt lat="27.71364" lon="85.31269"><ele>1306</ele><time>2022-10-21T10:18:34Z</time></trkpt>
    <trkpt lat="27.71365" lon="85.31247"><ele>1301</ele><time>2022-10-21T10:19:19Z</time></trkpt>
    <trkpt lat="27.71358" lon="85.31237"><ele>1303</ele><time>2022-10-21T10:19:37Z</time></trkpt>
    <trkpt lat="27.71380" lon="85.31234"><ele>1313</ele><time>2022-10-21T10:19:56Z</time></trkpt>
    <trkpt lat="27.71394" lon="85.31232"><ele>1309</ele><time>2022-10-21T10:20:15Z</time></trkpt>
    <trkpt lat="27.71411" lon="85.31232"><ele>1309</ele><time>2022-10-21T10:21:07Z</time></trkpt>
    <trkpt lat="27.71427" lon="85.31239"><ele>1316</ele><time>2022-10-21T10:21:25Z</time></trkpt>
    <trkpt lat="27.71426" lon="85.31256"><ele>1305</ele><time>2022-10-21T10:22:30Z</time></trkpt>
    <trkpt lat="27.71420" lon="85.31264"><ele>1304</ele><time>2022-10-21T10:22:48Z</time></trkpt>
    <trkpt lat="27.71419" lon="85.31276"><ele>1303</ele><time>2022-10-21T10:23:06Z</time></trkpt>
    <trkpt lat="27.71414" lon="85.31288"><ele>1302</ele><time>2022-10-21T10:23:25Z</time></trkpt>
    <trkpt lat="27.71413" lon="85.31302"><ele>1303</ele><time>2022-10-21T10:23:44Z</time></trkpt>
    <trkpt lat="27.71417" lon="85.31317"><ele>1309</ele><time>2022-10-21T10:24:02Z</time></trkpt>
    <trkpt lat="27.71418" lon="85.31339"><ele>1310</ele><time>2022-10-21T10:24:48Z</time></trkpt>
    <trkpt lat="27.71413" lon="85.31355"><ele>1315</ele><time>2022-10-21T10:25:31Z</time></trkpt>
    <trkpt lat="27.71411" lon="85.31373"><ele>1308</ele><time>2022-10-21T10:26:14Z</time></trkpt>
    <trkpt lat="27.71405" lon="85.31393"><ele>1305</ele><time>2022-10-21T10:27:14Z</time></trkpt>
    <trkpt lat="27.71402" lon="85.31383"><ele>1306</ele><time>2022-10-21T10:27:38Z</time></trkpt>
    <trkpt lat="27.71401" lon="85.31367"><ele>1304</ele><time>2022-10-21T10:27:56Z</time></trkpt>
    <trkpt lat="27.71404" lon="85.31350"><ele>1303</ele><time>2022-10-21T10:28:14Z</time></trkpt>
    <trkpt lat="27.71415" lon="85.31329"><ele>1312</ele><time>2022-10-21T10:28:32Z</time></trkpt>
    <trkpt lat="27.71420" lon="85.31314"><ele>1309</ele><time>2022-10-21T10:28:51Z</time></trkpt>
    <trkpt lat="27.71422" lon="85.31299"><ele>1318</ele><time>2022-10-21T10:29:09Z</time></trkpt>
    <trkpt lat="27.71416" lon="85.31278"><ele>1306</ele><time>2022-10-21T10:29:28Z</time></trkpt>
    <trkpt lat="27.71419" lon="85.31264"><ele>1299</ele><time>2022-10-21T10:29:47Z</time></trkpt>
    <trkpt lat="27.71417" lon="85.31248"><ele>1297</ele><time>2022-10-21T10:30:05Z</time></trkpt>
    <trkpt lat="27.71429" lon="85.31234"><ele>1303</ele><time>2022-10-21T10:30:24Z</time></trkpt>
    <trkpt lat="27.71438" lon="85.31211"><ele>1300</ele><time>2022-10-21T10:30:42Z</time></trkpt>
    <trkpt lat="27.71442" lon="85.31198"><ele>1300</ele><time>2022-10-21T10:31:00Z</time></trkpt>
    <trkpt lat="27.71432" lon="85.31198"><ele>1309</ele><time>2022-10-21T10:32:07Z</time></trkpt>
    <trkpt lat="27.71436" lon="85.31189"><ele>1320</ele><time>2022-10-21T10:33:54Z</time></trkpt>
    <trkpt lat="27.71421" lon="85.31176"><ele>1306</ele><time>2022-10-21T10:34:12Z</time></trkpt>
    <trkpt lat="27.71436" lon="85.31173"><ele>1297</ele><time>2022-10-21T10:46:10Z</time></trkpt>
    <trkpt lat="27.71434" lon="85.31154"><ele>1290</ele><time>2022-10-21T10:46:51Z</time></trkpt>
    <trkpt lat="27.71435" lon="85.31135"><ele>1308</ele><time>2022-10-21T10:47:29Z</time></trkpt>
    <trkpt lat="27.71451" lon="85.31130"><ele>1306</ele><time>2022-10-21T10:47:47Z</time></trkpt>
    <trkpt lat="27.71461" lon="85.31128"><ele>1312</ele><time>2022-10-21T10:48:05Z</time></trkpt>
    <trkpt lat="27.71476" lon="85.31128"><ele>1311</ele><time>2022-10-21T10:48:24Z</time></trkpt>
    <trkpt lat="27.71488" lon="85.31129"><ele>1313</ele><time>2022-10-21T10:48:42Z</time></trkpt>
    <trkpt lat="27.71504" lon="85.31136"><ele>1309</ele><time>2022-10-21T10:49:51Z</time></trkpt>
    <trkpt lat="27.71523" lon="85.31137"><ele>1321</ele><time>2022-10-21T10:50:10Z</time></trkpt>
    <trkpt lat="27.71523" lon="85.31119"><ele>1310</ele><time>2022-10-21T10:50:39Z</time></trkpt>
    <trkpt lat="27.71522" lon="85.31137"><ele>1316</ele><time>2022-10-21T10:51:09Z</time></trkpt>
    <trkpt lat="27.71516" lon="85.31129"><ele>1308</ele><time>2022-10-21T10:59:26Z</time></trkpt>
    <trkpt lat="27.71522" lon="85.31138"><ele>1316</ele><time>2022-10-21T10:59:41Z</time></trkpt>
    <trkpt lat="27.71532" lon="85.31138"><ele>1315</ele><time>2022-10-21T11:00:40Z</time></trkpt>
    <trkpt lat="27.71549" lon="85.31141"><ele>1310</ele><time>2022-10-21T11:00:59Z</time></trkpt>
    <trkpt lat="27.71561" lon="85.31149"><ele>1300</ele><time>2022-10-21T11:01:17Z</time></trkpt>
    <trkpt lat="27.71571" lon="85.31157"><ele>1303</ele><time>2022-10-21T11:01:36Z</time></trkpt>
    <trkpt lat="27.71588" lon="85.31153"><ele>1307</ele><time>2022-10-21T11:01:54Z</time></trkpt>
    <trkpt lat="27.71604" lon="85.31160"><ele>1313</ele><time>2022-10-21T11:02:36Z</time></trkpt>
    <trkpt lat="27.71617" lon="85.31162"><ele>1305</ele><time>2022-10-21T11:02:55Z</time></trkpt>
    <trkpt lat="27.71644" lon="85.31165"><ele>1311</ele><time>2022-10-21T11:03:33Z</time></trkpt>
    <trkpt lat="27.71663" lon="85.31174"><ele>1308</ele><time>2022-10-21T11:04:19Z</time></trkpt>
    <trkpt lat="27.71677" lon="85.31177"><ele>1303</ele><time>2022-10-21T11:04:38Z</time></trkpt>
    <trkpt lat="27.71653" lon="85.31163"><ele>1303</ele><time>2022-10-21T11:05:49Z</time></trkpt>
    <trkpt lat="27.71636" lon="85.31161"><ele>1304</ele><time>2022-10-21T11:06:08Z</time></trkpt>
    <trkpt lat="27.71627" lon="85.31163"><ele>1303</ele><time>2022-10-21T11:06:30Z</time></trkpt>
    <trkpt lat="27.71615" lon="85.31160"><ele>1301</ele><time>2022-10-21T11:06:49Z</time></trkpt>
    <trkpt lat="27.71599" lon="85.31155"><ele>1302</ele><time>2022-10-21T11:07:07Z</time></trkpt>
    <trkpt lat="27.71586" lon="85.31147"><ele>1302</ele><time>2022-10-21T11:07:26Z</time></trkpt>
    <trkpt lat="27.71568" lon="85.31144"><ele>1294</ele><time>2022-10-21T11:08:59Z</time></trkpt>
    <trkpt lat="27.71551" lon="85.31139"><ele>1299</ele><time>2022-10-21T11:09:17Z</time></trkpt>
    <trkpt lat="27.71542" lon="85.31142"><ele>1296</ele><time>2022-10-21T11:09:36Z</time></trkpt>
    <trkpt lat="27.71537" lon="85.31154"><ele>1306</ele><time>2022-10-21T11:20:17Z</time></trkpt>
    <trkpt lat="27.71545" lon="85.31146"><ele>1304</ele><time>2022-10-21T11:20:30Z</time></trkpt>
    <trkpt lat="27.71531" lon="85.31133"><ele>1308</ele><time>2022-10-21T11:20:55Z</time></trkpt>
    <trkpt lat="27.71514" lon="85.31134"><ele>1310</ele><time>2022-10-21T11:21:13Z</time></trkpt>
    <trkpt lat="27.71503" lon="85.31134"><ele>1313</ele><time>2022-10-21T11:21:32Z</time></trkpt>
    <trkpt lat="27.71491" lon="85.31137"><ele>1302</ele><time>2022-10-21T11:21:50Z</time></trkpt>
    <trkpt lat="27.71462" lon="85.31130"><ele>1305</ele><time>2022-10-21T11:22:33Z</time></trkpt>
    <trkpt lat="27.71446" lon="85.31133"><ele>1316</ele><time>2022-10-21T11:22:51Z</time></trkpt>
    <trkpt lat="27.71447" lon="85.31150"><ele>1315</ele><time>2022-10-21T11:23:46Z</time></trkpt>
    <trkpt lat="27.71434" lon="85.31214"><ele>1319</ele><time>2022-10-21T11:24:04Z</time></trkpt>
    <trkpt lat="27.71427" lon="85.31222"><ele>1311</ele><time>2022-10-21T11:24:22Z</time></trkpt>
    <trkpt lat="27.71425" lon="85.31239"><ele>1311</ele><time>2022-10-21T11:24:41Z</time></trkpt>
    <trkpt lat="27.71402" lon="85.31243"><ele>1307</ele><time>2022-10-21T11:26:28Z</time></trkpt>
    <trkpt lat="27.71387" lon="85.31243"><ele>1306</ele><time>2022-10-21T11:26:47Z</time></trkpt>
    <trkpt lat="27.71374" lon="85.31237"><ele>1299</ele><time>2022-10-21T11:27:05Z</time></trkpt>
    <trkpt lat="27.71362" lon="85.31232"><ele>1297</ele><time>2022-10-21T11:27:23Z</time></trkpt>
    <trkpt lat="27.71353" lon="85.31232"><ele>1289</ele><time>2022-10-21T11:27:43Z</time></trkpt>
    <trkpt lat="27.71339" lon="85.31234"><ele>1295</ele><time>2022-10-21T11:28:01Z</time></trkpt>
    <trkpt lat="27.71336" lon="85.31246"><ele>1288</ele><time>2022-10-21T11:28:24Z</time></trkpt>
    <trkpt lat="27.71323" lon="85.31279"><ele>1299</ele><time>2022-10-21T11:28:43Z</time></trkpt>
    <trkpt lat="27.71303" lon="85.31280"><ele>1298</ele><time>2022-10-21T11:29:19Z</time></trkpt>
    <trkpt lat="27.71288" lon="85.31279"><ele>1304</ele><time>2022-10-21T11:29:38Z</time></trkpt>
    <trkpt lat="27.71272" lon="85.31283"><ele>1300</ele><time>2022-10-21T11:29:57Z</time></trkpt>
    <trkpt lat="27.71252" lon="85.31276"><ele>1298</ele><time>2022-10-21T11:30:16Z</time></trkpt>
    <trkpt lat="27.71248" lon="85.31303"><ele>1303</ele><time>2022-10-21T11:31:15Z</time></trkpt>
    <trkpt lat="27.71293" lon="85.31333"><ele>1309</ele><time>2022-10-21T11:32:23Z</time></trkpt>
    <trkpt lat="27.71278" lon="85.31331"><ele>1307</ele><time>2022-10-21T11:33:27Z</time></trkpt>
    <trkpt lat="27.71280" lon="85.31319"><ele>1310</ele><time>2022-10-21T11:34:09Z</time></trkpt>
    <trkpt lat="27.71276" lon="85.31328"><ele>1324</ele><time>2022-10-21T11:34:44Z</time></trkpt>
    <trkpt lat="27.71267" lon="85.31309"><ele>1327</ele><time>2022-10-21T11:37:59Z</time></trkpt>
    <trkpt lat="27.71278" lon="85.31316"><ele>1319</ele><time>2022-10-21T11:38:49Z</time></trkpt>
    <trkpt lat="27.71289" lon="85.31341"><ele>1319</ele><time>2022-10-21T11:39:07Z</time></trkpt>
    <trkpt lat="27.71289" lon="85.31356"><ele>1324</ele><time>2022-10-21T11:39:26Z</time></trkpt>
    <trkpt lat="27.71287" lon="85.31367"><ele>1338</ele><time>2022-10-21T11:39:45Z</time></trkpt>
    <trkpt lat="27.71271" lon="85.31339"><ele>1320</ele><time>2022-10-21T12:10:26Z</time></trkpt>
    <trkpt lat="27.71287" lon="85.31285"><ele>1305</ele><time>2022-10-21T12:11:31Z</time></trkpt>
    <trkpt lat="27.71273" lon="85.31340"><ele>1323</ele><time>2022-10-21T12:11:49Z</time></trkpt>
    <trkpt lat="27.71249" lon="85.31311"><ele>1310</ele><time>2022-10-21T12:18:08Z</time></trkpt>
    <trkpt lat="27.71245" lon="85.31298"><ele>1308</ele><time>2022-10-21T12:18:38Z</time></trkpt>
    <trkpt lat="27.71257" lon="85.31275"><ele>1307</ele><time>2022-10-21T12:18:57Z</time></trkpt>
    <trkpt lat="27.71269" lon="85.31275"><ele>1309</ele><time>2022-10-21T12:19:16Z</time></trkpt>
    <trkpt lat="27.71294" lon="85.31276"><ele>1312</ele><time>2022-10-21T12:19:34Z</time></trkpt>
    <trkpt lat="27.71315" lon="85.31284"><ele>1307</ele><time>2022-10-21T12:19:52Z</time></trkpt>
    <trkpt lat="27.71329" lon="85.31277"><ele>1304</ele><time>2022-10-21T12:20:11Z</time></trkpt>
    <trkpt lat="27.71319" lon="85.31254"><ele>1297</ele><time>2022-10-21T12:20:30Z</time></trkpt>
    <trkpt lat="27.71332" lon="85.31241"><ele>1301</ele><time>2022-10-21T12:20:48Z</time></trkpt>
    <trkpt lat="27.71342" lon="85.31240"><ele>1305</ele><time>2022-10-21T12:21:20Z</time></trkpt>
    <trkpt lat="27.71368" lon="85.31236"><ele>1310</ele><time>2022-10-21T12:21:38Z</time></trkpt>
    <trkpt lat="27.71386" lon="85.31235"><ele>1303</ele><time>2022-10-21T12:21:57Z</time></trkpt>
    <trkpt lat="27.71404" lon="85.31230"><ele>1300</ele><time>2022-10-21T12:22:16Z</time></trkpt>
    <trkpt lat="27.71420" lon="85.31244"><ele>1297</ele><time>2022-10-21T12:22:34Z</time></trkpt>
    <trkpt lat="27.71433" lon="85.31243"><ele>1303</ele><time>2022-10-21T12:23:12Z</time></trkpt>
    <trkpt lat="27.71426" lon="85.31234"><ele>1303</ele><time>2022-10-21T12:23:51Z</time></trkpt>
    <trkpt lat="27.71435" lon="85.31238"><ele>1304</ele><time>2022-10-21T12:24:48Z</time></trkpt>
    <trkpt lat="27.71455" lon="85.31249"><ele>1305</ele><time>2022-10-21T12:25:06Z</time></trkpt>
    <trkpt lat="27.71462" lon="85.31257"><ele>1309</ele><time>2022-10-21T12:25:29Z</time></trkpt>
    <trkpt lat="27.71495" lon="85.31265"><ele>1306</ele><time>2022-10-21T12:25:47Z</time></trkpt>
    <trkpt lat="27.71533" lon="85.31248"><ele>1304</ele><time>2022-10-21T12:26:54Z</time></trkpt>
    <trkpt lat="27.71506" lon="85.31220"><ele>1270</ele><time>2022-10-21T12:27:12Z</time></trkpt>
    <trkpt lat="27.71513" lon="85.31192"><ele>1271</ele><time>2022-10-21T12:27:31Z</time></trkpt>
    <trkpt lat="27.71525" lon="85.31169"><ele>1286</ele><time>2022-10-21T12:27:50Z</time></trkpt>
    <trkpt lat="27.71530" lon="85.31148"><ele>1305</ele><time>2022-10-21T12:28:08Z</time></trkpt>
    <trkpt lat="27.71561" lon="85.31153"><ele>1303</ele><time>2022-10-21T12:28:27Z</time></trkpt>
    <trkpt lat="27.71585" lon="85.31158"><ele>1306</ele><time>2022-10-21T12:28:46Z</time></trkpt>
    <trkpt lat="27.71601" lon="85.31156"><ele>1318</ele><time>2022-10-21T12:29:04Z</time></trkpt>
    <trkpt lat="27.71610" lon="85.31153"><ele>1307</ele><time>2022-10-21T12:29:56Z</time></trkpt>
    <trkpt lat="27.71621" lon="85.31115"><ele>1300</ele><time>2022-10-21T12:30:15Z</time></trkpt>
    <trkpt lat="27.71628" lon="85.31095"><ele>1308</ele><time>2022-10-21T12:30:33Z</time></trkpt>
    <trkpt lat="27.71636" lon="85.31086"><ele>1309</ele><time>2022-10-21T12:30:52Z</time></trkpt>
    <trkpt lat="27.71660" lon="85.31065"><ele>1299</ele><time>2022-10-21T12:31:30Z</time></trkpt>
    <trkpt lat="27.71665" lon="85.31045"><ele>1299</ele><time>2022-10-21T12:31:49Z</time></trkpt>
    <trkpt lat="27.71676" lon="85.31035"><ele>1304</ele><time>2022-10-21T12:32:08Z</time></trkpt>
    <trkpt lat="27.71688" lon="85.31023"><ele>1307</ele><time>2022-10-21T12:32:48Z</time></trkpt>
    <trkpt lat="27.71699" lon="85.31022"><ele>1305</ele><time>2022-10-21T12:33:07Z</time></trkpt>
    <trkpt lat="27.71704" lon="85.31012"><ele>1310</ele><time>2022-10-21T12:33:39Z</time></trkpt>
    <trkpt lat="27.71696" lon="85.30997"><ele>1315</ele><time>2022-10-21T12:51:46Z</time></trkpt>
    <trkpt lat="27.71701" lon="85.31014"><ele>1308</ele><time>2022-10-21T12:52:12Z</time></trkpt>
    <trkpt lat="27.71690" lon="85.30993"><ele>1275</ele><time>2022-10-21T13:01:02Z</time></trkpt>
    <trkpt lat="27.71701" lon="85.31013"><ele>1309</ele><time>2022-10-21T13:01:33Z</time></trkpt>
    <trkpt lat="27.71706" lon="85.30994"><ele>1316</ele><time>2022-10-21T13:36:11Z</time></trkpt>
    <trkpt lat="27.71700" lon="85.31002"><ele>1320</ele><time>2022-10-21T13:37:54Z</time></trkpt>
    <trkpt lat="27.71682" lon="85.31022"><ele>1324</ele><time>2022-10-21T13:48:10Z</time></trkpt>
    <trkpt lat="27.71699" lon="85.31001"><ele>1317</ele><time>2022-10-21T13:48:29Z</time></trkpt>
    <trkpt lat="27.71714" lon="85.31005"><ele>1312</ele><time>2022-10-21T13:50:57Z</time></trkpt>
    <trkpt lat="27.71704" lon="85.31002"><ele>1308</ele><time>2022-10-21T13:51:15Z</time></trkpt>
    <trkpt lat="27.71692" lon="85.30976"><ele>1321</ele><time>2022-10-21T14:25:38Z</time></trkpt>
    <trkpt lat="27.71700" lon="85.30982"><ele>1320</ele><time>2022-10-21T14:26:01Z</time></trkpt>
    <trkpt lat="27.71711" lon="85.30997"><ele>1322</ele><time>2022-10-21T14:26:35Z</time></trkpt>
    <trkpt lat="27.71695" lon="85.31011"><ele>1333</ele><time>2022-10-21T14:27:56Z</time></trkpt>
    <trkpt lat="27.71704" lon="85.31017"><ele>1334</ele><time>2022-10-21T14:28:00Z</time></trkpt>
    <trkpt lat="27.71687" lon="85.31023"><ele>1322</ele><time>2022-10-21T14:29:41Z</time></trkpt>
    <trkpt lat="27.71672" lon="85.31037"><ele>1316</ele><time>2022-10-21T14:29:59Z</time></trkpt>
    <trkpt lat="27.71667" lon="85.31055"><ele>1319</ele><time>2022-10-21T14:30:17Z</time></trkpt>
    <trkpt lat="27.71658" lon="85.31064"><ele>1321</ele><time>2022-10-21T14:30:36Z</time></trkpt>
    <trkpt lat="27.71648" lon="85.31087"><ele>1318</ele><time>2022-10-21T14:30:54Z</time></trkpt>
    <trkpt lat="27.71638" lon="85.31088"><ele>1322</ele><time>2022-10-21T14:31:21Z</time></trkpt>
    <trkpt lat="27.71630" lon="85.31115"><ele>1323</ele><time>2022-10-21T14:31:40Z</time></trkpt>
    <trkpt lat="27.71593" lon="85.31134"><ele>1319</ele><time>2022-10-21T14:33:24Z</time></trkpt>
    <trkpt lat="27.71571" lon="85.31156"><ele>1309</ele><time>2022-10-21T14:33:42Z</time></trkpt>
    <trkpt lat="27.71563" lon="85.31144"><ele>1310</ele><time>2022-10-21T14:34:01Z</time></trkpt>
    <trkpt lat="27.71540" lon="85.31138"><ele>1315</ele><time>2022-10-21T14:34:19Z</time></trkpt>
    <trkpt lat="27.71526" lon="85.31139"><ele>1316</ele><time>2022-10-21T14:34:37Z</time></trkpt>
    <trkpt lat="27.71517" lon="85.31150"><ele>1330</ele><time>2022-10-21T14:34:56Z</time></trkpt>
    <trkpt lat="27.71512" lon="85.31165"><ele>1334</ele><time>2022-10-21T14:35:15Z</time></trkpt>
    <trkpt lat="27.71512" lon="85.31180"><ele>1325</ele><time>2022-10-21T14:35:41Z</time></trkpt>
    <trkpt lat="27.71506" lon="85.31193"><ele>1313</ele><time>2022-10-21T14:36:00Z</time></trkpt>
    <trkpt lat="27.71497" lon="85.31234"><ele>1330</ele><time>2022-10-21T14:36:18Z</time></trkpt>
    <trkpt lat="27.71494" lon="85.31247"><ele>1341</ele><time>2022-10-21T14:36:37Z</time></trkpt>
    <trkpt lat="27.71472" lon="85.31247"><ele>1321</ele><time>2022-10-21T14:37:29Z</time></trkpt>
    <trkpt lat="27.71451" lon="85.31238"><ele>1327</ele><time>2022-10-21T14:37:47Z</time></trkpt>
    <trkpt lat="27.71431" lon="85.31241"><ele>1333</ele><time>2022-10-21T14:38:05Z</time></trkpt>
    <trkpt lat="27.71413" lon="85.31246"><ele>1329</ele><time>2022-10-21T14:38:23Z</time></trkpt>
    <trkpt lat="27.71392" lon="85.31239"><ele>1331</ele><time>2022-10-21T14:38:42Z</time></trkpt>
    <trkpt lat="27.71373" lon="85.31233"><ele>1329</ele><time>2022-10-21T14:39:00Z</time></trkpt>
    <trkpt lat="27.71356" lon="85.31243"><ele>1332</ele><time>2022-10-21T14:39:18Z</time></trkpt>
    <trkpt lat="27.71344" lon="85.31235"><ele>1324</ele><time>2022-10-21T14:39:37Z</time></trkpt>
    <trkpt lat="27.71335" lon="85.31254"><ele>1331</ele><time>2022-10-21T14:39:56Z</time></trkpt>
    <trkpt lat="27.71327" lon="85.31274"><ele>1325</ele><time>2022-10-21T14:40:14Z</time></trkpt>
    <trkpt lat="27.71309" lon="85.31277"><ele>1317</ele><time>2022-10-21T14:40:32Z</time></trkpt>
    <trkpt lat="27.71294" lon="85.31276"><ele>1319</ele><time>2022-10-21T14:41:10Z</time></trkpt>
    <trkpt lat="27.71268" lon="85.31301"><ele>1319</ele><time>2022-10-21T14:41:29Z</time></trkpt>
    <trkpt lat="27.71263" lon="85.31270"><ele>1309</ele><time>2022-10-21T14:41:47Z</time></trkpt>
    <trkpt lat="27.71246" lon="85.31290"><ele>1317</ele><time>2022-10-21T14:42:06Z</time></trkpt>
    <trkpt lat="27.71257" lon="85.31290"><ele>1313</ele><time>2022-10-21T14:42:24Z</time></trkpt>
    <trkpt lat="27.71227" lon="85.31319"><ele>1314</ele><time>2022-10-21T14:42:42Z</time></trkpt>
    <trkpt lat="27.71251" lon="85.31316"><ele>1326</ele><time>2022-10-21T14:45:06Z</time></trkpt>
    <trkpt lat="27.71287" lon="85.31337"><ele>1324</ele><time>2022-10-21T14:45:09Z</time></trkpt>
    <trkpt lat="27.71278" lon="85.31352"><ele>1323</ele><time>2022-10-21T14:47:25Z</time></trkpt>
    <trkpt lat="27.71279" lon="85.31343"><ele>1320</ele><time>2022-10-21T15:00:10Z</time></trkpt>
  </trkseg>
</trk>
<trk>
  <name>Katmand-SyabruBesi</name>
  <trkseg>
    <trkpt lat="27.68723" lon="85.26676"><ele>1330</ele><time>2022-10-23T02:59:36Z</time></trkpt>
    <trkpt lat="27.68718" lon="85.26523"><ele>1348</ele><time>2022-10-23T02:59:55Z</time></trkpt>
    <trkpt lat="27.68710" lon="85.26473"><ele>1351</ele><time>2022-10-23T03:00:13Z</time></trkpt>
    <trkpt lat="27.68673" lon="85.26382"><ele>1355</ele><time>2022-10-23T03:00:32Z</time></trkpt>
    <trkpt lat="27.68625" lon="85.26271"><ele>1343</ele><time>2022-10-23T03:00:50Z</time></trkpt>
    <trkpt lat="27.68615" lon="85.26141"><ele>1337</ele><time>2022-10-23T03:01:09Z</time></trkpt>
    <trkpt lat="27.68623" lon="85.26035"><ele>1333</ele><time>2022-10-23T03:01:28Z</time></trkpt>
    <trkpt lat="27.68626" lon="85.25946"><ele>1331</ele><time>2022-10-23T03:01:47Z</time></trkpt>
    <trkpt lat="27.68631" lon="85.25776"><ele>1326</ele><time>2022-10-23T03:02:05Z</time></trkpt>
    <trkpt lat="27.68647" lon="85.25583"><ele>1330</ele><time>2022-10-23T03:02:24Z</time></trkpt>
    <trkpt lat="27.68655" lon="85.25480"><ele>1344</ele><time>2022-10-23T03:02:42Z</time></trkpt>
    <trkpt lat="27.68669" lon="85.25354"><ele>1353</ele><time>2022-10-23T03:03:00Z</time></trkpt>
    <trkpt lat="27.68679" lon="85.25269"><ele>1359</ele><time>2022-10-23T03:03:18Z</time></trkpt>
    <trkpt lat="27.68688" lon="85.25167"><ele>1359</ele><time>2022-10-23T03:03:37Z</time></trkpt>
    <trkpt lat="27.68691" lon="85.25124"><ele>1358</ele><time>2022-10-23T03:03:56Z</time></trkpt>
    <trkpt lat="27.68696" lon="85.25059"><ele>1358</ele><time>2022-10-23T03:04:14Z</time></trkpt>
    <trkpt lat="27.68704" lon="85.24973"><ele>1361</ele><time>2022-10-23T03:04:33Z</time></trkpt>
    <trkpt lat="27.68719" lon="85.24806"><ele>1364</ele><time>2022-10-23T03:04:52Z</time></trkpt>
    <trkpt lat="27.68731" lon="85.24682"><ele>1364</ele><time>2022-10-23T03:05:10Z</time></trkpt>
    <trkpt lat="27.68743" lon="85.24532"><ele>1367</ele><time>2022-10-23T03:05:29Z</time></trkpt>
    <trkpt lat="27.68753" lon="85.24403"><ele>1367</ele><time>2022-10-23T03:05:47Z</time></trkpt>
    <trkpt lat="27.68771" lon="85.24238"><ele>1368</ele><time>2022-10-23T03:06:06Z</time></trkpt>
    <trkpt lat="27.68786" lon="85.24079"><ele>1368</ele><time>2022-10-23T03:06:24Z</time></trkpt>
    <trkpt lat="27.68809" lon="85.23883"><ele>1376</ele><time>2022-10-23T03:06:42Z</time></trkpt>
    <trkpt lat="27.68825" lon="85.23673"><ele>1381</ele><time>2022-10-23T03:07:01Z</time></trkpt>
    <trkpt lat="27.68844" lon="85.23471"><ele>1388</ele><time>2022-10-23T03:07:19Z</time></trkpt>
    <trkpt lat="27.68863" lon="85.23272"><ele>1396</ele><time>2022-10-23T03:07:38Z</time></trkpt>
    <trkpt lat="27.68884" lon="85.23031"><ele>1402</ele><time>2022-10-23T03:07:56Z</time></trkpt>
    <trkpt lat="27.68906" lon="85.22833"><ele>1411</ele><time>2022-10-23T03:08:15Z</time></trkpt>
    <trkpt lat="27.68900" lon="85.22722"><ele>1421</ele><time>2022-10-23T03:08:34Z</time></trkpt>
    <trkpt lat="27.68957" lon="85.22587"><ele>1423</ele><time>2022-10-23T03:08:52Z</time></trkpt>
    <trkpt lat="27.68995" lon="85.22374"><ele>1426</ele><time>2022-10-23T03:09:11Z</time></trkpt>
    <trkpt lat="27.68983" lon="85.22245"><ele>1428</ele><time>2022-10-23T03:09:29Z</time></trkpt>
    <trkpt lat="27.69078" lon="85.22131"><ele>1431</ele><time>2022-10-23T03:09:48Z</time></trkpt>
    <trkpt lat="27.69230" lon="85.22048"><ele>1438</ele><time>2022-10-23T03:10:06Z</time></trkpt>
    <trkpt lat="27.69338" lon="85.21960"><ele>1440</ele><time>2022-10-23T03:10:25Z</time></trkpt>
    <trkpt lat="27.69382" lon="85.21846"><ele>1443</ele><time>2022-10-23T03:10:44Z</time></trkpt>
    <trkpt lat="27.69473" lon="85.21746"><ele>1448</ele><time>2022-10-23T03:11:03Z</time></trkpt>
    <trkpt lat="27.69593" lon="85.21614"><ele>1446</ele><time>2022-10-23T03:11:22Z</time></trkpt>
    <trkpt lat="27.69677" lon="85.21451"><ele>1442</ele><time>2022-10-23T03:11:41Z</time></trkpt>
    <trkpt lat="27.69781" lon="85.21203"><ele>1440</ele><time>2022-10-23T03:11:59Z</time></trkpt>
    <trkpt lat="27.69911" lon="85.21028"><ele>1439</ele><time>2022-10-23T03:12:18Z</time></trkpt>
    <trkpt lat="27.69954" lon="85.20788"><ele>1442</ele><time>2022-10-23T03:12:36Z</time></trkpt>
    <trkpt lat="27.70025" lon="85.20665"><ele>1450</ele><time>2022-10-23T03:12:55Z</time></trkpt>
    <trkpt lat="27.70056" lon="85.20592"><ele>1452</ele><time>2022-10-23T03:13:13Z</time></trkpt>
    <trkpt lat="27.70116" lon="85.20538"><ele>1452</ele><time>2022-10-23T03:13:32Z</time></trkpt>
    <trkpt lat="27.70278" lon="85.20539"><ele>1464</ele><time>2022-10-23T03:13:50Z</time></trkpt>
    <trkpt lat="27.70439" lon="85.20561"><ele>1470</ele><time>2022-10-23T03:14:09Z</time></trkpt>
    <trkpt lat="27.70514" lon="85.20681"><ele>1479</ele><time>2022-10-23T03:14:28Z</time></trkpt>
    <trkpt lat="27.70604" lon="85.20559"><ele>1492</ele><time>2022-10-23T03:14:46Z</time></trkpt>
    <trkpt lat="27.70736" lon="85.20522"><ele>1490</ele><time>2022-10-23T03:15:05Z</time></trkpt>
    <trkpt lat="27.70820" lon="85.20448"><ele>1483</ele><time>2022-10-23T03:15:24Z</time></trkpt>
    <trkpt lat="27.70957" lon="85.20410"><ele>1471</ele><time>2022-10-23T03:15:42Z</time></trkpt>
    <trkpt lat="27.71057" lon="85.20414"><ele>1466</ele><time>2022-10-23T03:16:00Z</time></trkpt>
    <trkpt lat="27.71207" lon="85.20450"><ele>1460</ele><time>2022-10-23T03:16:19Z</time></trkpt>
    <trkpt lat="27.71330" lon="85.20383"><ele>1455</ele><time>2022-10-23T03:16:37Z</time></trkpt>
    <trkpt lat="27.71318" lon="85.20263"><ele>1452</ele><time>2022-10-23T03:16:55Z</time></trkpt>
    <trkpt lat="27.71383" lon="85.20150"><ele>1445</ele><time>2022-10-23T03:17:14Z</time></trkpt>
    <trkpt lat="27.71423" lon="85.20029"><ele>1433</ele><time>2022-10-23T03:17:33Z</time></trkpt>
    <trkpt lat="27.71423" lon="85.19944"><ele>1419</ele><time>2022-10-23T03:17:51Z</time></trkpt>
    <trkpt lat="27.71516" lon="85.19849"><ele>1399</ele><time>2022-10-23T03:18:10Z</time></trkpt>
    <trkpt lat="27.71616" lon="85.19804"><ele>1391</ele><time>2022-10-23T03:18:29Z</time></trkpt>
    <trkpt lat="27.71651" lon="85.19776"><ele>1393</ele><time>2022-10-23T03:18:48Z</time></trkpt>
    <trkpt lat="27.71647" lon="85.19795"><ele>1394</ele><time>2022-10-23T03:20:00Z</time></trkpt>
    <trkpt lat="27.71657" lon="85.19791"><ele>1392</ele><time>2022-10-23T03:20:58Z</time></trkpt>
    <trkpt lat="27.71662" lon="85.19768"><ele>1392</ele><time>2022-10-23T03:21:17Z</time></trkpt>
    <trkpt lat="27.71660" lon="85.19758"><ele>1388</ele><time>2022-10-23T03:23:24Z</time></trkpt>
    <trkpt lat="27.71649" lon="85.19752"><ele>1393</ele><time>2022-10-23T03:27:35Z</time></trkpt>
    <trkpt lat="27.71547" lon="85.19756"><ele>1391</ele><time>2022-10-23T03:27:54Z</time></trkpt>
    <trkpt lat="27.71467" lon="85.19841"><ele>1380</ele><time>2022-10-23T03:28:12Z</time></trkpt>
    <trkpt lat="27.71330" lon="85.19905"><ele>1371</ele><time>2022-10-23T03:28:31Z</time></trkpt>
    <trkpt lat="27.71297" lon="85.20038"><ele>1362</ele><time>2022-10-23T03:28:49Z</time></trkpt>
    <trkpt lat="27.71194" lon="85.20064"><ele>1354</ele><time>2022-10-23T03:29:08Z</time></trkpt>
    <trkpt lat="27.71173" lon="85.20206"><ele>1344</ele><time>2022-10-23T03:29:27Z</time></trkpt>
    <trkpt lat="27.71084" lon="85.20227"><ele>1340</ele><time>2022-10-23T03:29:46Z</time></trkpt>
    <trkpt lat="27.71027" lon="85.20153"><ele>1326</ele><time>2022-10-23T03:30:04Z</time></trkpt>
    <trkpt lat="27.70986" lon="85.20047"><ele>1324</ele><time>2022-10-23T03:30:22Z</time></trkpt>
    <trkpt lat="27.70962" lon="85.20017"><ele>1321</ele><time>2022-10-23T03:30:41Z</time></trkpt>
    <trkpt lat="27.70897" lon="85.20037"><ele>1312</ele><time>2022-10-23T03:39:00Z</time></trkpt>
    <trkpt lat="27.70861" lon="85.20044"><ele>1303</ele><time>2022-10-23T03:39:19Z</time></trkpt>
    <trkpt lat="27.70831" lon="85.20044"><ele>1297</ele><time>2022-10-23T03:39:37Z</time></trkpt>
    <trkpt lat="27.70811" lon="85.20048"><ele>1302</ele><time>2022-10-23T03:39:56Z</time></trkpt>
    <trkpt lat="27.70786" lon="85.20053"><ele>1307</ele><time>2022-10-23T03:40:36Z</time></trkpt>
    <trkpt lat="27.70762" lon="85.20065"><ele>1308</ele><time>2022-10-23T03:41:14Z</time></trkpt>
    <trkpt lat="27.70741" lon="85.20082"><ele>1309</ele><time>2022-10-23T03:41:33Z</time></trkpt>
    <trkpt lat="27.70735" lon="85.20090"><ele>1312</ele><time>2022-10-23T03:41:57Z</time></trkpt>
    <trkpt lat="27.70703" lon="85.20119"><ele>1311</ele><time>2022-10-23T03:42:16Z</time></trkpt>
    <trkpt lat="27.70682" lon="85.20105"><ele>1308</ele><time>2022-10-23T03:42:34Z</time></trkpt>
    <trkpt lat="27.70685" lon="85.20076"><ele>1308</ele><time>2022-10-23T03:42:53Z</time></trkpt>
    <trkpt lat="27.70698" lon="85.20054"><ele>1305</ele><time>2022-10-23T03:43:12Z</time></trkpt>
    <trkpt lat="27.70713" lon="85.20029"><ele>1303</ele><time>2022-10-23T03:43:31Z</time></trkpt>
    <trkpt lat="27.70728" lon="85.20003"><ele>1298</ele><time>2022-10-23T03:43:49Z</time></trkpt>
    <trkpt lat="27.70745" lon="85.19983"><ele>1295</ele><time>2022-10-23T03:44:08Z</time></trkpt>
    <trkpt lat="27.70754" lon="85.19975"><ele>1292</ele><time>2022-10-23T03:44:26Z</time></trkpt>
    <trkpt lat="27.70760" lon="85.19966"><ele>1292</ele><time>2022-10-23T03:44:44Z</time></trkpt>
    <trkpt lat="27.70775" lon="85.19953"><ele>1297</ele><time>2022-10-23T03:53:26Z</time></trkpt>
    <trkpt lat="27.70805" lon="85.19931"><ele>1296</ele><time>2022-10-23T03:53:37Z</time></trkpt>
    <trkpt lat="27.70822" lon="85.19914"><ele>1299</ele><time>2022-10-23T03:53:55Z</time></trkpt>
    <trkpt lat="27.70862" lon="85.19880"><ele>1288</ele><time>2022-10-23T03:54:14Z</time></trkpt>
    <trkpt lat="27.70879" lon="85.19840"><ele>1289</ele><time>2022-10-23T03:54:32Z</time></trkpt>
    <trkpt lat="27.70907" lon="85.19786"><ele>1290</ele><time>2022-10-23T03:54:50Z</time></trkpt>
    <trkpt lat="27.70933" lon="85.19696"><ele>1288</ele><time>2022-10-23T03:55:09Z</time></trkpt>
    <trkpt lat="27.70919" lon="85.19582"><ele>1286</ele><time>2022-10-23T03:55:28Z</time></trkpt>
    <trkpt lat="27.70872" lon="85.19609"><ele>1296</ele><time>2022-10-23T03:55:47Z</time></trkpt>
    <trkpt lat="27.70842" lon="85.19629"><ele>1292</ele><time>2022-10-23T03:56:05Z</time></trkpt>
    <trkpt lat="27.70804" lon="85.19593"><ele>1389</ele><time>2022-10-23T03:56:23Z</time></trkpt>
    <trkpt lat="27.70838" lon="85.19553"><ele>1313</ele><time>2022-10-23T03:56:38Z</time></trkpt>
    <trkpt lat="27.70846" lon="85.19462"><ele>1291</ele><time>2022-10-23T03:56:56Z</time></trkpt>
    <trkpt lat="27.70822" lon="85.19366"><ele>1289</ele><time>2022-10-23T03:57:14Z</time></trkpt>
    <trkpt lat="27.70807" lon="85.19325"><ele>1272</ele><time>2022-10-23T03:57:40Z</time></trkpt>
    <trkpt lat="27.70903" lon="85.19241"><ele>1280</ele><time>2022-10-23T03:57:58Z</time></trkpt>
    <trkpt lat="27.70929" lon="85.19166"><ele>1278</ele><time>2022-10-23T03:58:05Z</time></trkpt>
    <trkpt lat="27.70958" lon="85.19067"><ele>1276</ele><time>2022-10-23T03:58:23Z</time></trkpt>
    <trkpt lat="27.71094" lon="85.19011"><ele>1289</ele><time>2022-10-23T03:58:43Z</time></trkpt>
    <trkpt lat="27.71166" lon="85.18889"><ele>1268</ele><time>2022-10-23T03:59:02Z</time></trkpt>
    <trkpt lat="27.71221" lon="85.18759"><ele>1254</ele><time>2022-10-23T03:59:21Z</time></trkpt>
    <trkpt lat="27.71241" lon="85.18653"><ele>1255</ele><time>2022-10-23T03:59:40Z</time></trkpt>
    <trkpt lat="27.71351" lon="85.18587"><ele>1255</ele><time>2022-10-23T03:59:59Z</time></trkpt>
    <trkpt lat="27.71439" lon="85.18472"><ele>1258</ele><time>2022-10-23T04:00:17Z</time></trkpt>
    <trkpt lat="27.71281" lon="85.18423"><ele>1255</ele><time>2022-10-23T04:00:48Z</time></trkpt>
    <trkpt lat="27.71161" lon="85.18415"><ele>1253</ele><time>2022-10-23T04:01:06Z</time></trkpt>
    <trkpt lat="27.71133" lon="85.18436"><ele>1249</ele><time>2022-10-23T04:01:13Z</time></trkpt>
    <trkpt lat="27.71176" lon="85.18294"><ele>1247</ele><time>2022-10-23T04:01:32Z</time></trkpt>
    <trkpt lat="27.71179" lon="85.18144"><ele>1309</ele><time>2022-10-23T04:01:50Z</time></trkpt>
    <trkpt lat="27.71072" lon="85.18261"><ele>1228</ele><time>2022-10-23T04:02:09Z</time></trkpt>
    <trkpt lat="27.71121" lon="85.18107"><ele>1273</ele><time>2022-10-23T04:02:28Z</time></trkpt>
    <trkpt lat="27.71252" lon="85.17988"><ele>1213</ele><time>2022-10-23T04:02:46Z</time></trkpt>
    <trkpt lat="27.71378" lon="85.18019"><ele>1167</ele><time>2022-10-23T04:03:05Z</time></trkpt>
    <trkpt lat="27.71390" lon="85.18024"><ele>1106</ele><time>2022-10-23T04:05:31Z</time></trkpt>
    <trkpt lat="27.71379" lon="85.18026"><ele>1101</ele><time>2022-10-23T04:08:38Z</time></trkpt>
    <trkpt lat="27.71372" lon="85.18037"><ele>1097</ele><time>2022-10-23T04:08:57Z</time></trkpt>
    <trkpt lat="27.71375" lon="85.18020"><ele>1101</ele><time>2022-10-23T04:24:26Z</time></trkpt>
    <trkpt lat="27.71384" lon="85.18017"><ele>1101</ele><time>2022-10-23T04:25:39Z</time></trkpt>
    <trkpt lat="27.71414" lon="85.17942"><ele>1093</ele><time>2022-10-23T04:25:57Z</time></trkpt>
    <trkpt lat="27.71516" lon="85.17768"><ele>1086</ele><time>2022-10-23T04:26:15Z</time></trkpt>
    <trkpt lat="27.71680" lon="85.17716"><ele>1080</ele><time>2022-10-23T04:26:34Z</time></trkpt>
    <trkpt lat="27.71786" lon="85.17592"><ele>1069</ele><time>2022-10-23T04:26:52Z</time></trkpt>
    <trkpt lat="27.71661" lon="85.17527"><ele>1065</ele><time>2022-10-23T04:27:10Z</time></trkpt>
    <trkpt lat="27.71720" lon="85.17386"><ele>1047</ele><time>2022-10-23T04:27:28Z</time></trkpt>
    <trkpt lat="27.71601" lon="85.17333"><ele>1042</ele><time>2022-10-23T04:27:47Z</time></trkpt>
    <trkpt lat="27.71568" lon="85.17268"><ele>1040</ele><time>2022-10-23T04:28:06Z</time></trkpt>
    <trkpt lat="27.71630" lon="85.17150"><ele>1034</ele><time>2022-10-23T04:28:24Z</time></trkpt>
    <trkpt lat="27.71536" lon="85.17067"><ele>1028</ele><time>2022-10-23T04:28:43Z</time></trkpt>
    <trkpt lat="27.71595" lon="85.16984"><ele>1022</ele><time>2022-10-23T04:29:02Z</time></trkpt>
    <trkpt lat="27.71698" lon="85.16974"><ele>1026</ele><time>2022-10-23T04:29:20Z</time></trkpt>
    <trkpt lat="27.71764" lon="85.16944"><ele>1028</ele><time>2022-10-23T04:29:39Z</time></trkpt>
    <trkpt lat="27.71835" lon="85.16972"><ele>1030</ele><time>2022-10-23T04:29:57Z</time></trkpt>
    <trkpt lat="27.71930" lon="85.16992"><ele>1031</ele><time>2022-10-23T04:30:16Z</time></trkpt>
    <trkpt lat="27.72012" lon="85.16894"><ele>1025</ele><time>2022-10-23T04:30:34Z</time></trkpt>
    <trkpt lat="27.71991" lon="85.16795"><ele>1022</ele><time>2022-10-23T04:30:53Z</time></trkpt>
    <trkpt lat="27.71994" lon="85.16710"><ele>1044</ele><time>2022-10-23T04:31:12Z</time></trkpt>
    <trkpt lat="27.72058" lon="85.16571"><ele>1027</ele><time>2022-10-23T04:31:30Z</time></trkpt>
    <trkpt lat="27.72012" lon="85.16515"><ele>1021</ele><time>2022-10-23T04:31:49Z</time></trkpt>
    <trkpt lat="27.71906" lon="85.16575"><ele>1118</ele><time>2022-10-23T04:32:08Z</time></trkpt>
    <trkpt lat="27.71835" lon="85.16470"><ele>1076</ele><time>2022-10-23T04:32:26Z</time></trkpt>
    <trkpt lat="27.71759" lon="85.16313"><ele>1014</ele><time>2022-10-23T04:32:45Z</time></trkpt>
    <trkpt lat="27.71758" lon="85.16119"><ele>1003</ele><time>2022-10-23T04:33:03Z</time></trkpt>
    <trkpt lat="27.71741" lon="85.15879"><ele>991</ele><time>2022-10-23T04:33:22Z</time></trkpt>
    <trkpt lat="27.71735" lon="85.15698"><ele>996</ele><time>2022-10-23T04:33:41Z</time></trkpt>
    <trkpt lat="27.71869" lon="85.15524"><ele>982</ele><time>2022-10-23T04:33:59Z</time></trkpt>
    <trkpt lat="27.71941" lon="85.15368"><ele>959</ele><time>2022-10-23T04:34:17Z</time></trkpt>
    <trkpt lat="27.71879" lon="85.15276"><ele>951</ele><time>2022-10-23T04:34:36Z</time></trkpt>
    <trkpt lat="27.71772" lon="85.15232"><ele>945</ele><time>2022-10-23T04:34:55Z</time></trkpt>
    <trkpt lat="27.71719" lon="85.15139"><ele>992</ele><time>2022-10-23T04:35:14Z</time></trkpt>
    <trkpt lat="27.71634" lon="85.15158"><ele>946</ele><time>2022-10-23T04:35:33Z</time></trkpt>
    <trkpt lat="27.71579" lon="85.15186"><ele>938</ele><time>2022-10-23T04:35:51Z</time></trkpt>
    <trkpt lat="27.71544" lon="85.15131"><ele>932</ele><time>2022-10-23T04:36:10Z</time></trkpt>
    <trkpt lat="27.71617" lon="85.15000"><ele>961</ele><time>2022-10-23T04:36:29Z</time></trkpt>
    <trkpt lat="27.71783" lon="85.14882"><ele>910</ele><time>2022-10-23T04:36:47Z</time></trkpt>
    <trkpt lat="27.71943" lon="85.14692"><ele>888</ele><time>2022-10-23T04:37:06Z</time></trkpt>
    <trkpt lat="27.72102" lon="85.14504"><ele>878</ele><time>2022-10-23T04:37:25Z</time></trkpt>
    <trkpt lat="27.72229" lon="85.14364"><ele>860</ele><time>2022-10-23T04:37:43Z</time></trkpt>
    <trkpt lat="27.72386" lon="85.14243"><ele>846</ele><time>2022-10-23T04:38:02Z</time></trkpt>
    <trkpt lat="27.72529" lon="85.14121"><ele>840</ele><time>2022-10-23T04:38:21Z</time></trkpt>
    <trkpt lat="27.72732" lon="85.13929"><ele>830</ele><time>2022-10-23T04:38:40Z</time></trkpt>
    <trkpt lat="27.72923" lon="85.13766"><ele>821</ele><time>2022-10-23T04:38:59Z</time></trkpt>
    <trkpt lat="27.73159" lon="85.13711"><ele>799</ele><time>2022-10-23T04:39:18Z</time></trkpt>
    <trkpt lat="27.73373" lon="85.13596"><ele>788</ele><time>2022-10-23T04:39:37Z</time></trkpt>
    <trkpt lat="27.73425" lon="85.13500"><ele>788</ele><time>2022-10-23T04:39:55Z</time></trkpt>
    <trkpt lat="27.73495" lon="85.13363"><ele>781</ele><time>2022-10-23T04:40:14Z</time></trkpt>
    <trkpt lat="27.73594" lon="85.13173"><ele>775</ele><time>2022-10-23T04:40:33Z</time></trkpt>
    <trkpt lat="27.73672" lon="85.12948"><ele>761</ele><time>2022-10-23T04:40:51Z</time></trkpt>
    <trkpt lat="27.73704" lon="85.12657"><ele>757</ele><time>2022-10-23T04:41:10Z</time></trkpt>
    <trkpt lat="27.73739" lon="85.12404"><ele>757</ele><time>2022-10-23T04:41:29Z</time></trkpt>
    <trkpt lat="27.73857" lon="85.12191"><ele>748</ele><time>2022-10-23T04:41:47Z</time></trkpt>
    <trkpt lat="27.73993" lon="85.12030"><ele>750</ele><time>2022-10-23T04:42:05Z</time></trkpt>
    <trkpt lat="27.74076" lon="85.11828"><ele>731</ele><time>2022-10-23T04:42:23Z</time></trkpt>
    <trkpt lat="27.74231" lon="85.11691"><ele>729</ele><time>2022-10-23T04:42:41Z</time></trkpt>
    <trkpt lat="27.74392" lon="85.11521"><ele>738</ele><time>2022-10-23T04:43:00Z</time></trkpt>
    <trkpt lat="27.74383" lon="85.11325"><ele>740</ele><time>2022-10-23T04:43:19Z</time></trkpt>
    <trkpt lat="27.74397" lon="85.11114"><ele>728</ele><time>2022-10-23T04:43:38Z</time></trkpt>
    <trkpt lat="27.74321" lon="85.10863"><ele>714</ele><time>2022-10-23T04:43:57Z</time></trkpt>
    <trkpt lat="27.74323" lon="85.10636"><ele>704</ele><time>2022-10-23T04:44:15Z</time></trkpt>
    <trkpt lat="27.74400" lon="85.10331"><ele>808</ele><time>2022-10-23T04:44:34Z</time></trkpt>
    <trkpt lat="27.74469" lon="85.10090"><ele>690</ele><time>2022-10-23T04:44:52Z</time></trkpt>
    <trkpt lat="27.74441" lon="85.09836"><ele>682</ele><time>2022-10-23T04:45:11Z</time></trkpt>
    <trkpt lat="27.74503" lon="85.09554"><ele>671</ele><time>2022-10-23T04:45:29Z</time></trkpt>
    <trkpt lat="27.74645" lon="85.09331"><ele>674</ele><time>2022-10-23T04:45:47Z</time></trkpt>
    <trkpt lat="27.74703" lon="85.09040"><ele>665</ele><time>2022-10-23T04:46:06Z</time></trkpt>
    <trkpt lat="27.74680" lon="85.08811"><ele>655</ele><time>2022-10-23T04:46:25Z</time></trkpt>
    <trkpt lat="27.74479" lon="85.08732"><ele>652</ele><time>2022-10-23T04:46:43Z</time></trkpt>
    <trkpt lat="27.74502" lon="85.08463"><ele>642</ele><time>2022-10-23T04:47:02Z</time></trkpt>
    <trkpt lat="27.74643" lon="85.08280"><ele>636</ele><time>2022-10-23T04:47:21Z</time></trkpt>
    <trkpt lat="27.74694" lon="85.08086"><ele>634</ele><time>2022-10-23T04:47:39Z</time></trkpt>
    <trkpt lat="27.74703" lon="85.07789"><ele>628</ele><time>2022-10-23T04:47:57Z</time></trkpt>
    <trkpt lat="27.74864" lon="85.07571"><ele>618</ele><time>2022-10-23T04:48:16Z</time></trkpt>
    <trkpt lat="27.74969" lon="85.07315"><ele>614</ele><time>2022-10-23T04:48:35Z</time></trkpt>
    <trkpt lat="27.74986" lon="85.07078"><ele>615</ele><time>2022-10-23T04:48:53Z</time></trkpt>
    <trkpt lat="27.75182" lon="85.07019"><ele>614</ele><time>2022-10-23T04:49:12Z</time></trkpt>
    <trkpt lat="27.75138" lon="85.06849"><ele>610</ele><time>2022-10-23T04:49:30Z</time></trkpt>
    <trkpt lat="27.75166" lon="85.06636"><ele>607</ele><time>2022-10-23T04:49:49Z</time></trkpt>
    <trkpt lat="27.75206" lon="85.06567"><ele>606</ele><time>2022-10-23T04:50:07Z</time></trkpt>
    <trkpt lat="27.75263" lon="85.06463"><ele>598</ele><time>2022-10-23T04:50:25Z</time></trkpt>
    <trkpt lat="27.75340" lon="85.06316"><ele>601</ele><time>2022-10-23T04:50:43Z</time></trkpt>
    <trkpt lat="27.75304" lon="85.06134"><ele>610</ele><time>2022-10-23T04:51:02Z</time></trkpt>
    <trkpt lat="27.75135" lon="85.06024"><ele>596</ele><time>2022-10-23T04:51:21Z</time></trkpt>
    <trkpt lat="27.75061" lon="85.05824"><ele>585</ele><time>2022-10-23T04:51:39Z</time></trkpt>
    <trkpt lat="27.74940" lon="85.05650"><ele>580</ele><time>2022-10-23T04:51:58Z</time></trkpt>
    <trkpt lat="27.74861" lon="85.05450"><ele>585</ele><time>2022-10-23T04:52:16Z</time></trkpt>
    <trkpt lat="27.74900" lon="85.05306"><ele>576</ele><time>2022-10-23T04:52:35Z</time></trkpt>
    <trkpt lat="27.75026" lon="85.05294"><ele>572</ele><time>2022-10-23T04:52:53Z</time></trkpt>
    <trkpt lat="27.75175" lon="85.05224"><ele>577</ele><time>2022-10-23T04:53:11Z</time></trkpt>
    <trkpt lat="27.75105" lon="85.05041"><ele>582</ele><time>2022-10-23T04:53:30Z</time></trkpt>
    <trkpt lat="27.75024" lon="85.04976"><ele>589</ele><time>2022-10-23T04:53:48Z</time></trkpt>
    <trkpt lat="27.74991" lon="85.04926"><ele>586</ele><time>2022-10-23T04:54:06Z</time></trkpt>
    <trkpt lat="27.74979" lon="85.04914"><ele>586</ele><time>2022-10-23T04:54:25Z</time></trkpt>
    <trkpt lat="27.74962" lon="85.04901"><ele>589</ele><time>2022-10-23T04:54:44Z</time></trkpt>
    <trkpt lat="27.74918" lon="85.04805"><ele>587</ele><time>2022-10-23T04:55:03Z</time></trkpt>
    <trkpt lat="27.74969" lon="85.04561"><ele>578</ele><time>2022-10-23T04:55:22Z</time></trkpt>
    <trkpt lat="27.75133" lon="85.04427"><ele>577</ele><time>2022-10-23T04:55:40Z</time></trkpt>
    <trkpt lat="27.75383" lon="85.04504"><ele>571</ele><time>2022-10-23T04:55:59Z</time></trkpt>
    <trkpt lat="27.75570" lon="85.04490"><ele>562</ele><time>2022-10-23T04:56:17Z</time></trkpt>
    <trkpt lat="27.75743" lon="85.04412"><ele>558</ele><time>2022-10-23T04:56:35Z</time></trkpt>
    <trkpt lat="27.75948" lon="85.04360"><ele>580</ele><time>2022-10-23T04:56:54Z</time></trkpt>
    <trkpt lat="27.76171" lon="85.04494"><ele>536</ele><time>2022-10-23T04:57:13Z</time></trkpt>
    <trkpt lat="27.76415" lon="85.04549"><ele>538</ele><time>2022-10-23T04:57:32Z</time></trkpt>
    <trkpt lat="27.76567" lon="85.04408"><ele>529</ele><time>2022-10-23T04:57:51Z</time></trkpt>
    <trkpt lat="27.76640" lon="85.04232"><ele>523</ele><time>2022-10-23T04:58:09Z</time></trkpt>
    <trkpt lat="27.76716" lon="85.03950"><ele>522</ele><time>2022-10-23T04:58:28Z</time></trkpt>
    <trkpt lat="27.76780" lon="85.03740"><ele>521</ele><time>2022-10-23T04:58:46Z</time></trkpt>
    <trkpt lat="27.76937" lon="85.03611"><ele>508</ele><time>2022-10-23T04:59:05Z</time></trkpt>
    <trkpt lat="27.77052" lon="85.03411"><ele>527</ele><time>2022-10-23T04:59:23Z</time></trkpt>
    <trkpt lat="27.77247" lon="85.03330"><ele>502</ele><time>2022-10-23T04:59:42Z</time></trkpt>
    <trkpt lat="27.77387" lon="85.03318"><ele>493</ele><time>2022-10-23T05:00:01Z</time></trkpt>
    <trkpt lat="27.77376" lon="85.03109"><ele>494</ele><time>2022-10-23T05:00:19Z</time></trkpt>
    <trkpt lat="27.77340" lon="85.02846"><ele>496</ele><time>2022-10-23T05:00:37Z</time></trkpt>
    <trkpt lat="27.77415" lon="85.02629"><ele>484</ele><time>2022-10-23T05:00:56Z</time></trkpt>
    <trkpt lat="27.77570" lon="85.02539"><ele>481</ele><time>2022-10-23T05:01:14Z</time></trkpt>
    <trkpt lat="27.77691" lon="85.02487"><ele>479</ele><time>2022-10-23T05:01:33Z</time></trkpt>
    <trkpt lat="27.77762" lon="85.02446"><ele>480</ele><time>2022-10-23T05:01:51Z</time></trkpt>
    <trkpt lat="27.77945" lon="85.02355"><ele>477</ele><time>2022-10-23T05:02:09Z</time></trkpt>
    <trkpt lat="27.78014" lon="85.02164"><ele>482</ele><time>2022-10-23T05:02:28Z</time></trkpt>
    <trkpt lat="27.77990" lon="85.01973"><ele>490</ele><time>2022-10-23T05:02:46Z</time></trkpt>
    <trkpt lat="27.77987" lon="85.01887"><ele>490</ele><time>2022-10-23T05:02:52Z</time></trkpt>
    <trkpt lat="27.78021" lon="85.01684"><ele>498</ele><time>2022-10-23T05:03:11Z</time></trkpt>
    <trkpt lat="27.78050" lon="85.01588"><ele>501</ele><time>2022-10-23T05:03:30Z</time></trkpt>
    <trkpt lat="27.78074" lon="85.01451"><ele>510</ele><time>2022-10-23T05:03:48Z</time></trkpt>
    <trkpt lat="27.78069" lon="85.01421"><ele>518</ele><time>2022-10-23T05:04:07Z</time></trkpt>
    <trkpt lat="27.78067" lon="85.01379"><ele>512</ele><time>2022-10-23T05:04:25Z</time></trkpt>
    <trkpt lat="27.78158" lon="85.01367"><ele>517</ele><time>2022-10-23T05:04:43Z</time></trkpt>
    <trkpt lat="27.78353" lon="85.01307"><ele>515</ele><time>2022-10-23T05:05:02Z</time></trkpt>
    <trkpt lat="27.78493" lon="85.01169"><ele>500</ele><time>2022-10-23T05:05:20Z</time></trkpt>
    <trkpt lat="27.78661" lon="85.01099"><ele>489</ele><time>2022-10-23T05:05:39Z</time></trkpt>
    <trkpt lat="27.78733" lon="85.01063"><ele>494</ele><time>2022-10-23T05:05:57Z</time></trkpt>
    <trkpt lat="27.78913" lon="85.01057"><ele>499</ele><time>2022-10-23T05:06:16Z</time></trkpt>
    <trkpt lat="27.79095" lon="85.00988"><ele>502</ele><time>2022-10-23T05:06:34Z</time></trkpt>
    <trkpt lat="27.79209" lon="85.00888"><ele>507</ele><time>2022-10-23T05:06:53Z</time></trkpt>
    <trkpt lat="27.79339" lon="85.00797"><ele>496</ele><time>2022-10-23T05:07:12Z</time></trkpt>
    <trkpt lat="27.79505" lon="85.00732"><ele>492</ele><time>2022-10-23T05:07:31Z</time></trkpt>
    <trkpt lat="27.79654" lon="85.00615"><ele>481</ele><time>2022-10-23T05:07:49Z</time></trkpt>
    <trkpt lat="27.79732" lon="85.00436"><ele>471</ele><time>2022-10-23T05:08:07Z</time></trkpt>
    <trkpt lat="27.79789" lon="85.00242"><ele>459</ele><time>2022-10-23T05:08:26Z</time></trkpt>
    <trkpt lat="27.79865" lon="85.00108"><ele>451</ele><time>2022-10-23T05:08:45Z</time></trkpt>
    <trkpt lat="27.79740" lon="85.00021"><ele>438</ele><time>2022-10-23T05:09:04Z</time></trkpt>
    <trkpt lat="27.79596" lon="85.00034"><ele>434</ele><time>2022-10-23T05:09:23Z</time></trkpt>
    <trkpt lat="27.79714" lon="84.99991"><ele>429</ele><time>2022-10-23T05:09:41Z</time></trkpt>
    <trkpt lat="27.79933" lon="84.99966"><ele>428</ele><time>2022-10-23T05:09:59Z</time></trkpt>
    <trkpt lat="27.80050" lon="85.00153"><ele>423</ele><time>2022-10-23T05:10:18Z</time></trkpt>
    <trkpt lat="27.80203" lon="85.00424"><ele>425</ele><time>2022-10-23T05:10:37Z</time></trkpt>
    <trkpt lat="27.80372" lon="85.00660"><ele>430</ele><time>2022-10-23T05:10:56Z</time></trkpt>
    <trkpt lat="27.80455" lon="85.00937"><ele>428</ele><time>2022-10-23T05:11:15Z</time></trkpt>
    <trkpt lat="27.80590" lon="85.01229"><ele>428</ele><time>2022-10-23T05:11:33Z</time></trkpt>
    <trkpt lat="27.80723" lon="85.01471"><ele>430</ele><time>2022-10-23T05:11:51Z</time></trkpt>
    <trkpt lat="27.80943" lon="85.01519"><ele>426</ele><time>2022-10-23T05:12:10Z</time></trkpt>
    <trkpt lat="27.80964" lon="85.01584"><ele>422</ele><time>2022-10-23T05:12:28Z</time></trkpt>
    <trkpt lat="27.80991" lon="85.01631"><ele>415</ele><time>2022-10-23T05:12:47Z</time></trkpt>
    <trkpt lat="27.81043" lon="85.01593"><ele>417</ele><time>2022-10-23T05:13:06Z</time></trkpt>
    <trkpt lat="27.81056" lon="85.01528"><ele>420</ele><time>2022-10-23T05:13:25Z</time></trkpt>
    <trkpt lat="27.81058" lon="85.01518"><ele>428</ele><time>2022-10-23T05:14:54Z</time></trkpt>
    <trkpt lat="27.81039" lon="85.01403"><ele>430</ele><time>2022-10-23T05:15:12Z</time></trkpt>
    <trkpt lat="27.81225" lon="85.01406"><ele>446</ele><time>2022-10-23T05:15:31Z</time></trkpt>
    <trkpt lat="27.81410" lon="85.01494"><ele>455</ele><time>2022-10-23T05:15:50Z</time></trkpt>
    <trkpt lat="27.81615" lon="85.01641"><ele>455</ele><time>2022-10-23T05:16:09Z</time></trkpt>
    <trkpt lat="27.81842" lon="85.01761"><ele>448</ele><time>2022-10-23T05:16:27Z</time></trkpt>
    <trkpt lat="27.82057" lon="85.01859"><ele>447</ele><time>2022-10-23T05:16:46Z</time></trkpt>
    <trkpt lat="27.82303" lon="85.01941"><ele>446</ele><time>2022-10-23T05:17:05Z</time></trkpt>
    <trkpt lat="27.82544" lon="85.02039"><ele>443</ele><time>2022-10-23T05:17:23Z</time></trkpt>
    <trkpt lat="27.82774" lon="85.02174"><ele>438</ele><time>2022-10-23T05:17:41Z</time></trkpt>
    <trkpt lat="27.83039" lon="85.02238"><ele>438</ele><time>2022-10-23T05:18:00Z</time></trkpt>
    <trkpt lat="27.83244" lon="85.02335"><ele>445</ele><time>2022-10-23T05:18:18Z</time></trkpt>
    <trkpt lat="27.83418" lon="85.02425"><ele>444</ele><time>2022-10-23T05:18:36Z</time></trkpt>
    <trkpt lat="27.83464" lon="85.02468"><ele>444</ele><time>2022-10-23T05:18:55Z</time></trkpt>
    <trkpt lat="27.83487" lon="85.02424"><ele>446</ele><time>2022-10-23T05:19:13Z</time></trkpt>
    <trkpt lat="27.83551" lon="85.02409"><ele>451</ele><time>2022-10-23T05:19:31Z</time></trkpt>
    <trkpt lat="27.83556" lon="85.02398"><ele>452</ele><time>2022-10-23T05:20:17Z</time></trkpt>
    <trkpt lat="27.83538" lon="85.02389"><ele>449</ele><time>2022-10-23T05:20:35Z</time></trkpt>
    <trkpt lat="27.83512" lon="85.02384"><ele>444</ele><time>2022-10-23T05:20:53Z</time></trkpt>
    <trkpt lat="27.83520" lon="85.02360"><ele>438</ele><time>2022-10-23T05:21:12Z</time></trkpt>
    <trkpt lat="27.83527" lon="85.02342"><ele>430</ele><time>2022-10-23T05:21:31Z</time></trkpt>
    <trkpt lat="27.83536" lon="85.02321"><ele>426</ele><time>2022-10-23T05:21:50Z</time></trkpt>
    <trkpt lat="27.83545" lon="85.02298"><ele>424</ele><time>2022-10-23T05:22:08Z</time></trkpt>
    <trkpt lat="27.83552" lon="85.02291"><ele>422</ele><time>2022-10-23T05:22:28Z</time></trkpt>
    <trkpt lat="27.83555" lon="85.02282"><ele>424</ele><time>2022-10-23T05:23:14Z</time></trkpt>
    <trkpt lat="27.83562" lon="85.02262"><ele>422</ele><time>2022-10-23T05:23:32Z</time></trkpt>
    <trkpt lat="27.83571" lon="85.02240"><ele>419</ele><time>2022-10-23T05:23:50Z</time></trkpt>
    <trkpt lat="27.83581" lon="85.02216"><ele>420</ele><time>2022-10-23T05:24:08Z</time></trkpt>
    <trkpt lat="27.83587" lon="85.02194"><ele>421</ele><time>2022-10-23T05:24:27Z</time></trkpt>
    <trkpt lat="27.83594" lon="85.02177"><ele>416</ele><time>2022-10-23T05:24:45Z</time></trkpt>
    <trkpt lat="27.83607" lon="85.02151"><ele>425</ele><time>2022-10-23T05:26:58Z</time></trkpt>
    <trkpt lat="27.83613" lon="85.02134"><ele>429</ele><time>2022-10-23T05:28:01Z</time></trkpt>
    <trkpt lat="27.83617" lon="85.02116"><ele>430</ele><time>2022-10-23T05:28:20Z</time></trkpt>
    <trkpt lat="27.83623" lon="85.02105"><ele>433</ele><time>2022-10-23T05:28:38Z</time></trkpt>
    <trkpt lat="27.83619" lon="85.02124"><ele>437</ele><time>2022-10-23T05:30:40Z</time></trkpt>
    <trkpt lat="27.83625" lon="85.02102"><ele>437</ele><time>2022-10-23T05:32:42Z</time></trkpt>
    <trkpt lat="27.83614" lon="85.02090"><ele>442</ele><time>2022-10-23T05:35:16Z</time></trkpt>
    <trkpt lat="27.83622" lon="85.02105"><ele>438</ele><time>2022-10-23T05:36:46Z</time></trkpt>
    <trkpt lat="27.83614" lon="85.02128"><ele>443</ele><time>2022-10-23T05:37:32Z</time></trkpt>
    <trkpt lat="27.83606" lon="85.02141"><ele>444</ele><time>2022-10-23T05:37:51Z</time></trkpt>
    <trkpt lat="27.83602" lon="85.02155"><ele>443</ele><time>2022-10-23T05:38:09Z</time></trkpt>
    <trkpt lat="27.83595" lon="85.02173"><ele>439</ele><time>2022-10-23T05:38:28Z</time></trkpt>
    <trkpt lat="27.83588" lon="85.02196"><ele>433</ele><time>2022-10-23T05:38:47Z</time></trkpt>
    <trkpt lat="27.83575" lon="85.02224"><ele>431</ele><time>2022-10-23T05:39:06Z</time></trkpt>
    <trkpt lat="27.83565" lon="85.02251"><ele>428</ele><time>2022-10-23T05:39:25Z</time></trkpt>
    <trkpt lat="27.83558" lon="85.02273"><ele>426</ele><time>2022-10-23T05:39:44Z</time></trkpt>
    <trkpt lat="27.83550" lon="85.02292"><ele>429</ele><time>2022-10-23T05:40:03Z</time></trkpt>
    <trkpt lat="27.83541" lon="85.02309"><ele>427</ele><time>2022-10-23T05:40:21Z</time></trkpt>
    <trkpt lat="27.83538" lon="85.02328"><ele>424</ele><time>2022-10-23T05:40:40Z</time></trkpt>
    <trkpt lat="27.83531" lon="85.02349"><ele>424</ele><time>2022-10-23T05:40:59Z</time></trkpt>
    <trkpt lat="27.83526" lon="85.02368"><ele>424</ele><time>2022-10-23T05:41:18Z</time></trkpt>
    <trkpt lat="27.83518" lon="85.02380"><ele>430</ele><time>2022-10-23T05:41:37Z</time></trkpt>
    <trkpt lat="27.83521" lon="85.02392"><ele>438</ele><time>2022-10-23T05:42:26Z</time></trkpt>
    <trkpt lat="27.83531" lon="85.02399"><ele>441</ele><time>2022-10-23T05:42:44Z</time></trkpt>
    <trkpt lat="27.83554" lon="85.02408"><ele>438</ele><time>2022-10-23T05:43:32Z</time></trkpt>
    <trkpt lat="27.83563" lon="85.02411"><ele>444</ele><time>2022-10-23T05:44:58Z</time></trkpt>
    <trkpt lat="27.83651" lon="85.02416"><ele>454</ele><time>2022-10-23T05:45:17Z</time></trkpt>
    <trkpt lat="27.83808" lon="85.02406"><ele>457</ele><time>2022-10-23T05:45:35Z</time></trkpt>
    <trkpt lat="27.84005" lon="85.02374"><ele>450</ele><time>2022-10-23T05:45:53Z</time></trkpt>
    <trkpt lat="27.84208" lon="85.02244"><ele>442</ele><time>2022-10-23T05:46:12Z</time></trkpt>
    <trkpt lat="27.84422" lon="85.02331"><ele>441</ele><time>2022-10-23T05:46:31Z</time></trkpt>
    <trkpt lat="27.84579" lon="85.02570"><ele>442</ele><time>2022-10-23T05:46:49Z</time></trkpt>
    <trkpt lat="27.84704" lon="85.02796"><ele>448</ele><time>2022-10-23T05:47:07Z</time></trkpt>
    <trkpt lat="27.84743" lon="85.02859"><ele>448</ele><time>2022-10-23T05:47:26Z</time></trkpt>
    <trkpt lat="27.84745" lon="85.02869"><ele>446</ele><time>2022-10-23T05:51:10Z</time></trkpt>
    <trkpt lat="27.84775" lon="85.02951"><ele>447</ele><time>2022-10-23T05:51:28Z</time></trkpt>
    <trkpt lat="27.84835" lon="85.03153"><ele>447</ele><time>2022-10-23T05:51:47Z</time></trkpt>
    <trkpt lat="27.84930" lon="85.03396"><ele>445</ele><time>2022-10-23T05:52:06Z</time></trkpt>
    <trkpt lat="27.85052" lon="85.03614"><ele>455</ele><time>2022-10-23T05:52:25Z</time></trkpt>
    <trkpt lat="27.85121" lon="85.03876"><ele>457</ele><time>2022-10-23T05:52:43Z</time></trkpt>
    <trkpt lat="27.85122" lon="85.04197"><ele>456</ele><time>2022-10-23T05:53:02Z</time></trkpt>
    <trkpt lat="27.85055" lon="85.04450"><ele>448</ele><time>2022-10-23T05:53:20Z</time></trkpt>
    <trkpt lat="27.85105" lon="85.04721"><ele>447</ele><time>2022-10-23T05:53:38Z</time></trkpt>
    <trkpt lat="27.85198" lon="85.04985"><ele>446</ele><time>2022-10-23T05:53:57Z</time></trkpt>
    <trkpt lat="27.85241" lon="85.05238"><ele>450</ele><time>2022-10-23T05:54:15Z</time></trkpt>
    <trkpt lat="27.85342" lon="85.05504"><ele>451</ele><time>2022-10-23T05:54:34Z</time></trkpt>
    <trkpt lat="27.85464" lon="85.05710"><ele>449</ele><time>2022-10-23T05:54:53Z</time></trkpt>
    <trkpt lat="27.85502" lon="85.05937"><ele>453</ele><time>2022-10-23T05:55:11Z</time></trkpt>
    <trkpt lat="27.85460" lon="85.06208"><ele>455</ele><time>2022-10-23T05:55:29Z</time></trkpt>
    <trkpt lat="27.85396" lon="85.06507"><ele>456</ele><time>2022-10-23T05:55:47Z</time></trkpt>
    <trkpt lat="27.85339" lon="85.06744"><ele>459</ele><time>2022-10-23T05:56:06Z</time></trkpt>
    <trkpt lat="27.85322" lon="85.07038"><ele>460</ele><time>2022-10-23T05:56:25Z</time></trkpt>
    <trkpt lat="27.85247" lon="85.07257"><ele>466</ele><time>2022-10-23T05:56:43Z</time></trkpt>
    <trkpt lat="27.85184" lon="85.07482"><ele>465</ele><time>2022-10-23T05:57:02Z</time></trkpt>
    <trkpt lat="27.85215" lon="85.07721"><ele>457</ele><time>2022-10-23T05:57:20Z</time></trkpt>
    <trkpt lat="27.85426" lon="85.07942"><ele>454</ele><time>2022-10-23T05:57:39Z</time></trkpt>
    <trkpt lat="27.85461" lon="85.08130"><ele>453</ele><time>2022-10-23T05:57:57Z</time></trkpt>
    <trkpt lat="27.85547" lon="85.08252"><ele>464</ele><time>2022-10-23T05:58:16Z</time></trkpt>
    <trkpt lat="27.85482" lon="85.08432"><ele>463</ele><time>2022-10-23T05:58:34Z</time></trkpt>
    <trkpt lat="27.85381" lon="85.08672"><ele>468</ele><time>2022-10-23T05:58:53Z</time></trkpt>
    <trkpt lat="27.85531" lon="85.08890"><ele>469</ele><time>2022-10-23T05:59:12Z</time></trkpt>
    <trkpt lat="27.85705" lon="85.09060"><ele>464</ele><time>2022-10-23T05:59:30Z</time></trkpt>
    <trkpt lat="27.85919" lon="85.09151"><ele>462</ele><time>2022-10-23T05:59:49Z</time></trkpt>
    <trkpt lat="27.85941" lon="85.09448"><ele>465</ele><time>2022-10-23T06:00:08Z</time></trkpt>
    <trkpt lat="27.85870" lon="85.09765"><ele>465</ele><time>2022-10-23T06:00:27Z</time></trkpt>
    <trkpt lat="27.85788" lon="85.10051"><ele>479</ele><time>2022-10-23T06:00:45Z</time></trkpt>
    <trkpt lat="27.85737" lon="85.10276"><ele>474</ele><time>2022-10-23T06:01:03Z</time></trkpt>
    <trkpt lat="27.85782" lon="85.10534"><ele>475</ele><time>2022-10-23T06:01:22Z</time></trkpt>
    <trkpt lat="27.85790" lon="85.10600"><ele>475</ele><time>2022-10-23T06:01:40Z</time></trkpt>
    <trkpt lat="27.85808" lon="85.10668"><ele>469</ele><time>2022-10-23T06:01:59Z</time></trkpt>
    <trkpt lat="27.85820" lon="85.10748"><ele>467</ele><time>2022-10-23T06:02:18Z</time></trkpt>
    <trkpt lat="27.85840" lon="85.10833"><ele>463</ele><time>2022-10-23T06:02:36Z</time></trkpt>
    <trkpt lat="27.85837" lon="85.10902"><ele>466</ele><time>2022-10-23T06:02:54Z</time></trkpt>
    <trkpt lat="27.85928" lon="85.10974"><ele>469</ele><time>2022-10-23T06:03:13Z</time></trkpt>
    <trkpt lat="27.86074" lon="85.11099"><ele>471</ele><time>2022-10-23T06:03:31Z</time></trkpt>
    <trkpt lat="27.86226" lon="85.11237"><ele>474</ele><time>2022-10-23T06:03:49Z</time></trkpt>
    <trkpt lat="27.86311" lon="85.11348"><ele>470</ele><time>2022-10-23T06:04:07Z</time></trkpt>
    <trkpt lat="27.86446" lon="85.11488"><ele>473</ele><time>2022-10-23T06:04:25Z</time></trkpt>
    <trkpt lat="27.86557" lon="85.11613"><ele>485</ele><time>2022-10-23T06:04:43Z</time></trkpt>
    <trkpt lat="27.86717" lon="85.11806"><ele>499</ele><time>2022-10-23T06:05:02Z</time></trkpt>
    <trkpt lat="27.86833" lon="85.12029"><ele>513</ele><time>2022-10-23T06:05:20Z</time></trkpt>
    <trkpt lat="27.86753" lon="85.12167"><ele>523</ele><time>2022-10-23T06:05:39Z</time></trkpt>
    <trkpt lat="27.86637" lon="85.12227"><ele>537</ele><time>2022-10-23T06:05:57Z</time></trkpt>
    <trkpt lat="27.86601" lon="85.12251"><ele>553</ele><time>2022-10-23T06:06:15Z</time></trkpt>
    <trkpt lat="27.86676" lon="85.12323"><ele>564</ele><time>2022-10-23T06:06:34Z</time></trkpt>
    <trkpt lat="27.86740" lon="85.12425"><ele>573</ele><time>2022-10-23T06:06:53Z</time></trkpt>
    <trkpt lat="27.86731" lon="85.12608"><ele>585</ele><time>2022-10-23T06:07:12Z</time></trkpt>
    <trkpt lat="27.86592" lon="85.12742"><ele>592</ele><time>2022-10-23T06:07:30Z</time></trkpt>
    <trkpt lat="27.86602" lon="85.12828"><ele>595</ele><time>2022-10-23T06:07:49Z</time></trkpt>
    <trkpt lat="27.86700" lon="85.12913"><ele>597</ele><time>2022-10-23T06:08:08Z</time></trkpt>
    <trkpt lat="27.86827" lon="85.13028"><ele>595</ele><time>2022-10-23T06:08:26Z</time></trkpt>
    <trkpt lat="27.86991" lon="85.13184"><ele>598</ele><time>2022-10-23T06:08:44Z</time></trkpt>
    <trkpt lat="27.87163" lon="85.13375"><ele>598</ele><time>2022-10-23T06:09:02Z</time></trkpt>
    <trkpt lat="27.87346" lon="85.13607"><ele>600</ele><time>2022-10-23T06:09:21Z</time></trkpt>
    <trkpt lat="27.87504" lon="85.13876"><ele>598</ele><time>2022-10-23T06:09:40Z</time></trkpt>
    <trkpt lat="27.87600" lon="85.14138"><ele>592</ele><time>2022-10-23T06:09:58Z</time></trkpt>
    <trkpt lat="27.87810" lon="85.14300"><ele>587</ele><time>2022-10-23T06:10:16Z</time></trkpt>
    <trkpt lat="27.88004" lon="85.14414"><ele>580</ele><time>2022-10-23T06:10:35Z</time></trkpt>
    <trkpt lat="27.88141" lon="85.14606"><ele>581</ele><time>2022-10-23T06:10:54Z</time></trkpt>
    <trkpt lat="27.88230" lon="85.14689"><ele>583</ele><time>2022-10-23T06:11:12Z</time></trkpt>
    <trkpt lat="27.88423" lon="85.14824"><ele>577</ele><time>2022-10-23T06:11:31Z</time></trkpt>
    <trkpt lat="27.88645" lon="85.14912"><ele>575</ele><time>2022-10-23T06:11:49Z</time></trkpt>
    <trkpt lat="27.88868" lon="85.14990"><ele>578</ele><time>2022-10-23T06:12:08Z</time></trkpt>
    <trkpt lat="27.89054" lon="85.14997"><ele>569</ele><time>2022-10-23T06:12:26Z</time></trkpt>
    <trkpt lat="27.89189" lon="85.14997"><ele>571</ele><time>2022-10-23T06:12:45Z</time></trkpt>
    <trkpt lat="27.89264" lon="85.15036"><ele>571</ele><time>2022-10-23T06:13:03Z</time></trkpt>
    <trkpt lat="27.89278" lon="85.14956"><ele>576</ele><time>2022-10-23T06:13:21Z</time></trkpt>
    <trkpt lat="27.89327" lon="85.14863"><ele>574</ele><time>2022-10-23T06:13:39Z</time></trkpt>
    <trkpt lat="27.89369" lon="85.14778"><ele>570</ele><time>2022-10-23T06:13:58Z</time></trkpt>
    <trkpt lat="27.89457" lon="85.14730"><ele>570</ele><time>2022-10-23T06:14:16Z</time></trkpt>
    <trkpt lat="27.89593" lon="85.14681"><ele>568</ele><time>2022-10-23T06:14:35Z</time></trkpt>
    <trkpt lat="27.89680" lon="85.14646"><ele>571</ele><time>2022-10-23T06:14:53Z</time></trkpt>
    <trkpt lat="27.89753" lon="85.14645"><ele>570</ele><time>2022-10-23T06:15:11Z</time></trkpt>
    <trkpt lat="27.89891" lon="85.14631"><ele>575</ele><time>2022-10-23T06:15:30Z</time></trkpt>
    <trkpt lat="27.90066" lon="85.14601"><ele>573</ele><time>2022-10-23T06:15:49Z</time></trkpt>
    <trkpt lat="27.90213" lon="85.14596"><ele>575</ele><time>2022-10-23T06:16:08Z</time></trkpt>
    <trkpt lat="27.90367" lon="85.14592"><ele>579</ele><time>2022-10-23T06:16:26Z</time></trkpt>
    <trkpt lat="27.90458" lon="85.14590"><ele>581</ele><time>2022-10-23T06:16:45Z</time></trkpt>
    <trkpt lat="27.90465" lon="85.14596"><ele>583</ele><time>2022-10-23T06:17:26Z</time></trkpt>
    <trkpt lat="27.90470" lon="85.14609"><ele>581</ele><time>2022-10-23T06:17:45Z</time></trkpt>
    <trkpt lat="27.90489" lon="85.14610"><ele>578</ele><time>2022-10-23T06:48:03Z</time></trkpt>
    <trkpt lat="27.90461" lon="85.14605"><ele>578</ele><time>2022-10-23T06:48:22Z</time></trkpt>
    <trkpt lat="27.90476" lon="85.14612"><ele>579</ele><time>2022-10-23T07:08:48Z</time></trkpt>
    <trkpt lat="27.90499" lon="85.14640"><ele>475</ele><time>2022-10-23T07:10:06Z</time></trkpt>
    <trkpt lat="27.90469" lon="85.14600"><ele>599</ele><time>2022-10-23T07:10:24Z</time></trkpt>
    <trkpt lat="27.90550" lon="85.14569"><ele>580</ele><time>2022-10-23T07:19:34Z</time></trkpt>
    <trkpt lat="27.90667" lon="85.14489"><ele>579</ele><time>2022-10-23T07:19:53Z</time></trkpt>
    <trkpt lat="27.90706" lon="85.14466"><ele>585</ele><time>2022-10-23T07:20:11Z</time></trkpt>
    <trkpt lat="27.90780" lon="85.14510"><ele>583</ele><time>2022-10-23T07:20:29Z</time></trkpt>
    <trkpt lat="27.90856" lon="85.14537"><ele>573</ele><time>2022-10-23T07:20:48Z</time></trkpt>
    <trkpt lat="27.90881" lon="85.14443"><ele>584</ele><time>2022-10-23T07:21:06Z</time></trkpt>
    <trkpt lat="27.91002" lon="85.14432"><ele>583</ele><time>2022-10-23T07:21:24Z</time></trkpt>
    <trkpt lat="27.91106" lon="85.14434"><ele>585</ele><time>2022-10-23T07:21:43Z</time></trkpt>
    <trkpt lat="27.91201" lon="85.14358"><ele>582</ele><time>2022-10-23T07:22:01Z</time></trkpt>
    <trkpt lat="27.91336" lon="85.14290"><ele>583</ele><time>2022-10-23T07:22:20Z</time></trkpt>
    <trkpt lat="27.91449" lon="85.14256"><ele>574</ele><time>2022-10-23T07:22:39Z</time></trkpt>
    <trkpt lat="27.91544" lon="85.14176"><ele>570</ele><time>2022-10-23T07:22:57Z</time></trkpt>
    <trkpt lat="27.91670" lon="85.14211"><ele>562</ele><time>2022-10-23T07:23:16Z</time></trkpt>
    <trkpt lat="27.91770" lon="85.14340"><ele>547</ele><time>2022-10-23T07:23:34Z</time></trkpt>
    <trkpt lat="27.91868" lon="85.14461"><ele>535</ele><time>2022-10-23T07:23:53Z</time></trkpt>
    <trkpt lat="27.91953" lon="85.14568"><ele>532</ele><time>2022-10-23T07:24:12Z</time></trkpt>
    <trkpt lat="27.91971" lon="85.14677"><ele>532</ele><time>2022-10-23T07:24:31Z</time></trkpt>
    <trkpt lat="27.92004" lon="85.14779"><ele>540</ele><time>2022-10-23T07:24:49Z</time></trkpt>
    <trkpt lat="27.92024" lon="85.14891"><ele>548</ele><time>2022-10-23T07:25:07Z</time></trkpt>
    <trkpt lat="27.92053" lon="85.14979"><ele>555</ele><time>2022-10-23T07:25:25Z</time></trkpt>
    <trkpt lat="27.92106" lon="85.15087"><ele>567</ele><time>2022-10-23T07:25:43Z</time></trkpt>
    <trkpt lat="27.92220" lon="85.15223"><ele>582</ele><time>2022-10-23T07:26:02Z</time></trkpt>
    <trkpt lat="27.92331" lon="85.15317"><ele>588</ele><time>2022-10-23T07:26:21Z</time></trkpt>
    <trkpt lat="27.92367" lon="85.15370"><ele>591</ele><time>2022-10-23T07:26:39Z</time></trkpt>
    <trkpt lat="27.92446" lon="85.15396"><ele>593</ele><time>2022-10-23T07:26:58Z</time></trkpt>
    <trkpt lat="27.92435" lon="85.15320"><ele>595</ele><time>2022-10-23T07:27:16Z</time></trkpt>
    <trkpt lat="27.92529" lon="85.15279"><ele>596</ele><time>2022-10-23T07:27:34Z</time></trkpt>
    <trkpt lat="27.92716" lon="85.15290"><ele>592</ele><time>2022-10-23T07:27:52Z</time></trkpt>
    <trkpt lat="27.92893" lon="85.15224"><ele>576</ele><time>2022-10-23T07:28:11Z</time></trkpt>
    <trkpt lat="27.93034" lon="85.15340"><ele>559</ele><time>2022-10-23T07:28:30Z</time></trkpt>
    <trkpt lat="27.93123" lon="85.15607"><ele>563</ele><time>2022-10-23T07:28:49Z</time></trkpt>
    <trkpt lat="27.93224" lon="85.15652"><ele>576</ele><time>2022-10-23T07:29:07Z</time></trkpt>
    <trkpt lat="27.93357" lon="85.15743"><ele>586</ele><time>2022-10-23T07:29:26Z</time></trkpt>
    <trkpt lat="27.93558" lon="85.15777"><ele>578</ele><time>2022-10-23T07:29:44Z</time></trkpt>
    <trkpt lat="27.93784" lon="85.15800"><ele>565</ele><time>2022-10-23T07:30:02Z</time></trkpt>
    <trkpt lat="27.94008" lon="85.15983"><ele>563</ele><time>2022-10-23T07:30:20Z</time></trkpt>
    <trkpt lat="27.94287" lon="85.16111"><ele>560</ele><time>2022-10-23T07:30:38Z</time></trkpt>
    <trkpt lat="27.94582" lon="85.16257"><ele>560</ele><time>2022-10-23T07:30:57Z</time></trkpt>
    <trkpt lat="27.94825" lon="85.16404"><ele>566</ele><time>2022-10-23T07:31:16Z</time></trkpt>
    <trkpt lat="27.95046" lon="85.16403"><ele>571</ele><time>2022-10-23T07:31:34Z</time></trkpt>
    <trkpt lat="27.95318" lon="85.16410"><ele>577</ele><time>2022-10-23T07:31:53Z</time></trkpt>
    <trkpt lat="27.95530" lon="85.16533"><ele>588</ele><time>2022-10-23T07:32:11Z</time></trkpt>
    <trkpt lat="27.95582" lon="85.16604"><ele>593</ele><time>2022-10-23T07:32:30Z</time></trkpt>
    <trkpt lat="27.95602" lon="85.16650"><ele>589</ele><time>2022-10-23T07:32:48Z</time></trkpt>
    <trkpt lat="27.95628" lon="85.16692"><ele>585</ele><time>2022-10-23T07:33:07Z</time></trkpt>
    <trkpt lat="27.95750" lon="85.16810"><ele>579</ele><time>2022-10-23T07:33:25Z</time></trkpt>
    <trkpt lat="27.95973" lon="85.16990"><ele>580</ele><time>2022-10-23T07:33:44Z</time></trkpt>
    <trkpt lat="27.96174" lon="85.17198"><ele>588</ele><time>2022-10-23T07:34:03Z</time></trkpt>
    <trkpt lat="27.96363" lon="85.17421"><ele>584</ele><time>2022-10-23T07:34:22Z</time></trkpt>
    <trkpt lat="27.96443" lon="85.17650"><ele>583</ele><time>2022-10-23T07:34:40Z</time></trkpt>
    <trkpt lat="27.96644" lon="85.17859"><ele>589</ele><time>2022-10-23T07:34:59Z</time></trkpt>
    <trkpt lat="27.96855" lon="85.18012"><ele>601</ele><time>2022-10-23T07:35:17Z</time></trkpt>
    <trkpt lat="27.96897" lon="85.18269"><ele>596</ele><time>2022-10-23T07:35:36Z</time></trkpt>
    <trkpt lat="27.97004" lon="85.18472"><ele>613</ele><time>2022-10-23T07:35:54Z</time></trkpt>
    <trkpt lat="27.97171" lon="85.18532"><ele>617</ele><time>2022-10-23T07:36:12Z</time></trkpt>
    <trkpt lat="27.97255" lon="85.18559"><ele>621</ele><time>2022-10-23T07:36:30Z</time></trkpt>
    <trkpt lat="27.97347" lon="85.18591"><ele>620</ele><time>2022-10-23T07:36:48Z</time></trkpt>
    <trkpt lat="27.97423" lon="85.18579"><ele>623</ele><time>2022-10-23T07:37:07Z</time></trkpt>
    <trkpt lat="27.97491" lon="85.18547"><ele>620</ele><time>2022-10-23T07:37:26Z</time></trkpt>
    <trkpt lat="27.97487" lon="85.18531"><ele>621</ele><time>2022-10-23T07:37:45Z</time></trkpt>
    <trkpt lat="27.97494" lon="85.18519"><ele>629</ele><time>2022-10-23T07:41:14Z</time></trkpt>
    <trkpt lat="27.97484" lon="85.18439"><ele>631</ele><time>2022-10-23T07:41:32Z</time></trkpt>
    <trkpt lat="27.97538" lon="85.18397"><ele>638</ele><time>2022-10-23T07:41:50Z</time></trkpt>
    <trkpt lat="27.97625" lon="85.18389"><ele>647</ele><time>2022-10-23T07:42:08Z</time></trkpt>
    <trkpt lat="27.97722" lon="85.18338"><ele>654</ele><time>2022-10-23T07:42:27Z</time></trkpt>
    <trkpt lat="27.97840" lon="85.18332"><ele>657</ele><time>2022-10-23T07:42:46Z</time></trkpt>
    <trkpt lat="27.97976" lon="85.18316"><ele>656</ele><time>2022-10-23T07:43:04Z</time></trkpt>
    <trkpt lat="27.98039" lon="85.18275"><ele>678</ele><time>2022-10-23T07:43:23Z</time></trkpt>
    <trkpt lat="27.98131" lon="85.18252"><ele>691</ele><time>2022-10-23T07:43:41Z</time></trkpt>
    <trkpt lat="27.98226" lon="85.18282"><ele>708</ele><time>2022-10-23T07:43:59Z</time></trkpt>
    <trkpt lat="27.98323" lon="85.18330"><ele>710</ele><time>2022-10-23T07:44:18Z</time></trkpt>
    <trkpt lat="27.98378" lon="85.18363"><ele>723</ele><time>2022-10-23T07:44:36Z</time></trkpt>
    <trkpt lat="27.98412" lon="85.18449"><ele>727</ele><time>2022-10-23T07:44:54Z</time></trkpt>
    <trkpt lat="27.98335" lon="85.18514"><ele>725</ele><time>2022-10-23T07:45:13Z</time></trkpt>
    <trkpt lat="27.98230" lon="85.18552"><ele>740</ele><time>2022-10-23T07:45:32Z</time></trkpt>
    <trkpt lat="27.98132" lon="85.18587"><ele>716</ele><time>2022-10-23T07:45:50Z</time></trkpt>
    <trkpt lat="27.98052" lon="85.18642"><ele>755</ele><time>2022-10-23T07:46:09Z</time></trkpt>
    <trkpt lat="27.97961" lon="85.18580"><ele>761</ele><time>2022-10-23T07:46:28Z</time></trkpt>
    <trkpt lat="27.97905" lon="85.18666"><ele>774</ele><time>2022-10-23T07:46:47Z</time></trkpt>
    <trkpt lat="27.97861" lon="85.18747"><ele>779</ele><time>2022-10-23T07:47:05Z</time></trkpt>
    <trkpt lat="27.97929" lon="85.18694"><ele>792</ele><time>2022-10-23T07:47:23Z</time></trkpt>
    <trkpt lat="27.97987" lon="85.18690"><ele>799</ele><time>2022-10-23T07:47:42Z</time></trkpt>
    <trkpt lat="27.98078" lon="85.18787"><ele>801</ele><time>2022-10-23T07:48:01Z</time></trkpt>
    <trkpt lat="27.98141" lon="85.18734"><ele>805</ele><time>2022-10-23T07:48:19Z</time></trkpt>
    <trkpt lat="27.98207" lon="85.18783"><ele>817</ele><time>2022-10-23T07:48:38Z</time></trkpt>
    <trkpt lat="27.98303" lon="85.18803"><ele>830</ele><time>2022-10-23T07:48:57Z</time></trkpt>
    <trkpt lat="27.98300" lon="85.18911"><ele>829</ele><time>2022-10-23T07:49:16Z</time></trkpt>
    <trkpt lat="27.98279" lon="85.18913"><ele>816</ele><time>2022-10-23T07:49:34Z</time></trkpt>
    <trkpt lat="27.98246" lon="85.18841"><ele>855</ele><time>2022-10-23T07:49:53Z</time></trkpt>
    <trkpt lat="27.98148" lon="85.18844"><ele>866</ele><time>2022-10-23T07:50:11Z</time></trkpt>
    <trkpt lat="27.98147" lon="85.18981"><ele>876</ele><time>2022-10-23T07:50:30Z</time></trkpt>
    <trkpt lat="27.98272" lon="85.19092"><ele>883</ele><time>2022-10-23T07:50:49Z</time></trkpt>
    <trkpt lat="27.98241" lon="85.19257"><ele>882</ele><time>2022-10-23T07:51:08Z</time></trkpt>
    <trkpt lat="27.98209" lon="85.19428"><ele>893</ele><time>2022-10-23T07:51:26Z</time></trkpt>
    <trkpt lat="27.98238" lon="85.19336"><ele>872</ele><time>2022-10-23T07:51:44Z</time></trkpt>
    <trkpt lat="27.98301" lon="85.19234"><ele>917</ele><time>2022-10-23T07:52:03Z</time></trkpt>
    <trkpt lat="27.98384" lon="85.19176"><ele>928</ele><time>2022-10-23T07:52:22Z</time></trkpt>
    <trkpt lat="27.98489" lon="85.19144"><ele>925</ele><time>2022-10-23T07:52:40Z</time></trkpt>
    <trkpt lat="27.98561" lon="85.19103"><ele>933</ele><time>2022-10-23T07:52:59Z</time></trkpt>
    <trkpt lat="27.98631" lon="85.19095"><ele>938</ele><time>2022-10-23T07:53:18Z</time></trkpt>
    <trkpt lat="27.98696" lon="85.19110"><ele>945</ele><time>2022-10-23T07:53:37Z</time></trkpt>
    <trkpt lat="27.98738" lon="85.19125"><ele>957</ele><time>2022-10-23T07:53:55Z</time></trkpt>
    <trkpt lat="27.98604" lon="85.19120"><ele>962</ele><time>2022-10-23T07:54:14Z</time></trkpt>
    <trkpt lat="27.98527" lon="85.19239"><ele>980</ele><time>2022-10-23T07:54:32Z</time></trkpt>
    <trkpt lat="27.98435" lon="85.19359"><ele>979</ele><time>2022-10-23T07:54:51Z</time></trkpt>
    <trkpt lat="27.98448" lon="85.19523"><ele>988</ele><time>2022-10-23T07:55:10Z</time></trkpt>
    <trkpt lat="27.98336" lon="85.19629"><ele>982</ele><time>2022-10-23T07:55:29Z</time></trkpt>
    <trkpt lat="27.98366" lon="85.19737"><ele>1011</ele><time>2022-10-23T07:55:48Z</time></trkpt>
    <trkpt lat="27.98433" lon="85.19813"><ele>1021</ele><time>2022-10-23T07:56:06Z</time></trkpt>
    <trkpt lat="27.98421" lon="85.19888"><ele>1028</ele><time>2022-10-23T07:56:24Z</time></trkpt>
    <trkpt lat="27.98356" lon="85.19990"><ele>1035</ele><time>2022-10-23T07:56:43Z</time></trkpt>
    <trkpt lat="27.98308" lon="85.20139"><ele>1048</ele><time>2022-10-23T07:57:02Z</time></trkpt>
    <trkpt lat="27.98303" lon="85.20247"><ele>1055</ele><time>2022-10-23T07:57:20Z</time></trkpt>
    <trkpt lat="27.98362" lon="85.20211"><ele>1063</ele><time>2022-10-23T07:57:39Z</time></trkpt>
    <trkpt lat="27.98380" lon="85.20095"><ele>1069</ele><time>2022-10-23T07:57:58Z</time></trkpt>
    <trkpt lat="27.98424" lon="85.20225"><ele>1071</ele><time>2022-10-23T07:58:16Z</time></trkpt>
    <trkpt lat="27.98382" lon="85.20346"><ele>1077</ele><time>2022-10-23T07:58:35Z</time></trkpt>
    <trkpt lat="27.98369" lon="85.20489"><ele>1097</ele><time>2022-10-23T07:58:54Z</time></trkpt>
    <trkpt lat="27.98448" lon="85.20563"><ele>1017</ele><time>2022-10-23T07:59:12Z</time></trkpt>
    <trkpt lat="27.98441" lon="85.20664"><ele>1100</ele><time>2022-10-23T07:59:31Z</time></trkpt>
    <trkpt lat="27.98466" lon="85.20780"><ele>1112</ele><time>2022-10-23T07:59:50Z</time></trkpt>
    <trkpt lat="27.98494" lon="85.20831"><ele>1124</ele><time>2022-10-23T08:00:08Z</time></trkpt>
    <trkpt lat="27.98481" lon="85.20704"><ele>1125</ele><time>2022-10-23T08:00:27Z</time></trkpt>
    <trkpt lat="27.98520" lon="85.20749"><ele>1128</ele><time>2022-10-23T08:00:46Z</time></trkpt>
    <trkpt lat="27.98539" lon="85.20878"><ele>1116</ele><time>2022-10-23T08:01:05Z</time></trkpt>
    <trkpt lat="27.98544" lon="85.20989"><ele>1156</ele><time>2022-10-23T08:01:24Z</time></trkpt>
    <trkpt lat="27.98575" lon="85.20879"><ele>1119</ele><time>2022-10-23T08:01:42Z</time></trkpt>
    <trkpt lat="27.98620" lon="85.20716"><ele>1174</ele><time>2022-10-23T08:02:00Z</time></trkpt>
    <trkpt lat="27.98650" lon="85.20558"><ele>951</ele><time>2022-10-23T08:02:19Z</time></trkpt>
    <trkpt lat="27.98609" lon="85.20456"><ele>1187</ele><time>2022-10-23T08:02:38Z</time></trkpt>
    <trkpt lat="27.98679" lon="85.20562"><ele>1196</ele><time>2022-10-23T08:02:57Z</time></trkpt>
    <trkpt lat="27.98700" lon="85.20729"><ele>1204</ele><time>2022-10-23T08:03:15Z</time></trkpt>
    <trkpt lat="27.98677" lon="85.20824"><ele>1213</ele><time>2022-10-23T08:03:33Z</time></trkpt>
    <trkpt lat="27.98744" lon="85.20734"><ele>1226</ele><time>2022-10-23T08:03:51Z</time></trkpt>
    <trkpt lat="27.98779" lon="85.20620"><ele>1236</ele><time>2022-10-23T08:04:10Z</time></trkpt>
    <trkpt lat="27.98775" lon="85.20473"><ele>1196</ele><time>2022-10-23T08:04:28Z</time></trkpt>
    <trkpt lat="27.98703" lon="85.20340"><ele>1239</ele><time>2022-10-23T08:04:47Z</time></trkpt>
    <trkpt lat="27.98782" lon="85.20191"><ele>1256</ele><time>2022-10-23T08:05:06Z</time></trkpt>
    <trkpt lat="27.98861" lon="85.20069"><ele>1269</ele><time>2022-10-23T08:05:25Z</time></trkpt>
    <trkpt lat="27.98925" lon="85.19975"><ele>1277</ele><time>2022-10-23T08:05:43Z</time></trkpt>
    <trkpt lat="27.98980" lon="85.19874"><ele>1290</ele><time>2022-10-23T08:06:02Z</time></trkpt>
    <trkpt lat="27.99037" lon="85.19807"><ele>1291</ele><time>2022-10-23T08:06:20Z</time></trkpt>
    <trkpt lat="27.99053" lon="85.19787"><ele>1302</ele><time>2022-10-23T08:06:38Z</time></trkpt>
    <trkpt lat="27.99134" lon="85.19767"><ele>1311</ele><time>2022-10-23T08:06:57Z</time></trkpt>
    <trkpt lat="27.99247" lon="85.19824"><ele>1310</ele><time>2022-10-23T08:07:15Z</time></trkpt>
    <trkpt lat="27.99371" lon="85.19863"><ele>1326</ele><time>2022-10-23T08:07:34Z</time></trkpt>
    <trkpt lat="27.99479" lon="85.19817"><ele>1337</ele><time>2022-10-23T08:07:52Z</time></trkpt>
    <trkpt lat="27.99558" lon="85.19814"><ele>1346</ele><time>2022-10-23T08:08:11Z</time></trkpt>
    <trkpt lat="27.99459" lon="85.19854"><ele>1343</ele><time>2022-10-23T08:08:30Z</time></trkpt>
    <trkpt lat="27.99361" lon="85.19992"><ele>1329</ele><time>2022-10-23T08:08:49Z</time></trkpt>
    <trkpt lat="27.99211" lon="85.20044"><ele>1362</ele><time>2022-10-23T08:09:07Z</time></trkpt>
    <trkpt lat="27.99091" lon="85.20112"><ele>1381</ele><time>2022-10-23T08:09:26Z</time></trkpt>
    <trkpt lat="27.99184" lon="85.20080"><ele>1387</ele><time>2022-10-23T08:09:45Z</time></trkpt>
    <trkpt lat="27.99293" lon="85.20119"><ele>1390</ele><time>2022-10-23T08:10:04Z</time></trkpt>
    <trkpt lat="27.99429" lon="85.20071"><ele>1163</ele><time>2022-10-23T08:10:22Z</time></trkpt>
    <trkpt lat="27.99589" lon="85.20070"><ele>1365</ele><time>2022-10-23T08:10:40Z</time></trkpt>
    <trkpt lat="27.99666" lon="85.19965"><ele>1433</ele><time>2022-10-23T08:10:59Z</time></trkpt>
    <trkpt lat="27.99639" lon="85.20074"><ele>1440</ele><time>2022-10-23T08:11:17Z</time></trkpt>
    <trkpt lat="27.99554" lon="85.20156"><ele>1456</ele><time>2022-10-23T08:11:36Z</time></trkpt>
    <trkpt lat="27.99420" lon="85.20219"><ele>1461</ele><time>2022-10-23T08:11:54Z</time></trkpt>
    <trkpt lat="27.99287" lon="85.20250"><ele>1452</ele><time>2022-10-23T08:12:13Z</time></trkpt>
    <trkpt lat="27.99296" lon="85.20335"><ele>1469</ele><time>2022-10-23T08:12:31Z</time></trkpt>
    <trkpt lat="27.99368" lon="85.20437"><ele>1462</ele><time>2022-10-23T08:12:49Z</time></trkpt>
    <trkpt lat="27.99447" lon="85.20564"><ele>1496</ele><time>2022-10-23T08:13:08Z</time></trkpt>
    <trkpt lat="27.99543" lon="85.20563"><ele>1505</ele><time>2022-10-23T08:13:27Z</time></trkpt>
    <trkpt lat="27.99596" lon="85.20664"><ele>1526</ele><time>2022-10-23T08:13:46Z</time></trkpt>
    <trkpt lat="27.99635" lon="85.20592"><ele>1541</ele><time>2022-10-23T08:14:05Z</time></trkpt>
    <trkpt lat="27.99539" lon="85.20528"><ele>1519</ele><time>2022-10-23T08:14:24Z</time></trkpt>
    <trkpt lat="27.99511" lon="85.20424"><ele>1550</ele><time>2022-10-23T08:14:42Z</time></trkpt>
    <trkpt lat="27.99611" lon="85.20391"><ele>1560</ele><time>2022-10-23T08:15:01Z</time></trkpt>
    <trkpt lat="27.99629" lon="85.20382"><ele>1564</ele><time>2022-10-23T08:15:19Z</time></trkpt>
    <trkpt lat="27.99639" lon="85.20385"><ele>1573</ele><time>2022-10-23T08:16:55Z</time></trkpt>
    <trkpt lat="27.99670" lon="85.20478"><ele>1574</ele><time>2022-10-23T08:17:13Z</time></trkpt>
    <trkpt lat="27.99742" lon="85.20582"><ele>1576</ele><time>2022-10-23T08:17:32Z</time></trkpt>
    <trkpt lat="27.99792" lon="85.20718"><ele>1582</ele><time>2022-10-23T08:17:50Z</time></trkpt>
    <trkpt lat="27.99853" lon="85.20817"><ele>1594</ele><time>2022-10-23T08:18:09Z</time></trkpt>
    <trkpt lat="27.99905" lon="85.20766"><ele>1591</ele><time>2022-10-23T08:18:27Z</time></trkpt>
    <trkpt lat="27.99912" lon="85.20759"><ele>1592</ele><time>2022-10-23T08:21:18Z</time></trkpt>
    <trkpt lat="27.99999" lon="85.20802"><ele>1603</ele><time>2022-10-23T08:21:37Z</time></trkpt>
    <trkpt lat="28.00086" lon="85.20878"><ele>1612</ele><time>2022-10-23T08:21:55Z</time></trkpt>
    <trkpt lat="28.00108" lon="85.20974"><ele>1614</ele><time>2022-10-23T08:22:13Z</time></trkpt>
    <trkpt lat="28.00191" lon="85.21108"><ele>1611</ele><time>2022-10-23T08:22:32Z</time></trkpt>
    <trkpt lat="28.00208" lon="85.21257"><ele>1626</ele><time>2022-10-23T08:22:51Z</time></trkpt>
    <trkpt lat="28.00219" lon="85.21270"><ele>1633</ele><time>2022-10-23T08:23:10Z</time></trkpt>
    <trkpt lat="28.00231" lon="85.21146"><ele>1649</ele><time>2022-10-23T08:23:28Z</time></trkpt>
    <trkpt lat="28.00201" lon="85.21029"><ele>1659</ele><time>2022-10-23T08:23:47Z</time></trkpt>
    <trkpt lat="28.00269" lon="85.21009"><ele>1672</ele><time>2022-10-23T08:24:05Z</time></trkpt>
    <trkpt lat="28.00395" lon="85.21009"><ele>1685</ele><time>2022-10-23T08:24:23Z</time></trkpt>
    <trkpt lat="28.00505" lon="85.21064"><ele>1692</ele><time>2022-10-23T08:24:42Z</time></trkpt>
    <trkpt lat="28.00611" lon="85.21099"><ele>1698</ele><time>2022-10-23T08:25:00Z</time></trkpt>
    <trkpt lat="28.00749" lon="85.21113"><ele>1713</ele><time>2022-10-23T08:25:19Z</time></trkpt>
    <trkpt lat="28.00841" lon="85.21107"><ele>1721</ele><time>2022-10-23T08:25:37Z</time></trkpt>
    <trkpt lat="28.00923" lon="85.21089"><ele>1719</ele><time>2022-10-23T08:25:55Z</time></trkpt>
    <trkpt lat="28.00967" lon="85.21068"><ele>1744</ele><time>2022-10-23T08:26:14Z</time></trkpt>
    <trkpt lat="28.01049" lon="85.21043"><ele>1737</ele><time>2022-10-23T08:26:33Z</time></trkpt>
    <trkpt lat="28.01136" lon="85.21012"><ele>1758</ele><time>2022-10-23T08:26:51Z</time></trkpt>
    <trkpt lat="28.01208" lon="85.20955"><ele>1769</ele><time>2022-10-23T08:27:10Z</time></trkpt>
    <trkpt lat="28.01288" lon="85.20881"><ele>1780</ele><time>2022-10-23T08:27:28Z</time></trkpt>
    <trkpt lat="28.01322" lon="85.20819"><ele>1785</ele><time>2022-10-23T08:27:46Z</time></trkpt>
    <trkpt lat="28.01296" lon="85.20940"><ele>1788</ele><time>2022-10-23T08:28:05Z</time></trkpt>
    <trkpt lat="28.01210" lon="85.21041"><ele>1792</ele><time>2022-10-23T08:28:24Z</time></trkpt>
    <trkpt lat="28.01184" lon="85.21148"><ele>1678</ele><time>2022-10-23T08:28:42Z</time></trkpt>
    <trkpt lat="28.01084" lon="85.21205"><ele>1803</ele><time>2022-10-23T08:29:00Z</time></trkpt>
    <trkpt lat="28.01014" lon="85.21290"><ele>1820</ele><time>2022-10-23T08:29:18Z</time></trkpt>
    <trkpt lat="28.00904" lon="85.21339"><ele>1831</ele><time>2022-10-23T08:29:36Z</time></trkpt>
    <trkpt lat="28.00794" lon="85.21386"><ele>1838</ele><time>2022-10-23T08:29:55Z</time></trkpt>
    <trkpt lat="28.00848" lon="85.21396"><ele>1839</ele><time>2022-10-23T08:30:13Z</time></trkpt>
    <trkpt lat="28.00848" lon="85.21420"><ele>1845</ele><time>2022-10-23T08:30:32Z</time></trkpt>
    <trkpt lat="28.00793" lon="85.21533"><ele>1847</ele><time>2022-10-23T08:30:51Z</time></trkpt>
    <trkpt lat="28.00802" lon="85.21680"><ele>1860</ele><time>2022-10-23T08:31:10Z</time></trkpt>
    <trkpt lat="28.00817" lon="85.21692"><ele>1872</ele><time>2022-10-23T08:31:28Z</time></trkpt>
    <trkpt lat="28.00855" lon="85.21568"><ele>1889</ele><time>2022-10-23T08:31:47Z</time></trkpt>
    <trkpt lat="28.00951" lon="85.21501"><ele>1909</ele><time>2022-10-23T08:32:05Z</time></trkpt>
    <trkpt lat="28.01063" lon="85.21494"><ele>1915</ele><time>2022-10-23T08:32:24Z</time></trkpt>
    <trkpt lat="28.01166" lon="85.21467"><ele>1923</ele><time>2022-10-23T08:32:43Z</time></trkpt>
    <trkpt lat="28.01270" lon="85.21424"><ele>1934</ele><time>2022-10-23T08:33:02Z</time></trkpt>
    <trkpt lat="28.01327" lon="85.21337"><ele>1953</ele><time>2022-10-23T08:33:20Z</time></trkpt>
    <trkpt lat="28.01396" lon="85.21260"><ele>1967</ele><time>2022-10-23T08:33:38Z</time></trkpt>
    <trkpt lat="28.01474" lon="85.21211"><ele>1973</ele><time>2022-10-23T08:33:57Z</time></trkpt>
    <trkpt lat="28.01571" lon="85.21180"><ele>1986</ele><time>2022-10-23T08:34:16Z</time></trkpt>
    <trkpt lat="28.01647" lon="85.21147"><ele>1986</ele><time>2022-10-23T08:34:34Z</time></trkpt>
    <trkpt lat="28.01738" lon="85.21216"><ele>1985</ele><time>2022-10-23T08:34:53Z</time></trkpt>
    <trkpt lat="28.01731" lon="85.21322"><ele>1991</ele><time>2022-10-23T08:35:11Z</time></trkpt>
    <trkpt lat="28.01685" lon="85.21422"><ele>1987</ele><time>2022-10-23T08:35:30Z</time></trkpt>
    <trkpt lat="28.01745" lon="85.21509"><ele>2004</ele><time>2022-10-23T08:35:49Z</time></trkpt>
    <trkpt lat="28.01733" lon="85.21638"><ele>2017</ele><time>2022-10-23T08:36:08Z</time></trkpt>
    <trkpt lat="28.01766" lon="85.21743"><ele>2020</ele><time>2022-10-23T08:36:26Z</time></trkpt>
    <trkpt lat="28.01815" lon="85.21816"><ele>2026</ele><time>2022-10-23T08:36:45Z</time></trkpt>
    <trkpt lat="28.01920" lon="85.21800"><ele>2036</ele><time>2022-10-23T08:37:03Z</time></trkpt>
    <trkpt lat="28.01996" lon="85.21859"><ele>2031</ele><time>2022-10-23T08:37:22Z</time></trkpt>
    <trkpt lat="28.02048" lon="85.21946"><ele>2041</ele><time>2022-10-23T08:37:41Z</time></trkpt>
    <trkpt lat="28.02080" lon="85.22005"><ele>2046</ele><time>2022-10-23T08:37:59Z</time></trkpt>
    <trkpt lat="28.02146" lon="85.22069"><ele>2028</ele><time>2022-10-23T08:38:18Z</time></trkpt>
    <trkpt lat="28.02248" lon="85.22111"><ele>2048</ele><time>2022-10-23T08:38:36Z</time></trkpt>
    <trkpt lat="28.02279" lon="85.22208"><ele>2046</ele><time>2022-10-23T08:38:55Z</time></trkpt>
    <trkpt lat="28.02316" lon="85.22248"><ele>2052</ele><time>2022-10-23T08:39:14Z</time></trkpt>
    <trkpt lat="28.02355" lon="85.22235"><ele>2049</ele><time>2022-10-23T08:39:33Z</time></trkpt>
    <trkpt lat="28.02419" lon="85.22266"><ele>2051</ele><time>2022-10-23T08:39:51Z</time></trkpt>
    <trkpt lat="28.02498" lon="85.22322"><ele>2057</ele><time>2022-10-23T08:40:09Z</time></trkpt>
    <trkpt lat="28.02538" lon="85.22353"><ele>2054</ele><time>2022-10-23T08:40:28Z</time></trkpt>
    <trkpt lat="28.02594" lon="85.22338"><ele>2056</ele><time>2022-10-23T08:40:46Z</time></trkpt>
    <trkpt lat="28.02663" lon="85.22297"><ele>2060</ele><time>2022-10-23T08:41:05Z</time></trkpt>
    <trkpt lat="28.02741" lon="85.22291"><ele>2059</ele><time>2022-10-23T08:41:23Z</time></trkpt>
    <trkpt lat="28.02773" lon="85.22291"><ele>2067</ele><time>2022-10-23T08:41:41Z</time></trkpt>
    <trkpt lat="28.02812" lon="85.22274"><ele>2060</ele><time>2022-10-23T08:42:00Z</time></trkpt>
    <trkpt lat="28.02900" lon="85.22213"><ele>2073</ele><time>2022-10-23T08:42:19Z</time></trkpt>
    <trkpt lat="28.02932" lon="85.22170"><ele>2083</ele><time>2022-10-23T08:42:37Z</time></trkpt>
    <trkpt lat="28.02943" lon="85.22169"><ele>2080</ele><time>2022-10-23T08:43:02Z</time></trkpt>
    <trkpt lat="28.03017" lon="85.22152"><ele>2086</ele><time>2022-10-23T08:43:20Z</time></trkpt>
    <trkpt lat="28.03055" lon="85.22076"><ele>2087</ele><time>2022-10-23T08:43:39Z</time></trkpt>
    <trkpt lat="28.03095" lon="85.22004"><ele>2078</ele><time>2022-10-23T08:43:57Z</time></trkpt>
    <trkpt lat="28.03176" lon="85.22009"><ele>2072</ele><time>2022-10-23T08:44:16Z</time></trkpt>
    <trkpt lat="28.03191" lon="85.21925"><ele>2074</ele><time>2022-10-23T08:44:35Z</time></trkpt>
    <trkpt lat="28.03277" lon="85.21820"><ele>2075</ele><time>2022-10-23T08:44:53Z</time></trkpt>
    <trkpt lat="28.03354" lon="85.21753"><ele>2082</ele><time>2022-10-23T08:45:11Z</time></trkpt>
    <trkpt lat="28.03451" lon="85.21781"><ele>2078</ele><time>2022-10-23T08:45:29Z</time></trkpt>
    <trkpt lat="28.03589" lon="85.21851"><ele>2064</ele><time>2022-10-23T08:45:48Z</time></trkpt>
    <trkpt lat="28.03684" lon="85.21906"><ele>2057</ele><time>2022-10-23T08:46:07Z</time></trkpt>
    <trkpt lat="28.03791" lon="85.21961"><ele>2052</ele><time>2022-10-23T08:46:26Z</time></trkpt>
    <trkpt lat="28.03887" lon="85.21992"><ele>2052</ele><time>2022-10-23T08:46:44Z</time></trkpt>
    <trkpt lat="28.03936" lon="85.21930"><ele>2057</ele><time>2022-10-23T08:47:03Z</time></trkpt>
    <trkpt lat="28.04015" lon="85.21966"><ele>2057</ele><time>2022-10-23T08:47:21Z</time></trkpt>
    <trkpt lat="28.04112" lon="85.21967"><ele>2057</ele><time>2022-10-23T08:47:40Z</time></trkpt>
    <trkpt lat="28.04171" lon="85.22034"><ele>2047</ele><time>2022-10-23T08:47:59Z</time></trkpt>
    <trkpt lat="28.04243" lon="85.22070"><ele>2038</ele><time>2022-10-23T08:48:17Z</time></trkpt>
    <trkpt lat="28.04352" lon="85.22127"><ele>2018</ele><time>2022-10-23T08:48:36Z</time></trkpt>
    <trkpt lat="28.04399" lon="85.22162"><ele>2009</ele><time>2022-10-23T08:48:54Z</time></trkpt>
    <trkpt lat="28.04472" lon="85.22192"><ele>2012</ele><time>2022-10-23T08:49:13Z</time></trkpt>
    <trkpt lat="28.04544" lon="85.22204"><ele>2007</ele><time>2022-10-23T08:49:32Z</time></trkpt>
    <trkpt lat="28.04606" lon="85.22272"><ele>2018</ele><time>2022-10-23T08:49:50Z</time></trkpt>
    <trkpt lat="28.04661" lon="85.22384"><ele>2027</ele><time>2022-10-23T08:50:09Z</time></trkpt>
    <trkpt lat="28.04699" lon="85.22500"><ele>2036</ele><time>2022-10-23T08:50:27Z</time></trkpt>
    <trkpt lat="28.04739" lon="85.22615"><ele>2048</ele><time>2022-10-23T08:50:46Z</time></trkpt>
    <trkpt lat="28.04830" lon="85.22674"><ele>2042</ele><time>2022-10-23T08:51:05Z</time></trkpt>
    <trkpt lat="28.04830" lon="85.22736"><ele>2049</ele><time>2022-10-23T08:51:23Z</time></trkpt>
    <trkpt lat="28.04847" lon="85.22805"><ele>2055</ele><time>2022-10-23T08:51:42Z</time></trkpt>
    <trkpt lat="28.04939" lon="85.22847"><ele>2051</ele><time>2022-10-23T08:52:00Z</time></trkpt>
    <trkpt lat="28.05033" lon="85.22883"><ele>2058</ele><time>2022-10-23T08:52:19Z</time></trkpt>
    <trkpt lat="28.05117" lon="85.22858"><ele>2059</ele><time>2022-10-23T08:52:38Z</time></trkpt>
    <trkpt lat="28.05211" lon="85.22902"><ele>2055</ele><time>2022-10-23T08:52:56Z</time></trkpt>
    <trkpt lat="28.05304" lon="85.22936"><ele>2047</ele><time>2022-10-23T08:53:15Z</time></trkpt>
    <trkpt lat="28.05395" lon="85.22905"><ele>2041</ele><time>2022-10-23T08:53:34Z</time></trkpt>
    <trkpt lat="28.05469" lon="85.22855"><ele>2047</ele><time>2022-10-23T08:53:53Z</time></trkpt>
    <trkpt lat="28.05541" lon="85.22866"><ele>2042</ele><time>2022-10-23T08:54:12Z</time></trkpt>
    <trkpt lat="28.05591" lon="85.22837"><ele>2046</ele><time>2022-10-23T08:54:30Z</time></trkpt>
    <trkpt lat="28.05663" lon="85.22795"><ele>2046</ele><time>2022-10-23T08:54:49Z</time></trkpt>
    <trkpt lat="28.05745" lon="85.22785"><ele>2044</ele><time>2022-10-23T08:55:08Z</time></trkpt>
    <trkpt lat="28.05822" lon="85.22783"><ele>2043</ele><time>2022-10-23T08:55:27Z</time></trkpt>
    <trkpt lat="28.05863" lon="85.22847"><ele>2040</ele><time>2022-10-23T08:55:45Z</time></trkpt>
    <trkpt lat="28.05924" lon="85.22850"><ele>2023</ele><time>2022-10-23T08:56:03Z</time></trkpt>
    <trkpt lat="28.06010" lon="85.22816"><ele>2040</ele><time>2022-10-23T08:56:22Z</time></trkpt>
    <trkpt lat="28.06024" lon="85.22769"><ele>2038</ele><time>2022-10-23T08:56:41Z</time></trkpt>
    <trkpt lat="28.06080" lon="85.22779"><ele>2037</ele><time>2022-10-23T08:56:59Z</time></trkpt>
    <trkpt lat="28.06137" lon="85.22784"><ele>2038</ele><time>2022-10-23T08:57:18Z</time></trkpt>
    <trkpt lat="28.06192" lon="85.22730"><ele>2044</ele><time>2022-10-23T08:57:36Z</time></trkpt>
    <trkpt lat="28.06269" lon="85.22696"><ele>2037</ele><time>2022-10-23T08:57:55Z</time></trkpt>
    <trkpt lat="28.06337" lon="85.22672"><ele>2038</ele><time>2022-10-23T08:58:13Z</time></trkpt>
    <trkpt lat="28.06399" lon="85.22613"><ele>2046</ele><time>2022-10-23T08:58:32Z</time></trkpt>
    <trkpt lat="28.06448" lon="85.22531"><ele>2050</ele><time>2022-10-23T08:58:50Z</time></trkpt>
    <trkpt lat="28.06516" lon="85.22473"><ele>2049</ele><time>2022-10-23T08:59:09Z</time></trkpt>
    <trkpt lat="28.06557" lon="85.22420"><ele>2044</ele><time>2022-10-23T08:59:28Z</time></trkpt>
    <trkpt lat="28.06605" lon="85.22361"><ele>2053</ele><time>2022-10-23T08:59:47Z</time></trkpt>
    <trkpt lat="28.06636" lon="85.22379"><ele>2047</ele><time>2022-10-23T09:00:05Z</time></trkpt>
    <trkpt lat="28.06670" lon="85.22458"><ele>2051</ele><time>2022-10-23T09:00:24Z</time></trkpt>
    <trkpt lat="28.06697" lon="85.22527"><ele>2055</ele><time>2022-10-23T09:00:43Z</time></trkpt>
    <trkpt lat="28.06744" lon="85.22589"><ele>2060</ele><time>2022-10-23T09:01:02Z</time></trkpt>
    <trkpt lat="28.06810" lon="85.22637"><ele>2061</ele><time>2022-10-23T09:01:20Z</time></trkpt>
    <trkpt lat="28.06870" lon="85.22690"><ele>2066</ele><time>2022-10-23T09:01:38Z</time></trkpt>
    <trkpt lat="28.06843" lon="85.22776"><ele>2080</ele><time>2022-10-23T09:01:57Z</time></trkpt>
    <trkpt lat="28.06829" lon="85.22847"><ele>2084</ele><time>2022-10-23T09:02:15Z</time></trkpt>
    <trkpt lat="28.06818" lon="85.22926"><ele>2087</ele><time>2022-10-23T09:02:34Z</time></trkpt>
    <trkpt lat="28.06825" lon="85.22978"><ele>2096</ele><time>2022-10-23T09:02:52Z</time></trkpt>
    <trkpt lat="28.06842" lon="85.23025"><ele>2088</ele><time>2022-10-23T09:03:10Z</time></trkpt>
    <trkpt lat="28.06884" lon="85.23075"><ele>2082</ele><time>2022-10-23T09:03:29Z</time></trkpt>
    <trkpt lat="28.06928" lon="85.23122"><ele>2076</ele><time>2022-10-23T09:03:47Z</time></trkpt>
    <trkpt lat="28.07004" lon="85.23165"><ele>2082</ele><time>2022-10-23T09:04:06Z</time></trkpt>
    <trkpt lat="28.07010" lon="85.23239"><ele>2092</ele><time>2022-10-23T09:04:25Z</time></trkpt>
    <trkpt lat="28.07049" lon="85.23297"><ele>2103</ele><time>2022-10-23T09:04:44Z</time></trkpt>
    <trkpt lat="28.07089" lon="85.23359"><ele>2118</ele><time>2022-10-23T09:05:03Z</time></trkpt>
    <trkpt lat="28.07091" lon="85.23458"><ele>2130</ele><time>2022-10-23T09:05:22Z</time></trkpt>
    <trkpt lat="28.07119" lon="85.23527"><ele>2129</ele><time>2022-10-23T09:05:40Z</time></trkpt>
    <trkpt lat="28.07149" lon="85.23646"><ele>2139</ele><time>2022-10-23T09:05:59Z</time></trkpt>
    <trkpt lat="28.07238" lon="85.23760"><ele>2148</ele><time>2022-10-23T09:06:17Z</time></trkpt>
    <trkpt lat="28.07238" lon="85.23826"><ele>2159</ele><time>2022-10-23T09:06:34Z</time></trkpt>
    <trkpt lat="28.07234" lon="85.23888"><ele>2166</ele><time>2022-10-23T09:06:54Z</time></trkpt>
    <trkpt lat="28.07251" lon="85.23957"><ele>2158</ele><time>2022-10-23T09:07:13Z</time></trkpt>
    <trkpt lat="28.07274" lon="85.24012"><ele>2166</ele><time>2022-10-23T09:07:32Z</time></trkpt>
    <trkpt lat="28.07272" lon="85.24067"><ele>2172</ele><time>2022-10-23T09:07:50Z</time></trkpt>
    <trkpt lat="28.07299" lon="85.24133"><ele>2185</ele><time>2022-10-23T09:08:09Z</time></trkpt>
    <trkpt lat="28.07291" lon="85.24179"><ele>2190</ele><time>2022-10-23T09:08:27Z</time></trkpt>
    <trkpt lat="28.07347" lon="85.24200"><ele>2187</ele><time>2022-10-23T09:08:46Z</time></trkpt>
    <trkpt lat="28.07506" lon="85.24264"><ele>2188</ele><time>2022-10-23T09:09:22Z</time></trkpt>
    <trkpt lat="28.07538" lon="85.24292"><ele>2182</ele><time>2022-10-23T09:09:27Z</time></trkpt>
    <trkpt lat="28.07625" lon="85.24363"><ele>2184</ele><time>2022-10-23T09:09:45Z</time></trkpt>
    <trkpt lat="28.07693" lon="85.24353"><ele>2186</ele><time>2022-10-23T09:09:53Z</time></trkpt>
    <trkpt lat="28.07777" lon="85.24338"><ele>2208</ele><time>2022-10-23T09:10:11Z</time></trkpt>
    <trkpt lat="28.07812" lon="85.24462"><ele>2195</ele><time>2022-10-23T09:10:30Z</time></trkpt>
    <trkpt lat="28.07850" lon="85.24603"><ele>2188</ele><time>2022-10-23T09:10:48Z</time></trkpt>
    <trkpt lat="28.07892" lon="85.24768"><ele>2180</ele><time>2022-10-23T09:11:07Z</time></trkpt>
    <trkpt lat="28.07844" lon="85.24829"><ele>2172</ele><time>2022-10-23T09:11:26Z</time></trkpt>
    <trkpt lat="28.07826" lon="85.24927"><ele>2163</ele><time>2022-10-23T09:11:44Z</time></trkpt>
    <trkpt lat="28.07809" lon="85.25024"><ele>2159</ele><time>2022-10-23T09:12:02Z</time></trkpt>
    <trkpt lat="28.07762" lon="85.25085"><ele>2151</ele><time>2022-10-23T09:12:21Z</time></trkpt>
    <trkpt lat="28.07733" lon="85.25190"><ele>2144</ele><time>2022-10-23T09:12:39Z</time></trkpt>
    <trkpt lat="28.07692" lon="85.25272"><ele>2143</ele><time>2022-10-23T09:12:58Z</time></trkpt>
    <trkpt lat="28.07673" lon="85.25338"><ele>2140</ele><time>2022-10-23T09:13:17Z</time></trkpt>
    <trkpt lat="28.07693" lon="85.25436"><ele>2140</ele><time>2022-10-23T09:13:36Z</time></trkpt>
    <trkpt lat="28.07679" lon="85.25500"><ele>2141</ele><time>2022-10-23T09:13:54Z</time></trkpt>
    <trkpt lat="28.07748" lon="85.25557"><ele>2130</ele><time>2022-10-23T09:14:12Z</time></trkpt>
    <trkpt lat="28.07825" lon="85.25616"><ele>2134</ele><time>2022-10-23T09:14:31Z</time></trkpt>
    <trkpt lat="28.07859" lon="85.25683"><ele>2151</ele><time>2022-10-23T09:14:49Z</time></trkpt>
    <trkpt lat="28.07897" lon="85.25769"><ele>2127</ele><time>2022-10-23T09:15:08Z</time></trkpt>
    <trkpt lat="28.07941" lon="85.25849"><ele>2108</ele><time>2022-10-23T09:15:27Z</time></trkpt>
    <trkpt lat="28.08033" lon="85.25955"><ele>2101</ele><time>2022-10-23T09:15:45Z</time></trkpt>
    <trkpt lat="28.08064" lon="85.26062"><ele>2152</ele><time>2022-10-23T09:16:04Z</time></trkpt>
    <trkpt lat="28.08139" lon="85.26074"><ele>2103</ele><time>2022-10-23T09:16:22Z</time></trkpt>
    <trkpt lat="28.08163" lon="85.26008"><ele>2102</ele><time>2022-10-23T09:16:27Z</time></trkpt>
    <trkpt lat="28.08246" lon="85.26015"><ele>2096</ele><time>2022-10-23T09:16:44Z</time></trkpt>
    <trkpt lat="28.08225" lon="85.26145"><ele>2086</ele><time>2022-10-23T09:17:02Z</time></trkpt>
    <trkpt lat="28.08198" lon="85.26286"><ele>2097</ele><time>2022-10-23T09:17:21Z</time></trkpt>
    <trkpt lat="28.08244" lon="85.26374"><ele>2088</ele><time>2022-10-23T09:17:39Z</time></trkpt>
    <trkpt lat="28.08284" lon="85.26454"><ele>2079</ele><time>2022-10-23T09:17:58Z</time></trkpt>
    <trkpt lat="28.08347" lon="85.26524"><ele>2079</ele><time>2022-10-23T09:18:17Z</time></trkpt>
    <trkpt lat="28.08407" lon="85.26620"><ele>2070</ele><time>2022-10-23T09:18:36Z</time></trkpt>
    <trkpt lat="28.08451" lon="85.26696"><ele>2068</ele><time>2022-10-23T09:18:55Z</time></trkpt>
    <trkpt lat="28.08476" lon="85.26801"><ele>2068</ele><time>2022-10-23T09:19:13Z</time></trkpt>
    <trkpt lat="28.08504" lon="85.26924"><ele>2072</ele><time>2022-10-23T09:19:31Z</time></trkpt>
    <trkpt lat="28.08583" lon="85.27090"><ele>2074</ele><time>2022-10-23T09:19:50Z</time></trkpt>
    <trkpt lat="28.08589" lon="85.27146"><ele>2071</ele><time>2022-10-23T09:20:02Z</time></trkpt>
    <trkpt lat="28.08617" lon="85.27263"><ele>2070</ele><time>2022-10-23T09:20:20Z</time></trkpt>
    <trkpt lat="28.08708" lon="85.27388"><ele>2068</ele><time>2022-10-23T09:20:39Z</time></trkpt>
    <trkpt lat="28.08730" lon="85.27445"><ele>2068</ele><time>2022-10-23T09:20:57Z</time></trkpt>
    <trkpt lat="28.08774" lon="85.27529"><ele>2043</ele><time>2022-10-23T09:21:16Z</time></trkpt>
    <trkpt lat="28.08872" lon="85.27636"><ele>2002</ele><time>2022-10-23T09:21:34Z</time></trkpt>
    <trkpt lat="28.08940" lon="85.27644"><ele>2020</ele><time>2022-10-23T09:21:52Z</time></trkpt>
    <trkpt lat="28.09051" lon="85.27613"><ele>1996</ele><time>2022-10-23T09:22:10Z</time></trkpt>
    <trkpt lat="28.09151" lon="85.27616"><ele>1997</ele><time>2022-10-23T09:22:28Z</time></trkpt>
    <trkpt lat="28.09221" lon="85.27682"><ele>2116</ele><time>2022-10-23T09:22:47Z</time></trkpt>
    <trkpt lat="28.09301" lon="85.27706"><ele>2009</ele><time>2022-10-23T09:23:06Z</time></trkpt>
    <trkpt lat="28.09340" lon="85.27773"><ele>1999</ele><time>2022-10-23T09:23:25Z</time></trkpt>
    <trkpt lat="28.09391" lon="85.27817"><ele>2000</ele><time>2022-10-23T09:23:43Z</time></trkpt>
    <trkpt lat="28.09461" lon="85.27850"><ele>1996</ele><time>2022-10-23T09:24:01Z</time></trkpt>
    <trkpt lat="28.09508" lon="85.27933"><ele>1985</ele><time>2022-10-23T09:24:19Z</time></trkpt>
    <trkpt lat="28.09539" lon="85.28016"><ele>1985</ele><time>2022-10-23T09:24:38Z</time></trkpt>
    <trkpt lat="28.09614" lon="85.28106"><ele>1990</ele><time>2022-10-23T09:24:56Z</time></trkpt>
    <trkpt lat="28.09632" lon="85.28158"><ele>1990</ele><time>2022-10-23T09:25:14Z</time></trkpt>
    <trkpt lat="28.09713" lon="85.28195"><ele>1987</ele><time>2022-10-23T09:25:33Z</time></trkpt>
    <trkpt lat="28.09768" lon="85.28240"><ele>1983</ele><time>2022-10-23T09:25:51Z</time></trkpt>
    <trkpt lat="28.09856" lon="85.28294"><ele>1974</ele><time>2022-10-23T09:26:10Z</time></trkpt>
    <trkpt lat="28.09905" lon="85.28315"><ele>1970</ele><time>2022-10-23T09:26:29Z</time></trkpt>
    <trkpt lat="28.09914" lon="85.28326"><ele>1970</ele><time>2022-10-23T09:26:48Z</time></trkpt>
    <trkpt lat="28.09913" lon="85.28339"><ele>1973</ele><time>2022-10-23T09:27:14Z</time></trkpt>
    <trkpt lat="28.09977" lon="85.28390"><ele>1972</ele><time>2022-10-23T09:27:33Z</time></trkpt>
    <trkpt lat="28.10051" lon="85.28472"><ele>1978</ele><time>2022-10-23T09:27:51Z</time></trkpt>
    <trkpt lat="28.10077" lon="85.28553"><ele>1983</ele><time>2022-10-23T09:28:10Z</time></trkpt>
    <trkpt lat="28.10148" lon="85.28630"><ele>1985</ele><time>2022-10-23T09:28:28Z</time></trkpt>
    <trkpt lat="28.10228" lon="85.28690"><ele>1988</ele><time>2022-10-23T09:28:47Z</time></trkpt>
    <trkpt lat="28.10317" lon="85.28783"><ele>1991</ele><time>2022-10-23T09:29:06Z</time></trkpt>
    <trkpt lat="28.10421" lon="85.28785"><ele>1989</ele><time>2022-10-23T09:29:24Z</time></trkpt>
    <trkpt lat="28.10506" lon="85.28747"><ele>1993</ele><time>2022-10-23T09:29:43Z</time></trkpt>
    <trkpt lat="28.10558" lon="85.28761"><ele>1995</ele><time>2022-10-23T09:30:02Z</time></trkpt>
    <trkpt lat="28.10614" lon="85.28753"><ele>2075</ele><time>2022-10-23T09:30:21Z</time></trkpt>
    <trkpt lat="28.10705" lon="85.28707"><ele>2129</ele><time>2022-10-23T09:30:39Z</time></trkpt>
    <trkpt lat="28.10768" lon="85.28762"><ele>2018</ele><time>2022-10-23T09:30:58Z</time></trkpt>
    <trkpt lat="28.10804" lon="85.28846"><ele>2010</ele><time>2022-10-23T09:31:17Z</time></trkpt>
    <trkpt lat="28.10843" lon="85.28917"><ele>2015</ele><time>2022-10-23T09:31:35Z</time></trkpt>
    <trkpt lat="28.10856" lon="85.28925"><ele>2007</ele><time>2022-10-23T09:31:54Z</time></trkpt>
    <trkpt lat="28.10877" lon="85.28933"><ele>2011</ele><time>2022-10-23T09:35:39Z</time></trkpt>
    <trkpt lat="28.10892" lon="85.28940"><ele>2004</ele><time>2022-10-23T09:37:16Z</time></trkpt>
    <trkpt lat="28.10877" lon="85.28937"><ele>2003</ele><time>2022-10-23T09:42:29Z</time></trkpt>
    <trkpt lat="28.10911" lon="85.28967"><ele>2000</ele><time>2022-10-23T09:42:48Z</time></trkpt>
    <trkpt lat="28.10991" lon="85.29075"><ele>1998</ele><time>2022-10-23T09:43:06Z</time></trkpt>
    <trkpt lat="28.11113" lon="85.29196"><ele>1999</ele><time>2022-10-23T09:43:25Z</time></trkpt>
    <trkpt lat="28.11166" lon="85.29262"><ele>2004</ele><time>2022-10-23T09:43:44Z</time></trkpt>
    <trkpt lat="28.11251" lon="85.29385"><ele>2010</ele><time>2022-10-23T09:44:03Z</time></trkpt>
    <trkpt lat="28.11319" lon="85.29497"><ele>2010</ele><time>2022-10-23T09:44:22Z</time></trkpt>
    <trkpt lat="28.11332" lon="85.29513"><ele>2021</ele><time>2022-10-23T09:44:40Z</time></trkpt>
    <trkpt lat="28.11324" lon="85.29518"><ele>2030</ele><time>2022-10-23T09:48:52Z</time></trkpt>
    <trkpt lat="28.11255" lon="85.29625"><ele>2029</ele><time>2022-10-23T09:49:11Z</time></trkpt>
    <trkpt lat="28.11204" lon="85.29704"><ele>2028</ele><time>2022-10-23T09:49:29Z</time></trkpt>
    <trkpt lat="28.11161" lon="85.29802"><ele>2014</ele><time>2022-10-23T09:49:48Z</time></trkpt>
    <trkpt lat="28.11124" lon="85.29929"><ele>2008</ele><time>2022-10-23T09:50:07Z</time></trkpt>
    <trkpt lat="28.11035" lon="85.30041"><ele>1999</ele><time>2022-10-23T09:50:25Z</time></trkpt>
    <trkpt lat="28.11057" lon="85.30058"><ele>1997</ele><time>2022-10-23T09:50:43Z</time></trkpt>
    <trkpt lat="28.11068" lon="85.30042"><ele>1999</ele><time>2022-10-23T09:52:23Z</time></trkpt>
    <trkpt lat="28.11170" lon="85.29963"><ele>2003</ele><time>2022-10-23T09:52:41Z</time></trkpt>
    <trkpt lat="28.11248" lon="85.29864"><ele>1993</ele><time>2022-10-23T09:52:59Z</time></trkpt>
    <trkpt lat="28.11315" lon="85.29855"><ele>1987</ele><time>2022-10-23T09:53:18Z</time></trkpt>
    <trkpt lat="28.11270" lon="85.29882"><ele>1972</ele><time>2022-10-23T09:53:37Z</time></trkpt>
    <trkpt lat="28.11232" lon="85.29962"><ele>1966</ele><time>2022-10-23T09:53:55Z</time></trkpt>
    <trkpt lat="28.11136" lon="85.30115"><ele>1965</ele><time>2022-10-23T09:54:14Z</time></trkpt>
    <trkpt lat="28.11093" lon="85.30240"><ele>1958</ele><time>2022-10-23T09:54:32Z</time></trkpt>
    <trkpt lat="28.10994" lon="85.30393"><ele>1949</ele><time>2022-10-23T09:54:51Z</time></trkpt>
    <trkpt lat="28.10950" lon="85.30531"><ele>1940</ele><time>2022-10-23T09:55:10Z</time></trkpt>
    <trkpt lat="28.10908" lon="85.30686"><ele>1931</ele><time>2022-10-23T09:55:29Z</time></trkpt>
    <trkpt lat="28.10872" lon="85.30801"><ele>1920</ele><time>2022-10-23T09:55:48Z</time></trkpt>
    <trkpt lat="28.10850" lon="85.30942"><ele>1908</ele><time>2022-10-23T09:56:06Z</time></trkpt>
    <trkpt lat="28.10792" lon="85.31034"><ele>1901</ele><time>2022-10-23T09:56:24Z</time></trkpt>
    <trkpt lat="28.10871" lon="85.31016"><ele>1880</ele><time>2022-10-23T09:56:42Z</time></trkpt>
    <trkpt lat="28.10959" lon="85.30863"><ele>1873</ele><time>2022-10-23T09:57:00Z</time></trkpt>
    <trkpt lat="28.10963" lon="85.30923"><ele>1866</ele><time>2022-10-23T09:57:19Z</time></trkpt>
    <trkpt lat="28.10937" lon="85.31076"><ele>1858</ele><time>2022-10-23T09:57:37Z</time></trkpt>
    <trkpt lat="28.10900" lon="85.31131"><ele>1845</ele><time>2022-10-23T09:57:56Z</time></trkpt>
    <trkpt lat="28.10802" lon="85.31162"><ele>1836</ele><time>2022-10-23T09:58:15Z</time></trkpt>
    <trkpt lat="28.10780" lon="85.31212"><ele>1829</ele><time>2022-10-23T09:58:34Z</time></trkpt>
    <trkpt lat="28.10833" lon="85.31204"><ele>1816</ele><time>2022-10-23T09:58:52Z</time></trkpt>
    <trkpt lat="28.10903" lon="85.31262"><ele>1811</ele><time>2022-10-23T09:59:10Z</time></trkpt>
    <trkpt lat="28.10923" lon="85.31235"><ele>1813</ele><time>2022-10-23T09:59:29Z</time></trkpt>
    <trkpt lat="28.10990" lon="85.31218"><ele>1816</ele><time>2022-10-23T09:59:47Z</time></trkpt>
    <trkpt lat="28.11046" lon="85.31175"><ele>1814</ele><time>2022-10-23T10:00:06Z</time></trkpt>
    <trkpt lat="28.11091" lon="85.31119"><ele>1819</ele><time>2022-10-23T10:00:24Z</time></trkpt>
    <trkpt lat="28.11153" lon="85.31099"><ele>1816</ele><time>2022-10-23T10:00:42Z</time></trkpt>
    <trkpt lat="28.11196" lon="85.31055"><ele>1821</ele><time>2022-10-23T10:01:01Z</time></trkpt>
    <trkpt lat="28.11269" lon="85.31033"><ele>1822</ele><time>2022-10-23T10:01:19Z</time></trkpt>
    <trkpt lat="28.11357" lon="85.30989"><ele>1837</ele><time>2022-10-23T10:01:37Z</time></trkpt>
    <trkpt lat="28.11475" lon="85.30993"><ele>1842</ele><time>2022-10-23T10:01:56Z</time></trkpt>
    <trkpt lat="28.11587" lon="85.31043"><ele>1847</ele><time>2022-10-23T10:02:14Z</time></trkpt>
    <trkpt lat="28.11664" lon="85.30993"><ele>1858</ele><time>2022-10-23T10:02:32Z</time></trkpt>
    <trkpt lat="28.11776" lon="85.30984"><ele>1870</ele><time>2022-10-23T10:02:50Z</time></trkpt>
    <trkpt lat="28.11841" lon="85.30977"><ele>1880</ele><time>2022-10-23T10:03:09Z</time></trkpt>
    <trkpt lat="28.11917" lon="85.30911"><ele>1889</ele><time>2022-10-23T10:03:28Z</time></trkpt>
    <trkpt lat="28.12014" lon="85.30878"><ele>1896</ele><time>2022-10-23T10:03:47Z</time></trkpt>
    <trkpt lat="28.12074" lon="85.30836"><ele>1908</ele><time>2022-10-23T10:04:05Z</time></trkpt>
    <trkpt lat="28.12146" lon="85.30850"><ele>1917</ele><time>2022-10-23T10:04:24Z</time></trkpt>
    <trkpt lat="28.12166" lon="85.30853"><ele>1913</ele><time>2022-10-23T10:04:29Z</time></trkpt>
    <trkpt lat="28.12253" lon="85.30807"><ele>1919</ele><time>2022-10-23T10:04:47Z</time></trkpt>
    <trkpt lat="28.12312" lon="85.30752"><ele>1926</ele><time>2022-10-23T10:05:06Z</time></trkpt>
    <trkpt lat="28.12365" lon="85.30724"><ele>1935</ele><time>2022-10-23T10:05:24Z</time></trkpt>
    <trkpt lat="28.12402" lon="85.30690"><ele>1946</ele><time>2022-10-23T10:05:42Z</time></trkpt>
    <trkpt lat="28.12478" lon="85.30664"><ele>1953</ele><time>2022-10-23T10:06:00Z</time></trkpt>
    <trkpt lat="28.12534" lon="85.30671"><ele>1957</ele><time>2022-10-23T10:06:19Z</time></trkpt>
    <trkpt lat="28.12597" lon="85.30620"><ele>1962</ele><time>2022-10-23T10:06:38Z</time></trkpt>
    <trkpt lat="28.12618" lon="85.30601"><ele>1961</ele><time>2022-10-23T10:06:56Z</time></trkpt>
    <trkpt lat="28.12661" lon="85.30573"><ele>1958</ele><time>2022-10-23T10:07:15Z</time></trkpt>
    <trkpt lat="28.12705" lon="85.30612"><ele>1946</ele><time>2022-10-23T10:07:33Z</time></trkpt>
    <trkpt lat="28.12740" lon="85.30715"><ele>1941</ele><time>2022-10-23T10:07:52Z</time></trkpt>
    <trkpt lat="28.12794" lon="85.30886"><ele>1941</ele><time>2022-10-23T10:08:10Z</time></trkpt>
    <trkpt lat="28.12857" lon="85.31052"><ele>1937</ele><time>2022-10-23T10:08:28Z</time></trkpt>
    <trkpt lat="28.12928" lon="85.31177"><ele>1912</ele><time>2022-10-23T10:08:47Z</time></trkpt>
    <trkpt lat="28.12981" lon="85.31262"><ele>1914</ele><time>2022-10-23T10:09:06Z</time></trkpt>
    <trkpt lat="28.13007" lon="85.31329"><ele>1909</ele><time>2022-10-23T10:09:25Z</time></trkpt>
    <trkpt lat="28.13035" lon="85.31429"><ele>1902</ele><time>2022-10-23T10:09:43Z</time></trkpt>
    <trkpt lat="28.13070" lon="85.31542"><ele>1895</ele><time>2022-10-23T10:10:01Z</time></trkpt>
    <trkpt lat="28.13113" lon="85.31556"><ele>1895</ele><time>2022-10-23T10:10:20Z</time></trkpt>
    <trkpt lat="28.13156" lon="85.31543"><ele>1887</ele><time>2022-10-23T10:10:38Z</time></trkpt>
    <trkpt lat="28.13274" lon="85.31585"><ele>1888</ele><time>2022-10-23T10:10:57Z</time></trkpt>
    <trkpt lat="28.13376" lon="85.31543"><ele>1890</ele><time>2022-10-23T10:11:15Z</time></trkpt>
    <trkpt lat="28.13521" lon="85.31476"><ele>1886</ele><time>2022-10-23T10:11:34Z</time></trkpt>
    <trkpt lat="28.13642" lon="85.31443"><ele>1868</ele><time>2022-10-23T10:11:52Z</time></trkpt>
    <trkpt lat="28.13753" lon="85.31554"><ele>1857</ele><time>2022-10-23T10:12:10Z</time></trkpt>
    <trkpt lat="28.13838" lon="85.31557"><ele>1836</ele><time>2022-10-23T10:12:29Z</time></trkpt>
    <trkpt lat="28.13917" lon="85.31588"><ele>1843</ele><time>2022-10-23T10:12:47Z</time></trkpt>
    <trkpt lat="28.14008" lon="85.31626"><ele>1820</ele><time>2022-10-23T10:13:02Z</time></trkpt>
    <trkpt lat="28.14065" lon="85.31688"><ele>1812</ele><time>2022-10-23T10:13:20Z</time></trkpt>
    <trkpt lat="28.14099" lon="85.31718"><ele>1807</ele><time>2022-10-23T10:13:38Z</time></trkpt>
    <trkpt lat="28.14107" lon="85.31806"><ele>1789</ele><time>2022-10-23T10:13:56Z</time></trkpt>
    <trkpt lat="28.14034" lon="85.31930"><ele>1791</ele><time>2022-10-23T10:14:15Z</time></trkpt>
    <trkpt lat="28.13979" lon="85.31986"><ele>1791</ele><time>2022-10-23T10:14:33Z</time></trkpt>
    <trkpt lat="28.13946" lon="85.32049"><ele>1837</ele><time>2022-10-23T10:14:52Z</time></trkpt>
    <trkpt lat="28.13980" lon="85.32071"><ele>1793</ele><time>2022-10-23T10:15:10Z</time></trkpt>
    <trkpt lat="28.14027" lon="85.32097"><ele>1793</ele><time>2022-10-23T10:15:29Z</time></trkpt>
    <trkpt lat="28.14110" lon="85.32199"><ele>1776</ele><time>2022-10-23T10:15:48Z</time></trkpt>
    <trkpt lat="28.14199" lon="85.32342"><ele>1770</ele><time>2022-10-23T10:16:07Z</time></trkpt>
    <trkpt lat="28.14298" lon="85.32445"><ele>1767</ele><time>2022-10-23T10:16:25Z</time></trkpt>
    <trkpt lat="28.14296" lon="85.32429"><ele>1765</ele><time>2022-10-23T10:16:28Z</time></trkpt>
    <trkpt lat="28.14249" lon="85.32358"><ele>1763</ele><time>2022-10-23T10:16:47Z</time></trkpt>
    <trkpt lat="28.14213" lon="85.32240"><ele>1759</ele><time>2022-10-23T10:17:05Z</time></trkpt>
    <trkpt lat="28.14225" lon="85.32231"><ele>1753</ele><time>2022-10-23T10:17:17Z</time></trkpt>
    <trkpt lat="28.14301" lon="85.32334"><ele>1728</ele><time>2022-10-23T10:17:36Z</time></trkpt>
    <trkpt lat="28.14309" lon="85.32313"><ele>1719</ele><time>2022-10-23T10:17:54Z</time></trkpt>
    <trkpt lat="28.14240" lon="85.32196"><ele>1709</ele><time>2022-10-23T10:18:13Z</time></trkpt>
    <trkpt lat="28.14350" lon="85.32281"><ele>1690</ele><time>2022-10-23T10:18:31Z</time></trkpt>
    <trkpt lat="28.14386" lon="85.32306"><ele>1679</ele><time>2022-10-23T10:18:49Z</time></trkpt>
    <trkpt lat="28.14310" lon="85.32165"><ele>1662</ele><time>2022-10-23T10:19:08Z</time></trkpt>
    <trkpt lat="28.14418" lon="85.32271"><ele>1653</ele><time>2022-10-23T10:19:26Z</time></trkpt>
    <trkpt lat="28.14385" lon="85.32155"><ele>1635</ele><time>2022-10-23T10:19:45Z</time></trkpt>
    <trkpt lat="28.14366" lon="85.32080"><ele>1673</ele><time>2022-10-23T10:20:03Z</time></trkpt>
    <trkpt lat="28.14469" lon="85.32190"><ele>1635</ele><time>2022-10-23T10:20:22Z</time></trkpt>
    <trkpt lat="28.14584" lon="85.32302"><ele>1614</ele><time>2022-10-23T10:20:41Z</time></trkpt>
    <trkpt lat="28.14583" lon="85.32281"><ele>1600</ele><time>2022-10-23T10:20:59Z</time></trkpt>
    <trkpt lat="28.14517" lon="85.32176"><ele>1637</ele><time>2022-10-23T10:21:18Z</time></trkpt>
    <trkpt lat="28.14518" lon="85.32136"><ele>1570</ele><time>2022-10-23T10:21:36Z</time></trkpt>
    <trkpt lat="28.14519" lon="85.32034"><ele>1564</ele><time>2022-10-23T10:21:55Z</time></trkpt>
    <trkpt lat="28.14549" lon="85.32084"><ele>1550</ele><time>2022-10-23T10:22:14Z</time></trkpt>
    <trkpt lat="28.14607" lon="85.32201"><ele>1571</ele><time>2022-10-23T10:22:32Z</time></trkpt>
    <trkpt lat="28.14754" lon="85.32280"><ele>1557</ele><time>2022-10-23T10:22:51Z</time></trkpt>
    <trkpt lat="28.14831" lon="85.32328"><ele>1546</ele><time>2022-10-23T10:23:09Z</time></trkpt>
    <trkpt lat="28.14863" lon="85.32351"><ele>1528</ele><time>2022-10-23T10:23:18Z</time></trkpt>
    <trkpt lat="28.14778" lon="85.32257"><ele>1595</ele><time>2022-10-23T10:23:37Z</time></trkpt>
    <trkpt lat="28.14830" lon="85.32278"><ele>1556</ele><time>2022-10-23T10:23:56Z</time></trkpt>
    <trkpt lat="28.14956" lon="85.32394"><ele>1508</ele><time>2022-10-23T10:24:15Z</time></trkpt>
    <trkpt lat="28.14939" lon="85.32456"><ele>1494</ele><time>2022-10-23T10:24:33Z</time></trkpt>
    <trkpt lat="28.14973" lon="85.32517"><ele>1472</ele><time>2022-10-23T10:24:52Z</time></trkpt>
    <trkpt lat="28.15029" lon="85.32596"><ele>1475</ele><time>2022-10-23T10:25:11Z</time></trkpt>
    <trkpt lat="28.15086" lon="85.32654"><ele>1470</ele><time>2022-10-23T10:25:29Z</time></trkpt>
    <trkpt lat="28.15144" lon="85.32686"><ele>1460</ele><time>2022-10-23T10:25:47Z</time></trkpt>
    <trkpt lat="28.15167" lon="85.32730"><ele>1452</ele><time>2022-10-23T10:26:06Z</time></trkpt>
    <trkpt lat="28.15231" lon="85.32771"><ele>1445</ele><time>2022-10-23T10:26:24Z</time></trkpt>
    <trkpt lat="28.15293" lon="85.32819"><ele>1487</ele><time>2022-10-23T10:26:42Z</time></trkpt>
    <trkpt lat="28.15342" lon="85.32881"><ele>1449</ele><time>2022-10-23T10:27:00Z</time></trkpt>
    <trkpt lat="28.15389" lon="85.32923"><ele>1439</ele><time>2022-10-23T10:27:19Z</time></trkpt>
    <trkpt lat="28.15422" lon="85.32958"><ele>1423</ele><time>2022-10-23T10:27:37Z</time></trkpt>
    <trkpt lat="28.15514" lon="85.32985"><ele>1416</ele><time>2022-10-23T10:27:56Z</time></trkpt>
    <trkpt lat="28.15562" lon="85.33031"><ele>1420</ele><time>2022-10-23T10:28:15Z</time></trkpt>
    <trkpt lat="28.15576" lon="85.33062"><ele>1415</ele><time>2022-10-23T10:28:27Z</time></trkpt>
    <trkpt lat="28.15608" lon="85.33088"><ele>1414</ele><time>2022-10-23T10:28:45Z</time></trkpt>
    <trkpt lat="28.15639" lon="85.33143"><ele>1412</ele><time>2022-10-23T10:29:03Z</time></trkpt>
    <trkpt lat="28.15694" lon="85.33176"><ele>1410</ele><time>2022-10-23T10:29:21Z</time></trkpt>
    <trkpt lat="28.15741" lon="85.33240"><ele>1395</ele><time>2022-10-23T10:29:40Z</time></trkpt>
    <trkpt lat="28.15832" lon="85.33277"><ele>1390</ele><time>2022-10-23T10:29:59Z</time></trkpt>
    <trkpt lat="28.15888" lon="85.33354"><ele>1393</ele><time>2022-10-23T10:30:18Z</time></trkpt>
    <trkpt lat="28.15918" lon="85.33455"><ele>1392</ele><time>2022-10-23T10:30:36Z</time></trkpt>
    <trkpt lat="28.15965" lon="85.33522"><ele>1397</ele><time>2022-10-23T10:30:54Z</time></trkpt>
    <trkpt lat="28.15975" lon="85.33534"><ele>1395</ele><time>2022-10-23T10:30:58Z</time></trkpt>
    <trkpt lat="28.16018" lon="85.33592"><ele>1403</ele><time>2022-10-23T10:31:16Z</time></trkpt>
    <trkpt lat="28.16068" lon="85.33628"><ele>1409</ele><time>2022-10-23T10:31:35Z</time></trkpt>
    <trkpt lat="28.16136" lon="85.33650"><ele>1412</ele><time>2022-10-23T10:31:54Z</time></trkpt>
    <trkpt lat="28.16140" lon="85.33668"><ele>1414</ele><time>2022-10-23T10:32:12Z</time></trkpt>
    <trkpt lat="28.16150" lon="85.33662"><ele>1427</ele><time>2022-10-23T10:32:31Z</time></trkpt>
  </trkseg>
</trk>
<trk>
  <name>LangtangTrek1</name>
  <trkseg>
    <trkpt lat="28.16571" lon="85.34189"><ele>1453</ele><time>2022-10-24T02:28:35Z</time></trkpt>
    <trkpt lat="28.16580" lon="85.34206"><ele>1450</ele><time>2022-10-24T02:28:54Z</time></trkpt>
    <trkpt lat="28.16585" lon="85.34216"><ele>1445</ele><time>2022-10-24T02:29:13Z</time></trkpt>
    <trkpt lat="28.16590" lon="85.34226"><ele>1442</ele><time>2022-10-24T02:29:32Z</time></trkpt>
    <trkpt lat="28.16599" lon="85.34233"><ele>1435</ele><time>2022-10-24T02:29:50Z</time></trkpt>
    <trkpt lat="28.16598" lon="85.34258"><ele>1430</ele><time>2022-10-24T02:30:28Z</time></trkpt>
    <trkpt lat="28.16588" lon="85.34275"><ele>1430</ele><time>2022-10-24T02:30:47Z</time></trkpt>
    <trkpt lat="28.16582" lon="85.34290"><ele>1429</ele><time>2022-10-24T02:31:06Z</time></trkpt>
    <trkpt lat="28.16588" lon="85.34306"><ele>1437</ele><time>2022-10-24T02:34:12Z</time></trkpt>
    <trkpt lat="28.16598" lon="85.34314"><ele>1443</ele><time>2022-10-24T02:34:31Z</time></trkpt>
    <trkpt lat="28.16609" lon="85.34327"><ele>1446</ele><time>2022-10-24T02:36:05Z</time></trkpt>
    <trkpt lat="28.16614" lon="85.34343"><ele>1454</ele><time>2022-10-24T02:36:44Z</time></trkpt>
    <trkpt lat="28.16616" lon="85.34353"><ele>1462</ele><time>2022-10-24T02:37:03Z</time></trkpt>
    <trkpt lat="28.16631" lon="85.34361"><ele>1468</ele><time>2022-10-24T02:37:47Z</time></trkpt>
    <trkpt lat="28.16651" lon="85.34362"><ele>1470</ele><time>2022-10-24T02:38:41Z</time></trkpt>
    <trkpt lat="28.16658" lon="85.34372"><ele>1477</ele><time>2022-10-24T02:39:00Z</time></trkpt>
    <trkpt lat="28.16676" lon="85.34370"><ele>1469</ele><time>2022-10-24T02:39:18Z</time></trkpt>
    <trkpt lat="28.16689" lon="85.34360"><ele>1475</ele><time>2022-10-24T02:39:37Z</time></trkpt>
    <trkpt lat="28.16702" lon="85.34359"><ele>1465</ele><time>2022-10-24T02:39:55Z</time></trkpt>
    <trkpt lat="28.16714" lon="85.34356"><ele>1467</ele><time>2022-10-24T02:40:13Z</time></trkpt>
    <trkpt lat="28.16724" lon="85.34354"><ele>1473</ele><time>2022-10-24T02:40:32Z</time></trkpt>
    <trkpt lat="28.16740" lon="85.34359"><ele>1481</ele><time>2022-10-24T02:41:08Z</time></trkpt>
    <trkpt lat="28.16749" lon="85.34376"><ele>1480</ele><time>2022-10-24T02:41:48Z</time></trkpt>
    <trkpt lat="28.16757" lon="85.34387"><ele>1488</ele><time>2022-10-24T02:42:07Z</time></trkpt>
    <trkpt lat="28.16767" lon="85.34386"><ele>1491</ele><time>2022-10-24T02:42:26Z</time></trkpt>
    <trkpt lat="28.16783" lon="85.34394"><ele>1494</ele><time>2022-10-24T02:43:02Z</time></trkpt>
    <trkpt lat="28.16799" lon="85.34403"><ele>1498</ele><time>2022-10-24T02:43:42Z</time></trkpt>
    <trkpt lat="28.16814" lon="85.34407"><ele>1499</ele><time>2022-10-24T02:44:22Z</time></trkpt>
    <trkpt lat="28.16828" lon="85.34410"><ele>1506</ele><time>2022-10-24T02:44:41Z</time></trkpt>
    <trkpt lat="28.16839" lon="85.34412"><ele>1512</ele><time>2022-10-24T02:44:59Z</time></trkpt>
    <trkpt lat="28.16848" lon="85.34412"><ele>1516</ele><time>2022-10-24T02:45:17Z</time></trkpt>
    <trkpt lat="28.16863" lon="85.34405"><ele>1517</ele><time>2022-10-24T02:45:59Z</time></trkpt>
    <trkpt lat="28.16878" lon="85.34412"><ele>1522</ele><time>2022-10-24T02:53:25Z</time></trkpt>
    <trkpt lat="28.16891" lon="85.34425"><ele>1527</ele><time>2022-10-24T02:54:14Z</time></trkpt>
    <trkpt lat="28.16900" lon="85.34432"><ele>1529</ele><time>2022-10-24T02:54:32Z</time></trkpt>
    <trkpt lat="28.16910" lon="85.34439"><ele>1531</ele><time>2022-10-24T02:54:51Z</time></trkpt>
    <trkpt lat="28.16922" lon="85.34448"><ele>1464</ele><time>2022-10-24T02:55:10Z</time></trkpt>
    <trkpt lat="28.16935" lon="85.34451"><ele>1530</ele><time>2022-10-24T02:55:29Z</time></trkpt>
    <trkpt lat="28.16947" lon="85.34450"><ele>1533</ele><time>2022-10-24T02:55:48Z</time></trkpt>
    <trkpt lat="28.16964" lon="85.34444"><ele>1529</ele><time>2022-10-24T02:56:06Z</time></trkpt>
    <trkpt lat="28.16978" lon="85.34438"><ele>1533</ele><time>2022-10-24T02:56:24Z</time></trkpt>
    <trkpt lat="28.16989" lon="85.34436"><ele>1537</ele><time>2022-10-24T02:56:43Z</time></trkpt>
    <trkpt lat="28.17002" lon="85.34438"><ele>1544</ele><time>2022-10-24T02:57:01Z</time></trkpt>
    <trkpt lat="28.17010" lon="85.34443"><ele>1545</ele><time>2022-10-24T02:57:19Z</time></trkpt>
    <trkpt lat="28.17001" lon="85.34454"><ele>1557</ele><time>2022-10-24T02:59:54Z</time></trkpt>
    <trkpt lat="28.17008" lon="85.34469"><ele>1563</ele><time>2022-10-24T03:01:05Z</time></trkpt>
    <trkpt lat="28.17017" lon="85.34484"><ele>1572</ele><time>2022-10-24T03:02:17Z</time></trkpt>
    <trkpt lat="28.17024" lon="85.34499"><ele>1581</ele><time>2022-10-24T03:03:37Z</time></trkpt>
    <trkpt lat="28.17039" lon="85.34501"><ele>1587</ele><time>2022-10-24T03:04:36Z</time></trkpt>
    <trkpt lat="28.17042" lon="85.34511"><ele>1597</ele><time>2022-10-24T03:05:32Z</time></trkpt>
    <trkpt lat="28.17045" lon="85.34526"><ele>1600</ele><time>2022-10-24T03:06:34Z</time></trkpt>
    <trkpt lat="28.17052" lon="85.34539"><ele>1573</ele><time>2022-10-24T03:07:28Z</time></trkpt>
    <trkpt lat="28.17045" lon="85.34554"><ele>1609</ele><time>2022-10-24T03:08:35Z</time></trkpt>
    <trkpt lat="28.17038" lon="85.34572"><ele>1602</ele><time>2022-10-24T03:09:17Z</time></trkpt>
    <trkpt lat="28.17035" lon="85.34589"><ele>1631</ele><time>2022-10-24T03:10:52Z</time></trkpt>
    <trkpt lat="28.17050" lon="85.34581"><ele>1646</ele><time>2022-10-24T03:18:54Z</time></trkpt>
    <trkpt lat="28.17047" lon="85.34591"><ele>1648</ele><time>2022-10-24T03:19:13Z</time></trkpt>
    <trkpt lat="28.17045" lon="85.34602"><ele>1654</ele><time>2022-10-24T03:19:32Z</time></trkpt>
    <trkpt lat="28.17056" lon="85.34608"><ele>1673</ele><time>2022-10-24T03:21:00Z</time></trkpt>
    <trkpt lat="28.17058" lon="85.34622"><ele>1653</ele><time>2022-10-24T03:22:15Z</time></trkpt>
    <trkpt lat="28.17074" lon="85.34621"><ele>1676</ele><time>2022-10-24T03:22:59Z</time></trkpt>
    <trkpt lat="28.17078" lon="85.34632"><ele>1692</ele><time>2022-10-24T03:24:19Z</time></trkpt>
    <trkpt lat="28.17082" lon="85.34646"><ele>1709</ele><time>2022-10-24T03:26:15Z</time></trkpt>
    <trkpt lat="28.17099" lon="85.34660"><ele>1718</ele><time>2022-10-24T03:36:04Z</time></trkpt>
    <trkpt lat="28.17110" lon="85.34672"><ele>1714</ele><time>2022-10-24T03:36:22Z</time></trkpt>
    <trkpt lat="28.17121" lon="85.34671"><ele>1708</ele><time>2022-10-24T03:36:41Z</time></trkpt>
    <trkpt lat="28.17120" lon="85.34687"><ele>1728</ele><time>2022-10-24T03:38:24Z</time></trkpt>
    <trkpt lat="28.17118" lon="85.34697"><ele>1728</ele><time>2022-10-24T03:39:02Z</time></trkpt>
    <trkpt lat="28.17134" lon="85.34695"><ele>1744</ele><time>2022-10-24T03:39:57Z</time></trkpt>
    <trkpt lat="28.17149" lon="85.34690"><ele>1747</ele><time>2022-10-24T03:40:37Z</time></trkpt>
    <trkpt lat="28.17158" lon="85.34700"><ele>1752</ele><time>2022-10-24T03:41:53Z</time></trkpt>
    <trkpt lat="28.17149" lon="85.34714"><ele>1755</ele><time>2022-10-24T03:42:49Z</time></trkpt>
    <trkpt lat="28.17153" lon="85.34731"><ele>1770</ele><time>2022-10-24T03:45:28Z</time></trkpt>
    <trkpt lat="28.17148" lon="85.34740"><ele>1766</ele><time>2022-10-24T03:45:47Z</time></trkpt>
    <trkpt lat="28.17152" lon="85.34759"><ele>1765</ele><time>2022-10-24T03:46:06Z</time></trkpt>
    <trkpt lat="28.17146" lon="85.34773"><ele>1784</ele><time>2022-10-24T03:46:58Z</time></trkpt>
    <trkpt lat="28.17156" lon="85.34783"><ele>1786</ele><time>2022-10-24T03:47:16Z</time></trkpt>
    <trkpt lat="28.17155" lon="85.34796"><ele>1784</ele><time>2022-10-24T03:47:34Z</time></trkpt>
    <trkpt lat="28.17146" lon="85.34798"><ele>1782</ele><time>2022-10-24T03:47:52Z</time></trkpt>
    <trkpt lat="28.17149" lon="85.34814"><ele>1799</ele><time>2022-10-24T03:49:29Z</time></trkpt>
    <trkpt lat="28.17130" lon="85.34810"><ele>1815</ele><time>2022-10-24T03:50:35Z</time></trkpt>
    <trkpt lat="28.17125" lon="85.34828"><ele>1825</ele><time>2022-10-24T03:52:44Z</time></trkpt>
    <trkpt lat="28.17133" lon="85.34835"><ele>1828</ele><time>2022-10-24T03:53:02Z</time></trkpt>
    <trkpt lat="28.17138" lon="85.34853"><ele>1830</ele><time>2022-10-24T03:54:22Z</time></trkpt>
    <trkpt lat="28.17150" lon="85.34867"><ele>1843</ele><time>2022-10-24T03:55:09Z</time></trkpt>
    <trkpt lat="28.17157" lon="85.34885"><ele>1840</ele><time>2022-10-24T03:55:49Z</time></trkpt>
    <trkpt lat="28.17163" lon="85.34903"><ele>1843</ele><time>2022-10-24T03:56:42Z</time></trkpt>
    <trkpt lat="28.17167" lon="85.34913"><ele>1848</ele><time>2022-10-24T03:57:00Z</time></trkpt>
    <trkpt lat="28.17177" lon="85.34929"><ele>1854</ele><time>2022-10-24T03:59:59Z</time></trkpt>
    <trkpt lat="28.17190" lon="85.34939"><ele>1859</ele><time>2022-10-24T04:00:46Z</time></trkpt>
    <trkpt lat="28.17200" lon="85.34946"><ele>1851</ele><time>2022-10-24T04:01:38Z</time></trkpt>
    <trkpt lat="28.17208" lon="85.34952"><ele>1859</ele><time>2022-10-24T04:01:56Z</time></trkpt>
    <trkpt lat="28.17221" lon="85.34963"><ele>1874</ele><time>2022-10-24T04:02:50Z</time></trkpt>
    <trkpt lat="28.17224" lon="85.34975"><ele>1874</ele><time>2022-10-24T04:03:08Z</time></trkpt>
    <trkpt lat="28.17235" lon="85.34971"><ele>1887</ele><time>2022-10-24T04:03:27Z</time></trkpt>
    <trkpt lat="28.17248" lon="85.34962"><ele>1892</ele><time>2022-10-24T04:04:44Z</time></trkpt>
    <trkpt lat="28.17255" lon="85.34979"><ele>1899</ele><time>2022-10-24T04:14:27Z</time></trkpt>
    <trkpt lat="28.17265" lon="85.34995"><ele>1903</ele><time>2022-10-24T04:19:21Z</time></trkpt>
    <trkpt lat="28.17251" lon="85.35006"><ele>1913</ele><time>2022-10-24T04:20:38Z</time></trkpt>
    <trkpt lat="28.17257" lon="85.35021"><ele>1917</ele><time>2022-10-24T04:21:41Z</time></trkpt>
    <trkpt lat="28.17248" lon="85.35035"><ele>1927</ele><time>2022-10-24T04:23:13Z</time></trkpt>
    <trkpt lat="28.17257" lon="85.35049"><ele>1933</ele><time>2022-10-24T04:24:07Z</time></trkpt>
    <trkpt lat="28.17244" lon="85.35061"><ele>1943</ele><time>2022-10-24T04:25:33Z</time></trkpt>
    <trkpt lat="28.17244" lon="85.35073"><ele>1957</ele><time>2022-10-24T04:26:29Z</time></trkpt>
    <trkpt lat="28.17261" lon="85.35087"><ele>1962</ele><time>2022-10-24T04:27:06Z</time></trkpt>
    <trkpt lat="28.17270" lon="85.35104"><ele>1960</ele><time>2022-10-24T04:28:21Z</time></trkpt>
    <trkpt lat="28.17278" lon="85.35109"><ele>1962</ele><time>2022-10-24T04:28:40Z</time></trkpt>
    <trkpt lat="28.17288" lon="85.35115"><ele>1963</ele><time>2022-10-24T04:28:58Z</time></trkpt>
    <trkpt lat="28.17278" lon="85.35119"><ele>1974</ele><time>2022-10-24T04:29:43Z</time></trkpt>
    <trkpt lat="28.17265" lon="85.35114"><ele>1978</ele><time>2022-10-24T04:30:02Z</time></trkpt>
    <trkpt lat="28.17253" lon="85.35113"><ele>1976</ele><time>2022-10-24T04:30:21Z</time></trkpt>
    <trkpt lat="28.17250" lon="85.35124"><ele>1980</ele><time>2022-10-24T04:30:40Z</time></trkpt>
    <trkpt lat="28.17261" lon="85.35131"><ele>1984</ele><time>2022-10-24T04:31:44Z</time></trkpt>
    <trkpt lat="28.17272" lon="85.35144"><ele>1993</ele><time>2022-10-24T04:32:39Z</time></trkpt>
    <trkpt lat="28.17281" lon="85.35160"><ele>1995</ele><time>2022-10-24T04:33:21Z</time></trkpt>
    <trkpt lat="28.17269" lon="85.35173"><ele>2007</ele><time>2022-10-24T04:34:20Z</time></trkpt>
    <trkpt lat="28.17277" lon="85.35197"><ele>2011</ele><time>2022-10-24T04:34:59Z</time></trkpt>
    <trkpt lat="28.17270" lon="85.35217"><ele>2020</ele><time>2022-10-24T04:47:19Z</time></trkpt>
    <trkpt lat="28.17257" lon="85.35226"><ele>2025</ele><time>2022-10-24T04:48:17Z</time></trkpt>
    <trkpt lat="28.17259" lon="85.35245"><ele>2026</ele><time>2022-10-24T04:49:00Z</time></trkpt>
    <trkpt lat="28.17262" lon="85.35263"><ele>2035</ele><time>2022-10-24T04:49:52Z</time></trkpt>
    <trkpt lat="28.17264" lon="85.35283"><ele>2041</ele><time>2022-10-24T04:50:33Z</time></trkpt>
    <trkpt lat="28.17263" lon="85.35297"><ele>2041</ele><time>2022-10-24T04:51:21Z</time></trkpt>
    <trkpt lat="28.17266" lon="85.35314"><ele>2049</ele><time>2022-10-24T04:51:40Z</time></trkpt>
    <trkpt lat="28.17263" lon="85.35327"><ele>2045</ele><time>2022-10-24T04:51:58Z</time></trkpt>
    <trkpt lat="28.17260" lon="85.35344"><ele>2056</ele><time>2022-10-24T04:53:20Z</time></trkpt>
    <trkpt lat="28.17250" lon="85.35359"><ele>2071</ele><time>2022-10-24T04:54:32Z</time></trkpt>
    <trkpt lat="28.17250" lon="85.35375"><ele>2076</ele><time>2022-10-24T05:00:59Z</time></trkpt>
    <trkpt lat="28.17248" lon="85.35385"><ele>2077</ele><time>2022-10-24T05:01:17Z</time></trkpt>
    <trkpt lat="28.17236" lon="85.35393"><ele>2075</ele><time>2022-10-24T05:01:36Z</time></trkpt>
    <trkpt lat="28.17253" lon="85.35396"><ele>2083</ele><time>2022-10-24T05:02:41Z</time></trkpt>
    <trkpt lat="28.17252" lon="85.35414"><ele>2091</ele><time>2022-10-24T05:03:26Z</time></trkpt>
    <trkpt lat="28.17250" lon="85.35434"><ele>2095</ele><time>2022-10-24T05:04:17Z</time></trkpt>
    <trkpt lat="28.17235" lon="85.35444"><ele>2102</ele><time>2022-10-24T05:04:54Z</time></trkpt>
    <trkpt lat="28.17247" lon="85.35454"><ele>2107</ele><time>2022-10-24T05:05:44Z</time></trkpt>
    <trkpt lat="28.17259" lon="85.35478"><ele>2126</ele><time>2022-10-24T05:07:44Z</time></trkpt>
    <trkpt lat="28.17266" lon="85.35493"><ele>2124</ele><time>2022-10-24T05:08:03Z</time></trkpt>
    <trkpt lat="28.17274" lon="85.35502"><ele>2127</ele><time>2022-10-24T05:08:22Z</time></trkpt>
    <trkpt lat="28.17289" lon="85.35508"><ele>2133</ele><time>2022-10-24T05:08:41Z</time></trkpt>
    <trkpt lat="28.17285" lon="85.35524"><ele>2137</ele><time>2022-10-24T05:09:56Z</time></trkpt>
    <trkpt lat="28.17296" lon="85.35536"><ele>2146</ele><time>2022-10-24T05:10:58Z</time></trkpt>
    <trkpt lat="28.17299" lon="85.35553"><ele>2161</ele><time>2022-10-24T05:11:58Z</time></trkpt>
    <trkpt lat="28.17301" lon="85.35572"><ele>2169</ele><time>2022-10-24T05:13:00Z</time></trkpt>
    <trkpt lat="28.17293" lon="85.35588"><ele>2174</ele><time>2022-10-24T05:13:51Z</time></trkpt>
    <trkpt lat="28.17273" lon="85.35597"><ele>2179</ele><time>2022-10-24T05:17:11Z</time></trkpt>
    <trkpt lat="28.17255" lon="85.35597"><ele>2186</ele><time>2022-10-24T05:17:30Z</time></trkpt>
    <trkpt lat="28.17245" lon="85.35595"><ele>2186</ele><time>2022-10-24T05:17:49Z</time></trkpt>
    <trkpt lat="28.17245" lon="85.35607"><ele>2184</ele><time>2022-10-24T05:18:07Z</time></trkpt>
    <trkpt lat="28.17260" lon="85.35614"><ele>2185</ele><time>2022-10-24T05:19:09Z</time></trkpt>
    <trkpt lat="28.17274" lon="85.35617"><ele>2178</ele><time>2022-10-24T05:19:28Z</time></trkpt>
    <trkpt lat="28.17289" lon="85.35619"><ele>2184</ele><time>2022-10-24T05:19:46Z</time></trkpt>
    <trkpt lat="28.17301" lon="85.35614"><ele>2184</ele><time>2022-10-24T05:20:05Z</time></trkpt>
    <trkpt lat="28.17313" lon="85.35617"><ele>2188</ele><time>2022-10-24T05:20:23Z</time></trkpt>
    <trkpt lat="28.17327" lon="85.35618"><ele>2188</ele><time>2022-10-24T05:20:42Z</time></trkpt>
    <trkpt lat="28.17340" lon="85.35621"><ele>2193</ele><time>2022-10-24T05:21:00Z</time></trkpt>
    <trkpt lat="28.17352" lon="85.35631"><ele>2197</ele><time>2022-10-24T05:21:18Z</time></trkpt>
    <trkpt lat="28.17361" lon="85.35638"><ele>2196</ele><time>2022-10-24T05:21:37Z</time></trkpt>
    <trkpt lat="28.17384" lon="85.35650"><ele>2195</ele><time>2022-10-24T05:22:27Z</time></trkpt>
    <trkpt lat="28.17396" lon="85.35654"><ele>2197</ele><time>2022-10-24T05:22:45Z</time></trkpt>
    <trkpt lat="28.17410" lon="85.35659"><ele>2203</ele><time>2022-10-24T05:23:03Z</time></trkpt>
    <trkpt lat="28.17419" lon="85.35664"><ele>2201</ele><time>2022-10-24T05:23:21Z</time></trkpt>
    <trkpt lat="28.17436" lon="85.35671"><ele>2205</ele><time>2022-10-24T05:24:12Z</time></trkpt>
    <trkpt lat="28.17446" lon="85.35676"><ele>2208</ele><time>2022-10-24T05:24:31Z</time></trkpt>
    <trkpt lat="28.17447" lon="85.35687"><ele>2206</ele><time>2022-10-24T05:24:49Z</time></trkpt>
    <trkpt lat="28.17447" lon="85.35709"><ele>2205</ele><time>2022-10-24T05:25:29Z</time></trkpt>
    <trkpt lat="28.17452" lon="85.35721"><ele>2199</ele><time>2022-10-24T05:25:47Z</time></trkpt>
    <trkpt lat="28.17463" lon="85.35745"><ele>2205</ele><time>2022-10-24T05:28:29Z</time></trkpt>
    <trkpt lat="28.17465" lon="85.35763"><ele>2209</ele><time>2022-10-24T05:28:48Z</time></trkpt>
    <trkpt lat="28.17469" lon="85.35776"><ele>2211</ele><time>2022-10-24T05:29:07Z</time></trkpt>
    <trkpt lat="28.17481" lon="85.35787"><ele>2207</ele><time>2022-10-24T05:29:26Z</time></trkpt>
    <trkpt lat="28.17494" lon="85.35784"><ele>2220</ele><time>2022-10-24T05:29:44Z</time></trkpt>
    <trkpt lat="28.17507" lon="85.35780"><ele>2220</ele><time>2022-10-24T05:30:03Z</time></trkpt>
    <trkpt lat="28.17523" lon="85.35783"><ele>2216</ele><time>2022-10-24T05:30:22Z</time></trkpt>
    <trkpt lat="28.17541" lon="85.35781"><ele>2220</ele><time>2022-10-24T05:30:40Z</time></trkpt>
    <trkpt lat="28.17554" lon="85.35777"><ele>2225</ele><time>2022-10-24T05:30:58Z</time></trkpt>
    <trkpt lat="28.17563" lon="85.35776"><ele>2232</ele><time>2022-10-24T05:31:16Z</time></trkpt>
    <trkpt lat="28.17579" lon="85.35782"><ele>2236</ele><time>2022-10-24T05:31:58Z</time></trkpt>
    <trkpt lat="28.17587" lon="85.35790"><ele>2239</ele><time>2022-10-24T05:32:17Z</time></trkpt>
    <trkpt lat="28.17596" lon="85.35794"><ele>2242</ele><time>2022-10-24T05:32:35Z</time></trkpt>
    <trkpt lat="28.17611" lon="85.35801"><ele>2246</ele><time>2022-10-24T05:33:23Z</time></trkpt>
    <trkpt lat="28.17621" lon="85.35811"><ele>2241</ele><time>2022-10-24T05:33:41Z</time></trkpt>
    <trkpt lat="28.17634" lon="85.35823"><ele>2246</ele><time>2022-10-24T05:34:00Z</time></trkpt>
    <trkpt lat="28.17645" lon="85.35831"><ele>2247</ele><time>2022-10-24T05:34:18Z</time></trkpt>
    <trkpt lat="28.17651" lon="85.35844"><ele>2255</ele><time>2022-10-24T05:35:00Z</time></trkpt>
    <trkpt lat="28.17659" lon="85.35859"><ele>2263</ele><time>2022-10-24T05:35:40Z</time></trkpt>
    <trkpt lat="28.17657" lon="85.35878"><ele>2265</ele><time>2022-10-24T05:36:24Z</time></trkpt>
    <trkpt lat="28.17660" lon="85.35897"><ele>2268</ele><time>2022-10-24T05:37:11Z</time></trkpt>
    <trkpt lat="28.17642" lon="85.35894"><ele>2273</ele><time>2022-10-24T05:39:46Z</time></trkpt>
    <trkpt lat="28.17626" lon="85.35898"><ele>2276</ele><time>2022-10-24T05:41:05Z</time></trkpt>
    <trkpt lat="28.17609" lon="85.35893"><ele>2281</ele><time>2022-10-24T05:41:46Z</time></trkpt>
    <trkpt lat="28.17598" lon="85.35892"><ele>2282</ele><time>2022-10-24T05:42:05Z</time></trkpt>
    <trkpt lat="28.17592" lon="85.35909"><ele>2289</ele><time>2022-10-24T05:43:11Z</time></trkpt>
    <trkpt lat="28.17583" lon="85.35914"><ele>2290</ele><time>2022-10-24T07:14:53Z</time></trkpt>
    <trkpt lat="28.17574" lon="85.35915"><ele>2295</ele><time>2022-10-24T07:15:11Z</time></trkpt>
    <trkpt lat="28.17565" lon="85.35917"><ele>2293</ele><time>2022-10-24T07:15:30Z</time></trkpt>
    <trkpt lat="28.17558" lon="85.35923"><ele>2292</ele><time>2022-10-24T07:15:48Z</time></trkpt>
    <trkpt lat="28.17545" lon="85.35936"><ele>2296</ele><time>2022-10-24T07:16:26Z</time></trkpt>
    <trkpt lat="28.17528" lon="85.35947"><ele>2304</ele><time>2022-10-24T07:17:06Z</time></trkpt>
    <trkpt lat="28.17519" lon="85.35946"><ele>2306</ele><time>2022-10-24T07:17:25Z</time></trkpt>
    <trkpt lat="28.17508" lon="85.35948"><ele>2311</ele><time>2022-10-24T07:17:43Z</time></trkpt>
    <trkpt lat="28.17497" lon="85.35951"><ele>2314</ele><time>2022-10-24T07:18:02Z</time></trkpt>
    <trkpt lat="28.17485" lon="85.35958"><ele>2315</ele><time>2022-10-24T07:18:20Z</time></trkpt>
    <trkpt lat="28.17475" lon="85.35963"><ele>2313</ele><time>2022-10-24T07:18:39Z</time></trkpt>
    <trkpt lat="28.17474" lon="85.35974"><ele>2311</ele><time>2022-10-24T07:18:57Z</time></trkpt>
    <trkpt lat="28.17463" lon="85.35986"><ele>2323</ele><time>2022-10-24T07:19:51Z</time></trkpt>
    <trkpt lat="28.17444" lon="85.35998"><ele>2330</ele><time>2022-10-24T07:20:45Z</time></trkpt>
    <trkpt lat="28.17435" lon="85.35999"><ele>2332</ele><time>2022-10-24T07:21:03Z</time></trkpt>
    <trkpt lat="28.17434" lon="85.36018"><ele>2334</ele><time>2022-10-24T07:21:59Z</time></trkpt>
    <trkpt lat="28.17422" lon="85.36028"><ele>2343</ele><time>2022-10-24T07:22:45Z</time></trkpt>
    <trkpt lat="28.17412" lon="85.36034"><ele>2348</ele><time>2022-10-24T07:23:04Z</time></trkpt>
    <trkpt lat="28.17410" lon="85.36054"><ele>2355</ele><time>2022-10-24T07:23:49Z</time></trkpt>
    <trkpt lat="28.17402" lon="85.36060"><ele>2357</ele><time>2022-10-24T07:24:07Z</time></trkpt>
    <trkpt lat="28.17386" lon="85.36075"><ele>2360</ele><time>2022-10-24T07:27:43Z</time></trkpt>
    <trkpt lat="28.17373" lon="85.36095"><ele>2368</ele><time>2022-10-24T07:28:20Z</time></trkpt>
    <trkpt lat="28.17361" lon="85.36101"><ele>2354</ele><time>2022-10-24T07:28:38Z</time></trkpt>
    <trkpt lat="28.17349" lon="85.36100"><ele>2369</ele><time>2022-10-24T07:28:57Z</time></trkpt>
    <trkpt lat="28.17340" lon="85.36093"><ele>2338</ele><time>2022-10-24T07:29:15Z</time></trkpt>
    <trkpt lat="28.17323" lon="85.36095"><ele>2375</ele><time>2022-10-24T07:30:19Z</time></trkpt>
    <trkpt lat="28.17306" lon="85.36092"><ele>2379</ele><time>2022-10-24T07:31:12Z</time></trkpt>
    <trkpt lat="28.17297" lon="85.36090"><ele>2382</ele><time>2022-10-24T07:31:31Z</time></trkpt>
    <trkpt lat="28.17281" lon="85.36091"><ele>2379</ele><time>2022-10-24T07:32:12Z</time></trkpt>
    <trkpt lat="28.17266" lon="85.36098"><ele>2377</ele><time>2022-10-24T07:33:08Z</time></trkpt>
    <trkpt lat="28.17257" lon="85.36087"><ele>2392</ele><time>2022-10-24T07:33:27Z</time></trkpt>
    <trkpt lat="28.17246" lon="85.36073"><ele>2396</ele><time>2022-10-24T07:34:36Z</time></trkpt>
    <trkpt lat="28.17237" lon="85.36079"><ele>2395</ele><time>2022-10-24T07:34:55Z</time></trkpt>
    <trkpt lat="28.17232" lon="85.36099"><ele>2407</ele><time>2022-10-24T07:39:14Z</time></trkpt>
    <trkpt lat="28.17226" lon="85.36106"><ele>2408</ele><time>2022-10-24T07:39:32Z</time></trkpt>
    <trkpt lat="28.17220" lon="85.36120"><ele>2411</ele><time>2022-10-24T07:39:50Z</time></trkpt>
    <trkpt lat="28.17212" lon="85.36130"><ele>2383</ele><time>2022-10-24T07:40:08Z</time></trkpt>
    <trkpt lat="28.17201" lon="85.36133"><ele>2407</ele><time>2022-10-24T07:40:27Z</time></trkpt>
    <trkpt lat="28.17191" lon="85.36136"><ele>2412</ele><time>2022-10-24T07:40:45Z</time></trkpt>
    <trkpt lat="28.17181" lon="85.36138"><ele>2417</ele><time>2022-10-24T07:41:03Z</time></trkpt>
    <trkpt lat="28.17166" lon="85.36150"><ele>2419</ele><time>2022-10-24T07:41:44Z</time></trkpt>
    <trkpt lat="28.17152" lon="85.36156"><ele>2375</ele><time>2022-10-24T07:42:27Z</time></trkpt>
    <trkpt lat="28.17140" lon="85.36153"><ele>2424</ele><time>2022-10-24T07:42:46Z</time></trkpt>
    <trkpt lat="28.17125" lon="85.36168"><ele>2424</ele><time>2022-10-24T07:43:28Z</time></trkpt>
    <trkpt lat="28.17108" lon="85.36176"><ele>2434</ele><time>2022-10-24T07:44:05Z</time></trkpt>
    <trkpt lat="28.17098" lon="85.36175"><ele>2435</ele><time>2022-10-24T07:44:23Z</time></trkpt>
    <trkpt lat="28.17088" lon="85.36179"><ele>2438</ele><time>2022-10-24T07:44:42Z</time></trkpt>
    <trkpt lat="28.17079" lon="85.36173"><ele>2444</ele><time>2022-10-24T07:45:00Z</time></trkpt>
    <trkpt lat="28.17069" lon="85.36170"><ele>2446</ele><time>2022-10-24T07:45:19Z</time></trkpt>
    <trkpt lat="28.17053" lon="85.36174"><ele>2449</ele><time>2022-10-24T07:46:56Z</time></trkpt>
    <trkpt lat="28.17040" lon="85.36183"><ele>2227</ele><time>2022-10-24T07:51:01Z</time></trkpt>
    <trkpt lat="28.17021" lon="85.36192"><ele>2368</ele><time>2022-10-24T07:54:26Z</time></trkpt>
    <trkpt lat="28.17011" lon="85.36198"><ele>2451</ele><time>2022-10-24T07:54:44Z</time></trkpt>
    <trkpt lat="28.16995" lon="85.36201"><ele>2461</ele><time>2022-10-24T07:55:03Z</time></trkpt>
    <trkpt lat="28.16973" lon="85.36205"><ele>2466</ele><time>2022-10-24T07:55:45Z</time></trkpt>
    <trkpt lat="28.16967" lon="85.36197"><ele>2236</ele><time>2022-10-24T07:56:03Z</time></trkpt>
    <trkpt lat="28.16958" lon="85.36192"><ele>2430</ele><time>2022-10-24T07:56:22Z</time></trkpt>
    <trkpt lat="28.16942" lon="85.36182"><ele>2464</ele><time>2022-10-24T07:57:06Z</time></trkpt>
    <trkpt lat="28.16932" lon="85.36181"><ele>2417</ele><time>2022-10-24T07:57:24Z</time></trkpt>
    <trkpt lat="28.16923" lon="85.36171"><ele>2468</ele><time>2022-10-24T07:57:42Z</time></trkpt>
    <trkpt lat="28.16912" lon="85.36171"><ele>2448</ele><time>2022-10-24T07:58:01Z</time></trkpt>
    <trkpt lat="28.16894" lon="85.36156"><ele>2436</ele><time>2022-10-24T07:58:44Z</time></trkpt>
    <trkpt lat="28.16880" lon="85.36144"><ele>2457</ele><time>2022-10-24T07:59:32Z</time></trkpt>
    <trkpt lat="28.16858" lon="85.36134"><ele>2485</ele><time>2022-10-24T08:00:09Z</time></trkpt>
    <trkpt lat="28.16846" lon="85.36130"><ele>1972</ele><time>2022-10-24T08:00:27Z</time></trkpt>
    <trkpt lat="28.16836" lon="85.36131"><ele>2430</ele><time>2022-10-24T08:00:46Z</time></trkpt>
    <trkpt lat="28.16826" lon="85.36129"><ele>2435</ele><time>2022-10-24T08:01:04Z</time></trkpt>
    <trkpt lat="28.16816" lon="85.36122"><ele>2353</ele><time>2022-10-24T08:01:22Z</time></trkpt>
    <trkpt lat="28.16815" lon="85.36143"><ele>2511</ele><time>2022-10-24T08:02:06Z</time></trkpt>
    <trkpt lat="28.16808" lon="85.36165"><ele>2493</ele><time>2022-10-24T08:05:20Z</time></trkpt>
    <trkpt lat="28.16801" lon="85.36173"><ele>2516</ele><time>2022-10-24T08:05:38Z</time></trkpt>
    <trkpt lat="28.16798" lon="85.36184"><ele>2506</ele><time>2022-10-24T08:05:56Z</time></trkpt>
    <trkpt lat="28.16804" lon="85.36194"><ele>2518</ele><time>2022-10-24T08:06:15Z</time></trkpt>
    <trkpt lat="28.16803" lon="85.36209"><ele>2517</ele><time>2022-10-24T08:06:57Z</time></trkpt>
    <trkpt lat="28.16806" lon="85.36219"><ele>2525</ele><time>2022-10-24T08:07:16Z</time></trkpt>
    <trkpt lat="28.16805" lon="85.36233"><ele>2536</ele><time>2022-10-24T08:08:16Z</time></trkpt>
    <trkpt lat="28.16806" lon="85.36243"><ele>2538</ele><time>2022-10-24T08:08:34Z</time></trkpt>
    <trkpt lat="28.16791" lon="85.36250"><ele>2531</ele><time>2022-10-24T08:09:26Z</time></trkpt>
    <trkpt lat="28.16784" lon="85.36257"><ele>2543</ele><time>2022-10-24T08:09:44Z</time></trkpt>
    <trkpt lat="28.16786" lon="85.36275"><ele>2547</ele><time>2022-10-24T08:10:24Z</time></trkpt>
    <trkpt lat="28.16783" lon="85.36294"><ele>2553</ele><time>2022-10-24T08:11:41Z</time></trkpt>
    <trkpt lat="28.16770" lon="85.36301"><ele>2566</ele><time>2022-10-24T08:12:24Z</time></trkpt>
    <trkpt lat="28.16757" lon="85.36312"><ele>2566</ele><time>2022-10-24T08:13:02Z</time></trkpt>
    <trkpt lat="28.16755" lon="85.36324"><ele>2578</ele><time>2022-10-24T08:13:42Z</time></trkpt>
    <trkpt lat="28.16739" lon="85.36330"><ele>2580</ele><time>2022-10-24T08:14:23Z</time></trkpt>
    <trkpt lat="28.16730" lon="85.36333"><ele>2579</ele><time>2022-10-24T08:14:41Z</time></trkpt>
    <trkpt lat="28.16714" lon="85.36328"><ele>2585</ele><time>2022-10-24T08:15:21Z</time></trkpt>
    <trkpt lat="28.16701" lon="85.36325"><ele>2589</ele><time>2022-10-24T08:16:12Z</time></trkpt>
    <trkpt lat="28.16685" lon="85.36321"><ele>2598</ele><time>2022-10-24T08:16:52Z</time></trkpt>
    <trkpt lat="28.16668" lon="85.36313"><ele>2602</ele><time>2022-10-24T08:17:29Z</time></trkpt>
    <trkpt lat="28.16653" lon="85.36317"><ele>2602</ele><time>2022-10-24T08:18:18Z</time></trkpt>
    <trkpt lat="28.16644" lon="85.36328"><ele>2624</ele><time>2022-10-24T08:21:51Z</time></trkpt>
    <trkpt lat="28.16632" lon="85.36346"><ele>2639</ele><time>2022-10-24T08:22:30Z</time></trkpt>
    <trkpt lat="28.16618" lon="85.36358"><ele>2639</ele><time>2022-10-24T08:22:48Z</time></trkpt>
    <trkpt lat="28.16607" lon="85.36359"><ele>2649</ele><time>2022-10-24T08:23:07Z</time></trkpt>
    <trkpt lat="28.16599" lon="85.36364"><ele>2657</ele><time>2022-10-24T08:23:25Z</time></trkpt>
    <trkpt lat="28.16604" lon="85.36383"><ele>2659</ele><time>2022-10-24T08:49:35Z</time></trkpt>
    <trkpt lat="28.16599" lon="85.36403"><ele>2660</ele><time>2022-10-24T08:49:54Z</time></trkpt>
    <trkpt lat="28.16598" lon="85.36419"><ele>2659</ele><time>2022-10-24T08:50:12Z</time></trkpt>
    <trkpt lat="28.16588" lon="85.36436"><ele>2665</ele><time>2022-10-24T08:50:31Z</time></trkpt>
    <trkpt lat="28.16582" lon="85.36446"><ele>2668</ele><time>2022-10-24T08:50:50Z</time></trkpt>
    <trkpt lat="28.16577" lon="85.36458"><ele>2670</ele><time>2022-10-24T08:51:09Z</time></trkpt>
    <trkpt lat="28.16568" lon="85.36461"><ele>2673</ele><time>2022-10-24T08:51:27Z</time></trkpt>
    <trkpt lat="28.16562" lon="85.36475"><ele>2673</ele><time>2022-10-24T08:51:45Z</time></trkpt>
    <trkpt lat="28.16553" lon="85.36487"><ele>2683</ele><time>2022-10-24T08:52:04Z</time></trkpt>
    <trkpt lat="28.16543" lon="85.36499"><ele>2681</ele><time>2022-10-24T08:52:23Z</time></trkpt>
    <trkpt lat="28.16537" lon="85.36517"><ele>2685</ele><time>2022-10-24T08:52:41Z</time></trkpt>
    <trkpt lat="28.16532" lon="85.36529"><ele>2687</ele><time>2022-10-24T08:53:00Z</time></trkpt>
    <trkpt lat="28.16523" lon="85.36544"><ele>2687</ele><time>2022-10-24T08:54:07Z</time></trkpt>
    <trkpt lat="28.16514" lon="85.36538"><ele>2684</ele><time>2022-10-24T08:54:25Z</time></trkpt>
    <trkpt lat="28.16503" lon="85.36547"><ele>2680</ele><time>2022-10-24T08:54:44Z</time></trkpt>
    <trkpt lat="28.16494" lon="85.36553"><ele>2682</ele><time>2022-10-24T08:55:02Z</time></trkpt>
    <trkpt lat="28.16477" lon="85.36554"><ele>2691</ele><time>2022-10-24T08:55:45Z</time></trkpt>
    <trkpt lat="28.16469" lon="85.36570"><ele>2690</ele><time>2022-10-24T08:56:40Z</time></trkpt>
    <trkpt lat="28.16465" lon="85.36549"><ele>2693</ele><time>2022-10-24T08:57:24Z</time></trkpt>
    <trkpt lat="28.16468" lon="85.36575"><ele>2698</ele><time>2022-10-24T08:58:12Z</time></trkpt>
    <trkpt lat="28.16460" lon="85.36592"><ele>2704</ele><time>2022-10-24T08:59:00Z</time></trkpt>
    <trkpt lat="28.16451" lon="85.36598"><ele>2706</ele><time>2022-10-24T08:59:19Z</time></trkpt>
    <trkpt lat="28.16448" lon="85.36614"><ele>2709</ele><time>2022-10-24T08:59:37Z</time></trkpt>
    <trkpt lat="28.16447" lon="85.36624"><ele>2711</ele><time>2022-10-24T08:59:56Z</time></trkpt>
    <trkpt lat="28.16440" lon="85.36631"><ele>2713</ele><time>2022-10-24T09:03:00Z</time></trkpt>
    <trkpt lat="28.16428" lon="85.36642"><ele>2716</ele><time>2022-10-24T09:03:18Z</time></trkpt>
    <trkpt lat="28.16416" lon="85.36651"><ele>2712</ele><time>2022-10-24T09:03:37Z</time></trkpt>
    <trkpt lat="28.16409" lon="85.36667"><ele>2715</ele><time>2022-10-24T09:03:55Z</time></trkpt>
    <trkpt lat="28.16396" lon="85.36679"><ele>2718</ele><time>2022-10-24T09:04:14Z</time></trkpt>
    <trkpt lat="28.16388" lon="85.36695"><ele>2713</ele><time>2022-10-24T09:04:32Z</time></trkpt>
    <trkpt lat="28.16385" lon="85.36716"><ele>2713</ele><time>2022-10-24T09:04:51Z</time></trkpt>
    <trkpt lat="28.16384" lon="85.36731"><ele>2716</ele><time>2022-10-24T09:05:09Z</time></trkpt>
    <trkpt lat="28.16381" lon="85.36746"><ele>2716</ele><time>2022-10-24T09:05:27Z</time></trkpt>
    <trkpt lat="28.16381" lon="85.36762"><ele>2713</ele><time>2022-10-24T09:05:46Z</time></trkpt>
    <trkpt lat="28.16371" lon="85.36780"><ele>2713</ele><time>2022-10-24T09:06:30Z</time></trkpt>
    <trkpt lat="28.16370" lon="85.36800"><ele>2712</ele><time>2022-10-24T09:07:35Z</time></trkpt>
    <trkpt lat="28.16368" lon="85.36819"><ele>2713</ele><time>2022-10-24T09:08:43Z</time></trkpt>
    <trkpt lat="28.16363" lon="85.36835"><ele>2714</ele><time>2022-10-24T09:09:01Z</time></trkpt>
    <trkpt lat="28.16363" lon="85.36845"><ele>2715</ele><time>2022-10-24T09:09:19Z</time></trkpt>
    <trkpt lat="28.16360" lon="85.36863"><ele>2718</ele><time>2022-10-24T09:09:38Z</time></trkpt>
    <trkpt lat="28.16358" lon="85.36882"><ele>2715</ele><time>2022-10-24T09:09:57Z</time></trkpt>
    <trkpt lat="28.16359" lon="85.36899"><ele>2716</ele><time>2022-10-24T09:10:15Z</time></trkpt>
    <trkpt lat="28.16352" lon="85.36913"><ele>2716</ele><time>2022-10-24T09:10:34Z</time></trkpt>
    <trkpt lat="28.16348" lon="85.36936"><ele>2713</ele><time>2022-10-24T09:10:53Z</time></trkpt>
    <trkpt lat="28.16347" lon="85.36954"><ele>2708</ele><time>2022-10-24T09:11:11Z</time></trkpt>
    <trkpt lat="28.16344" lon="85.36971"><ele>2712</ele><time>2022-10-24T09:11:30Z</time></trkpt>
    <trkpt lat="28.16339" lon="85.36987"><ele>2712</ele><time>2022-10-24T09:11:49Z</time></trkpt>
    <trkpt lat="28.16331" lon="85.37002"><ele>2715</ele><time>2022-10-24T09:12:49Z</time></trkpt>
    <trkpt lat="28.16317" lon="85.37007"><ele>2728</ele><time>2022-10-24T09:13:07Z</time></trkpt>
    <trkpt lat="28.16303" lon="85.37021"><ele>2727</ele><time>2022-10-24T09:13:25Z</time></trkpt>
    <trkpt lat="28.16299" lon="85.37045"><ele>2715</ele><time>2022-10-24T09:13:44Z</time></trkpt>
    <trkpt lat="28.16299" lon="85.37065"><ele>2710</ele><time>2022-10-24T09:14:03Z</time></trkpt>
    <trkpt lat="28.16297" lon="85.37089"><ele>2710</ele><time>2022-10-24T09:14:21Z</time></trkpt>
    <trkpt lat="28.16299" lon="85.37107"><ele>2702</ele><time>2022-10-24T09:14:40Z</time></trkpt>
    <trkpt lat="28.16309" lon="85.37117"><ele>2695</ele><time>2022-10-24T09:14:58Z</time></trkpt>
    <trkpt lat="28.16311" lon="85.37140"><ele>2696</ele><time>2022-10-24T09:15:16Z</time></trkpt>
    <trkpt lat="28.16316" lon="85.37164"><ele>2700</ele><time>2022-10-24T09:15:35Z</time></trkpt>
    <trkpt lat="28.16319" lon="85.37183"><ele>2698</ele><time>2022-10-24T09:15:54Z</time></trkpt>
    <trkpt lat="28.16315" lon="85.37202"><ele>2699</ele><time>2022-10-24T09:16:13Z</time></trkpt>
    <trkpt lat="28.16315" lon="85.37219"><ele>2695</ele><time>2022-10-24T09:16:31Z</time></trkpt>
    <trkpt lat="28.16309" lon="85.37238"><ele>2705</ele><time>2022-10-24T09:16:49Z</time></trkpt>
    <trkpt lat="28.16307" lon="85.37261"><ele>2701</ele><time>2022-10-24T09:17:08Z</time></trkpt>
    <trkpt lat="28.16294" lon="85.37277"><ele>2703</ele><time>2022-10-24T09:17:26Z</time></trkpt>
    <trkpt lat="28.16284" lon="85.37294"><ele>2707</ele><time>2022-10-24T09:17:45Z</time></trkpt>
    <trkpt lat="28.16283" lon="85.37314"><ele>2705</ele><time>2022-10-24T09:18:03Z</time></trkpt>
    <trkpt lat="28.16273" lon="85.37325"><ele>2710</ele><time>2022-10-24T09:18:22Z</time></trkpt>
    <trkpt lat="28.16265" lon="85.37334"><ele>2712</ele><time>2022-10-24T09:18:40Z</time></trkpt>
    <trkpt lat="28.16257" lon="85.37352"><ele>2707</ele><time>2022-10-24T09:19:58Z</time></trkpt>
    <trkpt lat="28.16260" lon="85.37380"><ele>2706</ele><time>2022-10-24T09:20:39Z</time></trkpt>
    <trkpt lat="28.16267" lon="85.37395"><ele>2702</ele><time>2022-10-24T09:20:58Z</time></trkpt>
    <trkpt lat="28.16273" lon="85.37410"><ele>2703</ele><time>2022-10-24T09:21:16Z</time></trkpt>
    <trkpt lat="28.16279" lon="85.37425"><ele>2704</ele><time>2022-10-24T09:21:35Z</time></trkpt>
    <trkpt lat="28.16284" lon="85.37441"><ele>2705</ele><time>2022-10-24T09:21:54Z</time></trkpt>
    <trkpt lat="28.16291" lon="85.37451"><ele>2705</ele><time>2022-10-24T09:22:12Z</time></trkpt>
    <trkpt lat="28.16295" lon="85.37469"><ele>2708</ele><time>2022-10-24T09:22:31Z</time></trkpt>
    <trkpt lat="28.16296" lon="85.37487"><ele>2707</ele><time>2022-10-24T09:22:50Z</time></trkpt>
    <trkpt lat="28.16289" lon="85.37508"><ele>2713</ele><time>2022-10-24T09:23:09Z</time></trkpt>
    <trkpt lat="28.16284" lon="85.37523"><ele>2720</ele><time>2022-10-24T09:23:27Z</time></trkpt>
    <trkpt lat="28.16282" lon="85.37537"><ele>2723</ele><time>2022-10-24T09:23:46Z</time></trkpt>
    <trkpt lat="28.16277" lon="85.37549"><ele>2719</ele><time>2022-10-24T09:24:04Z</time></trkpt>
    <trkpt lat="28.16274" lon="85.37568"><ele>2721</ele><time>2022-10-24T09:24:23Z</time></trkpt>
    <trkpt lat="28.16270" lon="85.37584"><ele>2726</ele><time>2022-10-24T09:24:41Z</time></trkpt>
    <trkpt lat="28.16273" lon="85.37598"><ele>2729</ele><time>2022-10-24T09:24:59Z</time></trkpt>
    <trkpt lat="28.16265" lon="85.37608"><ele>2733</ele><time>2022-10-24T09:25:18Z</time></trkpt>
    <trkpt lat="28.16264" lon="85.37624"><ele>2729</ele><time>2022-10-24T09:25:36Z</time></trkpt>
    <trkpt lat="28.16260" lon="85.37637"><ele>2736</ele><time>2022-10-24T09:25:54Z</time></trkpt>
    <trkpt lat="28.16255" lon="85.37662"><ele>2740</ele><time>2022-10-24T09:26:30Z</time></trkpt>
    <trkpt lat="28.16251" lon="85.37674"><ele>2739</ele><time>2022-10-24T09:26:49Z</time></trkpt>
    <trkpt lat="28.16245" lon="85.37688"><ele>2744</ele><time>2022-10-24T09:27:08Z</time></trkpt>
    <trkpt lat="28.16246" lon="85.37701"><ele>2745</ele><time>2022-10-24T09:27:26Z</time></trkpt>
    <trkpt lat="28.16241" lon="85.37712"><ele>2750</ele><time>2022-10-24T09:27:45Z</time></trkpt>
    <trkpt lat="28.16241" lon="85.37728"><ele>2752</ele><time>2022-10-24T09:28:04Z</time></trkpt>
    <trkpt lat="28.16253" lon="85.37722"><ele>2754</ele><time>2022-10-24T09:28:22Z</time></trkpt>
    <trkpt lat="28.16262" lon="85.37718"><ele>2757</ele><time>2022-10-24T09:28:40Z</time></trkpt>
    <trkpt lat="28.16272" lon="85.37731"><ele>2720</ele><time>2022-10-24T09:29:41Z</time></trkpt>
    <trkpt lat="28.16277" lon="85.37746"><ele>2773</ele><time>2022-10-24T09:30:38Z</time></trkpt>
    <trkpt lat="28.16271" lon="85.37755"><ele>2775</ele><time>2022-10-24T09:30:56Z</time></trkpt>
    <trkpt lat="28.16264" lon="85.37765"><ele>2780</ele><time>2022-10-24T09:31:15Z</time></trkpt>
    <trkpt lat="28.16254" lon="85.37770"><ele>2785</ele><time>2022-10-24T09:31:34Z</time></trkpt>
    <trkpt lat="28.16244" lon="85.37785"><ele>2769</ele><time>2022-10-24T09:31:53Z</time></trkpt>
    <trkpt lat="28.16237" lon="85.37810"><ele>2785</ele><time>2022-10-24T09:32:31Z</time></trkpt>
    <trkpt lat="28.16232" lon="85.37825"><ele>2786</ele><time>2022-10-24T09:32:49Z</time></trkpt>
    <trkpt lat="28.16225" lon="85.37842"><ele>2786</ele><time>2022-10-24T09:33:08Z</time></trkpt>
    <trkpt lat="28.16224" lon="85.37859"><ele>2785</ele><time>2022-10-24T09:33:27Z</time></trkpt>
    <trkpt lat="28.16235" lon="85.37862"><ele>2784</ele><time>2022-10-24T09:36:27Z</time></trkpt>
    <trkpt lat="28.16253" lon="85.37864"><ele>2780</ele><time>2022-10-24T09:36:45Z</time></trkpt>
    <trkpt lat="28.16266" lon="85.37876"><ele>2778</ele><time>2022-10-24T09:37:04Z</time></trkpt>
    <trkpt lat="28.16279" lon="85.37879"><ele>2774</ele><time>2022-10-24T09:37:22Z</time></trkpt>
    <trkpt lat="28.16277" lon="85.37889"><ele>2769</ele><time>2022-10-24T09:37:41Z</time></trkpt>
    <trkpt lat="28.16262" lon="85.37875"><ele>2769</ele><time>2022-10-24T09:37:59Z</time></trkpt>
    <trkpt lat="28.16248" lon="85.37870"><ele>2760</ele><time>2022-10-24T09:38:18Z</time></trkpt>
    <trkpt lat="28.16251" lon="85.37884"><ele>2739</ele><time>2022-10-24T09:38:36Z</time></trkpt>
    <trkpt lat="28.16266" lon="85.37896"><ele>2764</ele><time>2022-10-24T09:38:55Z</time></trkpt>
    <trkpt lat="28.16280" lon="85.37910"><ele>2763</ele><time>2022-10-24T09:39:13Z</time></trkpt>
    <trkpt lat="28.16292" lon="85.37925"><ele>2758</ele><time>2022-10-24T09:39:32Z</time></trkpt>
    <trkpt lat="28.16288" lon="85.37945"><ele>2754</ele><time>2022-10-24T09:39:50Z</time></trkpt>
    <trkpt lat="28.16297" lon="85.37964"><ele>2749</ele><time>2022-10-24T09:40:09Z</time></trkpt>
    <trkpt lat="28.16311" lon="85.37981"><ele>2745</ele><time>2022-10-24T09:40:28Z</time></trkpt>
    <trkpt lat="28.16318" lon="85.38006"><ele>2744</ele><time>2022-10-24T09:40:46Z</time></trkpt>
    <trkpt lat="28.16313" lon="85.38020"><ele>2745</ele><time>2022-10-24T09:41:05Z</time></trkpt>
    <trkpt lat="28.16301" lon="85.38028"><ele>2753</ele><time>2022-10-24T09:41:23Z</time></trkpt>
    <trkpt lat="28.16300" lon="85.38039"><ele>2756</ele><time>2022-10-24T09:41:41Z</time></trkpt>
    <trkpt lat="28.16298" lon="85.38056"><ele>2756</ele><time>2022-10-24T09:42:00Z</time></trkpt>
    <trkpt lat="28.16301" lon="85.38075"><ele>2756</ele><time>2022-10-24T09:42:19Z</time></trkpt>
    <trkpt lat="28.16300" lon="85.38097"><ele>2755</ele><time>2022-10-24T09:42:57Z</time></trkpt>
    <trkpt lat="28.16286" lon="85.38110"><ele>2751</ele><time>2022-10-24T09:43:16Z</time></trkpt>
    <trkpt lat="28.16281" lon="85.38119"><ele>2748</ele><time>2022-10-24T09:43:34Z</time></trkpt>
    <trkpt lat="28.16275" lon="85.38134"><ele>2744</ele><time>2022-10-24T09:43:52Z</time></trkpt>
    <trkpt lat="28.16276" lon="85.38152"><ele>2739</ele><time>2022-10-24T09:44:11Z</time></trkpt>
    <trkpt lat="28.16283" lon="85.38166"><ele>2734</ele><time>2022-10-24T09:44:29Z</time></trkpt>
    <trkpt lat="28.16290" lon="85.38179"><ele>2732</ele><time>2022-10-24T09:44:48Z</time></trkpt>
    <trkpt lat="28.16298" lon="85.38192"><ele>2732</ele><time>2022-10-24T09:45:06Z</time></trkpt>
    <trkpt lat="28.16306" lon="85.38204"><ele>2729</ele><time>2022-10-24T09:45:24Z</time></trkpt>
    <trkpt lat="28.16316" lon="85.38227"><ele>2727</ele><time>2022-10-24T09:48:39Z</time></trkpt>
    <trkpt lat="28.16312" lon="85.38246"><ele>2724</ele><time>2022-10-24T09:48:57Z</time></trkpt>
    <trkpt lat="28.16296" lon="85.38254"><ele>2729</ele><time>2022-10-24T09:49:16Z</time></trkpt>
    <trkpt lat="28.16288" lon="85.38267"><ele>2726</ele><time>2022-10-24T09:49:35Z</time></trkpt>
    <trkpt lat="28.16289" lon="85.38280"><ele>2692</ele><time>2022-10-24T09:49:54Z</time></trkpt>
    <trkpt lat="28.16291" lon="85.38295"><ele>2715</ele><time>2022-10-24T09:50:12Z</time></trkpt>
    <trkpt lat="28.16296" lon="85.38326"><ele>2713</ele><time>2022-10-24T09:50:49Z</time></trkpt>
    <trkpt lat="28.16293" lon="85.38347"><ele>2711</ele><time>2022-10-24T09:51:08Z</time></trkpt>
    <trkpt lat="28.16290" lon="85.38367"><ele>2709</ele><time>2022-10-24T09:51:27Z</time></trkpt>
    <trkpt lat="28.16278" lon="85.38383"><ele>2710</ele><time>2022-10-24T09:51:46Z</time></trkpt>
    <trkpt lat="28.16268" lon="85.38396"><ele>2712</ele><time>2022-10-24T09:52:05Z</time></trkpt>
    <trkpt lat="28.16248" lon="85.38404"><ele>2718</ele><time>2022-10-24T09:52:24Z</time></trkpt>
    <trkpt lat="28.16239" lon="85.38411"><ele>2663</ele><time>2022-10-24T09:52:42Z</time></trkpt>
    <trkpt lat="28.16226" lon="85.38415"><ele>2721</ele><time>2022-10-24T09:53:01Z</time></trkpt>
    <trkpt lat="28.16219" lon="85.38429"><ele>2725</ele><time>2022-10-24T09:53:20Z</time></trkpt>
    <trkpt lat="28.16222" lon="85.38445"><ele>2725</ele><time>2022-10-24T09:53:38Z</time></trkpt>
    <trkpt lat="28.16221" lon="85.38457"><ele>2729</ele><time>2022-10-24T09:53:56Z</time></trkpt>
    <trkpt lat="28.16221" lon="85.38473"><ele>2727</ele><time>2022-10-24T09:54:15Z</time></trkpt>
    <trkpt lat="28.16219" lon="85.38490"><ele>2725</ele><time>2022-10-24T09:54:34Z</time></trkpt>
    <trkpt lat="28.16207" lon="85.38505"><ele>2725</ele><time>2022-10-24T09:54:52Z</time></trkpt>
    <trkpt lat="28.16195" lon="85.38522"><ele>2727</ele><time>2022-10-24T09:55:11Z</time></trkpt>
    <trkpt lat="28.16187" lon="85.38538"><ele>2726</ele><time>2022-10-24T09:55:30Z</time></trkpt>
    <trkpt lat="28.16194" lon="85.38559"><ele>2719</ele><time>2022-10-24T09:57:53Z</time></trkpt>
    <trkpt lat="28.16195" lon="85.38579"><ele>2713</ele><time>2022-10-24T09:59:21Z</time></trkpt>
    <trkpt lat="28.16202" lon="85.38588"><ele>2707</ele><time>2022-10-24T09:59:40Z</time></trkpt>
    <trkpt lat="28.16213" lon="85.38603"><ele>2703</ele><time>2022-10-24T10:03:08Z</time></trkpt>
    <trkpt lat="28.16222" lon="85.38616"><ele>2700</ele><time>2022-10-24T10:03:26Z</time></trkpt>
    <trkpt lat="28.16215" lon="85.38622"><ele>2693</ele><time>2022-10-24T10:04:07Z</time></trkpt>
    <trkpt lat="28.16204" lon="85.38616"><ele>2693</ele><time>2022-10-24T10:04:25Z</time></trkpt>
    <trkpt lat="28.16192" lon="85.38609"><ele>2664</ele><time>2022-10-24T10:04:44Z</time></trkpt>
    <trkpt lat="28.16196" lon="85.38625"><ele>2690</ele><time>2022-10-24T10:05:02Z</time></trkpt>
    <trkpt lat="28.16202" lon="85.38637"><ele>2687</ele><time>2022-10-24T10:05:20Z</time></trkpt>
    <trkpt lat="28.16213" lon="85.38650"><ele>2681</ele><time>2022-10-24T10:05:39Z</time></trkpt>
    <trkpt lat="28.16227" lon="85.38661"><ele>2681</ele><time>2022-10-24T10:05:58Z</time></trkpt>
    <trkpt lat="28.16240" lon="85.38675"><ele>2676</ele><time>2022-10-24T10:06:17Z</time></trkpt>
    <trkpt lat="28.16251" lon="85.38684"><ele>2672</ele><time>2022-10-24T10:06:35Z</time></trkpt>
    <trkpt lat="28.16262" lon="85.38693"><ele>2669</ele><time>2022-10-24T10:06:53Z</time></trkpt>
    <trkpt lat="28.16275" lon="85.38710"><ele>2661</ele><time>2022-10-24T10:07:34Z</time></trkpt>
    <trkpt lat="28.16266" lon="85.38715"><ele>2678</ele><time>2022-10-24T10:07:52Z</time></trkpt>
    <trkpt lat="28.16267" lon="85.38726"><ele>2638</ele><time>2022-10-24T10:08:11Z</time></trkpt>
    <trkpt lat="28.16265" lon="85.38737"><ele>2566</ele><time>2022-10-24T10:08:29Z</time></trkpt>
    <trkpt lat="28.16271" lon="85.38759"><ele>2638</ele><time>2022-10-24T10:09:07Z</time></trkpt>
    <trkpt lat="28.16277" lon="85.38767"><ele>2473</ele><time>2022-10-24T10:09:26Z</time></trkpt>
    <trkpt lat="28.16291" lon="85.38772"><ele>2628</ele><time>2022-10-24T10:09:44Z</time></trkpt>
    <trkpt lat="28.16298" lon="85.38784"><ele>2631</ele><time>2022-10-24T10:10:02Z</time></trkpt>
    <trkpt lat="28.16308" lon="85.38798"><ele>2630</ele><time>2022-10-24T10:10:21Z</time></trkpt>
    <trkpt lat="28.16327" lon="85.38821"><ele>2629</ele><time>2022-10-24T10:10:59Z</time></trkpt>
    <trkpt lat="28.16337" lon="85.38835"><ele>2637</ele><time>2022-10-24T10:11:17Z</time></trkpt>
    <trkpt lat="28.16350" lon="85.38844"><ele>2633</ele><time>2022-10-24T10:11:36Z</time></trkpt>
    <trkpt lat="28.16358" lon="85.38859"><ele>2639</ele><time>2022-10-24T10:11:55Z</time></trkpt>
    <trkpt lat="28.16372" lon="85.38858"><ele>2629</ele><time>2022-10-24T10:12:13Z</time></trkpt>
    <trkpt lat="28.16382" lon="85.38853"><ele>2650</ele><time>2022-10-24T10:12:31Z</time></trkpt>
    <trkpt lat="28.16385" lon="85.38876"><ele>2636</ele><time>2022-10-24T10:13:19Z</time></trkpt>
    <trkpt lat="28.16390" lon="85.38891"><ele>2612</ele><time>2022-10-24T10:13:38Z</time></trkpt>
    <trkpt lat="28.16396" lon="85.38918"><ele>2632</ele><time>2022-10-24T10:15:56Z</time></trkpt>
    <trkpt lat="28.16402" lon="85.38938"><ele>2632</ele><time>2022-10-24T10:16:14Z</time></trkpt>
    <trkpt lat="28.16411" lon="85.38944"><ele>2628</ele><time>2022-10-24T10:16:32Z</time></trkpt>
    <trkpt lat="28.16420" lon="85.38951"><ele>2625</ele><time>2022-10-24T10:16:50Z</time></trkpt>
    <trkpt lat="28.16424" lon="85.38968"><ele>2636</ele><time>2022-10-24T10:17:08Z</time></trkpt>
    <trkpt lat="28.16433" lon="85.38977"><ele>2638</ele><time>2022-10-24T10:17:27Z</time></trkpt>
    <trkpt lat="28.16444" lon="85.38981"><ele>2631</ele><time>2022-10-24T10:17:46Z</time></trkpt>
    <trkpt lat="28.16455" lon="85.38998"><ele>2635</ele><time>2022-10-24T10:18:28Z</time></trkpt>
    <trkpt lat="28.16462" lon="85.39004"><ele>2634</ele><time>2022-10-24T10:18:47Z</time></trkpt>
    <trkpt lat="28.16476" lon="85.39014"><ele>2634</ele><time>2022-10-24T10:19:06Z</time></trkpt>
    <trkpt lat="28.16487" lon="85.39015"><ele>2636</ele><time>2022-10-24T10:19:25Z</time></trkpt>
    <trkpt lat="28.16500" lon="85.39026"><ele>2644</ele><time>2022-10-24T10:20:56Z</time></trkpt>
    <trkpt lat="28.16502" lon="85.39037"><ele>2643</ele><time>2022-10-24T10:21:14Z</time></trkpt>
    <trkpt lat="28.16497" lon="85.39050"><ele>2602</ele><time>2022-10-24T10:22:09Z</time></trkpt>
    <trkpt lat="28.16501" lon="85.39063"><ele>2635</ele><time>2022-10-24T10:22:28Z</time></trkpt>
    <trkpt lat="28.16510" lon="85.39084"><ele>2632</ele><time>2022-10-24T10:23:19Z</time></trkpt>
    <trkpt lat="28.16516" lon="85.39093"><ele>2631</ele><time>2022-10-24T10:23:38Z</time></trkpt>
    <trkpt lat="28.16523" lon="85.39112"><ele>2630</ele><time>2022-10-24T10:24:19Z</time></trkpt>
    <trkpt lat="28.16522" lon="85.39130"><ele>2626</ele><time>2022-10-24T10:25:01Z</time></trkpt>
    <trkpt lat="28.16525" lon="85.39146"><ele>2623</ele><time>2022-10-24T10:25:20Z</time></trkpt>
    <trkpt lat="28.16524" lon="85.39164"><ele>2620</ele><time>2022-10-24T10:25:39Z</time></trkpt>
    <trkpt lat="28.16526" lon="85.39177"><ele>2619</ele><time>2022-10-24T10:25:57Z</time></trkpt>
    <trkpt lat="28.16524" lon="85.39190"><ele>2618</ele><time>2022-10-24T10:26:15Z</time></trkpt>
    <trkpt lat="28.16520" lon="85.39202"><ele>2622</ele><time>2022-10-24T10:26:34Z</time></trkpt>
    <trkpt lat="28.16526" lon="85.39221"><ele>2628</ele><time>2022-10-24T10:26:53Z</time></trkpt>
    <trkpt lat="28.16534" lon="85.39240"><ele>2635</ele><time>2022-10-24T10:28:59Z</time></trkpt>
    <trkpt lat="28.16531" lon="85.39252"><ele>2626</ele><time>2022-10-24T10:29:18Z</time></trkpt>
    <trkpt lat="28.16521" lon="85.39267"><ele>2598</ele><time>2022-10-24T10:30:00Z</time></trkpt>
    <trkpt lat="28.16512" lon="85.39283"><ele>2610</ele><time>2022-10-24T10:30:19Z</time></trkpt>
    <trkpt lat="28.16506" lon="85.39297"><ele>2613</ele><time>2022-10-24T10:30:37Z</time></trkpt>
    <trkpt lat="28.16499" lon="85.39307"><ele>2611</ele><time>2022-10-24T10:30:56Z</time></trkpt>
    <trkpt lat="28.16497" lon="85.39320"><ele>2609</ele><time>2022-10-24T10:31:15Z</time></trkpt>
    <trkpt lat="28.16492" lon="85.39333"><ele>2610</ele><time>2022-10-24T10:31:33Z</time></trkpt>
    <trkpt lat="28.16484" lon="85.39346"><ele>2613</ele><time>2022-10-24T10:31:52Z</time></trkpt>
    <trkpt lat="28.16481" lon="85.39361"><ele>2616</ele><time>2022-10-24T10:32:10Z</time></trkpt>
    <trkpt lat="28.16478" lon="85.39382"><ele>2614</ele><time>2022-10-24T10:33:09Z</time></trkpt>
    <trkpt lat="28.16463" lon="85.39395"><ele>2618</ele><time>2022-10-24T10:34:05Z</time></trkpt>
    <trkpt lat="28.16446" lon="85.39405"><ele>2620</ele><time>2022-10-24T10:34:24Z</time></trkpt>
    <trkpt lat="28.16437" lon="85.39412"><ele>2466</ele><time>2022-10-24T10:34:42Z</time></trkpt>
    <trkpt lat="28.16431" lon="85.39426"><ele>2360</ele><time>2022-10-24T10:35:01Z</time></trkpt>
    <trkpt lat="28.16429" lon="85.39442"><ele>2584</ele><time>2022-10-24T10:35:20Z</time></trkpt>
    <trkpt lat="28.16420" lon="85.39467"><ele>2621</ele><time>2022-10-24T10:36:00Z</time></trkpt>
    <trkpt lat="28.16419" lon="85.39484"><ele>2594</ele><time>2022-10-24T10:36:19Z</time></trkpt>
    <trkpt lat="28.16420" lon="85.39501"><ele>2588</ele><time>2022-10-24T10:36:37Z</time></trkpt>
    <trkpt lat="28.16415" lon="85.39511"><ele>2585</ele><time>2022-10-24T10:36:55Z</time></trkpt>
    <trkpt lat="28.16407" lon="85.39529"><ele>2601</ele><time>2022-10-24T10:37:38Z</time></trkpt>
    <trkpt lat="28.16399" lon="85.39535"><ele>2602</ele><time>2022-10-24T10:37:56Z</time></trkpt>
    <trkpt lat="28.16384" lon="85.39536"><ele>2598</ele><time>2022-10-24T10:38:15Z</time></trkpt>
    <trkpt lat="28.16375" lon="85.39539"><ele>2258</ele><time>2022-10-24T10:38:34Z</time></trkpt>
    <trkpt lat="28.16363" lon="85.39554"><ele>2510</ele><time>2022-10-24T10:39:11Z</time></trkpt>
    <trkpt lat="28.16354" lon="85.39559"><ele>2581</ele><time>2022-10-24T10:39:30Z</time></trkpt>
    <trkpt lat="28.16339" lon="85.39566"><ele>2514</ele><time>2022-10-24T10:39:49Z</time></trkpt>
    <trkpt lat="28.16335" lon="85.39579"><ele>2582</ele><time>2022-10-24T10:40:08Z</time></trkpt>
    <trkpt lat="28.16331" lon="85.39590"><ele>2588</ele><time>2022-10-24T10:40:26Z</time></trkpt>
    <trkpt lat="28.16327" lon="85.39606"><ele>2587</ele><time>2022-10-24T10:40:44Z</time></trkpt>
    <trkpt lat="28.16322" lon="85.39621"><ele>2590</ele><time>2022-10-24T10:41:02Z</time></trkpt>
    <trkpt lat="28.16311" lon="85.39635"><ele>2598</ele><time>2022-10-24T10:41:21Z</time></trkpt>
    <trkpt lat="28.16307" lon="85.39648"><ele>2593</ele><time>2022-10-24T10:41:39Z</time></trkpt>
    <trkpt lat="28.16301" lon="85.39661"><ele>2593</ele><time>2022-10-24T10:41:58Z</time></trkpt>
    <trkpt lat="28.16279" lon="85.39677"><ele>2635</ele><time>2022-10-24T10:42:43Z</time></trkpt>
    <trkpt lat="28.16272" lon="85.39686"><ele>2607</ele><time>2022-10-24T10:43:02Z</time></trkpt>
    <trkpt lat="28.16259" lon="85.39698"><ele>2602</ele><time>2022-10-24T10:44:03Z</time></trkpt>
    <trkpt lat="28.16242" lon="85.39711"><ele>2603</ele><time>2022-10-24T10:44:22Z</time></trkpt>
    <trkpt lat="28.16227" lon="85.39716"><ele>2603</ele><time>2022-10-24T10:44:40Z</time></trkpt>
    <trkpt lat="28.16227" lon="85.39732"><ele>2594</ele><time>2022-10-24T10:44:58Z</time></trkpt>
    <trkpt lat="28.16223" lon="85.39747"><ele>2592</ele><time>2022-10-24T10:45:17Z</time></trkpt>
    <trkpt lat="28.16222" lon="85.39762"><ele>2595</ele><time>2022-10-24T10:45:36Z</time></trkpt>
    <trkpt lat="28.16219" lon="85.39774"><ele>2597</ele><time>2022-10-24T10:45:55Z</time></trkpt>
    <trkpt lat="28.16206" lon="85.39787"><ele>2598</ele><time>2022-10-24T10:46:13Z</time></trkpt>
    <trkpt lat="28.16201" lon="85.39806"><ele>2602</ele><time>2022-10-24T10:46:31Z</time></trkpt>
    <trkpt lat="28.16194" lon="85.39817"><ele>2599</ele><time>2022-10-24T10:46:50Z</time></trkpt>
    <trkpt lat="28.16192" lon="85.39834"><ele>2605</ele><time>2022-10-24T10:47:43Z</time></trkpt>
    <trkpt lat="28.16208" lon="85.39837"><ele>2609</ele><time>2022-10-24T10:53:17Z</time></trkpt>
    <trkpt lat="28.16201" lon="85.39843"><ele>2610</ele><time>2022-10-24T11:03:19Z</time></trkpt>
    <trkpt lat="28.16183" lon="85.39845"><ele>2687</ele><time>2022-10-24T11:03:33Z</time></trkpt>
    <trkpt lat="28.16187" lon="85.39835"><ele>2629</ele><time>2022-10-24T11:03:47Z</time></trkpt>
    <trkpt lat="28.16197" lon="85.39838"><ele>2600</ele><time>2022-10-24T11:04:06Z</time></trkpt>
    <trkpt lat="28.16203" lon="85.39826"><ele>2611</ele><time>2022-10-24T11:24:40Z</time></trkpt>
  </trkseg>
</trk>
<trk>
  <name>LangtangtTrekNuvakotKathmandu</name>
  <trkseg>
    <trkpt lat="27.91650" lon="85.17147"><ele>939</ele><time>2022-11-03T03:14:08Z</time></trkpt>
    <trkpt lat="27.91586" lon="85.17208"><ele>947</ele><time>2022-11-03T03:14:27Z</time></trkpt>
    <trkpt lat="27.91535" lon="85.17254"><ele>929</ele><time>2022-11-03T03:14:46Z</time></trkpt>
    <trkpt lat="27.91548" lon="85.17266"><ele>923</ele><time>2022-11-03T03:15:04Z</time></trkpt>
    <trkpt lat="27.91588" lon="85.17317"><ele>916</ele><time>2022-11-03T03:15:23Z</time></trkpt>
    <trkpt lat="27.91576" lon="85.17388"><ele>913</ele><time>2022-11-03T03:15:42Z</time></trkpt>
    <trkpt lat="27.91569" lon="85.17434"><ele>907</ele><time>2022-11-03T03:16:01Z</time></trkpt>
    <trkpt lat="27.91562" lon="85.17482"><ele>888</ele><time>2022-11-03T03:16:20Z</time></trkpt>
    <trkpt lat="27.91570" lon="85.17534"><ele>876</ele><time>2022-11-03T03:16:38Z</time></trkpt>
    <trkpt lat="27.91553" lon="85.17590"><ele>872</ele><time>2022-11-03T03:16:57Z</time></trkpt>
    <trkpt lat="27.91502" lon="85.17579"><ele>863</ele><time>2022-11-03T03:17:16Z</time></trkpt>
    <trkpt lat="27.91444" lon="85.17587"><ele>852</ele><time>2022-11-03T03:17:35Z</time></trkpt>
    <trkpt lat="27.91432" lon="85.17646"><ele>847</ele><time>2022-11-03T03:17:53Z</time></trkpt>
    <trkpt lat="27.91405" lon="85.17693"><ele>849</ele><time>2022-11-03T03:18:12Z</time></trkpt>
    <trkpt lat="27.91361" lon="85.17686"><ele>853</ele><time>2022-11-03T03:18:30Z</time></trkpt>
    <trkpt lat="27.91289" lon="85.17690"><ele>837</ele><time>2022-11-03T03:18:49Z</time></trkpt>
    <trkpt lat="27.91223" lon="85.17704"><ele>839</ele><time>2022-11-03T03:19:08Z</time></trkpt>
    <trkpt lat="27.91161" lon="85.17749"><ele>828</ele><time>2022-11-03T03:19:27Z</time></trkpt>
    <trkpt lat="27.91112" lon="85.17727"><ele>822</ele><time>2022-11-03T03:19:45Z</time></trkpt>
    <trkpt lat="27.91146" lon="85.17795"><ele>813</ele><time>2022-11-03T03:20:03Z</time></trkpt>
    <trkpt lat="27.91148" lon="85.17898"><ele>808</ele><time>2022-11-03T03:20:22Z</time></trkpt>
    <trkpt lat="27.91089" lon="85.17997"><ele>800</ele><time>2022-11-03T03:20:41Z</time></trkpt>
    <trkpt lat="27.91044" lon="85.18098"><ele>798</ele><time>2022-11-03T03:20:59Z</time></trkpt>
    <trkpt lat="27.91029" lon="85.18181"><ele>794</ele><time>2022-11-03T03:21:18Z</time></trkpt>
    <trkpt lat="27.91052" lon="85.18134"><ele>790</ele><time>2022-11-03T03:21:36Z</time></trkpt>
    <trkpt lat="27.91101" lon="85.18082"><ele>783</ele><time>2022-11-03T03:21:55Z</time></trkpt>
    <trkpt lat="27.91144" lon="85.18053"><ele>784</ele><time>2022-11-03T03:22:13Z</time></trkpt>
    <trkpt lat="27.91108" lon="85.18128"><ele>772</ele><time>2022-11-03T03:22:32Z</time></trkpt>
    <trkpt lat="27.91112" lon="85.18218"><ele>772</ele><time>2022-11-03T03:22:50Z</time></trkpt>
    <trkpt lat="27.91106" lon="85.18289"><ele>768</ele><time>2022-11-03T03:23:09Z</time></trkpt>
    <trkpt lat="27.91034" lon="85.18359"><ele>765</ele><time>2022-11-03T03:23:27Z</time></trkpt>
    <trkpt lat="27.90952" lon="85.18374"><ele>764</ele><time>2022-11-03T03:23:46Z</time></trkpt>
    <trkpt lat="27.90951" lon="85.18546"><ele>755</ele><time>2022-11-03T03:24:45Z</time></trkpt>
    <trkpt lat="27.90944" lon="85.18571"><ele>723</ele><time>2022-11-03T03:24:49Z</time></trkpt>
    <trkpt lat="27.90918" lon="85.18642"><ele>681</ele><time>2022-11-03T03:25:07Z</time></trkpt>
    <trkpt lat="27.90898" lon="85.18710"><ele>674</ele><time>2022-11-03T03:25:26Z</time></trkpt>
    <trkpt lat="27.90905" lon="85.18783"><ele>664</ele><time>2022-11-03T03:25:45Z</time></trkpt>
    <trkpt lat="27.90874" lon="85.18839"><ele>644</ele><time>2022-11-03T03:26:04Z</time></trkpt>
    <trkpt lat="27.90887" lon="85.18876"><ele>638</ele><time>2022-11-03T03:26:22Z</time></trkpt>
    <trkpt lat="27.90849" lon="85.18910"><ele>628</ele><time>2022-11-03T03:26:40Z</time></trkpt>
    <trkpt lat="27.90840" lon="85.18941"><ele>614</ele><time>2022-11-03T03:26:59Z</time></trkpt>
    <trkpt lat="27.90825" lon="85.18860"><ele>610</ele><time>2022-11-03T03:27:17Z</time></trkpt>
    <trkpt lat="27.90803" lon="85.18773"><ele>608</ele><time>2022-11-03T03:27:35Z</time></trkpt>
    <trkpt lat="27.90753" lon="85.18708"><ele>595</ele><time>2022-11-03T03:27:53Z</time></trkpt>
    <trkpt lat="27.90737" lon="85.18644"><ele>580</ele><time>2022-11-03T03:28:12Z</time></trkpt>
    <trkpt lat="27.90725" lon="85.18606"><ele>577</ele><time>2022-11-03T03:28:31Z</time></trkpt>
    <trkpt lat="27.90694" lon="85.18633"><ele>569</ele><time>2022-11-03T03:28:49Z</time></trkpt>
    <trkpt lat="27.90618" lon="85.18615"><ele>549</ele><time>2022-11-03T03:29:08Z</time></trkpt>
    <trkpt lat="27.90642" lon="85.18660"><ele>539</ele><time>2022-11-03T03:29:27Z</time></trkpt>
    <trkpt lat="27.90757" lon="85.18827"><ele>539</ele><time>2022-11-03T03:29:45Z</time></trkpt>
    <trkpt lat="27.90737" lon="85.19066"><ele>544</ele><time>2022-11-03T03:30:04Z</time></trkpt>
    <trkpt lat="27.90690" lon="85.19243"><ele>544</ele><time>2022-11-03T03:30:22Z</time></trkpt>
    <trkpt lat="27.90630" lon="85.19411"><ele>545</ele><time>2022-11-03T03:30:41Z</time></trkpt>
    <trkpt lat="27.90560" lon="85.19530"><ele>539</ele><time>2022-11-03T03:30:59Z</time></trkpt>
    <trkpt lat="27.90435" lon="85.19714"><ele>547</ele><time>2022-11-03T03:31:18Z</time></trkpt>
    <trkpt lat="27.90330" lon="85.19860"><ele>538</ele><time>2022-11-03T03:31:37Z</time></trkpt>
    <trkpt lat="27.90270" lon="85.20004"><ele>538</ele><time>2022-11-03T03:31:56Z</time></trkpt>
    <trkpt lat="27.90196" lon="85.20146"><ele>541</ele><time>2022-11-03T03:32:15Z</time></trkpt>
    <trkpt lat="27.90087" lon="85.20420"><ele>537</ele><time>2022-11-03T03:33:16Z</time></trkpt>
    <trkpt lat="27.90087" lon="85.20380"><ele>534</ele><time>2022-11-03T03:33:24Z</time></trkpt>
    <trkpt lat="27.90064" lon="85.20446"><ele>530</ele><time>2022-11-03T03:33:49Z</time></trkpt>
    <trkpt lat="27.89999" lon="85.20527"><ele>529</ele><time>2022-11-03T03:34:04Z</time></trkpt>
    <trkpt lat="27.89981" lon="85.20537"><ele>525</ele><time>2022-11-03T03:34:23Z</time></trkpt>
    <trkpt lat="27.89969" lon="85.20571"><ele>526</ele><time>2022-11-03T03:34:41Z</time></trkpt>
    <trkpt lat="27.89984" lon="85.20618"><ele>526</ele><time>2022-11-03T03:34:59Z</time></trkpt>
    <trkpt lat="27.89980" lon="85.20682"><ele>525</ele><time>2022-11-03T03:35:27Z</time></trkpt>
    <trkpt lat="27.89988" lon="85.20741"><ele>525</ele><time>2022-11-03T03:35:43Z</time></trkpt>
    <trkpt lat="27.89931" lon="85.20742"><ele>526</ele><time>2022-11-03T03:36:02Z</time></trkpt>
    <trkpt lat="27.89897" lon="85.20752"><ele>524</ele><time>2022-11-03T03:36:20Z</time></trkpt>
    <trkpt lat="27.89804" lon="85.20763"><ele>518</ele><time>2022-11-03T03:36:39Z</time></trkpt>
    <trkpt lat="27.89762" lon="85.20858"><ele>515</ele><time>2022-11-03T03:36:57Z</time></trkpt>
    <trkpt lat="27.89772" lon="85.20961"><ele>514</ele><time>2022-11-03T03:37:16Z</time></trkpt>
    <trkpt lat="27.89815" lon="85.21118"><ele>518</ele><time>2022-11-03T03:37:34Z</time></trkpt>
    <trkpt lat="27.89819" lon="85.21319"><ele>519</ele><time>2022-11-03T03:37:52Z</time></trkpt>
    <trkpt lat="27.89698" lon="85.21471"><ele>521</ele><time>2022-11-03T03:38:11Z</time></trkpt>
    <trkpt lat="27.89668" lon="85.21662"><ele>522</ele><time>2022-11-03T03:38:29Z</time></trkpt>
    <trkpt lat="27.89690" lon="85.21885"><ele>537</ele><time>2022-11-03T03:38:47Z</time></trkpt>
    <trkpt lat="27.89634" lon="85.22054"><ele>537</ele><time>2022-11-03T03:39:06Z</time></trkpt>
    <trkpt lat="27.89595" lon="85.22160"><ele>542</ele><time>2022-11-03T03:39:24Z</time></trkpt>
    <trkpt lat="27.89539" lon="85.22328"><ele>549</ele><time>2022-11-03T03:39:43Z</time></trkpt>
    <trkpt lat="27.89521" lon="85.22524"><ele>553</ele><time>2022-11-03T03:40:01Z</time></trkpt>
    <trkpt lat="27.89484" lon="85.22769"><ele>550</ele><time>2022-11-03T03:40:20Z</time></trkpt>
    <trkpt lat="27.89533" lon="85.22951"><ele>551</ele><time>2022-11-03T03:40:38Z</time></trkpt>
    <trkpt lat="27.89522" lon="85.23172"><ele>552</ele><time>2022-11-03T03:40:57Z</time></trkpt>
    <trkpt lat="27.89410" lon="85.23331"><ele>548</ele><time>2022-11-03T03:41:16Z</time></trkpt>
    <trkpt lat="27.89257" lon="85.23486"><ele>544</ele><time>2022-11-03T03:41:35Z</time></trkpt>
    <trkpt lat="27.89096" lon="85.23629"><ele>545</ele><time>2022-11-03T03:41:53Z</time></trkpt>
    <trkpt lat="27.89042" lon="85.23808"><ele>552</ele><time>2022-11-03T03:42:11Z</time></trkpt>
    <trkpt lat="27.88964" lon="85.24006"><ele>556</ele><time>2022-11-03T03:42:30Z</time></trkpt>
    <trkpt lat="27.88860" lon="85.24212"><ele>561</ele><time>2022-11-03T03:42:48Z</time></trkpt>
    <trkpt lat="27.88767" lon="85.24420"><ele>568</ele><time>2022-11-03T03:43:06Z</time></trkpt>
    <trkpt lat="27.88648" lon="85.24650"><ele>571</ele><time>2022-11-03T03:43:25Z</time></trkpt>
    <trkpt lat="27.88606" lon="85.24845"><ele>575</ele><time>2022-11-03T03:43:43Z</time></trkpt>
    <trkpt lat="27.88429" lon="85.25039"><ele>580</ele><time>2022-11-03T03:44:01Z</time></trkpt>
    <trkpt lat="27.88281" lon="85.25244"><ele>580</ele><time>2022-11-03T03:44:20Z</time></trkpt>
    <trkpt lat="27.88133" lon="85.25459"><ele>586</ele><time>2022-11-03T03:44:38Z</time></trkpt>
    <trkpt lat="27.88029" lon="85.25697"><ele>589</ele><time>2022-11-03T03:44:57Z</time></trkpt>
    <trkpt lat="27.87941" lon="85.25860"><ele>595</ele><time>2022-11-03T03:45:16Z</time></trkpt>
    <trkpt lat="27.87791" lon="85.26029"><ele>590</ele><time>2022-11-03T03:45:35Z</time></trkpt>
    <trkpt lat="27.87698" lon="85.26273"><ele>593</ele><time>2022-11-03T03:45:53Z</time></trkpt>
    <trkpt lat="27.87579" lon="85.26503"><ele>594</ele><time>2022-11-03T03:46:12Z</time></trkpt>
    <trkpt lat="27.87446" lon="85.26702"><ele>591</ele><time>2022-11-03T03:46:30Z</time></trkpt>
    <trkpt lat="27.87327" lon="85.26940"><ele>592</ele><time>2022-11-03T03:46:48Z</time></trkpt>
    <trkpt lat="27.87180" lon="85.27182"><ele>596</ele><time>2022-11-03T03:47:07Z</time></trkpt>
    <trkpt lat="27.87076" lon="85.27354"><ele>600</ele><time>2022-11-03T03:47:26Z</time></trkpt>
    <trkpt lat="27.87008" lon="85.27473"><ele>601</ele><time>2022-11-03T03:47:44Z</time></trkpt>
    <trkpt lat="27.86870" lon="85.27701"><ele>605</ele><time>2022-11-03T03:48:03Z</time></trkpt>
    <trkpt lat="27.86776" lon="85.27904"><ele>605</ele><time>2022-11-03T03:48:21Z</time></trkpt>
    <trkpt lat="27.86746" lon="85.28130"><ele>614</ele><time>2022-11-03T03:48:39Z</time></trkpt>
    <trkpt lat="27.86665" lon="85.28320"><ele>621</ele><time>2022-11-03T03:48:58Z</time></trkpt>
    <trkpt lat="27.86648" lon="85.28415"><ele>628</ele><time>2022-11-03T03:49:16Z</time></trkpt>
    <trkpt lat="27.86642" lon="85.28451"><ele>633</ele><time>2022-11-03T03:49:35Z</time></trkpt>
    <trkpt lat="27.86609" lon="85.28542"><ele>634</ele><time>2022-11-03T03:49:53Z</time></trkpt>
    <trkpt lat="27.86533" lon="85.28613"><ele>637</ele><time>2022-11-03T03:50:12Z</time></trkpt>
    <trkpt lat="27.86472" lon="85.28656"><ele>644</ele><time>2022-11-03T03:50:31Z</time></trkpt>
    <trkpt lat="27.86445" lon="85.28720"><ele>647</ele><time>2022-11-03T03:50:49Z</time></trkpt>
    <trkpt lat="27.86446" lon="85.28683"><ele>649</ele><time>2022-11-03T03:51:08Z</time></trkpt>
    <trkpt lat="27.86434" lon="85.28617"><ele>653</ele><time>2022-11-03T03:51:26Z</time></trkpt>
    <trkpt lat="27.86330" lon="85.28639"><ele>671</ele><time>2022-11-03T03:51:45Z</time></trkpt>
    <trkpt lat="27.86267" lon="85.28699"><ele>682</ele><time>2022-11-03T03:52:03Z</time></trkpt>
    <trkpt lat="27.86188" lon="85.28696"><ele>687</ele><time>2022-11-03T03:52:22Z</time></trkpt>
    <trkpt lat="27.86118" lon="85.28706"><ele>695</ele><time>2022-11-03T03:52:40Z</time></trkpt>
    <trkpt lat="27.86136" lon="85.28805"><ele>697</ele><time>2022-11-03T03:52:59Z</time></trkpt>
    <trkpt lat="27.86044" lon="85.28857"><ele>707</ele><time>2022-11-03T03:53:17Z</time></trkpt>
    <trkpt lat="27.85970" lon="85.28956"><ele>714</ele><time>2022-11-03T03:53:36Z</time></trkpt>
    <trkpt lat="27.86024" lon="85.29062"><ele>718</ele><time>2022-11-03T03:53:54Z</time></trkpt>
    <trkpt lat="27.85931" lon="85.29086"><ele>727</ele><time>2022-11-03T03:54:13Z</time></trkpt>
    <trkpt lat="27.85857" lon="85.28946"><ele>725</ele><time>2022-11-03T03:54:31Z</time></trkpt>
    <trkpt lat="27.85769" lon="85.28942"><ele>747</ele><time>2022-11-03T03:54:49Z</time></trkpt>
    <trkpt lat="27.85714" lon="85.28857"><ele>754</ele><time>2022-11-03T03:55:08Z</time></trkpt>
    <trkpt lat="27.85651" lon="85.28829"><ele>755</ele><time>2022-11-03T03:55:26Z</time></trkpt>
    <trkpt lat="27.85595" lon="85.28856"><ele>770</ele><time>2022-11-03T03:55:45Z</time></trkpt>
    <trkpt lat="27.85548" lon="85.28911"><ele>770</ele><time>2022-11-03T03:56:03Z</time></trkpt>
    <trkpt lat="27.85498" lon="85.28950"><ele>772</ele><time>2022-11-03T03:56:21Z</time></trkpt>
    <trkpt lat="27.85396" lon="85.28968"><ele>770</ele><time>2022-11-03T03:56:40Z</time></trkpt>
    <trkpt lat="27.85429" lon="85.29033"><ele>772</ele><time>2022-11-03T03:56:58Z</time></trkpt>
    <trkpt lat="27.85402" lon="85.29108"><ele>788</ele><time>2022-11-03T03:57:17Z</time></trkpt>
    <trkpt lat="27.85393" lon="85.29171"><ele>794</ele><time>2022-11-03T03:57:35Z</time></trkpt>
    <trkpt lat="27.85411" lon="85.29247"><ele>797</ele><time>2022-11-03T03:57:54Z</time></trkpt>
    <trkpt lat="27.85392" lon="85.29368"><ele>809</ele><time>2022-11-03T03:58:13Z</time></trkpt>
    <trkpt lat="27.85366" lon="85.29411"><ele>820</ele><time>2022-11-03T03:58:31Z</time></trkpt>
    <trkpt lat="27.85355" lon="85.29444"><ele>827</ele><time>2022-11-03T03:58:50Z</time></trkpt>
    <trkpt lat="27.85353" lon="85.29455"><ele>829</ele><time>2022-11-03T03:59:20Z</time></trkpt>
    <trkpt lat="27.85255" lon="85.29519"><ele>835</ele><time>2022-11-03T03:59:39Z</time></trkpt>
    <trkpt lat="27.85214" lon="85.29568"><ele>842</ele><time>2022-11-03T03:59:58Z</time></trkpt>
    <trkpt lat="27.85157" lon="85.29597"><ele>849</ele><time>2022-11-03T04:00:16Z</time></trkpt>
    <trkpt lat="27.85049" lon="85.29640"><ele>859</ele><time>2022-11-03T04:00:35Z</time></trkpt>
    <trkpt lat="27.84958" lon="85.29629"><ele>864</ele><time>2022-11-03T04:00:54Z</time></trkpt>
    <trkpt lat="27.84861" lon="85.29679"><ele>866</ele><time>2022-11-03T04:01:12Z</time></trkpt>
    <trkpt lat="27.84791" lon="85.29709"><ele>864</ele><time>2022-11-03T04:01:31Z</time></trkpt>
    <trkpt lat="27.84746" lon="85.29734"><ele>870</ele><time>2022-11-03T04:01:50Z</time></trkpt>
    <trkpt lat="27.84674" lon="85.29768"><ele>888</ele><time>2022-11-03T04:02:09Z</time></trkpt>
    <trkpt lat="27.84605" lon="85.29724"><ele>884</ele><time>2022-11-03T04:02:28Z</time></trkpt>
    <trkpt lat="27.84549" lon="85.29736"><ele>892</ele><time>2022-11-03T04:02:46Z</time></trkpt>
    <trkpt lat="27.84531" lon="85.29730"><ele>893</ele><time>2022-11-03T04:03:04Z</time></trkpt>
    <trkpt lat="27.84496" lon="85.29761"><ele>909</ele><time>2022-11-03T04:03:23Z</time></trkpt>
    <trkpt lat="27.84435" lon="85.29773"><ele>911</ele><time>2022-11-03T04:03:41Z</time></trkpt>
    <trkpt lat="27.84450" lon="85.29847"><ele>923</ele><time>2022-11-03T04:04:00Z</time></trkpt>
    <trkpt lat="27.84501" lon="85.29921"><ele>931</ele><time>2022-11-03T04:04:18Z</time></trkpt>
    <trkpt lat="27.84471" lon="85.29967"><ele>934</ele><time>2022-11-03T04:04:36Z</time></trkpt>
    <trkpt lat="27.84510" lon="85.30043"><ele>944</ele><time>2022-11-03T04:04:54Z</time></trkpt>
    <trkpt lat="27.84594" lon="85.30140"><ele>954</ele><time>2022-11-03T04:05:13Z</time></trkpt>
    <trkpt lat="27.84653" lon="85.30217"><ele>959</ele><time>2022-11-03T04:05:32Z</time></trkpt>
    <trkpt lat="27.84704" lon="85.30287"><ele>948</ele><time>2022-11-03T04:05:51Z</time></trkpt>
    <trkpt lat="27.84677" lon="85.30370"><ele>951</ele><time>2022-11-03T04:06:09Z</time></trkpt>
    <trkpt lat="27.84607" lon="85.30467"><ele>945</ele><time>2022-11-03T04:06:27Z</time></trkpt>
    <trkpt lat="27.84543" lon="85.30403"><ele>947</ele><time>2022-11-03T04:06:46Z</time></trkpt>
    <trkpt lat="27.84506" lon="85.30429"><ele>963</ele><time>2022-11-03T04:07:04Z</time></trkpt>
    <trkpt lat="27.84454" lon="85.30505"><ele>962</ele><time>2022-11-03T04:07:22Z</time></trkpt>
    <trkpt lat="27.84378" lon="85.30438"><ele>974</ele><time>2022-11-03T04:07:41Z</time></trkpt>
    <trkpt lat="27.84285" lon="85.30452"><ele>995</ele><time>2022-11-03T04:07:59Z</time></trkpt>
    <trkpt lat="27.84218" lon="85.30434"><ele>998</ele><time>2022-11-03T04:08:18Z</time></trkpt>
    <trkpt lat="27.84161" lon="85.30481"><ele>1004</ele><time>2022-11-03T04:08:36Z</time></trkpt>
    <trkpt lat="27.84079" lon="85.30516"><ele>1006</ele><time>2022-11-03T04:08:55Z</time></trkpt>
    <trkpt lat="27.84031" lon="85.30501"><ele>1009</ele><time>2022-11-03T04:09:14Z</time></trkpt>
    <trkpt lat="27.84015" lon="85.30495"><ele>1011</ele><time>2022-11-03T04:09:32Z</time></trkpt>
    <trkpt lat="27.83959" lon="85.30531"><ele>1012</ele><time>2022-11-03T04:09:51Z</time></trkpt>
    <trkpt lat="27.83895" lon="85.30510"><ele>1014</ele><time>2022-11-03T04:10:09Z</time></trkpt>
    <trkpt lat="27.83816" lon="85.30492"><ele>1023</ele><time>2022-11-03T04:10:27Z</time></trkpt>
    <trkpt lat="27.83779" lon="85.30557"><ele>1034</ele><time>2022-11-03T04:10:45Z</time></trkpt>
    <trkpt lat="27.83800" lon="85.30653"><ele>1047</ele><time>2022-11-03T04:11:04Z</time></trkpt>
    <trkpt lat="27.83755" lon="85.30693"><ele>1064</ele><time>2022-11-03T04:11:23Z</time></trkpt>
    <trkpt lat="27.83700" lon="85.30736"><ele>1069</ele><time>2022-11-03T04:11:42Z</time></trkpt>
    <trkpt lat="27.83659" lon="85.30808"><ele>1076</ele><time>2022-11-03T04:12:00Z</time></trkpt>
    <trkpt lat="27.83619" lon="85.30815"><ele>1082</ele><time>2022-11-03T04:12:19Z</time></trkpt>
    <trkpt lat="27.83581" lon="85.30884"><ele>1093</ele><time>2022-11-03T04:12:38Z</time></trkpt>
    <trkpt lat="27.83583" lon="85.30959"><ele>1107</ele><time>2022-11-03T04:12:56Z</time></trkpt>
    <trkpt lat="27.83607" lon="85.31013"><ele>1111</ele><time>2022-11-03T04:13:14Z</time></trkpt>
    <trkpt lat="27.83705" lon="85.31020"><ele>1111</ele><time>2022-11-03T04:13:32Z</time></trkpt>
    <trkpt lat="27.83790" lon="85.31051"><ele>1122</ele><time>2022-11-03T04:13:50Z</time></trkpt>
    <trkpt lat="27.83745" lon="85.31051"><ele>1144</ele><time>2022-11-03T04:14:09Z</time></trkpt>
    <trkpt lat="27.83726" lon="85.31055"><ele>1156</ele><time>2022-11-03T04:14:27Z</time></trkpt>
    <trkpt lat="27.83803" lon="85.31162"><ele>1159</ele><time>2022-11-03T04:14:46Z</time></trkpt>
    <trkpt lat="27.83823" lon="85.31192"><ele>1162</ele><time>2022-11-03T04:15:04Z</time></trkpt>
    <trkpt lat="27.83853" lon="85.31266"><ele>1174</ele><time>2022-11-03T04:15:23Z</time></trkpt>
    <trkpt lat="27.83962" lon="85.31347"><ele>1196</ele><time>2022-11-03T04:15:41Z</time></trkpt>
    <trkpt lat="27.84046" lon="85.31425"><ele>1199</ele><time>2022-11-03T04:16:00Z</time></trkpt>
    <trkpt lat="27.84148" lon="85.31478"><ele>1213</ele><time>2022-11-03T04:16:19Z</time></trkpt>
    <trkpt lat="27.84166" lon="85.31496"><ele>1222</ele><time>2022-11-03T04:16:38Z</time></trkpt>
    <trkpt lat="27.84227" lon="85.31543"><ele>1232</ele><time>2022-11-03T04:18:06Z</time></trkpt>
    <trkpt lat="27.84182" lon="85.31527"><ele>1243</ele><time>2022-11-03T04:18:25Z</time></trkpt>
    <trkpt lat="27.84106" lon="85.31495"><ele>1247</ele><time>2022-11-03T04:18:43Z</time></trkpt>
    <trkpt lat="27.84097" lon="85.31488"><ele>1252</ele><time>2022-11-03T04:19:02Z</time></trkpt>
    <trkpt lat="27.84088" lon="85.31481"><ele>1250</ele><time>2022-11-03T04:20:16Z</time></trkpt>
    <trkpt lat="27.84004" lon="85.31480"><ele>1253</ele><time>2022-11-03T04:20:34Z</time></trkpt>
    <trkpt lat="27.83953" lon="85.31466"><ele>1261</ele><time>2022-11-03T04:20:52Z</time></trkpt>
    <trkpt lat="27.83929" lon="85.31451"><ele>1268</ele><time>2022-11-03T04:21:10Z</time></trkpt>
    <trkpt lat="27.83919" lon="85.31455"><ele>1269</ele><time>2022-11-03T04:26:06Z</time></trkpt>
    <trkpt lat="27.83941" lon="85.31455"><ele>1266</ele><time>2022-11-03T04:28:33Z</time></trkpt>
    <trkpt lat="27.83926" lon="85.31450"><ele>1272</ele><time>2022-11-03T04:30:33Z</time></trkpt>
    <trkpt lat="27.83859" lon="85.31468"><ele>1279</ele><time>2022-11-03T04:30:51Z</time></trkpt>
    <trkpt lat="27.83752" lon="85.31492"><ele>1290</ele><time>2022-11-03T04:31:10Z</time></trkpt>
    <trkpt lat="27.83662" lon="85.31526"><ele>1291</ele><time>2022-11-03T04:31:29Z</time></trkpt>
    <trkpt lat="27.83583" lon="85.31528"><ele>1300</ele><time>2022-11-03T04:31:47Z</time></trkpt>
    <trkpt lat="27.83542" lon="85.31633"><ele>1309</ele><time>2022-11-03T04:32:06Z</time></trkpt>
    <trkpt lat="27.83513" lon="85.31735"><ele>1319</ele><time>2022-11-03T04:32:25Z</time></trkpt>
    <trkpt lat="27.83519" lon="85.31829"><ele>1332</ele><time>2022-11-03T04:32:43Z</time></trkpt>
    <trkpt lat="27.83467" lon="85.31869"><ele>1335</ele><time>2022-11-03T04:33:02Z</time></trkpt>
    <trkpt lat="27.83423" lon="85.31923"><ele>1352</ele><time>2022-11-03T04:33:20Z</time></trkpt>
    <trkpt lat="27.83346" lon="85.31955"><ele>1355</ele><time>2022-11-03T04:33:39Z</time></trkpt>
    <trkpt lat="27.83298" lon="85.32077"><ele>1370</ele><time>2022-11-03T04:33:58Z</time></trkpt>
    <trkpt lat="27.83216" lon="85.32122"><ele>1379</ele><time>2022-11-03T04:34:16Z</time></trkpt>
    <trkpt lat="27.83121" lon="85.32115"><ele>1386</ele><time>2022-11-03T04:34:34Z</time></trkpt>
    <trkpt lat="27.83058" lon="85.32122"><ele>1396</ele><time>2022-11-03T04:34:53Z</time></trkpt>
    <trkpt lat="27.83138" lon="85.32250"><ele>1403</ele><time>2022-11-03T04:35:12Z</time></trkpt>
    <trkpt lat="27.83295" lon="85.32282"><ele>1420</ele><time>2022-11-03T04:35:30Z</time></trkpt>
    <trkpt lat="27.83395" lon="85.32310"><ele>1443</ele><time>2022-11-03T04:35:49Z</time></trkpt>
    <trkpt lat="27.83496" lon="85.32413"><ele>1452</ele><time>2022-11-03T04:36:07Z</time></trkpt>
    <trkpt lat="27.83444" lon="85.32485"><ele>1460</ele><time>2022-11-03T04:36:25Z</time></trkpt>
    <trkpt lat="27.83325" lon="85.32398"><ele>1465</ele><time>2022-11-03T04:36:44Z</time></trkpt>
    <trkpt lat="27.83225" lon="85.32348"><ele>1468</ele><time>2022-11-03T04:37:02Z</time></trkpt>
    <trkpt lat="27.83066" lon="85.32273"><ele>1489</ele><time>2022-11-03T04:37:21Z</time></trkpt>
    <trkpt lat="27.82967" lon="85.32165"><ele>1502</ele><time>2022-11-03T04:37:39Z</time></trkpt>
    <trkpt lat="27.82858" lon="85.32062"><ele>1513</ele><time>2022-11-03T04:37:58Z</time></trkpt>
    <trkpt lat="27.82779" lon="85.31959"><ele>1518</ele><time>2022-11-03T04:38:16Z</time></trkpt>
    <trkpt lat="27.82871" lon="85.32010"><ele>1526</ele><time>2022-11-03T04:38:35Z</time></trkpt>
    <trkpt lat="27.82901" lon="85.32024"><ele>1539</ele><time>2022-11-03T04:38:54Z</time></trkpt>
    <trkpt lat="27.82796" lon="85.31926"><ele>1548</ele><time>2022-11-03T04:39:13Z</time></trkpt>
    <trkpt lat="27.82862" lon="85.31956"><ele>1558</ele><time>2022-11-03T04:39:31Z</time></trkpt>
    <trkpt lat="27.82858" lon="85.31938"><ele>1565</ele><time>2022-11-03T04:39:50Z</time></trkpt>
    <trkpt lat="27.82783" lon="85.31867"><ele>1576</ele><time>2022-11-03T04:40:09Z</time></trkpt>
    <trkpt lat="27.82733" lon="85.31861"><ele>1592</ele><time>2022-11-03T04:40:28Z</time></trkpt>
    <trkpt lat="27.82774" lon="85.31830"><ele>1603</ele><time>2022-11-03T04:40:46Z</time></trkpt>
    <trkpt lat="27.82672" lon="85.31843"><ele>1612</ele><time>2022-11-03T04:41:04Z</time></trkpt>
    <trkpt lat="27.82546" lon="85.31762"><ele>1622</ele><time>2022-11-03T04:41:22Z</time></trkpt>
    <trkpt lat="27.82447" lon="85.31725"><ele>1627</ele><time>2022-11-03T04:41:40Z</time></trkpt>
    <trkpt lat="27.82333" lon="85.31717"><ele>1636</ele><time>2022-11-03T04:41:58Z</time></trkpt>
    <trkpt lat="27.82213" lon="85.31721"><ele>1644</ele><time>2022-11-03T04:42:17Z</time></trkpt>
    <trkpt lat="27.82123" lon="85.31683"><ele>1652</ele><time>2022-11-03T04:42:35Z</time></trkpt>
    <trkpt lat="27.82025" lon="85.31588"><ele>1657</ele><time>2022-11-03T04:42:53Z</time></trkpt>
    <trkpt lat="27.81962" lon="85.31479"><ele>1664</ele><time>2022-11-03T04:43:11Z</time></trkpt>
    <trkpt lat="27.81860" lon="85.31444"><ele>1673</ele><time>2022-11-03T04:43:29Z</time></trkpt>
    <trkpt lat="27.81943" lon="85.31402"><ele>1684</ele><time>2022-11-03T04:43:48Z</time></trkpt>
    <trkpt lat="27.81837" lon="85.31331"><ele>1684</ele><time>2022-11-03T04:44:06Z</time></trkpt>
    <trkpt lat="27.81749" lon="85.31332"><ele>1684</ele><time>2022-11-03T04:44:25Z</time></trkpt>
    <trkpt lat="27.81718" lon="85.31461"><ele>1702</ele><time>2022-11-03T04:44:44Z</time></trkpt>
    <trkpt lat="27.81710" lon="85.31557"><ele>1690</ele><time>2022-11-03T04:45:03Z</time></trkpt>
    <trkpt lat="27.81658" lon="85.31663"><ele>1702</ele><time>2022-11-03T04:45:22Z</time></trkpt>
    <trkpt lat="27.81590" lon="85.31753"><ele>1713</ele><time>2022-11-03T04:45:41Z</time></trkpt>
    <trkpt lat="27.81585" lon="85.31852"><ele>1712</ele><time>2022-11-03T04:45:59Z</time></trkpt>
    <trkpt lat="27.81651" lon="85.31980"><ele>1725</ele><time>2022-11-03T04:46:18Z</time></trkpt>
    <trkpt lat="27.81657" lon="85.32071"><ele>1733</ele><time>2022-11-03T04:46:37Z</time></trkpt>
    <trkpt lat="27.81691" lon="85.32244"><ele>1746</ele><time>2022-11-03T04:46:56Z</time></trkpt>
    <trkpt lat="27.81704" lon="85.32398"><ele>1755</ele><time>2022-11-03T04:47:14Z</time></trkpt>
    <trkpt lat="27.81752" lon="85.32487"><ele>1765</ele><time>2022-11-03T04:47:33Z</time></trkpt>
    <trkpt lat="27.81705" lon="85.32455"><ele>1766</ele><time>2022-11-03T04:56:03Z</time></trkpt>
    <trkpt lat="27.81623" lon="85.32320"><ele>1779</ele><time>2022-11-03T04:56:22Z</time></trkpt>
    <trkpt lat="27.81592" lon="85.32251"><ele>1788</ele><time>2022-11-03T04:56:41Z</time></trkpt>
    <trkpt lat="27.81572" lon="85.32266"><ele>1797</ele><time>2022-11-03T04:57:00Z</time></trkpt>
    <trkpt lat="27.81565" lon="85.32109"><ele>1814</ele><time>2022-11-03T04:57:19Z</time></trkpt>
    <trkpt lat="27.81504" lon="85.31990"><ele>1827</ele><time>2022-11-03T04:57:37Z</time></trkpt>
    <trkpt lat="27.81447" lon="85.31868"><ele>1834</ele><time>2022-11-03T04:57:56Z</time></trkpt>
    <trkpt lat="27.81442" lon="85.31756"><ele>1847</ele><time>2022-11-03T04:58:15Z</time></trkpt>
    <trkpt lat="27.81406" lon="85.31612"><ele>1865</ele><time>2022-11-03T04:58:34Z</time></trkpt>
    <trkpt lat="27.81365" lon="85.31591"><ele>1876</ele><time>2022-11-03T04:58:52Z</time></trkpt>
    <trkpt lat="27.81411" lon="85.31693"><ele>1876</ele><time>2022-11-03T04:59:11Z</time></trkpt>
    <trkpt lat="27.81397" lon="85.31786"><ele>1879</ele><time>2022-11-03T04:59:30Z</time></trkpt>
    <trkpt lat="27.81349" lon="85.31693"><ele>1878</ele><time>2022-11-03T04:59:49Z</time></trkpt>
    <trkpt lat="27.81281" lon="85.31629"><ele>1866</ele><time>2022-11-03T05:00:07Z</time></trkpt>
    <trkpt lat="27.81224" lon="85.31596"><ele>1858</ele><time>2022-11-03T05:00:25Z</time></trkpt>
    <trkpt lat="27.81156" lon="85.31570"><ele>1849</ele><time>2022-11-03T05:00:44Z</time></trkpt>
    <trkpt lat="27.81011" lon="85.31588"><ele>1824</ele><time>2022-11-03T05:01:03Z</time></trkpt>
    <trkpt lat="27.80945" lon="85.31589"><ele>1812</ele><time>2022-11-03T05:01:21Z</time></trkpt>
    <trkpt lat="27.80835" lon="85.31611"><ele>1794</ele><time>2022-11-03T05:01:39Z</time></trkpt>
    <trkpt lat="27.80756" lon="85.31679"><ele>1774</ele><time>2022-11-03T05:01:58Z</time></trkpt>
    <trkpt lat="27.80663" lon="85.31714"><ele>1755</ele><time>2022-11-03T05:02:16Z</time></trkpt>
    <trkpt lat="27.80600" lon="85.31798"><ele>1743</ele><time>2022-11-03T05:02:35Z</time></trkpt>
    <trkpt lat="27.80483" lon="85.31844"><ele>1720</ele><time>2022-11-03T05:02:54Z</time></trkpt>
    <trkpt lat="27.80427" lon="85.31920"><ele>1695</ele><time>2022-11-03T05:03:13Z</time></trkpt>
    <trkpt lat="27.80322" lon="85.31910"><ele>1669</ele><time>2022-11-03T05:03:32Z</time></trkpt>
    <trkpt lat="27.80220" lon="85.31895"><ele>1653</ele><time>2022-11-03T05:03:50Z</time></trkpt>
    <trkpt lat="27.80164" lon="85.31841"><ele>1638</ele><time>2022-11-03T05:04:09Z</time></trkpt>
    <trkpt lat="27.80212" lon="85.31930"><ele>1631</ele><time>2022-11-03T05:04:27Z</time></trkpt>
    <trkpt lat="27.80258" lon="85.32094"><ele>1616</ele><time>2022-11-03T05:04:46Z</time></trkpt>
    <trkpt lat="27.80358" lon="85.32170"><ele>1604</ele><time>2022-11-03T05:05:05Z</time></trkpt>
    <trkpt lat="27.80230" lon="85.32220"><ele>1587</ele><time>2022-11-03T05:05:23Z</time></trkpt>
    <trkpt lat="27.80197" lon="85.32329"><ele>1571</ele><time>2022-11-03T05:05:41Z</time></trkpt>
    <trkpt lat="27.80201" lon="85.32435"><ele>1557</ele><time>2022-11-03T05:06:00Z</time></trkpt>
    <trkpt lat="27.80158" lon="85.32575"><ele>1537</ele><time>2022-11-03T05:06:18Z</time></trkpt>
    <trkpt lat="27.80130" lon="85.32726"><ele>1528</ele><time>2022-11-03T05:06:37Z</time></trkpt>
    <trkpt lat="27.80101" lon="85.32821"><ele>1514</ele><time>2022-11-03T05:06:55Z</time></trkpt>
    <trkpt lat="27.80050" lon="85.32961"><ele>1499</ele><time>2022-11-03T05:07:14Z</time></trkpt>
    <trkpt lat="27.79958" lon="85.33017"><ele>1486</ele><time>2022-11-03T05:07:32Z</time></trkpt>
    <trkpt lat="27.79771" lon="85.32970"><ele>1461</ele><time>2022-11-03T05:07:51Z</time></trkpt>
    <trkpt lat="27.79605" lon="85.32956"><ele>1449</ele><time>2022-11-03T05:08:10Z</time></trkpt>
    <trkpt lat="27.79449" lon="85.32990"><ele>1442</ele><time>2022-11-03T05:08:28Z</time></trkpt>
    <trkpt lat="27.79314" lon="85.33004"><ele>1436</ele><time>2022-11-03T05:08:46Z</time></trkpt>
    <trkpt lat="27.79163" lon="85.33029"><ele>1426</ele><time>2022-11-03T05:09:05Z</time></trkpt>
    <trkpt lat="27.79071" lon="85.33009"><ele>1418</ele><time>2022-11-03T05:09:23Z</time></trkpt>
    <trkpt lat="27.78932" lon="85.33033"><ele>1406</ele><time>2022-11-03T05:09:42Z</time></trkpt>
    <trkpt lat="27.78776" lon="85.32986"><ele>1398</ele><time>2022-11-03T05:10:01Z</time></trkpt>
    <trkpt lat="27.78704" lon="85.32889"><ele>1388</ele><time>2022-11-03T05:10:20Z</time></trkpt>
    <trkpt lat="27.78564" lon="85.32780"><ele>1382</ele><time>2022-11-03T05:10:39Z</time></trkpt>
    <trkpt lat="27.78459" lon="85.32653"><ele>1380</ele><time>2022-11-03T05:10:57Z</time></trkpt>
    <trkpt lat="27.78357" lon="85.32596"><ele>1375</ele><time>2022-11-03T05:11:16Z</time></trkpt>
    <trkpt lat="27.78227" lon="85.32500"><ele>1372</ele><time>2022-11-03T05:11:34Z</time></trkpt>
    <trkpt lat="27.78052" lon="85.32517"><ele>1374</ele><time>2022-11-03T05:11:53Z</time></trkpt>
    <trkpt lat="27.77884" lon="85.32561"><ele>1376</ele><time>2022-11-03T05:12:12Z</time></trkpt>
    <trkpt lat="27.77750" lon="85.32622"><ele>1378</ele><time>2022-11-03T05:12:30Z</time></trkpt>
    <trkpt lat="27.77604" lon="85.32754"><ele>1371</ele><time>2022-11-03T05:12:49Z</time></trkpt>
    <trkpt lat="27.77529" lon="85.32883"><ele>1368</ele><time>2022-11-03T05:13:08Z</time></trkpt>
    <trkpt lat="27.77463" lon="85.32979"><ele>1355</ele><time>2022-11-03T05:13:26Z</time></trkpt>
    <trkpt lat="27.77369" lon="85.33044"><ele>1348</ele><time>2022-11-03T05:13:44Z</time></trkpt>
    <trkpt lat="27.77268" lon="85.33026"><ele>1344</ele><time>2022-11-03T05:14:03Z</time></trkpt>
    <trkpt lat="27.77186" lon="85.33007"><ele>1339</ele><time>2022-11-03T05:14:22Z</time></trkpt>
    <trkpt lat="27.77082" lon="85.32950"><ele>1333</ele><time>2022-11-03T05:14:41Z</time></trkpt>
    <trkpt lat="27.76990" lon="85.32928"><ele>1343</ele><time>2022-11-03T05:14:59Z</time></trkpt>
    <trkpt lat="27.76898" lon="85.32994"><ele>1351</ele><time>2022-11-03T05:15:18Z</time></trkpt>
    <trkpt lat="27.76833" lon="85.33022"><ele>1350</ele><time>2022-11-03T05:15:37Z</time></trkpt>
    <trkpt lat="27.76767" lon="85.33027"><ele>1354</ele><time>2022-11-03T05:15:56Z</time></trkpt>
    <trkpt lat="27.76725" lon="85.33036"><ele>1359</ele><time>2022-11-03T05:16:15Z</time></trkpt>
    <trkpt lat="27.76670" lon="85.33051"><ele>1357</ele><time>2022-11-03T05:16:34Z</time></trkpt>
    <trkpt lat="27.76618" lon="85.33059"><ele>1375</ele><time>2022-11-03T05:16:52Z</time></trkpt>
    <trkpt lat="27.76529" lon="85.33052"><ele>1371</ele><time>2022-11-03T05:17:10Z</time></trkpt>
    <trkpt lat="27.76430" lon="85.33034"><ele>1370</ele><time>2022-11-03T05:17:28Z</time></trkpt>
    <trkpt lat="27.76301" lon="85.33056"><ele>1362</ele><time>2022-11-03T05:17:47Z</time></trkpt>
    <trkpt lat="27.76172" lon="85.33020"><ele>1360</ele><time>2022-11-03T05:18:06Z</time></trkpt>
    <trkpt lat="27.76052" lon="85.32949"><ele>1355</ele><time>2022-11-03T05:18:24Z</time></trkpt>
    <trkpt lat="27.75965" lon="85.32883"><ele>1354</ele><time>2022-11-03T05:18:42Z</time></trkpt>
    <trkpt lat="27.75911" lon="85.32811"><ele>1353</ele><time>2022-11-03T05:19:00Z</time></trkpt>
    <trkpt lat="27.75820" lon="85.32758"><ele>1349</ele><time>2022-11-03T05:19:18Z</time></trkpt>
    <trkpt lat="27.75697" lon="85.32693"><ele>1344</ele><time>2022-11-03T05:19:37Z</time></trkpt>
    <trkpt lat="27.75636" lon="85.32611"><ele>1340</ele><time>2022-11-03T05:19:55Z</time></trkpt>
    <trkpt lat="27.75608" lon="85.32739"><ele>1334</ele><time>2022-11-03T05:20:14Z</time></trkpt>
    <trkpt lat="27.75539" lon="85.32822"><ele>1328</ele><time>2022-11-03T05:20:33Z</time></trkpt>
    <trkpt lat="27.75466" lon="85.32803"><ele>1322</ele><time>2022-11-03T05:20:52Z</time></trkpt>
    <trkpt lat="27.75368" lon="85.32749"><ele>1306</ele><time>2022-11-03T05:21:10Z</time></trkpt>
    <trkpt lat="27.75279" lon="85.32702"><ele>1301</ele><time>2022-11-03T05:21:29Z</time></trkpt>
    <trkpt lat="27.75214" lon="85.32654"><ele>1301</ele><time>2022-11-03T05:21:47Z</time></trkpt>
    <trkpt lat="27.75133" lon="85.32570"><ele>1306</ele><time>2022-11-03T05:22:06Z</time></trkpt>
    <trkpt lat="27.75027" lon="85.32531"><ele>1300</ele><time>2022-11-03T05:22:25Z</time></trkpt>
    <trkpt lat="27.74917" lon="85.32493"><ele>1303</ele><time>2022-11-03T05:22:44Z</time></trkpt>
    <trkpt lat="27.74799" lon="85.32472"><ele>1306</ele><time>2022-11-03T05:23:02Z</time></trkpt>
    <trkpt lat="27.74759" lon="85.32447"><ele>1301</ele><time>2022-11-03T05:23:21Z</time></trkpt>
    <trkpt lat="27.74749" lon="85.32451"><ele>1306</ele><time>2022-11-03T05:24:01Z</time></trkpt>
    <trkpt lat="27.74665" lon="85.32409"><ele>1313</ele><time>2022-11-03T05:24:20Z</time></trkpt>
    <trkpt lat="27.74574" lon="85.32362"><ele>1307</ele><time>2022-11-03T05:24:39Z</time></trkpt>
    <trkpt lat="27.74488" lon="85.32300"><ele>1304</ele><time>2022-11-03T05:24:57Z</time></trkpt>
    <trkpt lat="27.74398" lon="85.32242"><ele>1303</ele><time>2022-11-03T05:25:16Z</time></trkpt>
    <trkpt lat="27.74322" lon="85.32235"><ele>1300</ele><time>2022-11-03T05:25:34Z</time></trkpt>
    <trkpt lat="27.74217" lon="85.32222"><ele>1304</ele><time>2022-11-03T05:25:53Z</time></trkpt>
    <trkpt lat="27.74174" lon="85.32184"><ele>1296</ele><time>2022-11-03T05:26:12Z</time></trkpt>
    <trkpt lat="27.74092" lon="85.32146"><ele>1298</ele><time>2022-11-03T05:26:30Z</time></trkpt>
    <trkpt lat="27.74031" lon="85.32122"><ele>1299</ele><time>2022-11-03T05:26:49Z</time></trkpt>
    <trkpt lat="27.73936" lon="85.32076"><ele>1298</ele><time>2022-11-03T05:27:07Z</time></trkpt>
    <trkpt lat="27.73809" lon="85.31985"><ele>1302</ele><time>2022-11-03T05:27:26Z</time></trkpt>
    <trkpt lat="27.73719" lon="85.31943"><ele>1299</ele><time>2022-11-03T05:27:45Z</time></trkpt>
    <trkpt lat="27.73626" lon="85.31890"><ele>1299</ele><time>2022-11-03T05:28:03Z</time></trkpt>
    <trkpt lat="27.73562" lon="85.31847"><ele>1304</ele><time>2022-11-03T05:28:22Z</time></trkpt>
    <trkpt lat="27.73534" lon="85.31839"><ele>1302</ele><time>2022-11-03T05:28:40Z</time></trkpt>
    <trkpt lat="27.73531" lon="85.31973"><ele>1307</ele><time>2022-11-03T05:28:59Z</time></trkpt>
    <trkpt lat="27.73582" lon="85.32126"><ele>1303</ele><time>2022-11-03T05:29:18Z</time></trkpt>
    <trkpt lat="27.73596" lon="85.32217"><ele>1302</ele><time>2022-11-03T05:29:36Z</time></trkpt>
    <trkpt lat="27.73503" lon="85.32211"><ele>1305</ele><time>2022-11-03T05:29:54Z</time></trkpt>
    <trkpt lat="27.73458" lon="85.32244"><ele>1308</ele><time>2022-11-03T05:30:12Z</time></trkpt>
    <trkpt lat="27.73392" lon="85.32267"><ele>1304</ele><time>2022-11-03T05:30:31Z</time></trkpt>
    <trkpt lat="27.73275" lon="85.32267"><ele>1303</ele><time>2022-11-03T05:30:50Z</time></trkpt>
    <trkpt lat="27.73200" lon="85.32380"><ele>1310</ele><time>2022-11-03T05:31:09Z</time></trkpt>
    <trkpt lat="27.73210" lon="85.32398"><ele>1315</ele><time>2022-11-03T05:31:28Z</time></trkpt>
    <trkpt lat="27.73194" lon="85.32543"><ele>1313</ele><time>2022-11-03T05:31:47Z</time></trkpt>
    <trkpt lat="27.73170" lon="85.32651"><ele>1320</ele><time>2022-11-03T05:32:05Z</time></trkpt>
    <trkpt lat="27.73153" lon="85.32702"><ele>1320</ele><time>2022-11-03T05:32:23Z</time></trkpt>
    <trkpt lat="27.73031" lon="85.32567"><ele>1318</ele><time>2022-11-03T05:32:42Z</time></trkpt>
    <trkpt lat="27.72886" lon="85.32496"><ele>1320</ele><time>2022-11-03T05:33:00Z</time></trkpt>
    <trkpt lat="27.72781" lon="85.32396"><ele>1316</ele><time>2022-11-03T05:33:19Z</time></trkpt>
    <trkpt lat="27.72635" lon="85.32326"><ele>1311</ele><time>2022-11-03T05:33:37Z</time></trkpt>
    <trkpt lat="27.72550" lon="85.32285"><ele>1307</ele><time>2022-11-03T05:33:55Z</time></trkpt>
    <trkpt lat="27.72442" lon="85.32236"><ele>1303</ele><time>2022-11-03T05:34:13Z</time></trkpt>
    <trkpt lat="27.72328" lon="85.32154"><ele>1302</ele><time>2022-11-03T05:34:32Z</time></trkpt>
    <trkpt lat="27.72261" lon="85.32108"><ele>1309</ele><time>2022-11-03T05:34:50Z</time></trkpt>
    <trkpt lat="27.72157" lon="85.32037"><ele>1307</ele><time>2022-11-03T05:35:08Z</time></trkpt>
    <trkpt lat="27.72071" lon="85.31963"><ele>1304</ele><time>2022-11-03T05:35:27Z</time></trkpt>
    <trkpt lat="27.72007" lon="85.31900"><ele>1308</ele><time>2022-11-03T05:35:45Z</time></trkpt>
    <trkpt lat="27.71925" lon="85.31818"><ele>1305</ele><time>2022-11-03T05:36:03Z</time></trkpt>
    <trkpt lat="27.71852" lon="85.31749"><ele>1302</ele><time>2022-11-03T05:36:21Z</time></trkpt>
    <trkpt lat="27.71806" lon="85.31827"><ele>1302</ele><time>2022-11-03T05:36:40Z</time></trkpt>
    <trkpt lat="27.71797" lon="85.32004"><ele>1303</ele><time>2022-11-03T05:36:58Z</time></trkpt>
    <trkpt lat="27.71784" lon="85.32215"><ele>1298</ele><time>2022-11-03T05:37:17Z</time></trkpt>
    <trkpt lat="27.71780" lon="85.32323"><ele>1303</ele><time>2022-11-03T05:37:35Z</time></trkpt>
    <trkpt lat="27.71749" lon="85.32437"><ele>1294</ele><time>2022-11-03T05:37:54Z</time></trkpt>
    <trkpt lat="27.71709" lon="85.32488"><ele>1290</ele><time>2022-11-03T05:38:12Z</time></trkpt>
    <trkpt lat="27.71607" lon="85.32455"><ele>1296</ele><time>2022-11-03T05:38:30Z</time></trkpt>
    <trkpt lat="27.71427" lon="85.32410"><ele>1295</ele><time>2022-11-03T05:38:48Z</time></trkpt>
    <trkpt lat="27.71344" lon="85.32372"><ele>1291</ele><time>2022-11-03T05:39:07Z</time></trkpt>
    <trkpt lat="27.71362" lon="85.32269"><ele>1288</ele><time>2022-11-03T05:39:25Z</time></trkpt>
    <trkpt lat="27.71324" lon="85.32206"><ele>1289</ele><time>2022-11-03T05:39:44Z</time></trkpt>
    <trkpt lat="27.71159" lon="85.32221"><ele>1296</ele><time>2022-11-03T05:40:03Z</time></trkpt>
    <trkpt lat="27.71058" lon="85.32197"><ele>1298</ele><time>2022-11-03T05:40:21Z</time></trkpt>
    <trkpt lat="27.71031" lon="85.32311"><ele>1301</ele><time>2022-11-03T05:40:40Z</time></trkpt>
    <trkpt lat="27.71086" lon="85.32333"><ele>1301</ele><time>2022-11-03T05:40:58Z</time></trkpt>
  </trkseg>
</trk>
</gpx>